solid OpenSCAD_Model
  facet normal -1 0 0
    outer loop
      vertex -82 -32 0
      vertex -82 60 11
      vertex -82 60 0
    endloop
  endfacet
  facet normal -1 -0 0
    outer loop
      vertex -82 60 11
      vertex -82 -32 0
      vertex -82 -32 11
    endloop
  endfacet
  facet normal 0 0 1
    outer loop
      vertex 82 60 11
      vertex 76 54 11
      vertex 82 -32 11
    endloop
  endfacet
  facet normal 0 0 1
    outer loop
      vertex 82 60 11
      vertex -76 54 11
      vertex 76 54 11
    endloop
  endfacet
  facet normal -0 0 1
    outer loop
      vertex -82 60 11
      vertex -76 54 11
      vertex 82 60 11
    endloop
  endfacet
  facet normal 0 0 1
    outer loop
      vertex -82 -32 11
      vertex -76 54 11
      vertex -82 60 11
    endloop
  endfacet
  facet normal 0 0 1
    outer loop
      vertex -76 54 11
      vertex -82 -32 11
      vertex -76 -32 11
    endloop
  endfacet
  facet normal 0 0 1
    outer loop
      vertex 82 -32 11
      vertex 76 54 11
      vertex 76 -32 11
    endloop
  endfacet
  facet normal 1 -0 0
    outer loop
      vertex 82 -32 11
      vertex 82 60 0
      vertex 82 60 11
    endloop
  endfacet
  facet normal 1 0 0
    outer loop
      vertex 82 60 0
      vertex 82 -32 11
      vertex 82 -32 0
    endloop
  endfacet
  facet normal 0 1 -0
    outer loop
      vertex 82 60 0
      vertex -82 60 11
      vertex 82 60 11
    endloop
  endfacet
  facet normal 0 1 0
    outer loop
      vertex -82 60 11
      vertex 82 60 0
      vertex -82 60 0
    endloop
  endfacet
  facet normal -0 0 -1
    outer loop
      vertex -19.0813 15.1744 0
      vertex -32.405 4.76262 0
      vertex -19.0817 15.1777 0
    endloop
  endfacet
  facet normal 0 0 -1
    outer loop
      vertex -19.19 26 0
      vertex -30.9183 44.1777 0
      vertex -30.81 45 0
    endloop
  endfacet
  facet normal 0 0 -1
    outer loop
      vertex -33.1713 5.08002 0
      vertex -19.0817 15.1777 0
      vertex -32.405 4.76262 0
    endloop
  endfacet
  facet normal 0 0 -1
    outer loop
      vertex -19.19 26 0
      vertex -30.9187 44.1744 0
      vertex -30.9183 44.1777 0
    endloop
  endfacet
  facet normal -0 0 -1
    outer loop
      vertex -19.0817 15.1777 0
      vertex -33.1713 5.08002 0
      vertex -19.19 16 0
    endloop
  endfacet
  facet normal 0 0 -1
    outer loop
      vertex -19.19 26 0
      vertex -30.92 44.1713 0
      vertex -30.9187 44.1744 0
    endloop
  endfacet
  facet normal 0 0 -1
    outer loop
      vertex -33.1744 5.0813 0
      vertex -19.19 16 0
      vertex -33.1713 5.08002 0
    endloop
  endfacet
  facet normal 0 0 -1
    outer loop
      vertex -19.19 26 0
      vertex -31.2374 43.405 0
      vertex -30.92 44.1713 0
    endloop
  endfacet
  facet normal 0 0 -1
    outer loop
      vertex -33.1777 5.08174 0
      vertex -19.19 16 0
      vertex -33.1744 5.0813 0
    endloop
  endfacet
  facet normal 0 0 -1
    outer loop
      vertex -19.19 26 0
      vertex -31.2394 43.4023 0
      vertex -31.2374 43.405 0
    endloop
  endfacet
  facet normal 0 0 -1
    outer loop
      vertex -34 5.19 0
      vertex -19.19 16 0
      vertex -33.1777 5.08174 0
    endloop
  endfacet
  facet normal 0 0 -1
    outer loop
      vertex -19.19 26 0
      vertex -31.7443 42.7443 0
      vertex -31.2394 43.4023 0
    endloop
  endfacet
  facet normal -0 0 -1
    outer loop
      vertex -19.19 16 0
      vertex -34 5.19 0
      vertex -19.0817 16.8223 0
    endloop
  endfacet
  facet normal 0 0 -1
    outer loop
      vertex -19.19 26 0
      vertex -32.4023 42.2394 0
      vertex -31.7443 42.7443 0
    endloop
  endfacet
  facet normal -0 0 -1
    outer loop
      vertex -19.0817 16.8223 0
      vertex -34 5.19 0
      vertex -19.0813 16.8256 0
    endloop
  endfacet
  facet normal 0 0 -1
    outer loop
      vertex -19.19 26 0
      vertex -32.405 42.2374 0
      vertex -32.4023 42.2394 0
    endloop
  endfacet
  facet normal -0 0 -1
    outer loop
      vertex -19.0813 16.8256 0
      vertex -34 5.19 0
      vertex -19.0813 25.1744 0
    endloop
  endfacet
  facet normal 0 0 -1
    outer loop
      vertex -19.19 26 0
      vertex -33.1713 41.92 0
      vertex -32.405 42.2374 0
    endloop
  endfacet
  facet normal -0 0 -1
    outer loop
      vertex -19.0813 25.1744 0
      vertex -34 5.19 0
      vertex -19.0817 25.1777 0
    endloop
  endfacet
  facet normal 0 0 -1
    outer loop
      vertex -19.19 26 0
      vertex -33.1744 41.9187 0
      vertex -33.1713 41.92 0
    endloop
  endfacet
  facet normal 0 0 -1
    outer loop
      vertex -34.8223 5.08174 0
      vertex -19.0817 25.1777 0
      vertex -34 5.19 0
    endloop
  endfacet
  facet normal 0 0 -1
    outer loop
      vertex -19.19 26 0
      vertex -33.1777 41.9183 0
      vertex -33.1744 41.9187 0
    endloop
  endfacet
  facet normal -0 0 -1
    outer loop
      vertex -19.0817 25.1777 0
      vertex -34.8223 5.08174 0
      vertex -19.19 26 0
    endloop
  endfacet
  facet normal 0 0 -1
    outer loop
      vertex -19.19 26 0
      vertex -34 41.81 0
      vertex -33.1777 41.9183 0
    endloop
  endfacet
  facet normal 0 0 -1
    outer loop
      vertex -34.8256 5.0813 0
      vertex -19.19 26 0
      vertex -34.8223 5.08174 0
    endloop
  endfacet
  facet normal 0 0 -1
    outer loop
      vertex -19.19 26 0
      vertex -34.8223 41.9183 0
      vertex -34 41.81 0
    endloop
  endfacet
  facet normal 0 0 -1
    outer loop
      vertex -34.8256 41.9187 0
      vertex -19.19 26 0
      vertex -34.8256 5.0813 0
    endloop
  endfacet
  facet normal 0 0 -1
    outer loop
      vertex -19.19 26 0
      vertex -34.8256 41.9187 0
      vertex -34.8223 41.9183 0
    endloop
  endfacet
  facet normal 0 0 -1
    outer loop
      vertex -34.8287 5.08002 0
      vertex -34.8256 41.9187 0
      vertex -34.8256 5.0813 0
    endloop
  endfacet
  facet normal 0 0 -1
    outer loop
      vertex -34.8287 5.08002 0
      vertex -34.8287 41.92 0
      vertex -34.8256 41.9187 0
    endloop
  endfacet
  facet normal 0 0 -1
    outer loop
      vertex -35.595 4.76262 0
      vertex -34.8287 41.92 0
      vertex -34.8287 5.08002 0
    endloop
  endfacet
  facet normal 0 0 -1
    outer loop
      vertex -35.595 4.76262 0
      vertex -35.595 42.2374 0
      vertex -34.8287 41.92 0
    endloop
  endfacet
  facet normal 0 0 -1
    outer loop
      vertex -35.5977 4.76058 0
      vertex -35.595 42.2374 0
      vertex -35.595 4.76262 0
    endloop
  endfacet
  facet normal 0 0 -1
    outer loop
      vertex -35.5977 4.76058 0
      vertex -35.5977 42.2394 0
      vertex -35.595 42.2374 0
    endloop
  endfacet
  facet normal 0 0 -1
    outer loop
      vertex -36.2557 4.25567 0
      vertex -35.5977 42.2394 0
      vertex -35.5977 4.76058 0
    endloop
  endfacet
  facet normal 0 0 -1
    outer loop
      vertex -36.2557 4.25567 0
      vertex -36.2557 42.7443 0
      vertex -35.5977 42.2394 0
    endloop
  endfacet
  facet normal 0 0 -1
    outer loop
      vertex -36.7606 3.59766 0
      vertex -36.2557 42.7443 0
      vertex -36.2557 4.25567 0
    endloop
  endfacet
  facet normal 0 0 -1
    outer loop
      vertex -36.7606 3.59766 0
      vertex -36.7606 43.4023 0
      vertex -36.2557 42.7443 0
    endloop
  endfacet
  facet normal 0 0 -1
    outer loop
      vertex -36.7626 3.595 0
      vertex -36.7606 43.4023 0
      vertex -36.7606 3.59766 0
    endloop
  endfacet
  facet normal 0 0 -1
    outer loop
      vertex -36.7626 3.595 0
      vertex -36.7626 43.405 0
      vertex -36.7606 43.4023 0
    endloop
  endfacet
  facet normal 0 0 -1
    outer loop
      vertex -82 60 0
      vertex -36.7626 3.595 0
      vertex -37.08 2.82873 0
    endloop
  endfacet
  facet normal 0 0 -1
    outer loop
      vertex -36.7626 3.595 0
      vertex -82 60 0
      vertex -36.7626 43.405 0
    endloop
  endfacet
  facet normal 0 0 -1
    outer loop
      vertex -82 60 0
      vertex -37.08 2.82873 0
      vertex -37.0813 2.82563 0
    endloop
  endfacet
  facet normal 0 0 -1
    outer loop
      vertex -36.7626 43.405 0
      vertex -82 60 0
      vertex -37.08 44.1713 0
    endloop
  endfacet
  facet normal 0 0 -1
    outer loop
      vertex -82 -32 0
      vertex -37.0813 2.82563 0
      vertex -37.0817 2.8223 0
    endloop
  endfacet
  facet normal 0 0 -1
    outer loop
      vertex -37.08 44.1713 0
      vertex -82 60 0
      vertex -37.0813 44.1744 0
    endloop
  endfacet
  facet normal 0 0 -1
    outer loop
      vertex -82 -32 0
      vertex -37.0817 2.8223 0
      vertex -37.19 2 0
    endloop
  endfacet
  facet normal 0 0 -1
    outer loop
      vertex -37.0813 44.1744 0
      vertex -82 60 0
      vertex -37.0817 44.1777 0
    endloop
  endfacet
  facet normal 0 0 -1
    outer loop
      vertex 12.9187 16.8256 0
      vertex -12.9187 16.8256 0
      vertex 12.9187 25.1744 0
    endloop
  endfacet
  facet normal 0 0 -1
    outer loop
      vertex 12.9187 25.1744 0
      vertex -12.9183 25.1777 0
      vertex -12.81 26 0
    endloop
  endfacet
  facet normal 0 0 -1
    outer loop
      vertex -12.9187 25.1744 0
      vertex 12.9187 25.1744 0
      vertex -12.9187 16.8256 0
    endloop
  endfacet
  facet normal 0 0 -1
    outer loop
      vertex 12.9187 25.1744 0
      vertex -12.9187 25.1744 0
      vertex -12.9183 25.1777 0
    endloop
  endfacet
  facet normal 0 0 -1
    outer loop
      vertex -12.92 16.8287 0
      vertex -12.9187 25.1744 0
      vertex -12.9187 16.8256 0
    endloop
  endfacet
  facet normal 0 0 -1
    outer loop
      vertex -12.92 16.8287 0
      vertex -12.92 25.1713 0
      vertex -12.9187 25.1744 0
    endloop
  endfacet
  facet normal 0 0 -1
    outer loop
      vertex -13.2374 17.595 0
      vertex -12.92 25.1713 0
      vertex -12.92 16.8287 0
    endloop
  endfacet
  facet normal 0 0 -1
    outer loop
      vertex -13.2374 17.595 0
      vertex -13.2374 24.405 0
      vertex -12.92 25.1713 0
    endloop
  endfacet
  facet normal 0 0 -1
    outer loop
      vertex -13.2394 17.5977 0
      vertex -13.2374 24.405 0
      vertex -13.2374 17.595 0
    endloop
  endfacet
  facet normal 0 0 -1
    outer loop
      vertex -13.2394 17.5977 0
      vertex -13.2394 24.4023 0
      vertex -13.2374 24.405 0
    endloop
  endfacet
  facet normal 0 0 -1
    outer loop
      vertex -13.7443 18.2557 0
      vertex -13.2394 24.4023 0
      vertex -13.2394 17.5977 0
    endloop
  endfacet
  facet normal 0 0 -1
    outer loop
      vertex -13.7443 18.2557 0
      vertex -13.7443 23.7443 0
      vertex -13.2394 24.4023 0
    endloop
  endfacet
  facet normal 0 0 -1
    outer loop
      vertex -14.4023 18.7606 0
      vertex -13.7443 23.7443 0
      vertex -13.7443 18.2557 0
    endloop
  endfacet
  facet normal 0 0 -1
    outer loop
      vertex -14.4023 18.7606 0
      vertex -14.4023 23.2394 0
      vertex -13.7443 23.7443 0
    endloop
  endfacet
  facet normal 0 0 -1
    outer loop
      vertex -14.405 18.7626 0
      vertex -14.4023 23.2394 0
      vertex -14.4023 18.7606 0
    endloop
  endfacet
  facet normal 0 0 -1
    outer loop
      vertex -14.405 18.7626 0
      vertex -14.405 23.2374 0
      vertex -14.4023 23.2394 0
    endloop
  endfacet
  facet normal 0 0 -1
    outer loop
      vertex -15.1713 19.08 0
      vertex -14.405 23.2374 0
      vertex -14.405 18.7626 0
    endloop
  endfacet
  facet normal 0 0 -1
    outer loop
      vertex -15.1713 19.08 0
      vertex -15.1713 22.92 0
      vertex -14.405 23.2374 0
    endloop
  endfacet
  facet normal 0 0 -1
    outer loop
      vertex -15.1744 19.0813 0
      vertex -15.1713 22.92 0
      vertex -15.1713 19.08 0
    endloop
  endfacet
  facet normal 0 0 -1
    outer loop
      vertex -15.1744 19.0813 0
      vertex -15.1744 22.9187 0
      vertex -15.1713 22.92 0
    endloop
  endfacet
  facet normal 0 0 -1
    outer loop
      vertex -15.1777 19.0817 0
      vertex -15.1744 22.9187 0
      vertex -15.1744 19.0813 0
    endloop
  endfacet
  facet normal 0 0 -1
    outer loop
      vertex -15.1777 19.0817 0
      vertex -15.1777 22.9183 0
      vertex -15.1744 22.9187 0
    endloop
  endfacet
  facet normal 0 0 -1
    outer loop
      vertex -16 19.19 0
      vertex -15.1777 22.9183 0
      vertex -15.1777 19.0817 0
    endloop
  endfacet
  facet normal 0 0 -1
    outer loop
      vertex -16 19.19 0
      vertex -16 22.81 0
      vertex -15.1777 22.9183 0
    endloop
  endfacet
  facet normal 0 0 -1
    outer loop
      vertex -16.8223 19.0817 0
      vertex -16 22.81 0
      vertex -16 19.19 0
    endloop
  endfacet
  facet normal 0 0 -1
    outer loop
      vertex -16.8223 19.0817 0
      vertex -16.8223 22.9183 0
      vertex -16 22.81 0
    endloop
  endfacet
  facet normal 0 0 -1
    outer loop
      vertex -16.8256 19.0813 0
      vertex -16.8223 22.9183 0
      vertex -16.8223 19.0817 0
    endloop
  endfacet
  facet normal 0 0 -1
    outer loop
      vertex -16.8256 19.0813 0
      vertex -16.8256 22.9187 0
      vertex -16.8223 22.9183 0
    endloop
  endfacet
  facet normal 0 0 -1
    outer loop
      vertex -16.8287 19.08 0
      vertex -16.8256 22.9187 0
      vertex -16.8256 19.0813 0
    endloop
  endfacet
  facet normal 0 0 -1
    outer loop
      vertex -16.8287 19.08 0
      vertex -16.8287 22.92 0
      vertex -16.8256 22.9187 0
    endloop
  endfacet
  facet normal 0 0 -1
    outer loop
      vertex -17.595 18.7626 0
      vertex -16.8287 22.92 0
      vertex -16.8287 19.08 0
    endloop
  endfacet
  facet normal 0 0 -1
    outer loop
      vertex -17.595 18.7626 0
      vertex -17.595 23.2374 0
      vertex -16.8287 22.92 0
    endloop
  endfacet
  facet normal 0 0 -1
    outer loop
      vertex -17.5977 18.7606 0
      vertex -17.595 23.2374 0
      vertex -17.595 18.7626 0
    endloop
  endfacet
  facet normal 0 0 -1
    outer loop
      vertex -17.5977 18.7606 0
      vertex -17.5977 23.2394 0
      vertex -17.595 23.2374 0
    endloop
  endfacet
  facet normal 0 0 -1
    outer loop
      vertex -18.2557 18.2557 0
      vertex -17.5977 23.2394 0
      vertex -17.5977 18.7606 0
    endloop
  endfacet
  facet normal 0 0 -1
    outer loop
      vertex -18.2557 18.2557 0
      vertex -18.2557 23.7443 0
      vertex -17.5977 23.2394 0
    endloop
  endfacet
  facet normal 0 0 -1
    outer loop
      vertex -18.7606 17.5977 0
      vertex -18.2557 23.7443 0
      vertex -18.2557 18.2557 0
    endloop
  endfacet
  facet normal 0 0 -1
    outer loop
      vertex -18.7606 17.5977 0
      vertex -18.7606 24.4023 0
      vertex -18.2557 23.7443 0
    endloop
  endfacet
  facet normal 0 0 -1
    outer loop
      vertex -18.7626 17.595 0
      vertex -18.7606 24.4023 0
      vertex -18.7606 17.5977 0
    endloop
  endfacet
  facet normal 0 0 -1
    outer loop
      vertex -18.7626 17.595 0
      vertex -18.7626 24.405 0
      vertex -18.7606 24.4023 0
    endloop
  endfacet
  facet normal 0 0 -1
    outer loop
      vertex -19.08 16.8287 0
      vertex -18.7626 24.405 0
      vertex -18.7626 17.595 0
    endloop
  endfacet
  facet normal 0 0 -1
    outer loop
      vertex -19.08 16.8287 0
      vertex -19.08 25.1713 0
      vertex -18.7626 24.405 0
    endloop
  endfacet
  facet normal 0 0 -1
    outer loop
      vertex -19.0813 16.8256 0
      vertex -19.08 25.1713 0
      vertex -19.08 16.8287 0
    endloop
  endfacet
  facet normal 0 0 -1
    outer loop
      vertex -19.0813 16.8256 0
      vertex -19.0813 25.1744 0
      vertex -19.08 25.1713 0
    endloop
  endfacet
  facet normal -0 0 -1
    outer loop
      vertex -18.7606 14.4023 0
      vertex -31.7443 4.25567 0
      vertex -18.7626 14.405 0
    endloop
  endfacet
  facet normal 0 0 -1
    outer loop
      vertex -32.4023 4.76058 0
      vertex -18.7626 14.405 0
      vertex -31.7443 4.25567 0
    endloop
  endfacet
  facet normal -0 0 -1
    outer loop
      vertex -18.2557 13.7443 0
      vertex -31.7443 4.25567 0
      vertex -18.7606 14.4023 0
    endloop
  endfacet
  facet normal -0 0 -1
    outer loop
      vertex -18.7626 14.405 0
      vertex -32.4023 4.76058 0
      vertex -19.08 15.1713 0
    endloop
  endfacet
  facet normal 0 0 -1
    outer loop
      vertex 19.0813 16.8256 0
      vertex 34 5.19 0
      vertex 19.0817 16.8223 0
    endloop
  endfacet
  facet normal 0 0 -1
    outer loop
      vertex 34 5.19 0
      vertex 19.0817 25.1777 0
      vertex 19.19 26 0
    endloop
  endfacet
  facet normal 0 0 -1
    outer loop
      vertex 19.0813 25.1744 0
      vertex 34 5.19 0
      vertex 19.0813 16.8256 0
    endloop
  endfacet
  facet normal 0 0 -1
    outer loop
      vertex 34 5.19 0
      vertex 19.0813 25.1744 0
      vertex 19.0817 25.1777 0
    endloop
  endfacet
  facet normal 0 0 -1
    outer loop
      vertex 19.08 16.8287 0
      vertex 19.0813 25.1744 0
      vertex 19.0813 16.8256 0
    endloop
  endfacet
  facet normal 0 0 -1
    outer loop
      vertex 19.08 16.8287 0
      vertex 19.08 25.1713 0
      vertex 19.0813 25.1744 0
    endloop
  endfacet
  facet normal 0 0 -1
    outer loop
      vertex 18.7626 17.595 0
      vertex 19.08 25.1713 0
      vertex 19.08 16.8287 0
    endloop
  endfacet
  facet normal 0 0 -1
    outer loop
      vertex 18.7626 17.595 0
      vertex 18.7626 24.405 0
      vertex 19.08 25.1713 0
    endloop
  endfacet
  facet normal 0 0 -1
    outer loop
      vertex 18.7606 17.5977 0
      vertex 18.7626 24.405 0
      vertex 18.7626 17.595 0
    endloop
  endfacet
  facet normal 0 0 -1
    outer loop
      vertex 18.7606 17.5977 0
      vertex 18.7606 24.4023 0
      vertex 18.7626 24.405 0
    endloop
  endfacet
  facet normal 0 0 -1
    outer loop
      vertex 18.2557 18.2557 0
      vertex 18.7606 24.4023 0
      vertex 18.7606 17.5977 0
    endloop
  endfacet
  facet normal 0 0 -1
    outer loop
      vertex 18.2557 18.2557 0
      vertex 18.2557 23.7443 0
      vertex 18.7606 24.4023 0
    endloop
  endfacet
  facet normal 0 0 -1
    outer loop
      vertex 17.5977 18.7606 0
      vertex 18.2557 23.7443 0
      vertex 18.2557 18.2557 0
    endloop
  endfacet
  facet normal 0 0 -1
    outer loop
      vertex 17.5977 18.7606 0
      vertex 17.5977 23.2394 0
      vertex 18.2557 23.7443 0
    endloop
  endfacet
  facet normal 0 0 -1
    outer loop
      vertex 17.595 18.7626 0
      vertex 17.5977 23.2394 0
      vertex 17.5977 18.7606 0
    endloop
  endfacet
  facet normal 0 0 -1
    outer loop
      vertex 17.595 18.7626 0
      vertex 17.595 23.2374 0
      vertex 17.5977 23.2394 0
    endloop
  endfacet
  facet normal 0 0 -1
    outer loop
      vertex 16.8287 19.08 0
      vertex 17.595 23.2374 0
      vertex 17.595 18.7626 0
    endloop
  endfacet
  facet normal 0 0 -1
    outer loop
      vertex 16.8287 19.08 0
      vertex 16.8287 22.92 0
      vertex 17.595 23.2374 0
    endloop
  endfacet
  facet normal 0 0 -1
    outer loop
      vertex 16.8256 19.0813 0
      vertex 16.8287 22.92 0
      vertex 16.8287 19.08 0
    endloop
  endfacet
  facet normal 0 0 -1
    outer loop
      vertex 16.8256 19.0813 0
      vertex 16.8256 22.9187 0
      vertex 16.8287 22.92 0
    endloop
  endfacet
  facet normal 0 0 -1
    outer loop
      vertex 16.8223 19.0817 0
      vertex 16.8256 22.9187 0
      vertex 16.8256 19.0813 0
    endloop
  endfacet
  facet normal 0 0 -1
    outer loop
      vertex 16.8223 19.0817 0
      vertex 16.8223 22.9183 0
      vertex 16.8256 22.9187 0
    endloop
  endfacet
  facet normal 0 0 -1
    outer loop
      vertex 16 19.19 0
      vertex 16.8223 22.9183 0
      vertex 16.8223 19.0817 0
    endloop
  endfacet
  facet normal 0 0 -1
    outer loop
      vertex 16 19.19 0
      vertex 16 22.81 0
      vertex 16.8223 22.9183 0
    endloop
  endfacet
  facet normal 0 0 -1
    outer loop
      vertex 15.1777 19.0817 0
      vertex 16 22.81 0
      vertex 16 19.19 0
    endloop
  endfacet
  facet normal 0 0 -1
    outer loop
      vertex 15.1777 19.0817 0
      vertex 15.1777 22.9183 0
      vertex 16 22.81 0
    endloop
  endfacet
  facet normal 0 0 -1
    outer loop
      vertex 15.1744 19.0813 0
      vertex 15.1777 22.9183 0
      vertex 15.1777 19.0817 0
    endloop
  endfacet
  facet normal 0 0 -1
    outer loop
      vertex 15.1744 19.0813 0
      vertex 15.1744 22.9187 0
      vertex 15.1777 22.9183 0
    endloop
  endfacet
  facet normal 0 0 -1
    outer loop
      vertex 15.1713 19.08 0
      vertex 15.1744 22.9187 0
      vertex 15.1744 19.0813 0
    endloop
  endfacet
  facet normal 0 0 -1
    outer loop
      vertex 15.1713 19.08 0
      vertex 15.1713 22.92 0
      vertex 15.1744 22.9187 0
    endloop
  endfacet
  facet normal 0 0 -1
    outer loop
      vertex 14.405 18.7626 0
      vertex 15.1713 22.92 0
      vertex 15.1713 19.08 0
    endloop
  endfacet
  facet normal 0 0 -1
    outer loop
      vertex 14.405 18.7626 0
      vertex 14.405 23.2374 0
      vertex 15.1713 22.92 0
    endloop
  endfacet
  facet normal 0 0 -1
    outer loop
      vertex 14.4023 18.7606 0
      vertex 14.405 23.2374 0
      vertex 14.405 18.7626 0
    endloop
  endfacet
  facet normal 0 0 -1
    outer loop
      vertex 14.4023 18.7606 0
      vertex 14.4023 23.2394 0
      vertex 14.405 23.2374 0
    endloop
  endfacet
  facet normal 0 0 -1
    outer loop
      vertex 13.7443 18.2557 0
      vertex 14.4023 23.2394 0
      vertex 14.4023 18.7606 0
    endloop
  endfacet
  facet normal 0 0 -1
    outer loop
      vertex 13.7443 18.2557 0
      vertex 13.7443 23.7443 0
      vertex 14.4023 23.2394 0
    endloop
  endfacet
  facet normal 0 0 -1
    outer loop
      vertex 13.2394 17.5977 0
      vertex 13.7443 23.7443 0
      vertex 13.7443 18.2557 0
    endloop
  endfacet
  facet normal 0 0 -1
    outer loop
      vertex 13.2394 17.5977 0
      vertex 13.2394 24.4023 0
      vertex 13.7443 23.7443 0
    endloop
  endfacet
  facet normal 0 0 -1
    outer loop
      vertex 13.2374 17.595 0
      vertex 13.2394 24.4023 0
      vertex 13.2394 17.5977 0
    endloop
  endfacet
  facet normal 0 0 -1
    outer loop
      vertex 13.2374 17.595 0
      vertex 13.2374 24.405 0
      vertex 13.2394 24.4023 0
    endloop
  endfacet
  facet normal 0 0 -1
    outer loop
      vertex 12.92 16.8287 0
      vertex 13.2374 24.405 0
      vertex 13.2374 17.595 0
    endloop
  endfacet
  facet normal 0 0 -1
    outer loop
      vertex 12.92 16.8287 0
      vertex 12.92 25.1713 0
      vertex 13.2374 24.405 0
    endloop
  endfacet
  facet normal 0 0 -1
    outer loop
      vertex 12.9187 16.8256 0
      vertex 12.92 25.1713 0
      vertex 12.92 16.8287 0
    endloop
  endfacet
  facet normal 0 0 -1
    outer loop
      vertex 12.9187 16.8256 0
      vertex 12.9187 25.1744 0
      vertex 12.92 25.1713 0
    endloop
  endfacet
  facet normal 0 0 -1
    outer loop
      vertex -12.9183 16.8223 0
      vertex 12.9183 16.8223 0
      vertex -12.81 16 0
    endloop
  endfacet
  facet normal 0 0 -1
    outer loop
      vertex 12.9183 16.8223 0
      vertex -12.9183 16.8223 0
      vertex 12.9187 16.8256 0
    endloop
  endfacet
  facet normal 0 0 -1
    outer loop
      vertex -12.81 16 0
      vertex 12.9183 16.8223 0
      vertex 12.81 16 0
    endloop
  endfacet
  facet normal 0 0 -1
    outer loop
      vertex -12.9187 16.8256 0
      vertex 12.9187 16.8256 0
      vertex -12.9183 16.8223 0
    endloop
  endfacet
  facet normal 0 0 -1
    outer loop
      vertex 82 -32 0
      vertex 37.0813 2.82563 0
      vertex 82 60 0
    endloop
  endfacet
  facet normal 0 0 -1
    outer loop
      vertex 82 60 0
      vertex 37.0817 44.1777 0
      vertex 37.19 45 0
    endloop
  endfacet
  facet normal 0 0 -1
    outer loop
      vertex 37.08 2.82873 0
      vertex 82 60 0
      vertex 37.0813 2.82563 0
    endloop
  endfacet
  facet normal 0 0 -1
    outer loop
      vertex 82 60 0
      vertex 37.0813 44.1744 0
      vertex 37.0817 44.1777 0
    endloop
  endfacet
  facet normal 0 0 -1
    outer loop
      vertex 36.7626 3.595 0
      vertex 82 60 0
      vertex 37.08 2.82873 0
    endloop
  endfacet
  facet normal 0 0 -1
    outer loop
      vertex 82 60 0
      vertex 37.08 44.1713 0
      vertex 37.0813 44.1744 0
    endloop
  endfacet
  facet normal 0 0 -1
    outer loop
      vertex 36.7626 43.405 0
      vertex 82 60 0
      vertex 36.7626 3.595 0
    endloop
  endfacet
  facet normal 0 0 -1
    outer loop
      vertex 82 60 0
      vertex 36.7626 43.405 0
      vertex 37.08 44.1713 0
    endloop
  endfacet
  facet normal 0 0 -1
    outer loop
      vertex 36.7606 3.59766 0
      vertex 36.7626 43.405 0
      vertex 36.7626 3.595 0
    endloop
  endfacet
  facet normal 0 0 -1
    outer loop
      vertex 36.7606 3.59766 0
      vertex 36.7606 43.4023 0
      vertex 36.7626 43.405 0
    endloop
  endfacet
  facet normal 0 0 -1
    outer loop
      vertex 36.2557 4.25567 0
      vertex 36.7606 43.4023 0
      vertex 36.7606 3.59766 0
    endloop
  endfacet
  facet normal 0 0 -1
    outer loop
      vertex 36.2557 4.25567 0
      vertex 36.2557 42.7443 0
      vertex 36.7606 43.4023 0
    endloop
  endfacet
  facet normal 0 0 -1
    outer loop
      vertex 35.5977 4.76058 0
      vertex 36.2557 42.7443 0
      vertex 36.2557 4.25567 0
    endloop
  endfacet
  facet normal 0 0 -1
    outer loop
      vertex 35.5977 4.76058 0
      vertex 35.5977 42.2394 0
      vertex 36.2557 42.7443 0
    endloop
  endfacet
  facet normal 0 0 -1
    outer loop
      vertex 35.595 4.76262 0
      vertex 35.5977 42.2394 0
      vertex 35.5977 4.76058 0
    endloop
  endfacet
  facet normal 0 0 -1
    outer loop
      vertex 35.595 4.76262 0
      vertex 35.595 42.2374 0
      vertex 35.5977 42.2394 0
    endloop
  endfacet
  facet normal 0 0 -1
    outer loop
      vertex 34.8287 5.08002 0
      vertex 35.595 42.2374 0
      vertex 35.595 4.76262 0
    endloop
  endfacet
  facet normal 0 0 -1
    outer loop
      vertex 34.8287 5.08002 0
      vertex 34.8287 41.92 0
      vertex 35.595 42.2374 0
    endloop
  endfacet
  facet normal 0 0 -1
    outer loop
      vertex 34.8256 5.0813 0
      vertex 34.8287 41.92 0
      vertex 34.8287 5.08002 0
    endloop
  endfacet
  facet normal 0 0 -1
    outer loop
      vertex 34.8256 5.0813 0
      vertex 34.8256 41.9187 0
      vertex 34.8287 41.92 0
    endloop
  endfacet
  facet normal 0 0 -1
    outer loop
      vertex 19.19 26 0
      vertex 34.8256 5.0813 0
      vertex 34.8223 5.08174 0
    endloop
  endfacet
  facet normal 0 0 -1
    outer loop
      vertex 34.8256 5.0813 0
      vertex 19.19 26 0
      vertex 34.8256 41.9187 0
    endloop
  endfacet
  facet normal 0 0 -1
    outer loop
      vertex 19.19 26 0
      vertex 34.8223 5.08174 0
      vertex 34 5.19 0
    endloop
  endfacet
  facet normal 0 0 -1
    outer loop
      vertex 34.8256 41.9187 0
      vertex 19.19 26 0
      vertex 34.8223 41.9183 0
    endloop
  endfacet
  facet normal 0 0 -1
    outer loop
      vertex 19.19 16 0
      vertex 34 5.19 0
      vertex 33.1777 5.08174 0
    endloop
  endfacet
  facet normal 0 0 -1
    outer loop
      vertex 34.8223 41.9183 0
      vertex 19.19 26 0
      vertex 34 41.81 0
    endloop
  endfacet
  facet normal 0 0 -1
    outer loop
      vertex 19.19 16 0
      vertex 33.1777 5.08174 0
      vertex 33.1744 5.0813 0
    endloop
  endfacet
  facet normal 0 0 -1
    outer loop
      vertex 19.0817 26.8223 0
      vertex 34 41.81 0
      vertex 19.19 26 0
    endloop
  endfacet
  facet normal 0 0 -1
    outer loop
      vertex 19.19 16 0
      vertex 33.1744 5.0813 0
      vertex 33.1713 5.08002 0
    endloop
  endfacet
  facet normal 0 0 -1
    outer loop
      vertex 19.0813 26.8256 0
      vertex 34 41.81 0
      vertex 19.0817 26.8223 0
    endloop
  endfacet
  facet normal 0 0 -1
    outer loop
      vertex 19.0817 15.1777 0
      vertex 33.1713 5.08002 0
      vertex 32.405 4.76262 0
    endloop
  endfacet
  facet normal -0 0 -1
    outer loop
      vertex 34 41.81 0
      vertex 19.0813 26.8256 0
      vertex 33.1777 41.9183 0
    endloop
  endfacet
  facet normal 0 0 -1
    outer loop
      vertex 19.08 15.1713 0
      vertex 32.405 4.76262 0
      vertex 32.4023 4.76058 0
    endloop
  endfacet
  facet normal -0 0 -1
    outer loop
      vertex 33.1777 41.9183 0
      vertex 19.0813 26.8256 0
      vertex 33.1744 41.9187 0
    endloop
  endfacet
  facet normal 0 0 -1
    outer loop
      vertex 18.7626 14.405 0
      vertex 32.4023 4.76058 0
      vertex 31.7443 4.25567 0
    endloop
  endfacet
  facet normal 0 0 -1
    outer loop
      vertex 19.08 26.8287 0
      vertex 33.1744 41.9187 0
      vertex 19.0813 26.8256 0
    endloop
  endfacet
  facet normal 0 0 -1
    outer loop
      vertex 18.2557 13.7443 0
      vertex 31.7443 4.25567 0
      vertex 31.2394 3.59766 0
    endloop
  endfacet
  facet normal 0 0 -1
    outer loop
      vertex 18.7626 27.595 0
      vertex 33.1744 41.9187 0
      vertex 19.08 26.8287 0
    endloop
  endfacet
  facet normal 0 0 -1
    outer loop
      vertex 18.2557 13.7443 0
      vertex 31.2394 3.59766 0
      vertex 31.2374 3.595 0
    endloop
  endfacet
  facet normal -0 0 -1
    outer loop
      vertex 33.1744 41.9187 0
      vertex 18.7626 27.595 0
      vertex 33.1713 41.92 0
    endloop
  endfacet
  facet normal 0 0 -1
    outer loop
      vertex 17.5977 13.2394 0
      vertex 31.2374 3.595 0
      vertex 30.92 2.82873 0
    endloop
  endfacet
  facet normal -0 0 -1
    outer loop
      vertex 33.1713 41.92 0
      vertex 18.7626 27.595 0
      vertex 32.405 42.2374 0
    endloop
  endfacet
  facet normal 0 0 -1
    outer loop
      vertex 17.595 13.2374 0
      vertex 30.92 2.82873 0
      vertex 30.9187 2.82563 0
    endloop
  endfacet
  facet normal 0 0 -1
    outer loop
      vertex 18.7606 27.5977 0
      vertex 32.405 42.2374 0
      vertex 18.7626 27.595 0
    endloop
  endfacet
  facet normal 0 0 -1
    outer loop
      vertex 17.595 13.2374 0
      vertex 30.9187 2.82563 0
      vertex 30.9183 2.8223 0
    endloop
  endfacet
  facet normal 0 0 -1
    outer loop
      vertex 18.2557 28.2557 0
      vertex 32.405 42.2374 0
      vertex 18.7606 27.5977 0
    endloop
  endfacet
  facet normal 0 0 -1
    outer loop
      vertex 16.8287 12.92 0
      vertex 30.9183 2.8223 0
      vertex 30.81 2 0
    endloop
  endfacet
  facet normal -0 0 -1
    outer loop
      vertex 32.405 42.2374 0
      vertex 18.2557 28.2557 0
      vertex 32.4023 42.2394 0
    endloop
  endfacet
  facet normal 0 0 -1
    outer loop
      vertex 37.0817 2.8223 0
      vertex 82 -32 0
      vertex 37.19 2 0
    endloop
  endfacet
  facet normal 0 0 -1
    outer loop
      vertex 82 -32 0
      vertex 37.0817 1.1777 0
      vertex 37.19 2 0
    endloop
  endfacet
  facet normal 0 0 -1
    outer loop
      vertex 82 -32 0
      vertex 37.0813 1.17437 0
      vertex 37.0817 1.1777 0
    endloop
  endfacet
  facet normal 0 0 -1
    outer loop
      vertex 82 -32 0
      vertex 37.08 1.17127 0
      vertex 37.0813 1.17437 0
    endloop
  endfacet
  facet normal 0 0 -1
    outer loop
      vertex 82 -32 0
      vertex 36.7626 0.405 0
      vertex 37.08 1.17127 0
    endloop
  endfacet
  facet normal 0 0 -1
    outer loop
      vertex 82 -32 0
      vertex 36.7606 0.402338 0
      vertex 36.7626 0.405 0
    endloop
  endfacet
  facet normal 0 0 -1
    outer loop
      vertex 82 -32 0
      vertex 36.2557 -0.255671 0
      vertex 36.7606 0.402338 0
    endloop
  endfacet
  facet normal 0 0 -1
    outer loop
      vertex 82 -32 0
      vertex 35.5977 -0.760579 0
      vertex 36.2557 -0.255671 0
    endloop
  endfacet
  facet normal 0 0 -1
    outer loop
      vertex 82 -32 0
      vertex 35.595 -0.762622 0
      vertex 35.5977 -0.760579 0
    endloop
  endfacet
  facet normal 0 0 -1
    outer loop
      vertex 82 -32 0
      vertex 34.8287 -1.08002 0
      vertex 35.595 -0.762622 0
    endloop
  endfacet
  facet normal 0 0 -1
    outer loop
      vertex 82 -32 0
      vertex 34.8256 -1.0813 0
      vertex 34.8287 -1.08002 0
    endloop
  endfacet
  facet normal 0 0 -1
    outer loop
      vertex 82 -32 0
      vertex 34.8223 -1.08174 0
      vertex 34.8256 -1.0813 0
    endloop
  endfacet
  facet normal 0 0 -1
    outer loop
      vertex 82 -32 0
      vertex 34 -1.19 0
      vertex 34.8223 -1.08174 0
    endloop
  endfacet
  facet normal 0 0 -1
    outer loop
      vertex 82 -32 0
      vertex 33.1777 -1.08174 0
      vertex 34 -1.19 0
    endloop
  endfacet
  facet normal 0 0 -1
    outer loop
      vertex 82 -32 0
      vertex 33.1744 -1.0813 0
      vertex 33.1777 -1.08174 0
    endloop
  endfacet
  facet normal 0 0 -1
    outer loop
      vertex -33.1744 -1.0813 0
      vertex 33.1744 -1.0813 0
      vertex 82 -32 0
    endloop
  endfacet
  facet normal 0 0 -1
    outer loop
      vertex 33.1744 -1.0813 0
      vertex -33.1744 -1.0813 0
      vertex 33.1713 -1.08002 0
    endloop
  endfacet
  facet normal 0 0 -1
    outer loop
      vertex 15.1777 12.9183 0
      vertex 30.92 1.17127 0
      vertex 31.2374 0.405 0
    endloop
  endfacet
  facet normal 0 0 -1
    outer loop
      vertex 16 12.81 0
      vertex 30.9183 1.1777 0
      vertex 30.9187 1.17437 0
    endloop
  endfacet
  facet normal 0 0 -1
    outer loop
      vertex 19.0817 16.8223 0
      vertex 34 5.19 0
      vertex 19.19 16 0
    endloop
  endfacet
  facet normal 0 0 -1
    outer loop
      vertex 30.9183 1.1777 0
      vertex 16 12.81 0
      vertex 30.81 2 0
    endloop
  endfacet
  facet normal 0 0 -1
    outer loop
      vertex 30.92 1.17127 0
      vertex 15.1777 12.9183 0
      vertex 30.9187 1.17437 0
    endloop
  endfacet
  facet normal 0 0 -1
    outer loop
      vertex 15.1713 12.92 0
      vertex 31.2374 0.405 0
      vertex 31.2394 0.402338 0
    endloop
  endfacet
  facet normal 0 0 -1
    outer loop
      vertex -31.2394 0.402338 0
      vertex 31.2394 0.402338 0
      vertex 31.7443 -0.255671 0
    endloop
  endfacet
  facet normal 0 0 -1
    outer loop
      vertex 33.1713 5.08002 0
      vertex 19.0817 15.1777 0
      vertex 19.19 16 0
    endloop
  endfacet
  facet normal 0 0 -1
    outer loop
      vertex 32.405 4.76262 0
      vertex 19.0813 15.1744 0
      vertex 19.0817 15.1777 0
    endloop
  endfacet
  facet normal 0 0 -1
    outer loop
      vertex 32.405 4.76262 0
      vertex 19.08 15.1713 0
      vertex 19.0813 15.1744 0
    endloop
  endfacet
  facet normal 0 0 -1
    outer loop
      vertex 32.4023 4.76058 0
      vertex 18.7626 14.405 0
      vertex 19.08 15.1713 0
    endloop
  endfacet
  facet normal 0 0 -1
    outer loop
      vertex 31.7443 4.25567 0
      vertex 18.7606 14.4023 0
      vertex 18.7626 14.405 0
    endloop
  endfacet
  facet normal 0 0 -1
    outer loop
      vertex 31.7443 4.25567 0
      vertex 18.2557 13.7443 0
      vertex 18.7606 14.4023 0
    endloop
  endfacet
  facet normal 0 0 -1
    outer loop
      vertex 31.2374 3.595 0
      vertex 17.5977 13.2394 0
      vertex 18.2557 13.7443 0
    endloop
  endfacet
  facet normal 0 0 -1
    outer loop
      vertex 30.92 2.82873 0
      vertex 17.595 13.2374 0
      vertex 17.5977 13.2394 0
    endloop
  endfacet
  facet normal 0 0 -1
    outer loop
      vertex 30.9183 2.8223 0
      vertex 16.8287 12.92 0
      vertex 17.595 13.2374 0
    endloop
  endfacet
  facet normal 0 0 -1
    outer loop
      vertex 30.81 2 0
      vertex 16.8256 12.9187 0
      vertex 16.8287 12.92 0
    endloop
  endfacet
  facet normal 0 0 -1
    outer loop
      vertex 30.81 2 0
      vertex 16.8223 12.9183 0
      vertex 16.8256 12.9187 0
    endloop
  endfacet
  facet normal 0 0 -1
    outer loop
      vertex 30.81 2 0
      vertex 16 12.81 0
      vertex 16.8223 12.9183 0
    endloop
  endfacet
  facet normal 0 0 -1
    outer loop
      vertex 30.9187 1.17437 0
      vertex 15.1777 12.9183 0
      vertex 16 12.81 0
    endloop
  endfacet
  facet normal 0 0 -1
    outer loop
      vertex 31.2374 0.405 0
      vertex 15.1744 12.9187 0
      vertex 15.1777 12.9183 0
    endloop
  endfacet
  facet normal 0 0 -1
    outer loop
      vertex 31.2374 0.405 0
      vertex 15.1713 12.92 0
      vertex 15.1744 12.9187 0
    endloop
  endfacet
  facet normal 0 0 -1
    outer loop
      vertex 31.2394 0.402338 0
      vertex 14.405 13.2374 0
      vertex 15.1713 12.92 0
    endloop
  endfacet
  facet normal 0 0 -1
    outer loop
      vertex 31.2394 0.402338 0
      vertex -14.405 13.2374 0
      vertex 14.405 13.2374 0
    endloop
  endfacet
  facet normal 0 0 -1
    outer loop
      vertex 14.405 13.2374 0
      vertex -14.405 13.2374 0
      vertex 14.4023 13.2394 0
    endloop
  endfacet
  facet normal 0 0 -1
    outer loop
      vertex -13.2394 14.4023 0
      vertex 13.2394 14.4023 0
      vertex 13.7443 13.7443 0
    endloop
  endfacet
  facet normal 0 0 -1
    outer loop
      vertex 12.9187 25.1744 0
      vertex -12.81 26 0
      vertex 12.9183 25.1777 0
    endloop
  endfacet
  facet normal 0 0 -1
    outer loop
      vertex 12.9183 15.1777 0
      vertex -12.81 16 0
      vertex 12.81 16 0
    endloop
  endfacet
  facet normal 0 0 -1
    outer loop
      vertex -12.9183 15.1777 0
      vertex 12.9183 15.1777 0
      vertex 12.9187 15.1744 0
    endloop
  endfacet
  facet normal 0 0 -1
    outer loop
      vertex -12.9187 15.1744 0
      vertex 12.9187 15.1744 0
      vertex 12.92 15.1713 0
    endloop
  endfacet
  facet normal 0 0 -1
    outer loop
      vertex -12.92 15.1713 0
      vertex 12.92 15.1713 0
      vertex 13.2374 14.405 0
    endloop
  endfacet
  facet normal 0 0 -1
    outer loop
      vertex 13.2394 14.4023 0
      vertex -13.2394 14.4023 0
      vertex 13.2374 14.405 0
    endloop
  endfacet
  facet normal 0 -0 -1
    outer loop
      vertex -14.4023 13.2394 0
      vertex 14.4023 13.2394 0
      vertex -14.405 13.2374 0
    endloop
  endfacet
  facet normal 0 0 -1
    outer loop
      vertex -31.7443 -0.255671 0
      vertex 31.7443 -0.255671 0
      vertex 32.4023 -0.760579 0
    endloop
  endfacet
  facet normal 0 0 -1
    outer loop
      vertex -31.7443 -0.255671 0
      vertex 32.4023 -0.760579 0
      vertex 32.405 -0.762622 0
    endloop
  endfacet
  facet normal -0 0 -1
    outer loop
      vertex 33.1713 -1.08002 0
      vertex -33.1744 -1.0813 0
      vertex 32.405 -0.762622 0
    endloop
  endfacet
  facet normal 0 0 -1
    outer loop
      vertex 12.9183 15.1777 0
      vertex -12.9183 15.1777 0
      vertex -12.81 16 0
    endloop
  endfacet
  facet normal 0 0 -1
    outer loop
      vertex 12.9187 15.1744 0
      vertex -12.9187 15.1744 0
      vertex -12.9183 15.1777 0
    endloop
  endfacet
  facet normal 0 0 -1
    outer loop
      vertex 12.92 15.1713 0
      vertex -12.92 15.1713 0
      vertex -12.9187 15.1744 0
    endloop
  endfacet
  facet normal 0 0 -1
    outer loop
      vertex 13.2374 14.405 0
      vertex -13.2374 14.405 0
      vertex -12.92 15.1713 0
    endloop
  endfacet
  facet normal -0 0 -1
    outer loop
      vertex 13.2374 14.405 0
      vertex -13.2394 14.4023 0
      vertex -13.2374 14.405 0
    endloop
  endfacet
  facet normal 0 0 -1
    outer loop
      vertex 13.7443 13.7443 0
      vertex -13.7443 13.7443 0
      vertex -13.2394 14.4023 0
    endloop
  endfacet
  facet normal -0 0 -1
    outer loop
      vertex 13.7443 13.7443 0
      vertex -14.4023 13.2394 0
      vertex -13.7443 13.7443 0
    endloop
  endfacet
  facet normal 0 0 -1
    outer loop
      vertex 14.4023 13.2394 0
      vertex -14.4023 13.2394 0
      vertex 13.7443 13.7443 0
    endloop
  endfacet
  facet normal 0 0 -1
    outer loop
      vertex 31.7443 -0.255671 0
      vertex -31.7443 -0.255671 0
      vertex -31.2394 0.402338 0
    endloop
  endfacet
  facet normal 0 0 -1
    outer loop
      vertex 31.2394 0.402338 0
      vertex -31.2394 0.402338 0
      vertex -14.405 13.2374 0
    endloop
  endfacet
  facet normal 0 0 -1
    outer loop
      vertex -14.405 13.2374 0
      vertex -31.2394 0.402338 0
      vertex -15.1713 12.92 0
    endloop
  endfacet
  facet normal 0 -0 -1
    outer loop
      vertex -31.2374 0.405 0
      vertex -15.1713 12.92 0
      vertex -31.2394 0.402338 0
    endloop
  endfacet
  facet normal 0 0 -1
    outer loop
      vertex -15.1713 12.92 0
      vertex -31.2374 0.405 0
      vertex -15.1744 12.9187 0
    endloop
  endfacet
  facet normal 0 0 -1
    outer loop
      vertex -15.1744 12.9187 0
      vertex -31.2374 0.405 0
      vertex -15.1777 12.9183 0
    endloop
  endfacet
  facet normal 0 -0 -1
    outer loop
      vertex -30.92 1.17127 0
      vertex -15.1777 12.9183 0
      vertex -31.2374 0.405 0
    endloop
  endfacet
  facet normal 0 0 -1
    outer loop
      vertex -15.1777 12.9183 0
      vertex -30.92 1.17127 0
      vertex -16 12.81 0
    endloop
  endfacet
  facet normal -0 0 -1
    outer loop
      vertex -16.8287 12.92 0
      vertex -30.9183 2.8223 0
      vertex -17.595 13.2374 0
    endloop
  endfacet
  facet normal 0 0 -1
    outer loop
      vertex -31.2374 3.595 0
      vertex -17.5977 13.2394 0
      vertex -30.92 2.82873 0
    endloop
  endfacet
  facet normal 0 0 -1
    outer loop
      vertex -31.2394 3.59766 0
      vertex -18.2557 13.7443 0
      vertex -31.2374 3.595 0
    endloop
  endfacet
  facet normal 0 0 -1
    outer loop
      vertex -32.405 4.76262 0
      vertex -19.08 15.1713 0
      vertex -32.4023 4.76058 0
    endloop
  endfacet
  facet normal 0 0 -1
    outer loop
      vertex -31.7443 4.25567 0
      vertex -18.2557 13.7443 0
      vertex -31.2394 3.59766 0
    endloop
  endfacet
  facet normal -0 0 -1
    outer loop
      vertex -17.5977 13.2394 0
      vertex -31.2374 3.595 0
      vertex -18.2557 13.7443 0
    endloop
  endfacet
  facet normal -0 0 -1
    outer loop
      vertex -17.595 13.2374 0
      vertex -30.92 2.82873 0
      vertex -17.5977 13.2394 0
    endloop
  endfacet
  facet normal 0 0 -1
    outer loop
      vertex -30.92 2.82873 0
      vertex -17.595 13.2374 0
      vertex -30.9187 2.82563 0
    endloop
  endfacet
  facet normal 0 0 -1
    outer loop
      vertex -30.9187 2.82563 0
      vertex -17.595 13.2374 0
      vertex -30.9183 2.8223 0
    endloop
  endfacet
  facet normal 0 -0 -1
    outer loop
      vertex -30.9183 1.1777 0
      vertex -16 12.81 0
      vertex -30.9187 1.17437 0
    endloop
  endfacet
  facet normal 0 0 -1
    outer loop
      vertex -30.9183 2.8223 0
      vertex -16.8287 12.92 0
      vertex -30.81 2 0
    endloop
  endfacet
  facet normal -0 0 -1
    outer loop
      vertex -16.8256 12.9187 0
      vertex -30.81 2 0
      vertex -16.8287 12.92 0
    endloop
  endfacet
  facet normal -0 0 -1
    outer loop
      vertex -16.8223 12.9183 0
      vertex -30.81 2 0
      vertex -16.8256 12.9187 0
    endloop
  endfacet
  facet normal -0 0 -1
    outer loop
      vertex -16 12.81 0
      vertex -30.81 2 0
      vertex -16.8223 12.9183 0
    endloop
  endfacet
  facet normal 0 -0 -1
    outer loop
      vertex -30.81 2 0
      vertex -16 12.81 0
      vertex -30.9183 1.1777 0
    endloop
  endfacet
  facet normal 0 -0 -1
    outer loop
      vertex -30.9187 1.17437 0
      vertex -16 12.81 0
      vertex -30.92 1.17127 0
    endloop
  endfacet
  facet normal 0 0 -1
    outer loop
      vertex 32.405 -0.762622 0
      vertex -32.4023 -0.760579 0
      vertex -31.7443 -0.255671 0
    endloop
  endfacet
  facet normal 0 0 -1
    outer loop
      vertex 32.405 -0.762622 0
      vertex -32.405 -0.762622 0
      vertex -32.4023 -0.760579 0
    endloop
  endfacet
  facet normal -0 0 -1
    outer loop
      vertex 32.405 -0.762622 0
      vertex -33.1713 -1.08002 0
      vertex -32.405 -0.762622 0
    endloop
  endfacet
  facet normal 0 0 -1
    outer loop
      vertex 32.405 -0.762622 0
      vertex -33.1744 -1.0813 0
      vertex -33.1713 -1.08002 0
    endloop
  endfacet
  facet normal 0 0 -1
    outer loop
      vertex -82 -32 0
      vertex -33.1744 -1.0813 0
      vertex 82 -32 0
    endloop
  endfacet
  facet normal 0 0 -1
    outer loop
      vertex -33.1744 -1.0813 0
      vertex -82 -32 0
      vertex -33.1777 -1.08174 0
    endloop
  endfacet
  facet normal 0 0 -1
    outer loop
      vertex -33.1777 -1.08174 0
      vertex -82 -32 0
      vertex -34 -1.19 0
    endloop
  endfacet
  facet normal -0 0 -1
    outer loop
      vertex -34 -1.19 0
      vertex -82 -32 0
      vertex -34.8223 -1.08174 0
    endloop
  endfacet
  facet normal 0 0 -1
    outer loop
      vertex -82 -32 0
      vertex -34.8287 -1.08002 0
      vertex -34.8256 -1.0813 0
    endloop
  endfacet
  facet normal 0 0 -1
    outer loop
      vertex -82 -32 0
      vertex -36.7606 0.402338 0
      vertex -36.2557 -0.255671 0
    endloop
  endfacet
  facet normal -0 0 -1
    outer loop
      vertex -37.0813 2.82563 0
      vertex -82 -32 0
      vertex -82 60 0
    endloop
  endfacet
  facet normal -0 0 -1
    outer loop
      vertex -37.0817 1.1777 0
      vertex -82 -32 0
      vertex -37.19 2 0
    endloop
  endfacet
  facet normal -0 0 -1
    outer loop
      vertex -37.0813 1.17437 0
      vertex -82 -32 0
      vertex -37.0817 1.1777 0
    endloop
  endfacet
  facet normal -0 0 -1
    outer loop
      vertex -37.08 1.17127 0
      vertex -82 -32 0
      vertex -37.0813 1.17437 0
    endloop
  endfacet
  facet normal -0 0 -1
    outer loop
      vertex -36.7626 0.405 0
      vertex -82 -32 0
      vertex -37.08 1.17127 0
    endloop
  endfacet
  facet normal -0 0 -1
    outer loop
      vertex -36.7606 0.402338 0
      vertex -82 -32 0
      vertex -36.7626 0.405 0
    endloop
  endfacet
  facet normal -0 0 -1
    outer loop
      vertex -35.5977 -0.760579 0
      vertex -82 -32 0
      vertex -36.2557 -0.255671 0
    endloop
  endfacet
  facet normal -0 0 -1
    outer loop
      vertex -35.595 -0.762622 0
      vertex -82 -32 0
      vertex -35.5977 -0.760579 0
    endloop
  endfacet
  facet normal -0 0 -1
    outer loop
      vertex -34.8287 -1.08002 0
      vertex -82 -32 0
      vertex -35.595 -0.762622 0
    endloop
  endfacet
  facet normal -0 0 -1
    outer loop
      vertex -34.8223 -1.08174 0
      vertex -82 -32 0
      vertex -34.8256 -1.0813 0
    endloop
  endfacet
  facet normal 0 0 -1
    outer loop
      vertex 37.0813 2.82563 0
      vertex 82 -32 0
      vertex 37.0817 2.8223 0
    endloop
  endfacet
  facet normal 0 0 -1
    outer loop
      vertex 37.0817 45.8223 0
      vertex 82 60 0
      vertex 37.19 45 0
    endloop
  endfacet
  facet normal 0 0 -1
    outer loop
      vertex 37.0813 45.8256 0
      vertex 82 60 0
      vertex 37.0817 45.8223 0
    endloop
  endfacet
  facet normal 0 0 -1
    outer loop
      vertex 37.08 45.8287 0
      vertex 82 60 0
      vertex 37.0813 45.8256 0
    endloop
  endfacet
  facet normal 0 0 -1
    outer loop
      vertex 36.7626 46.595 0
      vertex 82 60 0
      vertex 37.08 45.8287 0
    endloop
  endfacet
  facet normal 0 0 -1
    outer loop
      vertex 36.7606 46.5977 0
      vertex 82 60 0
      vertex 36.7626 46.595 0
    endloop
  endfacet
  facet normal 0 0 -1
    outer loop
      vertex 36.2557 47.2557 0
      vertex 82 60 0
      vertex 36.7606 46.5977 0
    endloop
  endfacet
  facet normal 0 0 -1
    outer loop
      vertex 35.5977 47.7606 0
      vertex 82 60 0
      vertex 36.2557 47.2557 0
    endloop
  endfacet
  facet normal 0 0 -1
    outer loop
      vertex 35.595 47.7626 0
      vertex 82 60 0
      vertex 35.5977 47.7606 0
    endloop
  endfacet
  facet normal 0 0 -1
    outer loop
      vertex 34.8287 48.08 0
      vertex 82 60 0
      vertex 35.595 47.7626 0
    endloop
  endfacet
  facet normal 0 0 -1
    outer loop
      vertex 34.8256 48.0813 0
      vertex 82 60 0
      vertex 34.8287 48.08 0
    endloop
  endfacet
  facet normal 0 0 -1
    outer loop
      vertex 34.8223 48.0817 0
      vertex 82 60 0
      vertex 34.8256 48.0813 0
    endloop
  endfacet
  facet normal 0 0 -1
    outer loop
      vertex 34 48.19 0
      vertex 82 60 0
      vertex 34.8223 48.0817 0
    endloop
  endfacet
  facet normal 0 0 -1
    outer loop
      vertex 33.1777 48.0817 0
      vertex 82 60 0
      vertex 34 48.19 0
    endloop
  endfacet
  facet normal 0 0 -1
    outer loop
      vertex 33.1744 48.0813 0
      vertex 82 60 0
      vertex 33.1777 48.0817 0
    endloop
  endfacet
  facet normal 0 0 1
    outer loop
      vertex 31.7443 47.2557 0
      vertex 32.405 47.7626 0
      vertex 32.4023 47.7606 0
    endloop
  endfacet
  facet normal 0 0 -1
    outer loop
      vertex 14.405 28.7626 0
      vertex 30.92 45.8287 0
      vertex 30.9187 45.8256 0
    endloop
  endfacet
  facet normal 0 0 -1
    outer loop
      vertex 15.1744 29.0813 0
      vertex 30.9183 45.8223 0
      vertex 30.81 45 0
    endloop
  endfacet
  facet normal -0 0 -1
    outer loop
      vertex 32.4023 42.2394 0
      vertex 18.2557 28.2557 0
      vertex 31.7443 42.7443 0
    endloop
  endfacet
  facet normal 0 0 -1
    outer loop
      vertex 17.5977 28.7606 0
      vertex 31.7443 42.7443 0
      vertex 18.2557 28.2557 0
    endloop
  endfacet
  facet normal 0 0 -1
    outer loop
      vertex 17.595 28.7626 0
      vertex 31.7443 42.7443 0
      vertex 17.5977 28.7606 0
    endloop
  endfacet
  facet normal -0 0 -1
    outer loop
      vertex 31.7443 42.7443 0
      vertex 17.595 28.7626 0
      vertex 31.2394 43.4023 0
    endloop
  endfacet
  facet normal -0 0 -1
    outer loop
      vertex 31.2394 43.4023 0
      vertex 17.595 28.7626 0
      vertex 31.2374 43.405 0
    endloop
  endfacet
  facet normal 0 0 -1
    outer loop
      vertex 16.8287 29.08 0
      vertex 31.2374 43.405 0
      vertex 17.595 28.7626 0
    endloop
  endfacet
  facet normal 0 0 -1
    outer loop
      vertex 16.8256 29.0813 0
      vertex 31.2374 43.405 0
      vertex 16.8287 29.08 0
    endloop
  endfacet
  facet normal -0 0 -1
    outer loop
      vertex 31.2374 43.405 0
      vertex 16.8256 29.0813 0
      vertex 30.92 44.1713 0
    endloop
  endfacet
  facet normal -0 0 -1
    outer loop
      vertex 30.92 44.1713 0
      vertex 16.8256 29.0813 0
      vertex 30.9187 44.1744 0
    endloop
  endfacet
  facet normal 0 0 -1
    outer loop
      vertex 16.8223 29.0817 0
      vertex 30.9187 44.1744 0
      vertex 16.8256 29.0813 0
    endloop
  endfacet
  facet normal 0 0 -1
    outer loop
      vertex 16 29.19 0
      vertex 30.9187 44.1744 0
      vertex 16.8223 29.0817 0
    endloop
  endfacet
  facet normal -0 0 -1
    outer loop
      vertex 30.9187 44.1744 0
      vertex 16 29.19 0
      vertex 30.9183 44.1777 0
    endloop
  endfacet
  facet normal -0 0 -1
    outer loop
      vertex 30.9183 44.1777 0
      vertex 16 29.19 0
      vertex 30.81 45 0
    endloop
  endfacet
  facet normal 0 0 -1
    outer loop
      vertex 15.1777 29.0817 0
      vertex 30.81 45 0
      vertex 16 29.19 0
    endloop
  endfacet
  facet normal 0 0 -1
    outer loop
      vertex 15.1744 29.0813 0
      vertex 30.81 45 0
      vertex 15.1777 29.0817 0
    endloop
  endfacet
  facet normal -0 0 -1
    outer loop
      vertex 30.9183 45.8223 0
      vertex 15.1744 29.0813 0
      vertex 30.9187 45.8256 0
    endloop
  endfacet
  facet normal 0 0 -1
    outer loop
      vertex 15.1713 29.08 0
      vertex 30.9187 45.8256 0
      vertex 15.1744 29.0813 0
    endloop
  endfacet
  facet normal 0 0 -1
    outer loop
      vertex 14.405 28.7626 0
      vertex 30.9187 45.8256 0
      vertex 15.1713 29.08 0
    endloop
  endfacet
  facet normal -0 0 -1
    outer loop
      vertex 30.92 45.8287 0
      vertex 14.405 28.7626 0
      vertex 31.2374 46.595 0
    endloop
  endfacet
  facet normal 0 0 -1
    outer loop
      vertex -14.405 28.7626 0
      vertex 31.2374 46.595 0
      vertex 14.405 28.7626 0
    endloop
  endfacet
  facet normal 0 0 -1
    outer loop
      vertex -31.2374 46.595 0
      vertex 31.2374 46.595 0
      vertex -14.405 28.7626 0
    endloop
  endfacet
  facet normal 0 0 -1
    outer loop
      vertex -14.405 28.7626 0
      vertex 14.405 28.7626 0
      vertex 14.4023 28.7606 0
    endloop
  endfacet
  facet normal 0 0 -1
    outer loop
      vertex -14.4023 28.7606 0
      vertex 14.4023 28.7606 0
      vertex 13.7443 28.2557 0
    endloop
  endfacet
  facet normal 0 0 -1
    outer loop
      vertex -13.2394 27.5977 0
      vertex 13.2394 27.5977 0
      vertex 13.2374 27.595 0
    endloop
  endfacet
  facet normal 0 0 -1
    outer loop
      vertex 12.9183 25.1777 0
      vertex -12.81 26 0
      vertex 12.81 26 0
    endloop
  endfacet
  facet normal 0 0 -1
    outer loop
      vertex 12.81 26 0
      vertex -12.81 26 0
      vertex 12.9183 26.8223 0
    endloop
  endfacet
  facet normal 0 0 -1
    outer loop
      vertex -12.9183 26.8223 0
      vertex 12.9183 26.8223 0
      vertex -12.81 26 0
    endloop
  endfacet
  facet normal 0 0 -1
    outer loop
      vertex 12.9183 26.8223 0
      vertex -12.9183 26.8223 0
      vertex 12.9187 26.8256 0
    endloop
  endfacet
  facet normal 0 0 -1
    outer loop
      vertex -12.9187 26.8256 0
      vertex 12.9187 26.8256 0
      vertex -12.9183 26.8223 0
    endloop
  endfacet
  facet normal 0 0 -1
    outer loop
      vertex 12.9187 26.8256 0
      vertex -12.9187 26.8256 0
      vertex 12.92 26.8287 0
    endloop
  endfacet
  facet normal 0 0 -1
    outer loop
      vertex -12.92 26.8287 0
      vertex 12.92 26.8287 0
      vertex -12.9187 26.8256 0
    endloop
  endfacet
  facet normal 0 0 -1
    outer loop
      vertex 12.92 26.8287 0
      vertex -12.92 26.8287 0
      vertex 13.2374 27.595 0
    endloop
  endfacet
  facet normal 0 0 -1
    outer loop
      vertex -13.2374 27.595 0
      vertex 13.2374 27.595 0
      vertex -12.92 26.8287 0
    endloop
  endfacet
  facet normal 0 0 -1
    outer loop
      vertex -13.2394 27.5977 0
      vertex 13.2374 27.595 0
      vertex -13.2374 27.595 0
    endloop
  endfacet
  facet normal 0 0 -1
    outer loop
      vertex 13.2394 27.5977 0
      vertex -13.2394 27.5977 0
      vertex 13.7443 28.2557 0
    endloop
  endfacet
  facet normal 0 0 -1
    outer loop
      vertex -13.7443 28.2557 0
      vertex 13.7443 28.2557 0
      vertex -13.2394 27.5977 0
    endloop
  endfacet
  facet normal 0 0 -1
    outer loop
      vertex -14.4023 28.7606 0
      vertex 13.7443 28.2557 0
      vertex -13.7443 28.2557 0
    endloop
  endfacet
  facet normal 0 0 -1
    outer loop
      vertex 14.4023 28.7606 0
      vertex -14.4023 28.7606 0
      vertex -14.405 28.7626 0
    endloop
  endfacet
  facet normal 0 0 -1
    outer loop
      vertex 31.2374 46.595 0
      vertex -31.2374 46.595 0
      vertex 31.2394 46.5977 0
    endloop
  endfacet
  facet normal 0 0 -1
    outer loop
      vertex -31.2394 46.5977 0
      vertex 31.2394 46.5977 0
      vertex -31.2374 46.595 0
    endloop
  endfacet
  facet normal 0 0 -1
    outer loop
      vertex 31.2394 46.5977 0
      vertex -31.2394 46.5977 0
      vertex 31.7443 47.2557 0
    endloop
  endfacet
  facet normal 0 0 -1
    outer loop
      vertex -31.7443 47.2557 0
      vertex 31.7443 47.2557 0
      vertex -31.2394 46.5977 0
    endloop
  endfacet
  facet normal 0 0 -1
    outer loop
      vertex -30.9187 45.8256 0
      vertex -14.405 28.7626 0
      vertex -15.1713 29.08 0
    endloop
  endfacet
  facet normal 0 0 -1
    outer loop
      vertex -30.9187 45.8256 0
      vertex -15.1713 29.08 0
      vertex -15.1744 29.0813 0
    endloop
  endfacet
  facet normal 0 0 -1
    outer loop
      vertex -30.81 45 0
      vertex -15.1744 29.0813 0
      vertex -15.1777 29.0817 0
    endloop
  endfacet
  facet normal 0 0 -1
    outer loop
      vertex -30.81 45 0
      vertex -15.1777 29.0817 0
      vertex -16 29.19 0
    endloop
  endfacet
  facet normal 0 0 -1
    outer loop
      vertex -30.81 45 0
      vertex -16 29.19 0
      vertex -16.8223 29.0817 0
    endloop
  endfacet
  facet normal 0 0 -1
    outer loop
      vertex -30.81 45 0
      vertex -16.8223 29.0817 0
      vertex -16.8256 29.0813 0
    endloop
  endfacet
  facet normal 0 0 -1
    outer loop
      vertex -30.81 45 0
      vertex -16.8287 29.08 0
      vertex -17.595 28.7626 0
    endloop
  endfacet
  facet normal 0 0 -1
    outer loop
      vertex -30.81 45 0
      vertex -19.08 26.8287 0
      vertex -19.0813 26.8256 0
    endloop
  endfacet
  facet normal 0 0 -1
    outer loop
      vertex -30.81 45 0
      vertex -19.0817 26.8223 0
      vertex -19.19 26 0
    endloop
  endfacet
  facet normal -0 0 -1
    outer loop
      vertex -19.08 15.1713 0
      vertex -32.405 4.76262 0
      vertex -19.0813 15.1744 0
    endloop
  endfacet
  facet normal 0 0 -1
    outer loop
      vertex -19.0817 26.8223 0
      vertex -30.81 45 0
      vertex -19.0813 26.8256 0
    endloop
  endfacet
  facet normal 0 0 -1
    outer loop
      vertex -19.08 26.8287 0
      vertex -30.81 45 0
      vertex -18.7626 27.595 0
    endloop
  endfacet
  facet normal 0 0 -1
    outer loop
      vertex -30.81 45 0
      vertex -18.7606 27.5977 0
      vertex -18.7626 27.595 0
    endloop
  endfacet
  facet normal 0 0 -1
    outer loop
      vertex -30.81 45 0
      vertex -18.2557 28.2557 0
      vertex -18.7606 27.5977 0
    endloop
  endfacet
  facet normal 0 0 -1
    outer loop
      vertex -30.81 45 0
      vertex -17.5977 28.7606 0
      vertex -18.2557 28.2557 0
    endloop
  endfacet
  facet normal 0 0 -1
    outer loop
      vertex -30.81 45 0
      vertex -17.595 28.7626 0
      vertex -17.5977 28.7606 0
    endloop
  endfacet
  facet normal 0 0 -1
    outer loop
      vertex -16.8287 29.08 0
      vertex -30.81 45 0
      vertex -16.8256 29.0813 0
    endloop
  endfacet
  facet normal 0 0 -1
    outer loop
      vertex -15.1744 29.0813 0
      vertex -30.81 45 0
      vertex -30.9183 45.8223 0
    endloop
  endfacet
  facet normal 0 0 -1
    outer loop
      vertex -15.1744 29.0813 0
      vertex -30.9183 45.8223 0
      vertex -30.9187 45.8256 0
    endloop
  endfacet
  facet normal 0 0 -1
    outer loop
      vertex -14.405 28.7626 0
      vertex -30.9187 45.8256 0
      vertex -30.92 45.8287 0
    endloop
  endfacet
  facet normal 0 0 -1
    outer loop
      vertex -14.405 28.7626 0
      vertex -30.92 45.8287 0
      vertex -31.2374 46.595 0
    endloop
  endfacet
  facet normal 0 0 -1
    outer loop
      vertex 31.7443 47.2557 0
      vertex -31.7443 47.2557 0
      vertex 32.405 47.7626 0
    endloop
  endfacet
  facet normal 0 0 -1
    outer loop
      vertex -32.4023 47.7606 0
      vertex 32.405 47.7626 0
      vertex -31.7443 47.2557 0
    endloop
  endfacet
  facet normal 0 0 -1
    outer loop
      vertex -32.405 47.7626 0
      vertex 32.405 47.7626 0
      vertex -32.4023 47.7606 0
    endloop
  endfacet
  facet normal 0 0 -1
    outer loop
      vertex 32.405 47.7626 0
      vertex -32.405 47.7626 0
      vertex 33.1713 48.08 0
    endloop
  endfacet
  facet normal -0 0 -1
    outer loop
      vertex 33.1713 48.08 0
      vertex -32.405 47.7626 0
      vertex 33.1744 48.0813 0
    endloop
  endfacet
  facet normal 0 0 -1
    outer loop
      vertex -33.1713 48.08 0
      vertex 33.1744 48.0813 0
      vertex -32.405 47.7626 0
    endloop
  endfacet
  facet normal 0 0 -1
    outer loop
      vertex -33.1744 48.0813 0
      vertex 33.1744 48.0813 0
      vertex -33.1713 48.08 0
    endloop
  endfacet
  facet normal 0 0 -1
    outer loop
      vertex 33.1744 48.0813 0
      vertex -33.1744 48.0813 0
      vertex 82 60 0
    endloop
  endfacet
  facet normal 0 0 -1
    outer loop
      vertex -33.1777 48.0817 0
      vertex 82 60 0
      vertex -33.1744 48.0813 0
    endloop
  endfacet
  facet normal 0 0 -1
    outer loop
      vertex -34 48.19 0
      vertex 82 60 0
      vertex -33.1777 48.0817 0
    endloop
  endfacet
  facet normal 0 0 -1
    outer loop
      vertex -82 60 0
      vertex -35.5977 47.7606 0
      vertex -36.2557 47.2557 0
    endloop
  endfacet
  facet normal 0 0 -1
    outer loop
      vertex -82 60 0
      vertex -36.7606 46.5977 0
      vertex -36.7626 46.595 0
    endloop
  endfacet
  facet normal 0 0 -1
    outer loop
      vertex -37.0817 44.1777 0
      vertex -82 60 0
      vertex -37.19 45 0
    endloop
  endfacet
  facet normal 0 0 -1
    outer loop
      vertex -37.19 45 0
      vertex -82 60 0
      vertex -37.0817 45.8223 0
    endloop
  endfacet
  facet normal 0 0 -1
    outer loop
      vertex -37.0817 45.8223 0
      vertex -82 60 0
      vertex -37.0813 45.8256 0
    endloop
  endfacet
  facet normal 0 0 -1
    outer loop
      vertex -37.0813 45.8256 0
      vertex -82 60 0
      vertex -37.08 45.8287 0
    endloop
  endfacet
  facet normal 0 0 -1
    outer loop
      vertex -34 48.19 0
      vertex -82 60 0
      vertex 82 60 0
    endloop
  endfacet
  facet normal 0 0 -1
    outer loop
      vertex -34.8223 48.0817 0
      vertex -82 60 0
      vertex -34 48.19 0
    endloop
  endfacet
  facet normal 0 0 -1
    outer loop
      vertex -34.8256 48.0813 0
      vertex -82 60 0
      vertex -34.8223 48.0817 0
    endloop
  endfacet
  facet normal 0 0 -1
    outer loop
      vertex -34.8287 48.08 0
      vertex -82 60 0
      vertex -34.8256 48.0813 0
    endloop
  endfacet
  facet normal 0 0 -1
    outer loop
      vertex -35.595 47.7626 0
      vertex -82 60 0
      vertex -34.8287 48.08 0
    endloop
  endfacet
  facet normal 0 0 -1
    outer loop
      vertex -35.5977 47.7606 0
      vertex -82 60 0
      vertex -35.595 47.7626 0
    endloop
  endfacet
  facet normal 0 0 -1
    outer loop
      vertex -36.7606 46.5977 0
      vertex -82 60 0
      vertex -36.2557 47.2557 0
    endloop
  endfacet
  facet normal 0 0 -1
    outer loop
      vertex -37.08 45.8287 0
      vertex -82 60 0
      vertex -36.7626 46.595 0
    endloop
  endfacet
  facet normal 1 -0 0
    outer loop
      vertex -76 -32 11
      vertex -76 54 5
      vertex -76 54 11
    endloop
  endfacet
  facet normal 1 0 0
    outer loop
      vertex -76 54 5
      vertex -76 -32 11
      vertex -76 -32 5
    endloop
  endfacet
  facet normal -1 0 0
    outer loop
      vertex 76 -32 5
      vertex 76 54 11
      vertex 76 54 5
    endloop
  endfacet
  facet normal -1 -0 0
    outer loop
      vertex 76 54 11
      vertex 76 -32 5
      vertex 76 -32 11
    endloop
  endfacet
  facet normal 0 -1 0
    outer loop
      vertex -76 54 5
      vertex 76 54 11
      vertex -76 54 11
    endloop
  endfacet
  facet normal 0 -1 -0
    outer loop
      vertex 76 54 11
      vertex -76 54 5
      vertex 76 54 5
    endloop
  endfacet
  facet normal 0 0 1
    outer loop
      vertex 38 -32 5
      vertex -38 -17 5
      vertex -38 -32 5
    endloop
  endfacet
  facet normal 0 0 1
    outer loop
      vertex 42.6 36.4 5
      vertex 23.6 29.6 5
      vertex 42.6 10.6 5
    endloop
  endfacet
  facet normal 0 0 1
    outer loop
      vertex 42.6 36.4 5
      vertex 8.4 29.6 5
      vertex 23.6 29.6 5
    endloop
  endfacet
  facet normal 0 0 1
    outer loop
      vertex 8.4 29.6 5
      vertex -8.4 29.6 5
      vertex 8.4 12.4 5
    endloop
  endfacet
  facet normal 0 0 1
    outer loop
      vertex 42.6 36.4 5
      vertex -8.4 29.6 5
      vertex 8.4 29.6 5
    endloop
  endfacet
  facet normal -0 0 1
    outer loop
      vertex -42.6 36.4 5
      vertex -8.4 29.6 5
      vertex 42.6 36.4 5
    endloop
  endfacet
  facet normal 0 0 1
    outer loop
      vertex -42.6 10.6 5
      vertex -23.6 29.6 5
      vertex -42.6 36.4 5
    endloop
  endfacet
  facet normal 0 0 1
    outer loop
      vertex -8.4 29.6 5
      vertex -42.6 36.4 5
      vertex -23.6 29.6 5
    endloop
  endfacet
  facet normal 0 0 1
    outer loop
      vertex 76 54 5
      vertex 62 -17 5
      vertex 76 -32 5
    endloop
  endfacet
  facet normal 0 0 1
    outer loop
      vertex 42.6 36.4 5
      vertex 76 54 5
      vertex 42.6 53.6 5
    endloop
  endfacet
  facet normal 0 0 1
    outer loop
      vertex 76 54 5
      vertex -42.6 53.6 5
      vertex 42.6 53.6 5
    endloop
  endfacet
  facet normal 0 0 1
    outer loop
      vertex -76 54 5
      vertex -42.6 36.4 5
      vertex -42.6 53.6 5
    endloop
  endfacet
  facet normal 0 0 1
    outer loop
      vertex -42.6 36.4 5
      vertex -76 54 5
      vertex -42.6 10.6 5
    endloop
  endfacet
  facet normal 0 -0 1
    outer loop
      vertex -62 -17 5
      vertex -42.6 10.6 5
      vertex -76 54 5
    endloop
  endfacet
  facet normal -0 0 1
    outer loop
      vertex -76 54 5
      vertex -42.6 53.6 5
      vertex 76 54 5
    endloop
  endfacet
  facet normal 0 0 1
    outer loop
      vertex -42.6 10.6 5
      vertex -62 -17 5
      vertex -42.6 -6.6 5
    endloop
  endfacet
  facet normal 0 0 1
    outer loop
      vertex -76 -32 5
      vertex -62 -17 5
      vertex -76 54 5
    endloop
  endfacet
  facet normal 0 0 1
    outer loop
      vertex -62 -17 5
      vertex -76 -32 5
      vertex -62 -32 5
    endloop
  endfacet
  facet normal 0 0 1
    outer loop
      vertex 76 -32 5
      vertex 62 -17 5
      vertex 62 -32 5
    endloop
  endfacet
  facet normal 0 0 1
    outer loop
      vertex 42.6 10.6 5
      vertex 76 54 5
      vertex 42.6 36.4 5
    endloop
  endfacet
  facet normal 0 0 1
    outer loop
      vertex 76 54 5
      vertex 42.6 10.6 5
      vertex 62 -17 5
    endloop
  endfacet
  facet normal -0 0 1
    outer loop
      vertex 42.6 -6.6 5
      vertex 62 -17 5
      vertex 42.6 10.6 5
    endloop
  endfacet
  facet normal 0 0 1
    outer loop
      vertex 42.6 -6.6 5
      vertex 38 -17 5
      vertex 62 -17 5
    endloop
  endfacet
  facet normal 0 0 1
    outer loop
      vertex 38 -17 5
      vertex -38 -17 5
      vertex 38 -32 5
    endloop
  endfacet
  facet normal 0 0 1
    outer loop
      vertex 42.6 -6.6 5
      vertex -38 -17 5
      vertex 38 -17 5
    endloop
  endfacet
  facet normal -0 0 1
    outer loop
      vertex -42.6 -6.6 5
      vertex -38 -17 5
      vertex 42.6 -6.6 5
    endloop
  endfacet
  facet normal 0 0 1
    outer loop
      vertex -38 -17 5
      vertex -42.6 -6.6 5
      vertex -62 -17 5
    endloop
  endfacet
  facet normal -0 0 1
    outer loop
      vertex 23.6 12.4 5
      vertex 42.6 10.6 5
      vertex 23.6 29.6 5
    endloop
  endfacet
  facet normal -0 0 1
    outer loop
      vertex 8.4 12.4 5
      vertex 42.6 10.6 5
      vertex 23.6 12.4 5
    endloop
  endfacet
  facet normal 0 0 1
    outer loop
      vertex -8.4 12.4 5
      vertex 8.4 12.4 5
      vertex -8.4 29.6 5
    endloop
  endfacet
  facet normal -0 0 1
    outer loop
      vertex -8.4 12.4 5
      vertex 42.6 10.6 5
      vertex 8.4 12.4 5
    endloop
  endfacet
  facet normal 0 0 1
    outer loop
      vertex -42.6 10.6 5
      vertex -8.4 12.4 5
      vertex -23.6 12.4 5
    endloop
  endfacet
  facet normal 0 0 1
    outer loop
      vertex -8.4 12.4 5
      vertex -42.6 10.6 5
      vertex 42.6 10.6 5
    endloop
  endfacet
  facet normal 0 0 1
    outer loop
      vertex -23.6 29.6 5
      vertex -42.6 10.6 5
      vertex -23.6 12.4 5
    endloop
  endfacet
  facet normal -1 0 0
    outer loop
      vertex -62 -32 5
      vertex -62 -17 15
      vertex -62 -17 5
    endloop
  endfacet
  facet normal -1 -0 0
    outer loop
      vertex -62 -17 15
      vertex -62 -32 5
      vertex -62 -32 15
    endloop
  endfacet
  facet normal -0 0 1
    outer loop
      vertex -62 -17 15
      vertex -38 -32 15
      vertex -38 -17 15
    endloop
  endfacet
  facet normal 0 0 1
    outer loop
      vertex -38 -32 15
      vertex -62 -17 15
      vertex -62 -32 15
    endloop
  endfacet
  facet normal 1 -0 0
    outer loop
      vertex -38 -32 15
      vertex -38 -17 5
      vertex -38 -17 15
    endloop
  endfacet
  facet normal 1 0 0
    outer loop
      vertex -38 -17 5
      vertex -38 -32 15
      vertex -38 -32 5
    endloop
  endfacet
  facet normal -1 0 0
    outer loop
      vertex 38 -32 5
      vertex 38 -17 15
      vertex 38 -17 5
    endloop
  endfacet
  facet normal -1 -0 0
    outer loop
      vertex 38 -17 15
      vertex 38 -32 5
      vertex 38 -32 15
    endloop
  endfacet
  facet normal -0 0 1
    outer loop
      vertex 38 -17 15
      vertex 62 -32 15
      vertex 62 -17 15
    endloop
  endfacet
  facet normal 0 0 1
    outer loop
      vertex 62 -32 15
      vertex 38 -17 15
      vertex 38 -32 15
    endloop
  endfacet
  facet normal 1 -0 0
    outer loop
      vertex 62 -32 15
      vertex 62 -17 5
      vertex 62 -17 15
    endloop
  endfacet
  facet normal 1 0 0
    outer loop
      vertex 62 -17 5
      vertex 62 -32 15
      vertex 62 -32 5
    endloop
  endfacet
  facet normal 0 1 -0
    outer loop
      vertex -38 -17 5
      vertex -62 -17 15
      vertex -38 -17 15
    endloop
  endfacet
  facet normal 0 1 0
    outer loop
      vertex -62 -17 15
      vertex -38 -17 5
      vertex -62 -17 5
    endloop
  endfacet
  facet normal 0 1 -0
    outer loop
      vertex 62 -17 5
      vertex 38 -17 15
      vertex 62 -17 15
    endloop
  endfacet
  facet normal 0 1 0
    outer loop
      vertex 38 -17 15
      vertex 62 -17 5
      vertex 38 -17 5
    endloop
  endfacet
  facet normal -0.991454 -0.130457 0
    outer loop
      vertex -32.2 2 1.39
      vertex -32.2613 2.46587 4.99
      vertex -32.2613 2.46587 1.39
    endloop
  endfacet
  facet normal -0.991454 -0.130457 0
    outer loop
      vertex -32.2613 2.46587 4.99
      vertex -32.2 2 1.39
      vertex -32.2 2 4.99
    endloop
  endfacet
  facet normal 0.991454 -0.130457 0
    outer loop
      vertex -35.8 2 4.99
      vertex -35.7387 2.46587 1.39
      vertex -35.7387 2.46587 4.99
    endloop
  endfacet
  facet normal 0.991454 -0.130457 0
    outer loop
      vertex -35.7387 2.46587 1.39
      vertex -35.8 2 4.99
      vertex -35.8 2 1.39
    endloop
  endfacet
  facet normal -0.130512 -0.991447 0
    outer loop
      vertex -34 3.8 1.39
      vertex -33.5341 3.73867 4.99
      vertex -34 3.8 4.99
    endloop
  endfacet
  facet normal -0.130512 -0.991447 -0
    outer loop
      vertex -33.5341 3.73867 4.99
      vertex -34 3.8 1.39
      vertex -33.5341 3.73867 1.39
    endloop
  endfacet
  facet normal -0.608762 -0.793353 0
    outer loop
      vertex -33.1 3.55885 1.39
      vertex -32.7272 3.27279 4.99
      vertex -33.1 3.55885 4.99
    endloop
  endfacet
  facet normal -0.608762 -0.793353 -0
    outer loop
      vertex -32.7272 3.27279 4.99
      vertex -33.1 3.55885 1.39
      vertex -32.7272 3.27279 1.39
    endloop
  endfacet
  facet normal -0.923821 -0.382824 0
    outer loop
      vertex -32.2613 2.46587 1.39
      vertex -32.4412 2.9 4.99
      vertex -32.4412 2.9 1.39
    endloop
  endfacet
  facet normal -0.923821 -0.382824 0
    outer loop
      vertex -32.4412 2.9 4.99
      vertex -32.2613 2.46587 1.39
      vertex -32.2613 2.46587 4.99
    endloop
  endfacet
  facet normal -0.382701 -0.923872 0
    outer loop
      vertex -33.5341 3.73867 1.39
      vertex -33.1 3.55885 4.99
      vertex -33.5341 3.73867 4.99
    endloop
  endfacet
  facet normal -0.382701 -0.923872 -0
    outer loop
      vertex -33.1 3.55885 4.99
      vertex -33.5341 3.73867 1.39
      vertex -33.1 3.55885 1.39
    endloop
  endfacet
  facet normal 0.608762 -0.793353 0
    outer loop
      vertex -35.2728 3.27279 1.39
      vertex -34.9 3.55885 4.99
      vertex -35.2728 3.27279 4.99
    endloop
  endfacet
  facet normal 0.608762 -0.793353 0
    outer loop
      vertex -34.9 3.55885 4.99
      vertex -35.2728 3.27279 1.39
      vertex -34.9 3.55885 1.39
    endloop
  endfacet
  facet normal 0.793407 -0.608692 0
    outer loop
      vertex -35.5588 2.9 4.99
      vertex -35.2728 3.27279 1.39
      vertex -35.2728 3.27279 4.99
    endloop
  endfacet
  facet normal 0.793407 -0.608692 0
    outer loop
      vertex -35.2728 3.27279 1.39
      vertex -35.5588 2.9 4.99
      vertex -35.5588 2.9 1.39
    endloop
  endfacet
  facet normal 0.382701 -0.923872 0
    outer loop
      vertex -34.9 3.55885 1.39
      vertex -34.4659 3.73867 4.99
      vertex -34.9 3.55885 4.99
    endloop
  endfacet
  facet normal 0.382701 -0.923872 0
    outer loop
      vertex -34.4659 3.73867 4.99
      vertex -34.9 3.55885 1.39
      vertex -34.4659 3.73867 1.39
    endloop
  endfacet
  facet normal -0.923821 0.382824 0
    outer loop
      vertex -32.4412 1.1 1.39
      vertex -32.2613 1.53413 4.99
      vertex -32.2613 1.53413 1.39
    endloop
  endfacet
  facet normal -0.923821 0.382824 0
    outer loop
      vertex -32.2613 1.53413 4.99
      vertex -32.4412 1.1 1.39
      vertex -32.4412 1.1 4.99
    endloop
  endfacet
  facet normal 0.608754 0.793359 -0
    outer loop
      vertex -34.9 0.441154 1.39
      vertex -35.2728 0.727208 4.99
      vertex -34.9 0.441154 4.99
    endloop
  endfacet
  facet normal 0.608754 0.793359 0
    outer loop
      vertex -35.2728 0.727208 4.99
      vertex -34.9 0.441154 1.39
      vertex -35.2728 0.727208 1.39
    endloop
  endfacet
  facet normal -0.793407 -0.608692 0
    outer loop
      vertex -32.4412 2.9 1.39
      vertex -32.7272 3.27279 4.99
      vertex -32.7272 3.27279 1.39
    endloop
  endfacet
  facet normal -0.793407 -0.608692 0
    outer loop
      vertex -32.7272 3.27279 4.99
      vertex -32.4412 2.9 1.39
      vertex -32.4412 2.9 4.99
    endloop
  endfacet
  facet normal 0.923821 -0.382824 0
    outer loop
      vertex -35.7387 2.46587 4.99
      vertex -35.5588 2.9 1.39
      vertex -35.5588 2.9 4.99
    endloop
  endfacet
  facet normal 0.923821 -0.382824 0
    outer loop
      vertex -35.5588 2.9 1.39
      vertex -35.7387 2.46587 4.99
      vertex -35.7387 2.46587 1.39
    endloop
  endfacet
  facet normal 0.130512 -0.991447 0
    outer loop
      vertex -34.4659 3.73867 1.39
      vertex -34 3.8 4.99
      vertex -34.4659 3.73867 4.99
    endloop
  endfacet
  facet normal 0.130512 -0.991447 0
    outer loop
      vertex -34 3.8 4.99
      vertex -34.4659 3.73867 1.39
      vertex -34 3.8 1.39
    endloop
  endfacet
  facet normal -0.991454 0.130457 0
    outer loop
      vertex -32.2613 1.53413 1.39
      vertex -32.2 2 4.99
      vertex -32.2 2 1.39
    endloop
  endfacet
  facet normal -0.991454 0.130457 0
    outer loop
      vertex -32.2 2 4.99
      vertex -32.2613 1.53413 1.39
      vertex -32.2613 1.53413 4.99
    endloop
  endfacet
  facet normal -0.130518 0.991446 0
    outer loop
      vertex -33.5341 0.261334 1.39
      vertex -34 0.200001 4.99
      vertex -33.5341 0.261334 4.99
    endloop
  endfacet
  facet normal -0.130518 0.991446 0
    outer loop
      vertex -34 0.200001 4.99
      vertex -33.5341 0.261334 1.39
      vertex -34 0.200001 1.39
    endloop
  endfacet
  facet normal -0.608754 0.793359 0
    outer loop
      vertex -32.7272 0.727208 1.39
      vertex -33.1 0.441154 4.99
      vertex -32.7272 0.727208 4.99
    endloop
  endfacet
  facet normal -0.608754 0.793359 0
    outer loop
      vertex -33.1 0.441154 4.99
      vertex -32.7272 0.727208 1.39
      vertex -33.1 0.441154 1.39
    endloop
  endfacet
  facet normal 0.382701 0.923872 -0
    outer loop
      vertex -34.4659 0.261334 1.39
      vertex -34.9 0.441154 4.99
      vertex -34.4659 0.261334 4.99
    endloop
  endfacet
  facet normal 0.382701 0.923872 0
    outer loop
      vertex -34.9 0.441154 4.99
      vertex -34.4659 0.261334 1.39
      vertex -34.9 0.441154 1.39
    endloop
  endfacet
  facet normal 0.793408 0.60869 0
    outer loop
      vertex -35.2728 0.727208 4.99
      vertex -35.5588 1.1 1.39
      vertex -35.5588 1.1 4.99
    endloop
  endfacet
  facet normal 0.793408 0.60869 0
    outer loop
      vertex -35.5588 1.1 1.39
      vertex -35.2728 0.727208 4.99
      vertex -35.2728 0.727208 1.39
    endloop
  endfacet
  facet normal 0.991454 0.130457 0
    outer loop
      vertex -35.7387 1.53413 4.99
      vertex -35.8 2 1.39
      vertex -35.8 2 4.99
    endloop
  endfacet
  facet normal 0.991454 0.130457 0
    outer loop
      vertex -35.8 2 1.39
      vertex -35.7387 1.53413 4.99
      vertex -35.7387 1.53413 1.39
    endloop
  endfacet
  facet normal -0.382701 0.923872 0
    outer loop
      vertex -33.1 0.441154 1.39
      vertex -33.5341 0.261334 4.99
      vertex -33.1 0.441154 4.99
    endloop
  endfacet
  facet normal -0.382701 0.923872 0
    outer loop
      vertex -33.5341 0.261334 4.99
      vertex -33.1 0.441154 1.39
      vertex -33.5341 0.261334 1.39
    endloop
  endfacet
  facet normal -0.793408 0.60869 0
    outer loop
      vertex -32.7272 0.727208 1.39
      vertex -32.4412 1.1 4.99
      vertex -32.4412 1.1 1.39
    endloop
  endfacet
  facet normal -0.793408 0.60869 0
    outer loop
      vertex -32.4412 1.1 4.99
      vertex -32.7272 0.727208 1.39
      vertex -32.7272 0.727208 4.99
    endloop
  endfacet
  facet normal 0.130518 0.991446 -0
    outer loop
      vertex -34 0.200001 1.39
      vertex -34.4659 0.261334 4.99
      vertex -34 0.200001 4.99
    endloop
  endfacet
  facet normal 0.130518 0.991446 0
    outer loop
      vertex -34.4659 0.261334 4.99
      vertex -34 0.200001 1.39
      vertex -34.4659 0.261334 1.39
    endloop
  endfacet
  facet normal 0.923821 0.382824 0
    outer loop
      vertex -35.5588 1.1 4.99
      vertex -35.7387 1.53413 1.39
      vertex -35.7387 1.53413 4.99
    endloop
  endfacet
  facet normal 0.923821 0.382824 0
    outer loop
      vertex -35.7387 1.53413 1.39
      vertex -35.5588 1.1 4.99
      vertex -35.5588 1.1 1.39
    endloop
  endfacet
  facet normal -0.70406 -0.0927274 -0.70406
    outer loop
      vertex -30.9183 2.8223 0
      vertex -30.81 2 0
      vertex -32.2 2 1.39
    endloop
  endfacet
  facet normal 0.70406 0.0927274 -0.70406
    outer loop
      vertex -35.8 2 1.39
      vertex -37.0817 1.1777 0
      vertex -37.19 2 0
    endloop
  endfacet
  facet normal -0.656076 0.271756 -0.704068
    outer loop
      vertex -30.92 1.17127 0
      vertex -31.2374 0.405 0
      vertex -32.4412 1.1 1.39
    endloop
  endfacet
  facet normal 0.0926817 -0.704067 -0.70406
    outer loop
      vertex -34.4659 3.73867 1.39
      vertex -34.8223 5.08174 0
      vertex -34 3.8 1.39
    endloop
  endfacet
  facet normal 0.0938449 -0.703837 -0.704136
    outer loop
      vertex -34.8223 5.08174 0
      vertex -34.4659 3.73867 1.39
      vertex -34.8256 5.0813 0
    endloop
  endfacet
  facet normal 0.432302 -0.563386 -0.704068
    outer loop
      vertex -35.5977 4.76058 0
      vertex -34.9 3.55885 1.39
      vertex -35.2728 3.27279 1.39
    endloop
  endfacet
  facet normal 0.427893 -0.566329 -0.7044
    outer loop
      vertex -34.9 3.55885 1.39
      vertex -35.5977 4.76058 0
      vertex -35.595 4.76262 0
    endloop
  endfacet
  facet normal -0.563391 -0.432297 -0.704067
    outer loop
      vertex -31.7443 4.25567 0
      vertex -31.2394 3.59766 0
      vertex -32.7272 3.27279 1.39
    endloop
  endfacet
  facet normal 0.563391 -0.432297 -0.704067
    outer loop
      vertex -36.2557 4.25567 0
      vertex -35.2728 3.27279 1.39
      vertex -36.7606 3.59766 0
    endloop
  endfacet
  facet normal 0.432307 -0.563383 -0.704067
    outer loop
      vertex -35.5977 4.76058 0
      vertex -35.2728 3.27279 1.39
      vertex -36.2557 4.25567 0
    endloop
  endfacet
  facet normal -0.0926934 -0.704062 -0.704062
    outer loop
      vertex -34 5.19 0
      vertex -33.1777 5.08174 0
      vertex -34 3.8 1.39
    endloop
  endfacet
  facet normal 0.27175 -0.656087 -0.704061
    outer loop
      vertex -34.8287 5.08002 0
      vertex -34.9 3.55885 1.39
      vertex -35.595 4.76262 0
    endloop
  endfacet
  facet normal -0.271774 -0.656083 -0.704055
    outer loop
      vertex -33.5341 3.73867 1.39
      vertex -33.1713 5.08002 0
      vertex -33.1 3.55885 1.39
    endloop
  endfacet
  facet normal -0.271007 -0.656345 -0.704107
    outer loop
      vertex -33.1713 5.08002 0
      vertex -33.5341 3.73867 1.39
      vertex -33.1744 5.0813 0
    endloop
  endfacet
  facet normal -0.428311 0.56605 -0.70437
    outer loop
      vertex -33.1 0.441154 1.39
      vertex -32.4023 -0.760579 0
      vertex -32.405 -0.762622 0
    endloop
  endfacet
  facet normal -0.432295 0.563389 -0.704069
    outer loop
      vertex -32.4023 -0.760579 0
      vertex -33.1 0.441154 1.39
      vertex -32.7272 0.727208 1.39
    endloop
  endfacet
  facet normal -0.704091 0.0926455 -0.70404
    outer loop
      vertex -30.9183 1.1777 0
      vertex -32.2613 1.53413 1.39
      vertex -32.2 2 1.39
    endloop
  endfacet
  facet normal -0.705624 0.0847596 -0.703499
    outer loop
      vertex -32.2613 1.53413 1.39
      vertex -30.9183 1.1777 0
      vertex -30.9187 1.17437 0
    endloop
  endfacet
  facet normal -0.70406 0.0927274 -0.70406
    outer loop
      vertex -30.81 2 0
      vertex -30.9183 1.1777 0
      vertex -32.2 2 1.39
    endloop
  endfacet
  facet normal 0.70406 -0.0927274 -0.70406
    outer loop
      vertex -37.0817 2.8223 0
      vertex -35.8 2 1.39
      vertex -37.19 2 0
    endloop
  endfacet
  facet normal 0.656076 -0.271756 -0.704068
    outer loop
      vertex -36.7626 3.595 0
      vertex -35.5588 2.9 1.39
      vertex -37.08 2.82873 0
    endloop
  endfacet
  facet normal 0.563415 0.432243 -0.70408
    outer loop
      vertex -36.7606 0.402338 0
      vertex -35.5588 1.1 1.39
      vertex -35.2728 0.727208 1.39
    endloop
  endfacet
  facet normal 0.567386 0.426286 -0.704524
    outer loop
      vertex -35.5588 1.1 1.39
      vertex -36.7606 0.402338 0
      vertex -36.7626 0.405 0
    endloop
  endfacet
  facet normal 0.432306 0.563384 -0.704066
    outer loop
      vertex -35.2728 0.727208 1.39
      vertex -35.5977 -0.760579 0
      vertex -36.2557 -0.255671 0
    endloop
  endfacet
  facet normal 0.271007 -0.656345 -0.704107
    outer loop
      vertex -34.4659 3.73867 1.39
      vertex -34.8287 5.08002 0
      vertex -34.8256 5.0813 0
    endloop
  endfacet
  facet normal 0.271774 -0.656083 -0.704055
    outer loop
      vertex -34.8287 5.08002 0
      vertex -34.4659 3.73867 1.39
      vertex -34.9 3.55885 1.39
    endloop
  endfacet
  facet normal -0.0938449 -0.703837 -0.704136
    outer loop
      vertex -33.5341 3.73867 1.39
      vertex -33.1777 5.08174 0
      vertex -33.1744 5.0813 0
    endloop
  endfacet
  facet normal -0.0926817 -0.704067 -0.70406
    outer loop
      vertex -33.1777 5.08174 0
      vertex -33.5341 3.73867 1.39
      vertex -34 3.8 1.39
    endloop
  endfacet
  facet normal 0.0926934 -0.704062 -0.704062
    outer loop
      vertex -34 5.19 0
      vertex -34 3.8 1.39
      vertex -34.8223 5.08174 0
    endloop
  endfacet
  facet normal -0.656076 -0.271756 -0.704068
    outer loop
      vertex -31.2374 3.595 0
      vertex -30.92 2.82873 0
      vertex -32.4412 2.9 1.39
    endloop
  endfacet
  facet normal -0.567245 -0.4265 -0.704508
    outer loop
      vertex -32.4412 2.9 1.39
      vertex -31.2394 3.59766 0
      vertex -31.2374 3.595 0
    endloop
  endfacet
  facet normal -0.563414 -0.432245 -0.70408
    outer loop
      vertex -31.2394 3.59766 0
      vertex -32.4412 2.9 1.39
      vertex -32.7272 3.27279 1.39
    endloop
  endfacet
  facet normal -0.432307 -0.563383 -0.704067
    outer loop
      vertex -32.4023 4.76058 0
      vertex -31.7443 4.25567 0
      vertex -32.7272 3.27279 1.39
    endloop
  endfacet
  facet normal -0.432302 -0.563386 -0.704068
    outer loop
      vertex -33.1 3.55885 1.39
      vertex -32.4023 4.76058 0
      vertex -32.7272 3.27279 1.39
    endloop
  endfacet
  facet normal -0.427893 -0.566329 -0.7044
    outer loop
      vertex -32.4023 4.76058 0
      vertex -33.1 3.55885 1.39
      vertex -32.405 4.76262 0
    endloop
  endfacet
  facet normal -0.27175 -0.656087 -0.704061
    outer loop
      vertex -32.405 4.76262 0
      vertex -33.1 3.55885 1.39
      vertex -33.1713 5.08002 0
    endloop
  endfacet
  facet normal -0.567386 0.426286 -0.704524
    outer loop
      vertex -31.2394 0.402338 0
      vertex -32.4412 1.1 1.39
      vertex -31.2374 0.405 0
    endloop
  endfacet
  facet normal -0.563415 0.432243 -0.70408
    outer loop
      vertex -32.4412 1.1 1.39
      vertex -31.2394 0.402338 0
      vertex -32.7272 0.727208 1.39
    endloop
  endfacet
  facet normal 0.0926934 0.704062 -0.704063
    outer loop
      vertex -34 0.200001 1.39
      vertex -34 -1.19 0
      vertex -34.8223 -1.08174 0
    endloop
  endfacet
  facet normal -0.0926934 0.704062 -0.704063
    outer loop
      vertex -34 0.200001 1.39
      vertex -33.1777 -1.08174 0
      vertex -34 -1.19 0
    endloop
  endfacet
  facet normal -0.271748 0.656087 -0.704062
    outer loop
      vertex -33.1 0.441154 1.39
      vertex -32.405 -0.762622 0
      vertex -33.1713 -1.08002 0
    endloop
  endfacet
  facet normal 0.563414 -0.432245 -0.70408
    outer loop
      vertex -35.5588 2.9 1.39
      vertex -36.7606 3.59766 0
      vertex -35.2728 3.27279 1.39
    endloop
  endfacet
  facet normal 0.567245 -0.4265 -0.704508
    outer loop
      vertex -36.7606 3.59766 0
      vertex -35.5588 2.9 1.39
      vertex -36.7626 3.595 0
    endloop
  endfacet
  facet normal 0.56339 0.432298 -0.704067
    outer loop
      vertex -35.2728 0.727208 1.39
      vertex -36.2557 -0.255671 0
      vertex -36.7606 0.402338 0
    endloop
  endfacet
  facet normal 0.704091 0.0926455 -0.70404
    outer loop
      vertex -35.7387 1.53413 1.39
      vertex -37.0817 1.1777 0
      vertex -35.8 2 1.39
    endloop
  endfacet
  facet normal 0.705624 0.0847596 -0.703499
    outer loop
      vertex -37.0817 1.1777 0
      vertex -35.7387 1.53413 1.39
      vertex -37.0813 1.17437 0
    endloop
  endfacet
  facet normal -0.705624 -0.0847596 -0.703499
    outer loop
      vertex -30.9183 2.8223 0
      vertex -32.2613 2.46587 1.39
      vertex -30.9187 2.82563 0
    endloop
  endfacet
  facet normal -0.704091 -0.0926455 -0.70404
    outer loop
      vertex -32.2613 2.46587 1.39
      vertex -30.9183 2.8223 0
      vertex -32.2 2 1.39
    endloop
  endfacet
  facet normal -0.655083 -0.274712 -0.703846
    outer loop
      vertex -32.2613 2.46587 1.39
      vertex -30.92 2.82873 0
      vertex -30.9187 2.82563 0
    endloop
  endfacet
  facet normal -0.656058 -0.271865 -0.704043
    outer loop
      vertex -30.92 2.82873 0
      vertex -32.2613 2.46587 1.39
      vertex -32.4412 2.9 1.39
    endloop
  endfacet
  facet normal -0.655083 0.274712 -0.703846
    outer loop
      vertex -30.92 1.17127 0
      vertex -32.2613 1.53413 1.39
      vertex -30.9187 1.17437 0
    endloop
  endfacet
  facet normal -0.656058 0.271865 -0.704043
    outer loop
      vertex -32.2613 1.53413 1.39
      vertex -30.92 1.17127 0
      vertex -32.4412 1.1 1.39
    endloop
  endfacet
  facet normal -0.432306 0.563384 -0.704066
    outer loop
      vertex -31.7443 -0.255671 0
      vertex -32.4023 -0.760579 0
      vertex -32.7272 0.727208 1.39
    endloop
  endfacet
  facet normal -0.56339 0.432298 -0.704067
    outer loop
      vertex -31.2394 0.402338 0
      vertex -31.7443 -0.255671 0
      vertex -32.7272 0.727208 1.39
    endloop
  endfacet
  facet normal 0.428311 0.56605 -0.70437
    outer loop
      vertex -35.5977 -0.760579 0
      vertex -34.9 0.441154 1.39
      vertex -35.595 -0.762622 0
    endloop
  endfacet
  facet normal 0.432295 0.563389 -0.704069
    outer loop
      vertex -34.9 0.441154 1.39
      vertex -35.5977 -0.760579 0
      vertex -35.2728 0.727208 1.39
    endloop
  endfacet
  facet normal -0.0938448 0.703836 -0.704137
    outer loop
      vertex -33.1777 -1.08174 0
      vertex -33.5341 0.261334 1.39
      vertex -33.1744 -1.0813 0
    endloop
  endfacet
  facet normal -0.092686 0.704065 -0.704061
    outer loop
      vertex -33.5341 0.261334 1.39
      vertex -33.1777 -1.08174 0
      vertex -34 0.200001 1.39
    endloop
  endfacet
  facet normal -0.271006 0.656344 -0.704108
    outer loop
      vertex -33.5341 0.261334 1.39
      vertex -33.1713 -1.08002 0
      vertex -33.1744 -1.0813 0
    endloop
  endfacet
  facet normal -0.271773 0.656082 -0.704056
    outer loop
      vertex -33.1713 -1.08002 0
      vertex -33.5341 0.261334 1.39
      vertex -33.1 0.441154 1.39
    endloop
  endfacet
  facet normal 0.656058 -0.271865 -0.704043
    outer loop
      vertex -35.7387 2.46587 1.39
      vertex -37.08 2.82873 0
      vertex -35.5588 2.9 1.39
    endloop
  endfacet
  facet normal 0.655083 -0.274712 -0.703846
    outer loop
      vertex -37.08 2.82873 0
      vertex -35.7387 2.46587 1.39
      vertex -37.0813 2.82563 0
    endloop
  endfacet
  facet normal 0.705624 -0.0847596 -0.703499
    outer loop
      vertex -35.7387 2.46587 1.39
      vertex -37.0817 2.8223 0
      vertex -37.0813 2.82563 0
    endloop
  endfacet
  facet normal 0.704091 -0.0926455 -0.70404
    outer loop
      vertex -37.0817 2.8223 0
      vertex -35.7387 2.46587 1.39
      vertex -35.8 2 1.39
    endloop
  endfacet
  facet normal 0.656076 0.271756 -0.704068
    outer loop
      vertex -35.5588 1.1 1.39
      vertex -36.7626 0.405 0
      vertex -37.08 1.17127 0
    endloop
  endfacet
  facet normal 0.656058 0.271865 -0.704043
    outer loop
      vertex -37.08 1.17127 0
      vertex -35.7387 1.53413 1.39
      vertex -35.5588 1.1 1.39
    endloop
  endfacet
  facet normal 0.655083 0.274712 -0.703846
    outer loop
      vertex -35.7387 1.53413 1.39
      vertex -37.08 1.17127 0
      vertex -37.0813 1.17437 0
    endloop
  endfacet
  facet normal 0.271748 0.656087 -0.704062
    outer loop
      vertex -34.9 0.441154 1.39
      vertex -34.8287 -1.08002 0
      vertex -35.595 -0.762622 0
    endloop
  endfacet
  facet normal 0.271006 0.656344 -0.704108
    outer loop
      vertex -34.8287 -1.08002 0
      vertex -34.4659 0.261334 1.39
      vertex -34.8256 -1.0813 0
    endloop
  endfacet
  facet normal 0.271773 0.656082 -0.704056
    outer loop
      vertex -34.4659 0.261334 1.39
      vertex -34.8287 -1.08002 0
      vertex -34.9 0.441154 1.39
    endloop
  endfacet
  facet normal 0.092686 0.704065 -0.704061
    outer loop
      vertex -34.8223 -1.08174 0
      vertex -34.4659 0.261334 1.39
      vertex -34 0.200001 1.39
    endloop
  endfacet
  facet normal 0.0938448 0.703836 -0.704137
    outer loop
      vertex -34.4659 0.261334 1.39
      vertex -34.8223 -1.08174 0
      vertex -34.8256 -1.0813 0
    endloop
  endfacet
  facet normal -0.991454 -0.130457 0
    outer loop
      vertex 35.8 2 1.39
      vertex 35.7387 2.46587 4.99
      vertex 35.7387 2.46587 1.39
    endloop
  endfacet
  facet normal -0.991454 -0.130457 0
    outer loop
      vertex 35.7387 2.46587 4.99
      vertex 35.8 2 1.39
      vertex 35.8 2 4.99
    endloop
  endfacet
  facet normal -0.382701 -0.923872 0
    outer loop
      vertex 34.4659 3.73867 1.39
      vertex 34.9 3.55885 4.99
      vertex 34.4659 3.73867 4.99
    endloop
  endfacet
  facet normal -0.382701 -0.923872 -0
    outer loop
      vertex 34.9 3.55885 4.99
      vertex 34.4659 3.73867 1.39
      vertex 34.9 3.55885 1.39
    endloop
  endfacet
  facet normal 0.923821 -0.382824 0
    outer loop
      vertex 32.2613 2.46587 4.99
      vertex 32.4412 2.9 1.39
      vertex 32.4412 2.9 4.99
    endloop
  endfacet
  facet normal 0.923821 -0.382824 0
    outer loop
      vertex 32.4412 2.9 1.39
      vertex 32.2613 2.46587 4.99
      vertex 32.2613 2.46587 1.39
    endloop
  endfacet
  facet normal 0.382701 0.923872 -0
    outer loop
      vertex 33.5341 0.261334 1.39
      vertex 33.1 0.441154 4.99
      vertex 33.5341 0.261334 4.99
    endloop
  endfacet
  facet normal 0.382701 0.923872 0
    outer loop
      vertex 33.1 0.441154 4.99
      vertex 33.5341 0.261334 1.39
      vertex 33.1 0.441154 1.39
    endloop
  endfacet
  facet normal -0.923821 -0.382824 0
    outer loop
      vertex 35.7387 2.46587 1.39
      vertex 35.5588 2.9 4.99
      vertex 35.5588 2.9 1.39
    endloop
  endfacet
  facet normal -0.923821 -0.382824 0
    outer loop
      vertex 35.5588 2.9 4.99
      vertex 35.7387 2.46587 1.39
      vertex 35.7387 2.46587 4.99
    endloop
  endfacet
  facet normal -0.130512 -0.991447 0
    outer loop
      vertex 34 3.8 1.39
      vertex 34.4659 3.73867 4.99
      vertex 34 3.8 4.99
    endloop
  endfacet
  facet normal -0.130512 -0.991447 -0
    outer loop
      vertex 34.4659 3.73867 4.99
      vertex 34 3.8 1.39
      vertex 34.4659 3.73867 1.39
    endloop
  endfacet
  facet normal 0.382701 -0.923872 0
    outer loop
      vertex 33.1 3.55885 1.39
      vertex 33.5341 3.73867 4.99
      vertex 33.1 3.55885 4.99
    endloop
  endfacet
  facet normal 0.382701 -0.923872 0
    outer loop
      vertex 33.5341 3.73867 4.99
      vertex 33.1 3.55885 1.39
      vertex 33.5341 3.73867 1.39
    endloop
  endfacet
  facet normal 0.793407 -0.608692 0
    outer loop
      vertex 32.4412 2.9 4.99
      vertex 32.7272 3.27279 1.39
      vertex 32.7272 3.27279 4.99
    endloop
  endfacet
  facet normal 0.793407 -0.608692 0
    outer loop
      vertex 32.7272 3.27279 1.39
      vertex 32.4412 2.9 4.99
      vertex 32.4412 2.9 1.39
    endloop
  endfacet
  facet normal 0.608762 -0.793353 0
    outer loop
      vertex 32.7272 3.27279 1.39
      vertex 33.1 3.55885 4.99
      vertex 32.7272 3.27279 4.99
    endloop
  endfacet
  facet normal 0.608762 -0.793353 0
    outer loop
      vertex 33.1 3.55885 4.99
      vertex 32.7272 3.27279 1.39
      vertex 33.1 3.55885 1.39
    endloop
  endfacet
  facet normal -0.608754 0.793359 0
    outer loop
      vertex 35.2728 0.727208 1.39
      vertex 34.9 0.441154 4.99
      vertex 35.2728 0.727208 4.99
    endloop
  endfacet
  facet normal -0.608754 0.793359 0
    outer loop
      vertex 34.9 0.441154 4.99
      vertex 35.2728 0.727208 1.39
      vertex 34.9 0.441154 1.39
    endloop
  endfacet
  facet normal 0.923821 0.382824 0
    outer loop
      vertex 32.4412 1.1 4.99
      vertex 32.2613 1.53413 1.39
      vertex 32.2613 1.53413 4.99
    endloop
  endfacet
  facet normal 0.923821 0.382824 0
    outer loop
      vertex 32.2613 1.53413 1.39
      vertex 32.4412 1.1 4.99
      vertex 32.4412 1.1 1.39
    endloop
  endfacet
  facet normal 0.608754 0.793359 -0
    outer loop
      vertex 33.1 0.441154 1.39
      vertex 32.7272 0.727208 4.99
      vertex 33.1 0.441154 4.99
    endloop
  endfacet
  facet normal 0.608754 0.793359 0
    outer loop
      vertex 32.7272 0.727208 4.99
      vertex 33.1 0.441154 1.39
      vertex 32.7272 0.727208 1.39
    endloop
  endfacet
  facet normal -0.793407 -0.608692 0
    outer loop
      vertex 35.5588 2.9 1.39
      vertex 35.2728 3.27279 4.99
      vertex 35.2728 3.27279 1.39
    endloop
  endfacet
  facet normal -0.793407 -0.608692 0
    outer loop
      vertex 35.2728 3.27279 4.99
      vertex 35.5588 2.9 1.39
      vertex 35.5588 2.9 4.99
    endloop
  endfacet
  facet normal -0.608762 -0.793353 0
    outer loop
      vertex 34.9 3.55885 1.39
      vertex 35.2728 3.27279 4.99
      vertex 34.9 3.55885 4.99
    endloop
  endfacet
  facet normal -0.608762 -0.793353 -0
    outer loop
      vertex 35.2728 3.27279 4.99
      vertex 34.9 3.55885 1.39
      vertex 35.2728 3.27279 1.39
    endloop
  endfacet
  facet normal 0.991454 -0.130457 0
    outer loop
      vertex 32.2 2 4.99
      vertex 32.2613 2.46587 1.39
      vertex 32.2613 2.46587 4.99
    endloop
  endfacet
  facet normal 0.991454 -0.130457 0
    outer loop
      vertex 32.2613 2.46587 1.39
      vertex 32.2 2 4.99
      vertex 32.2 2 1.39
    endloop
  endfacet
  facet normal 0.130512 -0.991447 0
    outer loop
      vertex 33.5341 3.73867 1.39
      vertex 34 3.8 4.99
      vertex 33.5341 3.73867 4.99
    endloop
  endfacet
  facet normal 0.130512 -0.991447 0
    outer loop
      vertex 34 3.8 4.99
      vertex 33.5341 3.73867 1.39
      vertex 34 3.8 1.39
    endloop
  endfacet
  facet normal -0.923821 0.382824 0
    outer loop
      vertex 35.5588 1.1 1.39
      vertex 35.7387 1.53413 4.99
      vertex 35.7387 1.53413 1.39
    endloop
  endfacet
  facet normal -0.923821 0.382824 0
    outer loop
      vertex 35.7387 1.53413 4.99
      vertex 35.5588 1.1 1.39
      vertex 35.5588 1.1 4.99
    endloop
  endfacet
  facet normal -0.130518 0.991446 0
    outer loop
      vertex 34.4659 0.261334 1.39
      vertex 34 0.200001 4.99
      vertex 34.4659 0.261334 4.99
    endloop
  endfacet
  facet normal -0.130518 0.991446 0
    outer loop
      vertex 34 0.200001 4.99
      vertex 34.4659 0.261334 1.39
      vertex 34 0.200001 1.39
    endloop
  endfacet
  facet normal -0.382701 0.923872 0
    outer loop
      vertex 34.9 0.441154 1.39
      vertex 34.4659 0.261334 4.99
      vertex 34.9 0.441154 4.99
    endloop
  endfacet
  facet normal -0.382701 0.923872 0
    outer loop
      vertex 34.4659 0.261334 4.99
      vertex 34.9 0.441154 1.39
      vertex 34.4659 0.261334 1.39
    endloop
  endfacet
  facet normal 0.130518 0.991446 -0
    outer loop
      vertex 34 0.200001 1.39
      vertex 33.5341 0.261334 4.99
      vertex 34 0.200001 4.99
    endloop
  endfacet
  facet normal 0.130518 0.991446 0
    outer loop
      vertex 33.5341 0.261334 4.99
      vertex 34 0.200001 1.39
      vertex 33.5341 0.261334 1.39
    endloop
  endfacet
  facet normal 0.793408 0.60869 0
    outer loop
      vertex 32.7272 0.727208 4.99
      vertex 32.4412 1.1 1.39
      vertex 32.4412 1.1 4.99
    endloop
  endfacet
  facet normal 0.793408 0.60869 0
    outer loop
      vertex 32.4412 1.1 1.39
      vertex 32.7272 0.727208 4.99
      vertex 32.7272 0.727208 1.39
    endloop
  endfacet
  facet normal 0.991454 0.130457 0
    outer loop
      vertex 32.2613 1.53413 4.99
      vertex 32.2 2 1.39
      vertex 32.2 2 4.99
    endloop
  endfacet
  facet normal 0.991454 0.130457 0
    outer loop
      vertex 32.2 2 1.39
      vertex 32.2613 1.53413 4.99
      vertex 32.2613 1.53413 1.39
    endloop
  endfacet
  facet normal -0.991454 0.130457 0
    outer loop
      vertex 35.7387 1.53413 1.39
      vertex 35.8 2 4.99
      vertex 35.8 2 1.39
    endloop
  endfacet
  facet normal -0.991454 0.130457 0
    outer loop
      vertex 35.8 2 4.99
      vertex 35.7387 1.53413 1.39
      vertex 35.7387 1.53413 4.99
    endloop
  endfacet
  facet normal -0.793408 0.60869 0
    outer loop
      vertex 35.2728 0.727208 1.39
      vertex 35.5588 1.1 4.99
      vertex 35.5588 1.1 1.39
    endloop
  endfacet
  facet normal -0.793408 0.60869 0
    outer loop
      vertex 35.5588 1.1 4.99
      vertex 35.2728 0.727208 1.39
      vertex 35.2728 0.727208 4.99
    endloop
  endfacet
  facet normal -0.70406 -0.0927274 -0.70406
    outer loop
      vertex 37.0817 2.8223 0
      vertex 37.19 2 0
      vertex 35.8 2 1.39
    endloop
  endfacet
  facet normal 0.70406 0.0927274 -0.70406
    outer loop
      vertex 32.2 2 1.39
      vertex 30.9183 1.1777 0
      vertex 30.81 2 0
    endloop
  endfacet
  facet normal -0.656076 0.271756 -0.704068
    outer loop
      vertex 37.08 1.17127 0
      vertex 36.7626 0.405 0
      vertex 35.5588 1.1 1.39
    endloop
  endfacet
  facet normal 0.0926817 -0.704067 -0.70406
    outer loop
      vertex 33.5341 3.73867 1.39
      vertex 33.1777 5.08174 0
      vertex 34 3.8 1.39
    endloop
  endfacet
  facet normal 0.0938449 -0.703837 -0.704136
    outer loop
      vertex 33.1777 5.08174 0
      vertex 33.5341 3.73867 1.39
      vertex 33.1744 5.0813 0
    endloop
  endfacet
  facet normal 0.432302 -0.563386 -0.704068
    outer loop
      vertex 32.4023 4.76058 0
      vertex 33.1 3.55885 1.39
      vertex 32.7272 3.27279 1.39
    endloop
  endfacet
  facet normal 0.427893 -0.566329 -0.7044
    outer loop
      vertex 33.1 3.55885 1.39
      vertex 32.4023 4.76058 0
      vertex 32.405 4.76262 0
    endloop
  endfacet
  facet normal -0.563391 -0.432297 -0.704067
    outer loop
      vertex 36.2557 4.25567 0
      vertex 36.7606 3.59766 0
      vertex 35.2728 3.27279 1.39
    endloop
  endfacet
  facet normal 0.563391 -0.432297 -0.704067
    outer loop
      vertex 31.7443 4.25567 0
      vertex 32.7272 3.27279 1.39
      vertex 31.2394 3.59766 0
    endloop
  endfacet
  facet normal 0.432307 -0.563383 -0.704067
    outer loop
      vertex 32.4023 4.76058 0
      vertex 32.7272 3.27279 1.39
      vertex 31.7443 4.25567 0
    endloop
  endfacet
  facet normal -0.0926934 -0.704062 -0.704062
    outer loop
      vertex 34 5.19 0
      vertex 34.8223 5.08174 0
      vertex 34 3.8 1.39
    endloop
  endfacet
  facet normal 0.27175 -0.656087 -0.704061
    outer loop
      vertex 33.1713 5.08002 0
      vertex 33.1 3.55885 1.39
      vertex 32.405 4.76262 0
    endloop
  endfacet
  facet normal -0.271774 -0.656083 -0.704055
    outer loop
      vertex 34.4659 3.73867 1.39
      vertex 34.8287 5.08002 0
      vertex 34.9 3.55885 1.39
    endloop
  endfacet
  facet normal -0.271007 -0.656345 -0.704107
    outer loop
      vertex 34.8287 5.08002 0
      vertex 34.4659 3.73867 1.39
      vertex 34.8256 5.0813 0
    endloop
  endfacet
  facet normal -0.428311 0.56605 -0.70437
    outer loop
      vertex 34.9 0.441154 1.39
      vertex 35.5977 -0.760579 0
      vertex 35.595 -0.762622 0
    endloop
  endfacet
  facet normal -0.432295 0.563389 -0.704069
    outer loop
      vertex 35.5977 -0.760579 0
      vertex 34.9 0.441154 1.39
      vertex 35.2728 0.727208 1.39
    endloop
  endfacet
  facet normal -0.704091 0.0926455 -0.70404
    outer loop
      vertex 37.0817 1.1777 0
      vertex 35.7387 1.53413 1.39
      vertex 35.8 2 1.39
    endloop
  endfacet
  facet normal -0.705624 0.0847596 -0.703499
    outer loop
      vertex 35.7387 1.53413 1.39
      vertex 37.0817 1.1777 0
      vertex 37.0813 1.17437 0
    endloop
  endfacet
  facet normal -0.70406 0.0927274 -0.70406
    outer loop
      vertex 37.19 2 0
      vertex 37.0817 1.1777 0
      vertex 35.8 2 1.39
    endloop
  endfacet
  facet normal 0.70406 -0.0927274 -0.70406
    outer loop
      vertex 30.9183 2.8223 0
      vertex 32.2 2 1.39
      vertex 30.81 2 0
    endloop
  endfacet
  facet normal 0.656076 -0.271756 -0.704068
    outer loop
      vertex 31.2374 3.595 0
      vertex 32.4412 2.9 1.39
      vertex 30.92 2.82873 0
    endloop
  endfacet
  facet normal 0.563415 0.432243 -0.70408
    outer loop
      vertex 31.2394 0.402338 0
      vertex 32.4412 1.1 1.39
      vertex 32.7272 0.727208 1.39
    endloop
  endfacet
  facet normal 0.567386 0.426286 -0.704524
    outer loop
      vertex 32.4412 1.1 1.39
      vertex 31.2394 0.402338 0
      vertex 31.2374 0.405 0
    endloop
  endfacet
  facet normal 0.432306 0.563384 -0.704066
    outer loop
      vertex 32.7272 0.727208 1.39
      vertex 32.4023 -0.760579 0
      vertex 31.7443 -0.255671 0
    endloop
  endfacet
  facet normal 0.271007 -0.656345 -0.704107
    outer loop
      vertex 33.5341 3.73867 1.39
      vertex 33.1713 5.08002 0
      vertex 33.1744 5.0813 0
    endloop
  endfacet
  facet normal 0.271774 -0.656083 -0.704055
    outer loop
      vertex 33.1713 5.08002 0
      vertex 33.5341 3.73867 1.39
      vertex 33.1 3.55885 1.39
    endloop
  endfacet
  facet normal -0.0938449 -0.703837 -0.704136
    outer loop
      vertex 34.4659 3.73867 1.39
      vertex 34.8223 5.08174 0
      vertex 34.8256 5.0813 0
    endloop
  endfacet
  facet normal -0.0926817 -0.704067 -0.70406
    outer loop
      vertex 34.8223 5.08174 0
      vertex 34.4659 3.73867 1.39
      vertex 34 3.8 1.39
    endloop
  endfacet
  facet normal 0.0926934 -0.704062 -0.704062
    outer loop
      vertex 34 5.19 0
      vertex 34 3.8 1.39
      vertex 33.1777 5.08174 0
    endloop
  endfacet
  facet normal -0.656076 -0.271756 -0.704068
    outer loop
      vertex 36.7626 3.595 0
      vertex 37.08 2.82873 0
      vertex 35.5588 2.9 1.39
    endloop
  endfacet
  facet normal -0.567245 -0.4265 -0.704508
    outer loop
      vertex 35.5588 2.9 1.39
      vertex 36.7606 3.59766 0
      vertex 36.7626 3.595 0
    endloop
  endfacet
  facet normal -0.563414 -0.432245 -0.70408
    outer loop
      vertex 36.7606 3.59766 0
      vertex 35.5588 2.9 1.39
      vertex 35.2728 3.27279 1.39
    endloop
  endfacet
  facet normal -0.432307 -0.563383 -0.704067
    outer loop
      vertex 35.5977 4.76058 0
      vertex 36.2557 4.25567 0
      vertex 35.2728 3.27279 1.39
    endloop
  endfacet
  facet normal -0.432302 -0.563386 -0.704068
    outer loop
      vertex 34.9 3.55885 1.39
      vertex 35.5977 4.76058 0
      vertex 35.2728 3.27279 1.39
    endloop
  endfacet
  facet normal -0.427893 -0.566329 -0.7044
    outer loop
      vertex 35.5977 4.76058 0
      vertex 34.9 3.55885 1.39
      vertex 35.595 4.76262 0
    endloop
  endfacet
  facet normal -0.27175 -0.656087 -0.704061
    outer loop
      vertex 35.595 4.76262 0
      vertex 34.9 3.55885 1.39
      vertex 34.8287 5.08002 0
    endloop
  endfacet
  facet normal -0.567386 0.426286 -0.704524
    outer loop
      vertex 36.7606 0.402338 0
      vertex 35.5588 1.1 1.39
      vertex 36.7626 0.405 0
    endloop
  endfacet
  facet normal -0.563415 0.432243 -0.70408
    outer loop
      vertex 35.5588 1.1 1.39
      vertex 36.7606 0.402338 0
      vertex 35.2728 0.727208 1.39
    endloop
  endfacet
  facet normal 0.0926934 0.704062 -0.704063
    outer loop
      vertex 34 0.200001 1.39
      vertex 34 -1.19 0
      vertex 33.1777 -1.08174 0
    endloop
  endfacet
  facet normal -0.0926934 0.704062 -0.704063
    outer loop
      vertex 34 0.200001 1.39
      vertex 34.8223 -1.08174 0
      vertex 34 -1.19 0
    endloop
  endfacet
  facet normal -0.271748 0.656087 -0.704062
    outer loop
      vertex 34.9 0.441154 1.39
      vertex 35.595 -0.762622 0
      vertex 34.8287 -1.08002 0
    endloop
  endfacet
  facet normal 0.563414 -0.432245 -0.70408
    outer loop
      vertex 32.4412 2.9 1.39
      vertex 31.2394 3.59766 0
      vertex 32.7272 3.27279 1.39
    endloop
  endfacet
  facet normal 0.567245 -0.4265 -0.704508
    outer loop
      vertex 31.2394 3.59766 0
      vertex 32.4412 2.9 1.39
      vertex 31.2374 3.595 0
    endloop
  endfacet
  facet normal 0.56339 0.432298 -0.704067
    outer loop
      vertex 32.7272 0.727208 1.39
      vertex 31.7443 -0.255671 0
      vertex 31.2394 0.402338 0
    endloop
  endfacet
  facet normal 0.705624 0.0847596 -0.703499
    outer loop
      vertex 30.9183 1.1777 0
      vertex 32.2613 1.53413 1.39
      vertex 30.9187 1.17437 0
    endloop
  endfacet
  facet normal 0.704091 0.0926455 -0.70404
    outer loop
      vertex 32.2613 1.53413 1.39
      vertex 30.9183 1.1777 0
      vertex 32.2 2 1.39
    endloop
  endfacet
  facet normal -0.705624 -0.0847596 -0.703499
    outer loop
      vertex 37.0817 2.8223 0
      vertex 35.7387 2.46587 1.39
      vertex 37.0813 2.82563 0
    endloop
  endfacet
  facet normal -0.704091 -0.0926455 -0.70404
    outer loop
      vertex 35.7387 2.46587 1.39
      vertex 37.0817 2.8223 0
      vertex 35.8 2 1.39
    endloop
  endfacet
  facet normal -0.655083 -0.274712 -0.703846
    outer loop
      vertex 35.7387 2.46587 1.39
      vertex 37.08 2.82873 0
      vertex 37.0813 2.82563 0
    endloop
  endfacet
  facet normal -0.656058 -0.271865 -0.704043
    outer loop
      vertex 37.08 2.82873 0
      vertex 35.7387 2.46587 1.39
      vertex 35.5588 2.9 1.39
    endloop
  endfacet
  facet normal -0.655083 0.274712 -0.703846
    outer loop
      vertex 37.08 1.17127 0
      vertex 35.7387 1.53413 1.39
      vertex 37.0813 1.17437 0
    endloop
  endfacet
  facet normal -0.656058 0.271865 -0.704043
    outer loop
      vertex 35.7387 1.53413 1.39
      vertex 37.08 1.17127 0
      vertex 35.5588 1.1 1.39
    endloop
  endfacet
  facet normal -0.432306 0.563384 -0.704066
    outer loop
      vertex 36.2557 -0.255671 0
      vertex 35.5977 -0.760579 0
      vertex 35.2728 0.727208 1.39
    endloop
  endfacet
  facet normal -0.56339 0.432298 -0.704067
    outer loop
      vertex 36.7606 0.402338 0
      vertex 36.2557 -0.255671 0
      vertex 35.2728 0.727208 1.39
    endloop
  endfacet
  facet normal 0.428311 0.56605 -0.70437
    outer loop
      vertex 32.4023 -0.760579 0
      vertex 33.1 0.441154 1.39
      vertex 32.405 -0.762622 0
    endloop
  endfacet
  facet normal 0.432295 0.563389 -0.704069
    outer loop
      vertex 33.1 0.441154 1.39
      vertex 32.4023 -0.760579 0
      vertex 32.7272 0.727208 1.39
    endloop
  endfacet
  facet normal -0.0938448 0.703836 -0.704137
    outer loop
      vertex 34.8223 -1.08174 0
      vertex 34.4659 0.261334 1.39
      vertex 34.8256 -1.0813 0
    endloop
  endfacet
  facet normal -0.092686 0.704065 -0.704061
    outer loop
      vertex 34.4659 0.261334 1.39
      vertex 34.8223 -1.08174 0
      vertex 34 0.200001 1.39
    endloop
  endfacet
  facet normal -0.271006 0.656344 -0.704108
    outer loop
      vertex 34.4659 0.261334 1.39
      vertex 34.8287 -1.08002 0
      vertex 34.8256 -1.0813 0
    endloop
  endfacet
  facet normal -0.271773 0.656082 -0.704056
    outer loop
      vertex 34.8287 -1.08002 0
      vertex 34.4659 0.261334 1.39
      vertex 34.9 0.441154 1.39
    endloop
  endfacet
  facet normal 0.656058 -0.271865 -0.704043
    outer loop
      vertex 32.2613 2.46587 1.39
      vertex 30.92 2.82873 0
      vertex 32.4412 2.9 1.39
    endloop
  endfacet
  facet normal 0.655083 -0.274712 -0.703846
    outer loop
      vertex 30.92 2.82873 0
      vertex 32.2613 2.46587 1.39
      vertex 30.9187 2.82563 0
    endloop
  endfacet
  facet normal 0.705624 -0.0847596 -0.703499
    outer loop
      vertex 32.2613 2.46587 1.39
      vertex 30.9183 2.8223 0
      vertex 30.9187 2.82563 0
    endloop
  endfacet
  facet normal 0.704091 -0.0926455 -0.70404
    outer loop
      vertex 30.9183 2.8223 0
      vertex 32.2613 2.46587 1.39
      vertex 32.2 2 1.39
    endloop
  endfacet
  facet normal 0.656076 0.271756 -0.704068
    outer loop
      vertex 32.4412 1.1 1.39
      vertex 31.2374 0.405 0
      vertex 30.92 1.17127 0
    endloop
  endfacet
  facet normal 0.656058 0.271865 -0.704043
    outer loop
      vertex 30.92 1.17127 0
      vertex 32.2613 1.53413 1.39
      vertex 32.4412 1.1 1.39
    endloop
  endfacet
  facet normal 0.655083 0.274712 -0.703846
    outer loop
      vertex 32.2613 1.53413 1.39
      vertex 30.92 1.17127 0
      vertex 30.9187 1.17437 0
    endloop
  endfacet
  facet normal 0.271748 0.656087 -0.704062
    outer loop
      vertex 33.1 0.441154 1.39
      vertex 33.1713 -1.08002 0
      vertex 32.405 -0.762622 0
    endloop
  endfacet
  facet normal 0.271006 0.656344 -0.704108
    outer loop
      vertex 33.1713 -1.08002 0
      vertex 33.5341 0.261334 1.39
      vertex 33.1744 -1.0813 0
    endloop
  endfacet
  facet normal 0.271773 0.656082 -0.704056
    outer loop
      vertex 33.5341 0.261334 1.39
      vertex 33.1713 -1.08002 0
      vertex 33.1 0.441154 1.39
    endloop
  endfacet
  facet normal 0.092686 0.704065 -0.704061
    outer loop
      vertex 33.1777 -1.08174 0
      vertex 33.5341 0.261334 1.39
      vertex 34 0.200001 1.39
    endloop
  endfacet
  facet normal 0.0938448 0.703836 -0.704137
    outer loop
      vertex 33.5341 0.261334 1.39
      vertex 33.1777 -1.08174 0
      vertex 33.1744 -1.0813 0
    endloop
  endfacet
  facet normal -0.991455 -0.130449 0
    outer loop
      vertex -32.2 45 1.39
      vertex -32.2613 45.4659 4.99
      vertex -32.2613 45.4659 1.39
    endloop
  endfacet
  facet normal -0.991455 -0.130449 0
    outer loop
      vertex -32.2613 45.4659 4.99
      vertex -32.2 45 1.39
      vertex -32.2 45 4.99
    endloop
  endfacet
  facet normal 0.991455 -0.130449 0
    outer loop
      vertex -35.8 45 4.99
      vertex -35.7387 45.4659 1.39
      vertex -35.7387 45.4659 4.99
    endloop
  endfacet
  facet normal 0.991455 -0.130449 0
    outer loop
      vertex -35.7387 45.4659 1.39
      vertex -35.8 45 4.99
      vertex -35.8 45 1.39
    endloop
  endfacet
  facet normal -0.130449 -0.991455 0
    outer loop
      vertex -34 46.8 1.39
      vertex -33.5341 46.7387 4.99
      vertex -34 46.8 4.99
    endloop
  endfacet
  facet normal -0.130449 -0.991455 -0
    outer loop
      vertex -33.5341 46.7387 4.99
      vertex -34 46.8 1.39
      vertex -33.5341 46.7387 1.39
    endloop
  endfacet
  facet normal -0.608682 -0.793414 0
    outer loop
      vertex -33.1 46.5588 1.39
      vertex -32.7272 46.2728 4.99
      vertex -33.1 46.5588 4.99
    endloop
  endfacet
  facet normal -0.608682 -0.793414 -0
    outer loop
      vertex -32.7272 46.2728 4.99
      vertex -33.1 46.5588 1.39
      vertex -32.7272 46.2728 1.39
    endloop
  endfacet
  facet normal -0.923812 -0.382847 0
    outer loop
      vertex -32.2613 45.4659 1.39
      vertex -32.4412 45.9 4.99
      vertex -32.4412 45.9 1.39
    endloop
  endfacet
  facet normal -0.923812 -0.382847 0
    outer loop
      vertex -32.4412 45.9 4.99
      vertex -32.2613 45.4659 1.39
      vertex -32.2613 45.4659 4.99
    endloop
  endfacet
  facet normal -0.382847 -0.923812 0
    outer loop
      vertex -33.5341 46.7387 1.39
      vertex -33.1 46.5588 4.99
      vertex -33.5341 46.7387 4.99
    endloop
  endfacet
  facet normal -0.382847 -0.923812 -0
    outer loop
      vertex -33.1 46.5588 4.99
      vertex -33.5341 46.7387 1.39
      vertex -33.1 46.5588 1.39
    endloop
  endfacet
  facet normal 0.608682 -0.793414 0
    outer loop
      vertex -35.2728 46.2728 1.39
      vertex -34.9 46.5588 4.99
      vertex -35.2728 46.2728 4.99
    endloop
  endfacet
  facet normal 0.608682 -0.793414 0
    outer loop
      vertex -34.9 46.5588 4.99
      vertex -35.2728 46.2728 1.39
      vertex -34.9 46.5588 1.39
    endloop
  endfacet
  facet normal 0.793414 -0.608682 0
    outer loop
      vertex -35.5588 45.9 4.99
      vertex -35.2728 46.2728 1.39
      vertex -35.2728 46.2728 4.99
    endloop
  endfacet
  facet normal 0.793414 -0.608682 0
    outer loop
      vertex -35.2728 46.2728 1.39
      vertex -35.5588 45.9 4.99
      vertex -35.5588 45.9 1.39
    endloop
  endfacet
  facet normal 0.382847 -0.923812 0
    outer loop
      vertex -34.9 46.5588 1.39
      vertex -34.4659 46.7387 4.99
      vertex -34.9 46.5588 4.99
    endloop
  endfacet
  facet normal 0.382847 -0.923812 0
    outer loop
      vertex -34.4659 46.7387 4.99
      vertex -34.9 46.5588 1.39
      vertex -34.4659 46.7387 1.39
    endloop
  endfacet
  facet normal -0.923812 0.382847 0
    outer loop
      vertex -32.4412 44.1 1.39
      vertex -32.2613 44.5341 4.99
      vertex -32.2613 44.5341 1.39
    endloop
  endfacet
  facet normal -0.923812 0.382847 0
    outer loop
      vertex -32.2613 44.5341 4.99
      vertex -32.4412 44.1 1.39
      vertex -32.4412 44.1 4.99
    endloop
  endfacet
  facet normal 0.608682 0.793414 -0
    outer loop
      vertex -34.9 43.4412 1.39
      vertex -35.2728 43.7272 4.99
      vertex -34.9 43.4412 4.99
    endloop
  endfacet
  facet normal 0.608682 0.793414 0
    outer loop
      vertex -35.2728 43.7272 4.99
      vertex -34.9 43.4412 1.39
      vertex -35.2728 43.7272 1.39
    endloop
  endfacet
  facet normal -0.793414 -0.608682 0
    outer loop
      vertex -32.4412 45.9 1.39
      vertex -32.7272 46.2728 4.99
      vertex -32.7272 46.2728 1.39
    endloop
  endfacet
  facet normal -0.793414 -0.608682 0
    outer loop
      vertex -32.7272 46.2728 4.99
      vertex -32.4412 45.9 1.39
      vertex -32.4412 45.9 4.99
    endloop
  endfacet
  facet normal 0.923812 -0.382847 0
    outer loop
      vertex -35.7387 45.4659 4.99
      vertex -35.5588 45.9 1.39
      vertex -35.5588 45.9 4.99
    endloop
  endfacet
  facet normal 0.923812 -0.382847 0
    outer loop
      vertex -35.5588 45.9 1.39
      vertex -35.7387 45.4659 4.99
      vertex -35.7387 45.4659 1.39
    endloop
  endfacet
  facet normal 0.130449 -0.991455 0
    outer loop
      vertex -34.4659 46.7387 1.39
      vertex -34 46.8 4.99
      vertex -34.4659 46.7387 4.99
    endloop
  endfacet
  facet normal 0.130449 -0.991455 0
    outer loop
      vertex -34 46.8 4.99
      vertex -34.4659 46.7387 1.39
      vertex -34 46.8 1.39
    endloop
  endfacet
  facet normal -0.991455 0.130449 0
    outer loop
      vertex -32.2613 44.5341 1.39
      vertex -32.2 45 4.99
      vertex -32.2 45 1.39
    endloop
  endfacet
  facet normal -0.991455 0.130449 0
    outer loop
      vertex -32.2 45 4.99
      vertex -32.2613 44.5341 1.39
      vertex -32.2613 44.5341 4.99
    endloop
  endfacet
  facet normal -0.130449 0.991455 0
    outer loop
      vertex -33.5341 43.2613 1.39
      vertex -34 43.2 4.99
      vertex -33.5341 43.2613 4.99
    endloop
  endfacet
  facet normal -0.130449 0.991455 0
    outer loop
      vertex -34 43.2 4.99
      vertex -33.5341 43.2613 1.39
      vertex -34 43.2 1.39
    endloop
  endfacet
  facet normal -0.608682 0.793414 0
    outer loop
      vertex -32.7272 43.7272 1.39
      vertex -33.1 43.4412 4.99
      vertex -32.7272 43.7272 4.99
    endloop
  endfacet
  facet normal -0.608682 0.793414 0
    outer loop
      vertex -33.1 43.4412 4.99
      vertex -32.7272 43.7272 1.39
      vertex -33.1 43.4412 1.39
    endloop
  endfacet
  facet normal 0.382847 0.923812 -0
    outer loop
      vertex -34.4659 43.2613 1.39
      vertex -34.9 43.4412 4.99
      vertex -34.4659 43.2613 4.99
    endloop
  endfacet
  facet normal 0.382847 0.923812 0
    outer loop
      vertex -34.9 43.4412 4.99
      vertex -34.4659 43.2613 1.39
      vertex -34.9 43.4412 1.39
    endloop
  endfacet
  facet normal 0.793414 0.608682 0
    outer loop
      vertex -35.2728 43.7272 4.99
      vertex -35.5588 44.1 1.39
      vertex -35.5588 44.1 4.99
    endloop
  endfacet
  facet normal 0.793414 0.608682 0
    outer loop
      vertex -35.5588 44.1 1.39
      vertex -35.2728 43.7272 4.99
      vertex -35.2728 43.7272 1.39
    endloop
  endfacet
  facet normal 0.991455 0.130449 0
    outer loop
      vertex -35.7387 44.5341 4.99
      vertex -35.8 45 1.39
      vertex -35.8 45 4.99
    endloop
  endfacet
  facet normal 0.991455 0.130449 0
    outer loop
      vertex -35.8 45 1.39
      vertex -35.7387 44.5341 4.99
      vertex -35.7387 44.5341 1.39
    endloop
  endfacet
  facet normal -0.382847 0.923812 0
    outer loop
      vertex -33.1 43.4412 1.39
      vertex -33.5341 43.2613 4.99
      vertex -33.1 43.4412 4.99
    endloop
  endfacet
  facet normal -0.382847 0.923812 0
    outer loop
      vertex -33.5341 43.2613 4.99
      vertex -33.1 43.4412 1.39
      vertex -33.5341 43.2613 1.39
    endloop
  endfacet
  facet normal -0.793414 0.608682 0
    outer loop
      vertex -32.7272 43.7272 1.39
      vertex -32.4412 44.1 4.99
      vertex -32.4412 44.1 1.39
    endloop
  endfacet
  facet normal -0.793414 0.608682 0
    outer loop
      vertex -32.4412 44.1 4.99
      vertex -32.7272 43.7272 1.39
      vertex -32.7272 43.7272 4.99
    endloop
  endfacet
  facet normal 0.130449 0.991455 -0
    outer loop
      vertex -34 43.2 1.39
      vertex -34.4659 43.2613 4.99
      vertex -34 43.2 4.99
    endloop
  endfacet
  facet normal 0.130449 0.991455 0
    outer loop
      vertex -34.4659 43.2613 4.99
      vertex -34 43.2 1.39
      vertex -34.4659 43.2613 1.39
    endloop
  endfacet
  facet normal 0.923812 0.382847 0
    outer loop
      vertex -35.5588 44.1 4.99
      vertex -35.7387 44.5341 1.39
      vertex -35.7387 44.5341 4.99
    endloop
  endfacet
  facet normal 0.923812 0.382847 0
    outer loop
      vertex -35.7387 44.5341 1.39
      vertex -35.5588 44.1 4.99
      vertex -35.5588 44.1 1.39
    endloop
  endfacet
  facet normal -0.70406 -0.0927274 -0.70406
    outer loop
      vertex -30.9183 45.8223 0
      vertex -30.81 45 0
      vertex -32.2 45 1.39
    endloop
  endfacet
  facet normal 0.70406 0.0927274 -0.70406
    outer loop
      vertex -35.8 45 1.39
      vertex -37.0817 44.1777 0
      vertex -37.19 45 0
    endloop
  endfacet
  facet normal -0.656081 0.271747 -0.704068
    outer loop
      vertex -30.92 44.1713 0
      vertex -31.2374 43.405 0
      vertex -32.4412 44.1 1.39
    endloop
  endfacet
  facet normal 0.0855128 -0.70548 -0.703552
    outer loop
      vertex -34.8223 48.0817 0
      vertex -34.4659 46.7387 1.39
      vertex -34.8256 48.0813 0
    endloop
  endfacet
  facet normal 0.0926399 -0.704093 -0.704039
    outer loop
      vertex -34.4659 46.7387 1.39
      vertex -34.8223 48.0817 0
      vertex -34 46.8 1.39
    endloop
  endfacet
  facet normal 0.432233 -0.563415 -0.704087
    outer loop
      vertex -35.5977 47.7606 0
      vertex -34.9 46.5588 1.39
      vertex -35.2728 46.2728 1.39
    endloop
  endfacet
  facet normal 0.422253 -0.570042 -0.704808
    outer loop
      vertex -34.9 46.5588 1.39
      vertex -35.5977 47.7606 0
      vertex -35.595 47.7626 0
    endloop
  endfacet
  facet normal -0.563385 -0.432299 -0.70407
    outer loop
      vertex -31.7443 47.2557 0
      vertex -31.2394 46.5977 0
      vertex -32.7272 46.2728 1.39
    endloop
  endfacet
  facet normal 0.563385 -0.432299 -0.70407
    outer loop
      vertex -36.2557 47.2557 0
      vertex -35.2728 46.2728 1.39
      vertex -36.7606 46.5977 0
    endloop
  endfacet
  facet normal 0.432299 -0.563385 -0.70407
    outer loop
      vertex -35.5977 47.7606 0
      vertex -35.2728 46.2728 1.39
      vertex -36.2557 47.2557 0
    endloop
  endfacet
  facet normal -0.0927274 -0.70406 -0.70406
    outer loop
      vertex -34 48.19 0
      vertex -33.1777 48.0817 0
      vertex -34 46.8 1.39
    endloop
  endfacet
  facet normal 0.271747 -0.656081 -0.704068
    outer loop
      vertex -34.8287 48.08 0
      vertex -34.9 46.5588 1.39
      vertex -35.595 47.7626 0
    endloop
  endfacet
  facet normal -0.271884 -0.656058 -0.704036
    outer loop
      vertex -33.5341 46.7387 1.39
      vertex -33.1713 48.08 0
      vertex -33.1 46.5588 1.39
    endloop
  endfacet
  facet normal -0.274715 -0.655089 -0.70384
    outer loop
      vertex -33.1713 48.08 0
      vertex -33.5341 46.7387 1.39
      vertex -33.1744 48.0813 0
    endloop
  endfacet
  facet normal -0.422253 0.570042 -0.704808
    outer loop
      vertex -33.1 43.4412 1.39
      vertex -32.4023 42.2394 0
      vertex -32.405 42.2374 0
    endloop
  endfacet
  facet normal -0.432233 0.563415 -0.704087
    outer loop
      vertex -32.4023 42.2394 0
      vertex -33.1 43.4412 1.39
      vertex -32.7272 43.7272 1.39
    endloop
  endfacet
  facet normal -0.704093 0.0926399 -0.704039
    outer loop
      vertex -30.9183 44.1777 0
      vertex -32.2613 44.5341 1.39
      vertex -32.2 45 1.39
    endloop
  endfacet
  facet normal -0.70548 0.0855128 -0.703552
    outer loop
      vertex -32.2613 44.5341 1.39
      vertex -30.9183 44.1777 0
      vertex -30.9187 44.1744 0
    endloop
  endfacet
  facet normal -0.70406 0.0927274 -0.70406
    outer loop
      vertex -30.81 45 0
      vertex -30.9183 44.1777 0
      vertex -32.2 45 1.39
    endloop
  endfacet
  facet normal 0.70406 -0.0927274 -0.70406
    outer loop
      vertex -37.0817 45.8223 0
      vertex -35.8 45 1.39
      vertex -37.19 45 0
    endloop
  endfacet
  facet normal 0.656081 -0.271747 -0.704068
    outer loop
      vertex -36.7626 46.595 0
      vertex -35.5588 45.9 1.39
      vertex -37.08 45.8287 0
    endloop
  endfacet
  facet normal 0.563415 0.432233 -0.704087
    outer loop
      vertex -36.7606 43.4023 0
      vertex -35.5588 44.1 1.39
      vertex -35.2728 43.7272 1.39
    endloop
  endfacet
  facet normal 0.570042 0.422253 -0.704808
    outer loop
      vertex -35.5588 44.1 1.39
      vertex -36.7606 43.4023 0
      vertex -36.7626 43.405 0
    endloop
  endfacet
  facet normal 0.432299 0.563385 -0.70407
    outer loop
      vertex -35.2728 43.7272 1.39
      vertex -35.5977 42.2394 0
      vertex -36.2557 42.7443 0
    endloop
  endfacet
  facet normal 0.274715 -0.655089 -0.70384
    outer loop
      vertex -34.4659 46.7387 1.39
      vertex -34.8287 48.08 0
      vertex -34.8256 48.0813 0
    endloop
  endfacet
  facet normal 0.271884 -0.656058 -0.704036
    outer loop
      vertex -34.8287 48.08 0
      vertex -34.4659 46.7387 1.39
      vertex -34.9 46.5588 1.39
    endloop
  endfacet
  facet normal -0.0926399 -0.704093 -0.704039
    outer loop
      vertex -33.1777 48.0817 0
      vertex -33.5341 46.7387 1.39
      vertex -34 46.8 1.39
    endloop
  endfacet
  facet normal -0.0855128 -0.70548 -0.703552
    outer loop
      vertex -33.5341 46.7387 1.39
      vertex -33.1777 48.0817 0
      vertex -33.1744 48.0813 0
    endloop
  endfacet
  facet normal 0.0927274 -0.70406 -0.70406
    outer loop
      vertex -34 48.19 0
      vertex -34 46.8 1.39
      vertex -34.8223 48.0817 0
    endloop
  endfacet
  facet normal -0.656081 -0.271747 -0.704068
    outer loop
      vertex -31.2374 46.595 0
      vertex -30.92 45.8287 0
      vertex -32.4412 45.9 1.39
    endloop
  endfacet
  facet normal -0.570042 -0.422253 -0.704808
    outer loop
      vertex -32.4412 45.9 1.39
      vertex -31.2394 46.5977 0
      vertex -31.2374 46.595 0
    endloop
  endfacet
  facet normal -0.563415 -0.432233 -0.704087
    outer loop
      vertex -31.2394 46.5977 0
      vertex -32.4412 45.9 1.39
      vertex -32.7272 46.2728 1.39
    endloop
  endfacet
  facet normal -0.432299 -0.563385 -0.70407
    outer loop
      vertex -32.4023 47.7606 0
      vertex -31.7443 47.2557 0
      vertex -32.7272 46.2728 1.39
    endloop
  endfacet
  facet normal -0.432233 -0.563415 -0.704087
    outer loop
      vertex -33.1 46.5588 1.39
      vertex -32.4023 47.7606 0
      vertex -32.7272 46.2728 1.39
    endloop
  endfacet
  facet normal -0.422253 -0.570042 -0.704808
    outer loop
      vertex -32.4023 47.7606 0
      vertex -33.1 46.5588 1.39
      vertex -32.405 47.7626 0
    endloop
  endfacet
  facet normal -0.271747 -0.656081 -0.704068
    outer loop
      vertex -32.405 47.7626 0
      vertex -33.1 46.5588 1.39
      vertex -33.1713 48.08 0
    endloop
  endfacet
  facet normal -0.570042 0.422253 -0.704808
    outer loop
      vertex -31.2394 43.4023 0
      vertex -32.4412 44.1 1.39
      vertex -31.2374 43.405 0
    endloop
  endfacet
  facet normal -0.563415 0.432233 -0.704087
    outer loop
      vertex -32.4412 44.1 1.39
      vertex -31.2394 43.4023 0
      vertex -32.7272 43.7272 1.39
    endloop
  endfacet
  facet normal 0.0927274 0.70406 -0.70406
    outer loop
      vertex -34 43.2 1.39
      vertex -34 41.81 0
      vertex -34.8223 41.9183 0
    endloop
  endfacet
  facet normal -0.0927274 0.70406 -0.70406
    outer loop
      vertex -34 43.2 1.39
      vertex -33.1777 41.9183 0
      vertex -34 41.81 0
    endloop
  endfacet
  facet normal -0.271747 0.656081 -0.704068
    outer loop
      vertex -33.1 43.4412 1.39
      vertex -32.405 42.2374 0
      vertex -33.1713 41.92 0
    endloop
  endfacet
  facet normal 0.563415 -0.432233 -0.704087
    outer loop
      vertex -35.5588 45.9 1.39
      vertex -36.7606 46.5977 0
      vertex -35.2728 46.2728 1.39
    endloop
  endfacet
  facet normal 0.570042 -0.422253 -0.704808
    outer loop
      vertex -36.7606 46.5977 0
      vertex -35.5588 45.9 1.39
      vertex -36.7626 46.595 0
    endloop
  endfacet
  facet normal 0.563385 0.432299 -0.70407
    outer loop
      vertex -35.2728 43.7272 1.39
      vertex -36.2557 42.7443 0
      vertex -36.7606 43.4023 0
    endloop
  endfacet
  facet normal 0.704093 0.0926399 -0.704039
    outer loop
      vertex -35.7387 44.5341 1.39
      vertex -37.0817 44.1777 0
      vertex -35.8 45 1.39
    endloop
  endfacet
  facet normal 0.70548 0.0855128 -0.703552
    outer loop
      vertex -37.0817 44.1777 0
      vertex -35.7387 44.5341 1.39
      vertex -37.0813 44.1744 0
    endloop
  endfacet
  facet normal -0.70548 -0.0855128 -0.703552
    outer loop
      vertex -30.9183 45.8223 0
      vertex -32.2613 45.4659 1.39
      vertex -30.9187 45.8256 0
    endloop
  endfacet
  facet normal -0.704093 -0.0926399 -0.704039
    outer loop
      vertex -32.2613 45.4659 1.39
      vertex -30.9183 45.8223 0
      vertex -32.2 45 1.39
    endloop
  endfacet
  facet normal -0.655089 -0.274715 -0.70384
    outer loop
      vertex -32.2613 45.4659 1.39
      vertex -30.92 45.8287 0
      vertex -30.9187 45.8256 0
    endloop
  endfacet
  facet normal -0.656058 -0.271884 -0.704036
    outer loop
      vertex -30.92 45.8287 0
      vertex -32.2613 45.4659 1.39
      vertex -32.4412 45.9 1.39
    endloop
  endfacet
  facet normal -0.655089 0.274715 -0.70384
    outer loop
      vertex -30.92 44.1713 0
      vertex -32.2613 44.5341 1.39
      vertex -30.9187 44.1744 0
    endloop
  endfacet
  facet normal -0.656058 0.271884 -0.704036
    outer loop
      vertex -32.2613 44.5341 1.39
      vertex -30.92 44.1713 0
      vertex -32.4412 44.1 1.39
    endloop
  endfacet
  facet normal -0.432299 0.563385 -0.70407
    outer loop
      vertex -31.7443 42.7443 0
      vertex -32.4023 42.2394 0
      vertex -32.7272 43.7272 1.39
    endloop
  endfacet
  facet normal -0.563385 0.432299 -0.70407
    outer loop
      vertex -31.2394 43.4023 0
      vertex -31.7443 42.7443 0
      vertex -32.7272 43.7272 1.39
    endloop
  endfacet
  facet normal 0.422253 0.570042 -0.704808
    outer loop
      vertex -35.5977 42.2394 0
      vertex -34.9 43.4412 1.39
      vertex -35.595 42.2374 0
    endloop
  endfacet
  facet normal 0.432233 0.563415 -0.704087
    outer loop
      vertex -34.9 43.4412 1.39
      vertex -35.5977 42.2394 0
      vertex -35.2728 43.7272 1.39
    endloop
  endfacet
  facet normal -0.0855128 0.70548 -0.703552
    outer loop
      vertex -33.1777 41.9183 0
      vertex -33.5341 43.2613 1.39
      vertex -33.1744 41.9187 0
    endloop
  endfacet
  facet normal -0.0926399 0.704093 -0.704039
    outer loop
      vertex -33.5341 43.2613 1.39
      vertex -33.1777 41.9183 0
      vertex -34 43.2 1.39
    endloop
  endfacet
  facet normal -0.274715 0.655089 -0.70384
    outer loop
      vertex -33.5341 43.2613 1.39
      vertex -33.1713 41.92 0
      vertex -33.1744 41.9187 0
    endloop
  endfacet
  facet normal -0.271884 0.656058 -0.704036
    outer loop
      vertex -33.1713 41.92 0
      vertex -33.5341 43.2613 1.39
      vertex -33.1 43.4412 1.39
    endloop
  endfacet
  facet normal 0.656058 -0.271884 -0.704036
    outer loop
      vertex -35.7387 45.4659 1.39
      vertex -37.08 45.8287 0
      vertex -35.5588 45.9 1.39
    endloop
  endfacet
  facet normal 0.655089 -0.274715 -0.70384
    outer loop
      vertex -37.08 45.8287 0
      vertex -35.7387 45.4659 1.39
      vertex -37.0813 45.8256 0
    endloop
  endfacet
  facet normal 0.70548 -0.0855128 -0.703552
    outer loop
      vertex -35.7387 45.4659 1.39
      vertex -37.0817 45.8223 0
      vertex -37.0813 45.8256 0
    endloop
  endfacet
  facet normal 0.704093 -0.0926399 -0.704039
    outer loop
      vertex -37.0817 45.8223 0
      vertex -35.7387 45.4659 1.39
      vertex -35.8 45 1.39
    endloop
  endfacet
  facet normal 0.656081 0.271747 -0.704068
    outer loop
      vertex -35.5588 44.1 1.39
      vertex -36.7626 43.405 0
      vertex -37.08 44.1713 0
    endloop
  endfacet
  facet normal 0.656058 0.271884 -0.704036
    outer loop
      vertex -37.08 44.1713 0
      vertex -35.7387 44.5341 1.39
      vertex -35.5588 44.1 1.39
    endloop
  endfacet
  facet normal 0.655089 0.274715 -0.70384
    outer loop
      vertex -35.7387 44.5341 1.39
      vertex -37.08 44.1713 0
      vertex -37.0813 44.1744 0
    endloop
  endfacet
  facet normal 0.271747 0.656081 -0.704068
    outer loop
      vertex -34.9 43.4412 1.39
      vertex -34.8287 41.92 0
      vertex -35.595 42.2374 0
    endloop
  endfacet
  facet normal 0.274715 0.655089 -0.70384
    outer loop
      vertex -34.8287 41.92 0
      vertex -34.4659 43.2613 1.39
      vertex -34.8256 41.9187 0
    endloop
  endfacet
  facet normal 0.271884 0.656058 -0.704036
    outer loop
      vertex -34.4659 43.2613 1.39
      vertex -34.8287 41.92 0
      vertex -34.9 43.4412 1.39
    endloop
  endfacet
  facet normal 0.0926399 0.704093 -0.704039
    outer loop
      vertex -34.8223 41.9183 0
      vertex -34.4659 43.2613 1.39
      vertex -34 43.2 1.39
    endloop
  endfacet
  facet normal 0.0855128 0.70548 -0.703552
    outer loop
      vertex -34.4659 43.2613 1.39
      vertex -34.8223 41.9183 0
      vertex -34.8256 41.9187 0
    endloop
  endfacet
  facet normal -0.991455 -0.130449 0
    outer loop
      vertex 35.8 45 1.39
      vertex 35.7387 45.4659 4.99
      vertex 35.7387 45.4659 1.39
    endloop
  endfacet
  facet normal -0.991455 -0.130449 0
    outer loop
      vertex 35.7387 45.4659 4.99
      vertex 35.8 45 1.39
      vertex 35.8 45 4.99
    endloop
  endfacet
  facet normal -0.382847 -0.923812 0
    outer loop
      vertex 34.4659 46.7387 1.39
      vertex 34.9 46.5588 4.99
      vertex 34.4659 46.7387 4.99
    endloop
  endfacet
  facet normal -0.382847 -0.923812 -0
    outer loop
      vertex 34.9 46.5588 4.99
      vertex 34.4659 46.7387 1.39
      vertex 34.9 46.5588 1.39
    endloop
  endfacet
  facet normal 0.923812 -0.382847 0
    outer loop
      vertex 32.2613 45.4659 4.99
      vertex 32.4412 45.9 1.39
      vertex 32.4412 45.9 4.99
    endloop
  endfacet
  facet normal 0.923812 -0.382847 0
    outer loop
      vertex 32.4412 45.9 1.39
      vertex 32.2613 45.4659 4.99
      vertex 32.2613 45.4659 1.39
    endloop
  endfacet
  facet normal 0.382847 0.923812 -0
    outer loop
      vertex 33.5341 43.2613 1.39
      vertex 33.1 43.4412 4.99
      vertex 33.5341 43.2613 4.99
    endloop
  endfacet
  facet normal 0.382847 0.923812 0
    outer loop
      vertex 33.1 43.4412 4.99
      vertex 33.5341 43.2613 1.39
      vertex 33.1 43.4412 1.39
    endloop
  endfacet
  facet normal -0.923812 -0.382847 0
    outer loop
      vertex 35.7387 45.4659 1.39
      vertex 35.5588 45.9 4.99
      vertex 35.5588 45.9 1.39
    endloop
  endfacet
  facet normal -0.923812 -0.382847 0
    outer loop
      vertex 35.5588 45.9 4.99
      vertex 35.7387 45.4659 1.39
      vertex 35.7387 45.4659 4.99
    endloop
  endfacet
  facet normal -0.130449 -0.991455 0
    outer loop
      vertex 34 46.8 1.39
      vertex 34.4659 46.7387 4.99
      vertex 34 46.8 4.99
    endloop
  endfacet
  facet normal -0.130449 -0.991455 -0
    outer loop
      vertex 34.4659 46.7387 4.99
      vertex 34 46.8 1.39
      vertex 34.4659 46.7387 1.39
    endloop
  endfacet
  facet normal 0.382847 -0.923812 0
    outer loop
      vertex 33.1 46.5588 1.39
      vertex 33.5341 46.7387 4.99
      vertex 33.1 46.5588 4.99
    endloop
  endfacet
  facet normal 0.382847 -0.923812 0
    outer loop
      vertex 33.5341 46.7387 4.99
      vertex 33.1 46.5588 1.39
      vertex 33.5341 46.7387 1.39
    endloop
  endfacet
  facet normal 0.608682 -0.793414 0
    outer loop
      vertex 32.7272 46.2728 1.39
      vertex 33.1 46.5588 4.99
      vertex 32.7272 46.2728 4.99
    endloop
  endfacet
  facet normal 0.608682 -0.793414 0
    outer loop
      vertex 33.1 46.5588 4.99
      vertex 32.7272 46.2728 1.39
      vertex 33.1 46.5588 1.39
    endloop
  endfacet
  facet normal -0.608682 0.793414 0
    outer loop
      vertex 35.2728 43.7272 1.39
      vertex 34.9 43.4412 4.99
      vertex 35.2728 43.7272 4.99
    endloop
  endfacet
  facet normal -0.608682 0.793414 0
    outer loop
      vertex 34.9 43.4412 4.99
      vertex 35.2728 43.7272 1.39
      vertex 34.9 43.4412 1.39
    endloop
  endfacet
  facet normal 0.923812 0.382847 0
    outer loop
      vertex 32.4412 44.1 4.99
      vertex 32.2613 44.5341 1.39
      vertex 32.2613 44.5341 4.99
    endloop
  endfacet
  facet normal 0.923812 0.382847 0
    outer loop
      vertex 32.2613 44.5341 1.39
      vertex 32.4412 44.1 4.99
      vertex 32.4412 44.1 1.39
    endloop
  endfacet
  facet normal 0.608682 0.793414 -0
    outer loop
      vertex 33.1 43.4412 1.39
      vertex 32.7272 43.7272 4.99
      vertex 33.1 43.4412 4.99
    endloop
  endfacet
  facet normal 0.608682 0.793414 0
    outer loop
      vertex 32.7272 43.7272 4.99
      vertex 33.1 43.4412 1.39
      vertex 32.7272 43.7272 1.39
    endloop
  endfacet
  facet normal 0.793414 0.608682 0
    outer loop
      vertex 32.7272 43.7272 4.99
      vertex 32.4412 44.1 1.39
      vertex 32.4412 44.1 4.99
    endloop
  endfacet
  facet normal 0.793414 0.608682 0
    outer loop
      vertex 32.4412 44.1 1.39
      vertex 32.7272 43.7272 4.99
      vertex 32.7272 43.7272 1.39
    endloop
  endfacet
  facet normal -0.793414 -0.608682 0
    outer loop
      vertex 35.5588 45.9 1.39
      vertex 35.2728 46.2728 4.99
      vertex 35.2728 46.2728 1.39
    endloop
  endfacet
  facet normal -0.793414 -0.608682 0
    outer loop
      vertex 35.2728 46.2728 4.99
      vertex 35.5588 45.9 1.39
      vertex 35.5588 45.9 4.99
    endloop
  endfacet
  facet normal -0.608682 -0.793414 0
    outer loop
      vertex 34.9 46.5588 1.39
      vertex 35.2728 46.2728 4.99
      vertex 34.9 46.5588 4.99
    endloop
  endfacet
  facet normal -0.608682 -0.793414 -0
    outer loop
      vertex 35.2728 46.2728 4.99
      vertex 34.9 46.5588 1.39
      vertex 35.2728 46.2728 1.39
    endloop
  endfacet
  facet normal 0.991455 -0.130449 0
    outer loop
      vertex 32.2 45 4.99
      vertex 32.2613 45.4659 1.39
      vertex 32.2613 45.4659 4.99
    endloop
  endfacet
  facet normal 0.991455 -0.130449 0
    outer loop
      vertex 32.2613 45.4659 1.39
      vertex 32.2 45 4.99
      vertex 32.2 45 1.39
    endloop
  endfacet
  facet normal 0.793414 -0.608682 0
    outer loop
      vertex 32.4412 45.9 4.99
      vertex 32.7272 46.2728 1.39
      vertex 32.7272 46.2728 4.99
    endloop
  endfacet
  facet normal 0.793414 -0.608682 0
    outer loop
      vertex 32.7272 46.2728 1.39
      vertex 32.4412 45.9 4.99
      vertex 32.4412 45.9 1.39
    endloop
  endfacet
  facet normal 0.130449 -0.991455 0
    outer loop
      vertex 33.5341 46.7387 1.39
      vertex 34 46.8 4.99
      vertex 33.5341 46.7387 4.99
    endloop
  endfacet
  facet normal 0.130449 -0.991455 0
    outer loop
      vertex 34 46.8 4.99
      vertex 33.5341 46.7387 1.39
      vertex 34 46.8 1.39
    endloop
  endfacet
  facet normal -0.923812 0.382847 0
    outer loop
      vertex 35.5588 44.1 1.39
      vertex 35.7387 44.5341 4.99
      vertex 35.7387 44.5341 1.39
    endloop
  endfacet
  facet normal -0.923812 0.382847 0
    outer loop
      vertex 35.7387 44.5341 4.99
      vertex 35.5588 44.1 1.39
      vertex 35.5588 44.1 4.99
    endloop
  endfacet
  facet normal -0.130449 0.991455 0
    outer loop
      vertex 34.4659 43.2613 1.39
      vertex 34 43.2 4.99
      vertex 34.4659 43.2613 4.99
    endloop
  endfacet
  facet normal -0.130449 0.991455 0
    outer loop
      vertex 34 43.2 4.99
      vertex 34.4659 43.2613 1.39
      vertex 34 43.2 1.39
    endloop
  endfacet
  facet normal -0.382847 0.923812 0
    outer loop
      vertex 34.9 43.4412 1.39
      vertex 34.4659 43.2613 4.99
      vertex 34.9 43.4412 4.99
    endloop
  endfacet
  facet normal -0.382847 0.923812 0
    outer loop
      vertex 34.4659 43.2613 4.99
      vertex 34.9 43.4412 1.39
      vertex 34.4659 43.2613 1.39
    endloop
  endfacet
  facet normal 0.130449 0.991455 -0
    outer loop
      vertex 34 43.2 1.39
      vertex 33.5341 43.2613 4.99
      vertex 34 43.2 4.99
    endloop
  endfacet
  facet normal 0.130449 0.991455 0
    outer loop
      vertex 33.5341 43.2613 4.99
      vertex 34 43.2 1.39
      vertex 33.5341 43.2613 1.39
    endloop
  endfacet
  facet normal 0.991455 0.130449 0
    outer loop
      vertex 32.2613 44.5341 4.99
      vertex 32.2 45 1.39
      vertex 32.2 45 4.99
    endloop
  endfacet
  facet normal 0.991455 0.130449 0
    outer loop
      vertex 32.2 45 1.39
      vertex 32.2613 44.5341 4.99
      vertex 32.2613 44.5341 1.39
    endloop
  endfacet
  facet normal -0.991455 0.130449 0
    outer loop
      vertex 35.7387 44.5341 1.39
      vertex 35.8 45 4.99
      vertex 35.8 45 1.39
    endloop
  endfacet
  facet normal -0.991455 0.130449 0
    outer loop
      vertex 35.8 45 4.99
      vertex 35.7387 44.5341 1.39
      vertex 35.7387 44.5341 4.99
    endloop
  endfacet
  facet normal -0.793414 0.608682 0
    outer loop
      vertex 35.2728 43.7272 1.39
      vertex 35.5588 44.1 4.99
      vertex 35.5588 44.1 1.39
    endloop
  endfacet
  facet normal -0.793414 0.608682 0
    outer loop
      vertex 35.5588 44.1 4.99
      vertex 35.2728 43.7272 1.39
      vertex 35.2728 43.7272 4.99
    endloop
  endfacet
  facet normal -0.70406 -0.0927274 -0.70406
    outer loop
      vertex 37.0817 45.8223 0
      vertex 37.19 45 0
      vertex 35.8 45 1.39
    endloop
  endfacet
  facet normal 0.70406 0.0927274 -0.70406
    outer loop
      vertex 32.2 45 1.39
      vertex 30.9183 44.1777 0
      vertex 30.81 45 0
    endloop
  endfacet
  facet normal -0.656081 0.271747 -0.704068
    outer loop
      vertex 37.08 44.1713 0
      vertex 36.7626 43.405 0
      vertex 35.5588 44.1 1.39
    endloop
  endfacet
  facet normal 0.0855128 -0.70548 -0.703552
    outer loop
      vertex 33.1777 48.0817 0
      vertex 33.5341 46.7387 1.39
      vertex 33.1744 48.0813 0
    endloop
  endfacet
  facet normal 0.0926399 -0.704093 -0.704039
    outer loop
      vertex 33.5341 46.7387 1.39
      vertex 33.1777 48.0817 0
      vertex 34 46.8 1.39
    endloop
  endfacet
  facet normal 0.432233 -0.563415 -0.704087
    outer loop
      vertex 32.4023 47.7606 0
      vertex 33.1 46.5588 1.39
      vertex 32.7272 46.2728 1.39
    endloop
  endfacet
  facet normal 0.422253 -0.570042 -0.704808
    outer loop
      vertex 33.1 46.5588 1.39
      vertex 32.4023 47.7606 0
      vertex 32.405 47.7626 0
    endloop
  endfacet
  facet normal -0.563385 -0.432299 -0.70407
    outer loop
      vertex 36.2557 47.2557 0
      vertex 36.7606 46.5977 0
      vertex 35.2728 46.2728 1.39
    endloop
  endfacet
  facet normal 0.563385 -0.432299 -0.70407
    outer loop
      vertex 31.7443 47.2557 0
      vertex 32.7272 46.2728 1.39
      vertex 31.2394 46.5977 0
    endloop
  endfacet
  facet normal 0.432299 -0.563385 -0.70407
    outer loop
      vertex 32.4023 47.7606 0
      vertex 32.7272 46.2728 1.39
      vertex 31.7443 47.2557 0
    endloop
  endfacet
  facet normal -0.0927274 -0.70406 -0.70406
    outer loop
      vertex 34 48.19 0
      vertex 34.8223 48.0817 0
      vertex 34 46.8 1.39
    endloop
  endfacet
  facet normal 0.271747 -0.656081 -0.704068
    outer loop
      vertex 33.1713 48.08 0
      vertex 33.1 46.5588 1.39
      vertex 32.405 47.7626 0
    endloop
  endfacet
  facet normal -0.271884 -0.656058 -0.704036
    outer loop
      vertex 34.4659 46.7387 1.39
      vertex 34.8287 48.08 0
      vertex 34.9 46.5588 1.39
    endloop
  endfacet
  facet normal -0.274715 -0.655089 -0.70384
    outer loop
      vertex 34.8287 48.08 0
      vertex 34.4659 46.7387 1.39
      vertex 34.8256 48.0813 0
    endloop
  endfacet
  facet normal -0.422253 0.570042 -0.704808
    outer loop
      vertex 34.9 43.4412 1.39
      vertex 35.5977 42.2394 0
      vertex 35.595 42.2374 0
    endloop
  endfacet
  facet normal -0.432233 0.563415 -0.704087
    outer loop
      vertex 35.5977 42.2394 0
      vertex 34.9 43.4412 1.39
      vertex 35.2728 43.7272 1.39
    endloop
  endfacet
  facet normal -0.704093 0.0926399 -0.704039
    outer loop
      vertex 37.0817 44.1777 0
      vertex 35.7387 44.5341 1.39
      vertex 35.8 45 1.39
    endloop
  endfacet
  facet normal -0.70548 0.0855128 -0.703552
    outer loop
      vertex 35.7387 44.5341 1.39
      vertex 37.0817 44.1777 0
      vertex 37.0813 44.1744 0
    endloop
  endfacet
  facet normal -0.70406 0.0927274 -0.70406
    outer loop
      vertex 37.19 45 0
      vertex 37.0817 44.1777 0
      vertex 35.8 45 1.39
    endloop
  endfacet
  facet normal 0.70406 -0.0927274 -0.70406
    outer loop
      vertex 30.9183 45.8223 0
      vertex 32.2 45 1.39
      vertex 30.81 45 0
    endloop
  endfacet
  facet normal 0.656081 -0.271747 -0.704068
    outer loop
      vertex 31.2374 46.595 0
      vertex 32.4412 45.9 1.39
      vertex 30.92 45.8287 0
    endloop
  endfacet
  facet normal 0.563415 0.432233 -0.704087
    outer loop
      vertex 31.2394 43.4023 0
      vertex 32.4412 44.1 1.39
      vertex 32.7272 43.7272 1.39
    endloop
  endfacet
  facet normal 0.570042 0.422253 -0.704808
    outer loop
      vertex 32.4412 44.1 1.39
      vertex 31.2394 43.4023 0
      vertex 31.2374 43.405 0
    endloop
  endfacet
  facet normal 0.432299 0.563385 -0.70407
    outer loop
      vertex 32.7272 43.7272 1.39
      vertex 32.4023 42.2394 0
      vertex 31.7443 42.7443 0
    endloop
  endfacet
  facet normal 0.274715 -0.655089 -0.70384
    outer loop
      vertex 33.5341 46.7387 1.39
      vertex 33.1713 48.08 0
      vertex 33.1744 48.0813 0
    endloop
  endfacet
  facet normal 0.271884 -0.656058 -0.704036
    outer loop
      vertex 33.1713 48.08 0
      vertex 33.5341 46.7387 1.39
      vertex 33.1 46.5588 1.39
    endloop
  endfacet
  facet normal -0.0926399 -0.704093 -0.704039
    outer loop
      vertex 34.8223 48.0817 0
      vertex 34.4659 46.7387 1.39
      vertex 34 46.8 1.39
    endloop
  endfacet
  facet normal -0.0855128 -0.70548 -0.703552
    outer loop
      vertex 34.4659 46.7387 1.39
      vertex 34.8223 48.0817 0
      vertex 34.8256 48.0813 0
    endloop
  endfacet
  facet normal 0.0927274 -0.70406 -0.70406
    outer loop
      vertex 34 48.19 0
      vertex 34 46.8 1.39
      vertex 33.1777 48.0817 0
    endloop
  endfacet
  facet normal -0.656081 -0.271747 -0.704068
    outer loop
      vertex 36.7626 46.595 0
      vertex 37.08 45.8287 0
      vertex 35.5588 45.9 1.39
    endloop
  endfacet
  facet normal -0.570042 -0.422253 -0.704808
    outer loop
      vertex 35.5588 45.9 1.39
      vertex 36.7606 46.5977 0
      vertex 36.7626 46.595 0
    endloop
  endfacet
  facet normal -0.563415 -0.432233 -0.704087
    outer loop
      vertex 36.7606 46.5977 0
      vertex 35.5588 45.9 1.39
      vertex 35.2728 46.2728 1.39
    endloop
  endfacet
  facet normal -0.432299 -0.563385 -0.70407
    outer loop
      vertex 35.5977 47.7606 0
      vertex 36.2557 47.2557 0
      vertex 35.2728 46.2728 1.39
    endloop
  endfacet
  facet normal -0.432233 -0.563415 -0.704087
    outer loop
      vertex 34.9 46.5588 1.39
      vertex 35.5977 47.7606 0
      vertex 35.2728 46.2728 1.39
    endloop
  endfacet
  facet normal -0.422253 -0.570042 -0.704808
    outer loop
      vertex 35.5977 47.7606 0
      vertex 34.9 46.5588 1.39
      vertex 35.595 47.7626 0
    endloop
  endfacet
  facet normal -0.271747 -0.656081 -0.704068
    outer loop
      vertex 35.595 47.7626 0
      vertex 34.9 46.5588 1.39
      vertex 34.8287 48.08 0
    endloop
  endfacet
  facet normal -0.570042 0.422253 -0.704808
    outer loop
      vertex 36.7606 43.4023 0
      vertex 35.5588 44.1 1.39
      vertex 36.7626 43.405 0
    endloop
  endfacet
  facet normal -0.563415 0.432233 -0.704087
    outer loop
      vertex 35.5588 44.1 1.39
      vertex 36.7606 43.4023 0
      vertex 35.2728 43.7272 1.39
    endloop
  endfacet
  facet normal 0.0927274 0.70406 -0.70406
    outer loop
      vertex 34 43.2 1.39
      vertex 34 41.81 0
      vertex 33.1777 41.9183 0
    endloop
  endfacet
  facet normal -0.0927274 0.70406 -0.70406
    outer loop
      vertex 34 43.2 1.39
      vertex 34.8223 41.9183 0
      vertex 34 41.81 0
    endloop
  endfacet
  facet normal -0.271747 0.656081 -0.704068
    outer loop
      vertex 34.9 43.4412 1.39
      vertex 35.595 42.2374 0
      vertex 34.8287 41.92 0
    endloop
  endfacet
  facet normal 0.563415 -0.432233 -0.704087
    outer loop
      vertex 32.4412 45.9 1.39
      vertex 31.2394 46.5977 0
      vertex 32.7272 46.2728 1.39
    endloop
  endfacet
  facet normal 0.570042 -0.422253 -0.704808
    outer loop
      vertex 31.2394 46.5977 0
      vertex 32.4412 45.9 1.39
      vertex 31.2374 46.595 0
    endloop
  endfacet
  facet normal 0.563385 0.432299 -0.70407
    outer loop
      vertex 32.7272 43.7272 1.39
      vertex 31.7443 42.7443 0
      vertex 31.2394 43.4023 0
    endloop
  endfacet
  facet normal 0.70548 0.0855128 -0.703552
    outer loop
      vertex 30.9183 44.1777 0
      vertex 32.2613 44.5341 1.39
      vertex 30.9187 44.1744 0
    endloop
  endfacet
  facet normal 0.704093 0.0926399 -0.704039
    outer loop
      vertex 32.2613 44.5341 1.39
      vertex 30.9183 44.1777 0
      vertex 32.2 45 1.39
    endloop
  endfacet
  facet normal -0.70548 -0.0855128 -0.703552
    outer loop
      vertex 37.0817 45.8223 0
      vertex 35.7387 45.4659 1.39
      vertex 37.0813 45.8256 0
    endloop
  endfacet
  facet normal -0.704093 -0.0926399 -0.704039
    outer loop
      vertex 35.7387 45.4659 1.39
      vertex 37.0817 45.8223 0
      vertex 35.8 45 1.39
    endloop
  endfacet
  facet normal -0.655089 -0.274715 -0.70384
    outer loop
      vertex 35.7387 45.4659 1.39
      vertex 37.08 45.8287 0
      vertex 37.0813 45.8256 0
    endloop
  endfacet
  facet normal -0.656058 -0.271884 -0.704036
    outer loop
      vertex 37.08 45.8287 0
      vertex 35.7387 45.4659 1.39
      vertex 35.5588 45.9 1.39
    endloop
  endfacet
  facet normal -0.655089 0.274715 -0.70384
    outer loop
      vertex 37.08 44.1713 0
      vertex 35.7387 44.5341 1.39
      vertex 37.0813 44.1744 0
    endloop
  endfacet
  facet normal -0.656058 0.271884 -0.704036
    outer loop
      vertex 35.7387 44.5341 1.39
      vertex 37.08 44.1713 0
      vertex 35.5588 44.1 1.39
    endloop
  endfacet
  facet normal -0.432299 0.563385 -0.70407
    outer loop
      vertex 36.2557 42.7443 0
      vertex 35.5977 42.2394 0
      vertex 35.2728 43.7272 1.39
    endloop
  endfacet
  facet normal -0.563385 0.432299 -0.70407
    outer loop
      vertex 36.7606 43.4023 0
      vertex 36.2557 42.7443 0
      vertex 35.2728 43.7272 1.39
    endloop
  endfacet
  facet normal 0.422253 0.570042 -0.704808
    outer loop
      vertex 32.4023 42.2394 0
      vertex 33.1 43.4412 1.39
      vertex 32.405 42.2374 0
    endloop
  endfacet
  facet normal 0.432233 0.563415 -0.704087
    outer loop
      vertex 33.1 43.4412 1.39
      vertex 32.4023 42.2394 0
      vertex 32.7272 43.7272 1.39
    endloop
  endfacet
  facet normal -0.0855128 0.70548 -0.703552
    outer loop
      vertex 34.8223 41.9183 0
      vertex 34.4659 43.2613 1.39
      vertex 34.8256 41.9187 0
    endloop
  endfacet
  facet normal -0.0926399 0.704093 -0.704039
    outer loop
      vertex 34.4659 43.2613 1.39
      vertex 34.8223 41.9183 0
      vertex 34 43.2 1.39
    endloop
  endfacet
  facet normal -0.274715 0.655089 -0.70384
    outer loop
      vertex 34.4659 43.2613 1.39
      vertex 34.8287 41.92 0
      vertex 34.8256 41.9187 0
    endloop
  endfacet
  facet normal -0.271884 0.656058 -0.704036
    outer loop
      vertex 34.8287 41.92 0
      vertex 34.4659 43.2613 1.39
      vertex 34.9 43.4412 1.39
    endloop
  endfacet
  facet normal 0.656058 -0.271884 -0.704036
    outer loop
      vertex 32.2613 45.4659 1.39
      vertex 30.92 45.8287 0
      vertex 32.4412 45.9 1.39
    endloop
  endfacet
  facet normal 0.655089 -0.274715 -0.70384
    outer loop
      vertex 30.92 45.8287 0
      vertex 32.2613 45.4659 1.39
      vertex 30.9187 45.8256 0
    endloop
  endfacet
  facet normal 0.70548 -0.0855128 -0.703552
    outer loop
      vertex 32.2613 45.4659 1.39
      vertex 30.9183 45.8223 0
      vertex 30.9187 45.8256 0
    endloop
  endfacet
  facet normal 0.704093 -0.0926399 -0.704039
    outer loop
      vertex 30.9183 45.8223 0
      vertex 32.2613 45.4659 1.39
      vertex 32.2 45 1.39
    endloop
  endfacet
  facet normal 0.656081 0.271747 -0.704068
    outer loop
      vertex 32.4412 44.1 1.39
      vertex 31.2374 43.405 0
      vertex 30.92 44.1713 0
    endloop
  endfacet
  facet normal 0.656058 0.271884 -0.704036
    outer loop
      vertex 30.92 44.1713 0
      vertex 32.2613 44.5341 1.39
      vertex 32.4412 44.1 1.39
    endloop
  endfacet
  facet normal 0.655089 0.274715 -0.70384
    outer loop
      vertex 32.2613 44.5341 1.39
      vertex 30.92 44.1713 0
      vertex 30.9187 44.1744 0
    endloop
  endfacet
  facet normal 0.271747 0.656081 -0.704068
    outer loop
      vertex 33.1 43.4412 1.39
      vertex 33.1713 41.92 0
      vertex 32.405 42.2374 0
    endloop
  endfacet
  facet normal 0.274715 0.655089 -0.70384
    outer loop
      vertex 33.1713 41.92 0
      vertex 33.5341 43.2613 1.39
      vertex 33.1744 41.9187 0
    endloop
  endfacet
  facet normal 0.271884 0.656058 -0.704036
    outer loop
      vertex 33.5341 43.2613 1.39
      vertex 33.1713 41.92 0
      vertex 33.1 43.4412 1.39
    endloop
  endfacet
  facet normal 0.0926399 0.704093 -0.704039
    outer loop
      vertex 33.1777 41.9183 0
      vertex 33.5341 43.2613 1.39
      vertex 34 43.2 1.39
    endloop
  endfacet
  facet normal 0.0855128 0.70548 -0.703552
    outer loop
      vertex 33.5341 43.2613 1.39
      vertex 33.1777 41.9183 0
      vertex 33.1744 41.9187 0
    endloop
  endfacet
  facet normal -0.991455 -0.130449 0
    outer loop
      vertex -14.2 16 1.39
      vertex -14.2613 16.4659 4.99
      vertex -14.2613 16.4659 1.39
    endloop
  endfacet
  facet normal -0.991455 -0.130449 0
    outer loop
      vertex -14.2613 16.4659 4.99
      vertex -14.2 16 1.39
      vertex -14.2 16 4.99
    endloop
  endfacet
  facet normal -0.382847 -0.923812 0
    outer loop
      vertex -15.5341 17.7387 1.39
      vertex -15.1 17.5588 4.99
      vertex -15.5341 17.7387 4.99
    endloop
  endfacet
  facet normal -0.382847 -0.923812 -0
    outer loop
      vertex -15.1 17.5588 4.99
      vertex -15.5341 17.7387 1.39
      vertex -15.1 17.5588 1.39
    endloop
  endfacet
  facet normal 0.923812 -0.382847 0
    outer loop
      vertex -17.7387 16.4659 4.99
      vertex -17.5588 16.9 1.39
      vertex -17.5588 16.9 4.99
    endloop
  endfacet
  facet normal 0.923812 -0.382847 0
    outer loop
      vertex -17.5588 16.9 1.39
      vertex -17.7387 16.4659 4.99
      vertex -17.7387 16.4659 1.39
    endloop
  endfacet
  facet normal 0.382847 0.923812 -0
    outer loop
      vertex -16.4659 14.2613 1.39
      vertex -16.9 14.4412 4.99
      vertex -16.4659 14.2613 4.99
    endloop
  endfacet
  facet normal 0.382847 0.923812 0
    outer loop
      vertex -16.9 14.4412 4.99
      vertex -16.4659 14.2613 1.39
      vertex -16.9 14.4412 1.39
    endloop
  endfacet
  facet normal -0.923812 -0.382847 0
    outer loop
      vertex -14.2613 16.4659 1.39
      vertex -14.4412 16.9 4.99
      vertex -14.4412 16.9 1.39
    endloop
  endfacet
  facet normal -0.923812 -0.382847 0
    outer loop
      vertex -14.4412 16.9 4.99
      vertex -14.2613 16.4659 1.39
      vertex -14.2613 16.4659 4.99
    endloop
  endfacet
  facet normal -0.130449 -0.991455 0
    outer loop
      vertex -16 17.8 1.39
      vertex -15.5341 17.7387 4.99
      vertex -16 17.8 4.99
    endloop
  endfacet
  facet normal -0.130449 -0.991455 -0
    outer loop
      vertex -15.5341 17.7387 4.99
      vertex -16 17.8 1.39
      vertex -15.5341 17.7387 1.39
    endloop
  endfacet
  facet normal 0.382847 -0.923812 0
    outer loop
      vertex -16.9 17.5588 1.39
      vertex -16.4659 17.7387 4.99
      vertex -16.9 17.5588 4.99
    endloop
  endfacet
  facet normal 0.382847 -0.923812 0
    outer loop
      vertex -16.4659 17.7387 4.99
      vertex -16.9 17.5588 1.39
      vertex -16.4659 17.7387 1.39
    endloop
  endfacet
  facet normal 0.793414 -0.608682 0
    outer loop
      vertex -17.5588 16.9 4.99
      vertex -17.2728 17.2728 1.39
      vertex -17.2728 17.2728 4.99
    endloop
  endfacet
  facet normal 0.793414 -0.608682 0
    outer loop
      vertex -17.2728 17.2728 1.39
      vertex -17.5588 16.9 4.99
      vertex -17.5588 16.9 1.39
    endloop
  endfacet
  facet normal 0.608682 -0.793414 0
    outer loop
      vertex -17.2728 17.2728 1.39
      vertex -16.9 17.5588 4.99
      vertex -17.2728 17.2728 4.99
    endloop
  endfacet
  facet normal 0.608682 -0.793414 0
    outer loop
      vertex -16.9 17.5588 4.99
      vertex -17.2728 17.2728 1.39
      vertex -16.9 17.5588 1.39
    endloop
  endfacet
  facet normal -0.608682 0.793414 0
    outer loop
      vertex -14.7272 14.7272 1.39
      vertex -15.1 14.4412 4.99
      vertex -14.7272 14.7272 4.99
    endloop
  endfacet
  facet normal -0.608682 0.793414 0
    outer loop
      vertex -15.1 14.4412 4.99
      vertex -14.7272 14.7272 1.39
      vertex -15.1 14.4412 1.39
    endloop
  endfacet
  facet normal 0.923812 0.382847 0
    outer loop
      vertex -17.5588 15.1 4.99
      vertex -17.7387 15.5341 1.39
      vertex -17.7387 15.5341 4.99
    endloop
  endfacet
  facet normal 0.923812 0.382847 0
    outer loop
      vertex -17.7387 15.5341 1.39
      vertex -17.5588 15.1 4.99
      vertex -17.5588 15.1 1.39
    endloop
  endfacet
  facet normal 0.608682 0.793414 -0
    outer loop
      vertex -16.9 14.4412 1.39
      vertex -17.2728 14.7272 4.99
      vertex -16.9 14.4412 4.99
    endloop
  endfacet
  facet normal 0.608682 0.793414 0
    outer loop
      vertex -17.2728 14.7272 4.99
      vertex -16.9 14.4412 1.39
      vertex -17.2728 14.7272 1.39
    endloop
  endfacet
  facet normal 0.793414 0.608682 0
    outer loop
      vertex -17.2728 14.7272 4.99
      vertex -17.5588 15.1 1.39
      vertex -17.5588 15.1 4.99
    endloop
  endfacet
  facet normal 0.793414 0.608682 0
    outer loop
      vertex -17.5588 15.1 1.39
      vertex -17.2728 14.7272 4.99
      vertex -17.2728 14.7272 1.39
    endloop
  endfacet
  facet normal -0.793414 -0.608682 0
    outer loop
      vertex -14.4412 16.9 1.39
      vertex -14.7272 17.2728 4.99
      vertex -14.7272 17.2728 1.39
    endloop
  endfacet
  facet normal -0.793414 -0.608682 0
    outer loop
      vertex -14.7272 17.2728 4.99
      vertex -14.4412 16.9 1.39
      vertex -14.4412 16.9 4.99
    endloop
  endfacet
  facet normal -0.608682 -0.793414 0
    outer loop
      vertex -15.1 17.5588 1.39
      vertex -14.7272 17.2728 4.99
      vertex -15.1 17.5588 4.99
    endloop
  endfacet
  facet normal -0.608682 -0.793414 -0
    outer loop
      vertex -14.7272 17.2728 4.99
      vertex -15.1 17.5588 1.39
      vertex -14.7272 17.2728 1.39
    endloop
  endfacet
  facet normal 0.991455 -0.130449 0
    outer loop
      vertex -17.8 16 4.99
      vertex -17.7387 16.4659 1.39
      vertex -17.7387 16.4659 4.99
    endloop
  endfacet
  facet normal 0.991455 -0.130449 0
    outer loop
      vertex -17.7387 16.4659 1.39
      vertex -17.8 16 4.99
      vertex -17.8 16 1.39
    endloop
  endfacet
  facet normal 0.130449 -0.991455 0
    outer loop
      vertex -16.4659 17.7387 1.39
      vertex -16 17.8 4.99
      vertex -16.4659 17.7387 4.99
    endloop
  endfacet
  facet normal 0.130449 -0.991455 0
    outer loop
      vertex -16 17.8 4.99
      vertex -16.4659 17.7387 1.39
      vertex -16 17.8 1.39
    endloop
  endfacet
  facet normal -0.923812 0.382847 0
    outer loop
      vertex -14.4412 15.1 1.39
      vertex -14.2613 15.5341 4.99
      vertex -14.2613 15.5341 1.39
    endloop
  endfacet
  facet normal -0.923812 0.382847 0
    outer loop
      vertex -14.2613 15.5341 4.99
      vertex -14.4412 15.1 1.39
      vertex -14.4412 15.1 4.99
    endloop
  endfacet
  facet normal -0.130449 0.991455 0
    outer loop
      vertex -15.5341 14.2613 1.39
      vertex -16 14.2 4.99
      vertex -15.5341 14.2613 4.99
    endloop
  endfacet
  facet normal -0.130449 0.991455 0
    outer loop
      vertex -16 14.2 4.99
      vertex -15.5341 14.2613 1.39
      vertex -16 14.2 1.39
    endloop
  endfacet
  facet normal -0.382847 0.923812 0
    outer loop
      vertex -15.1 14.4412 1.39
      vertex -15.5341 14.2613 4.99
      vertex -15.1 14.4412 4.99
    endloop
  endfacet
  facet normal -0.382847 0.923812 0
    outer loop
      vertex -15.5341 14.2613 4.99
      vertex -15.1 14.4412 1.39
      vertex -15.5341 14.2613 1.39
    endloop
  endfacet
  facet normal 0.130449 0.991455 -0
    outer loop
      vertex -16 14.2 1.39
      vertex -16.4659 14.2613 4.99
      vertex -16 14.2 4.99
    endloop
  endfacet
  facet normal 0.130449 0.991455 0
    outer loop
      vertex -16.4659 14.2613 4.99
      vertex -16 14.2 1.39
      vertex -16.4659 14.2613 1.39
    endloop
  endfacet
  facet normal 0.991455 0.130449 0
    outer loop
      vertex -17.7387 15.5341 4.99
      vertex -17.8 16 1.39
      vertex -17.8 16 4.99
    endloop
  endfacet
  facet normal 0.991455 0.130449 0
    outer loop
      vertex -17.8 16 1.39
      vertex -17.7387 15.5341 4.99
      vertex -17.7387 15.5341 1.39
    endloop
  endfacet
  facet normal -0.991455 0.130449 0
    outer loop
      vertex -14.2613 15.5341 1.39
      vertex -14.2 16 4.99
      vertex -14.2 16 1.39
    endloop
  endfacet
  facet normal -0.991455 0.130449 0
    outer loop
      vertex -14.2 16 4.99
      vertex -14.2613 15.5341 1.39
      vertex -14.2613 15.5341 4.99
    endloop
  endfacet
  facet normal -0.793414 0.608682 0
    outer loop
      vertex -14.7272 14.7272 1.39
      vertex -14.4412 15.1 4.99
      vertex -14.4412 15.1 1.39
    endloop
  endfacet
  facet normal -0.793414 0.608682 0
    outer loop
      vertex -14.4412 15.1 4.99
      vertex -14.7272 14.7272 1.39
      vertex -14.7272 14.7272 4.99
    endloop
  endfacet
  facet normal -0.70406 -0.0927274 -0.70406
    outer loop
      vertex -12.9183 16.8223 0
      vertex -12.81 16 0
      vertex -14.2 16 1.39
    endloop
  endfacet
  facet normal 0.70406 0.0927274 -0.70406
    outer loop
      vertex -17.8 16 1.39
      vertex -19.0817 15.1777 0
      vertex -19.19 16 0
    endloop
  endfacet
  facet normal -0.656081 0.271747 -0.704068
    outer loop
      vertex -12.92 15.1713 0
      vertex -13.2374 14.405 0
      vertex -14.4412 15.1 1.39
    endloop
  endfacet
  facet normal 0.0926399 -0.704093 -0.704039
    outer loop
      vertex -16.4659 17.7387 1.39
      vertex -16.8223 19.0817 0
      vertex -16 17.8 1.39
    endloop
  endfacet
  facet normal 0.0855128 -0.70548 -0.703552
    outer loop
      vertex -16.8223 19.0817 0
      vertex -16.4659 17.7387 1.39
      vertex -16.8256 19.0813 0
    endloop
  endfacet
  facet normal 0.432233 -0.563415 -0.704087
    outer loop
      vertex -17.5977 18.7606 0
      vertex -16.9 17.5588 1.39
      vertex -17.2728 17.2728 1.39
    endloop
  endfacet
  facet normal 0.422253 -0.570042 -0.704808
    outer loop
      vertex -16.9 17.5588 1.39
      vertex -17.5977 18.7606 0
      vertex -17.595 18.7626 0
    endloop
  endfacet
  facet normal -0.563385 -0.432299 -0.70407
    outer loop
      vertex -13.7443 18.2557 0
      vertex -13.2394 17.5977 0
      vertex -14.7272 17.2728 1.39
    endloop
  endfacet
  facet normal 0.563385 -0.432299 -0.70407
    outer loop
      vertex -18.2557 18.2557 0
      vertex -17.2728 17.2728 1.39
      vertex -18.7606 17.5977 0
    endloop
  endfacet
  facet normal 0.432299 -0.563385 -0.70407
    outer loop
      vertex -17.5977 18.7606 0
      vertex -17.2728 17.2728 1.39
      vertex -18.2557 18.2557 0
    endloop
  endfacet
  facet normal -0.0927274 -0.70406 -0.70406
    outer loop
      vertex -16 19.19 0
      vertex -15.1777 19.0817 0
      vertex -16 17.8 1.39
    endloop
  endfacet
  facet normal 0.271747 -0.656081 -0.704068
    outer loop
      vertex -16.8287 19.08 0
      vertex -16.9 17.5588 1.39
      vertex -17.595 18.7626 0
    endloop
  endfacet
  facet normal -0.271884 -0.656058 -0.704036
    outer loop
      vertex -15.5341 17.7387 1.39
      vertex -15.1713 19.08 0
      vertex -15.1 17.5588 1.39
    endloop
  endfacet
  facet normal -0.274715 -0.655089 -0.70384
    outer loop
      vertex -15.1713 19.08 0
      vertex -15.5341 17.7387 1.39
      vertex -15.1744 19.0813 0
    endloop
  endfacet
  facet normal -0.422253 0.570042 -0.704808
    outer loop
      vertex -15.1 14.4412 1.39
      vertex -14.4023 13.2394 0
      vertex -14.405 13.2374 0
    endloop
  endfacet
  facet normal -0.432233 0.563415 -0.704087
    outer loop
      vertex -14.4023 13.2394 0
      vertex -15.1 14.4412 1.39
      vertex -14.7272 14.7272 1.39
    endloop
  endfacet
  facet normal -0.70548 0.0855128 -0.703552
    outer loop
      vertex -14.2613 15.5341 1.39
      vertex -12.9183 15.1777 0
      vertex -12.9187 15.1744 0
    endloop
  endfacet
  facet normal -0.704093 0.0926399 -0.704039
    outer loop
      vertex -12.9183 15.1777 0
      vertex -14.2613 15.5341 1.39
      vertex -14.2 16 1.39
    endloop
  endfacet
  facet normal -0.70406 0.0927274 -0.70406
    outer loop
      vertex -12.81 16 0
      vertex -12.9183 15.1777 0
      vertex -14.2 16 1.39
    endloop
  endfacet
  facet normal 0.70406 -0.0927274 -0.70406
    outer loop
      vertex -19.0817 16.8223 0
      vertex -17.8 16 1.39
      vertex -19.19 16 0
    endloop
  endfacet
  facet normal 0.656081 -0.271747 -0.704068
    outer loop
      vertex -18.7626 17.595 0
      vertex -17.5588 16.9 1.39
      vertex -19.08 16.8287 0
    endloop
  endfacet
  facet normal 0.563415 0.432233 -0.704087
    outer loop
      vertex -18.7606 14.4023 0
      vertex -17.5588 15.1 1.39
      vertex -17.2728 14.7272 1.39
    endloop
  endfacet
  facet normal 0.570042 0.422253 -0.704808
    outer loop
      vertex -17.5588 15.1 1.39
      vertex -18.7606 14.4023 0
      vertex -18.7626 14.405 0
    endloop
  endfacet
  facet normal 0.432299 0.563385 -0.70407
    outer loop
      vertex -17.2728 14.7272 1.39
      vertex -17.5977 13.2394 0
      vertex -18.2557 13.7443 0
    endloop
  endfacet
  facet normal 0.274715 -0.655089 -0.70384
    outer loop
      vertex -16.4659 17.7387 1.39
      vertex -16.8287 19.08 0
      vertex -16.8256 19.0813 0
    endloop
  endfacet
  facet normal 0.271884 -0.656058 -0.704036
    outer loop
      vertex -16.8287 19.08 0
      vertex -16.4659 17.7387 1.39
      vertex -16.9 17.5588 1.39
    endloop
  endfacet
  facet normal -0.0855128 -0.70548 -0.703552
    outer loop
      vertex -15.5341 17.7387 1.39
      vertex -15.1777 19.0817 0
      vertex -15.1744 19.0813 0
    endloop
  endfacet
  facet normal -0.0926399 -0.704093 -0.704039
    outer loop
      vertex -15.1777 19.0817 0
      vertex -15.5341 17.7387 1.39
      vertex -16 17.8 1.39
    endloop
  endfacet
  facet normal 0.0927274 -0.70406 -0.70406
    outer loop
      vertex -16 19.19 0
      vertex -16 17.8 1.39
      vertex -16.8223 19.0817 0
    endloop
  endfacet
  facet normal -0.656081 -0.271747 -0.704068
    outer loop
      vertex -13.2374 17.595 0
      vertex -12.92 16.8287 0
      vertex -14.4412 16.9 1.39
    endloop
  endfacet
  facet normal -0.570042 -0.422253 -0.704808
    outer loop
      vertex -14.4412 16.9 1.39
      vertex -13.2394 17.5977 0
      vertex -13.2374 17.595 0
    endloop
  endfacet
  facet normal -0.563415 -0.432233 -0.704087
    outer loop
      vertex -13.2394 17.5977 0
      vertex -14.4412 16.9 1.39
      vertex -14.7272 17.2728 1.39
    endloop
  endfacet
  facet normal -0.432299 -0.563385 -0.70407
    outer loop
      vertex -14.4023 18.7606 0
      vertex -13.7443 18.2557 0
      vertex -14.7272 17.2728 1.39
    endloop
  endfacet
  facet normal -0.432233 -0.563415 -0.704087
    outer loop
      vertex -15.1 17.5588 1.39
      vertex -14.4023 18.7606 0
      vertex -14.7272 17.2728 1.39
    endloop
  endfacet
  facet normal -0.422253 -0.570042 -0.704808
    outer loop
      vertex -14.4023 18.7606 0
      vertex -15.1 17.5588 1.39
      vertex -14.405 18.7626 0
    endloop
  endfacet
  facet normal -0.271747 -0.656081 -0.704068
    outer loop
      vertex -14.405 18.7626 0
      vertex -15.1 17.5588 1.39
      vertex -15.1713 19.08 0
    endloop
  endfacet
  facet normal -0.570042 0.422253 -0.704808
    outer loop
      vertex -13.2394 14.4023 0
      vertex -14.4412 15.1 1.39
      vertex -13.2374 14.405 0
    endloop
  endfacet
  facet normal -0.563415 0.432233 -0.704087
    outer loop
      vertex -14.4412 15.1 1.39
      vertex -13.2394 14.4023 0
      vertex -14.7272 14.7272 1.39
    endloop
  endfacet
  facet normal 0.0927274 0.70406 -0.70406
    outer loop
      vertex -16 14.2 1.39
      vertex -16 12.81 0
      vertex -16.8223 12.9183 0
    endloop
  endfacet
  facet normal -0.0927274 0.70406 -0.70406
    outer loop
      vertex -16 14.2 1.39
      vertex -15.1777 12.9183 0
      vertex -16 12.81 0
    endloop
  endfacet
  facet normal -0.271747 0.656081 -0.704068
    outer loop
      vertex -15.1 14.4412 1.39
      vertex -14.405 13.2374 0
      vertex -15.1713 12.92 0
    endloop
  endfacet
  facet normal 0.563415 -0.432233 -0.704087
    outer loop
      vertex -17.5588 16.9 1.39
      vertex -18.7606 17.5977 0
      vertex -17.2728 17.2728 1.39
    endloop
  endfacet
  facet normal 0.570042 -0.422253 -0.704808
    outer loop
      vertex -18.7606 17.5977 0
      vertex -17.5588 16.9 1.39
      vertex -18.7626 17.595 0
    endloop
  endfacet
  facet normal 0.563385 0.432299 -0.70407
    outer loop
      vertex -17.2728 14.7272 1.39
      vertex -18.2557 13.7443 0
      vertex -18.7606 14.4023 0
    endloop
  endfacet
  facet normal 0.70548 0.0855128 -0.703552
    outer loop
      vertex -19.0817 15.1777 0
      vertex -17.7387 15.5341 1.39
      vertex -19.0813 15.1744 0
    endloop
  endfacet
  facet normal 0.704093 0.0926399 -0.704039
    outer loop
      vertex -17.7387 15.5341 1.39
      vertex -19.0817 15.1777 0
      vertex -17.8 16 1.39
    endloop
  endfacet
  facet normal -0.704093 -0.0926399 -0.704039
    outer loop
      vertex -14.2613 16.4659 1.39
      vertex -12.9183 16.8223 0
      vertex -14.2 16 1.39
    endloop
  endfacet
  facet normal -0.70548 -0.0855128 -0.703552
    outer loop
      vertex -12.9183 16.8223 0
      vertex -14.2613 16.4659 1.39
      vertex -12.9187 16.8256 0
    endloop
  endfacet
  facet normal -0.655089 -0.274715 -0.70384
    outer loop
      vertex -14.2613 16.4659 1.39
      vertex -12.92 16.8287 0
      vertex -12.9187 16.8256 0
    endloop
  endfacet
  facet normal -0.656058 -0.271884 -0.704036
    outer loop
      vertex -12.92 16.8287 0
      vertex -14.2613 16.4659 1.39
      vertex -14.4412 16.9 1.39
    endloop
  endfacet
  facet normal -0.655089 0.274715 -0.70384
    outer loop
      vertex -12.92 15.1713 0
      vertex -14.2613 15.5341 1.39
      vertex -12.9187 15.1744 0
    endloop
  endfacet
  facet normal -0.656058 0.271884 -0.704036
    outer loop
      vertex -14.2613 15.5341 1.39
      vertex -12.92 15.1713 0
      vertex -14.4412 15.1 1.39
    endloop
  endfacet
  facet normal -0.432299 0.563385 -0.70407
    outer loop
      vertex -13.7443 13.7443 0
      vertex -14.4023 13.2394 0
      vertex -14.7272 14.7272 1.39
    endloop
  endfacet
  facet normal -0.563385 0.432299 -0.70407
    outer loop
      vertex -13.2394 14.4023 0
      vertex -13.7443 13.7443 0
      vertex -14.7272 14.7272 1.39
    endloop
  endfacet
  facet normal 0.422253 0.570042 -0.704808
    outer loop
      vertex -17.5977 13.2394 0
      vertex -16.9 14.4412 1.39
      vertex -17.595 13.2374 0
    endloop
  endfacet
  facet normal 0.432233 0.563415 -0.704087
    outer loop
      vertex -16.9 14.4412 1.39
      vertex -17.5977 13.2394 0
      vertex -17.2728 14.7272 1.39
    endloop
  endfacet
  facet normal -0.0855128 0.70548 -0.703552
    outer loop
      vertex -15.1777 12.9183 0
      vertex -15.5341 14.2613 1.39
      vertex -15.1744 12.9187 0
    endloop
  endfacet
  facet normal -0.0926399 0.704093 -0.704039
    outer loop
      vertex -15.5341 14.2613 1.39
      vertex -15.1777 12.9183 0
      vertex -16 14.2 1.39
    endloop
  endfacet
  facet normal -0.274715 0.655089 -0.70384
    outer loop
      vertex -15.5341 14.2613 1.39
      vertex -15.1713 12.92 0
      vertex -15.1744 12.9187 0
    endloop
  endfacet
  facet normal -0.271884 0.656058 -0.704036
    outer loop
      vertex -15.1713 12.92 0
      vertex -15.5341 14.2613 1.39
      vertex -15.1 14.4412 1.39
    endloop
  endfacet
  facet normal 0.656058 -0.271884 -0.704036
    outer loop
      vertex -17.7387 16.4659 1.39
      vertex -19.08 16.8287 0
      vertex -17.5588 16.9 1.39
    endloop
  endfacet
  facet normal 0.655089 -0.274715 -0.70384
    outer loop
      vertex -19.08 16.8287 0
      vertex -17.7387 16.4659 1.39
      vertex -19.0813 16.8256 0
    endloop
  endfacet
  facet normal 0.70548 -0.0855128 -0.703552
    outer loop
      vertex -17.7387 16.4659 1.39
      vertex -19.0817 16.8223 0
      vertex -19.0813 16.8256 0
    endloop
  endfacet
  facet normal 0.704093 -0.0926399 -0.704039
    outer loop
      vertex -19.0817 16.8223 0
      vertex -17.7387 16.4659 1.39
      vertex -17.8 16 1.39
    endloop
  endfacet
  facet normal 0.656081 0.271747 -0.704068
    outer loop
      vertex -17.5588 15.1 1.39
      vertex -18.7626 14.405 0
      vertex -19.08 15.1713 0
    endloop
  endfacet
  facet normal 0.656058 0.271884 -0.704036
    outer loop
      vertex -19.08 15.1713 0
      vertex -17.7387 15.5341 1.39
      vertex -17.5588 15.1 1.39
    endloop
  endfacet
  facet normal 0.655089 0.274715 -0.70384
    outer loop
      vertex -17.7387 15.5341 1.39
      vertex -19.08 15.1713 0
      vertex -19.0813 15.1744 0
    endloop
  endfacet
  facet normal 0.271747 0.656081 -0.704068
    outer loop
      vertex -16.9 14.4412 1.39
      vertex -16.8287 12.92 0
      vertex -17.595 13.2374 0
    endloop
  endfacet
  facet normal 0.274715 0.655089 -0.70384
    outer loop
      vertex -16.8287 12.92 0
      vertex -16.4659 14.2613 1.39
      vertex -16.8256 12.9187 0
    endloop
  endfacet
  facet normal 0.271884 0.656058 -0.704036
    outer loop
      vertex -16.4659 14.2613 1.39
      vertex -16.8287 12.92 0
      vertex -16.9 14.4412 1.39
    endloop
  endfacet
  facet normal 0.0926399 0.704093 -0.704039
    outer loop
      vertex -16.8223 12.9183 0
      vertex -16.4659 14.2613 1.39
      vertex -16 14.2 1.39
    endloop
  endfacet
  facet normal 0.0855128 0.70548 -0.703552
    outer loop
      vertex -16.4659 14.2613 1.39
      vertex -16.8223 12.9183 0
      vertex -16.8256 12.9187 0
    endloop
  endfacet
  facet normal -0.991455 -0.130449 0
    outer loop
      vertex -14.2 26 1.39
      vertex -14.2613 26.4659 4.99
      vertex -14.2613 26.4659 1.39
    endloop
  endfacet
  facet normal -0.991455 -0.130449 0
    outer loop
      vertex -14.2613 26.4659 4.99
      vertex -14.2 26 1.39
      vertex -14.2 26 4.99
    endloop
  endfacet
  facet normal -0.382847 -0.923812 0
    outer loop
      vertex -15.5341 27.7387 1.39
      vertex -15.1 27.5588 4.99
      vertex -15.5341 27.7387 4.99
    endloop
  endfacet
  facet normal -0.382847 -0.923812 -0
    outer loop
      vertex -15.1 27.5588 4.99
      vertex -15.5341 27.7387 1.39
      vertex -15.1 27.5588 1.39
    endloop
  endfacet
  facet normal 0.923812 -0.382847 0
    outer loop
      vertex -17.7387 26.4659 4.99
      vertex -17.5588 26.9 1.39
      vertex -17.5588 26.9 4.99
    endloop
  endfacet
  facet normal 0.923812 -0.382847 0
    outer loop
      vertex -17.5588 26.9 1.39
      vertex -17.7387 26.4659 4.99
      vertex -17.7387 26.4659 1.39
    endloop
  endfacet
  facet normal 0.382847 0.923812 -0
    outer loop
      vertex -16.4659 24.2613 1.39
      vertex -16.9 24.4412 4.99
      vertex -16.4659 24.2613 4.99
    endloop
  endfacet
  facet normal 0.382847 0.923812 0
    outer loop
      vertex -16.9 24.4412 4.99
      vertex -16.4659 24.2613 1.39
      vertex -16.9 24.4412 1.39
    endloop
  endfacet
  facet normal -0.923812 -0.382847 0
    outer loop
      vertex -14.2613 26.4659 1.39
      vertex -14.4412 26.9 4.99
      vertex -14.4412 26.9 1.39
    endloop
  endfacet
  facet normal -0.923812 -0.382847 0
    outer loop
      vertex -14.4412 26.9 4.99
      vertex -14.2613 26.4659 1.39
      vertex -14.2613 26.4659 4.99
    endloop
  endfacet
  facet normal -0.130449 -0.991455 0
    outer loop
      vertex -16 27.8 1.39
      vertex -15.5341 27.7387 4.99
      vertex -16 27.8 4.99
    endloop
  endfacet
  facet normal -0.130449 -0.991455 -0
    outer loop
      vertex -15.5341 27.7387 4.99
      vertex -16 27.8 1.39
      vertex -15.5341 27.7387 1.39
    endloop
  endfacet
  facet normal 0.382847 -0.923812 0
    outer loop
      vertex -16.9 27.5588 1.39
      vertex -16.4659 27.7387 4.99
      vertex -16.9 27.5588 4.99
    endloop
  endfacet
  facet normal 0.382847 -0.923812 0
    outer loop
      vertex -16.4659 27.7387 4.99
      vertex -16.9 27.5588 1.39
      vertex -16.4659 27.7387 1.39
    endloop
  endfacet
  facet normal 0.608682 -0.793414 0
    outer loop
      vertex -17.2728 27.2728 1.39
      vertex -16.9 27.5588 4.99
      vertex -17.2728 27.2728 4.99
    endloop
  endfacet
  facet normal 0.608682 -0.793414 0
    outer loop
      vertex -16.9 27.5588 4.99
      vertex -17.2728 27.2728 1.39
      vertex -16.9 27.5588 1.39
    endloop
  endfacet
  facet normal -0.608682 0.793414 0
    outer loop
      vertex -14.7272 24.7272 1.39
      vertex -15.1 24.4412 4.99
      vertex -14.7272 24.7272 4.99
    endloop
  endfacet
  facet normal -0.608682 0.793414 0
    outer loop
      vertex -15.1 24.4412 4.99
      vertex -14.7272 24.7272 1.39
      vertex -15.1 24.4412 1.39
    endloop
  endfacet
  facet normal 0.923812 0.382847 0
    outer loop
      vertex -17.5588 25.1 4.99
      vertex -17.7387 25.5341 1.39
      vertex -17.7387 25.5341 4.99
    endloop
  endfacet
  facet normal 0.923812 0.382847 0
    outer loop
      vertex -17.7387 25.5341 1.39
      vertex -17.5588 25.1 4.99
      vertex -17.5588 25.1 1.39
    endloop
  endfacet
  facet normal 0.608682 0.793414 -0
    outer loop
      vertex -16.9 24.4412 1.39
      vertex -17.2728 24.7272 4.99
      vertex -16.9 24.4412 4.99
    endloop
  endfacet
  facet normal 0.608682 0.793414 0
    outer loop
      vertex -17.2728 24.7272 4.99
      vertex -16.9 24.4412 1.39
      vertex -17.2728 24.7272 1.39
    endloop
  endfacet
  facet normal 0.793414 0.608682 0
    outer loop
      vertex -17.2728 24.7272 4.99
      vertex -17.5588 25.1 1.39
      vertex -17.5588 25.1 4.99
    endloop
  endfacet
  facet normal 0.793414 0.608682 0
    outer loop
      vertex -17.5588 25.1 1.39
      vertex -17.2728 24.7272 4.99
      vertex -17.2728 24.7272 1.39
    endloop
  endfacet
  facet normal -0.793414 -0.608682 0
    outer loop
      vertex -14.4412 26.9 1.39
      vertex -14.7272 27.2728 4.99
      vertex -14.7272 27.2728 1.39
    endloop
  endfacet
  facet normal -0.793414 -0.608682 0
    outer loop
      vertex -14.7272 27.2728 4.99
      vertex -14.4412 26.9 1.39
      vertex -14.4412 26.9 4.99
    endloop
  endfacet
  facet normal -0.608682 -0.793414 0
    outer loop
      vertex -15.1 27.5588 1.39
      vertex -14.7272 27.2728 4.99
      vertex -15.1 27.5588 4.99
    endloop
  endfacet
  facet normal -0.608682 -0.793414 -0
    outer loop
      vertex -14.7272 27.2728 4.99
      vertex -15.1 27.5588 1.39
      vertex -14.7272 27.2728 1.39
    endloop
  endfacet
  facet normal 0.991455 -0.130449 0
    outer loop
      vertex -17.8 26 4.99
      vertex -17.7387 26.4659 1.39
      vertex -17.7387 26.4659 4.99
    endloop
  endfacet
  facet normal 0.991455 -0.130449 0
    outer loop
      vertex -17.7387 26.4659 1.39
      vertex -17.8 26 4.99
      vertex -17.8 26 1.39
    endloop
  endfacet
  facet normal 0.793414 -0.608682 0
    outer loop
      vertex -17.5588 26.9 4.99
      vertex -17.2728 27.2728 1.39
      vertex -17.2728 27.2728 4.99
    endloop
  endfacet
  facet normal 0.793414 -0.608682 0
    outer loop
      vertex -17.2728 27.2728 1.39
      vertex -17.5588 26.9 4.99
      vertex -17.5588 26.9 1.39
    endloop
  endfacet
  facet normal 0.130449 -0.991455 0
    outer loop
      vertex -16.4659 27.7387 1.39
      vertex -16 27.8 4.99
      vertex -16.4659 27.7387 4.99
    endloop
  endfacet
  facet normal 0.130449 -0.991455 0
    outer loop
      vertex -16 27.8 4.99
      vertex -16.4659 27.7387 1.39
      vertex -16 27.8 1.39
    endloop
  endfacet
  facet normal -0.923812 0.382847 0
    outer loop
      vertex -14.4412 25.1 1.39
      vertex -14.2613 25.5341 4.99
      vertex -14.2613 25.5341 1.39
    endloop
  endfacet
  facet normal -0.923812 0.382847 0
    outer loop
      vertex -14.2613 25.5341 4.99
      vertex -14.4412 25.1 1.39
      vertex -14.4412 25.1 4.99
    endloop
  endfacet
  facet normal -0.130449 0.991455 0
    outer loop
      vertex -15.5341 24.2613 1.39
      vertex -16 24.2 4.99
      vertex -15.5341 24.2613 4.99
    endloop
  endfacet
  facet normal -0.130449 0.991455 0
    outer loop
      vertex -16 24.2 4.99
      vertex -15.5341 24.2613 1.39
      vertex -16 24.2 1.39
    endloop
  endfacet
  facet normal -0.793414 0.608682 0
    outer loop
      vertex -14.7272 24.7272 1.39
      vertex -14.4412 25.1 4.99
      vertex -14.4412 25.1 1.39
    endloop
  endfacet
  facet normal -0.793414 0.608682 0
    outer loop
      vertex -14.4412 25.1 4.99
      vertex -14.7272 24.7272 1.39
      vertex -14.7272 24.7272 4.99
    endloop
  endfacet
  facet normal -0.382847 0.923812 0
    outer loop
      vertex -15.1 24.4412 1.39
      vertex -15.5341 24.2613 4.99
      vertex -15.1 24.4412 4.99
    endloop
  endfacet
  facet normal -0.382847 0.923812 0
    outer loop
      vertex -15.5341 24.2613 4.99
      vertex -15.1 24.4412 1.39
      vertex -15.5341 24.2613 1.39
    endloop
  endfacet
  facet normal 0.130449 0.991455 -0
    outer loop
      vertex -16 24.2 1.39
      vertex -16.4659 24.2613 4.99
      vertex -16 24.2 4.99
    endloop
  endfacet
  facet normal 0.130449 0.991455 0
    outer loop
      vertex -16.4659 24.2613 4.99
      vertex -16 24.2 1.39
      vertex -16.4659 24.2613 1.39
    endloop
  endfacet
  facet normal 0.991455 0.130449 0
    outer loop
      vertex -17.7387 25.5341 4.99
      vertex -17.8 26 1.39
      vertex -17.8 26 4.99
    endloop
  endfacet
  facet normal 0.991455 0.130449 0
    outer loop
      vertex -17.8 26 1.39
      vertex -17.7387 25.5341 4.99
      vertex -17.7387 25.5341 1.39
    endloop
  endfacet
  facet normal -0.991455 0.130449 0
    outer loop
      vertex -14.2613 25.5341 1.39
      vertex -14.2 26 4.99
      vertex -14.2 26 1.39
    endloop
  endfacet
  facet normal -0.991455 0.130449 0
    outer loop
      vertex -14.2 26 4.99
      vertex -14.2613 25.5341 1.39
      vertex -14.2613 25.5341 4.99
    endloop
  endfacet
  facet normal -0.70406 -0.0927274 -0.70406
    outer loop
      vertex -12.9183 26.8223 0
      vertex -12.81 26 0
      vertex -14.2 26 1.39
    endloop
  endfacet
  facet normal 0.70406 0.0927274 -0.70406
    outer loop
      vertex -17.8 26 1.39
      vertex -19.0817 25.1777 0
      vertex -19.19 26 0
    endloop
  endfacet
  facet normal -0.656081 0.271747 -0.704068
    outer loop
      vertex -12.92 25.1713 0
      vertex -13.2374 24.405 0
      vertex -14.4412 25.1 1.39
    endloop
  endfacet
  facet normal 0.0926399 -0.704093 -0.704039
    outer loop
      vertex -16.4659 27.7387 1.39
      vertex -16.8223 29.0817 0
      vertex -16 27.8 1.39
    endloop
  endfacet
  facet normal 0.0855128 -0.70548 -0.703552
    outer loop
      vertex -16.8223 29.0817 0
      vertex -16.4659 27.7387 1.39
      vertex -16.8256 29.0813 0
    endloop
  endfacet
  facet normal 0.432233 -0.563415 -0.704087
    outer loop
      vertex -17.5977 28.7606 0
      vertex -16.9 27.5588 1.39
      vertex -17.2728 27.2728 1.39
    endloop
  endfacet
  facet normal 0.422253 -0.570042 -0.704808
    outer loop
      vertex -16.9 27.5588 1.39
      vertex -17.5977 28.7606 0
      vertex -17.595 28.7626 0
    endloop
  endfacet
  facet normal -0.563385 -0.432299 -0.70407
    outer loop
      vertex -13.7443 28.2557 0
      vertex -13.2394 27.5977 0
      vertex -14.7272 27.2728 1.39
    endloop
  endfacet
  facet normal 0.563385 -0.432299 -0.70407
    outer loop
      vertex -18.2557 28.2557 0
      vertex -17.2728 27.2728 1.39
      vertex -18.7606 27.5977 0
    endloop
  endfacet
  facet normal 0.432299 -0.563385 -0.70407
    outer loop
      vertex -17.5977 28.7606 0
      vertex -17.2728 27.2728 1.39
      vertex -18.2557 28.2557 0
    endloop
  endfacet
  facet normal -0.0927274 -0.70406 -0.70406
    outer loop
      vertex -16 29.19 0
      vertex -15.1777 29.0817 0
      vertex -16 27.8 1.39
    endloop
  endfacet
  facet normal 0.271747 -0.656081 -0.704068
    outer loop
      vertex -16.8287 29.08 0
      vertex -16.9 27.5588 1.39
      vertex -17.595 28.7626 0
    endloop
  endfacet
  facet normal -0.271884 -0.656058 -0.704036
    outer loop
      vertex -15.5341 27.7387 1.39
      vertex -15.1713 29.08 0
      vertex -15.1 27.5588 1.39
    endloop
  endfacet
  facet normal -0.274715 -0.655089 -0.70384
    outer loop
      vertex -15.1713 29.08 0
      vertex -15.5341 27.7387 1.39
      vertex -15.1744 29.0813 0
    endloop
  endfacet
  facet normal -0.422253 0.570042 -0.704808
    outer loop
      vertex -15.1 24.4412 1.39
      vertex -14.4023 23.2394 0
      vertex -14.405 23.2374 0
    endloop
  endfacet
  facet normal -0.432233 0.563415 -0.704087
    outer loop
      vertex -14.4023 23.2394 0
      vertex -15.1 24.4412 1.39
      vertex -14.7272 24.7272 1.39
    endloop
  endfacet
  facet normal -0.70548 0.0855128 -0.703552
    outer loop
      vertex -14.2613 25.5341 1.39
      vertex -12.9183 25.1777 0
      vertex -12.9187 25.1744 0
    endloop
  endfacet
  facet normal -0.704093 0.0926399 -0.704039
    outer loop
      vertex -12.9183 25.1777 0
      vertex -14.2613 25.5341 1.39
      vertex -14.2 26 1.39
    endloop
  endfacet
  facet normal -0.70406 0.0927274 -0.70406
    outer loop
      vertex -12.81 26 0
      vertex -12.9183 25.1777 0
      vertex -14.2 26 1.39
    endloop
  endfacet
  facet normal 0.70406 -0.0927274 -0.70406
    outer loop
      vertex -19.0817 26.8223 0
      vertex -17.8 26 1.39
      vertex -19.19 26 0
    endloop
  endfacet
  facet normal 0.656081 -0.271747 -0.704068
    outer loop
      vertex -18.7626 27.595 0
      vertex -17.5588 26.9 1.39
      vertex -19.08 26.8287 0
    endloop
  endfacet
  facet normal 0.563415 0.432233 -0.704087
    outer loop
      vertex -18.7606 24.4023 0
      vertex -17.5588 25.1 1.39
      vertex -17.2728 24.7272 1.39
    endloop
  endfacet
  facet normal 0.570042 0.422253 -0.704808
    outer loop
      vertex -17.5588 25.1 1.39
      vertex -18.7606 24.4023 0
      vertex -18.7626 24.405 0
    endloop
  endfacet
  facet normal 0.432299 0.563385 -0.70407
    outer loop
      vertex -17.2728 24.7272 1.39
      vertex -17.5977 23.2394 0
      vertex -18.2557 23.7443 0
    endloop
  endfacet
  facet normal 0.274715 -0.655089 -0.70384
    outer loop
      vertex -16.4659 27.7387 1.39
      vertex -16.8287 29.08 0
      vertex -16.8256 29.0813 0
    endloop
  endfacet
  facet normal 0.271884 -0.656058 -0.704036
    outer loop
      vertex -16.8287 29.08 0
      vertex -16.4659 27.7387 1.39
      vertex -16.9 27.5588 1.39
    endloop
  endfacet
  facet normal -0.0855128 -0.70548 -0.703552
    outer loop
      vertex -15.5341 27.7387 1.39
      vertex -15.1777 29.0817 0
      vertex -15.1744 29.0813 0
    endloop
  endfacet
  facet normal -0.0926399 -0.704093 -0.704039
    outer loop
      vertex -15.1777 29.0817 0
      vertex -15.5341 27.7387 1.39
      vertex -16 27.8 1.39
    endloop
  endfacet
  facet normal 0.0927274 -0.70406 -0.70406
    outer loop
      vertex -16 29.19 0
      vertex -16 27.8 1.39
      vertex -16.8223 29.0817 0
    endloop
  endfacet
  facet normal -0.656081 -0.271747 -0.704068
    outer loop
      vertex -13.2374 27.595 0
      vertex -12.92 26.8287 0
      vertex -14.4412 26.9 1.39
    endloop
  endfacet
  facet normal -0.570042 -0.422253 -0.704808
    outer loop
      vertex -14.4412 26.9 1.39
      vertex -13.2394 27.5977 0
      vertex -13.2374 27.595 0
    endloop
  endfacet
  facet normal -0.563415 -0.432233 -0.704087
    outer loop
      vertex -13.2394 27.5977 0
      vertex -14.4412 26.9 1.39
      vertex -14.7272 27.2728 1.39
    endloop
  endfacet
  facet normal -0.432299 -0.563385 -0.70407
    outer loop
      vertex -14.4023 28.7606 0
      vertex -13.7443 28.2557 0
      vertex -14.7272 27.2728 1.39
    endloop
  endfacet
  facet normal -0.432233 -0.563415 -0.704087
    outer loop
      vertex -15.1 27.5588 1.39
      vertex -14.4023 28.7606 0
      vertex -14.7272 27.2728 1.39
    endloop
  endfacet
  facet normal -0.422253 -0.570042 -0.704808
    outer loop
      vertex -14.4023 28.7606 0
      vertex -15.1 27.5588 1.39
      vertex -14.405 28.7626 0
    endloop
  endfacet
  facet normal -0.271747 -0.656081 -0.704068
    outer loop
      vertex -14.405 28.7626 0
      vertex -15.1 27.5588 1.39
      vertex -15.1713 29.08 0
    endloop
  endfacet
  facet normal -0.570042 0.422253 -0.704808
    outer loop
      vertex -13.2394 24.4023 0
      vertex -14.4412 25.1 1.39
      vertex -13.2374 24.405 0
    endloop
  endfacet
  facet normal -0.563415 0.432233 -0.704087
    outer loop
      vertex -14.4412 25.1 1.39
      vertex -13.2394 24.4023 0
      vertex -14.7272 24.7272 1.39
    endloop
  endfacet
  facet normal 0.0927274 0.70406 -0.70406
    outer loop
      vertex -16 24.2 1.39
      vertex -16 22.81 0
      vertex -16.8223 22.9183 0
    endloop
  endfacet
  facet normal -0.0927274 0.70406 -0.70406
    outer loop
      vertex -16 24.2 1.39
      vertex -15.1777 22.9183 0
      vertex -16 22.81 0
    endloop
  endfacet
  facet normal -0.271747 0.656081 -0.704068
    outer loop
      vertex -15.1 24.4412 1.39
      vertex -14.405 23.2374 0
      vertex -15.1713 22.92 0
    endloop
  endfacet
  facet normal 0.563415 -0.432233 -0.704087
    outer loop
      vertex -17.5588 26.9 1.39
      vertex -18.7606 27.5977 0
      vertex -17.2728 27.2728 1.39
    endloop
  endfacet
  facet normal 0.570042 -0.422253 -0.704808
    outer loop
      vertex -18.7606 27.5977 0
      vertex -17.5588 26.9 1.39
      vertex -18.7626 27.595 0
    endloop
  endfacet
  facet normal 0.563385 0.432299 -0.70407
    outer loop
      vertex -17.2728 24.7272 1.39
      vertex -18.2557 23.7443 0
      vertex -18.7606 24.4023 0
    endloop
  endfacet
  facet normal 0.70548 0.0855128 -0.703552
    outer loop
      vertex -19.0817 25.1777 0
      vertex -17.7387 25.5341 1.39
      vertex -19.0813 25.1744 0
    endloop
  endfacet
  facet normal 0.704093 0.0926399 -0.704039
    outer loop
      vertex -17.7387 25.5341 1.39
      vertex -19.0817 25.1777 0
      vertex -17.8 26 1.39
    endloop
  endfacet
  facet normal -0.704093 -0.0926399 -0.704039
    outer loop
      vertex -14.2613 26.4659 1.39
      vertex -12.9183 26.8223 0
      vertex -14.2 26 1.39
    endloop
  endfacet
  facet normal -0.70548 -0.0855128 -0.703552
    outer loop
      vertex -12.9183 26.8223 0
      vertex -14.2613 26.4659 1.39
      vertex -12.9187 26.8256 0
    endloop
  endfacet
  facet normal -0.655089 -0.274715 -0.70384
    outer loop
      vertex -14.2613 26.4659 1.39
      vertex -12.92 26.8287 0
      vertex -12.9187 26.8256 0
    endloop
  endfacet
  facet normal -0.656058 -0.271884 -0.704036
    outer loop
      vertex -12.92 26.8287 0
      vertex -14.2613 26.4659 1.39
      vertex -14.4412 26.9 1.39
    endloop
  endfacet
  facet normal -0.655089 0.274715 -0.70384
    outer loop
      vertex -12.92 25.1713 0
      vertex -14.2613 25.5341 1.39
      vertex -12.9187 25.1744 0
    endloop
  endfacet
  facet normal -0.656058 0.271884 -0.704036
    outer loop
      vertex -14.2613 25.5341 1.39
      vertex -12.92 25.1713 0
      vertex -14.4412 25.1 1.39
    endloop
  endfacet
  facet normal -0.432299 0.563385 -0.70407
    outer loop
      vertex -13.7443 23.7443 0
      vertex -14.4023 23.2394 0
      vertex -14.7272 24.7272 1.39
    endloop
  endfacet
  facet normal -0.563385 0.432299 -0.70407
    outer loop
      vertex -13.2394 24.4023 0
      vertex -13.7443 23.7443 0
      vertex -14.7272 24.7272 1.39
    endloop
  endfacet
  facet normal 0.422253 0.570042 -0.704808
    outer loop
      vertex -17.5977 23.2394 0
      vertex -16.9 24.4412 1.39
      vertex -17.595 23.2374 0
    endloop
  endfacet
  facet normal 0.432233 0.563415 -0.704087
    outer loop
      vertex -16.9 24.4412 1.39
      vertex -17.5977 23.2394 0
      vertex -17.2728 24.7272 1.39
    endloop
  endfacet
  facet normal -0.0855128 0.70548 -0.703552
    outer loop
      vertex -15.1777 22.9183 0
      vertex -15.5341 24.2613 1.39
      vertex -15.1744 22.9187 0
    endloop
  endfacet
  facet normal -0.0926399 0.704093 -0.704039
    outer loop
      vertex -15.5341 24.2613 1.39
      vertex -15.1777 22.9183 0
      vertex -16 24.2 1.39
    endloop
  endfacet
  facet normal -0.274715 0.655089 -0.70384
    outer loop
      vertex -15.5341 24.2613 1.39
      vertex -15.1713 22.92 0
      vertex -15.1744 22.9187 0
    endloop
  endfacet
  facet normal -0.271884 0.656058 -0.704036
    outer loop
      vertex -15.1713 22.92 0
      vertex -15.5341 24.2613 1.39
      vertex -15.1 24.4412 1.39
    endloop
  endfacet
  facet normal 0.656058 -0.271884 -0.704036
    outer loop
      vertex -17.7387 26.4659 1.39
      vertex -19.08 26.8287 0
      vertex -17.5588 26.9 1.39
    endloop
  endfacet
  facet normal 0.655089 -0.274715 -0.70384
    outer loop
      vertex -19.08 26.8287 0
      vertex -17.7387 26.4659 1.39
      vertex -19.0813 26.8256 0
    endloop
  endfacet
  facet normal 0.70548 -0.0855128 -0.703552
    outer loop
      vertex -17.7387 26.4659 1.39
      vertex -19.0817 26.8223 0
      vertex -19.0813 26.8256 0
    endloop
  endfacet
  facet normal 0.704093 -0.0926399 -0.704039
    outer loop
      vertex -19.0817 26.8223 0
      vertex -17.7387 26.4659 1.39
      vertex -17.8 26 1.39
    endloop
  endfacet
  facet normal 0.656081 0.271747 -0.704068
    outer loop
      vertex -17.5588 25.1 1.39
      vertex -18.7626 24.405 0
      vertex -19.08 25.1713 0
    endloop
  endfacet
  facet normal 0.656058 0.271884 -0.704036
    outer loop
      vertex -19.08 25.1713 0
      vertex -17.7387 25.5341 1.39
      vertex -17.5588 25.1 1.39
    endloop
  endfacet
  facet normal 0.655089 0.274715 -0.70384
    outer loop
      vertex -17.7387 25.5341 1.39
      vertex -19.08 25.1713 0
      vertex -19.0813 25.1744 0
    endloop
  endfacet
  facet normal 0.271747 0.656081 -0.704068
    outer loop
      vertex -16.9 24.4412 1.39
      vertex -16.8287 22.92 0
      vertex -17.595 23.2374 0
    endloop
  endfacet
  facet normal 0.274715 0.655089 -0.70384
    outer loop
      vertex -16.8287 22.92 0
      vertex -16.4659 24.2613 1.39
      vertex -16.8256 22.9187 0
    endloop
  endfacet
  facet normal 0.271884 0.656058 -0.704036
    outer loop
      vertex -16.4659 24.2613 1.39
      vertex -16.8287 22.92 0
      vertex -16.9 24.4412 1.39
    endloop
  endfacet
  facet normal 0.0926399 0.704093 -0.704039
    outer loop
      vertex -16.8223 22.9183 0
      vertex -16.4659 24.2613 1.39
      vertex -16 24.2 1.39
    endloop
  endfacet
  facet normal 0.0855128 0.70548 -0.703552
    outer loop
      vertex -16.4659 24.2613 1.39
      vertex -16.8223 22.9183 0
      vertex -16.8256 22.9187 0
    endloop
  endfacet
  facet normal -0.991455 -0.130449 0
    outer loop
      vertex 17.8 16 1.39
      vertex 17.7387 16.4659 4.99
      vertex 17.7387 16.4659 1.39
    endloop
  endfacet
  facet normal -0.991455 -0.130449 0
    outer loop
      vertex 17.7387 16.4659 4.99
      vertex 17.8 16 1.39
      vertex 17.8 16 4.99
    endloop
  endfacet
  facet normal 0.991455 -0.130449 0
    outer loop
      vertex 14.2 16 4.99
      vertex 14.2613 16.4659 1.39
      vertex 14.2613 16.4659 4.99
    endloop
  endfacet
  facet normal 0.991455 -0.130449 0
    outer loop
      vertex 14.2613 16.4659 1.39
      vertex 14.2 16 4.99
      vertex 14.2 16 1.39
    endloop
  endfacet
  facet normal -0.130449 -0.991455 0
    outer loop
      vertex 16 17.8 1.39
      vertex 16.4659 17.7387 4.99
      vertex 16 17.8 4.99
    endloop
  endfacet
  facet normal -0.130449 -0.991455 -0
    outer loop
      vertex 16.4659 17.7387 4.99
      vertex 16 17.8 1.39
      vertex 16.4659 17.7387 1.39
    endloop
  endfacet
  facet normal 0.130449 0.991455 -0
    outer loop
      vertex 16 14.2 1.39
      vertex 15.5341 14.2613 4.99
      vertex 16 14.2 4.99
    endloop
  endfacet
  facet normal 0.130449 0.991455 0
    outer loop
      vertex 15.5341 14.2613 4.99
      vertex 16 14.2 1.39
      vertex 15.5341 14.2613 1.39
    endloop
  endfacet
  facet normal -0.608682 -0.793414 0
    outer loop
      vertex 16.9 17.5588 1.39
      vertex 17.2728 17.2728 4.99
      vertex 16.9 17.5588 4.99
    endloop
  endfacet
  facet normal -0.608682 -0.793414 -0
    outer loop
      vertex 17.2728 17.2728 4.99
      vertex 16.9 17.5588 1.39
      vertex 17.2728 17.2728 1.39
    endloop
  endfacet
  facet normal -0.923812 -0.382847 0
    outer loop
      vertex 17.7387 16.4659 1.39
      vertex 17.5588 16.9 4.99
      vertex 17.5588 16.9 1.39
    endloop
  endfacet
  facet normal -0.923812 -0.382847 0
    outer loop
      vertex 17.5588 16.9 4.99
      vertex 17.7387 16.4659 1.39
      vertex 17.7387 16.4659 4.99
    endloop
  endfacet
  facet normal -0.382847 -0.923812 0
    outer loop
      vertex 16.4659 17.7387 1.39
      vertex 16.9 17.5588 4.99
      vertex 16.4659 17.7387 4.99
    endloop
  endfacet
  facet normal -0.382847 -0.923812 -0
    outer loop
      vertex 16.9 17.5588 4.99
      vertex 16.4659 17.7387 1.39
      vertex 16.9 17.5588 1.39
    endloop
  endfacet
  facet normal 0.608682 -0.793414 0
    outer loop
      vertex 14.7272 17.2728 1.39
      vertex 15.1 17.5588 4.99
      vertex 14.7272 17.2728 4.99
    endloop
  endfacet
  facet normal 0.608682 -0.793414 0
    outer loop
      vertex 15.1 17.5588 4.99
      vertex 14.7272 17.2728 1.39
      vertex 15.1 17.5588 1.39
    endloop
  endfacet
  facet normal 0.793414 -0.608682 0
    outer loop
      vertex 14.4412 16.9 4.99
      vertex 14.7272 17.2728 1.39
      vertex 14.7272 17.2728 4.99
    endloop
  endfacet
  facet normal 0.793414 -0.608682 0
    outer loop
      vertex 14.7272 17.2728 1.39
      vertex 14.4412 16.9 4.99
      vertex 14.4412 16.9 1.39
    endloop
  endfacet
  facet normal 0.382847 -0.923812 0
    outer loop
      vertex 15.1 17.5588 1.39
      vertex 15.5341 17.7387 4.99
      vertex 15.1 17.5588 4.99
    endloop
  endfacet
  facet normal 0.382847 -0.923812 0
    outer loop
      vertex 15.5341 17.7387 4.99
      vertex 15.1 17.5588 1.39
      vertex 15.5341 17.7387 1.39
    endloop
  endfacet
  facet normal -0.793414 0.608682 0
    outer loop
      vertex 17.2728 14.7272 1.39
      vertex 17.5588 15.1 4.99
      vertex 17.5588 15.1 1.39
    endloop
  endfacet
  facet normal -0.793414 0.608682 0
    outer loop
      vertex 17.5588 15.1 4.99
      vertex 17.2728 14.7272 1.39
      vertex 17.2728 14.7272 4.99
    endloop
  endfacet
  facet normal -0.923812 0.382847 0
    outer loop
      vertex 17.5588 15.1 1.39
      vertex 17.7387 15.5341 4.99
      vertex 17.7387 15.5341 1.39
    endloop
  endfacet
  facet normal -0.923812 0.382847 0
    outer loop
      vertex 17.7387 15.5341 4.99
      vertex 17.5588 15.1 1.39
      vertex 17.5588 15.1 4.99
    endloop
  endfacet
  facet normal 0.608682 0.793414 -0
    outer loop
      vertex 15.1 14.4412 1.39
      vertex 14.7272 14.7272 4.99
      vertex 15.1 14.4412 4.99
    endloop
  endfacet
  facet normal 0.608682 0.793414 0
    outer loop
      vertex 14.7272 14.7272 4.99
      vertex 15.1 14.4412 1.39
      vertex 14.7272 14.7272 1.39
    endloop
  endfacet
  facet normal -0.793414 -0.608682 0
    outer loop
      vertex 17.5588 16.9 1.39
      vertex 17.2728 17.2728 4.99
      vertex 17.2728 17.2728 1.39
    endloop
  endfacet
  facet normal -0.793414 -0.608682 0
    outer loop
      vertex 17.2728 17.2728 4.99
      vertex 17.5588 16.9 1.39
      vertex 17.5588 16.9 4.99
    endloop
  endfacet
  facet normal 0.923812 -0.382847 0
    outer loop
      vertex 14.2613 16.4659 4.99
      vertex 14.4412 16.9 1.39
      vertex 14.4412 16.9 4.99
    endloop
  endfacet
  facet normal 0.923812 -0.382847 0
    outer loop
      vertex 14.4412 16.9 1.39
      vertex 14.2613 16.4659 4.99
      vertex 14.2613 16.4659 1.39
    endloop
  endfacet
  facet normal 0.130449 -0.991455 0
    outer loop
      vertex 15.5341 17.7387 1.39
      vertex 16 17.8 4.99
      vertex 15.5341 17.7387 4.99
    endloop
  endfacet
  facet normal 0.130449 -0.991455 0
    outer loop
      vertex 16 17.8 4.99
      vertex 15.5341 17.7387 1.39
      vertex 16 17.8 1.39
    endloop
  endfacet
  facet normal -0.130449 0.991455 0
    outer loop
      vertex 16.4659 14.2613 1.39
      vertex 16 14.2 4.99
      vertex 16.4659 14.2613 4.99
    endloop
  endfacet
  facet normal -0.130449 0.991455 0
    outer loop
      vertex 16 14.2 4.99
      vertex 16.4659 14.2613 1.39
      vertex 16 14.2 1.39
    endloop
  endfacet
  facet normal -0.608682 0.793414 0
    outer loop
      vertex 17.2728 14.7272 1.39
      vertex 16.9 14.4412 4.99
      vertex 17.2728 14.7272 4.99
    endloop
  endfacet
  facet normal -0.608682 0.793414 0
    outer loop
      vertex 16.9 14.4412 4.99
      vertex 17.2728 14.7272 1.39
      vertex 16.9 14.4412 1.39
    endloop
  endfacet
  facet normal 0.382847 0.923812 -0
    outer loop
      vertex 15.5341 14.2613 1.39
      vertex 15.1 14.4412 4.99
      vertex 15.5341 14.2613 4.99
    endloop
  endfacet
  facet normal 0.382847 0.923812 0
    outer loop
      vertex 15.1 14.4412 4.99
      vertex 15.5341 14.2613 1.39
      vertex 15.1 14.4412 1.39
    endloop
  endfacet
  facet normal 0.793414 0.608682 0
    outer loop
      vertex 14.7272 14.7272 4.99
      vertex 14.4412 15.1 1.39
      vertex 14.4412 15.1 4.99
    endloop
  endfacet
  facet normal 0.793414 0.608682 0
    outer loop
      vertex 14.4412 15.1 1.39
      vertex 14.7272 14.7272 4.99
      vertex 14.7272 14.7272 1.39
    endloop
  endfacet
  facet normal 0.991455 0.130449 0
    outer loop
      vertex 14.2613 15.5341 4.99
      vertex 14.2 16 1.39
      vertex 14.2 16 4.99
    endloop
  endfacet
  facet normal 0.991455 0.130449 0
    outer loop
      vertex 14.2 16 1.39
      vertex 14.2613 15.5341 4.99
      vertex 14.2613 15.5341 1.39
    endloop
  endfacet
  facet normal -0.991455 0.130449 0
    outer loop
      vertex 17.7387 15.5341 1.39
      vertex 17.8 16 4.99
      vertex 17.8 16 1.39
    endloop
  endfacet
  facet normal -0.991455 0.130449 0
    outer loop
      vertex 17.8 16 4.99
      vertex 17.7387 15.5341 1.39
      vertex 17.7387 15.5341 4.99
    endloop
  endfacet
  facet normal -0.382847 0.923812 0
    outer loop
      vertex 16.9 14.4412 1.39
      vertex 16.4659 14.2613 4.99
      vertex 16.9 14.4412 4.99
    endloop
  endfacet
  facet normal -0.382847 0.923812 0
    outer loop
      vertex 16.4659 14.2613 4.99
      vertex 16.9 14.4412 1.39
      vertex 16.4659 14.2613 1.39
    endloop
  endfacet
  facet normal 0.923812 0.382847 0
    outer loop
      vertex 14.4412 15.1 4.99
      vertex 14.2613 15.5341 1.39
      vertex 14.2613 15.5341 4.99
    endloop
  endfacet
  facet normal 0.923812 0.382847 0
    outer loop
      vertex 14.2613 15.5341 1.39
      vertex 14.4412 15.1 4.99
      vertex 14.4412 15.1 1.39
    endloop
  endfacet
  facet normal -0.70406 -0.0927274 -0.70406
    outer loop
      vertex 19.0817 16.8223 0
      vertex 19.19 16 0
      vertex 17.8 16 1.39
    endloop
  endfacet
  facet normal -0.656081 -0.271747 -0.704068
    outer loop
      vertex 18.7626 17.595 0
      vertex 19.08 16.8287 0
      vertex 17.5588 16.9 1.39
    endloop
  endfacet
  facet normal -0.271747 0.656081 -0.704068
    outer loop
      vertex 16.9 14.4412 1.39
      vertex 17.595 13.2374 0
      vertex 16.8287 12.92 0
    endloop
  endfacet
  facet normal -0.432299 -0.563385 -0.70407
    outer loop
      vertex 17.5977 18.7606 0
      vertex 18.2557 18.2557 0
      vertex 17.2728 17.2728 1.39
    endloop
  endfacet
  facet normal -0.570042 -0.422253 -0.704808
    outer loop
      vertex 17.5588 16.9 1.39
      vertex 18.7606 17.5977 0
      vertex 18.7626 17.595 0
    endloop
  endfacet
  facet normal -0.563415 -0.432233 -0.704087
    outer loop
      vertex 18.7606 17.5977 0
      vertex 17.5588 16.9 1.39
      vertex 17.2728 17.2728 1.39
    endloop
  endfacet
  facet normal -0.570042 0.422253 -0.704808
    outer loop
      vertex 18.7606 14.4023 0
      vertex 17.5588 15.1 1.39
      vertex 18.7626 14.405 0
    endloop
  endfacet
  facet normal -0.563415 0.432233 -0.704087
    outer loop
      vertex 17.5588 15.1 1.39
      vertex 18.7606 14.4023 0
      vertex 17.2728 14.7272 1.39
    endloop
  endfacet
  facet normal 0.563385 -0.432299 -0.70407
    outer loop
      vertex 13.7443 18.2557 0
      vertex 14.7272 17.2728 1.39
      vertex 13.2394 17.5977 0
    endloop
  endfacet
  facet normal 0.432299 -0.563385 -0.70407
    outer loop
      vertex 14.4023 18.7606 0
      vertex 14.7272 17.2728 1.39
      vertex 13.7443 18.2557 0
    endloop
  endfacet
  facet normal 0.70406 -0.0927274 -0.70406
    outer loop
      vertex 12.9183 16.8223 0
      vertex 14.2 16 1.39
      vertex 12.81 16 0
    endloop
  endfacet
  facet normal 0.563385 0.432299 -0.70407
    outer loop
      vertex 14.7272 14.7272 1.39
      vertex 13.7443 13.7443 0
      vertex 13.2394 14.4023 0
    endloop
  endfacet
  facet normal -0.271884 -0.656058 -0.704036
    outer loop
      vertex 16.4659 17.7387 1.39
      vertex 16.8287 19.08 0
      vertex 16.9 17.5588 1.39
    endloop
  endfacet
  facet normal -0.274715 -0.655089 -0.70384
    outer loop
      vertex 16.8287 19.08 0
      vertex 16.4659 17.7387 1.39
      vertex 16.8256 19.0813 0
    endloop
  endfacet
  facet normal 0.0927274 -0.70406 -0.70406
    outer loop
      vertex 16 19.19 0
      vertex 16 17.8 1.39
      vertex 15.1777 19.0817 0
    endloop
  endfacet
  facet normal -0.271747 -0.656081 -0.704068
    outer loop
      vertex 17.595 18.7626 0
      vertex 16.9 17.5588 1.39
      vertex 16.8287 19.08 0
    endloop
  endfacet
  facet normal -0.422253 0.570042 -0.704808
    outer loop
      vertex 16.9 14.4412 1.39
      vertex 17.5977 13.2394 0
      vertex 17.595 13.2374 0
    endloop
  endfacet
  facet normal -0.432233 0.563415 -0.704087
    outer loop
      vertex 17.5977 13.2394 0
      vertex 16.9 14.4412 1.39
      vertex 17.2728 14.7272 1.39
    endloop
  endfacet
  facet normal -0.432299 0.563385 -0.70407
    outer loop
      vertex 18.2557 13.7443 0
      vertex 17.5977 13.2394 0
      vertex 17.2728 14.7272 1.39
    endloop
  endfacet
  facet normal -0.70406 0.0927274 -0.70406
    outer loop
      vertex 19.19 16 0
      vertex 19.0817 15.1777 0
      vertex 17.8 16 1.39
    endloop
  endfacet
  facet normal 0.563415 -0.432233 -0.704087
    outer loop
      vertex 14.4412 16.9 1.39
      vertex 13.2394 17.5977 0
      vertex 14.7272 17.2728 1.39
    endloop
  endfacet
  facet normal 0.570042 -0.422253 -0.704808
    outer loop
      vertex 13.2394 17.5977 0
      vertex 14.4412 16.9 1.39
      vertex 13.2374 17.595 0
    endloop
  endfacet
  facet normal 0.432299 0.563385 -0.70407
    outer loop
      vertex 14.7272 14.7272 1.39
      vertex 14.4023 13.2394 0
      vertex 13.7443 13.7443 0
    endloop
  endfacet
  facet normal 0.274715 -0.655089 -0.70384
    outer loop
      vertex 15.5341 17.7387 1.39
      vertex 15.1713 19.08 0
      vertex 15.1744 19.0813 0
    endloop
  endfacet
  facet normal 0.271884 -0.656058 -0.704036
    outer loop
      vertex 15.1713 19.08 0
      vertex 15.5341 17.7387 1.39
      vertex 15.1 17.5588 1.39
    endloop
  endfacet
  facet normal 0.0926399 -0.704093 -0.704039
    outer loop
      vertex 15.5341 17.7387 1.39
      vertex 15.1777 19.0817 0
      vertex 16 17.8 1.39
    endloop
  endfacet
  facet normal 0.0855128 -0.70548 -0.703552
    outer loop
      vertex 15.1777 19.0817 0
      vertex 15.5341 17.7387 1.39
      vertex 15.1744 19.0813 0
    endloop
  endfacet
  facet normal 0.271747 -0.656081 -0.704068
    outer loop
      vertex 15.1713 19.08 0
      vertex 15.1 17.5588 1.39
      vertex 14.405 18.7626 0
    endloop
  endfacet
  facet normal 0.432233 -0.563415 -0.704087
    outer loop
      vertex 14.4023 18.7606 0
      vertex 15.1 17.5588 1.39
      vertex 14.7272 17.2728 1.39
    endloop
  endfacet
  facet normal 0.422253 -0.570042 -0.704808
    outer loop
      vertex 15.1 17.5588 1.39
      vertex 14.4023 18.7606 0
      vertex 14.405 18.7626 0
    endloop
  endfacet
  facet normal -0.0855128 -0.70548 -0.703552
    outer loop
      vertex 16.4659 17.7387 1.39
      vertex 16.8223 19.0817 0
      vertex 16.8256 19.0813 0
    endloop
  endfacet
  facet normal -0.0926399 -0.704093 -0.704039
    outer loop
      vertex 16.8223 19.0817 0
      vertex 16.4659 17.7387 1.39
      vertex 16 17.8 1.39
    endloop
  endfacet
  facet normal -0.0927274 -0.70406 -0.70406
    outer loop
      vertex 16 19.19 0
      vertex 16.8223 19.0817 0
      vertex 16 17.8 1.39
    endloop
  endfacet
  facet normal -0.655089 -0.274715 -0.70384
    outer loop
      vertex 17.7387 16.4659 1.39
      vertex 19.08 16.8287 0
      vertex 19.0813 16.8256 0
    endloop
  endfacet
  facet normal -0.656058 -0.271884 -0.704036
    outer loop
      vertex 19.08 16.8287 0
      vertex 17.7387 16.4659 1.39
      vertex 17.5588 16.9 1.39
    endloop
  endfacet
  facet normal -0.563385 -0.432299 -0.70407
    outer loop
      vertex 18.2557 18.2557 0
      vertex 18.7606 17.5977 0
      vertex 17.2728 17.2728 1.39
    endloop
  endfacet
  facet normal -0.432233 -0.563415 -0.704087
    outer loop
      vertex 16.9 17.5588 1.39
      vertex 17.5977 18.7606 0
      vertex 17.2728 17.2728 1.39
    endloop
  endfacet
  facet normal -0.422253 -0.570042 -0.704808
    outer loop
      vertex 17.5977 18.7606 0
      vertex 16.9 17.5588 1.39
      vertex 17.595 18.7626 0
    endloop
  endfacet
  facet normal 0.0927274 0.70406 -0.70406
    outer loop
      vertex 16 14.2 1.39
      vertex 16 12.81 0
      vertex 15.1777 12.9183 0
    endloop
  endfacet
  facet normal -0.0927274 0.70406 -0.70406
    outer loop
      vertex 16 14.2 1.39
      vertex 16.8223 12.9183 0
      vertex 16 12.81 0
    endloop
  endfacet
  facet normal -0.563385 0.432299 -0.70407
    outer loop
      vertex 18.7606 14.4023 0
      vertex 18.2557 13.7443 0
      vertex 17.2728 14.7272 1.39
    endloop
  endfacet
  facet normal 0.563415 0.432233 -0.704087
    outer loop
      vertex 13.2394 14.4023 0
      vertex 14.4412 15.1 1.39
      vertex 14.7272 14.7272 1.39
    endloop
  endfacet
  facet normal 0.570042 0.422253 -0.704808
    outer loop
      vertex 14.4412 15.1 1.39
      vertex 13.2394 14.4023 0
      vertex 13.2374 14.405 0
    endloop
  endfacet
  facet normal 0.656081 0.271747 -0.704068
    outer loop
      vertex 14.4412 15.1 1.39
      vertex 13.2374 14.405 0
      vertex 12.92 15.1713 0
    endloop
  endfacet
  facet normal 0.656058 0.271884 -0.704036
    outer loop
      vertex 12.92 15.1713 0
      vertex 14.2613 15.5341 1.39
      vertex 14.4412 15.1 1.39
    endloop
  endfacet
  facet normal 0.655089 0.274715 -0.70384
    outer loop
      vertex 14.2613 15.5341 1.39
      vertex 12.92 15.1713 0
      vertex 12.9187 15.1744 0
    endloop
  endfacet
  facet normal 0.656081 -0.271747 -0.704068
    outer loop
      vertex 13.2374 17.595 0
      vertex 14.4412 16.9 1.39
      vertex 12.92 16.8287 0
    endloop
  endfacet
  facet normal -0.70548 -0.0855128 -0.703552
    outer loop
      vertex 19.0817 16.8223 0
      vertex 17.7387 16.4659 1.39
      vertex 19.0813 16.8256 0
    endloop
  endfacet
  facet normal -0.704093 -0.0926399 -0.704039
    outer loop
      vertex 17.7387 16.4659 1.39
      vertex 19.0817 16.8223 0
      vertex 17.8 16 1.39
    endloop
  endfacet
  facet normal 0.422253 0.570042 -0.704808
    outer loop
      vertex 14.4023 13.2394 0
      vertex 15.1 14.4412 1.39
      vertex 14.405 13.2374 0
    endloop
  endfacet
  facet normal 0.432233 0.563415 -0.704087
    outer loop
      vertex 15.1 14.4412 1.39
      vertex 14.4023 13.2394 0
      vertex 14.7272 14.7272 1.39
    endloop
  endfacet
  facet normal 0.0926399 0.704093 -0.704039
    outer loop
      vertex 15.1777 12.9183 0
      vertex 15.5341 14.2613 1.39
      vertex 16 14.2 1.39
    endloop
  endfacet
  facet normal 0.0855128 0.70548 -0.703552
    outer loop
      vertex 15.5341 14.2613 1.39
      vertex 15.1777 12.9183 0
      vertex 15.1744 12.9187 0
    endloop
  endfacet
  facet normal -0.0855128 0.70548 -0.703552
    outer loop
      vertex 16.8223 12.9183 0
      vertex 16.4659 14.2613 1.39
      vertex 16.8256 12.9187 0
    endloop
  endfacet
  facet normal -0.0926399 0.704093 -0.704039
    outer loop
      vertex 16.4659 14.2613 1.39
      vertex 16.8223 12.9183 0
      vertex 16 14.2 1.39
    endloop
  endfacet
  facet normal -0.274715 0.655089 -0.70384
    outer loop
      vertex 16.4659 14.2613 1.39
      vertex 16.8287 12.92 0
      vertex 16.8256 12.9187 0
    endloop
  endfacet
  facet normal -0.271884 0.656058 -0.704036
    outer loop
      vertex 16.8287 12.92 0
      vertex 16.4659 14.2613 1.39
      vertex 16.9 14.4412 1.39
    endloop
  endfacet
  facet normal -0.656081 0.271747 -0.704068
    outer loop
      vertex 19.08 15.1713 0
      vertex 18.7626 14.405 0
      vertex 17.5588 15.1 1.39
    endloop
  endfacet
  facet normal 0.70548 0.0855128 -0.703552
    outer loop
      vertex 12.9183 15.1777 0
      vertex 14.2613 15.5341 1.39
      vertex 12.9187 15.1744 0
    endloop
  endfacet
  facet normal 0.704093 0.0926399 -0.704039
    outer loop
      vertex 14.2613 15.5341 1.39
      vertex 12.9183 15.1777 0
      vertex 14.2 16 1.39
    endloop
  endfacet
  facet normal 0.70406 0.0927274 -0.70406
    outer loop
      vertex 14.2 16 1.39
      vertex 12.9183 15.1777 0
      vertex 12.81 16 0
    endloop
  endfacet
  facet normal 0.656058 -0.271884 -0.704036
    outer loop
      vertex 14.2613 16.4659 1.39
      vertex 12.92 16.8287 0
      vertex 14.4412 16.9 1.39
    endloop
  endfacet
  facet normal 0.655089 -0.274715 -0.70384
    outer loop
      vertex 12.92 16.8287 0
      vertex 14.2613 16.4659 1.39
      vertex 12.9187 16.8256 0
    endloop
  endfacet
  facet normal 0.704093 -0.0926399 -0.704039
    outer loop
      vertex 12.9183 16.8223 0
      vertex 14.2613 16.4659 1.39
      vertex 14.2 16 1.39
    endloop
  endfacet
  facet normal 0.70548 -0.0855128 -0.703552
    outer loop
      vertex 14.2613 16.4659 1.39
      vertex 12.9183 16.8223 0
      vertex 12.9187 16.8256 0
    endloop
  endfacet
  facet normal 0.271747 0.656081 -0.704068
    outer loop
      vertex 15.1 14.4412 1.39
      vertex 15.1713 12.92 0
      vertex 14.405 13.2374 0
    endloop
  endfacet
  facet normal -0.655089 0.274715 -0.70384
    outer loop
      vertex 19.08 15.1713 0
      vertex 17.7387 15.5341 1.39
      vertex 19.0813 15.1744 0
    endloop
  endfacet
  facet normal -0.656058 0.271884 -0.704036
    outer loop
      vertex 17.7387 15.5341 1.39
      vertex 19.08 15.1713 0
      vertex 17.5588 15.1 1.39
    endloop
  endfacet
  facet normal -0.704093 0.0926399 -0.704039
    outer loop
      vertex 19.0817 15.1777 0
      vertex 17.7387 15.5341 1.39
      vertex 17.8 16 1.39
    endloop
  endfacet
  facet normal -0.70548 0.0855128 -0.703552
    outer loop
      vertex 17.7387 15.5341 1.39
      vertex 19.0817 15.1777 0
      vertex 19.0813 15.1744 0
    endloop
  endfacet
  facet normal 0.274715 0.655089 -0.70384
    outer loop
      vertex 15.1713 12.92 0
      vertex 15.5341 14.2613 1.39
      vertex 15.1744 12.9187 0
    endloop
  endfacet
  facet normal 0.271884 0.656058 -0.704036
    outer loop
      vertex 15.5341 14.2613 1.39
      vertex 15.1713 12.92 0
      vertex 15.1 14.4412 1.39
    endloop
  endfacet
  facet normal -0.991455 -0.130449 0
    outer loop
      vertex 17.8 26 1.39
      vertex 17.7387 26.4659 4.99
      vertex 17.7387 26.4659 1.39
    endloop
  endfacet
  facet normal -0.991455 -0.130449 0
    outer loop
      vertex 17.7387 26.4659 4.99
      vertex 17.8 26 1.39
      vertex 17.8 26 4.99
    endloop
  endfacet
  facet normal 0.991455 -0.130449 0
    outer loop
      vertex 14.2 26 4.99
      vertex 14.2613 26.4659 1.39
      vertex 14.2613 26.4659 4.99
    endloop
  endfacet
  facet normal 0.991455 -0.130449 0
    outer loop
      vertex 14.2613 26.4659 1.39
      vertex 14.2 26 4.99
      vertex 14.2 26 1.39
    endloop
  endfacet
  facet normal -0.130449 -0.991455 0
    outer loop
      vertex 16 27.8 1.39
      vertex 16.4659 27.7387 4.99
      vertex 16 27.8 4.99
    endloop
  endfacet
  facet normal -0.130449 -0.991455 -0
    outer loop
      vertex 16.4659 27.7387 4.99
      vertex 16 27.8 1.39
      vertex 16.4659 27.7387 1.39
    endloop
  endfacet
  facet normal -0.608682 -0.793414 0
    outer loop
      vertex 16.9 27.5588 1.39
      vertex 17.2728 27.2728 4.99
      vertex 16.9 27.5588 4.99
    endloop
  endfacet
  facet normal -0.608682 -0.793414 -0
    outer loop
      vertex 17.2728 27.2728 4.99
      vertex 16.9 27.5588 1.39
      vertex 17.2728 27.2728 1.39
    endloop
  endfacet
  facet normal -0.923812 -0.382847 0
    outer loop
      vertex 17.7387 26.4659 1.39
      vertex 17.5588 26.9 4.99
      vertex 17.5588 26.9 1.39
    endloop
  endfacet
  facet normal -0.923812 -0.382847 0
    outer loop
      vertex 17.5588 26.9 4.99
      vertex 17.7387 26.4659 1.39
      vertex 17.7387 26.4659 4.99
    endloop
  endfacet
  facet normal -0.382847 -0.923812 0
    outer loop
      vertex 16.4659 27.7387 1.39
      vertex 16.9 27.5588 4.99
      vertex 16.4659 27.7387 4.99
    endloop
  endfacet
  facet normal -0.382847 -0.923812 -0
    outer loop
      vertex 16.9 27.5588 4.99
      vertex 16.4659 27.7387 1.39
      vertex 16.9 27.5588 1.39
    endloop
  endfacet
  facet normal 0.608682 -0.793414 0
    outer loop
      vertex 14.7272 27.2728 1.39
      vertex 15.1 27.5588 4.99
      vertex 14.7272 27.2728 4.99
    endloop
  endfacet
  facet normal 0.608682 -0.793414 0
    outer loop
      vertex 15.1 27.5588 4.99
      vertex 14.7272 27.2728 1.39
      vertex 15.1 27.5588 1.39
    endloop
  endfacet
  facet normal 0.793414 -0.608682 0
    outer loop
      vertex 14.4412 26.9 4.99
      vertex 14.7272 27.2728 1.39
      vertex 14.7272 27.2728 4.99
    endloop
  endfacet
  facet normal 0.793414 -0.608682 0
    outer loop
      vertex 14.7272 27.2728 1.39
      vertex 14.4412 26.9 4.99
      vertex 14.4412 26.9 1.39
    endloop
  endfacet
  facet normal 0.382847 -0.923812 0
    outer loop
      vertex 15.1 27.5588 1.39
      vertex 15.5341 27.7387 4.99
      vertex 15.1 27.5588 4.99
    endloop
  endfacet
  facet normal 0.382847 -0.923812 0
    outer loop
      vertex 15.5341 27.7387 4.99
      vertex 15.1 27.5588 1.39
      vertex 15.5341 27.7387 1.39
    endloop
  endfacet
  facet normal -0.923812 0.382847 0
    outer loop
      vertex 17.5588 25.1 1.39
      vertex 17.7387 25.5341 4.99
      vertex 17.7387 25.5341 1.39
    endloop
  endfacet
  facet normal -0.923812 0.382847 0
    outer loop
      vertex 17.7387 25.5341 4.99
      vertex 17.5588 25.1 1.39
      vertex 17.5588 25.1 4.99
    endloop
  endfacet
  facet normal 0.608682 0.793414 -0
    outer loop
      vertex 15.1 24.4412 1.39
      vertex 14.7272 24.7272 4.99
      vertex 15.1 24.4412 4.99
    endloop
  endfacet
  facet normal 0.608682 0.793414 0
    outer loop
      vertex 14.7272 24.7272 4.99
      vertex 15.1 24.4412 1.39
      vertex 14.7272 24.7272 1.39
    endloop
  endfacet
  facet normal -0.793414 -0.608682 0
    outer loop
      vertex 17.5588 26.9 1.39
      vertex 17.2728 27.2728 4.99
      vertex 17.2728 27.2728 1.39
    endloop
  endfacet
  facet normal -0.793414 -0.608682 0
    outer loop
      vertex 17.2728 27.2728 4.99
      vertex 17.5588 26.9 1.39
      vertex 17.5588 26.9 4.99
    endloop
  endfacet
  facet normal 0.923812 -0.382847 0
    outer loop
      vertex 14.2613 26.4659 4.99
      vertex 14.4412 26.9 1.39
      vertex 14.4412 26.9 4.99
    endloop
  endfacet
  facet normal 0.923812 -0.382847 0
    outer loop
      vertex 14.4412 26.9 1.39
      vertex 14.2613 26.4659 4.99
      vertex 14.2613 26.4659 1.39
    endloop
  endfacet
  facet normal 0.130449 -0.991455 0
    outer loop
      vertex 15.5341 27.7387 1.39
      vertex 16 27.8 4.99
      vertex 15.5341 27.7387 4.99
    endloop
  endfacet
  facet normal 0.130449 -0.991455 0
    outer loop
      vertex 16 27.8 4.99
      vertex 15.5341 27.7387 1.39
      vertex 16 27.8 1.39
    endloop
  endfacet
  facet normal -0.991455 0.130449 0
    outer loop
      vertex 17.7387 25.5341 1.39
      vertex 17.8 26 4.99
      vertex 17.8 26 1.39
    endloop
  endfacet
  facet normal -0.991455 0.130449 0
    outer loop
      vertex 17.8 26 4.99
      vertex 17.7387 25.5341 1.39
      vertex 17.7387 25.5341 4.99
    endloop
  endfacet
  facet normal -0.130449 0.991455 0
    outer loop
      vertex 16.4659 24.2613 1.39
      vertex 16 24.2 4.99
      vertex 16.4659 24.2613 4.99
    endloop
  endfacet
  facet normal -0.130449 0.991455 0
    outer loop
      vertex 16 24.2 4.99
      vertex 16.4659 24.2613 1.39
      vertex 16 24.2 1.39
    endloop
  endfacet
  facet normal -0.608682 0.793414 0
    outer loop
      vertex 17.2728 24.7272 1.39
      vertex 16.9 24.4412 4.99
      vertex 17.2728 24.7272 4.99
    endloop
  endfacet
  facet normal -0.608682 0.793414 0
    outer loop
      vertex 16.9 24.4412 4.99
      vertex 17.2728 24.7272 1.39
      vertex 16.9 24.4412 1.39
    endloop
  endfacet
  facet normal 0.382847 0.923812 -0
    outer loop
      vertex 15.5341 24.2613 1.39
      vertex 15.1 24.4412 4.99
      vertex 15.5341 24.2613 4.99
    endloop
  endfacet
  facet normal 0.382847 0.923812 0
    outer loop
      vertex 15.1 24.4412 4.99
      vertex 15.5341 24.2613 1.39
      vertex 15.1 24.4412 1.39
    endloop
  endfacet
  facet normal 0.793414 0.608682 0
    outer loop
      vertex 14.7272 24.7272 4.99
      vertex 14.4412 25.1 1.39
      vertex 14.4412 25.1 4.99
    endloop
  endfacet
  facet normal 0.793414 0.608682 0
    outer loop
      vertex 14.4412 25.1 1.39
      vertex 14.7272 24.7272 4.99
      vertex 14.7272 24.7272 1.39
    endloop
  endfacet
  facet normal 0.991455 0.130449 0
    outer loop
      vertex 14.2613 25.5341 4.99
      vertex 14.2 26 1.39
      vertex 14.2 26 4.99
    endloop
  endfacet
  facet normal 0.991455 0.130449 0
    outer loop
      vertex 14.2 26 1.39
      vertex 14.2613 25.5341 4.99
      vertex 14.2613 25.5341 1.39
    endloop
  endfacet
  facet normal -0.382847 0.923812 0
    outer loop
      vertex 16.9 24.4412 1.39
      vertex 16.4659 24.2613 4.99
      vertex 16.9 24.4412 4.99
    endloop
  endfacet
  facet normal -0.382847 0.923812 0
    outer loop
      vertex 16.4659 24.2613 4.99
      vertex 16.9 24.4412 1.39
      vertex 16.4659 24.2613 1.39
    endloop
  endfacet
  facet normal -0.793414 0.608682 0
    outer loop
      vertex 17.2728 24.7272 1.39
      vertex 17.5588 25.1 4.99
      vertex 17.5588 25.1 1.39
    endloop
  endfacet
  facet normal -0.793414 0.608682 0
    outer loop
      vertex 17.5588 25.1 4.99
      vertex 17.2728 24.7272 1.39
      vertex 17.2728 24.7272 4.99
    endloop
  endfacet
  facet normal 0.130449 0.991455 -0
    outer loop
      vertex 16 24.2 1.39
      vertex 15.5341 24.2613 4.99
      vertex 16 24.2 4.99
    endloop
  endfacet
  facet normal 0.130449 0.991455 0
    outer loop
      vertex 15.5341 24.2613 4.99
      vertex 16 24.2 1.39
      vertex 15.5341 24.2613 1.39
    endloop
  endfacet
  facet normal 0.923812 0.382847 0
    outer loop
      vertex 14.4412 25.1 4.99
      vertex 14.2613 25.5341 1.39
      vertex 14.2613 25.5341 4.99
    endloop
  endfacet
  facet normal 0.923812 0.382847 0
    outer loop
      vertex 14.2613 25.5341 1.39
      vertex 14.4412 25.1 4.99
      vertex 14.4412 25.1 1.39
    endloop
  endfacet
  facet normal -0.70406 -0.0927274 -0.70406
    outer loop
      vertex 19.0817 26.8223 0
      vertex 19.19 26 0
      vertex 17.8 26 1.39
    endloop
  endfacet
  facet normal -0.656081 -0.271747 -0.704068
    outer loop
      vertex 18.7626 27.595 0
      vertex 19.08 26.8287 0
      vertex 17.5588 26.9 1.39
    endloop
  endfacet
  facet normal -0.271747 0.656081 -0.704068
    outer loop
      vertex 16.9 24.4412 1.39
      vertex 17.595 23.2374 0
      vertex 16.8287 22.92 0
    endloop
  endfacet
  facet normal -0.432299 -0.563385 -0.70407
    outer loop
      vertex 17.5977 28.7606 0
      vertex 18.2557 28.2557 0
      vertex 17.2728 27.2728 1.39
    endloop
  endfacet
  facet normal -0.570042 -0.422253 -0.704808
    outer loop
      vertex 17.5588 26.9 1.39
      vertex 18.7606 27.5977 0
      vertex 18.7626 27.595 0
    endloop
  endfacet
  facet normal -0.563415 -0.432233 -0.704087
    outer loop
      vertex 18.7606 27.5977 0
      vertex 17.5588 26.9 1.39
      vertex 17.2728 27.2728 1.39
    endloop
  endfacet
  facet normal -0.570042 0.422253 -0.704808
    outer loop
      vertex 18.7606 24.4023 0
      vertex 17.5588 25.1 1.39
      vertex 18.7626 24.405 0
    endloop
  endfacet
  facet normal -0.563415 0.432233 -0.704087
    outer loop
      vertex 17.5588 25.1 1.39
      vertex 18.7606 24.4023 0
      vertex 17.2728 24.7272 1.39
    endloop
  endfacet
  facet normal 0.563385 -0.432299 -0.70407
    outer loop
      vertex 13.7443 28.2557 0
      vertex 14.7272 27.2728 1.39
      vertex 13.2394 27.5977 0
    endloop
  endfacet
  facet normal 0.432299 -0.563385 -0.70407
    outer loop
      vertex 14.4023 28.7606 0
      vertex 14.7272 27.2728 1.39
      vertex 13.7443 28.2557 0
    endloop
  endfacet
  facet normal 0.70406 -0.0927274 -0.70406
    outer loop
      vertex 12.9183 26.8223 0
      vertex 14.2 26 1.39
      vertex 12.81 26 0
    endloop
  endfacet
  facet normal 0.563385 0.432299 -0.70407
    outer loop
      vertex 14.7272 24.7272 1.39
      vertex 13.7443 23.7443 0
      vertex 13.2394 24.4023 0
    endloop
  endfacet
  facet normal -0.271884 -0.656058 -0.704036
    outer loop
      vertex 16.4659 27.7387 1.39
      vertex 16.8287 29.08 0
      vertex 16.9 27.5588 1.39
    endloop
  endfacet
  facet normal -0.274715 -0.655089 -0.70384
    outer loop
      vertex 16.8287 29.08 0
      vertex 16.4659 27.7387 1.39
      vertex 16.8256 29.0813 0
    endloop
  endfacet
  facet normal 0.0927274 -0.70406 -0.70406
    outer loop
      vertex 16 29.19 0
      vertex 16 27.8 1.39
      vertex 15.1777 29.0817 0
    endloop
  endfacet
  facet normal -0.271747 -0.656081 -0.704068
    outer loop
      vertex 17.595 28.7626 0
      vertex 16.9 27.5588 1.39
      vertex 16.8287 29.08 0
    endloop
  endfacet
  facet normal -0.422253 0.570042 -0.704808
    outer loop
      vertex 16.9 24.4412 1.39
      vertex 17.5977 23.2394 0
      vertex 17.595 23.2374 0
    endloop
  endfacet
  facet normal -0.432233 0.563415 -0.704087
    outer loop
      vertex 17.5977 23.2394 0
      vertex 16.9 24.4412 1.39
      vertex 17.2728 24.7272 1.39
    endloop
  endfacet
  facet normal -0.432299 0.563385 -0.70407
    outer loop
      vertex 18.2557 23.7443 0
      vertex 17.5977 23.2394 0
      vertex 17.2728 24.7272 1.39
    endloop
  endfacet
  facet normal -0.70406 0.0927274 -0.70406
    outer loop
      vertex 19.19 26 0
      vertex 19.0817 25.1777 0
      vertex 17.8 26 1.39
    endloop
  endfacet
  facet normal 0.563415 -0.432233 -0.704087
    outer loop
      vertex 14.4412 26.9 1.39
      vertex 13.2394 27.5977 0
      vertex 14.7272 27.2728 1.39
    endloop
  endfacet
  facet normal 0.570042 -0.422253 -0.704808
    outer loop
      vertex 13.2394 27.5977 0
      vertex 14.4412 26.9 1.39
      vertex 13.2374 27.595 0
    endloop
  endfacet
  facet normal 0.432299 0.563385 -0.70407
    outer loop
      vertex 14.7272 24.7272 1.39
      vertex 14.4023 23.2394 0
      vertex 13.7443 23.7443 0
    endloop
  endfacet
  facet normal 0.274715 -0.655089 -0.70384
    outer loop
      vertex 15.5341 27.7387 1.39
      vertex 15.1713 29.08 0
      vertex 15.1744 29.0813 0
    endloop
  endfacet
  facet normal 0.271884 -0.656058 -0.704036
    outer loop
      vertex 15.1713 29.08 0
      vertex 15.5341 27.7387 1.39
      vertex 15.1 27.5588 1.39
    endloop
  endfacet
  facet normal 0.0926399 -0.704093 -0.704039
    outer loop
      vertex 15.5341 27.7387 1.39
      vertex 15.1777 29.0817 0
      vertex 16 27.8 1.39
    endloop
  endfacet
  facet normal 0.0855128 -0.70548 -0.703552
    outer loop
      vertex 15.1777 29.0817 0
      vertex 15.5341 27.7387 1.39
      vertex 15.1744 29.0813 0
    endloop
  endfacet
  facet normal 0.271747 -0.656081 -0.704068
    outer loop
      vertex 15.1713 29.08 0
      vertex 15.1 27.5588 1.39
      vertex 14.405 28.7626 0
    endloop
  endfacet
  facet normal 0.432233 -0.563415 -0.704087
    outer loop
      vertex 14.4023 28.7606 0
      vertex 15.1 27.5588 1.39
      vertex 14.7272 27.2728 1.39
    endloop
  endfacet
  facet normal 0.422253 -0.570042 -0.704808
    outer loop
      vertex 15.1 27.5588 1.39
      vertex 14.4023 28.7606 0
      vertex 14.405 28.7626 0
    endloop
  endfacet
  facet normal -0.0855128 -0.70548 -0.703552
    outer loop
      vertex 16.4659 27.7387 1.39
      vertex 16.8223 29.0817 0
      vertex 16.8256 29.0813 0
    endloop
  endfacet
  facet normal -0.0926399 -0.704093 -0.704039
    outer loop
      vertex 16.8223 29.0817 0
      vertex 16.4659 27.7387 1.39
      vertex 16 27.8 1.39
    endloop
  endfacet
  facet normal -0.0927274 -0.70406 -0.70406
    outer loop
      vertex 16 29.19 0
      vertex 16.8223 29.0817 0
      vertex 16 27.8 1.39
    endloop
  endfacet
  facet normal -0.655089 -0.274715 -0.70384
    outer loop
      vertex 17.7387 26.4659 1.39
      vertex 19.08 26.8287 0
      vertex 19.0813 26.8256 0
    endloop
  endfacet
  facet normal -0.656058 -0.271884 -0.704036
    outer loop
      vertex 19.08 26.8287 0
      vertex 17.7387 26.4659 1.39
      vertex 17.5588 26.9 1.39
    endloop
  endfacet
  facet normal -0.563385 -0.432299 -0.70407
    outer loop
      vertex 18.2557 28.2557 0
      vertex 18.7606 27.5977 0
      vertex 17.2728 27.2728 1.39
    endloop
  endfacet
  facet normal -0.432233 -0.563415 -0.704087
    outer loop
      vertex 16.9 27.5588 1.39
      vertex 17.5977 28.7606 0
      vertex 17.2728 27.2728 1.39
    endloop
  endfacet
  facet normal -0.422253 -0.570042 -0.704808
    outer loop
      vertex 17.5977 28.7606 0
      vertex 16.9 27.5588 1.39
      vertex 17.595 28.7626 0
    endloop
  endfacet
  facet normal 0.0927274 0.70406 -0.70406
    outer loop
      vertex 16 24.2 1.39
      vertex 16 22.81 0
      vertex 15.1777 22.9183 0
    endloop
  endfacet
  facet normal -0.0927274 0.70406 -0.70406
    outer loop
      vertex 16 24.2 1.39
      vertex 16.8223 22.9183 0
      vertex 16 22.81 0
    endloop
  endfacet
  facet normal -0.563385 0.432299 -0.70407
    outer loop
      vertex 18.7606 24.4023 0
      vertex 18.2557 23.7443 0
      vertex 17.2728 24.7272 1.39
    endloop
  endfacet
  facet normal 0.563415 0.432233 -0.704087
    outer loop
      vertex 13.2394 24.4023 0
      vertex 14.4412 25.1 1.39
      vertex 14.7272 24.7272 1.39
    endloop
  endfacet
  facet normal 0.570042 0.422253 -0.704808
    outer loop
      vertex 14.4412 25.1 1.39
      vertex 13.2394 24.4023 0
      vertex 13.2374 24.405 0
    endloop
  endfacet
  facet normal 0.656081 0.271747 -0.704068
    outer loop
      vertex 14.4412 25.1 1.39
      vertex 13.2374 24.405 0
      vertex 12.92 25.1713 0
    endloop
  endfacet
  facet normal 0.656058 0.271884 -0.704036
    outer loop
      vertex 12.92 25.1713 0
      vertex 14.2613 25.5341 1.39
      vertex 14.4412 25.1 1.39
    endloop
  endfacet
  facet normal 0.655089 0.274715 -0.70384
    outer loop
      vertex 14.2613 25.5341 1.39
      vertex 12.92 25.1713 0
      vertex 12.9187 25.1744 0
    endloop
  endfacet
  facet normal 0.656081 -0.271747 -0.704068
    outer loop
      vertex 13.2374 27.595 0
      vertex 14.4412 26.9 1.39
      vertex 12.92 26.8287 0
    endloop
  endfacet
  facet normal -0.70548 -0.0855128 -0.703552
    outer loop
      vertex 19.0817 26.8223 0
      vertex 17.7387 26.4659 1.39
      vertex 19.0813 26.8256 0
    endloop
  endfacet
  facet normal -0.704093 -0.0926399 -0.704039
    outer loop
      vertex 17.7387 26.4659 1.39
      vertex 19.0817 26.8223 0
      vertex 17.8 26 1.39
    endloop
  endfacet
  facet normal 0.422253 0.570042 -0.704808
    outer loop
      vertex 14.4023 23.2394 0
      vertex 15.1 24.4412 1.39
      vertex 14.405 23.2374 0
    endloop
  endfacet
  facet normal 0.432233 0.563415 -0.704087
    outer loop
      vertex 15.1 24.4412 1.39
      vertex 14.4023 23.2394 0
      vertex 14.7272 24.7272 1.39
    endloop
  endfacet
  facet normal -0.0855128 0.70548 -0.703552
    outer loop
      vertex 16.8223 22.9183 0
      vertex 16.4659 24.2613 1.39
      vertex 16.8256 22.9187 0
    endloop
  endfacet
  facet normal -0.0926399 0.704093 -0.704039
    outer loop
      vertex 16.4659 24.2613 1.39
      vertex 16.8223 22.9183 0
      vertex 16 24.2 1.39
    endloop
  endfacet
  facet normal -0.274715 0.655089 -0.70384
    outer loop
      vertex 16.4659 24.2613 1.39
      vertex 16.8287 22.92 0
      vertex 16.8256 22.9187 0
    endloop
  endfacet
  facet normal -0.271884 0.656058 -0.704036
    outer loop
      vertex 16.8287 22.92 0
      vertex 16.4659 24.2613 1.39
      vertex 16.9 24.4412 1.39
    endloop
  endfacet
  facet normal -0.656081 0.271747 -0.704068
    outer loop
      vertex 19.08 25.1713 0
      vertex 18.7626 24.405 0
      vertex 17.5588 25.1 1.39
    endloop
  endfacet
  facet normal 0.70548 0.0855128 -0.703552
    outer loop
      vertex 12.9183 25.1777 0
      vertex 14.2613 25.5341 1.39
      vertex 12.9187 25.1744 0
    endloop
  endfacet
  facet normal 0.704093 0.0926399 -0.704039
    outer loop
      vertex 14.2613 25.5341 1.39
      vertex 12.9183 25.1777 0
      vertex 14.2 26 1.39
    endloop
  endfacet
  facet normal 0.70406 0.0927274 -0.70406
    outer loop
      vertex 14.2 26 1.39
      vertex 12.9183 25.1777 0
      vertex 12.81 26 0
    endloop
  endfacet
  facet normal 0.656058 -0.271884 -0.704036
    outer loop
      vertex 14.2613 26.4659 1.39
      vertex 12.92 26.8287 0
      vertex 14.4412 26.9 1.39
    endloop
  endfacet
  facet normal 0.655089 -0.274715 -0.70384
    outer loop
      vertex 12.92 26.8287 0
      vertex 14.2613 26.4659 1.39
      vertex 12.9187 26.8256 0
    endloop
  endfacet
  facet normal 0.704093 -0.0926399 -0.704039
    outer loop
      vertex 12.9183 26.8223 0
      vertex 14.2613 26.4659 1.39
      vertex 14.2 26 1.39
    endloop
  endfacet
  facet normal 0.70548 -0.0855128 -0.703552
    outer loop
      vertex 14.2613 26.4659 1.39
      vertex 12.9183 26.8223 0
      vertex 12.9187 26.8256 0
    endloop
  endfacet
  facet normal 0.271747 0.656081 -0.704068
    outer loop
      vertex 15.1 24.4412 1.39
      vertex 15.1713 22.92 0
      vertex 14.405 23.2374 0
    endloop
  endfacet
  facet normal -0.655089 0.274715 -0.70384
    outer loop
      vertex 19.08 25.1713 0
      vertex 17.7387 25.5341 1.39
      vertex 19.0813 25.1744 0
    endloop
  endfacet
  facet normal -0.656058 0.271884 -0.704036
    outer loop
      vertex 17.7387 25.5341 1.39
      vertex 19.08 25.1713 0
      vertex 17.5588 25.1 1.39
    endloop
  endfacet
  facet normal -0.704093 0.0926399 -0.704039
    outer loop
      vertex 19.0817 25.1777 0
      vertex 17.7387 25.5341 1.39
      vertex 17.8 26 1.39
    endloop
  endfacet
  facet normal -0.70548 0.0855128 -0.703552
    outer loop
      vertex 17.7387 25.5341 1.39
      vertex 19.0817 25.1777 0
      vertex 19.0813 25.1744 0
    endloop
  endfacet
  facet normal 0.274715 0.655089 -0.70384
    outer loop
      vertex 15.1713 22.92 0
      vertex 15.5341 24.2613 1.39
      vertex 15.1744 22.9187 0
    endloop
  endfacet
  facet normal 0.271884 0.656058 -0.704036
    outer loop
      vertex 15.5341 24.2613 1.39
      vertex 15.1713 22.92 0
      vertex 15.1 24.4412 1.39
    endloop
  endfacet
  facet normal 0.0926399 0.704093 -0.704039
    outer loop
      vertex 15.1777 22.9183 0
      vertex 15.5341 24.2613 1.39
      vertex 16 24.2 1.39
    endloop
  endfacet
  facet normal 0.0855128 0.70548 -0.703552
    outer loop
      vertex 15.5341 24.2613 1.39
      vertex 15.1777 22.9183 0
      vertex 15.1744 22.9187 0
    endloop
  endfacet
  facet normal 1 -0 0
    outer loop
      vertex -42.6 -6.6 5
      vertex -42.6 10.6 4.99
      vertex -42.6 10.6 5
    endloop
  endfacet
  facet normal 1 0 0
    outer loop
      vertex -42.6 10.6 4.99
      vertex -42.6 -6.6 5
      vertex -42.6 -6.6 4.99
    endloop
  endfacet
  facet normal -1 0 0
    outer loop
      vertex 42.6 -6.6 4.99
      vertex 42.6 10.6 5
      vertex 42.6 10.6 4.99
    endloop
  endfacet
  facet normal -1 -0 0
    outer loop
      vertex 42.6 10.6 5
      vertex 42.6 -6.6 4.99
      vertex 42.6 -6.6 5
    endloop
  endfacet
  facet normal 0 -1 0
    outer loop
      vertex -42.6 10.6 4.99
      vertex 42.6 10.6 5
      vertex -42.6 10.6 5
    endloop
  endfacet
  facet normal 0 -1 -0
    outer loop
      vertex 42.6 10.6 5
      vertex -42.6 10.6 4.99
      vertex 42.6 10.6 4.99
    endloop
  endfacet
  facet normal 0 0 1
    outer loop
      vertex 42.6 10.6 4.99
      vertex 35.8 2 4.99
      vertex 42.6 -6.6 4.99
    endloop
  endfacet
  facet normal 0 0 1
    outer loop
      vertex 42.6 10.6 4.99
      vertex 35.7387 2.46587 4.99
      vertex 35.8 2 4.99
    endloop
  endfacet
  facet normal 0 0 1
    outer loop
      vertex 42.6 10.6 4.99
      vertex 35.5588 2.9 4.99
      vertex 35.7387 2.46587 4.99
    endloop
  endfacet
  facet normal 0 0 1
    outer loop
      vertex 42.6 10.6 4.99
      vertex 35.2728 3.27279 4.99
      vertex 35.5588 2.9 4.99
    endloop
  endfacet
  facet normal 0 0 1
    outer loop
      vertex 42.6 10.6 4.99
      vertex 34.9 3.55885 4.99
      vertex 35.2728 3.27279 4.99
    endloop
  endfacet
  facet normal 0 0 1
    outer loop
      vertex 42.6 10.6 4.99
      vertex 34.4659 3.73867 4.99
      vertex 34.9 3.55885 4.99
    endloop
  endfacet
  facet normal 0 0 1
    outer loop
      vertex 42.6 10.6 4.99
      vertex 34 3.8 4.99
      vertex 34.4659 3.73867 4.99
    endloop
  endfacet
  facet normal 0 0 1
    outer loop
      vertex 42.6 10.6 4.99
      vertex 33.5341 3.73867 4.99
      vertex 34 3.8 4.99
    endloop
  endfacet
  facet normal 0 0 1
    outer loop
      vertex 42.6 10.6 4.99
      vertex 33.1 3.55885 4.99
      vertex 33.5341 3.73867 4.99
    endloop
  endfacet
  facet normal 0 0 1
    outer loop
      vertex 32.2613 2.46587 4.99
      vertex -32.2 2 4.99
      vertex 32.2 2 4.99
    endloop
  endfacet
  facet normal 0 0 1
    outer loop
      vertex -32.2613 2.46587 4.99
      vertex 32.2613 2.46587 4.99
      vertex 32.4412 2.9 4.99
    endloop
  endfacet
  facet normal 0 0 1
    outer loop
      vertex -32.4412 2.9 4.99
      vertex 32.4412 2.9 4.99
      vertex 32.7272 3.27279 4.99
    endloop
  endfacet
  facet normal 0 0 1
    outer loop
      vertex -32.7272 3.27279 4.99
      vertex 32.7272 3.27279 4.99
      vertex 33.1 3.55885 4.99
    endloop
  endfacet
  facet normal 0 0 1
    outer loop
      vertex -33.1 3.55885 4.99
      vertex 33.1 3.55885 4.99
      vertex 42.6 10.6 4.99
    endloop
  endfacet
  facet normal 0 0 1
    outer loop
      vertex 32.2613 2.46587 4.99
      vertex -32.2613 2.46587 4.99
      vertex -32.2 2 4.99
    endloop
  endfacet
  facet normal 0 0 1
    outer loop
      vertex 32.4412 2.9 4.99
      vertex -32.4412 2.9 4.99
      vertex -32.2613 2.46587 4.99
    endloop
  endfacet
  facet normal 0 0 1
    outer loop
      vertex 32.7272 3.27279 4.99
      vertex -32.7272 3.27279 4.99
      vertex -32.4412 2.9 4.99
    endloop
  endfacet
  facet normal 0 0 1
    outer loop
      vertex 33.1 3.55885 4.99
      vertex -33.1 3.55885 4.99
      vertex -32.7272 3.27279 4.99
    endloop
  endfacet
  facet normal -0 0 1
    outer loop
      vertex -42.6 10.6 4.99
      vertex -33.1 3.55885 4.99
      vertex 42.6 10.6 4.99
    endloop
  endfacet
  facet normal 0 0 1
    outer loop
      vertex -33.1 3.55885 4.99
      vertex -42.6 10.6 4.99
      vertex -33.5341 3.73867 4.99
    endloop
  endfacet
  facet normal 0 0 1
    outer loop
      vertex -35.7387 2.46587 4.99
      vertex -42.6 10.6 4.99
      vertex -35.8 2 4.99
    endloop
  endfacet
  facet normal 0 0 1
    outer loop
      vertex -35.5588 2.9 4.99
      vertex -42.6 10.6 4.99
      vertex -35.7387 2.46587 4.99
    endloop
  endfacet
  facet normal 0 0 1
    outer loop
      vertex -35.2728 3.27279 4.99
      vertex -42.6 10.6 4.99
      vertex -35.5588 2.9 4.99
    endloop
  endfacet
  facet normal 0 0 1
    outer loop
      vertex -34.9 3.55885 4.99
      vertex -42.6 10.6 4.99
      vertex -35.2728 3.27279 4.99
    endloop
  endfacet
  facet normal 0 0 1
    outer loop
      vertex -34.4659 3.73867 4.99
      vertex -42.6 10.6 4.99
      vertex -34.9 3.55885 4.99
    endloop
  endfacet
  facet normal 0 0 1
    outer loop
      vertex -34 3.8 4.99
      vertex -42.6 10.6 4.99
      vertex -34.4659 3.73867 4.99
    endloop
  endfacet
  facet normal 0 0 1
    outer loop
      vertex -33.5341 3.73867 4.99
      vertex -42.6 10.6 4.99
      vertex -34 3.8 4.99
    endloop
  endfacet
  facet normal -0 0 1
    outer loop
      vertex 35.7387 1.53413 4.99
      vertex 42.6 -6.6 4.99
      vertex 35.8 2 4.99
    endloop
  endfacet
  facet normal -0 0 1
    outer loop
      vertex 35.5588 1.1 4.99
      vertex 42.6 -6.6 4.99
      vertex 35.7387 1.53413 4.99
    endloop
  endfacet
  facet normal -0 0 1
    outer loop
      vertex 35.2728 0.727208 4.99
      vertex 42.6 -6.6 4.99
      vertex 35.5588 1.1 4.99
    endloop
  endfacet
  facet normal -0 0 1
    outer loop
      vertex 34.9 0.441154 4.99
      vertex 42.6 -6.6 4.99
      vertex 35.2728 0.727208 4.99
    endloop
  endfacet
  facet normal -0 0 1
    outer loop
      vertex 34.4659 0.261334 4.99
      vertex 42.6 -6.6 4.99
      vertex 34.9 0.441154 4.99
    endloop
  endfacet
  facet normal -0 0 1
    outer loop
      vertex 34 0.200001 4.99
      vertex 42.6 -6.6 4.99
      vertex 34.4659 0.261334 4.99
    endloop
  endfacet
  facet normal 0 0 1
    outer loop
      vertex 33.5341 0.261334 4.99
      vertex 42.6 -6.6 4.99
      vertex 34 0.200001 4.99
    endloop
  endfacet
  facet normal 0 0 1
    outer loop
      vertex 33.1 0.441154 4.99
      vertex 42.6 -6.6 4.99
      vertex 33.5341 0.261334 4.99
    endloop
  endfacet
  facet normal -0 0 1
    outer loop
      vertex -32.2 2 4.99
      vertex 32.2613 1.53413 4.99
      vertex 32.2 2 4.99
    endloop
  endfacet
  facet normal 0 0 1
    outer loop
      vertex -32.2613 1.53413 4.99
      vertex 32.2613 1.53413 4.99
      vertex -32.2 2 4.99
    endloop
  endfacet
  facet normal 0 0 1
    outer loop
      vertex 32.2613 1.53413 4.99
      vertex -32.2613 1.53413 4.99
      vertex 32.4412 1.1 4.99
    endloop
  endfacet
  facet normal 0 0 1
    outer loop
      vertex -32.4412 1.1 4.99
      vertex 32.4412 1.1 4.99
      vertex -32.2613 1.53413 4.99
    endloop
  endfacet
  facet normal 0 0 1
    outer loop
      vertex 32.4412 1.1 4.99
      vertex -32.4412 1.1 4.99
      vertex 32.7272 0.727208 4.99
    endloop
  endfacet
  facet normal 0 0 1
    outer loop
      vertex -32.7272 0.727208 4.99
      vertex 32.7272 0.727208 4.99
      vertex -32.4412 1.1 4.99
    endloop
  endfacet
  facet normal 0 0 1
    outer loop
      vertex 32.7272 0.727208 4.99
      vertex -32.7272 0.727208 4.99
      vertex 33.1 0.441154 4.99
    endloop
  endfacet
  facet normal 0 0 1
    outer loop
      vertex -33.1 0.441154 4.99
      vertex 33.1 0.441154 4.99
      vertex -32.7272 0.727208 4.99
    endloop
  endfacet
  facet normal 0 0 1
    outer loop
      vertex 33.1 0.441154 4.99
      vertex -33.1 0.441154 4.99
      vertex 42.6 -6.6 4.99
    endloop
  endfacet
  facet normal 0 0 1
    outer loop
      vertex -42.6 -6.6 4.99
      vertex -33.1 0.441154 4.99
      vertex -33.5341 0.261334 4.99
    endloop
  endfacet
  facet normal 0 0 1
    outer loop
      vertex -42.6 -6.6 4.99
      vertex -33.5341 0.261334 4.99
      vertex -34 0.200001 4.99
    endloop
  endfacet
  facet normal 0 0 1
    outer loop
      vertex -42.6 -6.6 4.99
      vertex -35.8 2 4.99
      vertex -42.6 10.6 4.99
    endloop
  endfacet
  facet normal 0 0 1
    outer loop
      vertex -35.8 2 4.99
      vertex -42.6 -6.6 4.99
      vertex -35.7387 1.53413 4.99
    endloop
  endfacet
  facet normal 0 0 1
    outer loop
      vertex -33.1 0.441154 4.99
      vertex -42.6 -6.6 4.99
      vertex 42.6 -6.6 4.99
    endloop
  endfacet
  facet normal 0 0 1
    outer loop
      vertex -34.4659 0.261334 4.99
      vertex -42.6 -6.6 4.99
      vertex -34 0.200001 4.99
    endloop
  endfacet
  facet normal 0 0 1
    outer loop
      vertex -34.9 0.441154 4.99
      vertex -42.6 -6.6 4.99
      vertex -34.4659 0.261334 4.99
    endloop
  endfacet
  facet normal 0 0 1
    outer loop
      vertex -35.2728 0.727208 4.99
      vertex -42.6 -6.6 4.99
      vertex -34.9 0.441154 4.99
    endloop
  endfacet
  facet normal 0 0 1
    outer loop
      vertex -35.5588 1.1 4.99
      vertex -42.6 -6.6 4.99
      vertex -35.2728 0.727208 4.99
    endloop
  endfacet
  facet normal 0 0 1
    outer loop
      vertex -35.7387 1.53413 4.99
      vertex -42.6 -6.6 4.99
      vertex -35.5588 1.1 4.99
    endloop
  endfacet
  facet normal 0 1 -0
    outer loop
      vertex 42.6 -6.6 4.99
      vertex -42.6 -6.6 5
      vertex 42.6 -6.6 5
    endloop
  endfacet
  facet normal 0 1 0
    outer loop
      vertex -42.6 -6.6 5
      vertex 42.6 -6.6 4.99
      vertex -42.6 -6.6 4.99
    endloop
  endfacet
  facet normal 1 -0 0
    outer loop
      vertex -42.6 36.4 5
      vertex -42.6 53.6 4.99
      vertex -42.6 53.6 5
    endloop
  endfacet
  facet normal 1 0 0
    outer loop
      vertex -42.6 53.6 4.99
      vertex -42.6 36.4 5
      vertex -42.6 36.4 4.99
    endloop
  endfacet
  facet normal -1 0 0
    outer loop
      vertex 42.6 36.4 4.99
      vertex 42.6 53.6 5
      vertex 42.6 53.6 4.99
    endloop
  endfacet
  facet normal -1 -0 0
    outer loop
      vertex 42.6 53.6 5
      vertex 42.6 36.4 4.99
      vertex 42.6 36.4 5
    endloop
  endfacet
  facet normal 0 -1 0
    outer loop
      vertex -42.6 53.6 4.99
      vertex 42.6 53.6 5
      vertex -42.6 53.6 5
    endloop
  endfacet
  facet normal 0 -1 -0
    outer loop
      vertex 42.6 53.6 5
      vertex -42.6 53.6 4.99
      vertex 42.6 53.6 4.99
    endloop
  endfacet
  facet normal 0 0 1
    outer loop
      vertex 42.6 53.6 4.99
      vertex 35.8 45 4.99
      vertex 42.6 36.4 4.99
    endloop
  endfacet
  facet normal 0 0 1
    outer loop
      vertex 42.6 53.6 4.99
      vertex 35.7387 45.4659 4.99
      vertex 35.8 45 4.99
    endloop
  endfacet
  facet normal 0 0 1
    outer loop
      vertex 42.6 53.6 4.99
      vertex 35.5588 45.9 4.99
      vertex 35.7387 45.4659 4.99
    endloop
  endfacet
  facet normal 0 0 1
    outer loop
      vertex 42.6 53.6 4.99
      vertex 35.2728 46.2728 4.99
      vertex 35.5588 45.9 4.99
    endloop
  endfacet
  facet normal 0 0 1
    outer loop
      vertex 42.6 53.6 4.99
      vertex 34.9 46.5588 4.99
      vertex 35.2728 46.2728 4.99
    endloop
  endfacet
  facet normal 0 0 1
    outer loop
      vertex 42.6 53.6 4.99
      vertex 34.4659 46.7387 4.99
      vertex 34.9 46.5588 4.99
    endloop
  endfacet
  facet normal 0 0 1
    outer loop
      vertex 42.6 53.6 4.99
      vertex 34 46.8 4.99
      vertex 34.4659 46.7387 4.99
    endloop
  endfacet
  facet normal 0 0 1
    outer loop
      vertex 42.6 53.6 4.99
      vertex 33.5341 46.7387 4.99
      vertex 34 46.8 4.99
    endloop
  endfacet
  facet normal 0 0 1
    outer loop
      vertex 42.6 53.6 4.99
      vertex 33.1 46.5588 4.99
      vertex 33.5341 46.7387 4.99
    endloop
  endfacet
  facet normal 0 0 1
    outer loop
      vertex 32.2613 45.4659 4.99
      vertex -32.2 45 4.99
      vertex 32.2 45 4.99
    endloop
  endfacet
  facet normal 0 0 1
    outer loop
      vertex -32.2613 45.4659 4.99
      vertex 32.2613 45.4659 4.99
      vertex 32.4412 45.9 4.99
    endloop
  endfacet
  facet normal 0 0 1
    outer loop
      vertex -32.4412 45.9 4.99
      vertex 32.4412 45.9 4.99
      vertex 32.7272 46.2728 4.99
    endloop
  endfacet
  facet normal 0 0 1
    outer loop
      vertex -32.7272 46.2728 4.99
      vertex 32.7272 46.2728 4.99
      vertex 33.1 46.5588 4.99
    endloop
  endfacet
  facet normal 0 0 1
    outer loop
      vertex -33.1 46.5588 4.99
      vertex 33.1 46.5588 4.99
      vertex 42.6 53.6 4.99
    endloop
  endfacet
  facet normal 0 0 1
    outer loop
      vertex 32.2613 45.4659 4.99
      vertex -32.2613 45.4659 4.99
      vertex -32.2 45 4.99
    endloop
  endfacet
  facet normal 0 0 1
    outer loop
      vertex 32.4412 45.9 4.99
      vertex -32.4412 45.9 4.99
      vertex -32.2613 45.4659 4.99
    endloop
  endfacet
  facet normal 0 0 1
    outer loop
      vertex 32.7272 46.2728 4.99
      vertex -32.7272 46.2728 4.99
      vertex -32.4412 45.9 4.99
    endloop
  endfacet
  facet normal 0 0 1
    outer loop
      vertex 33.1 46.5588 4.99
      vertex -33.1 46.5588 4.99
      vertex -32.7272 46.2728 4.99
    endloop
  endfacet
  facet normal -0 0 1
    outer loop
      vertex -42.6 53.6 4.99
      vertex -33.1 46.5588 4.99
      vertex 42.6 53.6 4.99
    endloop
  endfacet
  facet normal 0 0 1
    outer loop
      vertex -33.1 46.5588 4.99
      vertex -42.6 53.6 4.99
      vertex -33.5341 46.7387 4.99
    endloop
  endfacet
  facet normal 0 0 1
    outer loop
      vertex -35.7387 45.4659 4.99
      vertex -42.6 53.6 4.99
      vertex -35.8 45 4.99
    endloop
  endfacet
  facet normal 0 0 1
    outer loop
      vertex -35.5588 45.9 4.99
      vertex -42.6 53.6 4.99
      vertex -35.7387 45.4659 4.99
    endloop
  endfacet
  facet normal 0 0 1
    outer loop
      vertex -35.2728 46.2728 4.99
      vertex -42.6 53.6 4.99
      vertex -35.5588 45.9 4.99
    endloop
  endfacet
  facet normal 0 0 1
    outer loop
      vertex -34.9 46.5588 4.99
      vertex -42.6 53.6 4.99
      vertex -35.2728 46.2728 4.99
    endloop
  endfacet
  facet normal 0 0 1
    outer loop
      vertex -34.4659 46.7387 4.99
      vertex -42.6 53.6 4.99
      vertex -34.9 46.5588 4.99
    endloop
  endfacet
  facet normal 0 0 1
    outer loop
      vertex -34 46.8 4.99
      vertex -42.6 53.6 4.99
      vertex -34.4659 46.7387 4.99
    endloop
  endfacet
  facet normal 0 0 1
    outer loop
      vertex -33.5341 46.7387 4.99
      vertex -42.6 53.6 4.99
      vertex -34 46.8 4.99
    endloop
  endfacet
  facet normal -0 0 1
    outer loop
      vertex 35.7387 44.5341 4.99
      vertex 42.6 36.4 4.99
      vertex 35.8 45 4.99
    endloop
  endfacet
  facet normal -0 0 1
    outer loop
      vertex 35.5588 44.1 4.99
      vertex 42.6 36.4 4.99
      vertex 35.7387 44.5341 4.99
    endloop
  endfacet
  facet normal -0 0 1
    outer loop
      vertex 35.2728 43.7272 4.99
      vertex 42.6 36.4 4.99
      vertex 35.5588 44.1 4.99
    endloop
  endfacet
  facet normal -0 0 1
    outer loop
      vertex 34.9 43.4412 4.99
      vertex 42.6 36.4 4.99
      vertex 35.2728 43.7272 4.99
    endloop
  endfacet
  facet normal -0 0 1
    outer loop
      vertex 34.4659 43.2613 4.99
      vertex 42.6 36.4 4.99
      vertex 34.9 43.4412 4.99
    endloop
  endfacet
  facet normal -0 0 1
    outer loop
      vertex 34 43.2 4.99
      vertex 42.6 36.4 4.99
      vertex 34.4659 43.2613 4.99
    endloop
  endfacet
  facet normal 0 0 1
    outer loop
      vertex 33.5341 43.2613 4.99
      vertex 42.6 36.4 4.99
      vertex 34 43.2 4.99
    endloop
  endfacet
  facet normal 0 0 1
    outer loop
      vertex 33.1 43.4412 4.99
      vertex 42.6 36.4 4.99
      vertex 33.5341 43.2613 4.99
    endloop
  endfacet
  facet normal -0 0 1
    outer loop
      vertex -32.2 45 4.99
      vertex 32.2613 44.5341 4.99
      vertex 32.2 45 4.99
    endloop
  endfacet
  facet normal 0 0 1
    outer loop
      vertex -32.2613 44.5341 4.99
      vertex 32.2613 44.5341 4.99
      vertex -32.2 45 4.99
    endloop
  endfacet
  facet normal 0 0 1
    outer loop
      vertex 32.2613 44.5341 4.99
      vertex -32.2613 44.5341 4.99
      vertex 32.4412 44.1 4.99
    endloop
  endfacet
  facet normal 0 0 1
    outer loop
      vertex -32.4412 44.1 4.99
      vertex 32.4412 44.1 4.99
      vertex -32.2613 44.5341 4.99
    endloop
  endfacet
  facet normal 0 0 1
    outer loop
      vertex 32.4412 44.1 4.99
      vertex -32.4412 44.1 4.99
      vertex 32.7272 43.7272 4.99
    endloop
  endfacet
  facet normal 0 0 1
    outer loop
      vertex -32.7272 43.7272 4.99
      vertex 32.7272 43.7272 4.99
      vertex -32.4412 44.1 4.99
    endloop
  endfacet
  facet normal 0 0 1
    outer loop
      vertex 32.7272 43.7272 4.99
      vertex -32.7272 43.7272 4.99
      vertex 33.1 43.4412 4.99
    endloop
  endfacet
  facet normal 0 0 1
    outer loop
      vertex -33.1 43.4412 4.99
      vertex 33.1 43.4412 4.99
      vertex -32.7272 43.7272 4.99
    endloop
  endfacet
  facet normal 0 0 1
    outer loop
      vertex 33.1 43.4412 4.99
      vertex -33.1 43.4412 4.99
      vertex 42.6 36.4 4.99
    endloop
  endfacet
  facet normal 0 0 1
    outer loop
      vertex -42.6 36.4 4.99
      vertex -33.1 43.4412 4.99
      vertex -33.5341 43.2613 4.99
    endloop
  endfacet
  facet normal 0 0 1
    outer loop
      vertex -42.6 36.4 4.99
      vertex -33.5341 43.2613 4.99
      vertex -34 43.2 4.99
    endloop
  endfacet
  facet normal 0 0 1
    outer loop
      vertex -42.6 36.4 4.99
      vertex -35.8 45 4.99
      vertex -42.6 53.6 4.99
    endloop
  endfacet
  facet normal 0 0 1
    outer loop
      vertex -35.8 45 4.99
      vertex -42.6 36.4 4.99
      vertex -35.7387 44.5341 4.99
    endloop
  endfacet
  facet normal 0 0 1
    outer loop
      vertex -33.1 43.4412 4.99
      vertex -42.6 36.4 4.99
      vertex 42.6 36.4 4.99
    endloop
  endfacet
  facet normal 0 0 1
    outer loop
      vertex -34.4659 43.2613 4.99
      vertex -42.6 36.4 4.99
      vertex -34 43.2 4.99
    endloop
  endfacet
  facet normal 0 0 1
    outer loop
      vertex -34.9 43.4412 4.99
      vertex -42.6 36.4 4.99
      vertex -34.4659 43.2613 4.99
    endloop
  endfacet
  facet normal 0 0 1
    outer loop
      vertex -35.2728 43.7272 4.99
      vertex -42.6 36.4 4.99
      vertex -34.9 43.4412 4.99
    endloop
  endfacet
  facet normal 0 0 1
    outer loop
      vertex -35.5588 44.1 4.99
      vertex -42.6 36.4 4.99
      vertex -35.2728 43.7272 4.99
    endloop
  endfacet
  facet normal 0 0 1
    outer loop
      vertex -35.7387 44.5341 4.99
      vertex -42.6 36.4 4.99
      vertex -35.5588 44.1 4.99
    endloop
  endfacet
  facet normal 0 1 -0
    outer loop
      vertex 42.6 36.4 4.99
      vertex -42.6 36.4 5
      vertex 42.6 36.4 5
    endloop
  endfacet
  facet normal 0 1 0
    outer loop
      vertex -42.6 36.4 5
      vertex 42.6 36.4 4.99
      vertex -42.6 36.4 4.99
    endloop
  endfacet
  facet normal 1 -0 0
    outer loop
      vertex -23.6 12.4 5
      vertex -23.6 29.6 4.99
      vertex -23.6 29.6 5
    endloop
  endfacet
  facet normal 1 0 0
    outer loop
      vertex -23.6 29.6 4.99
      vertex -23.6 12.4 5
      vertex -23.6 12.4 4.99
    endloop
  endfacet
  facet normal -1 0 0
    outer loop
      vertex -8.4 12.4 4.99
      vertex -8.4 29.6 5
      vertex -8.4 29.6 4.99
    endloop
  endfacet
  facet normal -1 -0 0
    outer loop
      vertex -8.4 29.6 5
      vertex -8.4 12.4 4.99
      vertex -8.4 12.4 5
    endloop
  endfacet
  facet normal 0 -1 0
    outer loop
      vertex -23.6 29.6 4.99
      vertex -8.4 29.6 5
      vertex -23.6 29.6 5
    endloop
  endfacet
  facet normal 0 -1 -0
    outer loop
      vertex -8.4 29.6 5
      vertex -23.6 29.6 4.99
      vertex -8.4 29.6 4.99
    endloop
  endfacet
  facet normal 0 0 1
    outer loop
      vertex -8.4 29.6 4.99
      vertex -14.4412 25.1 4.99
      vertex -8.4 12.4 4.99
    endloop
  endfacet
  facet normal 0 0 1
    outer loop
      vertex -8.4 12.4 4.99
      vertex -14.2613 16.4659 4.99
      vertex -14.2 16 4.99
    endloop
  endfacet
  facet normal -0 0 1
    outer loop
      vertex -14.4412 16.9 4.99
      vertex -8.4 12.4 4.99
      vertex -14.4412 25.1 4.99
    endloop
  endfacet
  facet normal 0 0 1
    outer loop
      vertex -8.4 12.4 4.99
      vertex -14.4412 16.9 4.99
      vertex -14.2613 16.4659 4.99
    endloop
  endfacet
  facet normal -0 0 1
    outer loop
      vertex -14.7272 24.7272 4.99
      vertex -14.4412 16.9 4.99
      vertex -14.4412 25.1 4.99
    endloop
  endfacet
  facet normal 0 0 1
    outer loop
      vertex -14.7272 24.7272 4.99
      vertex -14.7272 17.2728 4.99
      vertex -14.4412 16.9 4.99
    endloop
  endfacet
  facet normal -0 0 1
    outer loop
      vertex -15.1 24.4412 4.99
      vertex -14.7272 17.2728 4.99
      vertex -14.7272 24.7272 4.99
    endloop
  endfacet
  facet normal 0 0 1
    outer loop
      vertex -15.1 24.4412 4.99
      vertex -15.1 17.5588 4.99
      vertex -14.7272 17.2728 4.99
    endloop
  endfacet
  facet normal -0 0 1
    outer loop
      vertex -15.5341 24.2613 4.99
      vertex -15.1 17.5588 4.99
      vertex -15.1 24.4412 4.99
    endloop
  endfacet
  facet normal 0 0 1
    outer loop
      vertex -15.5341 24.2613 4.99
      vertex -15.5341 17.7387 4.99
      vertex -15.1 17.5588 4.99
    endloop
  endfacet
  facet normal -0 0 1
    outer loop
      vertex -16 24.2 4.99
      vertex -15.5341 17.7387 4.99
      vertex -15.5341 24.2613 4.99
    endloop
  endfacet
  facet normal 0 0 1
    outer loop
      vertex -16 24.2 4.99
      vertex -16 17.8 4.99
      vertex -15.5341 17.7387 4.99
    endloop
  endfacet
  facet normal 0 0 1
    outer loop
      vertex -16.4659 24.2613 4.99
      vertex -16 17.8 4.99
      vertex -16 24.2 4.99
    endloop
  endfacet
  facet normal 0 0 1
    outer loop
      vertex -16.4659 24.2613 4.99
      vertex -16.4659 17.7387 4.99
      vertex -16 17.8 4.99
    endloop
  endfacet
  facet normal 0 0 1
    outer loop
      vertex -16.9 24.4412 4.99
      vertex -16.4659 17.7387 4.99
      vertex -16.4659 24.2613 4.99
    endloop
  endfacet
  facet normal 0 0 1
    outer loop
      vertex -16.9 24.4412 4.99
      vertex -16.9 17.5588 4.99
      vertex -16.4659 17.7387 4.99
    endloop
  endfacet
  facet normal 0 0 1
    outer loop
      vertex -17.2728 24.7272 4.99
      vertex -16.9 17.5588 4.99
      vertex -16.9 24.4412 4.99
    endloop
  endfacet
  facet normal 0 0 1
    outer loop
      vertex -17.2728 24.7272 4.99
      vertex -17.2728 17.2728 4.99
      vertex -16.9 17.5588 4.99
    endloop
  endfacet
  facet normal 0 0 1
    outer loop
      vertex -17.5588 25.1 4.99
      vertex -17.2728 17.2728 4.99
      vertex -17.2728 24.7272 4.99
    endloop
  endfacet
  facet normal 0 0 1
    outer loop
      vertex -17.5588 25.1 4.99
      vertex -17.5588 16.9 4.99
      vertex -17.2728 17.2728 4.99
    endloop
  endfacet
  facet normal 0 0 1
    outer loop
      vertex -23.6 29.6 4.99
      vertex -17.5588 25.1 4.99
      vertex -17.7387 25.5341 4.99
    endloop
  endfacet
  facet normal 0 0 1
    outer loop
      vertex -17.5588 25.1 4.99
      vertex -23.6 29.6 4.99
      vertex -17.5588 16.9 4.99
    endloop
  endfacet
  facet normal 0 0 1
    outer loop
      vertex -23.6 29.6 4.99
      vertex -17.7387 25.5341 4.99
      vertex -17.8 26 4.99
    endloop
  endfacet
  facet normal 0 0 1
    outer loop
      vertex -23.6 12.4 4.99
      vertex -17.5588 16.9 4.99
      vertex -23.6 29.6 4.99
    endloop
  endfacet
  facet normal 0 0 1
    outer loop
      vertex -14.2613 25.5341 4.99
      vertex -8.4 29.6 4.99
      vertex -14.2 26 4.99
    endloop
  endfacet
  facet normal 0 0 1
    outer loop
      vertex -8.4 29.6 4.99
      vertex -14.2613 26.4659 4.99
      vertex -14.2 26 4.99
    endloop
  endfacet
  facet normal 0 0 1
    outer loop
      vertex -8.4 29.6 4.99
      vertex -14.4412 26.9 4.99
      vertex -14.2613 26.4659 4.99
    endloop
  endfacet
  facet normal 0 0 1
    outer loop
      vertex -8.4 29.6 4.99
      vertex -14.7272 27.2728 4.99
      vertex -14.4412 26.9 4.99
    endloop
  endfacet
  facet normal 0 0 1
    outer loop
      vertex -8.4 29.6 4.99
      vertex -15.1 27.5588 4.99
      vertex -14.7272 27.2728 4.99
    endloop
  endfacet
  facet normal 0 0 1
    outer loop
      vertex -8.4 29.6 4.99
      vertex -15.5341 27.7387 4.99
      vertex -15.1 27.5588 4.99
    endloop
  endfacet
  facet normal 0 0 1
    outer loop
      vertex -8.4 29.6 4.99
      vertex -16 27.8 4.99
      vertex -15.5341 27.7387 4.99
    endloop
  endfacet
  facet normal -0 0 1
    outer loop
      vertex -23.6 29.6 4.99
      vertex -16 27.8 4.99
      vertex -8.4 29.6 4.99
    endloop
  endfacet
  facet normal 0 0 1
    outer loop
      vertex -17.5588 16.9 4.99
      vertex -23.6 12.4 4.99
      vertex -17.7387 16.4659 4.99
    endloop
  endfacet
  facet normal 0 0 1
    outer loop
      vertex -17.7387 26.4659 4.99
      vertex -23.6 29.6 4.99
      vertex -17.8 26 4.99
    endloop
  endfacet
  facet normal 0 0 1
    outer loop
      vertex -17.5588 26.9 4.99
      vertex -23.6 29.6 4.99
      vertex -17.7387 26.4659 4.99
    endloop
  endfacet
  facet normal 0 0 1
    outer loop
      vertex -17.2728 27.2728 4.99
      vertex -23.6 29.6 4.99
      vertex -17.5588 26.9 4.99
    endloop
  endfacet
  facet normal 0 0 1
    outer loop
      vertex -16.9 27.5588 4.99
      vertex -23.6 29.6 4.99
      vertex -17.2728 27.2728 4.99
    endloop
  endfacet
  facet normal 0 0 1
    outer loop
      vertex -16.4659 27.7387 4.99
      vertex -23.6 29.6 4.99
      vertex -16.9 27.5588 4.99
    endloop
  endfacet
  facet normal 0 0 1
    outer loop
      vertex -16 27.8 4.99
      vertex -23.6 29.6 4.99
      vertex -16.4659 27.7387 4.99
    endloop
  endfacet
  facet normal 0 0 1
    outer loop
      vertex -14.4412 25.1 4.99
      vertex -8.4 29.6 4.99
      vertex -14.2613 25.5341 4.99
    endloop
  endfacet
  facet normal -0 0 1
    outer loop
      vertex -14.2613 15.5341 4.99
      vertex -8.4 12.4 4.99
      vertex -14.2 16 4.99
    endloop
  endfacet
  facet normal -0 0 1
    outer loop
      vertex -14.4412 15.1 4.99
      vertex -8.4 12.4 4.99
      vertex -14.2613 15.5341 4.99
    endloop
  endfacet
  facet normal -0 0 1
    outer loop
      vertex -14.7272 14.7272 4.99
      vertex -8.4 12.4 4.99
      vertex -14.4412 15.1 4.99
    endloop
  endfacet
  facet normal -0 0 1
    outer loop
      vertex -15.1 14.4412 4.99
      vertex -8.4 12.4 4.99
      vertex -14.7272 14.7272 4.99
    endloop
  endfacet
  facet normal -0 0 1
    outer loop
      vertex -15.5341 14.2613 4.99
      vertex -8.4 12.4 4.99
      vertex -15.1 14.4412 4.99
    endloop
  endfacet
  facet normal -0 0 1
    outer loop
      vertex -16 14.2 4.99
      vertex -8.4 12.4 4.99
      vertex -15.5341 14.2613 4.99
    endloop
  endfacet
  facet normal 0 0 1
    outer loop
      vertex -23.6 12.4 4.99
      vertex -16 14.2 4.99
      vertex -16.4659 14.2613 4.99
    endloop
  endfacet
  facet normal 0 0 1
    outer loop
      vertex -17.7387 16.4659 4.99
      vertex -23.6 12.4 4.99
      vertex -17.8 16 4.99
    endloop
  endfacet
  facet normal 0 0 1
    outer loop
      vertex -17.8 16 4.99
      vertex -23.6 12.4 4.99
      vertex -17.7387 15.5341 4.99
    endloop
  endfacet
  facet normal 0 0 1
    outer loop
      vertex -16 14.2 4.99
      vertex -23.6 12.4 4.99
      vertex -8.4 12.4 4.99
    endloop
  endfacet
  facet normal 0 0 1
    outer loop
      vertex -16.9 14.4412 4.99
      vertex -23.6 12.4 4.99
      vertex -16.4659 14.2613 4.99
    endloop
  endfacet
  facet normal 0 0 1
    outer loop
      vertex -17.2728 14.7272 4.99
      vertex -23.6 12.4 4.99
      vertex -16.9 14.4412 4.99
    endloop
  endfacet
  facet normal 0 0 1
    outer loop
      vertex -17.5588 15.1 4.99
      vertex -23.6 12.4 4.99
      vertex -17.2728 14.7272 4.99
    endloop
  endfacet
  facet normal 0 0 1
    outer loop
      vertex -17.7387 15.5341 4.99
      vertex -23.6 12.4 4.99
      vertex -17.5588 15.1 4.99
    endloop
  endfacet
  facet normal 0 1 -0
    outer loop
      vertex -8.4 12.4 4.99
      vertex -23.6 12.4 5
      vertex -8.4 12.4 5
    endloop
  endfacet
  facet normal 0 1 0
    outer loop
      vertex -23.6 12.4 5
      vertex -8.4 12.4 4.99
      vertex -23.6 12.4 4.99
    endloop
  endfacet
  facet normal 1 -0 0
    outer loop
      vertex 8.4 12.4 5
      vertex 8.4 29.6 4.99
      vertex 8.4 29.6 5
    endloop
  endfacet
  facet normal 1 0 0
    outer loop
      vertex 8.4 29.6 4.99
      vertex 8.4 12.4 5
      vertex 8.4 12.4 4.99
    endloop
  endfacet
  facet normal -1 0 0
    outer loop
      vertex 23.6 12.4 4.99
      vertex 23.6 29.6 5
      vertex 23.6 29.6 4.99
    endloop
  endfacet
  facet normal -1 -0 0
    outer loop
      vertex 23.6 29.6 5
      vertex 23.6 12.4 4.99
      vertex 23.6 12.4 5
    endloop
  endfacet
  facet normal 0 0 1
    outer loop
      vertex 23.6 29.6 4.99
      vertex 17.5588 25.1 4.99
      vertex 23.6 12.4 4.99
    endloop
  endfacet
  facet normal 0 0 1
    outer loop
      vertex 23.6 12.4 4.99
      vertex 17.7387 16.4659 4.99
      vertex 17.8 16 4.99
    endloop
  endfacet
  facet normal -0 0 1
    outer loop
      vertex 17.5588 16.9 4.99
      vertex 23.6 12.4 4.99
      vertex 17.5588 25.1 4.99
    endloop
  endfacet
  facet normal 0 0 1
    outer loop
      vertex 23.6 12.4 4.99
      vertex 17.5588 16.9 4.99
      vertex 17.7387 16.4659 4.99
    endloop
  endfacet
  facet normal -0 0 1
    outer loop
      vertex 17.2728 24.7272 4.99
      vertex 17.5588 16.9 4.99
      vertex 17.5588 25.1 4.99
    endloop
  endfacet
  facet normal 0 0 1
    outer loop
      vertex 17.2728 24.7272 4.99
      vertex 17.2728 17.2728 4.99
      vertex 17.5588 16.9 4.99
    endloop
  endfacet
  facet normal -0 0 1
    outer loop
      vertex 16.9 24.4412 4.99
      vertex 17.2728 17.2728 4.99
      vertex 17.2728 24.7272 4.99
    endloop
  endfacet
  facet normal 0 0 1
    outer loop
      vertex 16.9 24.4412 4.99
      vertex 16.9 17.5588 4.99
      vertex 17.2728 17.2728 4.99
    endloop
  endfacet
  facet normal -0 0 1
    outer loop
      vertex 16.4659 24.2613 4.99
      vertex 16.9 17.5588 4.99
      vertex 16.9 24.4412 4.99
    endloop
  endfacet
  facet normal 0 0 1
    outer loop
      vertex 16.4659 24.2613 4.99
      vertex 16.4659 17.7387 4.99
      vertex 16.9 17.5588 4.99
    endloop
  endfacet
  facet normal -0 0 1
    outer loop
      vertex 16 24.2 4.99
      vertex 16.4659 17.7387 4.99
      vertex 16.4659 24.2613 4.99
    endloop
  endfacet
  facet normal 0 0 1
    outer loop
      vertex 16 24.2 4.99
      vertex 16 17.8 4.99
      vertex 16.4659 17.7387 4.99
    endloop
  endfacet
  facet normal 0 0 1
    outer loop
      vertex 15.5341 24.2613 4.99
      vertex 16 17.8 4.99
      vertex 16 24.2 4.99
    endloop
  endfacet
  facet normal 0 0 1
    outer loop
      vertex 15.5341 24.2613 4.99
      vertex 15.5341 17.7387 4.99
      vertex 16 17.8 4.99
    endloop
  endfacet
  facet normal 0 0 1
    outer loop
      vertex 15.1 24.4412 4.99
      vertex 15.5341 17.7387 4.99
      vertex 15.5341 24.2613 4.99
    endloop
  endfacet
  facet normal 0 0 1
    outer loop
      vertex 15.1 24.4412 4.99
      vertex 15.1 17.5588 4.99
      vertex 15.5341 17.7387 4.99
    endloop
  endfacet
  facet normal 0 0 1
    outer loop
      vertex 14.7272 24.7272 4.99
      vertex 15.1 17.5588 4.99
      vertex 15.1 24.4412 4.99
    endloop
  endfacet
  facet normal 0 0 1
    outer loop
      vertex 14.7272 24.7272 4.99
      vertex 14.7272 17.2728 4.99
      vertex 15.1 17.5588 4.99
    endloop
  endfacet
  facet normal 0 0 1
    outer loop
      vertex 14.4412 25.1 4.99
      vertex 14.7272 17.2728 4.99
      vertex 14.7272 24.7272 4.99
    endloop
  endfacet
  facet normal 0 0 1
    outer loop
      vertex 14.4412 25.1 4.99
      vertex 14.4412 16.9 4.99
      vertex 14.7272 17.2728 4.99
    endloop
  endfacet
  facet normal 0 0 1
    outer loop
      vertex 8.4 29.6 4.99
      vertex 14.4412 25.1 4.99
      vertex 14.2613 25.5341 4.99
    endloop
  endfacet
  facet normal 0 0 1
    outer loop
      vertex 14.4412 25.1 4.99
      vertex 8.4 29.6 4.99
      vertex 14.4412 16.9 4.99
    endloop
  endfacet
  facet normal 0 0 1
    outer loop
      vertex 8.4 29.6 4.99
      vertex 14.2613 25.5341 4.99
      vertex 14.2 26 4.99
    endloop
  endfacet
  facet normal 0 0 1
    outer loop
      vertex 8.4 12.4 4.99
      vertex 14.4412 16.9 4.99
      vertex 8.4 29.6 4.99
    endloop
  endfacet
  facet normal 0 0 1
    outer loop
      vertex 17.7387 25.5341 4.99
      vertex 23.6 29.6 4.99
      vertex 17.8 26 4.99
    endloop
  endfacet
  facet normal 0 0 1
    outer loop
      vertex 23.6 29.6 4.99
      vertex 17.7387 26.4659 4.99
      vertex 17.8 26 4.99
    endloop
  endfacet
  facet normal 0 0 1
    outer loop
      vertex 23.6 29.6 4.99
      vertex 17.5588 26.9 4.99
      vertex 17.7387 26.4659 4.99
    endloop
  endfacet
  facet normal 0 0 1
    outer loop
      vertex 23.6 29.6 4.99
      vertex 17.2728 27.2728 4.99
      vertex 17.5588 26.9 4.99
    endloop
  endfacet
  facet normal 0 0 1
    outer loop
      vertex 23.6 29.6 4.99
      vertex 16.9 27.5588 4.99
      vertex 17.2728 27.2728 4.99
    endloop
  endfacet
  facet normal 0 0 1
    outer loop
      vertex 23.6 29.6 4.99
      vertex 16.4659 27.7387 4.99
      vertex 16.9 27.5588 4.99
    endloop
  endfacet
  facet normal 0 0 1
    outer loop
      vertex 23.6 29.6 4.99
      vertex 16 27.8 4.99
      vertex 16.4659 27.7387 4.99
    endloop
  endfacet
  facet normal -0 0 1
    outer loop
      vertex 8.4 29.6 4.99
      vertex 16 27.8 4.99
      vertex 23.6 29.6 4.99
    endloop
  endfacet
  facet normal 0 0 1
    outer loop
      vertex 14.4412 16.9 4.99
      vertex 8.4 12.4 4.99
      vertex 14.2613 16.4659 4.99
    endloop
  endfacet
  facet normal 0 0 1
    outer loop
      vertex 14.2613 26.4659 4.99
      vertex 8.4 29.6 4.99
      vertex 14.2 26 4.99
    endloop
  endfacet
  facet normal 0 0 1
    outer loop
      vertex 14.4412 26.9 4.99
      vertex 8.4 29.6 4.99
      vertex 14.2613 26.4659 4.99
    endloop
  endfacet
  facet normal 0 0 1
    outer loop
      vertex 14.7272 27.2728 4.99
      vertex 8.4 29.6 4.99
      vertex 14.4412 26.9 4.99
    endloop
  endfacet
  facet normal 0 0 1
    outer loop
      vertex 15.1 27.5588 4.99
      vertex 8.4 29.6 4.99
      vertex 14.7272 27.2728 4.99
    endloop
  endfacet
  facet normal 0 0 1
    outer loop
      vertex 15.5341 27.7387 4.99
      vertex 8.4 29.6 4.99
      vertex 15.1 27.5588 4.99
    endloop
  endfacet
  facet normal 0 0 1
    outer loop
      vertex 16 27.8 4.99
      vertex 8.4 29.6 4.99
      vertex 15.5341 27.7387 4.99
    endloop
  endfacet
  facet normal 0 0 1
    outer loop
      vertex 17.5588 25.1 4.99
      vertex 23.6 29.6 4.99
      vertex 17.7387 25.5341 4.99
    endloop
  endfacet
  facet normal -0 0 1
    outer loop
      vertex 17.7387 15.5341 4.99
      vertex 23.6 12.4 4.99
      vertex 17.8 16 4.99
    endloop
  endfacet
  facet normal -0 0 1
    outer loop
      vertex 17.5588 15.1 4.99
      vertex 23.6 12.4 4.99
      vertex 17.7387 15.5341 4.99
    endloop
  endfacet
  facet normal -0 0 1
    outer loop
      vertex 17.2728 14.7272 4.99
      vertex 23.6 12.4 4.99
      vertex 17.5588 15.1 4.99
    endloop
  endfacet
  facet normal -0 0 1
    outer loop
      vertex 16.9 14.4412 4.99
      vertex 23.6 12.4 4.99
      vertex 17.2728 14.7272 4.99
    endloop
  endfacet
  facet normal -0 0 1
    outer loop
      vertex 16.4659 14.2613 4.99
      vertex 23.6 12.4 4.99
      vertex 16.9 14.4412 4.99
    endloop
  endfacet
  facet normal -0 0 1
    outer loop
      vertex 16 14.2 4.99
      vertex 23.6 12.4 4.99
      vertex 16.4659 14.2613 4.99
    endloop
  endfacet
  facet normal 0 0 1
    outer loop
      vertex 8.4 12.4 4.99
      vertex 16 14.2 4.99
      vertex 15.5341 14.2613 4.99
    endloop
  endfacet
  facet normal 0 0 1
    outer loop
      vertex 14.2613 16.4659 4.99
      vertex 8.4 12.4 4.99
      vertex 14.2 16 4.99
    endloop
  endfacet
  facet normal 0 0 1
    outer loop
      vertex 14.2 16 4.99
      vertex 8.4 12.4 4.99
      vertex 14.2613 15.5341 4.99
    endloop
  endfacet
  facet normal 0 0 1
    outer loop
      vertex 16 14.2 4.99
      vertex 8.4 12.4 4.99
      vertex 23.6 12.4 4.99
    endloop
  endfacet
  facet normal 0 0 1
    outer loop
      vertex 15.1 14.4412 4.99
      vertex 8.4 12.4 4.99
      vertex 15.5341 14.2613 4.99
    endloop
  endfacet
  facet normal 0 0 1
    outer loop
      vertex 14.7272 14.7272 4.99
      vertex 8.4 12.4 4.99
      vertex 15.1 14.4412 4.99
    endloop
  endfacet
  facet normal 0 0 1
    outer loop
      vertex 14.4412 15.1 4.99
      vertex 8.4 12.4 4.99
      vertex 14.7272 14.7272 4.99
    endloop
  endfacet
  facet normal 0 0 1
    outer loop
      vertex 14.2613 15.5341 4.99
      vertex 8.4 12.4 4.99
      vertex 14.4412 15.1 4.99
    endloop
  endfacet
  facet normal 0 1 -0
    outer loop
      vertex 23.6 12.4 4.99
      vertex 8.4 12.4 5
      vertex 23.6 12.4 5
    endloop
  endfacet
  facet normal 0 1 0
    outer loop
      vertex 8.4 12.4 5
      vertex 23.6 12.4 4.99
      vertex 8.4 12.4 4.99
    endloop
  endfacet
  facet normal 0 -1 0
    outer loop
      vertex 8.4 29.6 4.99
      vertex 23.6 29.6 5
      vertex 8.4 29.6 5
    endloop
  endfacet
  facet normal 0 -1 -0
    outer loop
      vertex 23.6 29.6 5
      vertex 8.4 29.6 4.99
      vertex 23.6 29.6 4.99
    endloop
  endfacet
  facet normal -0.991454 0 0.130457
    outer loop
      vertex -48.2613 -32 9.53413
      vertex -48.2 -31.9 10
      vertex -48.2613 -31.9 9.53413
    endloop
  endfacet
  facet normal -0.991454 0 0.130457
    outer loop
      vertex -48.2 -31.9 10
      vertex -48.2613 -32 9.53413
      vertex -48.2 -32 10
    endloop
  endfacet
  facet normal 0.923812 0 -0.382847
    outer loop
      vertex -51.5588 -32 10.9
      vertex -51.7387 -31.9 10.4659
      vertex -51.5588 -31.9 10.9
    endloop
  endfacet
  facet normal 0.923812 0 -0.382847
    outer loop
      vertex -51.7387 -31.9 10.4659
      vertex -51.5588 -32 10.9
      vertex -51.7387 -32 10.4659
    endloop
  endfacet
  facet normal 0.130512 0 0.991447
    outer loop
      vertex -50.4659 -31.9 8.26133
      vertex -50 -32 8.2
      vertex -50 -31.9 8.2
    endloop
  endfacet
  facet normal 0.130512 0 0.991447
    outer loop
      vertex -50 -32 8.2
      vertex -50.4659 -31.9 8.26133
      vertex -50.4659 -32 8.26133
    endloop
  endfacet
  facet normal 0.991455 0 -0.130449
    outer loop
      vertex -51.7387 -32 10.4659
      vertex -51.8 -31.9 10
      vertex -51.7387 -31.9 10.4659
    endloop
  endfacet
  facet normal 0.991455 0 -0.130449
    outer loop
      vertex -51.8 -31.9 10
      vertex -51.7387 -32 10.4659
      vertex -51.8 -32 10
    endloop
  endfacet
  facet normal -0.793407 0 0.608692
    outer loop
      vertex -48.7272 -32 8.72721
      vertex -48.4412 -31.9 9.1
      vertex -48.7272 -31.9 8.72721
    endloop
  endfacet
  facet normal -0.793407 0 0.608692
    outer loop
      vertex -48.4412 -31.9 9.1
      vertex -48.7272 -32 8.72721
      vertex -48.4412 -32 9.1
    endloop
  endfacet
  facet normal -0.923821 0 0.382824
    outer loop
      vertex -48.4412 -32 9.1
      vertex -48.2613 -31.9 9.53413
      vertex -48.4412 -31.9 9.1
    endloop
  endfacet
  facet normal -0.923821 0 0.382824
    outer loop
      vertex -48.2613 -31.9 9.53413
      vertex -48.4412 -32 9.1
      vertex -48.2613 -32 9.53413
    endloop
  endfacet
  facet normal -0.130512 0 0.991447
    outer loop
      vertex -50 -31.9 8.2
      vertex -49.5341 -32 8.26133
      vertex -49.5341 -31.9 8.26133
    endloop
  endfacet
  facet normal -0.130512 0 0.991447
    outer loop
      vertex -49.5341 -32 8.26133
      vertex -50 -31.9 8.2
      vertex -50 -32 8.2
    endloop
  endfacet
  facet normal 0.382701 0 0.923872
    outer loop
      vertex -50.9 -31.9 8.44115
      vertex -50.4659 -32 8.26133
      vertex -50.4659 -31.9 8.26133
    endloop
  endfacet
  facet normal 0.382701 0 0.923872
    outer loop
      vertex -50.4659 -32 8.26133
      vertex -50.9 -31.9 8.44115
      vertex -50.9 -32 8.44115
    endloop
  endfacet
  facet normal 0.991454 -0 0.130457
    outer loop
      vertex -51.8 -32 10
      vertex -51.7387 -31.9 9.53413
      vertex -51.8 -31.9 10
    endloop
  endfacet
  facet normal 0.991454 0 0.130457
    outer loop
      vertex -51.7387 -31.9 9.53413
      vertex -51.8 -32 10
      vertex -51.7387 -32 9.53413
    endloop
  endfacet
  facet normal -0.608762 0 0.793353
    outer loop
      vertex -49.1 -31.9 8.44115
      vertex -48.7272 -32 8.72721
      vertex -48.7272 -31.9 8.72721
    endloop
  endfacet
  facet normal -0.608762 0 0.793353
    outer loop
      vertex -48.7272 -32 8.72721
      vertex -49.1 -31.9 8.44115
      vertex -49.1 -32 8.44115
    endloop
  endfacet
  facet normal -0.382701 0 0.923872
    outer loop
      vertex -49.5341 -31.9 8.26133
      vertex -49.1 -32 8.44115
      vertex -49.1 -31.9 8.44115
    endloop
  endfacet
  facet normal -0.382701 0 0.923872
    outer loop
      vertex -49.1 -32 8.44115
      vertex -49.5341 -31.9 8.26133
      vertex -49.5341 -32 8.26133
    endloop
  endfacet
  facet normal 0.923821 -0 0.382824
    outer loop
      vertex -51.7387 -32 9.53413
      vertex -51.5588 -31.9 9.1
      vertex -51.7387 -31.9 9.53413
    endloop
  endfacet
  facet normal 0.923821 0 0.382824
    outer loop
      vertex -51.5588 -31.9 9.1
      vertex -51.7387 -32 9.53413
      vertex -51.5588 -32 9.1
    endloop
  endfacet
  facet normal 0.608762 0 0.793353
    outer loop
      vertex -51.2728 -31.9 8.72721
      vertex -50.9 -32 8.44115
      vertex -50.9 -31.9 8.44115
    endloop
  endfacet
  facet normal 0.608762 0 0.793353
    outer loop
      vertex -50.9 -32 8.44115
      vertex -51.2728 -31.9 8.72721
      vertex -51.2728 -32 8.72721
    endloop
  endfacet
  facet normal 0.793407 -0 0.608692
    outer loop
      vertex -51.5588 -32 9.1
      vertex -51.2728 -31.9 8.72721
      vertex -51.5588 -31.9 9.1
    endloop
  endfacet
  facet normal 0.793407 0 0.608692
    outer loop
      vertex -51.2728 -31.9 8.72721
      vertex -51.5588 -32 9.1
      vertex -51.2728 -32 8.72721
    endloop
  endfacet
  facet normal -0.923812 0 -0.382847
    outer loop
      vertex -48.2613 -32 10.4659
      vertex -48.4412 -31.9 10.9
      vertex -48.2613 -31.9 10.4659
    endloop
  endfacet
  facet normal -0.923812 -0 -0.382847
    outer loop
      vertex -48.4412 -31.9 10.9
      vertex -48.2613 -32 10.4659
      vertex -48.4412 -32 10.9
    endloop
  endfacet
  facet normal 0.382847 0 -0.923812
    outer loop
      vertex -50.9 -32 11.5588
      vertex -50.4659 -31.9 11.7387
      vertex -50.4659 -32 11.7387
    endloop
  endfacet
  facet normal 0.382847 0 -0.923812
    outer loop
      vertex -50.4659 -31.9 11.7387
      vertex -50.9 -32 11.5588
      vertex -50.9 -31.9 11.5588
    endloop
  endfacet
  facet normal 0.793414 0 -0.608682
    outer loop
      vertex -51.2728 -32 11.2728
      vertex -51.5588 -31.9 10.9
      vertex -51.2728 -31.9 11.2728
    endloop
  endfacet
  facet normal 0.793414 0 -0.608682
    outer loop
      vertex -51.5588 -31.9 10.9
      vertex -51.2728 -32 11.2728
      vertex -51.5588 -32 10.9
    endloop
  endfacet
  facet normal -0.382847 0 -0.923812
    outer loop
      vertex -49.5341 -32 11.7387
      vertex -49.1 -31.9 11.5588
      vertex -49.1 -32 11.5588
    endloop
  endfacet
  facet normal -0.382847 0 -0.923812
    outer loop
      vertex -49.1 -31.9 11.5588
      vertex -49.5341 -32 11.7387
      vertex -49.5341 -31.9 11.7387
    endloop
  endfacet
  facet normal -0.608682 0 -0.793414
    outer loop
      vertex -49.1 -32 11.5588
      vertex -48.7272 -31.9 11.2728
      vertex -48.7272 -32 11.2728
    endloop
  endfacet
  facet normal -0.608682 0 -0.793414
    outer loop
      vertex -48.7272 -31.9 11.2728
      vertex -49.1 -32 11.5588
      vertex -49.1 -31.9 11.5588
    endloop
  endfacet
  facet normal -0.991455 0 -0.130449
    outer loop
      vertex -48.2 -32 10
      vertex -48.2613 -31.9 10.4659
      vertex -48.2 -31.9 10
    endloop
  endfacet
  facet normal -0.991455 -0 -0.130449
    outer loop
      vertex -48.2613 -31.9 10.4659
      vertex -48.2 -32 10
      vertex -48.2613 -32 10.4659
    endloop
  endfacet
  facet normal 0 -1 0
    outer loop
      vertex -50 -31.9 11.25
      vertex -50 -31.9 11.8
      vertex -50.4659 -31.9 11.7387
    endloop
  endfacet
  facet normal 0 -1 0
    outer loop
      vertex -50.3235 -31.9 11.2074
      vertex -50.4659 -31.9 11.7387
      vertex -50.9 -31.9 11.5588
    endloop
  endfacet
  facet normal 0 -1 0
    outer loop
      vertex -50 -31.9 11.8
      vertex -50 -31.9 11.25
      vertex -49.5341 -31.9 11.7387
    endloop
  endfacet
  facet normal 0 -1 0
    outer loop
      vertex -50.625 -31.9 11.0825
      vertex -50.9 -31.9 11.5588
      vertex -51.2728 -31.9 11.2728
    endloop
  endfacet
  facet normal 0 -1 0
    outer loop
      vertex -49.6765 -31.9 11.2074
      vertex -49.5341 -31.9 11.7387
      vertex -50 -31.9 11.25
    endloop
  endfacet
  facet normal 0 -1 -0
    outer loop
      vertex -49.5341 -31.9 11.7387
      vertex -49.6765 -31.9 11.2074
      vertex -49.1 -31.9 11.5588
    endloop
  endfacet
  facet normal 0 -1 0
    outer loop
      vertex -50.4659 -31.9 11.7387
      vertex -50.3235 -31.9 11.2074
      vertex -50 -31.9 11.25
    endloop
  endfacet
  facet normal 0 -1 0
    outer loop
      vertex -50.9 -31.9 11.5588
      vertex -50.625 -31.9 11.0825
      vertex -50.3235 -31.9 11.2074
    endloop
  endfacet
  facet normal 0 -1 0
    outer loop
      vertex -50.8839 -31.9 10.8839
      vertex -51.2728 -31.9 11.2728
      vertex -51.5588 -31.9 10.9
    endloop
  endfacet
  facet normal 0 -1 0
    outer loop
      vertex -51.2728 -31.9 11.2728
      vertex -50.8839 -31.9 10.8839
      vertex -50.625 -31.9 11.0825
    endloop
  endfacet
  facet normal 0 -1 0
    outer loop
      vertex -51.5588 -31.9 10.9
      vertex -51.0825 -31.9 10.625
      vertex -50.8839 -31.9 10.8839
    endloop
  endfacet
  facet normal 0 -1 0
    outer loop
      vertex -51.7387 -31.9 10.4659
      vertex -51.0825 -31.9 10.625
      vertex -51.5588 -31.9 10.9
    endloop
  endfacet
  facet normal 0 -1 0
    outer loop
      vertex -51.7387 -31.9 10.4659
      vertex -51.2074 -31.9 10.3235
      vertex -51.0825 -31.9 10.625
    endloop
  endfacet
  facet normal 0 -1 0
    outer loop
      vertex -51.8 -31.9 10
      vertex -51.2074 -31.9 10.3235
      vertex -51.7387 -31.9 10.4659
    endloop
  endfacet
  facet normal 0 -1 0
    outer loop
      vertex -51.8 -31.9 10
      vertex -51.25 -31.9 10
      vertex -51.2074 -31.9 10.3235
    endloop
  endfacet
  facet normal 0 -1 0
    outer loop
      vertex -51.8 -31.9 10
      vertex -51.2074 -31.9 9.67648
      vertex -51.25 -31.9 10
    endloop
  endfacet
  facet normal 0 -1 0
    outer loop
      vertex -51.7387 -31.9 9.53413
      vertex -51.2074 -31.9 9.67648
      vertex -51.8 -31.9 10
    endloop
  endfacet
  facet normal 0 -1 0
    outer loop
      vertex -51.7387 -31.9 9.53413
      vertex -51.0825 -31.9 9.375
      vertex -51.2074 -31.9 9.67648
    endloop
  endfacet
  facet normal 0 -1 0
    outer loop
      vertex -51.5588 -31.9 9.1
      vertex -51.0825 -31.9 9.375
      vertex -51.7387 -31.9 9.53413
    endloop
  endfacet
  facet normal 0 -1 -0
    outer loop
      vertex -51.0825 -31.9 9.375
      vertex -51.5588 -31.9 9.1
      vertex -50.8839 -31.9 9.11612
    endloop
  endfacet
  facet normal 0 -1 0
    outer loop
      vertex -51.2728 -31.9 8.72721
      vertex -50.8839 -31.9 9.11612
      vertex -51.5588 -31.9 9.1
    endloop
  endfacet
  facet normal 0 -1 -0
    outer loop
      vertex -50.8839 -31.9 9.11612
      vertex -51.2728 -31.9 8.72721
      vertex -50.625 -31.9 8.91747
    endloop
  endfacet
  facet normal 0 -1 -0
    outer loop
      vertex -50.625 -31.9 8.91747
      vertex -50.9 -31.9 8.44115
      vertex -50.3235 -31.9 8.79259
    endloop
  endfacet
  facet normal 0 -1 0
    outer loop
      vertex -50.9 -31.9 8.44115
      vertex -50.625 -31.9 8.91747
      vertex -51.2728 -31.9 8.72721
    endloop
  endfacet
  facet normal 0 -1 0
    outer loop
      vertex -49.375 -31.9 11.0825
      vertex -49.1 -31.9 11.5588
      vertex -49.6765 -31.9 11.2074
    endloop
  endfacet
  facet normal 0 -1 -0
    outer loop
      vertex -49.1 -31.9 11.5588
      vertex -49.375 -31.9 11.0825
      vertex -48.7272 -31.9 11.2728
    endloop
  endfacet
  facet normal 0 -1 0
    outer loop
      vertex -49.1161 -31.9 10.8839
      vertex -48.7272 -31.9 11.2728
      vertex -49.375 -31.9 11.0825
    endloop
  endfacet
  facet normal 0 -1 -0
    outer loop
      vertex -48.7272 -31.9 11.2728
      vertex -49.1161 -31.9 10.8839
      vertex -48.4412 -31.9 10.9
    endloop
  endfacet
  facet normal 0 -1 0
    outer loop
      vertex -48.9175 -31.9 10.625
      vertex -48.4412 -31.9 10.9
      vertex -49.1161 -31.9 10.8839
    endloop
  endfacet
  facet normal 0 -1 0
    outer loop
      vertex -48.9175 -31.9 10.625
      vertex -48.2613 -31.9 10.4659
      vertex -48.4412 -31.9 10.9
    endloop
  endfacet
  facet normal 0 -1 0
    outer loop
      vertex -48.7926 -31.9 10.3235
      vertex -48.2613 -31.9 10.4659
      vertex -48.9175 -31.9 10.625
    endloop
  endfacet
  facet normal 0 -1 0
    outer loop
      vertex -48.75 -31.9 10
      vertex -48.2613 -31.9 10.4659
      vertex -48.7926 -31.9 10.3235
    endloop
  endfacet
  facet normal 0 -1 0
    outer loop
      vertex -48.75 -31.9 10
      vertex -48.2 -31.9 10
      vertex -48.2613 -31.9 10.4659
    endloop
  endfacet
  facet normal 0 -1 0
    outer loop
      vertex -48.7926 -31.9 9.67648
      vertex -48.2 -31.9 10
      vertex -48.75 -31.9 10
    endloop
  endfacet
  facet normal 0 -1 0
    outer loop
      vertex -48.7926 -31.9 9.67648
      vertex -48.2613 -31.9 9.53413
      vertex -48.2 -31.9 10
    endloop
  endfacet
  facet normal 0 -1 0
    outer loop
      vertex -48.9175 -31.9 9.375
      vertex -48.2613 -31.9 9.53413
      vertex -48.7926 -31.9 9.67648
    endloop
  endfacet
  facet normal 0 -1 0
    outer loop
      vertex -48.4412 -31.9 9.1
      vertex -48.9175 -31.9 9.375
      vertex -49.1161 -31.9 9.11612
    endloop
  endfacet
  facet normal 0 -1 0
    outer loop
      vertex -48.9175 -31.9 9.375
      vertex -48.4412 -31.9 9.1
      vertex -48.2613 -31.9 9.53413
    endloop
  endfacet
  facet normal 0 -1 0
    outer loop
      vertex -48.7272 -31.9 8.72721
      vertex -49.1161 -31.9 9.11612
      vertex -49.375 -31.9 8.91747
    endloop
  endfacet
  facet normal 0 -1 0
    outer loop
      vertex -49.1 -31.9 8.44115
      vertex -49.375 -31.9 8.91747
      vertex -49.6765 -31.9 8.79259
    endloop
  endfacet
  facet normal 0 -1 0
    outer loop
      vertex -49.1161 -31.9 9.11612
      vertex -48.7272 -31.9 8.72721
      vertex -48.4412 -31.9 9.1
    endloop
  endfacet
  facet normal 0 -1 0
    outer loop
      vertex -49.5341 -31.9 8.26133
      vertex -49.6765 -31.9 8.79259
      vertex -50 -31.9 8.75
    endloop
  endfacet
  facet normal 0 -1 0
    outer loop
      vertex -50.4659 -31.9 8.26133
      vertex -50.3235 -31.9 8.79259
      vertex -50.9 -31.9 8.44115
    endloop
  endfacet
  facet normal 0 -1 -0
    outer loop
      vertex -50.3235 -31.9 8.79259
      vertex -50.4659 -31.9 8.26133
      vertex -50 -31.9 8.75
    endloop
  endfacet
  facet normal 0 -1 0
    outer loop
      vertex -49.375 -31.9 8.91747
      vertex -49.1 -31.9 8.44115
      vertex -48.7272 -31.9 8.72721
    endloop
  endfacet
  facet normal 0 -1 0
    outer loop
      vertex -50 -31.9 8.2
      vertex -50 -31.9 8.75
      vertex -50.4659 -31.9 8.26133
    endloop
  endfacet
  facet normal 0 -1 0
    outer loop
      vertex -49.6765 -31.9 8.79259
      vertex -49.5341 -31.9 8.26133
      vertex -49.1 -31.9 8.44115
    endloop
  endfacet
  facet normal 0 -1 0
    outer loop
      vertex -50 -31.9 8.75
      vertex -50 -31.9 8.2
      vertex -49.5341 -31.9 8.26133
    endloop
  endfacet
  facet normal -0.130449 0 -0.991455
    outer loop
      vertex -50 -32 11.8
      vertex -49.5341 -31.9 11.7387
      vertex -49.5341 -32 11.7387
    endloop
  endfacet
  facet normal -0.130449 0 -0.991455
    outer loop
      vertex -49.5341 -31.9 11.7387
      vertex -50 -32 11.8
      vertex -50 -31.9 11.8
    endloop
  endfacet
  facet normal 0.608682 0 -0.793414
    outer loop
      vertex -51.2728 -32 11.2728
      vertex -50.9 -31.9 11.5588
      vertex -50.9 -32 11.5588
    endloop
  endfacet
  facet normal 0.608682 0 -0.793414
    outer loop
      vertex -50.9 -31.9 11.5588
      vertex -51.2728 -32 11.2728
      vertex -51.2728 -31.9 11.2728
    endloop
  endfacet
  facet normal 0.130449 0 -0.991455
    outer loop
      vertex -50.4659 -32 11.7387
      vertex -50 -31.9 11.8
      vertex -50 -32 11.8
    endloop
  endfacet
  facet normal 0.130449 0 -0.991455
    outer loop
      vertex -50 -31.9 11.8
      vertex -50.4659 -32 11.7387
      vertex -50.4659 -31.9 11.7387
    endloop
  endfacet
  facet normal -0.793414 0 -0.608682
    outer loop
      vertex -48.4412 -32 10.9
      vertex -48.7272 -31.9 11.2728
      vertex -48.4412 -31.9 10.9
    endloop
  endfacet
  facet normal -0.793414 -0 -0.608682
    outer loop
      vertex -48.7272 -31.9 11.2728
      vertex -48.4412 -32 10.9
      vertex -48.7272 -32 11.2728
    endloop
  endfacet
  facet normal 0.991442 -0 0.13055
    outer loop
      vertex -51.25 -31.9 10
      vertex -51.2074 -19 9.67648
      vertex -51.25 -19 10
    endloop
  endfacet
  facet normal 0.991442 0 0.13055
    outer loop
      vertex -51.2074 -19 9.67648
      vertex -51.25 -31.9 10
      vertex -51.2074 -31.9 9.67648
    endloop
  endfacet
  facet normal 0.991441 0 -0.130558
    outer loop
      vertex -51.2074 -31.9 10.3235
      vertex -51.25 -19 10
      vertex -51.2074 -19 10.3235
    endloop
  endfacet
  facet normal 0.991441 0 -0.130558
    outer loop
      vertex -51.25 -19 10
      vertex -51.2074 -31.9 10.3235
      vertex -51.25 -31.9 10
    endloop
  endfacet
  facet normal -0.130527 0 0.991445
    outer loop
      vertex -50 -19 8.75
      vertex -49.6765 -31.9 8.79259
      vertex -49.6765 -19 8.79259
    endloop
  endfacet
  facet normal -0.130527 0 0.991445
    outer loop
      vertex -49.6765 -31.9 8.79259
      vertex -50 -19 8.75
      vertex -50 -31.9 8.75
    endloop
  endfacet
  facet normal -0.991441 0 -0.130558
    outer loop
      vertex -48.75 -31.9 10
      vertex -48.7926 -19 10.3235
      vertex -48.75 -19 10
    endloop
  endfacet
  facet normal -0.991441 -0 -0.130558
    outer loop
      vertex -48.7926 -19 10.3235
      vertex -48.75 -31.9 10
      vertex -48.7926 -31.9 10.3235
    endloop
  endfacet
  facet normal -0.793421 0 0.608673
    outer loop
      vertex -49.1161 -31.9 9.11612
      vertex -48.9175 -19 9.375
      vertex -49.1161 -19 9.11612
    endloop
  endfacet
  facet normal -0.793421 0 0.608673
    outer loop
      vertex -48.9175 -19 9.375
      vertex -49.1161 -31.9 9.11612
      vertex -48.9175 -31.9 9.375
    endloop
  endfacet
  facet normal -0.923855 0 0.382743
    outer loop
      vertex -48.9175 -31.9 9.375
      vertex -48.7926 -19 9.67648
      vertex -48.9175 -19 9.375
    endloop
  endfacet
  facet normal -0.923855 0 0.382743
    outer loop
      vertex -48.7926 -19 9.67648
      vertex -48.9175 -31.9 9.375
      vertex -48.7926 -31.9 9.67648
    endloop
  endfacet
  facet normal -0.382669 0 0.923885
    outer loop
      vertex -49.6765 -19 8.79259
      vertex -49.375 -31.9 8.91747
      vertex -49.375 -19 8.91747
    endloop
  endfacet
  facet normal -0.382669 0 0.923885
    outer loop
      vertex -49.375 -31.9 8.91747
      vertex -49.6765 -19 8.79259
      vertex -49.6765 -31.9 8.79259
    endloop
  endfacet
  facet normal 0.130527 0 0.991445
    outer loop
      vertex -50.3235 -19 8.79259
      vertex -50 -31.9 8.75
      vertex -50 -19 8.75
    endloop
  endfacet
  facet normal 0.130527 0 0.991445
    outer loop
      vertex -50 -31.9 8.75
      vertex -50.3235 -19 8.79259
      vertex -50.3235 -31.9 8.79259
    endloop
  endfacet
  facet normal 0.923855 -0 0.382743
    outer loop
      vertex -51.2074 -31.9 9.67648
      vertex -51.0825 -19 9.375
      vertex -51.2074 -19 9.67648
    endloop
  endfacet
  facet normal 0.923855 0 0.382743
    outer loop
      vertex -51.0825 -19 9.375
      vertex -51.2074 -31.9 9.67648
      vertex -51.0825 -31.9 9.375
    endloop
  endfacet
  facet normal -0.382722 0 -0.923864
    outer loop
      vertex -49.6765 -31.9 11.2074
      vertex -49.375 -19 11.0825
      vertex -49.375 -31.9 11.0825
    endloop
  endfacet
  facet normal -0.382722 0 -0.923864
    outer loop
      vertex -49.375 -19 11.0825
      vertex -49.6765 -31.9 11.2074
      vertex -49.6765 -19 11.2074
    endloop
  endfacet
  facet normal -0.60874 0 0.79337
    outer loop
      vertex -49.375 -19 8.91747
      vertex -49.1161 -31.9 9.11612
      vertex -49.1161 -19 9.11612
    endloop
  endfacet
  facet normal -0.60874 0 0.79337
    outer loop
      vertex -49.1161 -31.9 9.11612
      vertex -49.375 -19 8.91747
      vertex -49.375 -31.9 8.91747
    endloop
  endfacet
  facet normal 0 -1 0
    outer loop
      vertex -50.3235 -19 11.2074
      vertex -49.6765 -19 11.2074
      vertex -50 -19 11.25
    endloop
  endfacet
  facet normal 0 -1 0
    outer loop
      vertex -50.625 -19 11.0825
      vertex -49.6765 -19 11.2074
      vertex -50.3235 -19 11.2074
    endloop
  endfacet
  facet normal 0 -1 0
    outer loop
      vertex -50.625 -19 11.0825
      vertex -49.375 -19 11.0825
      vertex -49.6765 -19 11.2074
    endloop
  endfacet
  facet normal 0 -1 0
    outer loop
      vertex -50.8839 -19 10.8839
      vertex -49.375 -19 11.0825
      vertex -50.625 -19 11.0825
    endloop
  endfacet
  facet normal 0 -1 0
    outer loop
      vertex -50.8839 -19 10.8839
      vertex -49.1161 -19 10.8839
      vertex -49.375 -19 11.0825
    endloop
  endfacet
  facet normal 0 -1 0
    outer loop
      vertex -51.0825 -19 10.625
      vertex -49.1161 -19 10.8839
      vertex -50.8839 -19 10.8839
    endloop
  endfacet
  facet normal 0 -1 0
    outer loop
      vertex -51.0825 -19 10.625
      vertex -48.9175 -19 10.625
      vertex -49.1161 -19 10.8839
    endloop
  endfacet
  facet normal 0 -1 0
    outer loop
      vertex -51.2074 -19 10.3235
      vertex -48.9175 -19 10.625
      vertex -51.0825 -19 10.625
    endloop
  endfacet
  facet normal 0 -1 0
    outer loop
      vertex -51.2074 -19 10.3235
      vertex -48.7926 -19 10.3235
      vertex -48.9175 -19 10.625
    endloop
  endfacet
  facet normal 0 -1 0
    outer loop
      vertex -51.25 -19 10
      vertex -48.7926 -19 10.3235
      vertex -51.2074 -19 10.3235
    endloop
  endfacet
  facet normal 0 -1 0
    outer loop
      vertex -51.25 -19 10
      vertex -48.75 -19 10
      vertex -48.7926 -19 10.3235
    endloop
  endfacet
  facet normal 0 -1 0
    outer loop
      vertex -51.2074 -19 9.67648
      vertex -48.75 -19 10
      vertex -51.25 -19 10
    endloop
  endfacet
  facet normal 0 -1 0
    outer loop
      vertex -51.2074 -19 9.67648
      vertex -48.7926 -19 9.67648
      vertex -48.75 -19 10
    endloop
  endfacet
  facet normal 0 -1 0
    outer loop
      vertex -51.0825 -19 9.375
      vertex -48.7926 -19 9.67648
      vertex -51.2074 -19 9.67648
    endloop
  endfacet
  facet normal 0 -1 0
    outer loop
      vertex -51.0825 -19 9.375
      vertex -48.9175 -19 9.375
      vertex -48.7926 -19 9.67648
    endloop
  endfacet
  facet normal 0 -1 0
    outer loop
      vertex -50.8839 -19 9.11612
      vertex -48.9175 -19 9.375
      vertex -51.0825 -19 9.375
    endloop
  endfacet
  facet normal 0 -1 0
    outer loop
      vertex -50.8839 -19 9.11612
      vertex -49.1161 -19 9.11612
      vertex -48.9175 -19 9.375
    endloop
  endfacet
  facet normal 0 -1 0
    outer loop
      vertex -50.625 -19 8.91747
      vertex -49.1161 -19 9.11612
      vertex -50.8839 -19 9.11612
    endloop
  endfacet
  facet normal 0 -1 0
    outer loop
      vertex -50.625 -19 8.91747
      vertex -49.375 -19 8.91747
      vertex -49.1161 -19 9.11612
    endloop
  endfacet
  facet normal 0 -1 0
    outer loop
      vertex -50.3235 -19 8.79259
      vertex -49.375 -19 8.91747
      vertex -50.625 -19 8.91747
    endloop
  endfacet
  facet normal 0 -1 0
    outer loop
      vertex -50.3235 -19 8.79259
      vertex -49.6765 -19 8.79259
      vertex -49.375 -19 8.91747
    endloop
  endfacet
  facet normal -0 -1 0
    outer loop
      vertex -49.6765 -19 8.79259
      vertex -50.3235 -19 8.79259
      vertex -50 -19 8.75
    endloop
  endfacet
  facet normal 0.793421 -0 0.608673
    outer loop
      vertex -51.0825 -31.9 9.375
      vertex -50.8839 -19 9.11612
      vertex -51.0825 -19 9.375
    endloop
  endfacet
  facet normal 0.793421 0 0.608673
    outer loop
      vertex -50.8839 -19 9.11612
      vertex -51.0825 -31.9 9.375
      vertex -50.8839 -31.9 9.11612
    endloop
  endfacet
  facet normal 0.382669 0 0.923885
    outer loop
      vertex -50.625 -19 8.91747
      vertex -50.3235 -31.9 8.79259
      vertex -50.3235 -19 8.79259
    endloop
  endfacet
  facet normal 0.382669 0 0.923885
    outer loop
      vertex -50.3235 -31.9 8.79259
      vertex -50.625 -19 8.91747
      vertex -50.625 -31.9 8.91747
    endloop
  endfacet
  facet normal 0.60874 0 0.79337
    outer loop
      vertex -50.8839 -19 9.11612
      vertex -50.625 -31.9 8.91747
      vertex -50.625 -19 8.91747
    endloop
  endfacet
  facet normal 0.60874 0 0.79337
    outer loop
      vertex -50.625 -31.9 8.91747
      vertex -50.8839 -19 9.11612
      vertex -50.8839 -31.9 9.11612
    endloop
  endfacet
  facet normal -0.991442 0 0.13055
    outer loop
      vertex -48.7926 -31.9 9.67648
      vertex -48.75 -19 10
      vertex -48.7926 -19 9.67648
    endloop
  endfacet
  facet normal -0.991442 0 0.13055
    outer loop
      vertex -48.75 -19 10
      vertex -48.7926 -31.9 9.67648
      vertex -48.75 -31.9 10
    endloop
  endfacet
  facet normal 0.608644 0 -0.793444
    outer loop
      vertex -50.8839 -31.9 10.8839
      vertex -50.625 -19 11.0825
      vertex -50.625 -31.9 11.0825
    endloop
  endfacet
  facet normal 0.608644 0 -0.793444
    outer loop
      vertex -50.625 -19 11.0825
      vertex -50.8839 -31.9 10.8839
      vertex -50.8839 -19 10.8839
    endloop
  endfacet
  facet normal 0.923864 0 -0.382722
    outer loop
      vertex -51.0825 -31.9 10.625
      vertex -51.2074 -19 10.3235
      vertex -51.0825 -19 10.625
    endloop
  endfacet
  facet normal 0.923864 0 -0.382722
    outer loop
      vertex -51.2074 -19 10.3235
      vertex -51.0825 -31.9 10.625
      vertex -51.2074 -31.9 10.3235
    endloop
  endfacet
  facet normal -0.793444 0 -0.608644
    outer loop
      vertex -48.9175 -31.9 10.625
      vertex -49.1161 -19 10.8839
      vertex -48.9175 -19 10.625
    endloop
  endfacet
  facet normal -0.793444 -0 -0.608644
    outer loop
      vertex -49.1161 -19 10.8839
      vertex -48.9175 -31.9 10.625
      vertex -49.1161 -31.9 10.8839
    endloop
  endfacet
  facet normal 0.793444 0 -0.608644
    outer loop
      vertex -50.8839 -31.9 10.8839
      vertex -51.0825 -19 10.625
      vertex -50.8839 -19 10.8839
    endloop
  endfacet
  facet normal 0.793444 0 -0.608644
    outer loop
      vertex -51.0825 -19 10.625
      vertex -50.8839 -31.9 10.8839
      vertex -51.0825 -31.9 10.625
    endloop
  endfacet
  facet normal -0.923864 0 -0.382722
    outer loop
      vertex -48.7926 -31.9 10.3235
      vertex -48.9175 -19 10.625
      vertex -48.7926 -19 10.3235
    endloop
  endfacet
  facet normal -0.923864 -0 -0.382722
    outer loop
      vertex -48.9175 -19 10.625
      vertex -48.7926 -31.9 10.3235
      vertex -48.9175 -31.9 10.625
    endloop
  endfacet
  facet normal -0.608644 0 -0.793444
    outer loop
      vertex -49.375 -31.9 11.0825
      vertex -49.1161 -19 10.8839
      vertex -49.1161 -31.9 10.8839
    endloop
  endfacet
  facet normal -0.608644 0 -0.793444
    outer loop
      vertex -49.1161 -19 10.8839
      vertex -49.375 -31.9 11.0825
      vertex -49.375 -19 11.0825
    endloop
  endfacet
  facet normal 0.382722 0 -0.923864
    outer loop
      vertex -50.625 -31.9 11.0825
      vertex -50.3235 -19 11.2074
      vertex -50.3235 -31.9 11.2074
    endloop
  endfacet
  facet normal 0.382722 0 -0.923864
    outer loop
      vertex -50.3235 -19 11.2074
      vertex -50.625 -31.9 11.0825
      vertex -50.625 -19 11.0825
    endloop
  endfacet
  facet normal -0.130558 0 -0.991441
    outer loop
      vertex -50 -31.9 11.25
      vertex -49.6765 -19 11.2074
      vertex -49.6765 -31.9 11.2074
    endloop
  endfacet
  facet normal -0.130558 0 -0.991441
    outer loop
      vertex -49.6765 -19 11.2074
      vertex -50 -31.9 11.25
      vertex -50 -19 11.25
    endloop
  endfacet
  facet normal 0.130558 0 -0.991441
    outer loop
      vertex -50.3235 -31.9 11.2074
      vertex -50 -19 11.25
      vertex -50 -31.9 11.25
    endloop
  endfacet
  facet normal 0.130558 0 -0.991441
    outer loop
      vertex -50 -19 11.25
      vertex -50.3235 -31.9 11.2074
      vertex -50.3235 -19 11.2074
    endloop
  endfacet
  facet normal -0.991454 0 0.130457
    outer loop
      vertex 51.7387 -32 9.53413
      vertex 51.8 -31.9 10
      vertex 51.7387 -31.9 9.53413
    endloop
  endfacet
  facet normal -0.991454 0 0.130457
    outer loop
      vertex 51.8 -31.9 10
      vertex 51.7387 -32 9.53413
      vertex 51.8 -32 10
    endloop
  endfacet
  facet normal 0.923812 0 -0.382847
    outer loop
      vertex 48.4412 -32 10.9
      vertex 48.2613 -31.9 10.4659
      vertex 48.4412 -31.9 10.9
    endloop
  endfacet
  facet normal 0.923812 0 -0.382847
    outer loop
      vertex 48.2613 -31.9 10.4659
      vertex 48.4412 -32 10.9
      vertex 48.2613 -32 10.4659
    endloop
  endfacet
  facet normal 0.130512 0 0.991447
    outer loop
      vertex 49.5341 -31.9 8.26133
      vertex 50 -32 8.2
      vertex 50 -31.9 8.2
    endloop
  endfacet
  facet normal 0.130512 0 0.991447
    outer loop
      vertex 50 -32 8.2
      vertex 49.5341 -31.9 8.26133
      vertex 49.5341 -32 8.26133
    endloop
  endfacet
  facet normal 0.991455 0 -0.130449
    outer loop
      vertex 48.2613 -32 10.4659
      vertex 48.2 -31.9 10
      vertex 48.2613 -31.9 10.4659
    endloop
  endfacet
  facet normal 0.991455 0 -0.130449
    outer loop
      vertex 48.2 -31.9 10
      vertex 48.2613 -32 10.4659
      vertex 48.2 -32 10
    endloop
  endfacet
  facet normal -0.793407 0 0.608692
    outer loop
      vertex 51.2728 -32 8.72721
      vertex 51.5588 -31.9 9.1
      vertex 51.2728 -31.9 8.72721
    endloop
  endfacet
  facet normal -0.793407 0 0.608692
    outer loop
      vertex 51.5588 -31.9 9.1
      vertex 51.2728 -32 8.72721
      vertex 51.5588 -32 9.1
    endloop
  endfacet
  facet normal -0.923821 0 0.382824
    outer loop
      vertex 51.5588 -32 9.1
      vertex 51.7387 -31.9 9.53413
      vertex 51.5588 -31.9 9.1
    endloop
  endfacet
  facet normal -0.923821 0 0.382824
    outer loop
      vertex 51.7387 -31.9 9.53413
      vertex 51.5588 -32 9.1
      vertex 51.7387 -32 9.53413
    endloop
  endfacet
  facet normal -0.130512 0 0.991447
    outer loop
      vertex 50 -31.9 8.2
      vertex 50.4659 -32 8.26133
      vertex 50.4659 -31.9 8.26133
    endloop
  endfacet
  facet normal -0.130512 0 0.991447
    outer loop
      vertex 50.4659 -32 8.26133
      vertex 50 -31.9 8.2
      vertex 50 -32 8.2
    endloop
  endfacet
  facet normal 0.382701 0 0.923872
    outer loop
      vertex 49.1 -31.9 8.44115
      vertex 49.5341 -32 8.26133
      vertex 49.5341 -31.9 8.26133
    endloop
  endfacet
  facet normal 0.382701 0 0.923872
    outer loop
      vertex 49.5341 -32 8.26133
      vertex 49.1 -31.9 8.44115
      vertex 49.1 -32 8.44115
    endloop
  endfacet
  facet normal 0.991454 -0 0.130457
    outer loop
      vertex 48.2 -32 10
      vertex 48.2613 -31.9 9.53413
      vertex 48.2 -31.9 10
    endloop
  endfacet
  facet normal 0.991454 0 0.130457
    outer loop
      vertex 48.2613 -31.9 9.53413
      vertex 48.2 -32 10
      vertex 48.2613 -32 9.53413
    endloop
  endfacet
  facet normal -0.608762 0 0.793353
    outer loop
      vertex 50.9 -31.9 8.44115
      vertex 51.2728 -32 8.72721
      vertex 51.2728 -31.9 8.72721
    endloop
  endfacet
  facet normal -0.608762 0 0.793353
    outer loop
      vertex 51.2728 -32 8.72721
      vertex 50.9 -31.9 8.44115
      vertex 50.9 -32 8.44115
    endloop
  endfacet
  facet normal -0.382701 0 0.923872
    outer loop
      vertex 50.4659 -31.9 8.26133
      vertex 50.9 -32 8.44115
      vertex 50.9 -31.9 8.44115
    endloop
  endfacet
  facet normal -0.382701 0 0.923872
    outer loop
      vertex 50.9 -32 8.44115
      vertex 50.4659 -31.9 8.26133
      vertex 50.4659 -32 8.26133
    endloop
  endfacet
  facet normal 0.923821 -0 0.382824
    outer loop
      vertex 48.2613 -32 9.53413
      vertex 48.4412 -31.9 9.1
      vertex 48.2613 -31.9 9.53413
    endloop
  endfacet
  facet normal 0.923821 0 0.382824
    outer loop
      vertex 48.4412 -31.9 9.1
      vertex 48.2613 -32 9.53413
      vertex 48.4412 -32 9.1
    endloop
  endfacet
  facet normal 0.608762 0 0.793353
    outer loop
      vertex 48.7272 -31.9 8.72721
      vertex 49.1 -32 8.44115
      vertex 49.1 -31.9 8.44115
    endloop
  endfacet
  facet normal 0.608762 0 0.793353
    outer loop
      vertex 49.1 -32 8.44115
      vertex 48.7272 -31.9 8.72721
      vertex 48.7272 -32 8.72721
    endloop
  endfacet
  facet normal 0.793407 -0 0.608692
    outer loop
      vertex 48.4412 -32 9.1
      vertex 48.7272 -31.9 8.72721
      vertex 48.4412 -31.9 9.1
    endloop
  endfacet
  facet normal 0.793407 0 0.608692
    outer loop
      vertex 48.7272 -31.9 8.72721
      vertex 48.4412 -32 9.1
      vertex 48.7272 -32 8.72721
    endloop
  endfacet
  facet normal -0.923812 0 -0.382847
    outer loop
      vertex 51.7387 -32 10.4659
      vertex 51.5588 -31.9 10.9
      vertex 51.7387 -31.9 10.4659
    endloop
  endfacet
  facet normal -0.923812 -0 -0.382847
    outer loop
      vertex 51.5588 -31.9 10.9
      vertex 51.7387 -32 10.4659
      vertex 51.5588 -32 10.9
    endloop
  endfacet
  facet normal 0.382847 0 -0.923812
    outer loop
      vertex 49.1 -32 11.5588
      vertex 49.5341 -31.9 11.7387
      vertex 49.5341 -32 11.7387
    endloop
  endfacet
  facet normal 0.382847 0 -0.923812
    outer loop
      vertex 49.5341 -31.9 11.7387
      vertex 49.1 -32 11.5588
      vertex 49.1 -31.9 11.5588
    endloop
  endfacet
  facet normal 0.793414 0 -0.608682
    outer loop
      vertex 48.7272 -32 11.2728
      vertex 48.4412 -31.9 10.9
      vertex 48.7272 -31.9 11.2728
    endloop
  endfacet
  facet normal 0.793414 0 -0.608682
    outer loop
      vertex 48.4412 -31.9 10.9
      vertex 48.7272 -32 11.2728
      vertex 48.4412 -32 10.9
    endloop
  endfacet
  facet normal -0.382847 0 -0.923812
    outer loop
      vertex 50.4659 -32 11.7387
      vertex 50.9 -31.9 11.5588
      vertex 50.9 -32 11.5588
    endloop
  endfacet
  facet normal -0.382847 0 -0.923812
    outer loop
      vertex 50.9 -31.9 11.5588
      vertex 50.4659 -32 11.7387
      vertex 50.4659 -31.9 11.7387
    endloop
  endfacet
  facet normal -0.608682 0 -0.793414
    outer loop
      vertex 50.9 -32 11.5588
      vertex 51.2728 -31.9 11.2728
      vertex 51.2728 -32 11.2728
    endloop
  endfacet
  facet normal -0.608682 0 -0.793414
    outer loop
      vertex 51.2728 -31.9 11.2728
      vertex 50.9 -32 11.5588
      vertex 50.9 -31.9 11.5588
    endloop
  endfacet
  facet normal -0.991455 0 -0.130449
    outer loop
      vertex 51.8 -32 10
      vertex 51.7387 -31.9 10.4659
      vertex 51.8 -31.9 10
    endloop
  endfacet
  facet normal -0.991455 -0 -0.130449
    outer loop
      vertex 51.7387 -31.9 10.4659
      vertex 51.8 -32 10
      vertex 51.7387 -32 10.4659
    endloop
  endfacet
  facet normal 0 -1 0
    outer loop
      vertex 50 -31.9 11.25
      vertex 50 -31.9 11.8
      vertex 49.5341 -31.9 11.7387
    endloop
  endfacet
  facet normal 0 -1 0
    outer loop
      vertex 49.6765 -31.9 11.2074
      vertex 49.5341 -31.9 11.7387
      vertex 49.1 -31.9 11.5588
    endloop
  endfacet
  facet normal 0 -1 0
    outer loop
      vertex 50 -31.9 11.8
      vertex 50 -31.9 11.25
      vertex 50.4659 -31.9 11.7387
    endloop
  endfacet
  facet normal 0 -1 0
    outer loop
      vertex 49.375 -31.9 11.0825
      vertex 49.1 -31.9 11.5588
      vertex 48.7272 -31.9 11.2728
    endloop
  endfacet
  facet normal 0 -1 0
    outer loop
      vertex 50.3235 -31.9 11.2074
      vertex 50.4659 -31.9 11.7387
      vertex 50 -31.9 11.25
    endloop
  endfacet
  facet normal 0 -1 -0
    outer loop
      vertex 50.4659 -31.9 11.7387
      vertex 50.3235 -31.9 11.2074
      vertex 50.9 -31.9 11.5588
    endloop
  endfacet
  facet normal 0 -1 0
    outer loop
      vertex 49.5341 -31.9 11.7387
      vertex 49.6765 -31.9 11.2074
      vertex 50 -31.9 11.25
    endloop
  endfacet
  facet normal 0 -1 0
    outer loop
      vertex 49.1 -31.9 11.5588
      vertex 49.375 -31.9 11.0825
      vertex 49.6765 -31.9 11.2074
    endloop
  endfacet
  facet normal 0 -1 0
    outer loop
      vertex 49.1161 -31.9 10.8839
      vertex 48.7272 -31.9 11.2728
      vertex 48.4412 -31.9 10.9
    endloop
  endfacet
  facet normal 0 -1 0
    outer loop
      vertex 48.7272 -31.9 11.2728
      vertex 49.1161 -31.9 10.8839
      vertex 49.375 -31.9 11.0825
    endloop
  endfacet
  facet normal 0 -1 0
    outer loop
      vertex 48.4412 -31.9 10.9
      vertex 48.9175 -31.9 10.625
      vertex 49.1161 -31.9 10.8839
    endloop
  endfacet
  facet normal 0 -1 0
    outer loop
      vertex 48.2613 -31.9 10.4659
      vertex 48.9175 -31.9 10.625
      vertex 48.4412 -31.9 10.9
    endloop
  endfacet
  facet normal 0 -1 0
    outer loop
      vertex 48.2613 -31.9 10.4659
      vertex 48.7926 -31.9 10.3235
      vertex 48.9175 -31.9 10.625
    endloop
  endfacet
  facet normal 0 -1 0
    outer loop
      vertex 48.2 -31.9 10
      vertex 48.7926 -31.9 10.3235
      vertex 48.2613 -31.9 10.4659
    endloop
  endfacet
  facet normal 0 -1 0
    outer loop
      vertex 48.2 -31.9 10
      vertex 48.75 -31.9 10
      vertex 48.7926 -31.9 10.3235
    endloop
  endfacet
  facet normal 0 -1 0
    outer loop
      vertex 48.2 -31.9 10
      vertex 48.7926 -31.9 9.67648
      vertex 48.75 -31.9 10
    endloop
  endfacet
  facet normal 0 -1 0
    outer loop
      vertex 48.2613 -31.9 9.53413
      vertex 48.7926 -31.9 9.67648
      vertex 48.2 -31.9 10
    endloop
  endfacet
  facet normal 0 -1 0
    outer loop
      vertex 48.2613 -31.9 9.53413
      vertex 48.9175 -31.9 9.375
      vertex 48.7926 -31.9 9.67648
    endloop
  endfacet
  facet normal 0 -1 0
    outer loop
      vertex 48.4412 -31.9 9.1
      vertex 48.9175 -31.9 9.375
      vertex 48.2613 -31.9 9.53413
    endloop
  endfacet
  facet normal 0 -1 -0
    outer loop
      vertex 48.9175 -31.9 9.375
      vertex 48.4412 -31.9 9.1
      vertex 49.1161 -31.9 9.11612
    endloop
  endfacet
  facet normal 0 -1 0
    outer loop
      vertex 48.7272 -31.9 8.72721
      vertex 49.1161 -31.9 9.11612
      vertex 48.4412 -31.9 9.1
    endloop
  endfacet
  facet normal 0 -1 -0
    outer loop
      vertex 49.1161 -31.9 9.11612
      vertex 48.7272 -31.9 8.72721
      vertex 49.375 -31.9 8.91747
    endloop
  endfacet
  facet normal 0 -1 -0
    outer loop
      vertex 49.375 -31.9 8.91747
      vertex 49.1 -31.9 8.44115
      vertex 49.6765 -31.9 8.79259
    endloop
  endfacet
  facet normal 0 -1 0
    outer loop
      vertex 49.1 -31.9 8.44115
      vertex 49.375 -31.9 8.91747
      vertex 48.7272 -31.9 8.72721
    endloop
  endfacet
  facet normal 0 -1 0
    outer loop
      vertex 50.625 -31.9 11.0825
      vertex 50.9 -31.9 11.5588
      vertex 50.3235 -31.9 11.2074
    endloop
  endfacet
  facet normal 0 -1 -0
    outer loop
      vertex 50.9 -31.9 11.5588
      vertex 50.625 -31.9 11.0825
      vertex 51.2728 -31.9 11.2728
    endloop
  endfacet
  facet normal 0 -1 0
    outer loop
      vertex 50.8839 -31.9 10.8839
      vertex 51.2728 -31.9 11.2728
      vertex 50.625 -31.9 11.0825
    endloop
  endfacet
  facet normal 0 -1 -0
    outer loop
      vertex 51.2728 -31.9 11.2728
      vertex 50.8839 -31.9 10.8839
      vertex 51.5588 -31.9 10.9
    endloop
  endfacet
  facet normal 0 -1 0
    outer loop
      vertex 51.0825 -31.9 10.625
      vertex 51.5588 -31.9 10.9
      vertex 50.8839 -31.9 10.8839
    endloop
  endfacet
  facet normal 0 -1 0
    outer loop
      vertex 51.0825 -31.9 10.625
      vertex 51.7387 -31.9 10.4659
      vertex 51.5588 -31.9 10.9
    endloop
  endfacet
  facet normal 0 -1 0
    outer loop
      vertex 51.2074 -31.9 10.3235
      vertex 51.7387 -31.9 10.4659
      vertex 51.0825 -31.9 10.625
    endloop
  endfacet
  facet normal 0 -1 0
    outer loop
      vertex 51.25 -31.9 10
      vertex 51.7387 -31.9 10.4659
      vertex 51.2074 -31.9 10.3235
    endloop
  endfacet
  facet normal 0 -1 0
    outer loop
      vertex 51.25 -31.9 10
      vertex 51.8 -31.9 10
      vertex 51.7387 -31.9 10.4659
    endloop
  endfacet
  facet normal 0 -1 0
    outer loop
      vertex 51.2074 -31.9 9.67648
      vertex 51.8 -31.9 10
      vertex 51.25 -31.9 10
    endloop
  endfacet
  facet normal 0 -1 0
    outer loop
      vertex 51.2074 -31.9 9.67648
      vertex 51.7387 -31.9 9.53413
      vertex 51.8 -31.9 10
    endloop
  endfacet
  facet normal 0 -1 0
    outer loop
      vertex 51.0825 -31.9 9.375
      vertex 51.7387 -31.9 9.53413
      vertex 51.2074 -31.9 9.67648
    endloop
  endfacet
  facet normal 0 -1 0
    outer loop
      vertex 51.5588 -31.9 9.1
      vertex 51.0825 -31.9 9.375
      vertex 50.8839 -31.9 9.11612
    endloop
  endfacet
  facet normal 0 -1 0
    outer loop
      vertex 51.0825 -31.9 9.375
      vertex 51.5588 -31.9 9.1
      vertex 51.7387 -31.9 9.53413
    endloop
  endfacet
  facet normal 0 -1 0
    outer loop
      vertex 51.2728 -31.9 8.72721
      vertex 50.8839 -31.9 9.11612
      vertex 50.625 -31.9 8.91747
    endloop
  endfacet
  facet normal 0 -1 0
    outer loop
      vertex 50.9 -31.9 8.44115
      vertex 50.625 -31.9 8.91747
      vertex 50.3235 -31.9 8.79259
    endloop
  endfacet
  facet normal 0 -1 0
    outer loop
      vertex 50.8839 -31.9 9.11612
      vertex 51.2728 -31.9 8.72721
      vertex 51.5588 -31.9 9.1
    endloop
  endfacet
  facet normal 0 -1 0
    outer loop
      vertex 50.4659 -31.9 8.26133
      vertex 50.3235 -31.9 8.79259
      vertex 50 -31.9 8.75
    endloop
  endfacet
  facet normal 0 -1 0
    outer loop
      vertex 49.5341 -31.9 8.26133
      vertex 49.6765 -31.9 8.79259
      vertex 49.1 -31.9 8.44115
    endloop
  endfacet
  facet normal 0 -1 -0
    outer loop
      vertex 49.6765 -31.9 8.79259
      vertex 49.5341 -31.9 8.26133
      vertex 50 -31.9 8.75
    endloop
  endfacet
  facet normal 0 -1 0
    outer loop
      vertex 50.625 -31.9 8.91747
      vertex 50.9 -31.9 8.44115
      vertex 51.2728 -31.9 8.72721
    endloop
  endfacet
  facet normal 0 -1 0
    outer loop
      vertex 50 -31.9 8.2
      vertex 50 -31.9 8.75
      vertex 49.5341 -31.9 8.26133
    endloop
  endfacet
  facet normal 0 -1 0
    outer loop
      vertex 50.3235 -31.9 8.79259
      vertex 50.4659 -31.9 8.26133
      vertex 50.9 -31.9 8.44115
    endloop
  endfacet
  facet normal 0 -1 0
    outer loop
      vertex 50 -31.9 8.75
      vertex 50 -31.9 8.2
      vertex 50.4659 -31.9 8.26133
    endloop
  endfacet
  facet normal -0.130449 0 -0.991455
    outer loop
      vertex 50 -32 11.8
      vertex 50.4659 -31.9 11.7387
      vertex 50.4659 -32 11.7387
    endloop
  endfacet
  facet normal -0.130449 0 -0.991455
    outer loop
      vertex 50.4659 -31.9 11.7387
      vertex 50 -32 11.8
      vertex 50 -31.9 11.8
    endloop
  endfacet
  facet normal 0.608682 0 -0.793414
    outer loop
      vertex 48.7272 -32 11.2728
      vertex 49.1 -31.9 11.5588
      vertex 49.1 -32 11.5588
    endloop
  endfacet
  facet normal 0.608682 0 -0.793414
    outer loop
      vertex 49.1 -31.9 11.5588
      vertex 48.7272 -32 11.2728
      vertex 48.7272 -31.9 11.2728
    endloop
  endfacet
  facet normal 0.130449 0 -0.991455
    outer loop
      vertex 49.5341 -32 11.7387
      vertex 50 -31.9 11.8
      vertex 50 -32 11.8
    endloop
  endfacet
  facet normal 0.130449 0 -0.991455
    outer loop
      vertex 50 -31.9 11.8
      vertex 49.5341 -32 11.7387
      vertex 49.5341 -31.9 11.7387
    endloop
  endfacet
  facet normal -0.793414 0 -0.608682
    outer loop
      vertex 51.5588 -32 10.9
      vertex 51.2728 -31.9 11.2728
      vertex 51.5588 -31.9 10.9
    endloop
  endfacet
  facet normal -0.793414 -0 -0.608682
    outer loop
      vertex 51.2728 -31.9 11.2728
      vertex 51.5588 -32 10.9
      vertex 51.2728 -32 11.2728
    endloop
  endfacet
  facet normal -0.991442 0 0.13055
    outer loop
      vertex 51.2074 -31.9 9.67648
      vertex 51.25 -19 10
      vertex 51.2074 -19 9.67648
    endloop
  endfacet
  facet normal -0.991442 0 0.13055
    outer loop
      vertex 51.25 -19 10
      vertex 51.2074 -31.9 9.67648
      vertex 51.25 -31.9 10
    endloop
  endfacet
  facet normal -0.382669 0 0.923885
    outer loop
      vertex 50.3235 -19 8.79259
      vertex 50.625 -31.9 8.91747
      vertex 50.625 -19 8.91747
    endloop
  endfacet
  facet normal -0.382669 0 0.923885
    outer loop
      vertex 50.625 -31.9 8.91747
      vertex 50.3235 -19 8.79259
      vertex 50.3235 -31.9 8.79259
    endloop
  endfacet
  facet normal 0.991442 -0 0.13055
    outer loop
      vertex 48.75 -31.9 10
      vertex 48.7926 -19 9.67648
      vertex 48.75 -19 10
    endloop
  endfacet
  facet normal 0.991442 0 0.13055
    outer loop
      vertex 48.7926 -19 9.67648
      vertex 48.75 -31.9 10
      vertex 48.7926 -31.9 9.67648
    endloop
  endfacet
  facet normal -0.793444 0 -0.608644
    outer loop
      vertex 51.0825 -31.9 10.625
      vertex 50.8839 -19 10.8839
      vertex 51.0825 -19 10.625
    endloop
  endfacet
  facet normal -0.793444 -0 -0.608644
    outer loop
      vertex 50.8839 -19 10.8839
      vertex 51.0825 -31.9 10.625
      vertex 50.8839 -31.9 10.8839
    endloop
  endfacet
  facet normal -0.608644 0 -0.793444
    outer loop
      vertex 50.625 -31.9 11.0825
      vertex 50.8839 -19 10.8839
      vertex 50.8839 -31.9 10.8839
    endloop
  endfacet
  facet normal -0.608644 0 -0.793444
    outer loop
      vertex 50.8839 -19 10.8839
      vertex 50.625 -31.9 11.0825
      vertex 50.625 -19 11.0825
    endloop
  endfacet
  facet normal 0.130558 0 -0.991441
    outer loop
      vertex 49.6765 -31.9 11.2074
      vertex 50 -19 11.25
      vertex 50 -31.9 11.25
    endloop
  endfacet
  facet normal 0.130558 0 -0.991441
    outer loop
      vertex 50 -19 11.25
      vertex 49.6765 -31.9 11.2074
      vertex 49.6765 -19 11.2074
    endloop
  endfacet
  facet normal -0.60874 0 0.79337
    outer loop
      vertex 50.625 -19 8.91747
      vertex 50.8839 -31.9 9.11612
      vertex 50.8839 -19 9.11612
    endloop
  endfacet
  facet normal -0.60874 0 0.79337
    outer loop
      vertex 50.8839 -31.9 9.11612
      vertex 50.625 -19 8.91747
      vertex 50.625 -31.9 8.91747
    endloop
  endfacet
  facet normal 0.130527 0 0.991445
    outer loop
      vertex 49.6765 -19 8.79259
      vertex 50 -31.9 8.75
      vertex 50 -19 8.75
    endloop
  endfacet
  facet normal 0.130527 0 0.991445
    outer loop
      vertex 50 -31.9 8.75
      vertex 49.6765 -19 8.79259
      vertex 49.6765 -31.9 8.79259
    endloop
  endfacet
  facet normal 0.60874 0 0.79337
    outer loop
      vertex 49.1161 -19 9.11612
      vertex 49.375 -31.9 8.91747
      vertex 49.375 -19 8.91747
    endloop
  endfacet
  facet normal 0.60874 0 0.79337
    outer loop
      vertex 49.375 -31.9 8.91747
      vertex 49.1161 -19 9.11612
      vertex 49.1161 -31.9 9.11612
    endloop
  endfacet
  facet normal 0.793421 -0 0.608673
    outer loop
      vertex 48.9175 -31.9 9.375
      vertex 49.1161 -19 9.11612
      vertex 48.9175 -19 9.375
    endloop
  endfacet
  facet normal 0.793421 0 0.608673
    outer loop
      vertex 49.1161 -19 9.11612
      vertex 48.9175 -31.9 9.375
      vertex 49.1161 -31.9 9.11612
    endloop
  endfacet
  facet normal -0.991441 0 -0.130558
    outer loop
      vertex 51.25 -31.9 10
      vertex 51.2074 -19 10.3235
      vertex 51.25 -19 10
    endloop
  endfacet
  facet normal -0.991441 -0 -0.130558
    outer loop
      vertex 51.2074 -19 10.3235
      vertex 51.25 -31.9 10
      vertex 51.2074 -31.9 10.3235
    endloop
  endfacet
  facet normal 0.793444 0 -0.608644
    outer loop
      vertex 49.1161 -31.9 10.8839
      vertex 48.9175 -19 10.625
      vertex 49.1161 -19 10.8839
    endloop
  endfacet
  facet normal 0.793444 0 -0.608644
    outer loop
      vertex 48.9175 -19 10.625
      vertex 49.1161 -31.9 10.8839
      vertex 48.9175 -31.9 10.625
    endloop
  endfacet
  facet normal 0.382722 0 -0.923864
    outer loop
      vertex 49.375 -31.9 11.0825
      vertex 49.6765 -19 11.2074
      vertex 49.6765 -31.9 11.2074
    endloop
  endfacet
  facet normal 0.382722 0 -0.923864
    outer loop
      vertex 49.6765 -19 11.2074
      vertex 49.375 -31.9 11.0825
      vertex 49.375 -19 11.0825
    endloop
  endfacet
  facet normal 0.608644 0 -0.793444
    outer loop
      vertex 49.1161 -31.9 10.8839
      vertex 49.375 -19 11.0825
      vertex 49.375 -31.9 11.0825
    endloop
  endfacet
  facet normal 0.608644 0 -0.793444
    outer loop
      vertex 49.375 -19 11.0825
      vertex 49.1161 -31.9 10.8839
      vertex 49.1161 -19 10.8839
    endloop
  endfacet
  facet normal -0.793421 0 0.608673
    outer loop
      vertex 50.8839 -31.9 9.11612
      vertex 51.0825 -19 9.375
      vertex 50.8839 -19 9.11612
    endloop
  endfacet
  facet normal -0.793421 0 0.608673
    outer loop
      vertex 51.0825 -19 9.375
      vertex 50.8839 -31.9 9.11612
      vertex 51.0825 -31.9 9.375
    endloop
  endfacet
  facet normal -0.130527 0 0.991445
    outer loop
      vertex 50 -19 8.75
      vertex 50.3235 -31.9 8.79259
      vertex 50.3235 -19 8.79259
    endloop
  endfacet
  facet normal -0.130527 0 0.991445
    outer loop
      vertex 50.3235 -31.9 8.79259
      vertex 50 -19 8.75
      vertex 50 -31.9 8.75
    endloop
  endfacet
  facet normal 0.991441 0 -0.130558
    outer loop
      vertex 48.7926 -31.9 10.3235
      vertex 48.75 -19 10
      vertex 48.7926 -19 10.3235
    endloop
  endfacet
  facet normal 0.991441 0 -0.130558
    outer loop
      vertex 48.75 -19 10
      vertex 48.7926 -31.9 10.3235
      vertex 48.75 -31.9 10
    endloop
  endfacet
  facet normal 0.923855 -0 0.382743
    outer loop
      vertex 48.7926 -31.9 9.67648
      vertex 48.9175 -19 9.375
      vertex 48.7926 -19 9.67648
    endloop
  endfacet
  facet normal 0.923855 0 0.382743
    outer loop
      vertex 48.9175 -19 9.375
      vertex 48.7926 -31.9 9.67648
      vertex 48.9175 -31.9 9.375
    endloop
  endfacet
  facet normal 0.382669 0 0.923885
    outer loop
      vertex 49.375 -19 8.91747
      vertex 49.6765 -31.9 8.79259
      vertex 49.6765 -19 8.79259
    endloop
  endfacet
  facet normal 0.382669 0 0.923885
    outer loop
      vertex 49.6765 -31.9 8.79259
      vertex 49.375 -19 8.91747
      vertex 49.375 -31.9 8.91747
    endloop
  endfacet
  facet normal -0.382722 0 -0.923864
    outer loop
      vertex 50.3235 -31.9 11.2074
      vertex 50.625 -19 11.0825
      vertex 50.625 -31.9 11.0825
    endloop
  endfacet
  facet normal -0.382722 0 -0.923864
    outer loop
      vertex 50.625 -19 11.0825
      vertex 50.3235 -31.9 11.2074
      vertex 50.3235 -19 11.2074
    endloop
  endfacet
  facet normal -0.130558 0 -0.991441
    outer loop
      vertex 50 -31.9 11.25
      vertex 50.3235 -19 11.2074
      vertex 50.3235 -31.9 11.2074
    endloop
  endfacet
  facet normal -0.130558 0 -0.991441
    outer loop
      vertex 50.3235 -19 11.2074
      vertex 50 -31.9 11.25
      vertex 50 -19 11.25
    endloop
  endfacet
  facet normal 0.923864 0 -0.382722
    outer loop
      vertex 48.9175 -31.9 10.625
      vertex 48.7926 -19 10.3235
      vertex 48.9175 -19 10.625
    endloop
  endfacet
  facet normal 0.923864 0 -0.382722
    outer loop
      vertex 48.7926 -19 10.3235
      vertex 48.9175 -31.9 10.625
      vertex 48.7926 -31.9 10.3235
    endloop
  endfacet
  facet normal -0.923855 0 0.382743
    outer loop
      vertex 51.0825 -31.9 9.375
      vertex 51.2074 -19 9.67648
      vertex 51.0825 -19 9.375
    endloop
  endfacet
  facet normal -0.923855 0 0.382743
    outer loop
      vertex 51.2074 -19 9.67648
      vertex 51.0825 -31.9 9.375
      vertex 51.2074 -31.9 9.67648
    endloop
  endfacet
  facet normal 0 -1 0
    outer loop
      vertex 49.6765 -19 11.2074
      vertex 50.3235 -19 11.2074
      vertex 50 -19 11.25
    endloop
  endfacet
  facet normal 0 -1 0
    outer loop
      vertex 49.375 -19 11.0825
      vertex 50.3235 -19 11.2074
      vertex 49.6765 -19 11.2074
    endloop
  endfacet
  facet normal 0 -1 0
    outer loop
      vertex 49.375 -19 11.0825
      vertex 50.625 -19 11.0825
      vertex 50.3235 -19 11.2074
    endloop
  endfacet
  facet normal 0 -1 0
    outer loop
      vertex 49.1161 -19 10.8839
      vertex 50.625 -19 11.0825
      vertex 49.375 -19 11.0825
    endloop
  endfacet
  facet normal 0 -1 0
    outer loop
      vertex 49.1161 -19 10.8839
      vertex 50.8839 -19 10.8839
      vertex 50.625 -19 11.0825
    endloop
  endfacet
  facet normal 0 -1 0
    outer loop
      vertex 48.9175 -19 10.625
      vertex 50.8839 -19 10.8839
      vertex 49.1161 -19 10.8839
    endloop
  endfacet
  facet normal 0 -1 0
    outer loop
      vertex 48.9175 -19 10.625
      vertex 51.0825 -19 10.625
      vertex 50.8839 -19 10.8839
    endloop
  endfacet
  facet normal 0 -1 0
    outer loop
      vertex 48.7926 -19 10.3235
      vertex 51.0825 -19 10.625
      vertex 48.9175 -19 10.625
    endloop
  endfacet
  facet normal 0 -1 0
    outer loop
      vertex 48.7926 -19 10.3235
      vertex 51.2074 -19 10.3235
      vertex 51.0825 -19 10.625
    endloop
  endfacet
  facet normal 0 -1 0
    outer loop
      vertex 48.75 -19 10
      vertex 51.2074 -19 10.3235
      vertex 48.7926 -19 10.3235
    endloop
  endfacet
  facet normal 0 -1 0
    outer loop
      vertex 48.75 -19 10
      vertex 51.25 -19 10
      vertex 51.2074 -19 10.3235
    endloop
  endfacet
  facet normal 0 -1 0
    outer loop
      vertex 48.7926 -19 9.67648
      vertex 51.25 -19 10
      vertex 48.75 -19 10
    endloop
  endfacet
  facet normal 0 -1 0
    outer loop
      vertex 48.7926 -19 9.67648
      vertex 51.2074 -19 9.67648
      vertex 51.25 -19 10
    endloop
  endfacet
  facet normal 0 -1 0
    outer loop
      vertex 48.9175 -19 9.375
      vertex 51.2074 -19 9.67648
      vertex 48.7926 -19 9.67648
    endloop
  endfacet
  facet normal 0 -1 0
    outer loop
      vertex 48.9175 -19 9.375
      vertex 51.0825 -19 9.375
      vertex 51.2074 -19 9.67648
    endloop
  endfacet
  facet normal 0 -1 0
    outer loop
      vertex 49.1161 -19 9.11612
      vertex 51.0825 -19 9.375
      vertex 48.9175 -19 9.375
    endloop
  endfacet
  facet normal 0 -1 0
    outer loop
      vertex 49.1161 -19 9.11612
      vertex 50.8839 -19 9.11612
      vertex 51.0825 -19 9.375
    endloop
  endfacet
  facet normal 0 -1 0
    outer loop
      vertex 49.375 -19 8.91747
      vertex 50.8839 -19 9.11612
      vertex 49.1161 -19 9.11612
    endloop
  endfacet
  facet normal 0 -1 0
    outer loop
      vertex 49.375 -19 8.91747
      vertex 50.625 -19 8.91747
      vertex 50.8839 -19 9.11612
    endloop
  endfacet
  facet normal 0 -1 0
    outer loop
      vertex 49.6765 -19 8.79259
      vertex 50.625 -19 8.91747
      vertex 49.375 -19 8.91747
    endloop
  endfacet
  facet normal 0 -1 0
    outer loop
      vertex 49.6765 -19 8.79259
      vertex 50.3235 -19 8.79259
      vertex 50.625 -19 8.91747
    endloop
  endfacet
  facet normal -0 -1 0
    outer loop
      vertex 50.3235 -19 8.79259
      vertex 49.6765 -19 8.79259
      vertex 50 -19 8.75
    endloop
  endfacet
  facet normal -0.923864 0 -0.382722
    outer loop
      vertex 51.2074 -31.9 10.3235
      vertex 51.0825 -19 10.625
      vertex 51.2074 -19 10.3235
    endloop
  endfacet
  facet normal -0.923864 -0 -0.382722
    outer loop
      vertex 51.0825 -19 10.625
      vertex 51.2074 -31.9 10.3235
      vertex 51.0825 -31.9 10.625
    endloop
  endfacet
  facet normal 0 -1 0
    outer loop
      vertex -82 -32 11
      vertex -76 -32 5
      vertex -76 -32 11
    endloop
  endfacet
  facet normal 0 -1 0
    outer loop
      vertex -82 -32 0
      vertex -62 -32 5
      vertex -76 -32 5
    endloop
  endfacet
  facet normal 0 -1 -0
    outer loop
      vertex -62 -32 5
      vertex -82 -32 0
      vertex -38 -32 5
    endloop
  endfacet
  facet normal 0 -1 -0
    outer loop
      vertex -38 -32 5
      vertex -82 -32 0
      vertex 38 -32 5
    endloop
  endfacet
  facet normal 0 -1 0
    outer loop
      vertex 82 -32 0
      vertex 38 -32 5
      vertex -82 -32 0
    endloop
  endfacet
  facet normal 0 -1 0
    outer loop
      vertex 38 -32 5
      vertex 82 -32 0
      vertex 62 -32 5
    endloop
  endfacet
  facet normal 0 -1 0
    outer loop
      vertex -82 -32 0
      vertex -76 -32 5
      vertex -82 -32 11
    endloop
  endfacet
  facet normal 0 -1 0
    outer loop
      vertex 76 -32 5
      vertex 82 -32 11
      vertex 76 -32 11
    endloop
  endfacet
  facet normal 0 -1 0
    outer loop
      vertex 76 -32 5
      vertex 82 -32 0
      vertex 82 -32 11
    endloop
  endfacet
  facet normal 0 -1 0
    outer loop
      vertex 62 -32 5
      vertex 82 -32 0
      vertex 76 -32 5
    endloop
  endfacet
  facet normal 0 -1 0
    outer loop
      vertex -62 -32 15
      vertex -50 -32 11.8
      vertex -38 -32 15
    endloop
  endfacet
  facet normal 0 -1 0
    outer loop
      vertex -62 -32 15
      vertex -50.4659 -32 11.7387
      vertex -50 -32 11.8
    endloop
  endfacet
  facet normal 0 -1 0
    outer loop
      vertex -62 -32 15
      vertex -50.9 -32 11.5588
      vertex -50.4659 -32 11.7387
    endloop
  endfacet
  facet normal 0 -1 0
    outer loop
      vertex -62 -32 15
      vertex -51.2728 -32 11.2728
      vertex -50.9 -32 11.5588
    endloop
  endfacet
  facet normal 0 -1 0
    outer loop
      vertex -62 -32 15
      vertex -51.5588 -32 10.9
      vertex -51.2728 -32 11.2728
    endloop
  endfacet
  facet normal 0 -1 0
    outer loop
      vertex -62 -32 15
      vertex -51.7387 -32 10.4659
      vertex -51.5588 -32 10.9
    endloop
  endfacet
  facet normal 0 -1 0
    outer loop
      vertex -62 -32 15
      vertex -51.8 -32 10
      vertex -51.7387 -32 10.4659
    endloop
  endfacet
  facet normal 0 -1 0
    outer loop
      vertex -62 -32 5
      vertex -51.8 -32 10
      vertex -62 -32 15
    endloop
  endfacet
  facet normal 0 -1 -0
    outer loop
      vertex -51.8 -32 10
      vertex -62 -32 5
      vertex -51.7387 -32 9.53413
    endloop
  endfacet
  facet normal 0 -1 -0
    outer loop
      vertex -51.7387 -32 9.53413
      vertex -62 -32 5
      vertex -51.5588 -32 9.1
    endloop
  endfacet
  facet normal 0 -1 -0
    outer loop
      vertex -51.5588 -32 9.1
      vertex -62 -32 5
      vertex -51.2728 -32 8.72721
    endloop
  endfacet
  facet normal 0 -1 -0
    outer loop
      vertex -50.4659 -32 8.26133
      vertex -62 -32 5
      vertex -50 -32 8.2
    endloop
  endfacet
  facet normal 0 -1 -0
    outer loop
      vertex -50.9 -32 8.44115
      vertex -62 -32 5
      vertex -50.4659 -32 8.26133
    endloop
  endfacet
  facet normal 0 -1 -0
    outer loop
      vertex -51.2728 -32 8.72721
      vertex -62 -32 5
      vertex -50.9 -32 8.44115
    endloop
  endfacet
  facet normal 0 -1 0
    outer loop
      vertex -49.5341 -32 11.7387
      vertex -38 -32 15
      vertex -50 -32 11.8
    endloop
  endfacet
  facet normal 0 -1 0
    outer loop
      vertex -49.1 -32 11.5588
      vertex -38 -32 15
      vertex -49.5341 -32 11.7387
    endloop
  endfacet
  facet normal 0 -1 0
    outer loop
      vertex -48.7272 -32 11.2728
      vertex -38 -32 15
      vertex -49.1 -32 11.5588
    endloop
  endfacet
  facet normal 0 -1 0
    outer loop
      vertex -48.4412 -32 10.9
      vertex -38 -32 15
      vertex -48.7272 -32 11.2728
    endloop
  endfacet
  facet normal 0 -1 0
    outer loop
      vertex -48.2613 -32 10.4659
      vertex -38 -32 15
      vertex -48.4412 -32 10.9
    endloop
  endfacet
  facet normal 0 -1 0
    outer loop
      vertex -48.2 -32 10
      vertex -38 -32 15
      vertex -48.2613 -32 10.4659
    endloop
  endfacet
  facet normal 0 -1 0
    outer loop
      vertex -38 -32 5
      vertex -48.2 -32 10
      vertex -48.2613 -32 9.53413
    endloop
  endfacet
  facet normal 0 -1 0
    outer loop
      vertex -38 -32 5
      vertex -48.2613 -32 9.53413
      vertex -48.4412 -32 9.1
    endloop
  endfacet
  facet normal 0 -1 0
    outer loop
      vertex -38 -32 5
      vertex -48.4412 -32 9.1
      vertex -48.7272 -32 8.72721
    endloop
  endfacet
  facet normal 0 -1 0
    outer loop
      vertex -38 -32 5
      vertex -48.7272 -32 8.72721
      vertex -49.1 -32 8.44115
    endloop
  endfacet
  facet normal 0 -1 0
    outer loop
      vertex -38 -32 5
      vertex -50 -32 8.2
      vertex -62 -32 5
    endloop
  endfacet
  facet normal 0 -1 0
    outer loop
      vertex -48.2 -32 10
      vertex -38 -32 5
      vertex -38 -32 15
    endloop
  endfacet
  facet normal 0 -1 0
    outer loop
      vertex -49.5341 -32 8.26133
      vertex -38 -32 5
      vertex -49.1 -32 8.44115
    endloop
  endfacet
  facet normal 0 -1 0
    outer loop
      vertex -50 -32 8.2
      vertex -38 -32 5
      vertex -49.5341 -32 8.26133
    endloop
  endfacet
  facet normal 0 -1 0
    outer loop
      vertex 38 -32 15
      vertex 50 -32 11.8
      vertex 62 -32 15
    endloop
  endfacet
  facet normal 0 -1 0
    outer loop
      vertex 38 -32 15
      vertex 49.5341 -32 11.7387
      vertex 50 -32 11.8
    endloop
  endfacet
  facet normal 0 -1 0
    outer loop
      vertex 38 -32 15
      vertex 49.1 -32 11.5588
      vertex 49.5341 -32 11.7387
    endloop
  endfacet
  facet normal 0 -1 0
    outer loop
      vertex 38 -32 15
      vertex 48.7272 -32 11.2728
      vertex 49.1 -32 11.5588
    endloop
  endfacet
  facet normal 0 -1 0
    outer loop
      vertex 38 -32 15
      vertex 48.4412 -32 10.9
      vertex 48.7272 -32 11.2728
    endloop
  endfacet
  facet normal 0 -1 0
    outer loop
      vertex 38 -32 15
      vertex 48.2613 -32 10.4659
      vertex 48.4412 -32 10.9
    endloop
  endfacet
  facet normal 0 -1 0
    outer loop
      vertex 38 -32 15
      vertex 48.2 -32 10
      vertex 48.2613 -32 10.4659
    endloop
  endfacet
  facet normal 0 -1 0
    outer loop
      vertex 38 -32 5
      vertex 48.2 -32 10
      vertex 38 -32 15
    endloop
  endfacet
  facet normal 0 -1 -0
    outer loop
      vertex 48.2 -32 10
      vertex 38 -32 5
      vertex 48.2613 -32 9.53413
    endloop
  endfacet
  facet normal 0 -1 -0
    outer loop
      vertex 48.2613 -32 9.53413
      vertex 38 -32 5
      vertex 48.4412 -32 9.1
    endloop
  endfacet
  facet normal 0 -1 -0
    outer loop
      vertex 48.4412 -32 9.1
      vertex 38 -32 5
      vertex 48.7272 -32 8.72721
    endloop
  endfacet
  facet normal 0 -1 -0
    outer loop
      vertex 49.5341 -32 8.26133
      vertex 38 -32 5
      vertex 50 -32 8.2
    endloop
  endfacet
  facet normal 0 -1 -0
    outer loop
      vertex 49.1 -32 8.44115
      vertex 38 -32 5
      vertex 49.5341 -32 8.26133
    endloop
  endfacet
  facet normal 0 -1 -0
    outer loop
      vertex 48.7272 -32 8.72721
      vertex 38 -32 5
      vertex 49.1 -32 8.44115
    endloop
  endfacet
  facet normal 0 -1 0
    outer loop
      vertex 50.4659 -32 11.7387
      vertex 62 -32 15
      vertex 50 -32 11.8
    endloop
  endfacet
  facet normal 0 -1 0
    outer loop
      vertex 50.9 -32 11.5588
      vertex 62 -32 15
      vertex 50.4659 -32 11.7387
    endloop
  endfacet
  facet normal 0 -1 0
    outer loop
      vertex 51.2728 -32 11.2728
      vertex 62 -32 15
      vertex 50.9 -32 11.5588
    endloop
  endfacet
  facet normal 0 -1 0
    outer loop
      vertex 51.5588 -32 10.9
      vertex 62 -32 15
      vertex 51.2728 -32 11.2728
    endloop
  endfacet
  facet normal 0 -1 0
    outer loop
      vertex 51.7387 -32 10.4659
      vertex 62 -32 15
      vertex 51.5588 -32 10.9
    endloop
  endfacet
  facet normal 0 -1 0
    outer loop
      vertex 51.8 -32 10
      vertex 62 -32 15
      vertex 51.7387 -32 10.4659
    endloop
  endfacet
  facet normal 0 -1 0
    outer loop
      vertex 62 -32 5
      vertex 51.8 -32 10
      vertex 51.7387 -32 9.53413
    endloop
  endfacet
  facet normal 0 -1 0
    outer loop
      vertex 62 -32 5
      vertex 51.7387 -32 9.53413
      vertex 51.5588 -32 9.1
    endloop
  endfacet
  facet normal 0 -1 0
    outer loop
      vertex 62 -32 5
      vertex 51.5588 -32 9.1
      vertex 51.2728 -32 8.72721
    endloop
  endfacet
  facet normal 0 -1 0
    outer loop
      vertex 62 -32 5
      vertex 51.2728 -32 8.72721
      vertex 50.9 -32 8.44115
    endloop
  endfacet
  facet normal 0 -1 0
    outer loop
      vertex 62 -32 5
      vertex 50 -32 8.2
      vertex 38 -32 5
    endloop
  endfacet
  facet normal 0 -1 0
    outer loop
      vertex 51.8 -32 10
      vertex 62 -32 5
      vertex 62 -32 15
    endloop
  endfacet
  facet normal 0 -1 0
    outer loop
      vertex 50.4659 -32 8.26133
      vertex 62 -32 5
      vertex 50.9 -32 8.44115
    endloop
  endfacet
  facet normal 0 -1 0
    outer loop
      vertex 50 -32 8.2
      vertex 62 -32 5
      vertex 50.4659 -32 8.26133
    endloop
  endfacet
endsolid OpenSCAD_Model
