solid OpenSCAD_Model
  facet normal -0.0981253 0.995174 0
    outer loop
      vertex 21.626 26.4107 0
      vertex 21.3329 26.3818 39.2
      vertex 21.626 26.4107 39.2
    endloop
  endfacet
  facet normal -0.0981253 0.995174 0
    outer loop
      vertex 21.3329 26.3818 39.2
      vertex 21.626 26.4107 0
      vertex 21.3329 26.3818 0
    endloop
  endfacet
  facet normal 0.773125 0.634254 0
    outer loop
      vertex 25.4904 24.6597 39.2
      vertex 25.3036 24.8874 0
      vertex 25.3036 24.8874 39.2
    endloop
  endfacet
  facet normal 0.773125 0.634254 0
    outer loop
      vertex 25.3036 24.8874 0
      vertex 25.4904 24.6597 39.2
      vertex 25.4904 24.6597 0
    endloop
  endfacet
  facet normal 0.290337 0.956924 -0
    outer loop
      vertex 23.3668 26.1815 0
      vertex 23.085 26.267 39.2
      vertex 23.3668 26.1815 39.2
    endloop
  endfacet
  facet normal 0.290337 0.956924 0
    outer loop
      vertex 23.085 26.267 39.2
      vertex 23.3668 26.1815 0
      vertex 23.085 26.267 0
    endloop
  endfacet
  facet normal -0.412933 0.910761 0
    outer loop
      vertex 20.1982 26.0778 0
      vertex 19.93 25.9562 39.2
      vertex 20.1982 26.0778 39.2
    endloop
  endfacet
  facet normal -0.412933 0.910761 0
    outer loop
      vertex 19.93 25.9562 39.2
      vertex 20.1982 26.0778 0
      vertex 19.93 25.9562 0
    endloop
  endfacet
  facet normal 0.910761 0.412933 0
    outer loop
      vertex 26.0778 23.6424 39.2
      vertex 25.9562 23.9106 0
      vertex 25.9562 23.9106 39.2
    endloop
  endfacet
  facet normal 0.910761 0.412933 0
    outer loop
      vertex 25.9562 23.9106 0
      vertex 26.0778 23.6424 39.2
      vertex 26.0778 23.6424 0
    endloop
  endfacet
  facet normal 0.528014 0.849236 -0
    outer loop
      vertex 24.4204 25.6619 0
      vertex 24.1703 25.8174 39.2
      vertex 24.4204 25.6619 39.2
    endloop
  endfacet
  facet normal 0.528014 0.849236 0
    outer loop
      vertex 24.1703 25.8174 39.2
      vertex 24.4204 25.6619 0
      vertex 24.1703 25.8174 0
    endloop
  endfacet
  facet normal 0.471364 0.881939 -0
    outer loop
      vertex 24.1703 25.8174 0
      vertex 23.9106 25.9562 39.2
      vertex 24.1703 25.8174 39.2
    endloop
  endfacet
  facet normal 0.471364 0.881939 0
    outer loop
      vertex 23.9106 25.9562 39.2
      vertex 24.1703 25.8174 0
      vertex 23.9106 25.9562 0
    endloop
  endfacet
  facet normal 0.0981253 0.995174 -0
    outer loop
      vertex 22.5077 26.3818 0
      vertex 22.2146 26.4107 39.2
      vertex 22.5077 26.3818 39.2
    endloop
  endfacet
  facet normal 0.0981253 0.995174 0
    outer loop
      vertex 22.2146 26.4107 39.2
      vertex 22.5077 26.3818 0
      vertex 22.2146 26.4107 0
    endloop
  endfacet
  facet normal 0.163022 0.986622 -0
    outer loop
      vertex 22.7982 26.3338 0
      vertex 22.5077 26.3818 39.2
      vertex 22.7982 26.3338 39.2
    endloop
  endfacet
  facet normal 0.163022 0.986622 0
    outer loop
      vertex 22.5077 26.3818 39.2
      vertex 22.7982 26.3338 0
      vertex 22.5077 26.3818 0
    endloop
  endfacet
  facet normal -0.226843 0.973931 0
    outer loop
      vertex 21.0424 26.3338 0
      vertex 20.7556 26.267 39.2
      vertex 21.0424 26.3338 39.2
    endloop
  endfacet
  facet normal -0.226843 0.973931 0
    outer loop
      vertex 20.7556 26.267 39.2
      vertex 21.0424 26.3338 0
      vertex 20.7556 26.267 0
    endloop
  endfacet
  facet normal -0.290337 0.956924 0
    outer loop
      vertex 20.7556 26.267 0
      vertex 20.4738 26.1815 39.2
      vertex 20.7556 26.267 39.2
    endloop
  endfacet
  facet normal -0.290337 0.956924 0
    outer loop
      vertex 20.4738 26.1815 39.2
      vertex 20.7556 26.267 0
      vertex 20.4738 26.1815 0
    endloop
  endfacet
  facet normal -0.58238 0.812916 0
    outer loop
      vertex 19.4202 25.6619 0
      vertex 19.2587 25.5462 39.2
      vertex 19.4202 25.6619 39.2
    endloop
  endfacet
  facet normal -0.58238 0.812916 0
    outer loop
      vertex 19.2587 25.5462 39.2
      vertex 19.4202 25.6619 0
      vertex 19.2587 25.5462 0
    endloop
  endfacet
  facet normal 0 0 1
    outer loop
      vertex 23.7203 21.9203 39.2
      vertex 26.4203 21.9203 39.2
      vertex 26.4107 22.2146 39.2
    endloop
  endfacet
  facet normal 0 0 1
    outer loop
      vertex 23.7165 22.038 39.2
      vertex 26.4107 22.2146 39.2
      vertex 26.3818 22.5077 39.2
    endloop
  endfacet
  facet normal 0 0 1
    outer loop
      vertex 26.4203 21.9203 39.2
      vertex 23.7203 21.9203 39.2
      vertex 26.4107 21.626 39.2
    endloop
  endfacet
  facet normal 0 0 1
    outer loop
      vertex 23.7049 22.1553 39.2
      vertex 26.3818 22.5077 39.2
      vertex 26.3338 22.7982 39.2
    endloop
  endfacet
  facet normal -0 0 1
    outer loop
      vertex 23.7165 21.8026 39.2
      vertex 26.4107 21.626 39.2
      vertex 23.7203 21.9203 39.2
    endloop
  endfacet
  facet normal 0 0 1
    outer loop
      vertex 23.6857 22.2715 39.2
      vertex 26.3338 22.7982 39.2
      vertex 26.267 23.085 39.2
    endloop
  endfacet
  facet normal 0 0 1
    outer loop
      vertex 26.4107 21.626 39.2
      vertex 23.7165 21.8026 39.2
      vertex 26.3818 21.3329 39.2
    endloop
  endfacet
  facet normal 0 0 1
    outer loop
      vertex 23.659 22.3862 39.2
      vertex 26.267 23.085 39.2
      vertex 26.1815 23.3668 39.2
    endloop
  endfacet
  facet normal -0 0 1
    outer loop
      vertex 23.7049 21.6854 39.2
      vertex 26.3818 21.3329 39.2
      vertex 23.7165 21.8026 39.2
    endloop
  endfacet
  facet normal 0 0 1
    outer loop
      vertex 23.6248 22.4989 39.2
      vertex 26.1815 23.3668 39.2
      vertex 26.0778 23.6424 39.2
    endloop
  endfacet
  facet normal 0 0 1
    outer loop
      vertex 26.3818 21.3329 39.2
      vertex 23.7049 21.6854 39.2
      vertex 26.3338 21.0424 39.2
    endloop
  endfacet
  facet normal 0 0 1
    outer loop
      vertex 23.5833 22.6091 39.2
      vertex 26.0778 23.6424 39.2
      vertex 25.9562 23.9106 39.2
    endloop
  endfacet
  facet normal -0 0 1
    outer loop
      vertex 23.6857 21.5691 39.2
      vertex 26.3338 21.0424 39.2
      vertex 23.7049 21.6854 39.2
    endloop
  endfacet
  facet normal 0 0 1
    outer loop
      vertex 23.5347 22.7164 39.2
      vertex 25.9562 23.9106 39.2
      vertex 25.8174 24.1703 39.2
    endloop
  endfacet
  facet normal 0 0 1
    outer loop
      vertex 26.3338 21.0424 39.2
      vertex 23.6857 21.5691 39.2
      vertex 26.267 20.7556 39.2
    endloop
  endfacet
  facet normal 0 0 1
    outer loop
      vertex 23.4792 22.8203 39.2
      vertex 25.8174 24.1703 39.2
      vertex 25.6619 24.4204 39.2
    endloop
  endfacet
  facet normal -0 0 1
    outer loop
      vertex 23.659 21.4544 39.2
      vertex 26.267 20.7556 39.2
      vertex 23.6857 21.5691 39.2
    endloop
  endfacet
  facet normal 0 0 1
    outer loop
      vertex 26.267 20.7556 39.2
      vertex 23.659 21.4544 39.2
      vertex 26.1815 20.4738 39.2
    endloop
  endfacet
  facet normal 0 0 1
    outer loop
      vertex 23.417 22.9203 39.2
      vertex 25.6619 24.4204 39.2
      vertex 25.4904 24.6597 39.2
    endloop
  endfacet
  facet normal 0 0 1
    outer loop
      vertex 29 0 39.2
      vertex 32 0 39.2
      vertex 31.9315 2.0929 39.2
    endloop
  endfacet
  facet normal 0 0 1
    outer loop
      vertex 28.9379 1.89669 39.2
      vertex 31.9315 2.0929 39.2
      vertex 31.7262 4.17684 39.2
    endloop
  endfacet
  facet normal 0 0 1
    outer loop
      vertex 32 0 39.2
      vertex 29 0 39.2
      vertex 31.9315 -2.0929 39.2
    endloop
  endfacet
  facet normal 0 0 1
    outer loop
      vertex 28.7519 3.78526 39.2
      vertex 31.7262 4.17684 39.2
      vertex 31.3851 6.24289 39.2
    endloop
  endfacet
  facet normal -0 0 1
    outer loop
      vertex 28.9379 -1.89669 39.2
      vertex 31.9315 -2.0929 39.2
      vertex 29 0 39.2
    endloop
  endfacet
  facet normal 0 0 1
    outer loop
      vertex 28.4428 5.65762 39.2
      vertex 31.3851 6.24289 39.2
      vertex 30.9096 8.28221 39.2
    endloop
  endfacet
  facet normal 0 0 1
    outer loop
      vertex 31.9315 -2.0929 39.2
      vertex 28.9379 -1.89669 39.2
      vertex 31.7262 -4.17684 39.2
    endloop
  endfacet
  facet normal 0 0 1
    outer loop
      vertex 28.0118 7.50575 39.2
      vertex 30.9096 8.28221 39.2
      vertex 30.3018 10.2861 39.2
    endloop
  endfacet
  facet normal -0 0 1
    outer loop
      vertex 28.7519 -3.78526 39.2
      vertex 31.7262 -4.17684 39.2
      vertex 28.9379 -1.89669 39.2
    endloop
  endfacet
  facet normal 0 0 1
    outer loop
      vertex 27.461 9.32174 39.2
      vertex 30.3018 10.2861 39.2
      vertex 29.5641 12.2459 39.2
    endloop
  endfacet
  facet normal 0 0 1
    outer loop
      vertex 31.7262 -4.17684 39.2
      vertex 28.7519 -3.78526 39.2
      vertex 31.3851 -6.24289 39.2
    endloop
  endfacet
  facet normal -0 0 1
    outer loop
      vertex 28.4428 -5.65762 39.2
      vertex 31.3851 -6.24289 39.2
      vertex 28.7519 -3.78526 39.2
    endloop
  endfacet
  facet normal 0 0 1
    outer loop
      vertex 31.9315 2.0929 39.2
      vertex 28.9379 1.89669 39.2
      vertex 29 0 39.2
    endloop
  endfacet
  facet normal 0 0 1
    outer loop
      vertex 31.7262 4.17684 39.2
      vertex 28.7519 3.78526 39.2
      vertex 28.9379 1.89669 39.2
    endloop
  endfacet
  facet normal 0 0 1
    outer loop
      vertex 26.7925 11.0978 39.2
      vertex 29.5641 12.2459 39.2
      vertex 28.6999 14.1532 39.2
    endloop
  endfacet
  facet normal 0 0 1
    outer loop
      vertex 31.3851 6.24289 39.2
      vertex 28.4428 5.65762 39.2
      vertex 28.7519 3.78526 39.2
    endloop
  endfacet
  facet normal 0 0 1
    outer loop
      vertex 30.9096 8.28221 39.2
      vertex 28.0118 7.50575 39.2
      vertex 28.4428 5.65762 39.2
    endloop
  endfacet
  facet normal 0 0 1
    outer loop
      vertex 26.0093 12.8264 39.2
      vertex 28.6999 14.1532 39.2
      vertex 27.7128 16 39.2
    endloop
  endfacet
  facet normal 0 0 1
    outer loop
      vertex 30.3018 10.2861 39.2
      vertex 27.461 9.32174 39.2
      vertex 28.0118 7.50575 39.2
    endloop
  endfacet
  facet normal 0 0 1
    outer loop
      vertex 29.5641 12.2459 39.2
      vertex 26.7925 11.0978 39.2
      vertex 27.461 9.32174 39.2
    endloop
  endfacet
  facet normal 0 0 1
    outer loop
      vertex 25.1147 14.5 39.2
      vertex 27.7128 16 39.2
      vertex 26.607 17.7782 39.2
    endloop
  endfacet
  facet normal 0 0 1
    outer loop
      vertex 28.6999 14.1532 39.2
      vertex 26.0093 12.8264 39.2
      vertex 26.7925 11.0978 39.2
    endloop
  endfacet
  facet normal 0 0 1
    outer loop
      vertex 24.1126 16.1115 39.2
      vertex 26.607 17.7782 39.2
      vertex 25.5462 19.2587 39.2
    endloop
  endfacet
  facet normal 0 0 1
    outer loop
      vertex 23.3483 23.0161 39.2
      vertex 25.4904 24.6597 39.2
      vertex 25.3036 24.8874 39.2
    endloop
  endfacet
  facet normal 0 0 1
    outer loop
      vertex 27.7128 16 39.2
      vertex 25.1147 14.5 39.2
      vertex 26.0093 12.8264 39.2
    endloop
  endfacet
  facet normal 0 0 1
    outer loop
      vertex 26.4107 22.2146 39.2
      vertex 23.7165 22.038 39.2
      vertex 23.7203 21.9203 39.2
    endloop
  endfacet
  facet normal 0 0 1
    outer loop
      vertex 23.2736 23.1071 39.2
      vertex 25.3036 24.8874 39.2
      vertex 25.1023 25.1023 39.2
    endloop
  endfacet
  facet normal 0 0 1
    outer loop
      vertex 23.1931 23.1931 39.2
      vertex 25.1023 25.1023 39.2
      vertex 24.8874 25.3036 39.2
    endloop
  endfacet
  facet normal 0 0 1
    outer loop
      vertex 23.1071 23.2736 39.2
      vertex 24.8874 25.3036 39.2
      vertex 24.6597 25.4904 39.2
    endloop
  endfacet
  facet normal 0 0 1
    outer loop
      vertex 23.0161 23.3483 39.2
      vertex 24.6597 25.4904 39.2
      vertex 24.4204 25.6619 39.2
    endloop
  endfacet
  facet normal 0 0 1
    outer loop
      vertex 22.9203 23.417 39.2
      vertex 24.4204 25.6619 39.2
      vertex 24.1703 25.8174 39.2
    endloop
  endfacet
  facet normal 0 0 1
    outer loop
      vertex 26.1815 20.4738 39.2
      vertex 23.6248 21.3417 39.2
      vertex 26.0778 20.1982 39.2
    endloop
  endfacet
  facet normal 0 0 1
    outer loop
      vertex 22.8203 23.4792 39.2
      vertex 24.1703 25.8174 39.2
      vertex 23.9106 25.9562 39.2
    endloop
  endfacet
  facet normal -0 0 1
    outer loop
      vertex 23.5833 21.2315 39.2
      vertex 26.0778 20.1982 39.2
      vertex 23.6248 21.3417 39.2
    endloop
  endfacet
  facet normal 0 0 1
    outer loop
      vertex 26.0778 20.1982 39.2
      vertex 23.5833 21.2315 39.2
      vertex 25.9562 19.93 39.2
    endloop
  endfacet
  facet normal -0 0 1
    outer loop
      vertex 23.5347 21.1242 39.2
      vertex 25.9562 19.93 39.2
      vertex 23.5833 21.2315 39.2
    endloop
  endfacet
  facet normal 0 0 1
    outer loop
      vertex 25.9562 19.93 39.2
      vertex 23.5347 21.1242 39.2
      vertex 25.8174 19.6703 39.2
    endloop
  endfacet
  facet normal 0 0 1
    outer loop
      vertex 26.607 17.7782 39.2
      vertex 24.1126 16.1115 39.2
      vertex 25.1147 14.5 39.2
    endloop
  endfacet
  facet normal -0 0 1
    outer loop
      vertex 23.4792 21.0203 39.2
      vertex 25.8174 19.6703 39.2
      vertex 23.5347 21.1242 39.2
    endloop
  endfacet
  facet normal 0 0 1
    outer loop
      vertex 25.8174 19.6703 39.2
      vertex 23.4792 21.0203 39.2
      vertex 25.6619 19.4202 39.2
    endloop
  endfacet
  facet normal -0 0 1
    outer loop
      vertex 23.417 20.9203 39.2
      vertex 25.6619 19.4202 39.2
      vertex 23.4792 21.0203 39.2
    endloop
  endfacet
  facet normal 0 0 1
    outer loop
      vertex 25.6619 19.4202 39.2
      vertex 23.417 20.9203 39.2
      vertex 25.5462 19.2587 39.2
    endloop
  endfacet
  facet normal -0 0 1
    outer loop
      vertex 23.3483 20.8245 39.2
      vertex 25.5462 19.2587 39.2
      vertex 23.417 20.9203 39.2
    endloop
  endfacet
  facet normal -0 0 1
    outer loop
      vertex 23.2736 20.7335 39.2
      vertex 25.5462 19.2587 39.2
      vertex 23.3483 20.8245 39.2
    endloop
  endfacet
  facet normal -0 0 1
    outer loop
      vertex 23.1931 20.6475 39.2
      vertex 25.5462 19.2587 39.2
      vertex 23.2736 20.7335 39.2
    endloop
  endfacet
  facet normal -0 0 1
    outer loop
      vertex 23.1071 20.567 39.2
      vertex 25.5462 19.2587 39.2
      vertex 23.1931 20.6475 39.2
    endloop
  endfacet
  facet normal -0 0 1
    outer loop
      vertex 23.0161 20.4923 39.2
      vertex 25.5462 19.2587 39.2
      vertex 23.1071 20.567 39.2
    endloop
  endfacet
  facet normal -0 0 1
    outer loop
      vertex 22.9203 20.4237 39.2
      vertex 25.5462 19.2587 39.2
      vertex 23.0161 20.4923 39.2
    endloop
  endfacet
  facet normal 0 0 1
    outer loop
      vertex 25.5462 19.2587 39.2
      vertex 23.0072 17.6541 39.2
      vertex 24.1126 16.1115 39.2
    endloop
  endfacet
  facet normal 0 0 1
    outer loop
      vertex 25.5462 19.2587 39.2
      vertex 22.9203 20.4237 39.2
      vertex 23.0072 17.6541 39.2
    endloop
  endfacet
  facet normal -0 0 1
    outer loop
      vertex 22.8203 20.3615 39.2
      vertex 23.0072 17.6541 39.2
      vertex 22.9203 20.4237 39.2
    endloop
  endfacet
  facet normal -0 0 1
    outer loop
      vertex 22.7164 20.3059 39.2
      vertex 23.0072 17.6541 39.2
      vertex 22.8203 20.3615 39.2
    endloop
  endfacet
  facet normal -0 0 1
    outer loop
      vertex 22.6091 20.2573 39.2
      vertex 23.0072 17.6541 39.2
      vertex 22.7164 20.3059 39.2
    endloop
  endfacet
  facet normal 0 0 1
    outer loop
      vertex 21.8034 19.121 39.2
      vertex 22.6091 20.2573 39.2
      vertex 22.4989 20.2158 39.2
    endloop
  endfacet
  facet normal 0 0 1
    outer loop
      vertex 21.8034 19.121 39.2
      vertex 22.4989 20.2158 39.2
      vertex 22.3862 20.1816 39.2
    endloop
  endfacet
  facet normal 0 0 1
    outer loop
      vertex 21.8034 19.121 39.2
      vertex 22.3862 20.1816 39.2
      vertex 22.2715 20.1549 39.2
    endloop
  endfacet
  facet normal 0 0 1
    outer loop
      vertex 21.8034 19.121 39.2
      vertex 22.2715 20.1549 39.2
      vertex 22.1553 20.1357 39.2
    endloop
  endfacet
  facet normal 0 0 1
    outer loop
      vertex 21.8034 19.121 39.2
      vertex 22.1553 20.1357 39.2
      vertex 22.038 20.1242 39.2
    endloop
  endfacet
  facet normal 0 0 1
    outer loop
      vertex 21.8034 19.121 39.2
      vertex 22.038 20.1242 39.2
      vertex 21.9203 20.1203 39.2
    endloop
  endfacet
  facet normal 0 0 1
    outer loop
      vertex 22.6091 20.2573 39.2
      vertex 21.8034 19.121 39.2
      vertex 23.0072 17.6541 39.2
    endloop
  endfacet
  facet normal 0 0 1
    outer loop
      vertex 21.8026 20.1242 39.2
      vertex 21.8034 19.121 39.2
      vertex 21.9203 20.1203 39.2
    endloop
  endfacet
  facet normal 0 0 1
    outer loop
      vertex 21.6854 20.1357 39.2
      vertex 21.8034 19.121 39.2
      vertex 21.8026 20.1242 39.2
    endloop
  endfacet
  facet normal 0 0 1
    outer loop
      vertex 21.5691 20.1549 39.2
      vertex 21.8034 19.121 39.2
      vertex 21.6854 20.1357 39.2
    endloop
  endfacet
  facet normal 0 0 1
    outer loop
      vertex 21.4544 20.1816 39.2
      vertex 21.8034 19.121 39.2
      vertex 21.5691 20.1549 39.2
    endloop
  endfacet
  facet normal 0 0 1
    outer loop
      vertex 21.3417 20.2158 39.2
      vertex 21.8034 19.121 39.2
      vertex 21.4544 20.1816 39.2
    endloop
  endfacet
  facet normal 0 0 1
    outer loop
      vertex 21.2315 20.2573 39.2
      vertex 21.8034 19.121 39.2
      vertex 21.3417 20.2158 39.2
    endloop
  endfacet
  facet normal 0 0 1
    outer loop
      vertex 21.1242 20.3059 39.2
      vertex 21.8034 19.121 39.2
      vertex 21.2315 20.2573 39.2
    endloop
  endfacet
  facet normal 0 0 1
    outer loop
      vertex 21.0203 20.3615 39.2
      vertex 21.8034 19.121 39.2
      vertex 21.1242 20.3059 39.2
    endloop
  endfacet
  facet normal 0 0 1
    outer loop
      vertex 20.5061 20.5061 39.2
      vertex 21.0203 20.3615 39.2
      vertex 20.9203 20.4237 39.2
    endloop
  endfacet
  facet normal 0 0 1
    outer loop
      vertex 20.5061 20.5061 39.2
      vertex 20.9203 20.4237 39.2
      vertex 20.8245 20.4923 39.2
    endloop
  endfacet
  facet normal -0 0 1
    outer loop
      vertex 20.5061 20.5061 39.2
      vertex 20.8245 20.4923 39.2
      vertex 20.7335 20.567 39.2
    endloop
  endfacet
  facet normal 0 0 1
    outer loop
      vertex 20.5061 20.5061 39.2
      vertex 20.7335 20.567 39.2
      vertex 20.6475 20.6475 39.2
    endloop
  endfacet
  facet normal 0 0 1
    outer loop
      vertex 20.5061 20.5061 39.2
      vertex 20.6475 20.6475 39.2
      vertex 20.567 20.7335 39.2
    endloop
  endfacet
  facet normal 0 0 1
    outer loop
      vertex 21.0203 20.3615 39.2
      vertex 20.5061 20.5061 39.2
      vertex 21.8034 19.121 39.2
    endloop
  endfacet
  facet normal 0 0 1
    outer loop
      vertex 20.4923 20.8245 39.2
      vertex 20.5061 20.5061 39.2
      vertex 20.567 20.7335 39.2
    endloop
  endfacet
  facet normal 0 0 1
    outer loop
      vertex 20.4237 20.9203 39.2
      vertex 20.5061 20.5061 39.2
      vertex 20.4923 20.8245 39.2
    endloop
  endfacet
  facet normal 0 0 1
    outer loop
      vertex 20.3615 21.0203 39.2
      vertex 20.5061 20.5061 39.2
      vertex 20.4237 20.9203 39.2
    endloop
  endfacet
  facet normal 0 0 1
    outer loop
      vertex 19.121 21.8034 39.2
      vertex 20.3615 21.0203 39.2
      vertex 20.3059 21.1242 39.2
    endloop
  endfacet
  facet normal 0 0 1
    outer loop
      vertex 19.121 21.8034 39.2
      vertex 20.3059 21.1242 39.2
      vertex 20.2573 21.2315 39.2
    endloop
  endfacet
  facet normal 0 0 1
    outer loop
      vertex 19.121 21.8034 39.2
      vertex 20.2573 21.2315 39.2
      vertex 20.2158 21.3417 39.2
    endloop
  endfacet
  facet normal 0 0 1
    outer loop
      vertex 20.2158 22.4989 39.2
      vertex 19.121 21.8034 39.2
      vertex 20.1816 22.3862 39.2
    endloop
  endfacet
  facet normal 0 0 1
    outer loop
      vertex 20.1816 22.3862 39.2
      vertex 19.121 21.8034 39.2
      vertex 20.1549 22.2715 39.2
    endloop
  endfacet
  facet normal 0 0 1
    outer loop
      vertex 20.1549 22.2715 39.2
      vertex 19.121 21.8034 39.2
      vertex 20.1357 22.1553 39.2
    endloop
  endfacet
  facet normal 0 0 1
    outer loop
      vertex 20.1242 22.038 39.2
      vertex 19.121 21.8034 39.2
      vertex 20.1203 21.9203 39.2
    endloop
  endfacet
  facet normal 0 0 1
    outer loop
      vertex 20.1203 21.9203 39.2
      vertex 19.121 21.8034 39.2
      vertex 20.1242 21.8026 39.2
    endloop
  endfacet
  facet normal 0 0 1
    outer loop
      vertex 20.1242 21.8026 39.2
      vertex 19.121 21.8034 39.2
      vertex 20.1357 21.6854 39.2
    endloop
  endfacet
  facet normal 0 0 1
    outer loop
      vertex 20.3615 21.0203 39.2
      vertex 19.121 21.8034 39.2
      vertex 20.5061 20.5061 39.2
    endloop
  endfacet
  facet normal 0 0 1
    outer loop
      vertex 20.1816 21.4544 39.2
      vertex 19.121 21.8034 39.2
      vertex 20.2158 21.3417 39.2
    endloop
  endfacet
  facet normal 0 0 1
    outer loop
      vertex 20.1549 21.5691 39.2
      vertex 19.121 21.8034 39.2
      vertex 20.1816 21.4544 39.2
    endloop
  endfacet
  facet normal 0 0 1
    outer loop
      vertex 20.1357 21.6854 39.2
      vertex 19.121 21.8034 39.2
      vertex 20.1549 21.5691 39.2
    endloop
  endfacet
  facet normal 0 0 1
    outer loop
      vertex 16.1115 24.1126 39.2
      vertex 19.2587 25.5462 39.2
      vertex 17.7782 26.607 39.2
    endloop
  endfacet
  facet normal 0 0 1
    outer loop
      vertex 20.1357 22.1553 39.2
      vertex 19.121 21.8034 39.2
      vertex 20.1242 22.038 39.2
    endloop
  endfacet
  facet normal 0 0 1
    outer loop
      vertex 19.2587 25.5462 39.2
      vertex 16.1115 24.1126 39.2
      vertex 17.6541 23.0072 39.2
    endloop
  endfacet
  facet normal 0 0 1
    outer loop
      vertex 16 27.7128 39.2
      vertex 16.1115 24.1126 39.2
      vertex 17.7782 26.607 39.2
    endloop
  endfacet
  facet normal 0 0 1
    outer loop
      vertex 16 27.7128 39.2
      vertex 14.5 25.1147 39.2
      vertex 16.1115 24.1126 39.2
    endloop
  endfacet
  facet normal 0 0 1
    outer loop
      vertex 14.1532 28.6999 39.2
      vertex 14.5 25.1147 39.2
      vertex 16 27.7128 39.2
    endloop
  endfacet
  facet normal 0 0 1
    outer loop
      vertex 14.1532 28.6999 39.2
      vertex 12.8264 26.0093 39.2
      vertex 14.5 25.1147 39.2
    endloop
  endfacet
  facet normal 0 0 1
    outer loop
      vertex 12.2459 29.5641 39.2
      vertex 12.8264 26.0093 39.2
      vertex 14.1532 28.6999 39.2
    endloop
  endfacet
  facet normal 0 0 1
    outer loop
      vertex 12.2459 29.5641 39.2
      vertex 11.0978 26.7925 39.2
      vertex 12.8264 26.0093 39.2
    endloop
  endfacet
  facet normal 0 0 1
    outer loop
      vertex 10.2861 30.3018 39.2
      vertex 11.0978 26.7925 39.2
      vertex 12.2459 29.5641 39.2
    endloop
  endfacet
  facet normal 0 0 1
    outer loop
      vertex 10.2861 30.3018 39.2
      vertex 9.32174 27.461 39.2
      vertex 11.0978 26.7925 39.2
    endloop
  endfacet
  facet normal 0 0 1
    outer loop
      vertex 8.28221 30.9096 39.2
      vertex 9.32174 27.461 39.2
      vertex 10.2861 30.3018 39.2
    endloop
  endfacet
  facet normal 0 0 1
    outer loop
      vertex 8.28221 30.9096 39.2
      vertex 7.50575 28.0118 39.2
      vertex 9.32174 27.461 39.2
    endloop
  endfacet
  facet normal 0 0 1
    outer loop
      vertex 6.24289 31.3851 39.2
      vertex 7.50575 28.0118 39.2
      vertex 8.28221 30.9096 39.2
    endloop
  endfacet
  facet normal 0 0 1
    outer loop
      vertex 6.24289 31.3851 39.2
      vertex 5.65762 28.4428 39.2
      vertex 7.50575 28.0118 39.2
    endloop
  endfacet
  facet normal 0 0 1
    outer loop
      vertex 4.17684 31.7262 39.2
      vertex 5.65762 28.4428 39.2
      vertex 6.24289 31.3851 39.2
    endloop
  endfacet
  facet normal 0 0 1
    outer loop
      vertex 4.17684 31.7262 39.2
      vertex 3.78526 28.7519 39.2
      vertex 5.65762 28.4428 39.2
    endloop
  endfacet
  facet normal 0 0 1
    outer loop
      vertex 2.0929 31.9315 39.2
      vertex 3.78526 28.7519 39.2
      vertex 4.17684 31.7262 39.2
    endloop
  endfacet
  facet normal 0 0 1
    outer loop
      vertex 2.0929 31.9315 39.2
      vertex 1.89669 28.9379 39.2
      vertex 3.78526 28.7519 39.2
    endloop
  endfacet
  facet normal 0 0 1
    outer loop
      vertex 0 32 39.2
      vertex 1.89669 28.9379 39.2
      vertex 2.0929 31.9315 39.2
    endloop
  endfacet
  facet normal 0 0 1
    outer loop
      vertex 0 32 39.2
      vertex 0 29 39.2
      vertex 1.89669 28.9379 39.2
    endloop
  endfacet
  facet normal 0 0 1
    outer loop
      vertex 0 32 39.2
      vertex -1.89669 28.9379 39.2
      vertex 0 29 39.2
    endloop
  endfacet
  facet normal -0 0 1
    outer loop
      vertex -2.0929 31.9315 39.2
      vertex -1.89669 28.9379 39.2
      vertex 0 32 39.2
    endloop
  endfacet
  facet normal 0 0 1
    outer loop
      vertex -2.0929 31.9315 39.2
      vertex -3.78526 28.7519 39.2
      vertex -1.89669 28.9379 39.2
    endloop
  endfacet
  facet normal -0 0 1
    outer loop
      vertex -4.17684 31.7262 39.2
      vertex -3.78526 28.7519 39.2
      vertex -2.0929 31.9315 39.2
    endloop
  endfacet
  facet normal 0 0 1
    outer loop
      vertex -4.17684 31.7262 39.2
      vertex -5.65762 28.4428 39.2
      vertex -3.78526 28.7519 39.2
    endloop
  endfacet
  facet normal -0 0 1
    outer loop
      vertex -6.24289 31.3851 39.2
      vertex -5.65762 28.4428 39.2
      vertex -4.17684 31.7262 39.2
    endloop
  endfacet
  facet normal 0 0 1
    outer loop
      vertex -6.24289 31.3851 39.2
      vertex -7.50575 28.0118 39.2
      vertex -5.65762 28.4428 39.2
    endloop
  endfacet
  facet normal -0 0 1
    outer loop
      vertex -8.28221 30.9096 39.2
      vertex -7.50575 28.0118 39.2
      vertex -6.24289 31.3851 39.2
    endloop
  endfacet
  facet normal 0 0 1
    outer loop
      vertex -8.28221 30.9096 39.2
      vertex -9.32174 27.461 39.2
      vertex -7.50575 28.0118 39.2
    endloop
  endfacet
  facet normal -0 0 1
    outer loop
      vertex -10.2861 30.3018 39.2
      vertex -9.32174 27.461 39.2
      vertex -8.28221 30.9096 39.2
    endloop
  endfacet
  facet normal 0 0 1
    outer loop
      vertex -10.2861 30.3018 39.2
      vertex -11.0978 26.7925 39.2
      vertex -9.32174 27.461 39.2
    endloop
  endfacet
  facet normal -0 0 1
    outer loop
      vertex -12.2459 29.5641 39.2
      vertex -11.0978 26.7925 39.2
      vertex -10.2861 30.3018 39.2
    endloop
  endfacet
  facet normal 0 0 1
    outer loop
      vertex -12.2459 29.5641 39.2
      vertex -12.8264 26.0093 39.2
      vertex -11.0978 26.7925 39.2
    endloop
  endfacet
  facet normal -0 0 1
    outer loop
      vertex -14.1532 28.6999 39.2
      vertex -12.8264 26.0093 39.2
      vertex -12.2459 29.5641 39.2
    endloop
  endfacet
  facet normal 0 0 1
    outer loop
      vertex -14.1532 28.6999 39.2
      vertex -14.5 25.1147 39.2
      vertex -12.8264 26.0093 39.2
    endloop
  endfacet
  facet normal -0 0 1
    outer loop
      vertex -16 27.7128 39.2
      vertex -14.5 25.1147 39.2
      vertex -14.1532 28.6999 39.2
    endloop
  endfacet
  facet normal 0 0 1
    outer loop
      vertex -16 27.7128 39.2
      vertex -16.1115 24.1126 39.2
      vertex -14.5 25.1147 39.2
    endloop
  endfacet
  facet normal -0 0 1
    outer loop
      vertex -17.7782 26.607 39.2
      vertex -16.1115 24.1126 39.2
      vertex -16 27.7128 39.2
    endloop
  endfacet
  facet normal -0 0 1
    outer loop
      vertex -19.2587 25.5462 39.2
      vertex -16.1115 24.1126 39.2
      vertex -17.7782 26.607 39.2
    endloop
  endfacet
  facet normal 0 0 1
    outer loop
      vertex -16.1115 24.1126 39.2
      vertex -19.2587 25.5462 39.2
      vertex -17.6541 23.0072 39.2
    endloop
  endfacet
  facet normal 0 0 1
    outer loop
      vertex -20.4237 22.9203 39.2
      vertex -17.6541 23.0072 39.2
      vertex -19.2587 25.5462 39.2
    endloop
  endfacet
  facet normal 0 0 1
    outer loop
      vertex -20.9203 23.417 39.2
      vertex -19.2587 25.5462 39.2
      vertex -19.4202 25.6619 39.2
    endloop
  endfacet
  facet normal 0 0 1
    outer loop
      vertex -20.9203 23.417 39.2
      vertex -19.4202 25.6619 39.2
      vertex -19.6703 25.8174 39.2
    endloop
  endfacet
  facet normal 0 0 1
    outer loop
      vertex -21.0203 23.4792 39.2
      vertex -19.6703 25.8174 39.2
      vertex -19.93 25.9562 39.2
    endloop
  endfacet
  facet normal 0 -0 1
    outer loop
      vertex -20.3059 22.7164 39.2
      vertex -17.6541 23.0072 39.2
      vertex -20.3615 22.8203 39.2
    endloop
  endfacet
  facet normal 0 0 1
    outer loop
      vertex -20.1242 21.8026 39.2
      vertex -19.121 21.8034 39.2
      vertex -20.1203 21.9203 39.2
    endloop
  endfacet
  facet normal 0 0 1
    outer loop
      vertex -20.1357 21.6854 39.2
      vertex -19.121 21.8034 39.2
      vertex -20.1242 21.8026 39.2
    endloop
  endfacet
  facet normal 0 0 1
    outer loop
      vertex -20.1549 21.5691 39.2
      vertex -19.121 21.8034 39.2
      vertex -20.1357 21.6854 39.2
    endloop
  endfacet
  facet normal 0 0 1
    outer loop
      vertex -20.1816 21.4544 39.2
      vertex -19.121 21.8034 39.2
      vertex -20.1549 21.5691 39.2
    endloop
  endfacet
  facet normal 0 0 1
    outer loop
      vertex -20.2158 21.3417 39.2
      vertex -19.121 21.8034 39.2
      vertex -20.1816 21.4544 39.2
    endloop
  endfacet
  facet normal 0 0 1
    outer loop
      vertex -20.2573 21.2315 39.2
      vertex -19.121 21.8034 39.2
      vertex -20.2158 21.3417 39.2
    endloop
  endfacet
  facet normal 0 0 1
    outer loop
      vertex -20.3059 21.1242 39.2
      vertex -19.121 21.8034 39.2
      vertex -20.2573 21.2315 39.2
    endloop
  endfacet
  facet normal 0 0 1
    outer loop
      vertex -20.3615 21.0203 39.2
      vertex -19.121 21.8034 39.2
      vertex -20.3059 21.1242 39.2
    endloop
  endfacet
  facet normal 0 0 1
    outer loop
      vertex -20.5061 20.5061 39.2
      vertex -20.3615 21.0203 39.2
      vertex -20.4237 20.9203 39.2
    endloop
  endfacet
  facet normal 0 0 1
    outer loop
      vertex -20.5061 20.5061 39.2
      vertex -20.4237 20.9203 39.2
      vertex -20.4923 20.8245 39.2
    endloop
  endfacet
  facet normal -0 0 1
    outer loop
      vertex -20.3615 21.0203 39.2
      vertex -20.5061 20.5061 39.2
      vertex -19.121 21.8034 39.2
    endloop
  endfacet
  facet normal -0 0 1
    outer loop
      vertex -20.567 20.7335 39.2
      vertex -20.5061 20.5061 39.2
      vertex -20.4923 20.8245 39.2
    endloop
  endfacet
  facet normal -0 0 1
    outer loop
      vertex -20.6475 20.6475 39.2
      vertex -20.5061 20.5061 39.2
      vertex -20.567 20.7335 39.2
    endloop
  endfacet
  facet normal -0 0 1
    outer loop
      vertex -20.7335 20.567 39.2
      vertex -20.5061 20.5061 39.2
      vertex -20.6475 20.6475 39.2
    endloop
  endfacet
  facet normal 0 0 1
    outer loop
      vertex -20.8245 20.4923 39.2
      vertex -20.5061 20.5061 39.2
      vertex -20.7335 20.567 39.2
    endloop
  endfacet
  facet normal 0 0 1
    outer loop
      vertex -20.9203 20.4237 39.2
      vertex -20.5061 20.5061 39.2
      vertex -20.8245 20.4923 39.2
    endloop
  endfacet
  facet normal 0 0 1
    outer loop
      vertex -21.0203 20.3615 39.2
      vertex -20.5061 20.5061 39.2
      vertex -20.9203 20.4237 39.2
    endloop
  endfacet
  facet normal 0 0 1
    outer loop
      vertex -21.8034 19.121 39.2
      vertex -21.0203 20.3615 39.2
      vertex -21.1242 20.3059 39.2
    endloop
  endfacet
  facet normal 0 0 1
    outer loop
      vertex -21.8034 19.121 39.2
      vertex -21.1242 20.3059 39.2
      vertex -21.2315 20.2573 39.2
    endloop
  endfacet
  facet normal 0 0 1
    outer loop
      vertex -21.8034 19.121 39.2
      vertex -21.2315 20.2573 39.2
      vertex -21.3417 20.2158 39.2
    endloop
  endfacet
  facet normal -0 0 1
    outer loop
      vertex -21.0203 20.3615 39.2
      vertex -21.8034 19.121 39.2
      vertex -20.5061 20.5061 39.2
    endloop
  endfacet
  facet normal -0 0 1
    outer loop
      vertex -21.4544 20.1816 39.2
      vertex -21.8034 19.121 39.2
      vertex -21.3417 20.2158 39.2
    endloop
  endfacet
  facet normal -0 0 1
    outer loop
      vertex -21.5691 20.1549 39.2
      vertex -21.8034 19.121 39.2
      vertex -21.4544 20.1816 39.2
    endloop
  endfacet
  facet normal -0 0 1
    outer loop
      vertex -21.6854 20.1357 39.2
      vertex -21.8034 19.121 39.2
      vertex -21.5691 20.1549 39.2
    endloop
  endfacet
  facet normal -0 0 1
    outer loop
      vertex -21.8026 20.1242 39.2
      vertex -21.8034 19.121 39.2
      vertex -21.6854 20.1357 39.2
    endloop
  endfacet
  facet normal -0 0 1
    outer loop
      vertex -21.9203 20.1203 39.2
      vertex -21.8034 19.121 39.2
      vertex -21.8026 20.1242 39.2
    endloop
  endfacet
  facet normal 0 0 1
    outer loop
      vertex -22.038 20.1242 39.2
      vertex -21.8034 19.121 39.2
      vertex -21.9203 20.1203 39.2
    endloop
  endfacet
  facet normal 0 0 1
    outer loop
      vertex -22.1553 20.1357 39.2
      vertex -21.8034 19.121 39.2
      vertex -22.038 20.1242 39.2
    endloop
  endfacet
  facet normal 0 0 1
    outer loop
      vertex -22.2715 20.1549 39.2
      vertex -21.8034 19.121 39.2
      vertex -22.1553 20.1357 39.2
    endloop
  endfacet
  facet normal 0 0 1
    outer loop
      vertex -22.3862 20.1816 39.2
      vertex -21.8034 19.121 39.2
      vertex -22.2715 20.1549 39.2
    endloop
  endfacet
  facet normal 0 0 1
    outer loop
      vertex -22.4989 20.2158 39.2
      vertex -21.8034 19.121 39.2
      vertex -22.3862 20.1816 39.2
    endloop
  endfacet
  facet normal 0 0 1
    outer loop
      vertex -22.6091 20.2573 39.2
      vertex -21.8034 19.121 39.2
      vertex -22.4989 20.2158 39.2
    endloop
  endfacet
  facet normal 0 0 1
    outer loop
      vertex -23.0072 17.6541 39.2
      vertex -22.6091 20.2573 39.2
      vertex -22.7164 20.3059 39.2
    endloop
  endfacet
  facet normal 0 0 1
    outer loop
      vertex -23.0072 17.6541 39.2
      vertex -22.7164 20.3059 39.2
      vertex -22.8203 20.3615 39.2
    endloop
  endfacet
  facet normal 0 0 1
    outer loop
      vertex -23.0072 17.6541 39.2
      vertex -22.8203 20.3615 39.2
      vertex -22.9203 20.4237 39.2
    endloop
  endfacet
  facet normal 0 0 1
    outer loop
      vertex -22.6091 20.2573 39.2
      vertex -23.0072 17.6541 39.2
      vertex -21.8034 19.121 39.2
    endloop
  endfacet
  facet normal 0 0 1
    outer loop
      vertex -25.5462 19.2587 39.2
      vertex -22.9203 20.4237 39.2
      vertex -23.0161 20.4923 39.2
    endloop
  endfacet
  facet normal 0 0 1
    outer loop
      vertex -25.5462 19.2587 39.2
      vertex -23.0161 20.4923 39.2
      vertex -23.1071 20.567 39.2
    endloop
  endfacet
  facet normal 0 0 1
    outer loop
      vertex -25.5462 19.2587 39.2
      vertex -23.1071 20.567 39.2
      vertex -23.1931 20.6475 39.2
    endloop
  endfacet
  facet normal 0 0 1
    outer loop
      vertex -25.5462 19.2587 39.2
      vertex -23.1931 20.6475 39.2
      vertex -23.2736 20.7335 39.2
    endloop
  endfacet
  facet normal 0 0 1
    outer loop
      vertex -25.5462 19.2587 39.2
      vertex -23.2736 20.7335 39.2
      vertex -23.3483 20.8245 39.2
    endloop
  endfacet
  facet normal 0 0 1
    outer loop
      vertex -25.5462 19.2587 39.2
      vertex -23.3483 20.8245 39.2
      vertex -23.417 20.9203 39.2
    endloop
  endfacet
  facet normal 0 0 1
    outer loop
      vertex -25.6619 19.4202 39.2
      vertex -23.417 20.9203 39.2
      vertex -23.4792 21.0203 39.2
    endloop
  endfacet
  facet normal 0 0 1
    outer loop
      vertex -25.8174 19.6703 39.2
      vertex -23.4792 21.0203 39.2
      vertex -23.5347 21.1242 39.2
    endloop
  endfacet
  facet normal 0 0 1
    outer loop
      vertex -25.9562 19.93 39.2
      vertex -23.5347 21.1242 39.2
      vertex -23.5833 21.2315 39.2
    endloop
  endfacet
  facet normal 0 0 1
    outer loop
      vertex -26.0778 20.1982 39.2
      vertex -23.5833 21.2315 39.2
      vertex -23.6248 21.3417 39.2
    endloop
  endfacet
  facet normal 0 0 1
    outer loop
      vertex -26.1815 20.4738 39.2
      vertex -23.6248 21.3417 39.2
      vertex -23.659 21.4544 39.2
    endloop
  endfacet
  facet normal 0 0 1
    outer loop
      vertex -26.267 20.7556 39.2
      vertex -23.659 21.4544 39.2
      vertex -23.6857 21.5691 39.2
    endloop
  endfacet
  facet normal -0 0 1
    outer loop
      vertex -25.8174 24.1703 39.2
      vertex -23.4792 22.8203 39.2
      vertex -25.6619 24.4204 39.2
    endloop
  endfacet
  facet normal 0 0 1
    outer loop
      vertex -22.9203 20.4237 39.2
      vertex -25.5462 19.2587 39.2
      vertex -23.0072 17.6541 39.2
    endloop
  endfacet
  facet normal 0 0 1
    outer loop
      vertex -26.3338 21.0424 39.2
      vertex -23.6857 21.5691 39.2
      vertex -23.7049 21.6854 39.2
    endloop
  endfacet
  facet normal 0 0 1
    outer loop
      vertex -26.3818 21.3329 39.2
      vertex -23.7049 21.6854 39.2
      vertex -23.7165 21.8026 39.2
    endloop
  endfacet
  facet normal 0 0 1
    outer loop
      vertex -23.4792 22.8203 39.2
      vertex -25.8174 24.1703 39.2
      vertex -23.5347 22.7164 39.2
    endloop
  endfacet
  facet normal -0 0 1
    outer loop
      vertex -25.9562 23.9106 39.2
      vertex -23.5347 22.7164 39.2
      vertex -25.8174 24.1703 39.2
    endloop
  endfacet
  facet normal 0 0 1
    outer loop
      vertex -23.5347 22.7164 39.2
      vertex -25.9562 23.9106 39.2
      vertex -23.5833 22.6091 39.2
    endloop
  endfacet
  facet normal -0 0 1
    outer loop
      vertex -26.0778 23.6424 39.2
      vertex -23.5833 22.6091 39.2
      vertex -25.9562 23.9106 39.2
    endloop
  endfacet
  facet normal 0 0 1
    outer loop
      vertex -23.5833 22.6091 39.2
      vertex -26.0778 23.6424 39.2
      vertex -23.6248 22.4989 39.2
    endloop
  endfacet
  facet normal -0 0 1
    outer loop
      vertex -26.1815 23.3668 39.2
      vertex -23.6248 22.4989 39.2
      vertex -26.0778 23.6424 39.2
    endloop
  endfacet
  facet normal 0 0 1
    outer loop
      vertex -23.0072 17.6541 39.2
      vertex -25.5462 19.2587 39.2
      vertex -24.1126 16.1115 39.2
    endloop
  endfacet
  facet normal 0 0 1
    outer loop
      vertex -23.6248 22.4989 39.2
      vertex -26.1815 23.3668 39.2
      vertex -23.659 22.3862 39.2
    endloop
  endfacet
  facet normal -0 0 1
    outer loop
      vertex -26.267 23.085 39.2
      vertex -23.659 22.3862 39.2
      vertex -26.1815 23.3668 39.2
    endloop
  endfacet
  facet normal -0 0 1
    outer loop
      vertex -26.607 17.7782 39.2
      vertex -24.1126 16.1115 39.2
      vertex -25.5462 19.2587 39.2
    endloop
  endfacet
  facet normal 0 0 1
    outer loop
      vertex -24.1126 16.1115 39.2
      vertex -26.607 17.7782 39.2
      vertex -25.1147 14.5 39.2
    endloop
  endfacet
  facet normal -0 0 1
    outer loop
      vertex -27.7128 16 39.2
      vertex -25.1147 14.5 39.2
      vertex -26.607 17.7782 39.2
    endloop
  endfacet
  facet normal 0 0 1
    outer loop
      vertex -25.1147 14.5 39.2
      vertex -27.7128 16 39.2
      vertex -26.0093 12.8264 39.2
    endloop
  endfacet
  facet normal -0 0 1
    outer loop
      vertex -28.6999 14.1532 39.2
      vertex -26.0093 12.8264 39.2
      vertex -27.7128 16 39.2
    endloop
  endfacet
  facet normal 0 0 1
    outer loop
      vertex -26.0093 12.8264 39.2
      vertex -28.6999 14.1532 39.2
      vertex -26.7925 11.0978 39.2
    endloop
  endfacet
  facet normal -0 0 1
    outer loop
      vertex -29.5641 12.2459 39.2
      vertex -26.7925 11.0978 39.2
      vertex -28.6999 14.1532 39.2
    endloop
  endfacet
  facet normal 0 0 1
    outer loop
      vertex -26.7925 11.0978 39.2
      vertex -29.5641 12.2459 39.2
      vertex -27.461 9.32174 39.2
    endloop
  endfacet
  facet normal -0 0 1
    outer loop
      vertex -30.3018 10.2861 39.2
      vertex -27.461 9.32174 39.2
      vertex -29.5641 12.2459 39.2
    endloop
  endfacet
  facet normal 0 0 1
    outer loop
      vertex -27.461 9.32174 39.2
      vertex -30.3018 10.2861 39.2
      vertex -28.0118 7.50575 39.2
    endloop
  endfacet
  facet normal -0 0 1
    outer loop
      vertex -30.9096 8.28221 39.2
      vertex -28.0118 7.50575 39.2
      vertex -30.3018 10.2861 39.2
    endloop
  endfacet
  facet normal 0 0 1
    outer loop
      vertex -28.0118 7.50575 39.2
      vertex -30.9096 8.28221 39.2
      vertex -28.4428 5.65762 39.2
    endloop
  endfacet
  facet normal -0 0 1
    outer loop
      vertex -31.3851 6.24289 39.2
      vertex -28.4428 5.65762 39.2
      vertex -30.9096 8.28221 39.2
    endloop
  endfacet
  facet normal 0 0 1
    outer loop
      vertex 31.3851 -6.24289 39.2
      vertex 28.4428 -5.65762 39.2
      vertex 30.9096 -8.28221 39.2
    endloop
  endfacet
  facet normal -0 0 1
    outer loop
      vertex 28.0118 -7.50575 39.2
      vertex 30.9096 -8.28221 39.2
      vertex 28.4428 -5.65762 39.2
    endloop
  endfacet
  facet normal 0 0 1
    outer loop
      vertex 30.9096 -8.28221 39.2
      vertex 28.0118 -7.50575 39.2
      vertex 30.3018 -10.2861 39.2
    endloop
  endfacet
  facet normal -0 0 1
    outer loop
      vertex 27.461 -9.32174 39.2
      vertex 30.3018 -10.2861 39.2
      vertex 28.0118 -7.50575 39.2
    endloop
  endfacet
  facet normal 0 0 1
    outer loop
      vertex 30.3018 -10.2861 39.2
      vertex 27.461 -9.32174 39.2
      vertex 29.5641 -12.2459 39.2
    endloop
  endfacet
  facet normal -0 0 1
    outer loop
      vertex 26.7925 -11.0978 39.2
      vertex 29.5641 -12.2459 39.2
      vertex 27.461 -9.32174 39.2
    endloop
  endfacet
  facet normal 0 0 1
    outer loop
      vertex 29.5641 -12.2459 39.2
      vertex 26.7925 -11.0978 39.2
      vertex 28.6999 -14.1532 39.2
    endloop
  endfacet
  facet normal -0 0 1
    outer loop
      vertex 26.0093 -12.8264 39.2
      vertex 28.6999 -14.1532 39.2
      vertex 26.7925 -11.0978 39.2
    endloop
  endfacet
  facet normal 0 0 1
    outer loop
      vertex 28.6999 -14.1532 39.2
      vertex 26.0093 -12.8264 39.2
      vertex 27.7128 -16 39.2
    endloop
  endfacet
  facet normal -0 0 1
    outer loop
      vertex 25.1147 -14.5 39.2
      vertex 27.7128 -16 39.2
      vertex 26.0093 -12.8264 39.2
    endloop
  endfacet
  facet normal 0 0 1
    outer loop
      vertex 27.7128 -16 39.2
      vertex 25.1147 -14.5 39.2
      vertex 26.607 -17.7782 39.2
    endloop
  endfacet
  facet normal -0 0 1
    outer loop
      vertex 23.6248 -22.4989 39.2
      vertex 26.1815 -23.3668 39.2
      vertex 23.659 -22.3862 39.2
    endloop
  endfacet
  facet normal -0 0 1
    outer loop
      vertex 24.1126 -16.1115 39.2
      vertex 26.607 -17.7782 39.2
      vertex 25.1147 -14.5 39.2
    endloop
  endfacet
  facet normal 0 0 1
    outer loop
      vertex 26.607 -17.7782 39.2
      vertex 24.1126 -16.1115 39.2
      vertex 25.5462 -19.2587 39.2
    endloop
  endfacet
  facet normal 0 -0 1
    outer loop
      vertex 23.7049 -21.6854 39.2
      vertex 25.5462 -19.2587 39.2
      vertex 23.6857 -21.5691 39.2
    endloop
  endfacet
  facet normal 0 -0 1
    outer loop
      vertex 23.7165 -21.8026 39.2
      vertex 25.5462 -19.2587 39.2
      vertex 23.7049 -21.6854 39.2
    endloop
  endfacet
  facet normal 0 0 1
    outer loop
      vertex 26.1815 -23.3668 39.2
      vertex 23.6248 -22.4989 39.2
      vertex 26.0778 -23.6424 39.2
    endloop
  endfacet
  facet normal 0 0 1
    outer loop
      vertex 26.0778 -23.6424 39.2
      vertex 23.5833 -22.6091 39.2
      vertex 25.9562 -23.9106 39.2
    endloop
  endfacet
  facet normal -0 0 1
    outer loop
      vertex 23.5347 -22.7164 39.2
      vertex 25.9562 -23.9106 39.2
      vertex 23.5833 -22.6091 39.2
    endloop
  endfacet
  facet normal -0 0 1
    outer loop
      vertex 23.0072 -17.6541 39.2
      vertex 25.5462 -19.2587 39.2
      vertex 24.1126 -16.1115 39.2
    endloop
  endfacet
  facet normal -0 0 1
    outer loop
      vertex 23.4792 -22.8203 39.2
      vertex 25.8174 -24.1703 39.2
      vertex 23.5347 -22.7164 39.2
    endloop
  endfacet
  facet normal 0 0 1
    outer loop
      vertex 25.8174 -24.1703 39.2
      vertex 23.4792 -22.8203 39.2
      vertex 25.6619 -24.4204 39.2
    endloop
  endfacet
  facet normal 0 0 1
    outer loop
      vertex 25.9562 -23.9106 39.2
      vertex 23.5347 -22.7164 39.2
      vertex 25.8174 -24.1703 39.2
    endloop
  endfacet
  facet normal -0 0 1
    outer loop
      vertex 23.5833 -22.6091 39.2
      vertex 26.0778 -23.6424 39.2
      vertex 23.6248 -22.4989 39.2
    endloop
  endfacet
  facet normal 0 -0 1
    outer loop
      vertex 23.7203 -21.9203 39.2
      vertex 25.5462 -19.2587 39.2
      vertex 23.7165 -21.8026 39.2
    endloop
  endfacet
  facet normal 0 0 1
    outer loop
      vertex 25.5462 -19.2587 39.2
      vertex 23.659 -21.4544 39.2
      vertex 23.6857 -21.5691 39.2
    endloop
  endfacet
  facet normal 0 0 1
    outer loop
      vertex 25.5462 -19.2587 39.2
      vertex 23.6248 -21.3417 39.2
      vertex 23.659 -21.4544 39.2
    endloop
  endfacet
  facet normal 0 0 1
    outer loop
      vertex 25.5462 -19.2587 39.2
      vertex 23.5833 -21.2315 39.2
      vertex 23.6248 -21.3417 39.2
    endloop
  endfacet
  facet normal 0 0 1
    outer loop
      vertex 25.5462 -19.2587 39.2
      vertex 23.5347 -21.1242 39.2
      vertex 23.5833 -21.2315 39.2
    endloop
  endfacet
  facet normal 0 0 1
    outer loop
      vertex 25.5462 -19.2587 39.2
      vertex 23.4792 -21.0203 39.2
      vertex 23.5347 -21.1242 39.2
    endloop
  endfacet
  facet normal 0 0 1
    outer loop
      vertex 25.5462 -19.2587 39.2
      vertex 23.417 -20.9203 39.2
      vertex 23.4792 -21.0203 39.2
    endloop
  endfacet
  facet normal 0 0 1
    outer loop
      vertex 22.9203 -20.4237 39.2
      vertex 25.5462 -19.2587 39.2
      vertex 23.0072 -17.6541 39.2
    endloop
  endfacet
  facet normal 0 0 1
    outer loop
      vertex 25.5462 -19.2587 39.2
      vertex 23.3483 -20.8245 39.2
      vertex 23.417 -20.9203 39.2
    endloop
  endfacet
  facet normal 0 0 1
    outer loop
      vertex 25.5462 -19.2587 39.2
      vertex 23.2736 -20.7335 39.2
      vertex 23.3483 -20.8245 39.2
    endloop
  endfacet
  facet normal 0 0 1
    outer loop
      vertex 25.5462 -19.2587 39.2
      vertex 23.1931 -20.6475 39.2
      vertex 23.2736 -20.7335 39.2
    endloop
  endfacet
  facet normal 0 0 1
    outer loop
      vertex 25.5462 -19.2587 39.2
      vertex 23.1071 -20.567 39.2
      vertex 23.1931 -20.6475 39.2
    endloop
  endfacet
  facet normal 0 0 1
    outer loop
      vertex 25.5462 -19.2587 39.2
      vertex 23.0161 -20.4923 39.2
      vertex 23.1071 -20.567 39.2
    endloop
  endfacet
  facet normal 0 0 1
    outer loop
      vertex 25.5462 -19.2587 39.2
      vertex 22.9203 -20.4237 39.2
      vertex 23.0161 -20.4923 39.2
    endloop
  endfacet
  facet normal 0 0 1
    outer loop
      vertex 23.0072 -17.6541 39.2
      vertex 22.8203 -20.3615 39.2
      vertex 22.9203 -20.4237 39.2
    endloop
  endfacet
  facet normal 0 0 1
    outer loop
      vertex 23.0072 -17.6541 39.2
      vertex 22.7164 -20.3059 39.2
      vertex 22.8203 -20.3615 39.2
    endloop
  endfacet
  facet normal 0 0 1
    outer loop
      vertex 23.0072 -17.6541 39.2
      vertex 22.6091 -20.2573 39.2
      vertex 22.7164 -20.3059 39.2
    endloop
  endfacet
  facet normal -0 0 1
    outer loop
      vertex 21.8034 -19.121 39.2
      vertex 22.6091 -20.2573 39.2
      vertex 23.0072 -17.6541 39.2
    endloop
  endfacet
  facet normal 0 0 1
    outer loop
      vertex 22.6091 -20.2573 39.2
      vertex 21.8034 -19.121 39.2
      vertex 22.4989 -20.2158 39.2
    endloop
  endfacet
  facet normal 0 0 1
    outer loop
      vertex 22.4989 -20.2158 39.2
      vertex 21.8034 -19.121 39.2
      vertex 22.3862 -20.1816 39.2
    endloop
  endfacet
  facet normal 0 0 1
    outer loop
      vertex 22.3862 -20.1816 39.2
      vertex 21.8034 -19.121 39.2
      vertex 22.2715 -20.1549 39.2
    endloop
  endfacet
  facet normal 0 0 1
    outer loop
      vertex 22.2715 -20.1549 39.2
      vertex 21.8034 -19.121 39.2
      vertex 22.1553 -20.1357 39.2
    endloop
  endfacet
  facet normal 0 0 1
    outer loop
      vertex 22.1553 -20.1357 39.2
      vertex 21.8034 -19.121 39.2
      vertex 22.038 -20.1242 39.2
    endloop
  endfacet
  facet normal 0 0 1
    outer loop
      vertex 22.038 -20.1242 39.2
      vertex 21.8034 -19.121 39.2
      vertex 21.9203 -20.1203 39.2
    endloop
  endfacet
  facet normal 0 0 1
    outer loop
      vertex 21.8034 -19.121 39.2
      vertex 21.8026 -20.1242 39.2
      vertex 21.9203 -20.1203 39.2
    endloop
  endfacet
  facet normal 0 0 1
    outer loop
      vertex 21.8034 -19.121 39.2
      vertex 21.6854 -20.1357 39.2
      vertex 21.8026 -20.1242 39.2
    endloop
  endfacet
  facet normal 0 0 1
    outer loop
      vertex 21.8034 -19.121 39.2
      vertex 21.5691 -20.1549 39.2
      vertex 21.6854 -20.1357 39.2
    endloop
  endfacet
  facet normal 0 0 1
    outer loop
      vertex 21.8034 -19.121 39.2
      vertex 21.4544 -20.1816 39.2
      vertex 21.5691 -20.1549 39.2
    endloop
  endfacet
  facet normal 0 0 1
    outer loop
      vertex 21.8034 -19.121 39.2
      vertex 21.3417 -20.2158 39.2
      vertex 21.4544 -20.1816 39.2
    endloop
  endfacet
  facet normal 0 0 1
    outer loop
      vertex 21.8034 -19.121 39.2
      vertex 21.2315 -20.2573 39.2
      vertex 21.3417 -20.2158 39.2
    endloop
  endfacet
  facet normal 0 0 1
    outer loop
      vertex 21.8034 -19.121 39.2
      vertex 21.1242 -20.3059 39.2
      vertex 21.2315 -20.2573 39.2
    endloop
  endfacet
  facet normal 0 0 1
    outer loop
      vertex 21.8034 -19.121 39.2
      vertex 21.0203 -20.3615 39.2
      vertex 21.1242 -20.3059 39.2
    endloop
  endfacet
  facet normal 0 0 1
    outer loop
      vertex 20.5061 -20.5061 39.2
      vertex 21.0203 -20.3615 39.2
      vertex 21.8034 -19.121 39.2
    endloop
  endfacet
  facet normal 0 0 1
    outer loop
      vertex 21.0203 -20.3615 39.2
      vertex 20.5061 -20.5061 39.2
      vertex 20.9203 -20.4237 39.2
    endloop
  endfacet
  facet normal 0 0 1
    outer loop
      vertex 20.9203 -20.4237 39.2
      vertex 20.5061 -20.5061 39.2
      vertex 20.8245 -20.4923 39.2
    endloop
  endfacet
  facet normal 0 0 1
    outer loop
      vertex 20.8245 -20.4923 39.2
      vertex 20.5061 -20.5061 39.2
      vertex 20.7335 -20.567 39.2
    endloop
  endfacet
  facet normal 0 0 1
    outer loop
      vertex 20.7335 -20.567 39.2
      vertex 20.5061 -20.5061 39.2
      vertex 20.6475 -20.6475 39.2
    endloop
  endfacet
  facet normal 0 0 1
    outer loop
      vertex 20.6475 -20.6475 39.2
      vertex 20.5061 -20.5061 39.2
      vertex 20.567 -20.7335 39.2
    endloop
  endfacet
  facet normal 0 0 1
    outer loop
      vertex 20.5061 -20.5061 39.2
      vertex 20.4923 -20.8245 39.2
      vertex 20.567 -20.7335 39.2
    endloop
  endfacet
  facet normal 0 0 1
    outer loop
      vertex 20.5061 -20.5061 39.2
      vertex 20.4237 -20.9203 39.2
      vertex 20.4923 -20.8245 39.2
    endloop
  endfacet
  facet normal 0 0 1
    outer loop
      vertex 20.5061 -20.5061 39.2
      vertex 20.3615 -21.0203 39.2
      vertex 20.4237 -20.9203 39.2
    endloop
  endfacet
  facet normal 0 0 1
    outer loop
      vertex 19.121 -21.8034 39.2
      vertex 20.3615 -21.0203 39.2
      vertex 20.5061 -20.5061 39.2
    endloop
  endfacet
  facet normal 0 0 1
    outer loop
      vertex 20.3615 -21.0203 39.2
      vertex 19.121 -21.8034 39.2
      vertex 20.3059 -21.1242 39.2
    endloop
  endfacet
  facet normal 0 0 1
    outer loop
      vertex 20.3059 -21.1242 39.2
      vertex 19.121 -21.8034 39.2
      vertex 20.2573 -21.2315 39.2
    endloop
  endfacet
  facet normal -0 0 1
    outer loop
      vertex 19.121 -21.8034 39.2
      vertex 20.1203 -21.9203 39.2
      vertex 20.1242 -21.8026 39.2
    endloop
  endfacet
  facet normal 0 0 1
    outer loop
      vertex 20.1203 -21.9203 39.2
      vertex 19.6703 -25.8174 39.2
      vertex 19.93 -25.9562 39.2
    endloop
  endfacet
  facet normal 0 0 1
    outer loop
      vertex 19.121 -21.8034 39.2
      vertex 20.1242 -21.8026 39.2
      vertex 20.1357 -21.6854 39.2
    endloop
  endfacet
  facet normal 0 0 1
    outer loop
      vertex 20.1203 -21.9203 39.2
      vertex 19.4202 -25.6619 39.2
      vertex 19.6703 -25.8174 39.2
    endloop
  endfacet
  facet normal 0 0 1
    outer loop
      vertex 19.121 -21.8034 39.2
      vertex 20.1357 -21.6854 39.2
      vertex 20.1549 -21.5691 39.2
    endloop
  endfacet
  facet normal 0 0 1
    outer loop
      vertex 20.1203 -21.9203 39.2
      vertex 19.2587 -25.5462 39.2
      vertex 19.4202 -25.6619 39.2
    endloop
  endfacet
  facet normal 0 0 1
    outer loop
      vertex 20.2573 -21.2315 39.2
      vertex 19.121 -21.8034 39.2
      vertex 20.2158 -21.3417 39.2
    endloop
  endfacet
  facet normal 0 0 1
    outer loop
      vertex 19.121 -21.8034 39.2
      vertex 20.1816 -21.4544 39.2
      vertex 20.2158 -21.3417 39.2
    endloop
  endfacet
  facet normal 0 0 1
    outer loop
      vertex 19.121 -21.8034 39.2
      vertex 20.1549 -21.5691 39.2
      vertex 20.1816 -21.4544 39.2
    endloop
  endfacet
  facet normal 0 0 1
    outer loop
      vertex 20.1203 -21.9203 39.2
      vertex 19.121 -21.8034 39.2
      vertex 19.2587 -25.5462 39.2
    endloop
  endfacet
  facet normal -0 0 1
    outer loop
      vertex 17.6541 -23.0072 39.2
      vertex 19.2587 -25.5462 39.2
      vertex 19.121 -21.8034 39.2
    endloop
  endfacet
  facet normal -0 0 1
    outer loop
      vertex 16.1115 -24.1126 39.2
      vertex 19.2587 -25.5462 39.2
      vertex 17.6541 -23.0072 39.2
    endloop
  endfacet
  facet normal 0 0 1
    outer loop
      vertex 19.2587 -25.5462 39.2
      vertex 16.1115 -24.1126 39.2
      vertex 17.7782 -26.607 39.2
    endloop
  endfacet
  facet normal 0 0 1
    outer loop
      vertex 16.1115 -24.1126 39.2
      vertex 16 -27.7128 39.2
      vertex 17.7782 -26.607 39.2
    endloop
  endfacet
  facet normal -0 0 1
    outer loop
      vertex 14.5 -25.1147 39.2
      vertex 16 -27.7128 39.2
      vertex 16.1115 -24.1126 39.2
    endloop
  endfacet
  facet normal 0 0 1
    outer loop
      vertex 14.5 -25.1147 39.2
      vertex 14.1532 -28.6999 39.2
      vertex 16 -27.7128 39.2
    endloop
  endfacet
  facet normal -0 0 1
    outer loop
      vertex 12.8264 -26.0093 39.2
      vertex 14.1532 -28.6999 39.2
      vertex 14.5 -25.1147 39.2
    endloop
  endfacet
  facet normal 0 0 1
    outer loop
      vertex 12.8264 -26.0093 39.2
      vertex 12.2459 -29.5641 39.2
      vertex 14.1532 -28.6999 39.2
    endloop
  endfacet
  facet normal -0 0 1
    outer loop
      vertex 11.0978 -26.7925 39.2
      vertex 12.2459 -29.5641 39.2
      vertex 12.8264 -26.0093 39.2
    endloop
  endfacet
  facet normal 0 0 1
    outer loop
      vertex 11.0978 -26.7925 39.2
      vertex 10.2861 -30.3018 39.2
      vertex 12.2459 -29.5641 39.2
    endloop
  endfacet
  facet normal -0 0 1
    outer loop
      vertex 9.32174 -27.461 39.2
      vertex 10.2861 -30.3018 39.2
      vertex 11.0978 -26.7925 39.2
    endloop
  endfacet
  facet normal 0 0 1
    outer loop
      vertex 9.32174 -27.461 39.2
      vertex 8.28221 -30.9096 39.2
      vertex 10.2861 -30.3018 39.2
    endloop
  endfacet
  facet normal -0 0 1
    outer loop
      vertex 7.50575 -28.0118 39.2
      vertex 8.28221 -30.9096 39.2
      vertex 9.32174 -27.461 39.2
    endloop
  endfacet
  facet normal 0 0 1
    outer loop
      vertex 7.50575 -28.0118 39.2
      vertex 6.24289 -31.3851 39.2
      vertex 8.28221 -30.9096 39.2
    endloop
  endfacet
  facet normal -0 0 1
    outer loop
      vertex 5.65762 -28.4428 39.2
      vertex 6.24289 -31.3851 39.2
      vertex 7.50575 -28.0118 39.2
    endloop
  endfacet
  facet normal 0 0 1
    outer loop
      vertex 5.65762 -28.4428 39.2
      vertex 4.17684 -31.7262 39.2
      vertex 6.24289 -31.3851 39.2
    endloop
  endfacet
  facet normal -0 0 1
    outer loop
      vertex 3.78526 -28.7519 39.2
      vertex 4.17684 -31.7262 39.2
      vertex 5.65762 -28.4428 39.2
    endloop
  endfacet
  facet normal 0 0 1
    outer loop
      vertex 3.78526 -28.7519 39.2
      vertex 2.0929 -31.9315 39.2
      vertex 4.17684 -31.7262 39.2
    endloop
  endfacet
  facet normal -0 0 1
    outer loop
      vertex 1.89669 -28.9379 39.2
      vertex 2.0929 -31.9315 39.2
      vertex 3.78526 -28.7519 39.2
    endloop
  endfacet
  facet normal -0 0 1
    outer loop
      vertex 0 -29 39.2
      vertex 2.0929 -31.9315 39.2
      vertex 1.89669 -28.9379 39.2
    endloop
  endfacet
  facet normal 0 0 1
    outer loop
      vertex 0 -29 39.2
      vertex 0 -32 39.2
      vertex 2.0929 -31.9315 39.2
    endloop
  endfacet
  facet normal 0 0 1
    outer loop
      vertex -1.89669 -28.9379 39.2
      vertex 0 -32 39.2
      vertex 0 -29 39.2
    endloop
  endfacet
  facet normal 0 0 1
    outer loop
      vertex -1.89669 -28.9379 39.2
      vertex -2.0929 -31.9315 39.2
      vertex 0 -32 39.2
    endloop
  endfacet
  facet normal 0 0 1
    outer loop
      vertex -3.78526 -28.7519 39.2
      vertex -2.0929 -31.9315 39.2
      vertex -1.89669 -28.9379 39.2
    endloop
  endfacet
  facet normal 0 0 1
    outer loop
      vertex -3.78526 -28.7519 39.2
      vertex -4.17684 -31.7262 39.2
      vertex -2.0929 -31.9315 39.2
    endloop
  endfacet
  facet normal 0 0 1
    outer loop
      vertex -5.65762 -28.4428 39.2
      vertex -4.17684 -31.7262 39.2
      vertex -3.78526 -28.7519 39.2
    endloop
  endfacet
  facet normal 0 0 1
    outer loop
      vertex -5.65762 -28.4428 39.2
      vertex -6.24289 -31.3851 39.2
      vertex -4.17684 -31.7262 39.2
    endloop
  endfacet
  facet normal 0 0 1
    outer loop
      vertex -7.50575 -28.0118 39.2
      vertex -6.24289 -31.3851 39.2
      vertex -5.65762 -28.4428 39.2
    endloop
  endfacet
  facet normal 0 0 1
    outer loop
      vertex -7.50575 -28.0118 39.2
      vertex -8.28221 -30.9096 39.2
      vertex -6.24289 -31.3851 39.2
    endloop
  endfacet
  facet normal 0 0 1
    outer loop
      vertex -9.32174 -27.461 39.2
      vertex -8.28221 -30.9096 39.2
      vertex -7.50575 -28.0118 39.2
    endloop
  endfacet
  facet normal 0 0 1
    outer loop
      vertex -9.32174 -27.461 39.2
      vertex -10.2861 -30.3018 39.2
      vertex -8.28221 -30.9096 39.2
    endloop
  endfacet
  facet normal 0 0 1
    outer loop
      vertex -11.0978 -26.7925 39.2
      vertex -10.2861 -30.3018 39.2
      vertex -9.32174 -27.461 39.2
    endloop
  endfacet
  facet normal 0 0 1
    outer loop
      vertex -11.0978 -26.7925 39.2
      vertex -12.2459 -29.5641 39.2
      vertex -10.2861 -30.3018 39.2
    endloop
  endfacet
  facet normal 0 0 1
    outer loop
      vertex -12.8264 -26.0093 39.2
      vertex -12.2459 -29.5641 39.2
      vertex -11.0978 -26.7925 39.2
    endloop
  endfacet
  facet normal 0 0 1
    outer loop
      vertex -12.8264 -26.0093 39.2
      vertex -14.1532 -28.6999 39.2
      vertex -12.2459 -29.5641 39.2
    endloop
  endfacet
  facet normal 0 0 1
    outer loop
      vertex -14.5 -25.1147 39.2
      vertex -14.1532 -28.6999 39.2
      vertex -12.8264 -26.0093 39.2
    endloop
  endfacet
  facet normal 0 0 1
    outer loop
      vertex -14.5 -25.1147 39.2
      vertex -16 -27.7128 39.2
      vertex -14.1532 -28.6999 39.2
    endloop
  endfacet
  facet normal 0 0 1
    outer loop
      vertex -16.1115 -24.1126 39.2
      vertex -16 -27.7128 39.2
      vertex -14.5 -25.1147 39.2
    endloop
  endfacet
  facet normal 0 0 1
    outer loop
      vertex -19.2587 -25.5462 39.2
      vertex -16.1115 -24.1126 39.2
      vertex -17.6541 -23.0072 39.2
    endloop
  endfacet
  facet normal 0 0 1
    outer loop
      vertex -16.1115 -24.1126 39.2
      vertex -17.7782 -26.607 39.2
      vertex -16 -27.7128 39.2
    endloop
  endfacet
  facet normal -0 0 1
    outer loop
      vertex -20.2573 -22.6091 39.2
      vertex -17.6541 -23.0072 39.2
      vertex -19.121 -21.8034 39.2
    endloop
  endfacet
  facet normal 0 0 1
    outer loop
      vertex -16.1115 -24.1126 39.2
      vertex -19.2587 -25.5462 39.2
      vertex -17.7782 -26.607 39.2
    endloop
  endfacet
  facet normal -0 0 1
    outer loop
      vertex -20.4237 -22.9203 39.2
      vertex -17.6541 -23.0072 39.2
      vertex -20.3615 -22.8203 39.2
    endloop
  endfacet
  facet normal 0 0 1
    outer loop
      vertex -17.6541 -23.0072 39.2
      vertex -20.4237 -22.9203 39.2
      vertex -19.2587 -25.5462 39.2
    endloop
  endfacet
  facet normal -0 0 1
    outer loop
      vertex -20.4923 -23.0161 39.2
      vertex -19.2587 -25.5462 39.2
      vertex -20.4237 -22.9203 39.2
    endloop
  endfacet
  facet normal 0 0 1
    outer loop
      vertex -20.1242 -22.038 39.2
      vertex -19.121 -21.8034 39.2
      vertex -20.1203 -21.9203 39.2
    endloop
  endfacet
  facet normal 0 0 1
    outer loop
      vertex -19.121 -21.8034 39.2
      vertex -20.1242 -21.8026 39.2
      vertex -20.1203 -21.9203 39.2
    endloop
  endfacet
  facet normal 0 0 1
    outer loop
      vertex -19.121 -21.8034 39.2
      vertex -20.1357 -21.6854 39.2
      vertex -20.1242 -21.8026 39.2
    endloop
  endfacet
  facet normal 0 0 1
    outer loop
      vertex -19.121 -21.8034 39.2
      vertex -20.1549 -21.5691 39.2
      vertex -20.1357 -21.6854 39.2
    endloop
  endfacet
  facet normal 0 0 1
    outer loop
      vertex -19.121 -21.8034 39.2
      vertex -20.1816 -21.4544 39.2
      vertex -20.1549 -21.5691 39.2
    endloop
  endfacet
  facet normal 0 0 1
    outer loop
      vertex -19.121 -21.8034 39.2
      vertex -20.2158 -21.3417 39.2
      vertex -20.1816 -21.4544 39.2
    endloop
  endfacet
  facet normal 0 0 1
    outer loop
      vertex -19.121 -21.8034 39.2
      vertex -20.2573 -21.2315 39.2
      vertex -20.2158 -21.3417 39.2
    endloop
  endfacet
  facet normal 0 0 1
    outer loop
      vertex -19.121 -21.8034 39.2
      vertex -20.3059 -21.1242 39.2
      vertex -20.2573 -21.2315 39.2
    endloop
  endfacet
  facet normal 0 0 1
    outer loop
      vertex -19.121 -21.8034 39.2
      vertex -20.3615 -21.0203 39.2
      vertex -20.3059 -21.1242 39.2
    endloop
  endfacet
  facet normal 0 0 1
    outer loop
      vertex -20.5061 -20.5061 39.2
      vertex -20.3615 -21.0203 39.2
      vertex -19.121 -21.8034 39.2
    endloop
  endfacet
  facet normal 0 0 1
    outer loop
      vertex -20.3615 -21.0203 39.2
      vertex -20.5061 -20.5061 39.2
      vertex -20.4237 -20.9203 39.2
    endloop
  endfacet
  facet normal 0 0 1
    outer loop
      vertex -20.4237 -20.9203 39.2
      vertex -20.5061 -20.5061 39.2
      vertex -20.4923 -20.8245 39.2
    endloop
  endfacet
  facet normal 0 0 1
    outer loop
      vertex -20.5061 -20.5061 39.2
      vertex -20.567 -20.7335 39.2
      vertex -20.4923 -20.8245 39.2
    endloop
  endfacet
  facet normal 0 0 1
    outer loop
      vertex -20.5061 -20.5061 39.2
      vertex -20.6475 -20.6475 39.2
      vertex -20.567 -20.7335 39.2
    endloop
  endfacet
  facet normal 0 0 1
    outer loop
      vertex -20.5061 -20.5061 39.2
      vertex -20.7335 -20.567 39.2
      vertex -20.6475 -20.6475 39.2
    endloop
  endfacet
  facet normal 0 0 1
    outer loop
      vertex -20.5061 -20.5061 39.2
      vertex -20.8245 -20.4923 39.2
      vertex -20.7335 -20.567 39.2
    endloop
  endfacet
  facet normal 0 0 1
    outer loop
      vertex -20.5061 -20.5061 39.2
      vertex -20.9203 -20.4237 39.2
      vertex -20.8245 -20.4923 39.2
    endloop
  endfacet
  facet normal 0 0 1
    outer loop
      vertex -20.5061 -20.5061 39.2
      vertex -21.0203 -20.3615 39.2
      vertex -20.9203 -20.4237 39.2
    endloop
  endfacet
  facet normal 0 0 1
    outer loop
      vertex -21.8034 -19.121 39.2
      vertex -21.0203 -20.3615 39.2
      vertex -20.5061 -20.5061 39.2
    endloop
  endfacet
  facet normal 0 0 1
    outer loop
      vertex -21.0203 -20.3615 39.2
      vertex -21.8034 -19.121 39.2
      vertex -21.1242 -20.3059 39.2
    endloop
  endfacet
  facet normal 0 0 1
    outer loop
      vertex -21.1242 -20.3059 39.2
      vertex -21.8034 -19.121 39.2
      vertex -21.2315 -20.2573 39.2
    endloop
  endfacet
  facet normal 0 0 1
    outer loop
      vertex -21.2315 -20.2573 39.2
      vertex -21.8034 -19.121 39.2
      vertex -21.3417 -20.2158 39.2
    endloop
  endfacet
  facet normal 0 0 1
    outer loop
      vertex -21.8034 -19.121 39.2
      vertex -21.4544 -20.1816 39.2
      vertex -21.3417 -20.2158 39.2
    endloop
  endfacet
  facet normal 0 0 1
    outer loop
      vertex -21.8034 -19.121 39.2
      vertex -21.5691 -20.1549 39.2
      vertex -21.4544 -20.1816 39.2
    endloop
  endfacet
  facet normal 0 0 1
    outer loop
      vertex -21.8034 -19.121 39.2
      vertex -21.6854 -20.1357 39.2
      vertex -21.5691 -20.1549 39.2
    endloop
  endfacet
  facet normal 0 0 1
    outer loop
      vertex -21.8034 -19.121 39.2
      vertex -21.8026 -20.1242 39.2
      vertex -21.6854 -20.1357 39.2
    endloop
  endfacet
  facet normal 0 0 1
    outer loop
      vertex -21.8034 -19.121 39.2
      vertex -21.9203 -20.1203 39.2
      vertex -21.8026 -20.1242 39.2
    endloop
  endfacet
  facet normal 0 0 1
    outer loop
      vertex -21.8034 -19.121 39.2
      vertex -22.038 -20.1242 39.2
      vertex -21.9203 -20.1203 39.2
    endloop
  endfacet
  facet normal 0 0 1
    outer loop
      vertex -21.8034 -19.121 39.2
      vertex -22.1553 -20.1357 39.2
      vertex -22.038 -20.1242 39.2
    endloop
  endfacet
  facet normal 0 0 1
    outer loop
      vertex -21.8034 -19.121 39.2
      vertex -22.2715 -20.1549 39.2
      vertex -22.1553 -20.1357 39.2
    endloop
  endfacet
  facet normal 0 0 1
    outer loop
      vertex -21.8034 -19.121 39.2
      vertex -22.3862 -20.1816 39.2
      vertex -22.2715 -20.1549 39.2
    endloop
  endfacet
  facet normal 0 0 1
    outer loop
      vertex -21.8034 -19.121 39.2
      vertex -22.4989 -20.2158 39.2
      vertex -22.3862 -20.1816 39.2
    endloop
  endfacet
  facet normal 0 0 1
    outer loop
      vertex -21.8034 -19.121 39.2
      vertex -22.6091 -20.2573 39.2
      vertex -22.4989 -20.2158 39.2
    endloop
  endfacet
  facet normal 0 0 1
    outer loop
      vertex -23.0072 -17.6541 39.2
      vertex -22.6091 -20.2573 39.2
      vertex -21.8034 -19.121 39.2
    endloop
  endfacet
  facet normal 0 0 1
    outer loop
      vertex -22.6091 -20.2573 39.2
      vertex -23.0072 -17.6541 39.2
      vertex -22.7164 -20.3059 39.2
    endloop
  endfacet
  facet normal 0 0 1
    outer loop
      vertex -22.7164 -20.3059 39.2
      vertex -23.0072 -17.6541 39.2
      vertex -22.8203 -20.3615 39.2
    endloop
  endfacet
  facet normal 0 0 1
    outer loop
      vertex -22.8203 -20.3615 39.2
      vertex -23.0072 -17.6541 39.2
      vertex -22.9203 -20.4237 39.2
    endloop
  endfacet
  facet normal -0 0 1
    outer loop
      vertex -25.5462 -19.2587 39.2
      vertex -22.9203 -20.4237 39.2
      vertex -23.0072 -17.6541 39.2
    endloop
  endfacet
  facet normal 0 0 1
    outer loop
      vertex -22.9203 -20.4237 39.2
      vertex -25.5462 -19.2587 39.2
      vertex -23.0161 -20.4923 39.2
    endloop
  endfacet
  facet normal 0 0 1
    outer loop
      vertex -23.0161 -20.4923 39.2
      vertex -25.5462 -19.2587 39.2
      vertex -23.1071 -20.567 39.2
    endloop
  endfacet
  facet normal 0 0 1
    outer loop
      vertex -23.1071 -20.567 39.2
      vertex -25.5462 -19.2587 39.2
      vertex -23.1931 -20.6475 39.2
    endloop
  endfacet
  facet normal 0 0 1
    outer loop
      vertex -23.1931 -20.6475 39.2
      vertex -25.5462 -19.2587 39.2
      vertex -23.2736 -20.7335 39.2
    endloop
  endfacet
  facet normal 0 0 1
    outer loop
      vertex -23.2736 -20.7335 39.2
      vertex -25.5462 -19.2587 39.2
      vertex -23.3483 -20.8245 39.2
    endloop
  endfacet
  facet normal 0 0 1
    outer loop
      vertex -23.3483 -20.8245 39.2
      vertex -25.5462 -19.2587 39.2
      vertex -23.417 -20.9203 39.2
    endloop
  endfacet
  facet normal -0 0 1
    outer loop
      vertex -25.6619 -19.4202 39.2
      vertex -23.417 -20.9203 39.2
      vertex -25.5462 -19.2587 39.2
    endloop
  endfacet
  facet normal 0 0 1
    outer loop
      vertex -23.417 -20.9203 39.2
      vertex -25.6619 -19.4202 39.2
      vertex -23.4792 -21.0203 39.2
    endloop
  endfacet
  facet normal -0 0 1
    outer loop
      vertex -25.8174 -19.6703 39.2
      vertex -23.4792 -21.0203 39.2
      vertex -25.6619 -19.4202 39.2
    endloop
  endfacet
  facet normal 0 0 1
    outer loop
      vertex -23.4792 -21.0203 39.2
      vertex -25.8174 -19.6703 39.2
      vertex -23.5347 -21.1242 39.2
    endloop
  endfacet
  facet normal -0 0 1
    outer loop
      vertex -25.9562 -19.93 39.2
      vertex -23.5347 -21.1242 39.2
      vertex -25.8174 -19.6703 39.2
    endloop
  endfacet
  facet normal 0 0 1
    outer loop
      vertex -26.4203 -21.9203 39.2
      vertex -23.7203 -21.9203 39.2
      vertex -23.7165 -21.8026 39.2
    endloop
  endfacet
  facet normal 0 0 1
    outer loop
      vertex -25.5462 -19.2587 39.2
      vertex -23.0072 -17.6541 39.2
      vertex -24.1126 -16.1115 39.2
    endloop
  endfacet
  facet normal 0 0 1
    outer loop
      vertex -23.5347 -21.1242 39.2
      vertex -25.9562 -19.93 39.2
      vertex -23.5833 -21.2315 39.2
    endloop
  endfacet
  facet normal -0 0 1
    outer loop
      vertex -26.0778 -20.1982 39.2
      vertex -23.5833 -21.2315 39.2
      vertex -25.9562 -19.93 39.2
    endloop
  endfacet
  facet normal 0 0 1
    outer loop
      vertex -23.5833 -21.2315 39.2
      vertex -26.0778 -20.1982 39.2
      vertex -23.6248 -21.3417 39.2
    endloop
  endfacet
  facet normal -0 0 1
    outer loop
      vertex -26.1815 -20.4738 39.2
      vertex -23.6248 -21.3417 39.2
      vertex -26.0778 -20.1982 39.2
    endloop
  endfacet
  facet normal 0 0 1
    outer loop
      vertex -23.7203 -21.9203 39.2
      vertex -24.1703 -25.8174 39.2
      vertex -23.9106 -25.9562 39.2
    endloop
  endfacet
  facet normal 0 0 1
    outer loop
      vertex -23.7203 -21.9203 39.2
      vertex -24.4204 -25.6619 39.2
      vertex -24.1703 -25.8174 39.2
    endloop
  endfacet
  facet normal 0 0 1
    outer loop
      vertex -23.7203 -21.9203 39.2
      vertex -24.6597 -25.4904 39.2
      vertex -24.4204 -25.6619 39.2
    endloop
  endfacet
  facet normal 0 0 1
    outer loop
      vertex -23.7203 -21.9203 39.2
      vertex -24.8874 -25.3036 39.2
      vertex -24.6597 -25.4904 39.2
    endloop
  endfacet
  facet normal 0 0 1
    outer loop
      vertex -26.607 -17.7782 39.2
      vertex -24.1126 -16.1115 39.2
      vertex -25.1147 -14.5 39.2
    endloop
  endfacet
  facet normal 0 0 1
    outer loop
      vertex -23.7203 -21.9203 39.2
      vertex -25.1023 -25.1023 39.2
      vertex -24.8874 -25.3036 39.2
    endloop
  endfacet
  facet normal 0 0 1
    outer loop
      vertex -23.7203 -21.9203 39.2
      vertex -25.3036 -24.8874 39.2
      vertex -25.1023 -25.1023 39.2
    endloop
  endfacet
  facet normal 0 0 1
    outer loop
      vertex -23.7203 -21.9203 39.2
      vertex -25.4904 -24.6597 39.2
      vertex -25.3036 -24.8874 39.2
    endloop
  endfacet
  facet normal 0 0 1
    outer loop
      vertex -27.7128 -16 39.2
      vertex -25.1147 -14.5 39.2
      vertex -26.0093 -12.8264 39.2
    endloop
  endfacet
  facet normal 0 0 1
    outer loop
      vertex -24.1126 -16.1115 39.2
      vertex -26.607 -17.7782 39.2
      vertex -25.5462 -19.2587 39.2
    endloop
  endfacet
  facet normal 0 0 1
    outer loop
      vertex -28.6999 -14.1532 39.2
      vertex -26.0093 -12.8264 39.2
      vertex -26.7925 -11.0978 39.2
    endloop
  endfacet
  facet normal 0 0 1
    outer loop
      vertex -29.5641 -12.2459 39.2
      vertex -26.7925 -11.0978 39.2
      vertex -27.461 -9.32174 39.2
    endloop
  endfacet
  facet normal 0 0 1
    outer loop
      vertex -25.1147 -14.5 39.2
      vertex -27.7128 -16 39.2
      vertex -26.607 -17.7782 39.2
    endloop
  endfacet
  facet normal 0 0 1
    outer loop
      vertex -30.3018 -10.2861 39.2
      vertex -27.461 -9.32174 39.2
      vertex -28.0118 -7.50575 39.2
    endloop
  endfacet
  facet normal 0 0 1
    outer loop
      vertex -30.9096 -8.28221 39.2
      vertex -28.0118 -7.50575 39.2
      vertex -28.4428 -5.65762 39.2
    endloop
  endfacet
  facet normal 0 0 1
    outer loop
      vertex -26.0093 -12.8264 39.2
      vertex -28.6999 -14.1532 39.2
      vertex -27.7128 -16 39.2
    endloop
  endfacet
  facet normal 0 0 1
    outer loop
      vertex -31.3851 -6.24289 39.2
      vertex -28.4428 -5.65762 39.2
      vertex -28.7519 -3.78526 39.2
    endloop
  endfacet
  facet normal 0 0 1
    outer loop
      vertex -31.7262 -4.17684 39.2
      vertex -28.7519 -3.78526 39.2
      vertex -28.9379 -1.89669 39.2
    endloop
  endfacet
  facet normal 0 0 1
    outer loop
      vertex -31.9315 -2.0929 39.2
      vertex -28.9379 -1.89669 39.2
      vertex -29 0 39.2
    endloop
  endfacet
  facet normal 0 0 1
    outer loop
      vertex -28.4428 5.65762 39.2
      vertex -31.3851 6.24289 39.2
      vertex -28.7519 3.78526 39.2
    endloop
  endfacet
  facet normal 0 0 1
    outer loop
      vertex -26.7925 -11.0978 39.2
      vertex -29.5641 -12.2459 39.2
      vertex -28.6999 -14.1532 39.2
    endloop
  endfacet
  facet normal -0 0 1
    outer loop
      vertex -31.7262 4.17684 39.2
      vertex -28.7519 3.78526 39.2
      vertex -31.3851 6.24289 39.2
    endloop
  endfacet
  facet normal 0 0 1
    outer loop
      vertex -27.461 -9.32174 39.2
      vertex -30.3018 -10.2861 39.2
      vertex -29.5641 -12.2459 39.2
    endloop
  endfacet
  facet normal 0 0 1
    outer loop
      vertex -28.7519 3.78526 39.2
      vertex -31.7262 4.17684 39.2
      vertex -28.9379 1.89669 39.2
    endloop
  endfacet
  facet normal 0 0 1
    outer loop
      vertex -28.0118 -7.50575 39.2
      vertex -30.9096 -8.28221 39.2
      vertex -30.3018 -10.2861 39.2
    endloop
  endfacet
  facet normal -0 0 1
    outer loop
      vertex -31.9315 2.0929 39.2
      vertex -28.9379 1.89669 39.2
      vertex -31.7262 4.17684 39.2
    endloop
  endfacet
  facet normal 0 0 1
    outer loop
      vertex -28.4428 -5.65762 39.2
      vertex -31.3851 -6.24289 39.2
      vertex -30.9096 -8.28221 39.2
    endloop
  endfacet
  facet normal 0 0 1
    outer loop
      vertex -28.9379 1.89669 39.2
      vertex -31.9315 2.0929 39.2
      vertex -29 0 39.2
    endloop
  endfacet
  facet normal 0 0 1
    outer loop
      vertex -28.7519 -3.78526 39.2
      vertex -31.7262 -4.17684 39.2
      vertex -31.3851 -6.24289 39.2
    endloop
  endfacet
  facet normal 0 0 1
    outer loop
      vertex -32 0 39.2
      vertex -29 0 39.2
      vertex -31.9315 2.0929 39.2
    endloop
  endfacet
  facet normal 0 0 1
    outer loop
      vertex -28.9379 -1.89669 39.2
      vertex -31.9315 -2.0929 39.2
      vertex -31.7262 -4.17684 39.2
    endloop
  endfacet
  facet normal 0 0 1
    outer loop
      vertex -29 0 39.2
      vertex -32 0 39.2
      vertex -31.9315 -2.0929 39.2
    endloop
  endfacet
  facet normal 0 0 1
    outer loop
      vertex -23.659 22.3862 39.2
      vertex -26.267 23.085 39.2
      vertex -23.6857 22.2715 39.2
    endloop
  endfacet
  facet normal -0 0 1
    outer loop
      vertex -26.3338 22.7982 39.2
      vertex -23.6857 22.2715 39.2
      vertex -26.267 23.085 39.2
    endloop
  endfacet
  facet normal 0 0 1
    outer loop
      vertex -23.4792 21.0203 39.2
      vertex -25.8174 19.6703 39.2
      vertex -25.6619 19.4202 39.2
    endloop
  endfacet
  facet normal 0 0 1
    outer loop
      vertex -23.417 20.9203 39.2
      vertex -25.6619 19.4202 39.2
      vertex -25.5462 19.2587 39.2
    endloop
  endfacet
  facet normal 0 0 1
    outer loop
      vertex -23.6857 22.2715 39.2
      vertex -26.3338 22.7982 39.2
      vertex -23.7049 22.1553 39.2
    endloop
  endfacet
  facet normal 0 0 1
    outer loop
      vertex -23.5347 21.1242 39.2
      vertex -25.9562 19.93 39.2
      vertex -25.8174 19.6703 39.2
    endloop
  endfacet
  facet normal -0 0 1
    outer loop
      vertex -26.3818 22.5077 39.2
      vertex -23.7049 22.1553 39.2
      vertex -26.3338 22.7982 39.2
    endloop
  endfacet
  facet normal 0 0 1
    outer loop
      vertex -23.5833 21.2315 39.2
      vertex -26.0778 20.1982 39.2
      vertex -25.9562 19.93 39.2
    endloop
  endfacet
  facet normal 0 0 1
    outer loop
      vertex -23.7049 22.1553 39.2
      vertex -26.3818 22.5077 39.2
      vertex -23.7165 22.038 39.2
    endloop
  endfacet
  facet normal 0 0 1
    outer loop
      vertex -23.6248 21.3417 39.2
      vertex -26.1815 20.4738 39.2
      vertex -26.0778 20.1982 39.2
    endloop
  endfacet
  facet normal -0 0 1
    outer loop
      vertex -26.4107 22.2146 39.2
      vertex -23.7165 22.038 39.2
      vertex -26.3818 22.5077 39.2
    endloop
  endfacet
  facet normal 0 0 1
    outer loop
      vertex -23.659 21.4544 39.2
      vertex -26.267 20.7556 39.2
      vertex -26.1815 20.4738 39.2
    endloop
  endfacet
  facet normal 0 0 1
    outer loop
      vertex -23.7165 22.038 39.2
      vertex -26.4107 22.2146 39.2
      vertex -23.7203 21.9203 39.2
    endloop
  endfacet
  facet normal 0 0 1
    outer loop
      vertex -23.6857 21.5691 39.2
      vertex -26.3338 21.0424 39.2
      vertex -26.267 20.7556 39.2
    endloop
  endfacet
  facet normal 0 0 1
    outer loop
      vertex -26.4203 21.9203 39.2
      vertex -23.7203 21.9203 39.2
      vertex -26.4107 22.2146 39.2
    endloop
  endfacet
  facet normal 0 0 1
    outer loop
      vertex -23.7049 21.6854 39.2
      vertex -26.3818 21.3329 39.2
      vertex -26.3338 21.0424 39.2
    endloop
  endfacet
  facet normal 0 0 1
    outer loop
      vertex -23.7203 21.9203 39.2
      vertex -26.4203 21.9203 39.2
      vertex -23.7165 21.8026 39.2
    endloop
  endfacet
  facet normal 0 0 1
    outer loop
      vertex -23.7165 21.8026 39.2
      vertex -26.4107 21.626 39.2
      vertex -26.3818 21.3329 39.2
    endloop
  endfacet
  facet normal 0 0 1
    outer loop
      vertex -23.7165 21.8026 39.2
      vertex -26.4203 21.9203 39.2
      vertex -26.4107 21.626 39.2
    endloop
  endfacet
  facet normal 0 0 1
    outer loop
      vertex -23.6248 -21.3417 39.2
      vertex -26.1815 -20.4738 39.2
      vertex -23.659 -21.4544 39.2
    endloop
  endfacet
  facet normal 0 0 1
    outer loop
      vertex -23.7203 -21.9203 39.2
      vertex -25.6619 -24.4204 39.2
      vertex -25.4904 -24.6597 39.2
    endloop
  endfacet
  facet normal -0 0 1
    outer loop
      vertex -26.267 -20.7556 39.2
      vertex -23.659 -21.4544 39.2
      vertex -26.1815 -20.4738 39.2
    endloop
  endfacet
  facet normal 0 0 1
    outer loop
      vertex -23.7203 -21.9203 39.2
      vertex -25.8174 -24.1703 39.2
      vertex -25.6619 -24.4204 39.2
    endloop
  endfacet
  facet normal 0 0 1
    outer loop
      vertex -23.659 -21.4544 39.2
      vertex -26.267 -20.7556 39.2
      vertex -23.6857 -21.5691 39.2
    endloop
  endfacet
  facet normal 0 0 1
    outer loop
      vertex -23.7203 -21.9203 39.2
      vertex -25.9562 -23.9106 39.2
      vertex -25.8174 -24.1703 39.2
    endloop
  endfacet
  facet normal -0 0 1
    outer loop
      vertex -26.3338 -21.0424 39.2
      vertex -23.6857 -21.5691 39.2
      vertex -26.267 -20.7556 39.2
    endloop
  endfacet
  facet normal 0 0 1
    outer loop
      vertex -23.7203 -21.9203 39.2
      vertex -26.0778 -23.6424 39.2
      vertex -25.9562 -23.9106 39.2
    endloop
  endfacet
  facet normal 0 0 1
    outer loop
      vertex -23.6857 -21.5691 39.2
      vertex -26.3338 -21.0424 39.2
      vertex -23.7049 -21.6854 39.2
    endloop
  endfacet
  facet normal 0 0 1
    outer loop
      vertex -23.7203 -21.9203 39.2
      vertex -26.1815 -23.3668 39.2
      vertex -26.0778 -23.6424 39.2
    endloop
  endfacet
  facet normal -0 0 1
    outer loop
      vertex -26.3818 -21.3329 39.2
      vertex -23.7049 -21.6854 39.2
      vertex -26.3338 -21.0424 39.2
    endloop
  endfacet
  facet normal 0 0 1
    outer loop
      vertex -23.7203 -21.9203 39.2
      vertex -26.267 -23.085 39.2
      vertex -26.1815 -23.3668 39.2
    endloop
  endfacet
  facet normal 0 0 1
    outer loop
      vertex -23.7049 -21.6854 39.2
      vertex -26.3818 -21.3329 39.2
      vertex -23.7165 -21.8026 39.2
    endloop
  endfacet
  facet normal 0 0 1
    outer loop
      vertex -23.7203 -21.9203 39.2
      vertex -26.3338 -22.7982 39.2
      vertex -26.267 -23.085 39.2
    endloop
  endfacet
  facet normal -0 0 1
    outer loop
      vertex -26.4107 -21.626 39.2
      vertex -23.7165 -21.8026 39.2
      vertex -26.3818 -21.3329 39.2
    endloop
  endfacet
  facet normal 0 0 1
    outer loop
      vertex -23.7203 -21.9203 39.2
      vertex -26.3818 -22.5077 39.2
      vertex -26.3338 -22.7982 39.2
    endloop
  endfacet
  facet normal 0 0 1
    outer loop
      vertex -26.4203 -21.9203 39.2
      vertex -23.7165 -21.8026 39.2
      vertex -26.4107 -21.626 39.2
    endloop
  endfacet
  facet normal 0 0 1
    outer loop
      vertex -23.7203 -21.9203 39.2
      vertex -26.4107 -22.2146 39.2
      vertex -26.3818 -22.5077 39.2
    endloop
  endfacet
  facet normal 0 0 1
    outer loop
      vertex -23.7203 -21.9203 39.2
      vertex -26.4203 -21.9203 39.2
      vertex -26.4107 -22.2146 39.2
    endloop
  endfacet
  facet normal 0 0 1
    outer loop
      vertex -19.121 21.8034 39.2
      vertex -20.1242 22.038 39.2
      vertex -20.1203 21.9203 39.2
    endloop
  endfacet
  facet normal 0 0 1
    outer loop
      vertex -19.121 21.8034 39.2
      vertex -20.1357 22.1553 39.2
      vertex -20.1242 22.038 39.2
    endloop
  endfacet
  facet normal 0 0 1
    outer loop
      vertex -19.121 21.8034 39.2
      vertex -20.1549 22.2715 39.2
      vertex -20.1357 22.1553 39.2
    endloop
  endfacet
  facet normal 0 0 1
    outer loop
      vertex -19.121 21.8034 39.2
      vertex -20.1816 22.3862 39.2
      vertex -20.1549 22.2715 39.2
    endloop
  endfacet
  facet normal 0 0 1
    outer loop
      vertex -21.1242 23.5347 39.2
      vertex -19.93 25.9562 39.2
      vertex -20.1982 26.0778 39.2
    endloop
  endfacet
  facet normal 0 0 1
    outer loop
      vertex -19.121 21.8034 39.2
      vertex -20.2158 22.4989 39.2
      vertex -20.1816 22.3862 39.2
    endloop
  endfacet
  facet normal 0 0 1
    outer loop
      vertex -19.121 21.8034 39.2
      vertex -20.2573 22.6091 39.2
      vertex -20.2158 22.4989 39.2
    endloop
  endfacet
  facet normal 0 0 1
    outer loop
      vertex -17.6541 23.0072 39.2
      vertex -20.2573 22.6091 39.2
      vertex -19.121 21.8034 39.2
    endloop
  endfacet
  facet normal 0 -0 1
    outer loop
      vertex -20.2573 22.6091 39.2
      vertex -17.6541 23.0072 39.2
      vertex -20.3059 22.7164 39.2
    endloop
  endfacet
  facet normal 0 0 1
    outer loop
      vertex -17.6541 23.0072 39.2
      vertex -20.4237 22.9203 39.2
      vertex -20.3615 22.8203 39.2
    endloop
  endfacet
  facet normal 0 0 1
    outer loop
      vertex -21.2315 23.5833 39.2
      vertex -20.1982 26.0778 39.2
      vertex -20.4738 26.1815 39.2
    endloop
  endfacet
  facet normal 0 0 1
    outer loop
      vertex -19.2587 25.5462 39.2
      vertex -20.4923 23.0161 39.2
      vertex -20.4237 22.9203 39.2
    endloop
  endfacet
  facet normal 0 0 1
    outer loop
      vertex -19.2587 25.5462 39.2
      vertex -20.567 23.1071 39.2
      vertex -20.4923 23.0161 39.2
    endloop
  endfacet
  facet normal 0 0 1
    outer loop
      vertex -19.2587 25.5462 39.2
      vertex -20.6475 23.1931 39.2
      vertex -20.567 23.1071 39.2
    endloop
  endfacet
  facet normal 0 0 1
    outer loop
      vertex -19.2587 25.5462 39.2
      vertex -20.7335 23.2736 39.2
      vertex -20.6475 23.1931 39.2
    endloop
  endfacet
  facet normal 0 0 1
    outer loop
      vertex -21.3417 23.6248 39.2
      vertex -20.4738 26.1815 39.2
      vertex -20.7556 26.267 39.2
    endloop
  endfacet
  facet normal 0 0 1
    outer loop
      vertex -19.2587 25.5462 39.2
      vertex -20.8245 23.3483 39.2
      vertex -20.7335 23.2736 39.2
    endloop
  endfacet
  facet normal 0 0 1
    outer loop
      vertex -19.2587 25.5462 39.2
      vertex -20.9203 23.417 39.2
      vertex -20.8245 23.3483 39.2
    endloop
  endfacet
  facet normal 0 0 1
    outer loop
      vertex -19.6703 25.8174 39.2
      vertex -21.0203 23.4792 39.2
      vertex -20.9203 23.417 39.2
    endloop
  endfacet
  facet normal 0 0 1
    outer loop
      vertex -21.4544 23.659 39.2
      vertex -20.7556 26.267 39.2
      vertex -21.0424 26.3338 39.2
    endloop
  endfacet
  facet normal 0 0 1
    outer loop
      vertex -19.93 25.9562 39.2
      vertex -21.1242 23.5347 39.2
      vertex -21.0203 23.4792 39.2
    endloop
  endfacet
  facet normal 0 0 1
    outer loop
      vertex -20.1982 26.0778 39.2
      vertex -21.2315 23.5833 39.2
      vertex -21.1242 23.5347 39.2
    endloop
  endfacet
  facet normal 0 0 1
    outer loop
      vertex -21.5691 23.6857 39.2
      vertex -21.0424 26.3338 39.2
      vertex -21.3329 26.3818 39.2
    endloop
  endfacet
  facet normal 0 0 1
    outer loop
      vertex -20.4738 26.1815 39.2
      vertex -21.3417 23.6248 39.2
      vertex -21.2315 23.5833 39.2
    endloop
  endfacet
  facet normal 0 0 1
    outer loop
      vertex -20.7556 26.267 39.2
      vertex -21.4544 23.659 39.2
      vertex -21.3417 23.6248 39.2
    endloop
  endfacet
  facet normal 0 0 1
    outer loop
      vertex -21.0424 26.3338 39.2
      vertex -21.5691 23.6857 39.2
      vertex -21.4544 23.659 39.2
    endloop
  endfacet
  facet normal 0 0 1
    outer loop
      vertex -21.6854 23.7049 39.2
      vertex -21.3329 26.3818 39.2
      vertex -21.626 26.4107 39.2
    endloop
  endfacet
  facet normal 0 0 1
    outer loop
      vertex -21.3329 26.3818 39.2
      vertex -21.6854 23.7049 39.2
      vertex -21.5691 23.6857 39.2
    endloop
  endfacet
  facet normal 0 0 1
    outer loop
      vertex -21.626 26.4107 39.2
      vertex -21.8026 23.7165 39.2
      vertex -21.6854 23.7049 39.2
    endloop
  endfacet
  facet normal 0 0 1
    outer loop
      vertex -21.9203 26.4203 39.2
      vertex -21.8026 23.7165 39.2
      vertex -21.626 26.4107 39.2
    endloop
  endfacet
  facet normal 0 0 1
    outer loop
      vertex -21.9203 26.4203 39.2
      vertex -21.9203 23.7203 39.2
      vertex -21.8026 23.7165 39.2
    endloop
  endfacet
  facet normal 0 0 1
    outer loop
      vertex -21.9203 26.4203 39.2
      vertex -22.038 23.7165 39.2
      vertex -21.9203 23.7203 39.2
    endloop
  endfacet
  facet normal -0 0 1
    outer loop
      vertex -22.2146 26.4107 39.2
      vertex -22.038 23.7165 39.2
      vertex -21.9203 26.4203 39.2
    endloop
  endfacet
  facet normal 0 0 1
    outer loop
      vertex -22.038 23.7165 39.2
      vertex -22.2146 26.4107 39.2
      vertex -22.1553 23.7049 39.2
    endloop
  endfacet
  facet normal -0 0 1
    outer loop
      vertex -22.5077 26.3818 39.2
      vertex -22.1553 23.7049 39.2
      vertex -22.2146 26.4107 39.2
    endloop
  endfacet
  facet normal 0 0 1
    outer loop
      vertex -22.1553 23.7049 39.2
      vertex -22.5077 26.3818 39.2
      vertex -22.2715 23.6857 39.2
    endloop
  endfacet
  facet normal -0 0 1
    outer loop
      vertex -22.7982 26.3338 39.2
      vertex -22.2715 23.6857 39.2
      vertex -22.5077 26.3818 39.2
    endloop
  endfacet
  facet normal 0 0 1
    outer loop
      vertex -22.2715 23.6857 39.2
      vertex -22.7982 26.3338 39.2
      vertex -22.3862 23.659 39.2
    endloop
  endfacet
  facet normal -0 0 1
    outer loop
      vertex -23.085 26.267 39.2
      vertex -22.3862 23.659 39.2
      vertex -22.7982 26.3338 39.2
    endloop
  endfacet
  facet normal 0 0 1
    outer loop
      vertex -22.3862 23.659 39.2
      vertex -23.085 26.267 39.2
      vertex -22.4989 23.6248 39.2
    endloop
  endfacet
  facet normal -0 0 1
    outer loop
      vertex -23.3668 26.1815 39.2
      vertex -22.4989 23.6248 39.2
      vertex -23.085 26.267 39.2
    endloop
  endfacet
  facet normal 0 0 1
    outer loop
      vertex -22.4989 23.6248 39.2
      vertex -23.3668 26.1815 39.2
      vertex -22.6091 23.5833 39.2
    endloop
  endfacet
  facet normal -0 0 1
    outer loop
      vertex -23.6424 26.0778 39.2
      vertex -22.6091 23.5833 39.2
      vertex -23.3668 26.1815 39.2
    endloop
  endfacet
  facet normal 0 0 1
    outer loop
      vertex -22.6091 23.5833 39.2
      vertex -23.6424 26.0778 39.2
      vertex -22.7164 23.5347 39.2
    endloop
  endfacet
  facet normal -0 0 1
    outer loop
      vertex -23.9106 25.9562 39.2
      vertex -22.7164 23.5347 39.2
      vertex -23.6424 26.0778 39.2
    endloop
  endfacet
  facet normal 0 0 1
    outer loop
      vertex -22.7164 23.5347 39.2
      vertex -23.9106 25.9562 39.2
      vertex -22.8203 23.4792 39.2
    endloop
  endfacet
  facet normal -0 0 1
    outer loop
      vertex -24.1703 25.8174 39.2
      vertex -22.8203 23.4792 39.2
      vertex -23.9106 25.9562 39.2
    endloop
  endfacet
  facet normal 0 0 1
    outer loop
      vertex -22.8203 23.4792 39.2
      vertex -24.1703 25.8174 39.2
      vertex -22.9203 23.417 39.2
    endloop
  endfacet
  facet normal -0 0 1
    outer loop
      vertex -24.4204 25.6619 39.2
      vertex -22.9203 23.417 39.2
      vertex -24.1703 25.8174 39.2
    endloop
  endfacet
  facet normal 0 0 1
    outer loop
      vertex -22.9203 23.417 39.2
      vertex -24.4204 25.6619 39.2
      vertex -23.0161 23.3483 39.2
    endloop
  endfacet
  facet normal -0 0 1
    outer loop
      vertex -24.6597 25.4904 39.2
      vertex -23.0161 23.3483 39.2
      vertex -24.4204 25.6619 39.2
    endloop
  endfacet
  facet normal 0 0 1
    outer loop
      vertex -23.0161 23.3483 39.2
      vertex -24.6597 25.4904 39.2
      vertex -23.1071 23.2736 39.2
    endloop
  endfacet
  facet normal -0 0 1
    outer loop
      vertex -24.8874 25.3036 39.2
      vertex -23.1071 23.2736 39.2
      vertex -24.6597 25.4904 39.2
    endloop
  endfacet
  facet normal 0 0 1
    outer loop
      vertex -23.1071 23.2736 39.2
      vertex -24.8874 25.3036 39.2
      vertex -23.1931 23.1931 39.2
    endloop
  endfacet
  facet normal -0 0 1
    outer loop
      vertex -25.1023 25.1023 39.2
      vertex -23.1931 23.1931 39.2
      vertex -24.8874 25.3036 39.2
    endloop
  endfacet
  facet normal 0 0 1
    outer loop
      vertex -23.1931 23.1931 39.2
      vertex -25.1023 25.1023 39.2
      vertex -23.2736 23.1071 39.2
    endloop
  endfacet
  facet normal -0 0 1
    outer loop
      vertex -25.3036 24.8874 39.2
      vertex -23.2736 23.1071 39.2
      vertex -25.1023 25.1023 39.2
    endloop
  endfacet
  facet normal 0 0 1
    outer loop
      vertex -23.2736 23.1071 39.2
      vertex -25.3036 24.8874 39.2
      vertex -23.3483 23.0161 39.2
    endloop
  endfacet
  facet normal -0 0 1
    outer loop
      vertex -25.4904 24.6597 39.2
      vertex -23.3483 23.0161 39.2
      vertex -25.3036 24.8874 39.2
    endloop
  endfacet
  facet normal 0 0 1
    outer loop
      vertex -23.3483 23.0161 39.2
      vertex -25.4904 24.6597 39.2
      vertex -23.417 22.9203 39.2
    endloop
  endfacet
  facet normal -0 0 1
    outer loop
      vertex -25.6619 24.4204 39.2
      vertex -23.417 22.9203 39.2
      vertex -25.4904 24.6597 39.2
    endloop
  endfacet
  facet normal 0 0 1
    outer loop
      vertex -23.417 22.9203 39.2
      vertex -25.6619 24.4204 39.2
      vertex -23.4792 22.8203 39.2
    endloop
  endfacet
  facet normal 0 0 1
    outer loop
      vertex -20.1357 -22.1553 39.2
      vertex -19.121 -21.8034 39.2
      vertex -20.1242 -22.038 39.2
    endloop
  endfacet
  facet normal 0 0 1
    outer loop
      vertex -20.1549 -22.2715 39.2
      vertex -19.121 -21.8034 39.2
      vertex -20.1357 -22.1553 39.2
    endloop
  endfacet
  facet normal 0 0 1
    outer loop
      vertex -20.1816 -22.3862 39.2
      vertex -19.121 -21.8034 39.2
      vertex -20.1549 -22.2715 39.2
    endloop
  endfacet
  facet normal 0 0 1
    outer loop
      vertex -20.2158 -22.4989 39.2
      vertex -19.121 -21.8034 39.2
      vertex -20.1816 -22.3862 39.2
    endloop
  endfacet
  facet normal 0 0 1
    outer loop
      vertex -20.2573 -22.6091 39.2
      vertex -19.121 -21.8034 39.2
      vertex -20.2158 -22.4989 39.2
    endloop
  endfacet
  facet normal 0 0 1
    outer loop
      vertex -17.6541 -23.0072 39.2
      vertex -20.2573 -22.6091 39.2
      vertex -20.3059 -22.7164 39.2
    endloop
  endfacet
  facet normal 0 0 1
    outer loop
      vertex -17.6541 -23.0072 39.2
      vertex -20.3059 -22.7164 39.2
      vertex -20.3615 -22.8203 39.2
    endloop
  endfacet
  facet normal -0 0 1
    outer loop
      vertex -20.567 -23.1071 39.2
      vertex -19.2587 -25.5462 39.2
      vertex -20.4923 -23.0161 39.2
    endloop
  endfacet
  facet normal -0 0 1
    outer loop
      vertex -20.6475 -23.1931 39.2
      vertex -19.2587 -25.5462 39.2
      vertex -20.567 -23.1071 39.2
    endloop
  endfacet
  facet normal -0 0 1
    outer loop
      vertex -20.7335 -23.2736 39.2
      vertex -19.2587 -25.5462 39.2
      vertex -20.6475 -23.1931 39.2
    endloop
  endfacet
  facet normal -0 0 1
    outer loop
      vertex -20.8245 -23.3483 39.2
      vertex -19.2587 -25.5462 39.2
      vertex -20.7335 -23.2736 39.2
    endloop
  endfacet
  facet normal -0 0 1
    outer loop
      vertex -20.9203 -23.417 39.2
      vertex -19.2587 -25.5462 39.2
      vertex -20.8245 -23.3483 39.2
    endloop
  endfacet
  facet normal 0 0 1
    outer loop
      vertex -19.2587 -25.5462 39.2
      vertex -20.9203 -23.417 39.2
      vertex -19.4202 -25.6619 39.2
    endloop
  endfacet
  facet normal 0 0 1
    outer loop
      vertex -19.4202 -25.6619 39.2
      vertex -20.9203 -23.417 39.2
      vertex -19.6703 -25.8174 39.2
    endloop
  endfacet
  facet normal -0 0 1
    outer loop
      vertex -21.0203 -23.4792 39.2
      vertex -19.6703 -25.8174 39.2
      vertex -20.9203 -23.417 39.2
    endloop
  endfacet
  facet normal 0 0 1
    outer loop
      vertex -19.6703 -25.8174 39.2
      vertex -21.0203 -23.4792 39.2
      vertex -19.93 -25.9562 39.2
    endloop
  endfacet
  facet normal -0 0 1
    outer loop
      vertex -21.1242 -23.5347 39.2
      vertex -19.93 -25.9562 39.2
      vertex -21.0203 -23.4792 39.2
    endloop
  endfacet
  facet normal 0 0 1
    outer loop
      vertex -19.93 -25.9562 39.2
      vertex -21.1242 -23.5347 39.2
      vertex -20.1982 -26.0778 39.2
    endloop
  endfacet
  facet normal -0 0 1
    outer loop
      vertex -21.2315 -23.5833 39.2
      vertex -20.1982 -26.0778 39.2
      vertex -21.1242 -23.5347 39.2
    endloop
  endfacet
  facet normal 0 0 1
    outer loop
      vertex -20.1982 -26.0778 39.2
      vertex -21.2315 -23.5833 39.2
      vertex -20.4738 -26.1815 39.2
    endloop
  endfacet
  facet normal -0 0 1
    outer loop
      vertex -21.3417 -23.6248 39.2
      vertex -20.4738 -26.1815 39.2
      vertex -21.2315 -23.5833 39.2
    endloop
  endfacet
  facet normal 0 0 1
    outer loop
      vertex -20.4738 -26.1815 39.2
      vertex -21.3417 -23.6248 39.2
      vertex -20.7556 -26.267 39.2
    endloop
  endfacet
  facet normal -0 0 1
    outer loop
      vertex -21.4544 -23.659 39.2
      vertex -20.7556 -26.267 39.2
      vertex -21.3417 -23.6248 39.2
    endloop
  endfacet
  facet normal 0 0 1
    outer loop
      vertex -20.7556 -26.267 39.2
      vertex -21.4544 -23.659 39.2
      vertex -21.0424 -26.3338 39.2
    endloop
  endfacet
  facet normal -0 0 1
    outer loop
      vertex -21.5691 -23.6857 39.2
      vertex -21.0424 -26.3338 39.2
      vertex -21.4544 -23.659 39.2
    endloop
  endfacet
  facet normal 0 0 1
    outer loop
      vertex -21.0424 -26.3338 39.2
      vertex -21.5691 -23.6857 39.2
      vertex -21.3329 -26.3818 39.2
    endloop
  endfacet
  facet normal -0 0 1
    outer loop
      vertex -21.6854 -23.7049 39.2
      vertex -21.3329 -26.3818 39.2
      vertex -21.5691 -23.6857 39.2
    endloop
  endfacet
  facet normal 0 0 1
    outer loop
      vertex -21.3329 -26.3818 39.2
      vertex -21.6854 -23.7049 39.2
      vertex -21.626 -26.4107 39.2
    endloop
  endfacet
  facet normal -0 0 1
    outer loop
      vertex -21.8026 -23.7165 39.2
      vertex -21.626 -26.4107 39.2
      vertex -21.6854 -23.7049 39.2
    endloop
  endfacet
  facet normal -0 0 1
    outer loop
      vertex -21.9203 -23.7203 39.2
      vertex -21.626 -26.4107 39.2
      vertex -21.8026 -23.7165 39.2
    endloop
  endfacet
  facet normal 0 0 1
    outer loop
      vertex -21.9203 -23.7203 39.2
      vertex -21.9203 -26.4203 39.2
      vertex -21.626 -26.4107 39.2
    endloop
  endfacet
  facet normal 0 0 1
    outer loop
      vertex -22.038 -23.7165 39.2
      vertex -21.9203 -26.4203 39.2
      vertex -21.9203 -23.7203 39.2
    endloop
  endfacet
  facet normal 0 0 1
    outer loop
      vertex -22.2146 -26.4107 39.2
      vertex -22.038 -23.7165 39.2
      vertex -22.1553 -23.7049 39.2
    endloop
  endfacet
  facet normal 0 0 1
    outer loop
      vertex -22.038 -23.7165 39.2
      vertex -22.2146 -26.4107 39.2
      vertex -21.9203 -26.4203 39.2
    endloop
  endfacet
  facet normal 0 0 1
    outer loop
      vertex -22.5077 -26.3818 39.2
      vertex -22.1553 -23.7049 39.2
      vertex -22.2715 -23.6857 39.2
    endloop
  endfacet
  facet normal 0 0 1
    outer loop
      vertex -22.7982 -26.3338 39.2
      vertex -22.2715 -23.6857 39.2
      vertex -22.3862 -23.659 39.2
    endloop
  endfacet
  facet normal 0 0 1
    outer loop
      vertex -23.085 -26.267 39.2
      vertex -22.3862 -23.659 39.2
      vertex -22.4989 -23.6248 39.2
    endloop
  endfacet
  facet normal 0 0 1
    outer loop
      vertex -22.1553 -23.7049 39.2
      vertex -22.5077 -26.3818 39.2
      vertex -22.2146 -26.4107 39.2
    endloop
  endfacet
  facet normal 0 0 1
    outer loop
      vertex -23.3668 -26.1815 39.2
      vertex -22.4989 -23.6248 39.2
      vertex -22.6091 -23.5833 39.2
    endloop
  endfacet
  facet normal 0 0 1
    outer loop
      vertex -23.6424 -26.0778 39.2
      vertex -22.6091 -23.5833 39.2
      vertex -22.7164 -23.5347 39.2
    endloop
  endfacet
  facet normal 0 0 1
    outer loop
      vertex -22.2715 -23.6857 39.2
      vertex -22.7982 -26.3338 39.2
      vertex -22.5077 -26.3818 39.2
    endloop
  endfacet
  facet normal 0 0 1
    outer loop
      vertex -23.9106 -25.9562 39.2
      vertex -22.7164 -23.5347 39.2
      vertex -22.8203 -23.4792 39.2
    endloop
  endfacet
  facet normal 0 0 1
    outer loop
      vertex -23.9106 -25.9562 39.2
      vertex -22.8203 -23.4792 39.2
      vertex -22.9203 -23.417 39.2
    endloop
  endfacet
  facet normal 0 0 1
    outer loop
      vertex -23.9106 -25.9562 39.2
      vertex -22.9203 -23.417 39.2
      vertex -23.0161 -23.3483 39.2
    endloop
  endfacet
  facet normal 0 0 1
    outer loop
      vertex -22.3862 -23.659 39.2
      vertex -23.085 -26.267 39.2
      vertex -22.7982 -26.3338 39.2
    endloop
  endfacet
  facet normal 0 0 1
    outer loop
      vertex -23.9106 -25.9562 39.2
      vertex -23.0161 -23.3483 39.2
      vertex -23.1071 -23.2736 39.2
    endloop
  endfacet
  facet normal 0 0 1
    outer loop
      vertex -23.9106 -25.9562 39.2
      vertex -23.1071 -23.2736 39.2
      vertex -23.1931 -23.1931 39.2
    endloop
  endfacet
  facet normal 0 0 1
    outer loop
      vertex -23.9106 -25.9562 39.2
      vertex -23.1931 -23.1931 39.2
      vertex -23.2736 -23.1071 39.2
    endloop
  endfacet
  facet normal 0 0 1
    outer loop
      vertex -23.9106 -25.9562 39.2
      vertex -23.2736 -23.1071 39.2
      vertex -23.3483 -23.0161 39.2
    endloop
  endfacet
  facet normal 0 0 1
    outer loop
      vertex -22.4989 -23.6248 39.2
      vertex -23.3668 -26.1815 39.2
      vertex -23.085 -26.267 39.2
    endloop
  endfacet
  facet normal 0 0 1
    outer loop
      vertex -23.9106 -25.9562 39.2
      vertex -23.3483 -23.0161 39.2
      vertex -23.417 -22.9203 39.2
    endloop
  endfacet
  facet normal 0 0 1
    outer loop
      vertex -23.9106 -25.9562 39.2
      vertex -23.417 -22.9203 39.2
      vertex -23.4792 -22.8203 39.2
    endloop
  endfacet
  facet normal 0 0 1
    outer loop
      vertex -23.9106 -25.9562 39.2
      vertex -23.4792 -22.8203 39.2
      vertex -23.5347 -22.7164 39.2
    endloop
  endfacet
  facet normal 0 0 1
    outer loop
      vertex -23.9106 -25.9562 39.2
      vertex -23.5347 -22.7164 39.2
      vertex -23.5833 -22.6091 39.2
    endloop
  endfacet
  facet normal 0 0 1
    outer loop
      vertex -23.9106 -25.9562 39.2
      vertex -23.5833 -22.6091 39.2
      vertex -23.6248 -22.4989 39.2
    endloop
  endfacet
  facet normal 0 0 1
    outer loop
      vertex -22.6091 -23.5833 39.2
      vertex -23.6424 -26.0778 39.2
      vertex -23.3668 -26.1815 39.2
    endloop
  endfacet
  facet normal 0 0 1
    outer loop
      vertex -23.9106 -25.9562 39.2
      vertex -23.6248 -22.4989 39.2
      vertex -23.659 -22.3862 39.2
    endloop
  endfacet
  facet normal 0 0 1
    outer loop
      vertex -23.9106 -25.9562 39.2
      vertex -23.659 -22.3862 39.2
      vertex -23.6857 -22.2715 39.2
    endloop
  endfacet
  facet normal 0 0 1
    outer loop
      vertex -23.9106 -25.9562 39.2
      vertex -23.6857 -22.2715 39.2
      vertex -23.7049 -22.1553 39.2
    endloop
  endfacet
  facet normal 0 0 1
    outer loop
      vertex -23.9106 -25.9562 39.2
      vertex -23.7049 -22.1553 39.2
      vertex -23.7165 -22.038 39.2
    endloop
  endfacet
  facet normal 0 0 1
    outer loop
      vertex -23.9106 -25.9562 39.2
      vertex -23.7165 -22.038 39.2
      vertex -23.7203 -21.9203 39.2
    endloop
  endfacet
  facet normal 0 0 1
    outer loop
      vertex -22.7164 -23.5347 39.2
      vertex -23.9106 -25.9562 39.2
      vertex -23.6424 -26.0778 39.2
    endloop
  endfacet
  facet normal -0 0 1
    outer loop
      vertex 23.6248 21.3417 39.2
      vertex 26.1815 20.4738 39.2
      vertex 23.659 21.4544 39.2
    endloop
  endfacet
  facet normal 0 0 1
    outer loop
      vertex 26.3818 22.5077 39.2
      vertex 23.7049 22.1553 39.2
      vertex 23.7165 22.038 39.2
    endloop
  endfacet
  facet normal 0 0 1
    outer loop
      vertex 26.3338 22.7982 39.2
      vertex 23.6857 22.2715 39.2
      vertex 23.7049 22.1553 39.2
    endloop
  endfacet
  facet normal 0 0 1
    outer loop
      vertex 26.267 23.085 39.2
      vertex 23.659 22.3862 39.2
      vertex 23.6857 22.2715 39.2
    endloop
  endfacet
  facet normal 0 0 1
    outer loop
      vertex 22.7164 23.5347 39.2
      vertex 23.9106 25.9562 39.2
      vertex 23.6424 26.0778 39.2
    endloop
  endfacet
  facet normal 0 0 1
    outer loop
      vertex 26.1815 23.3668 39.2
      vertex 23.6248 22.4989 39.2
      vertex 23.659 22.3862 39.2
    endloop
  endfacet
  facet normal 0 0 1
    outer loop
      vertex 26.0778 23.6424 39.2
      vertex 23.5833 22.6091 39.2
      vertex 23.6248 22.4989 39.2
    endloop
  endfacet
  facet normal 0 0 1
    outer loop
      vertex 25.9562 23.9106 39.2
      vertex 23.5347 22.7164 39.2
      vertex 23.5833 22.6091 39.2
    endloop
  endfacet
  facet normal 0 0 1
    outer loop
      vertex 25.8174 24.1703 39.2
      vertex 23.4792 22.8203 39.2
      vertex 23.5347 22.7164 39.2
    endloop
  endfacet
  facet normal 0 0 1
    outer loop
      vertex 25.6619 24.4204 39.2
      vertex 23.417 22.9203 39.2
      vertex 23.4792 22.8203 39.2
    endloop
  endfacet
  facet normal 0 0 1
    outer loop
      vertex 22.6091 23.5833 39.2
      vertex 23.6424 26.0778 39.2
      vertex 23.3668 26.1815 39.2
    endloop
  endfacet
  facet normal 0 0 1
    outer loop
      vertex 25.4904 24.6597 39.2
      vertex 23.3483 23.0161 39.2
      vertex 23.417 22.9203 39.2
    endloop
  endfacet
  facet normal 0 0 1
    outer loop
      vertex 25.3036 24.8874 39.2
      vertex 23.2736 23.1071 39.2
      vertex 23.3483 23.0161 39.2
    endloop
  endfacet
  facet normal 0 0 1
    outer loop
      vertex 25.1023 25.1023 39.2
      vertex 23.1931 23.1931 39.2
      vertex 23.2736 23.1071 39.2
    endloop
  endfacet
  facet normal 0 0 1
    outer loop
      vertex 24.8874 25.3036 39.2
      vertex 23.1071 23.2736 39.2
      vertex 23.1931 23.1931 39.2
    endloop
  endfacet
  facet normal 0 0 1
    outer loop
      vertex 22.4989 23.6248 39.2
      vertex 23.3668 26.1815 39.2
      vertex 23.085 26.267 39.2
    endloop
  endfacet
  facet normal 0 0 1
    outer loop
      vertex 24.6597 25.4904 39.2
      vertex 23.0161 23.3483 39.2
      vertex 23.1071 23.2736 39.2
    endloop
  endfacet
  facet normal 0 0 1
    outer loop
      vertex 24.4204 25.6619 39.2
      vertex 22.9203 23.417 39.2
      vertex 23.0161 23.3483 39.2
    endloop
  endfacet
  facet normal 0 0 1
    outer loop
      vertex 24.1703 25.8174 39.2
      vertex 22.8203 23.4792 39.2
      vertex 22.9203 23.417 39.2
    endloop
  endfacet
  facet normal 0 0 1
    outer loop
      vertex 22.3862 23.659 39.2
      vertex 23.085 26.267 39.2
      vertex 22.7982 26.3338 39.2
    endloop
  endfacet
  facet normal 0 0 1
    outer loop
      vertex 23.9106 25.9562 39.2
      vertex 22.7164 23.5347 39.2
      vertex 22.8203 23.4792 39.2
    endloop
  endfacet
  facet normal 0 0 1
    outer loop
      vertex 23.6424 26.0778 39.2
      vertex 22.6091 23.5833 39.2
      vertex 22.7164 23.5347 39.2
    endloop
  endfacet
  facet normal 0 0 1
    outer loop
      vertex 22.2715 23.6857 39.2
      vertex 22.7982 26.3338 39.2
      vertex 22.5077 26.3818 39.2
    endloop
  endfacet
  facet normal 0 0 1
    outer loop
      vertex 23.3668 26.1815 39.2
      vertex 22.4989 23.6248 39.2
      vertex 22.6091 23.5833 39.2
    endloop
  endfacet
  facet normal 0 0 1
    outer loop
      vertex 23.085 26.267 39.2
      vertex 22.3862 23.659 39.2
      vertex 22.4989 23.6248 39.2
    endloop
  endfacet
  facet normal 0 0 1
    outer loop
      vertex 22.7982 26.3338 39.2
      vertex 22.2715 23.6857 39.2
      vertex 22.3862 23.659 39.2
    endloop
  endfacet
  facet normal 0 0 1
    outer loop
      vertex 22.1553 23.7049 39.2
      vertex 22.5077 26.3818 39.2
      vertex 22.2146 26.4107 39.2
    endloop
  endfacet
  facet normal 0 0 1
    outer loop
      vertex 22.5077 26.3818 39.2
      vertex 22.1553 23.7049 39.2
      vertex 22.2715 23.6857 39.2
    endloop
  endfacet
  facet normal 0 0 1
    outer loop
      vertex 22.2146 26.4107 39.2
      vertex 22.038 23.7165 39.2
      vertex 22.1553 23.7049 39.2
    endloop
  endfacet
  facet normal 0 0 1
    outer loop
      vertex 21.9203 26.4203 39.2
      vertex 22.038 23.7165 39.2
      vertex 22.2146 26.4107 39.2
    endloop
  endfacet
  facet normal 0 0 1
    outer loop
      vertex 21.9203 26.4203 39.2
      vertex 21.9203 23.7203 39.2
      vertex 22.038 23.7165 39.2
    endloop
  endfacet
  facet normal 0 0 1
    outer loop
      vertex 21.9203 26.4203 39.2
      vertex 21.8026 23.7165 39.2
      vertex 21.9203 23.7203 39.2
    endloop
  endfacet
  facet normal -0 0 1
    outer loop
      vertex 21.626 26.4107 39.2
      vertex 21.8026 23.7165 39.2
      vertex 21.9203 26.4203 39.2
    endloop
  endfacet
  facet normal 0 0 1
    outer loop
      vertex 21.8026 23.7165 39.2
      vertex 21.626 26.4107 39.2
      vertex 21.6854 23.7049 39.2
    endloop
  endfacet
  facet normal -0 0 1
    outer loop
      vertex 21.3329 26.3818 39.2
      vertex 21.6854 23.7049 39.2
      vertex 21.626 26.4107 39.2
    endloop
  endfacet
  facet normal 0 0 1
    outer loop
      vertex 21.6854 23.7049 39.2
      vertex 21.3329 26.3818 39.2
      vertex 21.5691 23.6857 39.2
    endloop
  endfacet
  facet normal -0 0 1
    outer loop
      vertex 21.0424 26.3338 39.2
      vertex 21.5691 23.6857 39.2
      vertex 21.3329 26.3818 39.2
    endloop
  endfacet
  facet normal 0 0 1
    outer loop
      vertex 21.5691 23.6857 39.2
      vertex 21.0424 26.3338 39.2
      vertex 21.4544 23.659 39.2
    endloop
  endfacet
  facet normal -0 0 1
    outer loop
      vertex 20.7556 26.267 39.2
      vertex 21.4544 23.659 39.2
      vertex 21.0424 26.3338 39.2
    endloop
  endfacet
  facet normal 0 0 1
    outer loop
      vertex 21.4544 23.659 39.2
      vertex 20.7556 26.267 39.2
      vertex 21.3417 23.6248 39.2
    endloop
  endfacet
  facet normal -0 0 1
    outer loop
      vertex 20.4738 26.1815 39.2
      vertex 21.3417 23.6248 39.2
      vertex 20.7556 26.267 39.2
    endloop
  endfacet
  facet normal 0 0 1
    outer loop
      vertex 21.3417 23.6248 39.2
      vertex 20.4738 26.1815 39.2
      vertex 21.2315 23.5833 39.2
    endloop
  endfacet
  facet normal -0 0 1
    outer loop
      vertex 20.1982 26.0778 39.2
      vertex 21.2315 23.5833 39.2
      vertex 20.4738 26.1815 39.2
    endloop
  endfacet
  facet normal 0 0 1
    outer loop
      vertex 21.2315 23.5833 39.2
      vertex 20.1982 26.0778 39.2
      vertex 21.1242 23.5347 39.2
    endloop
  endfacet
  facet normal -0 0 1
    outer loop
      vertex 19.93 25.9562 39.2
      vertex 21.1242 23.5347 39.2
      vertex 20.1982 26.0778 39.2
    endloop
  endfacet
  facet normal 0 0 1
    outer loop
      vertex 21.1242 23.5347 39.2
      vertex 19.93 25.9562 39.2
      vertex 21.0203 23.4792 39.2
    endloop
  endfacet
  facet normal -0 0 1
    outer loop
      vertex 19.6703 25.8174 39.2
      vertex 21.0203 23.4792 39.2
      vertex 19.93 25.9562 39.2
    endloop
  endfacet
  facet normal 0 0 1
    outer loop
      vertex 21.0203 23.4792 39.2
      vertex 19.6703 25.8174 39.2
      vertex 20.9203 23.417 39.2
    endloop
  endfacet
  facet normal -0 0 1
    outer loop
      vertex 19.4202 25.6619 39.2
      vertex 20.9203 23.417 39.2
      vertex 19.6703 25.8174 39.2
    endloop
  endfacet
  facet normal -0 0 1
    outer loop
      vertex 19.2587 25.5462 39.2
      vertex 20.9203 23.417 39.2
      vertex 19.4202 25.6619 39.2
    endloop
  endfacet
  facet normal 0 0 1
    outer loop
      vertex 20.9203 23.417 39.2
      vertex 19.2587 25.5462 39.2
      vertex 20.8245 23.3483 39.2
    endloop
  endfacet
  facet normal 0 0 1
    outer loop
      vertex 20.8245 23.3483 39.2
      vertex 19.2587 25.5462 39.2
      vertex 20.7335 23.2736 39.2
    endloop
  endfacet
  facet normal 0 0 1
    outer loop
      vertex 20.7335 23.2736 39.2
      vertex 19.2587 25.5462 39.2
      vertex 20.6475 23.1931 39.2
    endloop
  endfacet
  facet normal 0 0 1
    outer loop
      vertex 20.6475 23.1931 39.2
      vertex 19.2587 25.5462 39.2
      vertex 20.567 23.1071 39.2
    endloop
  endfacet
  facet normal 0 0 1
    outer loop
      vertex 20.567 23.1071 39.2
      vertex 19.2587 25.5462 39.2
      vertex 20.4923 23.0161 39.2
    endloop
  endfacet
  facet normal 0 0 1
    outer loop
      vertex 20.4923 23.0161 39.2
      vertex 19.2587 25.5462 39.2
      vertex 20.4237 22.9203 39.2
    endloop
  endfacet
  facet normal -0 0 1
    outer loop
      vertex 17.6541 23.0072 39.2
      vertex 20.4237 22.9203 39.2
      vertex 19.2587 25.5462 39.2
    endloop
  endfacet
  facet normal 0 0 1
    outer loop
      vertex 20.4237 22.9203 39.2
      vertex 17.6541 23.0072 39.2
      vertex 20.3615 22.8203 39.2
    endloop
  endfacet
  facet normal 0 0 1
    outer loop
      vertex 20.3615 22.8203 39.2
      vertex 17.6541 23.0072 39.2
      vertex 20.3059 22.7164 39.2
    endloop
  endfacet
  facet normal 0 0 1
    outer loop
      vertex 20.3059 22.7164 39.2
      vertex 17.6541 23.0072 39.2
      vertex 20.2573 22.6091 39.2
    endloop
  endfacet
  facet normal 0 -0 1
    outer loop
      vertex 19.121 21.8034 39.2
      vertex 20.2573 22.6091 39.2
      vertex 17.6541 23.0072 39.2
    endloop
  endfacet
  facet normal 0 0 1
    outer loop
      vertex 20.2573 22.6091 39.2
      vertex 19.121 21.8034 39.2
      vertex 20.2158 22.4989 39.2
    endloop
  endfacet
  facet normal 0 0 1
    outer loop
      vertex 23.7203 -21.9203 39.2
      vertex 26.4203 -21.9203 39.2
      vertex 26.4107 -21.626 39.2
    endloop
  endfacet
  facet normal 0 0 1
    outer loop
      vertex 23.7203 -21.9203 39.2
      vertex 26.4107 -21.626 39.2
      vertex 26.3818 -21.3329 39.2
    endloop
  endfacet
  facet normal 0 0 1
    outer loop
      vertex 26.4203 -21.9203 39.2
      vertex 23.7203 -21.9203 39.2
      vertex 26.4107 -22.2146 39.2
    endloop
  endfacet
  facet normal 0 0 1
    outer loop
      vertex 23.7203 -21.9203 39.2
      vertex 26.3818 -21.3329 39.2
      vertex 26.3338 -21.0424 39.2
    endloop
  endfacet
  facet normal -0 0 1
    outer loop
      vertex 23.7165 -22.038 39.2
      vertex 26.4107 -22.2146 39.2
      vertex 23.7203 -21.9203 39.2
    endloop
  endfacet
  facet normal 0 0 1
    outer loop
      vertex 23.7203 -21.9203 39.2
      vertex 26.3338 -21.0424 39.2
      vertex 26.267 -20.7556 39.2
    endloop
  endfacet
  facet normal 0 0 1
    outer loop
      vertex 26.4107 -22.2146 39.2
      vertex 23.7165 -22.038 39.2
      vertex 26.3818 -22.5077 39.2
    endloop
  endfacet
  facet normal 0 0 1
    outer loop
      vertex 23.7203 -21.9203 39.2
      vertex 26.267 -20.7556 39.2
      vertex 26.1815 -20.4738 39.2
    endloop
  endfacet
  facet normal -0 0 1
    outer loop
      vertex 23.7049 -22.1553 39.2
      vertex 26.3818 -22.5077 39.2
      vertex 23.7165 -22.038 39.2
    endloop
  endfacet
  facet normal 0 0 1
    outer loop
      vertex 23.7203 -21.9203 39.2
      vertex 26.1815 -20.4738 39.2
      vertex 26.0778 -20.1982 39.2
    endloop
  endfacet
  facet normal 0 0 1
    outer loop
      vertex 26.3818 -22.5077 39.2
      vertex 23.7049 -22.1553 39.2
      vertex 26.3338 -22.7982 39.2
    endloop
  endfacet
  facet normal 0 0 1
    outer loop
      vertex 23.7203 -21.9203 39.2
      vertex 26.0778 -20.1982 39.2
      vertex 25.9562 -19.93 39.2
    endloop
  endfacet
  facet normal -0 0 1
    outer loop
      vertex 23.6857 -22.2715 39.2
      vertex 26.3338 -22.7982 39.2
      vertex 23.7049 -22.1553 39.2
    endloop
  endfacet
  facet normal 0 0 1
    outer loop
      vertex 23.7203 -21.9203 39.2
      vertex 25.9562 -19.93 39.2
      vertex 25.8174 -19.6703 39.2
    endloop
  endfacet
  facet normal 0 0 1
    outer loop
      vertex 26.3338 -22.7982 39.2
      vertex 23.6857 -22.2715 39.2
      vertex 26.267 -23.085 39.2
    endloop
  endfacet
  facet normal 0 0 1
    outer loop
      vertex 23.7203 -21.9203 39.2
      vertex 25.6619 -19.4202 39.2
      vertex 25.5462 -19.2587 39.2
    endloop
  endfacet
  facet normal 0 0 1
    outer loop
      vertex 25.6619 -19.4202 39.2
      vertex 23.7203 -21.9203 39.2
      vertex 25.8174 -19.6703 39.2
    endloop
  endfacet
  facet normal -0 0 1
    outer loop
      vertex 23.659 -22.3862 39.2
      vertex 26.267 -23.085 39.2
      vertex 23.6857 -22.2715 39.2
    endloop
  endfacet
  facet normal 0 0 1
    outer loop
      vertex 26.267 -23.085 39.2
      vertex 23.659 -22.3862 39.2
      vertex 26.1815 -23.3668 39.2
    endloop
  endfacet
  facet normal -0 0 1
    outer loop
      vertex 23.417 -22.9203 39.2
      vertex 25.6619 -24.4204 39.2
      vertex 23.4792 -22.8203 39.2
    endloop
  endfacet
  facet normal 0 0 1
    outer loop
      vertex 25.6619 -24.4204 39.2
      vertex 23.417 -22.9203 39.2
      vertex 25.4904 -24.6597 39.2
    endloop
  endfacet
  facet normal -0 0 1
    outer loop
      vertex 23.3483 -23.0161 39.2
      vertex 25.4904 -24.6597 39.2
      vertex 23.417 -22.9203 39.2
    endloop
  endfacet
  facet normal 0 0 1
    outer loop
      vertex 25.4904 -24.6597 39.2
      vertex 23.3483 -23.0161 39.2
      vertex 25.3036 -24.8874 39.2
    endloop
  endfacet
  facet normal -0 0 1
    outer loop
      vertex 23.2736 -23.1071 39.2
      vertex 25.3036 -24.8874 39.2
      vertex 23.3483 -23.0161 39.2
    endloop
  endfacet
  facet normal 0 0 1
    outer loop
      vertex 25.3036 -24.8874 39.2
      vertex 23.2736 -23.1071 39.2
      vertex 25.1023 -25.1023 39.2
    endloop
  endfacet
  facet normal -0 0 1
    outer loop
      vertex 23.1931 -23.1931 39.2
      vertex 25.1023 -25.1023 39.2
      vertex 23.2736 -23.1071 39.2
    endloop
  endfacet
  facet normal 0 0 1
    outer loop
      vertex 25.1023 -25.1023 39.2
      vertex 23.1931 -23.1931 39.2
      vertex 24.8874 -25.3036 39.2
    endloop
  endfacet
  facet normal -0 0 1
    outer loop
      vertex 23.1071 -23.2736 39.2
      vertex 24.8874 -25.3036 39.2
      vertex 23.1931 -23.1931 39.2
    endloop
  endfacet
  facet normal 0 0 1
    outer loop
      vertex 24.8874 -25.3036 39.2
      vertex 23.1071 -23.2736 39.2
      vertex 24.6597 -25.4904 39.2
    endloop
  endfacet
  facet normal -0 0 1
    outer loop
      vertex 23.0161 -23.3483 39.2
      vertex 24.6597 -25.4904 39.2
      vertex 23.1071 -23.2736 39.2
    endloop
  endfacet
  facet normal 0 0 1
    outer loop
      vertex 24.6597 -25.4904 39.2
      vertex 23.0161 -23.3483 39.2
      vertex 24.4204 -25.6619 39.2
    endloop
  endfacet
  facet normal -0 0 1
    outer loop
      vertex 22.9203 -23.417 39.2
      vertex 24.4204 -25.6619 39.2
      vertex 23.0161 -23.3483 39.2
    endloop
  endfacet
  facet normal 0 0 1
    outer loop
      vertex 24.4204 -25.6619 39.2
      vertex 22.9203 -23.417 39.2
      vertex 24.1703 -25.8174 39.2
    endloop
  endfacet
  facet normal -0 0 1
    outer loop
      vertex 22.8203 -23.4792 39.2
      vertex 24.1703 -25.8174 39.2
      vertex 22.9203 -23.417 39.2
    endloop
  endfacet
  facet normal 0 0 1
    outer loop
      vertex 24.1703 -25.8174 39.2
      vertex 22.8203 -23.4792 39.2
      vertex 23.9106 -25.9562 39.2
    endloop
  endfacet
  facet normal -0 0 1
    outer loop
      vertex 22.7164 -23.5347 39.2
      vertex 23.9106 -25.9562 39.2
      vertex 22.8203 -23.4792 39.2
    endloop
  endfacet
  facet normal 0 0 1
    outer loop
      vertex 23.9106 -25.9562 39.2
      vertex 22.7164 -23.5347 39.2
      vertex 23.6424 -26.0778 39.2
    endloop
  endfacet
  facet normal -0 0 1
    outer loop
      vertex 22.6091 -23.5833 39.2
      vertex 23.6424 -26.0778 39.2
      vertex 22.7164 -23.5347 39.2
    endloop
  endfacet
  facet normal 0 0 1
    outer loop
      vertex 23.6424 -26.0778 39.2
      vertex 22.6091 -23.5833 39.2
      vertex 23.3668 -26.1815 39.2
    endloop
  endfacet
  facet normal -0 0 1
    outer loop
      vertex 22.4989 -23.6248 39.2
      vertex 23.3668 -26.1815 39.2
      vertex 22.6091 -23.5833 39.2
    endloop
  endfacet
  facet normal 0 0 1
    outer loop
      vertex 23.3668 -26.1815 39.2
      vertex 22.4989 -23.6248 39.2
      vertex 23.085 -26.267 39.2
    endloop
  endfacet
  facet normal -0 0 1
    outer loop
      vertex 22.3862 -23.659 39.2
      vertex 23.085 -26.267 39.2
      vertex 22.4989 -23.6248 39.2
    endloop
  endfacet
  facet normal 0 0 1
    outer loop
      vertex 23.085 -26.267 39.2
      vertex 22.3862 -23.659 39.2
      vertex 22.7982 -26.3338 39.2
    endloop
  endfacet
  facet normal -0 0 1
    outer loop
      vertex 22.2715 -23.6857 39.2
      vertex 22.7982 -26.3338 39.2
      vertex 22.3862 -23.659 39.2
    endloop
  endfacet
  facet normal 0 0 1
    outer loop
      vertex 22.7982 -26.3338 39.2
      vertex 22.2715 -23.6857 39.2
      vertex 22.5077 -26.3818 39.2
    endloop
  endfacet
  facet normal -0 0 1
    outer loop
      vertex 22.1553 -23.7049 39.2
      vertex 22.5077 -26.3818 39.2
      vertex 22.2715 -23.6857 39.2
    endloop
  endfacet
  facet normal 0 0 1
    outer loop
      vertex 22.5077 -26.3818 39.2
      vertex 22.1553 -23.7049 39.2
      vertex 22.2146 -26.4107 39.2
    endloop
  endfacet
  facet normal -0 0 1
    outer loop
      vertex 22.038 -23.7165 39.2
      vertex 22.2146 -26.4107 39.2
      vertex 22.1553 -23.7049 39.2
    endloop
  endfacet
  facet normal -0 0 1
    outer loop
      vertex 21.9203 -23.7203 39.2
      vertex 22.2146 -26.4107 39.2
      vertex 22.038 -23.7165 39.2
    endloop
  endfacet
  facet normal 0 0 1
    outer loop
      vertex 21.9203 -23.7203 39.2
      vertex 21.9203 -26.4203 39.2
      vertex 22.2146 -26.4107 39.2
    endloop
  endfacet
  facet normal 0 0 1
    outer loop
      vertex 21.8026 -23.7165 39.2
      vertex 21.9203 -26.4203 39.2
      vertex 21.9203 -23.7203 39.2
    endloop
  endfacet
  facet normal 0 0 1
    outer loop
      vertex 21.626 -26.4107 39.2
      vertex 21.8026 -23.7165 39.2
      vertex 21.6854 -23.7049 39.2
    endloop
  endfacet
  facet normal 0 0 1
    outer loop
      vertex 21.8026 -23.7165 39.2
      vertex 21.626 -26.4107 39.2
      vertex 21.9203 -26.4203 39.2
    endloop
  endfacet
  facet normal 0 0 1
    outer loop
      vertex 21.3329 -26.3818 39.2
      vertex 21.6854 -23.7049 39.2
      vertex 21.5691 -23.6857 39.2
    endloop
  endfacet
  facet normal 0 0 1
    outer loop
      vertex 21.0424 -26.3338 39.2
      vertex 21.5691 -23.6857 39.2
      vertex 21.4544 -23.659 39.2
    endloop
  endfacet
  facet normal 0 0 1
    outer loop
      vertex 20.7556 -26.267 39.2
      vertex 21.4544 -23.659 39.2
      vertex 21.3417 -23.6248 39.2
    endloop
  endfacet
  facet normal 0 0 1
    outer loop
      vertex 21.6854 -23.7049 39.2
      vertex 21.3329 -26.3818 39.2
      vertex 21.626 -26.4107 39.2
    endloop
  endfacet
  facet normal 0 0 1
    outer loop
      vertex 20.4738 -26.1815 39.2
      vertex 21.3417 -23.6248 39.2
      vertex 21.2315 -23.5833 39.2
    endloop
  endfacet
  facet normal 0 0 1
    outer loop
      vertex 20.1982 -26.0778 39.2
      vertex 21.2315 -23.5833 39.2
      vertex 21.1242 -23.5347 39.2
    endloop
  endfacet
  facet normal 0 0 1
    outer loop
      vertex 21.5691 -23.6857 39.2
      vertex 21.0424 -26.3338 39.2
      vertex 21.3329 -26.3818 39.2
    endloop
  endfacet
  facet normal 0 0 1
    outer loop
      vertex 19.93 -25.9562 39.2
      vertex 21.1242 -23.5347 39.2
      vertex 21.0203 -23.4792 39.2
    endloop
  endfacet
  facet normal 0 0 1
    outer loop
      vertex 19.93 -25.9562 39.2
      vertex 21.0203 -23.4792 39.2
      vertex 20.9203 -23.417 39.2
    endloop
  endfacet
  facet normal 0 0 1
    outer loop
      vertex 19.93 -25.9562 39.2
      vertex 20.9203 -23.417 39.2
      vertex 20.8245 -23.3483 39.2
    endloop
  endfacet
  facet normal 0 0 1
    outer loop
      vertex 21.4544 -23.659 39.2
      vertex 20.7556 -26.267 39.2
      vertex 21.0424 -26.3338 39.2
    endloop
  endfacet
  facet normal 0 0 1
    outer loop
      vertex 19.93 -25.9562 39.2
      vertex 20.8245 -23.3483 39.2
      vertex 20.7335 -23.2736 39.2
    endloop
  endfacet
  facet normal 0 0 1
    outer loop
      vertex 19.93 -25.9562 39.2
      vertex 20.7335 -23.2736 39.2
      vertex 20.6475 -23.1931 39.2
    endloop
  endfacet
  facet normal 0 0 1
    outer loop
      vertex 19.93 -25.9562 39.2
      vertex 20.6475 -23.1931 39.2
      vertex 20.567 -23.1071 39.2
    endloop
  endfacet
  facet normal 0 0 1
    outer loop
      vertex 19.93 -25.9562 39.2
      vertex 20.567 -23.1071 39.2
      vertex 20.4923 -23.0161 39.2
    endloop
  endfacet
  facet normal 0 0 1
    outer loop
      vertex 21.3417 -23.6248 39.2
      vertex 20.4738 -26.1815 39.2
      vertex 20.7556 -26.267 39.2
    endloop
  endfacet
  facet normal 0 0 1
    outer loop
      vertex 19.93 -25.9562 39.2
      vertex 20.4923 -23.0161 39.2
      vertex 20.4237 -22.9203 39.2
    endloop
  endfacet
  facet normal 0 0 1
    outer loop
      vertex 19.93 -25.9562 39.2
      vertex 20.4237 -22.9203 39.2
      vertex 20.3615 -22.8203 39.2
    endloop
  endfacet
  facet normal 0 0 1
    outer loop
      vertex 19.93 -25.9562 39.2
      vertex 20.3615 -22.8203 39.2
      vertex 20.3059 -22.7164 39.2
    endloop
  endfacet
  facet normal 0 0 1
    outer loop
      vertex 19.93 -25.9562 39.2
      vertex 20.3059 -22.7164 39.2
      vertex 20.2573 -22.6091 39.2
    endloop
  endfacet
  facet normal 0 0 1
    outer loop
      vertex 19.93 -25.9562 39.2
      vertex 20.2573 -22.6091 39.2
      vertex 20.2158 -22.4989 39.2
    endloop
  endfacet
  facet normal 0 0 1
    outer loop
      vertex 21.2315 -23.5833 39.2
      vertex 20.1982 -26.0778 39.2
      vertex 20.4738 -26.1815 39.2
    endloop
  endfacet
  facet normal 0 0 1
    outer loop
      vertex 19.93 -25.9562 39.2
      vertex 20.2158 -22.4989 39.2
      vertex 20.1816 -22.3862 39.2
    endloop
  endfacet
  facet normal 0 0 1
    outer loop
      vertex 19.93 -25.9562 39.2
      vertex 20.1816 -22.3862 39.2
      vertex 20.1549 -22.2715 39.2
    endloop
  endfacet
  facet normal 0 0 1
    outer loop
      vertex 19.93 -25.9562 39.2
      vertex 20.1549 -22.2715 39.2
      vertex 20.1357 -22.1553 39.2
    endloop
  endfacet
  facet normal 0 0 1
    outer loop
      vertex 19.93 -25.9562 39.2
      vertex 20.1357 -22.1553 39.2
      vertex 20.1242 -22.038 39.2
    endloop
  endfacet
  facet normal 0 0 1
    outer loop
      vertex 19.93 -25.9562 39.2
      vertex 20.1242 -22.038 39.2
      vertex 20.1203 -21.9203 39.2
    endloop
  endfacet
  facet normal 0 0 1
    outer loop
      vertex 21.1242 -23.5347 39.2
      vertex 19.93 -25.9562 39.2
      vertex 20.1982 -26.0778 39.2
    endloop
  endfacet
  facet normal 0.683636 0.729823 -0
    outer loop
      vertex 25.1023 25.1023 0
      vertex 24.8874 25.3036 39.2
      vertex 25.1023 25.1023 39.2
    endloop
  endfacet
  facet normal 0.683636 0.729823 0
    outer loop
      vertex 24.8874 25.3036 39.2
      vertex 25.1023 25.1023 0
      vertex 24.8874 25.3036 0
    endloop
  endfacet
  facet normal 0.849236 0.528014 0
    outer loop
      vertex 25.8174 24.1703 39.2
      vertex 25.6619 24.4204 0
      vertex 25.6619 24.4204 39.2
    endloop
  endfacet
  facet normal 0.849236 0.528014 0
    outer loop
      vertex 25.6619 24.4204 0
      vertex 25.8174 24.1703 39.2
      vertex 25.8174 24.1703 0
    endloop
  endfacet
  facet normal 0.999468 -0.0326024 0
    outer loop
      vertex 26.4107 21.626 39.2
      vertex 26.4203 21.9203 0
      vertex 26.4203 21.9203 39.2
    endloop
  endfacet
  facet normal 0.999468 -0.0326024 0
    outer loop
      vertex 26.4203 21.9203 0
      vertex 26.4107 21.626 39.2
      vertex 26.4107 21.626 0
    endloop
  endfacet
  facet normal 0.582523 0.812814 -0
    outer loop
      vertex 24.6597 25.4904 0
      vertex 24.4204 25.6619 39.2
      vertex 24.6597 25.4904 39.2
    endloop
  endfacet
  facet normal 0.582523 0.812814 0
    outer loop
      vertex 24.4204 25.6619 39.2
      vertex 24.6597 25.4904 0
      vertex 24.4204 25.6619 0
    endloop
  endfacet
  facet normal 0.634254 0.773125 -0
    outer loop
      vertex 24.8874 25.3036 0
      vertex 24.6597 25.4904 39.2
      vertex 24.8874 25.3036 39.2
    endloop
  endfacet
  facet normal 0.634254 0.773125 0
    outer loop
      vertex 24.6597 25.4904 39.2
      vertex 24.8874 25.3036 0
      vertex 24.6597 25.4904 0
    endloop
  endfacet
  facet normal 0.352165 0.935938 -0
    outer loop
      vertex 23.6424 26.0778 0
      vertex 23.3668 26.1815 39.2
      vertex 23.6424 26.0778 39.2
    endloop
  endfacet
  facet normal 0.352165 0.935938 0
    outer loop
      vertex 23.3668 26.1815 39.2
      vertex 23.6424 26.0778 0
      vertex 23.3668 26.1815 0
    endloop
  endfacet
  facet normal 0.412933 0.910761 -0
    outer loop
      vertex 23.9106 25.9562 0
      vertex 23.6424 26.0778 39.2
      vertex 23.9106 25.9562 39.2
    endloop
  endfacet
  facet normal 0.412933 0.910761 0
    outer loop
      vertex 23.6424 26.0778 39.2
      vertex 23.9106 25.9562 0
      vertex 23.6424 26.0778 0
    endloop
  endfacet
  facet normal 0.0326024 0.999468 -0
    outer loop
      vertex 22.2146 26.4107 0
      vertex 21.9203 26.4203 39.2
      vertex 22.2146 26.4107 39.2
    endloop
  endfacet
  facet normal 0.0326024 0.999468 0
    outer loop
      vertex 21.9203 26.4203 39.2
      vertex 22.2146 26.4107 0
      vertex 21.9203 26.4203 0
    endloop
  endfacet
  facet normal -0.0326024 0.999468 0
    outer loop
      vertex 21.9203 26.4203 0
      vertex 21.626 26.4107 39.2
      vertex 21.9203 26.4203 39.2
    endloop
  endfacet
  facet normal -0.0326024 0.999468 0
    outer loop
      vertex 21.626 26.4107 39.2
      vertex 21.9203 26.4203 0
      vertex 21.626 26.4107 0
    endloop
  endfacet
  facet normal -0.163022 0.986622 0
    outer loop
      vertex 21.3329 26.3818 0
      vertex 21.0424 26.3338 39.2
      vertex 21.3329 26.3818 39.2
    endloop
  endfacet
  facet normal -0.163022 0.986622 0
    outer loop
      vertex 21.0424 26.3338 39.2
      vertex 21.3329 26.3818 0
      vertex 21.0424 26.3338 0
    endloop
  endfacet
  facet normal -0.352165 0.935938 0
    outer loop
      vertex 20.4738 26.1815 0
      vertex 20.1982 26.0778 39.2
      vertex 20.4738 26.1815 39.2
    endloop
  endfacet
  facet normal -0.352165 0.935938 0
    outer loop
      vertex 20.1982 26.0778 39.2
      vertex 20.4738 26.1815 0
      vertex 20.1982 26.0778 0
    endloop
  endfacet
  facet normal -0.528014 0.849236 0
    outer loop
      vertex 19.6703 25.8174 0
      vertex 19.4202 25.6619 39.2
      vertex 19.6703 25.8174 39.2
    endloop
  endfacet
  facet normal -0.528014 0.849236 0
    outer loop
      vertex 19.4202 25.6619 39.2
      vertex 19.6703 25.8174 0
      vertex 19.4202 25.6619 0
    endloop
  endfacet
  facet normal -0.471364 0.881939 0
    outer loop
      vertex 19.93 25.9562 0
      vertex 19.6703 25.8174 39.2
      vertex 19.93 25.9562 39.2
    endloop
  endfacet
  facet normal -0.471364 0.881939 0
    outer loop
      vertex 19.6703 25.8174 39.2
      vertex 19.93 25.9562 0
      vertex 19.6703 25.8174 0
    endloop
  endfacet
  facet normal 0 0 -1
    outer loop
      vertex 23.7203 -21.9203 0
      vertex 26.4203 -21.9203 0
      vertex 26.4107 -22.2146 0
    endloop
  endfacet
  facet normal 0 0 -1
    outer loop
      vertex 23.7165 -22.038 0
      vertex 26.4107 -22.2146 0
      vertex 26.3818 -22.5077 0
    endloop
  endfacet
  facet normal 0 0 -1
    outer loop
      vertex 26.4203 -21.9203 0
      vertex 23.7203 -21.9203 0
      vertex 26.4107 -21.626 0
    endloop
  endfacet
  facet normal 0 0 -1
    outer loop
      vertex 23.7049 -22.1553 0
      vertex 26.3818 -22.5077 0
      vertex 26.3338 -22.7982 0
    endloop
  endfacet
  facet normal 0 0 -1
    outer loop
      vertex 23.7165 -21.8026 0
      vertex 26.4107 -21.626 0
      vertex 23.7203 -21.9203 0
    endloop
  endfacet
  facet normal 0 0 -1
    outer loop
      vertex 23.6857 -22.2715 0
      vertex 26.3338 -22.7982 0
      vertex 26.267 -23.085 0
    endloop
  endfacet
  facet normal -0 0 -1
    outer loop
      vertex 26.4107 -21.626 0
      vertex 23.7165 -21.8026 0
      vertex 26.3818 -21.3329 0
    endloop
  endfacet
  facet normal 0 0 -1
    outer loop
      vertex 23.659 -22.3862 0
      vertex 26.267 -23.085 0
      vertex 26.1815 -23.3668 0
    endloop
  endfacet
  facet normal 0 0 -1
    outer loop
      vertex 23.7049 -21.6854 0
      vertex 26.3818 -21.3329 0
      vertex 23.7165 -21.8026 0
    endloop
  endfacet
  facet normal 0 0 -1
    outer loop
      vertex 23.6248 -22.4989 0
      vertex 26.1815 -23.3668 0
      vertex 26.0778 -23.6424 0
    endloop
  endfacet
  facet normal -0 0 -1
    outer loop
      vertex 26.3818 -21.3329 0
      vertex 23.7049 -21.6854 0
      vertex 26.3338 -21.0424 0
    endloop
  endfacet
  facet normal 0 0 -1
    outer loop
      vertex 23.5833 -22.6091 0
      vertex 26.0778 -23.6424 0
      vertex 25.9562 -23.9106 0
    endloop
  endfacet
  facet normal 0 0 -1
    outer loop
      vertex 23.6857 -21.5691 0
      vertex 26.3338 -21.0424 0
      vertex 23.7049 -21.6854 0
    endloop
  endfacet
  facet normal 0 0 -1
    outer loop
      vertex 23.5347 -22.7164 0
      vertex 25.9562 -23.9106 0
      vertex 25.8174 -24.1703 0
    endloop
  endfacet
  facet normal -0 0 -1
    outer loop
      vertex 26.3338 -21.0424 0
      vertex 23.6857 -21.5691 0
      vertex 26.267 -20.7556 0
    endloop
  endfacet
  facet normal 0 0 -1
    outer loop
      vertex 23.4792 -22.8203 0
      vertex 25.8174 -24.1703 0
      vertex 25.6619 -24.4204 0
    endloop
  endfacet
  facet normal 0 0 -1
    outer loop
      vertex 23.659 -21.4544 0
      vertex 26.267 -20.7556 0
      vertex 23.6857 -21.5691 0
    endloop
  endfacet
  facet normal -0 0 -1
    outer loop
      vertex 26.267 -20.7556 0
      vertex 23.659 -21.4544 0
      vertex 26.1815 -20.4738 0
    endloop
  endfacet
  facet normal 0 0 -1
    outer loop
      vertex 23.417 -22.9203 0
      vertex 25.6619 -24.4204 0
      vertex 25.4904 -24.6597 0
    endloop
  endfacet
  facet normal 0 0 -1
    outer loop
      vertex 29 0 0
      vertex 32 0 0
      vertex 31.9315 -2.0929 0
    endloop
  endfacet
  facet normal 0 0 -1
    outer loop
      vertex 28.9379 -1.89669 0
      vertex 31.9315 -2.0929 0
      vertex 31.7262 -4.17684 0
    endloop
  endfacet
  facet normal 0 0 -1
    outer loop
      vertex 32 0 0
      vertex 29 0 0
      vertex 31.9315 2.0929 0
    endloop
  endfacet
  facet normal 0 0 -1
    outer loop
      vertex 28.7519 -3.78526 0
      vertex 31.7262 -4.17684 0
      vertex 31.3851 -6.24289 0
    endloop
  endfacet
  facet normal 0 0 -1
    outer loop
      vertex 28.9379 1.89669 0
      vertex 31.9315 2.0929 0
      vertex 29 0 0
    endloop
  endfacet
  facet normal 0 0 -1
    outer loop
      vertex 28.4428 -5.65762 0
      vertex 31.3851 -6.24289 0
      vertex 30.9096 -8.28221 0
    endloop
  endfacet
  facet normal -0 0 -1
    outer loop
      vertex 31.9315 2.0929 0
      vertex 28.9379 1.89669 0
      vertex 31.7262 4.17684 0
    endloop
  endfacet
  facet normal 0 0 -1
    outer loop
      vertex 28.0118 -7.50575 0
      vertex 30.9096 -8.28221 0
      vertex 30.3018 -10.2861 0
    endloop
  endfacet
  facet normal 0 0 -1
    outer loop
      vertex 28.7519 3.78526 0
      vertex 31.7262 4.17684 0
      vertex 28.9379 1.89669 0
    endloop
  endfacet
  facet normal 0 0 -1
    outer loop
      vertex 27.461 -9.32174 0
      vertex 30.3018 -10.2861 0
      vertex 29.5641 -12.2459 0
    endloop
  endfacet
  facet normal -0 0 -1
    outer loop
      vertex 31.7262 4.17684 0
      vertex 28.7519 3.78526 0
      vertex 31.3851 6.24289 0
    endloop
  endfacet
  facet normal 0 0 -1
    outer loop
      vertex 28.4428 5.65762 0
      vertex 31.3851 6.24289 0
      vertex 28.7519 3.78526 0
    endloop
  endfacet
  facet normal 0 0 -1
    outer loop
      vertex 31.9315 -2.0929 0
      vertex 28.9379 -1.89669 0
      vertex 29 0 0
    endloop
  endfacet
  facet normal 0 0 -1
    outer loop
      vertex 31.7262 -4.17684 0
      vertex 28.7519 -3.78526 0
      vertex 28.9379 -1.89669 0
    endloop
  endfacet
  facet normal 0 0 -1
    outer loop
      vertex 26.7925 -11.0978 0
      vertex 29.5641 -12.2459 0
      vertex 28.6999 -14.1532 0
    endloop
  endfacet
  facet normal 0 0 -1
    outer loop
      vertex 31.3851 -6.24289 0
      vertex 28.4428 -5.65762 0
      vertex 28.7519 -3.78526 0
    endloop
  endfacet
  facet normal 0 0 -1
    outer loop
      vertex 30.9096 -8.28221 0
      vertex 28.0118 -7.50575 0
      vertex 28.4428 -5.65762 0
    endloop
  endfacet
  facet normal 0 0 -1
    outer loop
      vertex 26.0093 -12.8264 0
      vertex 28.6999 -14.1532 0
      vertex 27.7128 -16 0
    endloop
  endfacet
  facet normal 0 0 -1
    outer loop
      vertex 30.3018 -10.2861 0
      vertex 27.461 -9.32174 0
      vertex 28.0118 -7.50575 0
    endloop
  endfacet
  facet normal 0 0 -1
    outer loop
      vertex 29.5641 -12.2459 0
      vertex 26.7925 -11.0978 0
      vertex 27.461 -9.32174 0
    endloop
  endfacet
  facet normal 0 0 -1
    outer loop
      vertex 25.1147 -14.5 0
      vertex 27.7128 -16 0
      vertex 26.607 -17.7782 0
    endloop
  endfacet
  facet normal 0 0 -1
    outer loop
      vertex 28.6999 -14.1532 0
      vertex 26.0093 -12.8264 0
      vertex 26.7925 -11.0978 0
    endloop
  endfacet
  facet normal 0 0 -1
    outer loop
      vertex 24.1126 -16.1115 0
      vertex 26.607 -17.7782 0
      vertex 25.5462 -19.2587 0
    endloop
  endfacet
  facet normal 0 0 -1
    outer loop
      vertex 23.3483 -23.0161 0
      vertex 25.4904 -24.6597 0
      vertex 25.3036 -24.8874 0
    endloop
  endfacet
  facet normal 0 0 -1
    outer loop
      vertex 27.7128 -16 0
      vertex 25.1147 -14.5 0
      vertex 26.0093 -12.8264 0
    endloop
  endfacet
  facet normal 0 0 -1
    outer loop
      vertex 26.4107 -22.2146 0
      vertex 23.7165 -22.038 0
      vertex 23.7203 -21.9203 0
    endloop
  endfacet
  facet normal 0 0 -1
    outer loop
      vertex 23.2736 -23.1071 0
      vertex 25.3036 -24.8874 0
      vertex 25.1023 -25.1023 0
    endloop
  endfacet
  facet normal 0 0 -1
    outer loop
      vertex 23.1931 -23.1931 0
      vertex 25.1023 -25.1023 0
      vertex 24.8874 -25.3036 0
    endloop
  endfacet
  facet normal 0 0 -1
    outer loop
      vertex 23.1071 -23.2736 0
      vertex 24.8874 -25.3036 0
      vertex 24.6597 -25.4904 0
    endloop
  endfacet
  facet normal 0 0 -1
    outer loop
      vertex 23.0161 -23.3483 0
      vertex 24.6597 -25.4904 0
      vertex 24.4204 -25.6619 0
    endloop
  endfacet
  facet normal 0 0 -1
    outer loop
      vertex 22.9203 -23.417 0
      vertex 24.4204 -25.6619 0
      vertex 24.1703 -25.8174 0
    endloop
  endfacet
  facet normal -0 0 -1
    outer loop
      vertex 26.1815 -20.4738 0
      vertex 23.6248 -21.3417 0
      vertex 26.0778 -20.1982 0
    endloop
  endfacet
  facet normal 0 0 -1
    outer loop
      vertex 22.8203 -23.4792 0
      vertex 24.1703 -25.8174 0
      vertex 23.9106 -25.9562 0
    endloop
  endfacet
  facet normal 0 0 -1
    outer loop
      vertex 23.5833 -21.2315 0
      vertex 26.0778 -20.1982 0
      vertex 23.6248 -21.3417 0
    endloop
  endfacet
  facet normal -0 0 -1
    outer loop
      vertex 26.0778 -20.1982 0
      vertex 23.5833 -21.2315 0
      vertex 25.9562 -19.93 0
    endloop
  endfacet
  facet normal 0 0 -1
    outer loop
      vertex 23.5347 -21.1242 0
      vertex 25.9562 -19.93 0
      vertex 23.5833 -21.2315 0
    endloop
  endfacet
  facet normal -0 0 -1
    outer loop
      vertex 25.9562 -19.93 0
      vertex 23.5347 -21.1242 0
      vertex 25.8174 -19.6703 0
    endloop
  endfacet
  facet normal 0 0 -1
    outer loop
      vertex 26.607 -17.7782 0
      vertex 24.1126 -16.1115 0
      vertex 25.1147 -14.5 0
    endloop
  endfacet
  facet normal 0 0 -1
    outer loop
      vertex 23.4792 -21.0203 0
      vertex 25.8174 -19.6703 0
      vertex 23.5347 -21.1242 0
    endloop
  endfacet
  facet normal -0 0 -1
    outer loop
      vertex 25.8174 -19.6703 0
      vertex 23.4792 -21.0203 0
      vertex 25.6619 -19.4202 0
    endloop
  endfacet
  facet normal 0 0 -1
    outer loop
      vertex 23.417 -20.9203 0
      vertex 25.6619 -19.4202 0
      vertex 23.4792 -21.0203 0
    endloop
  endfacet
  facet normal -0 0 -1
    outer loop
      vertex 25.6619 -19.4202 0
      vertex 23.417 -20.9203 0
      vertex 25.5462 -19.2587 0
    endloop
  endfacet
  facet normal 0 0 -1
    outer loop
      vertex 23.3483 -20.8245 0
      vertex 25.5462 -19.2587 0
      vertex 23.417 -20.9203 0
    endloop
  endfacet
  facet normal 0 0 -1
    outer loop
      vertex 23.2736 -20.7335 0
      vertex 25.5462 -19.2587 0
      vertex 23.3483 -20.8245 0
    endloop
  endfacet
  facet normal 0 0 -1
    outer loop
      vertex 23.1931 -20.6475 0
      vertex 25.5462 -19.2587 0
      vertex 23.2736 -20.7335 0
    endloop
  endfacet
  facet normal 0 0 -1
    outer loop
      vertex 23.1071 -20.567 0
      vertex 25.5462 -19.2587 0
      vertex 23.1931 -20.6475 0
    endloop
  endfacet
  facet normal 0 0 -1
    outer loop
      vertex 23.0161 -20.4923 0
      vertex 25.5462 -19.2587 0
      vertex 23.1071 -20.567 0
    endloop
  endfacet
  facet normal 0 0 -1
    outer loop
      vertex 22.9203 -20.4237 0
      vertex 25.5462 -19.2587 0
      vertex 23.0161 -20.4923 0
    endloop
  endfacet
  facet normal 0 0 -1
    outer loop
      vertex 25.5462 -19.2587 0
      vertex 23.0072 -17.6541 0
      vertex 24.1126 -16.1115 0
    endloop
  endfacet
  facet normal -0 0 -1
    outer loop
      vertex 25.5462 -19.2587 0
      vertex 22.9203 -20.4237 0
      vertex 23.0072 -17.6541 0
    endloop
  endfacet
  facet normal 0 0 -1
    outer loop
      vertex 22.8203 -20.3615 0
      vertex 23.0072 -17.6541 0
      vertex 22.9203 -20.4237 0
    endloop
  endfacet
  facet normal 0 0 -1
    outer loop
      vertex 22.7164 -20.3059 0
      vertex 23.0072 -17.6541 0
      vertex 22.8203 -20.3615 0
    endloop
  endfacet
  facet normal 0 0 -1
    outer loop
      vertex 22.6091 -20.2573 0
      vertex 23.0072 -17.6541 0
      vertex 22.7164 -20.3059 0
    endloop
  endfacet
  facet normal 0 0 -1
    outer loop
      vertex 21.8034 -19.121 0
      vertex 22.6091 -20.2573 0
      vertex 22.4989 -20.2158 0
    endloop
  endfacet
  facet normal 0 0 -1
    outer loop
      vertex 21.8034 -19.121 0
      vertex 22.4989 -20.2158 0
      vertex 22.3862 -20.1816 0
    endloop
  endfacet
  facet normal 0 0 -1
    outer loop
      vertex 21.8034 -19.121 0
      vertex 22.3862 -20.1816 0
      vertex 22.2715 -20.1549 0
    endloop
  endfacet
  facet normal 0 0 -1
    outer loop
      vertex 21.8034 -19.121 0
      vertex 22.2715 -20.1549 0
      vertex 22.1553 -20.1357 0
    endloop
  endfacet
  facet normal 0 0 -1
    outer loop
      vertex 21.8034 -19.121 0
      vertex 22.1553 -20.1357 0
      vertex 22.038 -20.1242 0
    endloop
  endfacet
  facet normal 0 0 -1
    outer loop
      vertex 21.8034 -19.121 0
      vertex 22.038 -20.1242 0
      vertex 21.9203 -20.1203 0
    endloop
  endfacet
  facet normal 0 0 -1
    outer loop
      vertex 22.6091 -20.2573 0
      vertex 21.8034 -19.121 0
      vertex 23.0072 -17.6541 0
    endloop
  endfacet
  facet normal 0 0 -1
    outer loop
      vertex 21.8026 -20.1242 0
      vertex 21.8034 -19.121 0
      vertex 21.9203 -20.1203 0
    endloop
  endfacet
  facet normal 0 0 -1
    outer loop
      vertex 21.6854 -20.1357 0
      vertex 21.8034 -19.121 0
      vertex 21.8026 -20.1242 0
    endloop
  endfacet
  facet normal 0 0 -1
    outer loop
      vertex 21.5691 -20.1549 0
      vertex 21.8034 -19.121 0
      vertex 21.6854 -20.1357 0
    endloop
  endfacet
  facet normal 0 0 -1
    outer loop
      vertex 21.4544 -20.1816 0
      vertex 21.8034 -19.121 0
      vertex 21.5691 -20.1549 0
    endloop
  endfacet
  facet normal 0 0 -1
    outer loop
      vertex 21.3417 -20.2158 0
      vertex 21.8034 -19.121 0
      vertex 21.4544 -20.1816 0
    endloop
  endfacet
  facet normal 0 0 -1
    outer loop
      vertex 21.2315 -20.2573 0
      vertex 21.8034 -19.121 0
      vertex 21.3417 -20.2158 0
    endloop
  endfacet
  facet normal 0 0 -1
    outer loop
      vertex 21.1242 -20.3059 0
      vertex 21.8034 -19.121 0
      vertex 21.2315 -20.2573 0
    endloop
  endfacet
  facet normal 0 0 -1
    outer loop
      vertex 21.0203 -20.3615 0
      vertex 21.8034 -19.121 0
      vertex 21.1242 -20.3059 0
    endloop
  endfacet
  facet normal 0 0 -1
    outer loop
      vertex 20.5061 -20.5061 0
      vertex 21.0203 -20.3615 0
      vertex 20.9203 -20.4237 0
    endloop
  endfacet
  facet normal 0 0 -1
    outer loop
      vertex 20.5061 -20.5061 0
      vertex 20.9203 -20.4237 0
      vertex 20.8245 -20.4923 0
    endloop
  endfacet
  facet normal 0 0 -1
    outer loop
      vertex 20.5061 -20.5061 0
      vertex 20.8245 -20.4923 0
      vertex 20.7335 -20.567 0
    endloop
  endfacet
  facet normal 0 0 -1
    outer loop
      vertex 20.5061 -20.5061 0
      vertex 20.7335 -20.567 0
      vertex 20.6475 -20.6475 0
    endloop
  endfacet
  facet normal 0 0 -1
    outer loop
      vertex 20.5061 -20.5061 0
      vertex 20.6475 -20.6475 0
      vertex 20.567 -20.7335 0
    endloop
  endfacet
  facet normal -0 0 -1
    outer loop
      vertex 21.0203 -20.3615 0
      vertex 20.5061 -20.5061 0
      vertex 21.8034 -19.121 0
    endloop
  endfacet
  facet normal 0 0 -1
    outer loop
      vertex 20.4923 -20.8245 0
      vertex 20.5061 -20.5061 0
      vertex 20.567 -20.7335 0
    endloop
  endfacet
  facet normal 0 0 -1
    outer loop
      vertex 20.4237 -20.9203 0
      vertex 20.5061 -20.5061 0
      vertex 20.4923 -20.8245 0
    endloop
  endfacet
  facet normal 0 0 -1
    outer loop
      vertex 20.3615 -21.0203 0
      vertex 20.5061 -20.5061 0
      vertex 20.4237 -20.9203 0
    endloop
  endfacet
  facet normal 0 0 -1
    outer loop
      vertex 19.121 -21.8034 0
      vertex 20.3615 -21.0203 0
      vertex 20.3059 -21.1242 0
    endloop
  endfacet
  facet normal 0 0 -1
    outer loop
      vertex 19.121 -21.8034 0
      vertex 20.3059 -21.1242 0
      vertex 20.2573 -21.2315 0
    endloop
  endfacet
  facet normal 0 0 -1
    outer loop
      vertex 19.121 -21.8034 0
      vertex 20.2573 -21.2315 0
      vertex 20.2158 -21.3417 0
    endloop
  endfacet
  facet normal 0 0 -1
    outer loop
      vertex 20.2158 -22.4989 0
      vertex 19.121 -21.8034 0
      vertex 20.1816 -22.3862 0
    endloop
  endfacet
  facet normal 0 0 -1
    outer loop
      vertex 20.1816 -22.3862 0
      vertex 19.121 -21.8034 0
      vertex 20.1549 -22.2715 0
    endloop
  endfacet
  facet normal 0 0 -1
    outer loop
      vertex 20.1549 -22.2715 0
      vertex 19.121 -21.8034 0
      vertex 20.1357 -22.1553 0
    endloop
  endfacet
  facet normal 0 0 -1
    outer loop
      vertex 20.1242 -22.038 0
      vertex 19.121 -21.8034 0
      vertex 20.1203 -21.9203 0
    endloop
  endfacet
  facet normal 0 0 -1
    outer loop
      vertex 20.1203 -21.9203 0
      vertex 19.121 -21.8034 0
      vertex 20.1242 -21.8026 0
    endloop
  endfacet
  facet normal -0 0 -1
    outer loop
      vertex 20.1242 -21.8026 0
      vertex 19.121 -21.8034 0
      vertex 20.1357 -21.6854 0
    endloop
  endfacet
  facet normal -0 0 -1
    outer loop
      vertex 20.3615 -21.0203 0
      vertex 19.121 -21.8034 0
      vertex 20.5061 -20.5061 0
    endloop
  endfacet
  facet normal -0 0 -1
    outer loop
      vertex 20.1816 -21.4544 0
      vertex 19.121 -21.8034 0
      vertex 20.2158 -21.3417 0
    endloop
  endfacet
  facet normal -0 0 -1
    outer loop
      vertex 20.1549 -21.5691 0
      vertex 19.121 -21.8034 0
      vertex 20.1816 -21.4544 0
    endloop
  endfacet
  facet normal -0 0 -1
    outer loop
      vertex 20.1357 -21.6854 0
      vertex 19.121 -21.8034 0
      vertex 20.1549 -21.5691 0
    endloop
  endfacet
  facet normal 0 0 -1
    outer loop
      vertex 16.1115 -24.1126 0
      vertex 19.2587 -25.5462 0
      vertex 17.7782 -26.607 0
    endloop
  endfacet
  facet normal 0 0 -1
    outer loop
      vertex 20.1357 -22.1553 0
      vertex 19.121 -21.8034 0
      vertex 20.1242 -22.038 0
    endloop
  endfacet
  facet normal 0 0 -1
    outer loop
      vertex 19.2587 -25.5462 0
      vertex 16.1115 -24.1126 0
      vertex 17.6541 -23.0072 0
    endloop
  endfacet
  facet normal 0 0 -1
    outer loop
      vertex 16 -27.7128 0
      vertex 16.1115 -24.1126 0
      vertex 17.7782 -26.607 0
    endloop
  endfacet
  facet normal 0 0 -1
    outer loop
      vertex 16 -27.7128 0
      vertex 14.5 -25.1147 0
      vertex 16.1115 -24.1126 0
    endloop
  endfacet
  facet normal 0 0 -1
    outer loop
      vertex 14.1532 -28.6999 0
      vertex 14.5 -25.1147 0
      vertex 16 -27.7128 0
    endloop
  endfacet
  facet normal 0 0 -1
    outer loop
      vertex 14.1532 -28.6999 0
      vertex 12.8264 -26.0093 0
      vertex 14.5 -25.1147 0
    endloop
  endfacet
  facet normal 0 0 -1
    outer loop
      vertex 12.2459 -29.5641 0
      vertex 12.8264 -26.0093 0
      vertex 14.1532 -28.6999 0
    endloop
  endfacet
  facet normal 0 0 -1
    outer loop
      vertex 12.2459 -29.5641 0
      vertex 11.0978 -26.7925 0
      vertex 12.8264 -26.0093 0
    endloop
  endfacet
  facet normal 0 0 -1
    outer loop
      vertex 10.2861 -30.3018 0
      vertex 11.0978 -26.7925 0
      vertex 12.2459 -29.5641 0
    endloop
  endfacet
  facet normal 0 0 -1
    outer loop
      vertex 10.2861 -30.3018 0
      vertex 9.32174 -27.461 0
      vertex 11.0978 -26.7925 0
    endloop
  endfacet
  facet normal 0 0 -1
    outer loop
      vertex 8.28221 -30.9096 0
      vertex 9.32174 -27.461 0
      vertex 10.2861 -30.3018 0
    endloop
  endfacet
  facet normal 0 0 -1
    outer loop
      vertex 8.28221 -30.9096 0
      vertex 7.50575 -28.0118 0
      vertex 9.32174 -27.461 0
    endloop
  endfacet
  facet normal 0 0 -1
    outer loop
      vertex 6.24289 -31.3851 0
      vertex 7.50575 -28.0118 0
      vertex 8.28221 -30.9096 0
    endloop
  endfacet
  facet normal 0 0 -1
    outer loop
      vertex 6.24289 -31.3851 0
      vertex 5.65762 -28.4428 0
      vertex 7.50575 -28.0118 0
    endloop
  endfacet
  facet normal 0 0 -1
    outer loop
      vertex 4.17684 -31.7262 0
      vertex 5.65762 -28.4428 0
      vertex 6.24289 -31.3851 0
    endloop
  endfacet
  facet normal 0 0 -1
    outer loop
      vertex 4.17684 -31.7262 0
      vertex 3.78526 -28.7519 0
      vertex 5.65762 -28.4428 0
    endloop
  endfacet
  facet normal 0 0 -1
    outer loop
      vertex 2.0929 -31.9315 0
      vertex 3.78526 -28.7519 0
      vertex 4.17684 -31.7262 0
    endloop
  endfacet
  facet normal 0 0 -1
    outer loop
      vertex 2.0929 -31.9315 0
      vertex 1.89669 -28.9379 0
      vertex 3.78526 -28.7519 0
    endloop
  endfacet
  facet normal 0 0 -1
    outer loop
      vertex 0 -32 0
      vertex 1.89669 -28.9379 0
      vertex 2.0929 -31.9315 0
    endloop
  endfacet
  facet normal 0 0 -1
    outer loop
      vertex 0 -32 0
      vertex 0 -29 0
      vertex 1.89669 -28.9379 0
    endloop
  endfacet
  facet normal 0 0 -1
    outer loop
      vertex 0 -32 0
      vertex -1.89669 -28.9379 0
      vertex 0 -29 0
    endloop
  endfacet
  facet normal 0 0 -1
    outer loop
      vertex -2.0929 -31.9315 0
      vertex -1.89669 -28.9379 0
      vertex 0 -32 0
    endloop
  endfacet
  facet normal 0 0 -1
    outer loop
      vertex -2.0929 -31.9315 0
      vertex -3.78526 -28.7519 0
      vertex -1.89669 -28.9379 0
    endloop
  endfacet
  facet normal 0 0 -1
    outer loop
      vertex -4.17684 -31.7262 0
      vertex -3.78526 -28.7519 0
      vertex -2.0929 -31.9315 0
    endloop
  endfacet
  facet normal 0 0 -1
    outer loop
      vertex -4.17684 -31.7262 0
      vertex -5.65762 -28.4428 0
      vertex -3.78526 -28.7519 0
    endloop
  endfacet
  facet normal 0 0 -1
    outer loop
      vertex -6.24289 -31.3851 0
      vertex -5.65762 -28.4428 0
      vertex -4.17684 -31.7262 0
    endloop
  endfacet
  facet normal 0 0 -1
    outer loop
      vertex -6.24289 -31.3851 0
      vertex -7.50575 -28.0118 0
      vertex -5.65762 -28.4428 0
    endloop
  endfacet
  facet normal 0 0 -1
    outer loop
      vertex -8.28221 -30.9096 0
      vertex -7.50575 -28.0118 0
      vertex -6.24289 -31.3851 0
    endloop
  endfacet
  facet normal 0 0 -1
    outer loop
      vertex -8.28221 -30.9096 0
      vertex -9.32174 -27.461 0
      vertex -7.50575 -28.0118 0
    endloop
  endfacet
  facet normal 0 0 -1
    outer loop
      vertex -10.2861 -30.3018 0
      vertex -9.32174 -27.461 0
      vertex -8.28221 -30.9096 0
    endloop
  endfacet
  facet normal 0 0 -1
    outer loop
      vertex -10.2861 -30.3018 0
      vertex -11.0978 -26.7925 0
      vertex -9.32174 -27.461 0
    endloop
  endfacet
  facet normal 0 0 -1
    outer loop
      vertex -12.2459 -29.5641 0
      vertex -11.0978 -26.7925 0
      vertex -10.2861 -30.3018 0
    endloop
  endfacet
  facet normal 0 0 -1
    outer loop
      vertex -12.2459 -29.5641 0
      vertex -12.8264 -26.0093 0
      vertex -11.0978 -26.7925 0
    endloop
  endfacet
  facet normal 0 0 -1
    outer loop
      vertex -14.1532 -28.6999 0
      vertex -12.8264 -26.0093 0
      vertex -12.2459 -29.5641 0
    endloop
  endfacet
  facet normal 0 0 -1
    outer loop
      vertex -14.1532 -28.6999 0
      vertex -14.5 -25.1147 0
      vertex -12.8264 -26.0093 0
    endloop
  endfacet
  facet normal 0 0 -1
    outer loop
      vertex -16 -27.7128 0
      vertex -14.5 -25.1147 0
      vertex -14.1532 -28.6999 0
    endloop
  endfacet
  facet normal 0 0 -1
    outer loop
      vertex -16 -27.7128 0
      vertex -16.1115 -24.1126 0
      vertex -14.5 -25.1147 0
    endloop
  endfacet
  facet normal 0 0 -1
    outer loop
      vertex -17.7782 -26.607 0
      vertex -16.1115 -24.1126 0
      vertex -16 -27.7128 0
    endloop
  endfacet
  facet normal 0 0 -1
    outer loop
      vertex -19.2587 -25.5462 0
      vertex -16.1115 -24.1126 0
      vertex -17.7782 -26.607 0
    endloop
  endfacet
  facet normal -0 0 -1
    outer loop
      vertex -16.1115 -24.1126 0
      vertex -19.2587 -25.5462 0
      vertex -17.6541 -23.0072 0
    endloop
  endfacet
  facet normal 0 0 -1
    outer loop
      vertex -20.4237 -22.9203 0
      vertex -17.6541 -23.0072 0
      vertex -19.2587 -25.5462 0
    endloop
  endfacet
  facet normal 0 0 -1
    outer loop
      vertex -20.9203 -23.417 0
      vertex -19.2587 -25.5462 0
      vertex -19.4202 -25.6619 0
    endloop
  endfacet
  facet normal 0 0 -1
    outer loop
      vertex -20.9203 -23.417 0
      vertex -19.4202 -25.6619 0
      vertex -19.6703 -25.8174 0
    endloop
  endfacet
  facet normal 0 0 -1
    outer loop
      vertex -21.0203 -23.4792 0
      vertex -19.6703 -25.8174 0
      vertex -19.93 -25.9562 0
    endloop
  endfacet
  facet normal 0 -0 -1
    outer loop
      vertex -20.3059 -22.7164 0
      vertex -17.6541 -23.0072 0
      vertex -20.3615 -22.8203 0
    endloop
  endfacet
  facet normal 0 0 -1
    outer loop
      vertex -20.1242 -21.8026 0
      vertex -19.121 -21.8034 0
      vertex -20.1203 -21.9203 0
    endloop
  endfacet
  facet normal 0 0 -1
    outer loop
      vertex -20.1357 -21.6854 0
      vertex -19.121 -21.8034 0
      vertex -20.1242 -21.8026 0
    endloop
  endfacet
  facet normal 0 0 -1
    outer loop
      vertex -20.1549 -21.5691 0
      vertex -19.121 -21.8034 0
      vertex -20.1357 -21.6854 0
    endloop
  endfacet
  facet normal 0 0 -1
    outer loop
      vertex -20.1816 -21.4544 0
      vertex -19.121 -21.8034 0
      vertex -20.1549 -21.5691 0
    endloop
  endfacet
  facet normal 0 0 -1
    outer loop
      vertex -20.2158 -21.3417 0
      vertex -19.121 -21.8034 0
      vertex -20.1816 -21.4544 0
    endloop
  endfacet
  facet normal 0 0 -1
    outer loop
      vertex -20.2573 -21.2315 0
      vertex -19.121 -21.8034 0
      vertex -20.2158 -21.3417 0
    endloop
  endfacet
  facet normal 0 0 -1
    outer loop
      vertex -20.3059 -21.1242 0
      vertex -19.121 -21.8034 0
      vertex -20.2573 -21.2315 0
    endloop
  endfacet
  facet normal 0 0 -1
    outer loop
      vertex -20.3615 -21.0203 0
      vertex -19.121 -21.8034 0
      vertex -20.3059 -21.1242 0
    endloop
  endfacet
  facet normal 0 0 -1
    outer loop
      vertex -20.5061 -20.5061 0
      vertex -20.3615 -21.0203 0
      vertex -20.4237 -20.9203 0
    endloop
  endfacet
  facet normal 0 0 -1
    outer loop
      vertex -20.5061 -20.5061 0
      vertex -20.4237 -20.9203 0
      vertex -20.4923 -20.8245 0
    endloop
  endfacet
  facet normal 0 0 -1
    outer loop
      vertex -20.3615 -21.0203 0
      vertex -20.5061 -20.5061 0
      vertex -19.121 -21.8034 0
    endloop
  endfacet
  facet normal 0 0 -1
    outer loop
      vertex -20.567 -20.7335 0
      vertex -20.5061 -20.5061 0
      vertex -20.4923 -20.8245 0
    endloop
  endfacet
  facet normal 0 0 -1
    outer loop
      vertex -20.6475 -20.6475 0
      vertex -20.5061 -20.5061 0
      vertex -20.567 -20.7335 0
    endloop
  endfacet
  facet normal 0 0 -1
    outer loop
      vertex -20.7335 -20.567 0
      vertex -20.5061 -20.5061 0
      vertex -20.6475 -20.6475 0
    endloop
  endfacet
  facet normal 0 0 -1
    outer loop
      vertex -20.8245 -20.4923 0
      vertex -20.5061 -20.5061 0
      vertex -20.7335 -20.567 0
    endloop
  endfacet
  facet normal 0 0 -1
    outer loop
      vertex -20.9203 -20.4237 0
      vertex -20.5061 -20.5061 0
      vertex -20.8245 -20.4923 0
    endloop
  endfacet
  facet normal 0 0 -1
    outer loop
      vertex -21.0203 -20.3615 0
      vertex -20.5061 -20.5061 0
      vertex -20.9203 -20.4237 0
    endloop
  endfacet
  facet normal 0 0 -1
    outer loop
      vertex -21.8034 -19.121 0
      vertex -21.0203 -20.3615 0
      vertex -21.1242 -20.3059 0
    endloop
  endfacet
  facet normal 0 0 -1
    outer loop
      vertex -21.8034 -19.121 0
      vertex -21.1242 -20.3059 0
      vertex -21.2315 -20.2573 0
    endloop
  endfacet
  facet normal 0 0 -1
    outer loop
      vertex -21.8034 -19.121 0
      vertex -21.2315 -20.2573 0
      vertex -21.3417 -20.2158 0
    endloop
  endfacet
  facet normal 0 0 -1
    outer loop
      vertex -21.0203 -20.3615 0
      vertex -21.8034 -19.121 0
      vertex -20.5061 -20.5061 0
    endloop
  endfacet
  facet normal 0 0 -1
    outer loop
      vertex -21.4544 -20.1816 0
      vertex -21.8034 -19.121 0
      vertex -21.3417 -20.2158 0
    endloop
  endfacet
  facet normal 0 0 -1
    outer loop
      vertex -21.5691 -20.1549 0
      vertex -21.8034 -19.121 0
      vertex -21.4544 -20.1816 0
    endloop
  endfacet
  facet normal 0 0 -1
    outer loop
      vertex -21.6854 -20.1357 0
      vertex -21.8034 -19.121 0
      vertex -21.5691 -20.1549 0
    endloop
  endfacet
  facet normal 0 0 -1
    outer loop
      vertex -21.8026 -20.1242 0
      vertex -21.8034 -19.121 0
      vertex -21.6854 -20.1357 0
    endloop
  endfacet
  facet normal 0 0 -1
    outer loop
      vertex -21.9203 -20.1203 0
      vertex -21.8034 -19.121 0
      vertex -21.8026 -20.1242 0
    endloop
  endfacet
  facet normal 0 0 -1
    outer loop
      vertex -22.038 -20.1242 0
      vertex -21.8034 -19.121 0
      vertex -21.9203 -20.1203 0
    endloop
  endfacet
  facet normal 0 0 -1
    outer loop
      vertex -22.1553 -20.1357 0
      vertex -21.8034 -19.121 0
      vertex -22.038 -20.1242 0
    endloop
  endfacet
  facet normal 0 0 -1
    outer loop
      vertex -22.2715 -20.1549 0
      vertex -21.8034 -19.121 0
      vertex -22.1553 -20.1357 0
    endloop
  endfacet
  facet normal 0 0 -1
    outer loop
      vertex -22.3862 -20.1816 0
      vertex -21.8034 -19.121 0
      vertex -22.2715 -20.1549 0
    endloop
  endfacet
  facet normal 0 0 -1
    outer loop
      vertex -22.4989 -20.2158 0
      vertex -21.8034 -19.121 0
      vertex -22.3862 -20.1816 0
    endloop
  endfacet
  facet normal 0 0 -1
    outer loop
      vertex -22.6091 -20.2573 0
      vertex -21.8034 -19.121 0
      vertex -22.4989 -20.2158 0
    endloop
  endfacet
  facet normal 0 0 -1
    outer loop
      vertex -23.0072 -17.6541 0
      vertex -22.6091 -20.2573 0
      vertex -22.7164 -20.3059 0
    endloop
  endfacet
  facet normal 0 0 -1
    outer loop
      vertex -23.0072 -17.6541 0
      vertex -22.7164 -20.3059 0
      vertex -22.8203 -20.3615 0
    endloop
  endfacet
  facet normal 0 0 -1
    outer loop
      vertex -23.0072 -17.6541 0
      vertex -22.8203 -20.3615 0
      vertex -22.9203 -20.4237 0
    endloop
  endfacet
  facet normal 0 0 -1
    outer loop
      vertex -22.6091 -20.2573 0
      vertex -23.0072 -17.6541 0
      vertex -21.8034 -19.121 0
    endloop
  endfacet
  facet normal 0 0 -1
    outer loop
      vertex -25.5462 -19.2587 0
      vertex -22.9203 -20.4237 0
      vertex -23.0161 -20.4923 0
    endloop
  endfacet
  facet normal 0 0 -1
    outer loop
      vertex -25.5462 -19.2587 0
      vertex -23.0161 -20.4923 0
      vertex -23.1071 -20.567 0
    endloop
  endfacet
  facet normal 0 0 -1
    outer loop
      vertex -25.5462 -19.2587 0
      vertex -23.1071 -20.567 0
      vertex -23.1931 -20.6475 0
    endloop
  endfacet
  facet normal 0 0 -1
    outer loop
      vertex -25.5462 -19.2587 0
      vertex -23.1931 -20.6475 0
      vertex -23.2736 -20.7335 0
    endloop
  endfacet
  facet normal 0 0 -1
    outer loop
      vertex -25.5462 -19.2587 0
      vertex -23.2736 -20.7335 0
      vertex -23.3483 -20.8245 0
    endloop
  endfacet
  facet normal 0 0 -1
    outer loop
      vertex -25.5462 -19.2587 0
      vertex -23.3483 -20.8245 0
      vertex -23.417 -20.9203 0
    endloop
  endfacet
  facet normal 0 0 -1
    outer loop
      vertex -25.6619 -19.4202 0
      vertex -23.417 -20.9203 0
      vertex -23.4792 -21.0203 0
    endloop
  endfacet
  facet normal 0 0 -1
    outer loop
      vertex -25.8174 -19.6703 0
      vertex -23.4792 -21.0203 0
      vertex -23.5347 -21.1242 0
    endloop
  endfacet
  facet normal 0 0 -1
    outer loop
      vertex -25.9562 -19.93 0
      vertex -23.5347 -21.1242 0
      vertex -23.5833 -21.2315 0
    endloop
  endfacet
  facet normal 0 0 -1
    outer loop
      vertex -26.0778 -20.1982 0
      vertex -23.5833 -21.2315 0
      vertex -23.6248 -21.3417 0
    endloop
  endfacet
  facet normal 0 0 -1
    outer loop
      vertex -26.1815 -20.4738 0
      vertex -23.6248 -21.3417 0
      vertex -23.659 -21.4544 0
    endloop
  endfacet
  facet normal 0 0 -1
    outer loop
      vertex -26.267 -20.7556 0
      vertex -23.659 -21.4544 0
      vertex -23.6857 -21.5691 0
    endloop
  endfacet
  facet normal 0 0 -1
    outer loop
      vertex -25.8174 -24.1703 0
      vertex -23.4792 -22.8203 0
      vertex -25.6619 -24.4204 0
    endloop
  endfacet
  facet normal 0 0 -1
    outer loop
      vertex -22.9203 -20.4237 0
      vertex -25.5462 -19.2587 0
      vertex -23.0072 -17.6541 0
    endloop
  endfacet
  facet normal 0 0 -1
    outer loop
      vertex -26.3338 -21.0424 0
      vertex -23.6857 -21.5691 0
      vertex -23.7049 -21.6854 0
    endloop
  endfacet
  facet normal 0 0 -1
    outer loop
      vertex -26.3818 -21.3329 0
      vertex -23.7049 -21.6854 0
      vertex -23.7165 -21.8026 0
    endloop
  endfacet
  facet normal -0 0 -1
    outer loop
      vertex -23.4792 -22.8203 0
      vertex -25.8174 -24.1703 0
      vertex -23.5347 -22.7164 0
    endloop
  endfacet
  facet normal 0 0 -1
    outer loop
      vertex -25.9562 -23.9106 0
      vertex -23.5347 -22.7164 0
      vertex -25.8174 -24.1703 0
    endloop
  endfacet
  facet normal -0 0 -1
    outer loop
      vertex -23.5347 -22.7164 0
      vertex -25.9562 -23.9106 0
      vertex -23.5833 -22.6091 0
    endloop
  endfacet
  facet normal 0 0 -1
    outer loop
      vertex -26.0778 -23.6424 0
      vertex -23.5833 -22.6091 0
      vertex -25.9562 -23.9106 0
    endloop
  endfacet
  facet normal -0 0 -1
    outer loop
      vertex -23.5833 -22.6091 0
      vertex -26.0778 -23.6424 0
      vertex -23.6248 -22.4989 0
    endloop
  endfacet
  facet normal 0 0 -1
    outer loop
      vertex -26.1815 -23.3668 0
      vertex -23.6248 -22.4989 0
      vertex -26.0778 -23.6424 0
    endloop
  endfacet
  facet normal -0 0 -1
    outer loop
      vertex -23.0072 -17.6541 0
      vertex -25.5462 -19.2587 0
      vertex -24.1126 -16.1115 0
    endloop
  endfacet
  facet normal -0 0 -1
    outer loop
      vertex -23.6248 -22.4989 0
      vertex -26.1815 -23.3668 0
      vertex -23.659 -22.3862 0
    endloop
  endfacet
  facet normal 0 0 -1
    outer loop
      vertex -26.267 -23.085 0
      vertex -23.659 -22.3862 0
      vertex -26.1815 -23.3668 0
    endloop
  endfacet
  facet normal 0 0 -1
    outer loop
      vertex -26.607 -17.7782 0
      vertex -24.1126 -16.1115 0
      vertex -25.5462 -19.2587 0
    endloop
  endfacet
  facet normal -0 0 -1
    outer loop
      vertex -24.1126 -16.1115 0
      vertex -26.607 -17.7782 0
      vertex -25.1147 -14.5 0
    endloop
  endfacet
  facet normal 0 0 -1
    outer loop
      vertex -27.7128 -16 0
      vertex -25.1147 -14.5 0
      vertex -26.607 -17.7782 0
    endloop
  endfacet
  facet normal -0 0 -1
    outer loop
      vertex -25.1147 -14.5 0
      vertex -27.7128 -16 0
      vertex -26.0093 -12.8264 0
    endloop
  endfacet
  facet normal 0 0 -1
    outer loop
      vertex -28.6999 -14.1532 0
      vertex -26.0093 -12.8264 0
      vertex -27.7128 -16 0
    endloop
  endfacet
  facet normal -0 0 -1
    outer loop
      vertex -26.0093 -12.8264 0
      vertex -28.6999 -14.1532 0
      vertex -26.7925 -11.0978 0
    endloop
  endfacet
  facet normal 0 0 -1
    outer loop
      vertex -29.5641 -12.2459 0
      vertex -26.7925 -11.0978 0
      vertex -28.6999 -14.1532 0
    endloop
  endfacet
  facet normal -0 0 -1
    outer loop
      vertex -26.7925 -11.0978 0
      vertex -29.5641 -12.2459 0
      vertex -27.461 -9.32174 0
    endloop
  endfacet
  facet normal 0 0 -1
    outer loop
      vertex -30.3018 -10.2861 0
      vertex -27.461 -9.32174 0
      vertex -29.5641 -12.2459 0
    endloop
  endfacet
  facet normal -0 0 -1
    outer loop
      vertex -27.461 -9.32174 0
      vertex -30.3018 -10.2861 0
      vertex -28.0118 -7.50575 0
    endloop
  endfacet
  facet normal 0 0 -1
    outer loop
      vertex -30.9096 -8.28221 0
      vertex -28.0118 -7.50575 0
      vertex -30.3018 -10.2861 0
    endloop
  endfacet
  facet normal -0 0 -1
    outer loop
      vertex -28.0118 -7.50575 0
      vertex -30.9096 -8.28221 0
      vertex -28.4428 -5.65762 0
    endloop
  endfacet
  facet normal 0 0 -1
    outer loop
      vertex -31.3851 -6.24289 0
      vertex -28.4428 -5.65762 0
      vertex -30.9096 -8.28221 0
    endloop
  endfacet
  facet normal -0 0 -1
    outer loop
      vertex 31.3851 6.24289 0
      vertex 28.4428 5.65762 0
      vertex 30.9096 8.28221 0
    endloop
  endfacet
  facet normal 0 0 -1
    outer loop
      vertex 28.0118 7.50575 0
      vertex 30.9096 8.28221 0
      vertex 28.4428 5.65762 0
    endloop
  endfacet
  facet normal -0 0 -1
    outer loop
      vertex 30.9096 8.28221 0
      vertex 28.0118 7.50575 0
      vertex 30.3018 10.2861 0
    endloop
  endfacet
  facet normal 0 0 -1
    outer loop
      vertex 27.461 9.32174 0
      vertex 30.3018 10.2861 0
      vertex 28.0118 7.50575 0
    endloop
  endfacet
  facet normal -0 0 -1
    outer loop
      vertex 30.3018 10.2861 0
      vertex 27.461 9.32174 0
      vertex 29.5641 12.2459 0
    endloop
  endfacet
  facet normal 0 0 -1
    outer loop
      vertex 26.7925 11.0978 0
      vertex 29.5641 12.2459 0
      vertex 27.461 9.32174 0
    endloop
  endfacet
  facet normal -0 0 -1
    outer loop
      vertex 29.5641 12.2459 0
      vertex 26.7925 11.0978 0
      vertex 28.6999 14.1532 0
    endloop
  endfacet
  facet normal 0 0 -1
    outer loop
      vertex 26.0093 12.8264 0
      vertex 28.6999 14.1532 0
      vertex 26.7925 11.0978 0
    endloop
  endfacet
  facet normal -0 0 -1
    outer loop
      vertex 28.6999 14.1532 0
      vertex 26.0093 12.8264 0
      vertex 27.7128 16 0
    endloop
  endfacet
  facet normal 0 0 -1
    outer loop
      vertex 25.1147 14.5 0
      vertex 27.7128 16 0
      vertex 26.0093 12.8264 0
    endloop
  endfacet
  facet normal -0 0 -1
    outer loop
      vertex 27.7128 16 0
      vertex 25.1147 14.5 0
      vertex 26.607 17.7782 0
    endloop
  endfacet
  facet normal 0 0 -1
    outer loop
      vertex 23.6248 22.4989 0
      vertex 26.1815 23.3668 0
      vertex 23.659 22.3862 0
    endloop
  endfacet
  facet normal 0 0 -1
    outer loop
      vertex 24.1126 16.1115 0
      vertex 26.607 17.7782 0
      vertex 25.1147 14.5 0
    endloop
  endfacet
  facet normal -0 0 -1
    outer loop
      vertex 26.607 17.7782 0
      vertex 24.1126 16.1115 0
      vertex 25.5462 19.2587 0
    endloop
  endfacet
  facet normal 0 -0 -1
    outer loop
      vertex 23.7049 21.6854 0
      vertex 25.5462 19.2587 0
      vertex 23.6857 21.5691 0
    endloop
  endfacet
  facet normal 0 -0 -1
    outer loop
      vertex 23.7165 21.8026 0
      vertex 25.5462 19.2587 0
      vertex 23.7049 21.6854 0
    endloop
  endfacet
  facet normal -0 0 -1
    outer loop
      vertex 26.1815 23.3668 0
      vertex 23.6248 22.4989 0
      vertex 26.0778 23.6424 0
    endloop
  endfacet
  facet normal -0 0 -1
    outer loop
      vertex 26.0778 23.6424 0
      vertex 23.5833 22.6091 0
      vertex 25.9562 23.9106 0
    endloop
  endfacet
  facet normal 0 0 -1
    outer loop
      vertex 23.5347 22.7164 0
      vertex 25.9562 23.9106 0
      vertex 23.5833 22.6091 0
    endloop
  endfacet
  facet normal 0 0 -1
    outer loop
      vertex 23.0072 17.6541 0
      vertex 25.5462 19.2587 0
      vertex 24.1126 16.1115 0
    endloop
  endfacet
  facet normal 0 0 -1
    outer loop
      vertex 23.4792 22.8203 0
      vertex 25.8174 24.1703 0
      vertex 23.5347 22.7164 0
    endloop
  endfacet
  facet normal -0 0 -1
    outer loop
      vertex 25.8174 24.1703 0
      vertex 23.4792 22.8203 0
      vertex 25.6619 24.4204 0
    endloop
  endfacet
  facet normal -0 0 -1
    outer loop
      vertex 25.9562 23.9106 0
      vertex 23.5347 22.7164 0
      vertex 25.8174 24.1703 0
    endloop
  endfacet
  facet normal 0 0 -1
    outer loop
      vertex 23.5833 22.6091 0
      vertex 26.0778 23.6424 0
      vertex 23.6248 22.4989 0
    endloop
  endfacet
  facet normal 0 -0 -1
    outer loop
      vertex 23.7203 21.9203 0
      vertex 25.5462 19.2587 0
      vertex 23.7165 21.8026 0
    endloop
  endfacet
  facet normal 0 0 -1
    outer loop
      vertex 25.5462 19.2587 0
      vertex 23.659 21.4544 0
      vertex 23.6857 21.5691 0
    endloop
  endfacet
  facet normal 0 0 -1
    outer loop
      vertex 25.5462 19.2587 0
      vertex 23.6248 21.3417 0
      vertex 23.659 21.4544 0
    endloop
  endfacet
  facet normal 0 0 -1
    outer loop
      vertex 25.5462 19.2587 0
      vertex 23.5833 21.2315 0
      vertex 23.6248 21.3417 0
    endloop
  endfacet
  facet normal 0 0 -1
    outer loop
      vertex 25.5462 19.2587 0
      vertex 23.5347 21.1242 0
      vertex 23.5833 21.2315 0
    endloop
  endfacet
  facet normal 0 0 -1
    outer loop
      vertex 25.5462 19.2587 0
      vertex 23.4792 21.0203 0
      vertex 23.5347 21.1242 0
    endloop
  endfacet
  facet normal 0 0 -1
    outer loop
      vertex 25.5462 19.2587 0
      vertex 23.417 20.9203 0
      vertex 23.4792 21.0203 0
    endloop
  endfacet
  facet normal 0 0 -1
    outer loop
      vertex 22.9203 20.4237 0
      vertex 25.5462 19.2587 0
      vertex 23.0072 17.6541 0
    endloop
  endfacet
  facet normal 0 0 -1
    outer loop
      vertex 25.5462 19.2587 0
      vertex 23.3483 20.8245 0
      vertex 23.417 20.9203 0
    endloop
  endfacet
  facet normal 0 0 -1
    outer loop
      vertex 25.5462 19.2587 0
      vertex 23.2736 20.7335 0
      vertex 23.3483 20.8245 0
    endloop
  endfacet
  facet normal 0 0 -1
    outer loop
      vertex 25.5462 19.2587 0
      vertex 23.1931 20.6475 0
      vertex 23.2736 20.7335 0
    endloop
  endfacet
  facet normal 0 0 -1
    outer loop
      vertex 25.5462 19.2587 0
      vertex 23.1071 20.567 0
      vertex 23.1931 20.6475 0
    endloop
  endfacet
  facet normal 0 0 -1
    outer loop
      vertex 25.5462 19.2587 0
      vertex 23.0161 20.4923 0
      vertex 23.1071 20.567 0
    endloop
  endfacet
  facet normal 0 0 -1
    outer loop
      vertex 25.5462 19.2587 0
      vertex 22.9203 20.4237 0
      vertex 23.0161 20.4923 0
    endloop
  endfacet
  facet normal 0 0 -1
    outer loop
      vertex 23.0072 17.6541 0
      vertex 22.8203 20.3615 0
      vertex 22.9203 20.4237 0
    endloop
  endfacet
  facet normal 0 0 -1
    outer loop
      vertex 23.0072 17.6541 0
      vertex 22.7164 20.3059 0
      vertex 22.8203 20.3615 0
    endloop
  endfacet
  facet normal 0 0 -1
    outer loop
      vertex 23.0072 17.6541 0
      vertex 22.6091 20.2573 0
      vertex 22.7164 20.3059 0
    endloop
  endfacet
  facet normal 0 0 -1
    outer loop
      vertex 21.8034 19.121 0
      vertex 22.6091 20.2573 0
      vertex 23.0072 17.6541 0
    endloop
  endfacet
  facet normal 0 0 -1
    outer loop
      vertex 22.6091 20.2573 0
      vertex 21.8034 19.121 0
      vertex 22.4989 20.2158 0
    endloop
  endfacet
  facet normal 0 0 -1
    outer loop
      vertex 22.4989 20.2158 0
      vertex 21.8034 19.121 0
      vertex 22.3862 20.1816 0
    endloop
  endfacet
  facet normal 0 0 -1
    outer loop
      vertex 22.3862 20.1816 0
      vertex 21.8034 19.121 0
      vertex 22.2715 20.1549 0
    endloop
  endfacet
  facet normal 0 0 -1
    outer loop
      vertex 22.2715 20.1549 0
      vertex 21.8034 19.121 0
      vertex 22.1553 20.1357 0
    endloop
  endfacet
  facet normal 0 0 -1
    outer loop
      vertex 22.1553 20.1357 0
      vertex 21.8034 19.121 0
      vertex 22.038 20.1242 0
    endloop
  endfacet
  facet normal 0 0 -1
    outer loop
      vertex 22.038 20.1242 0
      vertex 21.8034 19.121 0
      vertex 21.9203 20.1203 0
    endloop
  endfacet
  facet normal 0 0 -1
    outer loop
      vertex 21.8034 19.121 0
      vertex 21.8026 20.1242 0
      vertex 21.9203 20.1203 0
    endloop
  endfacet
  facet normal 0 0 -1
    outer loop
      vertex 21.8034 19.121 0
      vertex 21.6854 20.1357 0
      vertex 21.8026 20.1242 0
    endloop
  endfacet
  facet normal 0 0 -1
    outer loop
      vertex 21.8034 19.121 0
      vertex 21.5691 20.1549 0
      vertex 21.6854 20.1357 0
    endloop
  endfacet
  facet normal 0 0 -1
    outer loop
      vertex 21.8034 19.121 0
      vertex 21.4544 20.1816 0
      vertex 21.5691 20.1549 0
    endloop
  endfacet
  facet normal 0 0 -1
    outer loop
      vertex 21.8034 19.121 0
      vertex 21.3417 20.2158 0
      vertex 21.4544 20.1816 0
    endloop
  endfacet
  facet normal 0 0 -1
    outer loop
      vertex 21.8034 19.121 0
      vertex 21.2315 20.2573 0
      vertex 21.3417 20.2158 0
    endloop
  endfacet
  facet normal 0 0 -1
    outer loop
      vertex 21.8034 19.121 0
      vertex 21.1242 20.3059 0
      vertex 21.2315 20.2573 0
    endloop
  endfacet
  facet normal 0 0 -1
    outer loop
      vertex 21.8034 19.121 0
      vertex 21.0203 20.3615 0
      vertex 21.1242 20.3059 0
    endloop
  endfacet
  facet normal 0 0 -1
    outer loop
      vertex 20.5061 20.5061 0
      vertex 21.0203 20.3615 0
      vertex 21.8034 19.121 0
    endloop
  endfacet
  facet normal 0 0 -1
    outer loop
      vertex 21.0203 20.3615 0
      vertex 20.5061 20.5061 0
      vertex 20.9203 20.4237 0
    endloop
  endfacet
  facet normal 0 0 -1
    outer loop
      vertex 20.9203 20.4237 0
      vertex 20.5061 20.5061 0
      vertex 20.8245 20.4923 0
    endloop
  endfacet
  facet normal 0 0 -1
    outer loop
      vertex 20.8245 20.4923 0
      vertex 20.5061 20.5061 0
      vertex 20.7335 20.567 0
    endloop
  endfacet
  facet normal -0 0 -1
    outer loop
      vertex 20.7335 20.567 0
      vertex 20.5061 20.5061 0
      vertex 20.6475 20.6475 0
    endloop
  endfacet
  facet normal -0 0 -1
    outer loop
      vertex 20.6475 20.6475 0
      vertex 20.5061 20.5061 0
      vertex 20.567 20.7335 0
    endloop
  endfacet
  facet normal 0 0 -1
    outer loop
      vertex 20.5061 20.5061 0
      vertex 20.4923 20.8245 0
      vertex 20.567 20.7335 0
    endloop
  endfacet
  facet normal 0 0 -1
    outer loop
      vertex 20.5061 20.5061 0
      vertex 20.4237 20.9203 0
      vertex 20.4923 20.8245 0
    endloop
  endfacet
  facet normal 0 0 -1
    outer loop
      vertex 20.5061 20.5061 0
      vertex 20.3615 21.0203 0
      vertex 20.4237 20.9203 0
    endloop
  endfacet
  facet normal 0 0 -1
    outer loop
      vertex 19.121 21.8034 0
      vertex 20.3615 21.0203 0
      vertex 20.5061 20.5061 0
    endloop
  endfacet
  facet normal 0 0 -1
    outer loop
      vertex 20.3615 21.0203 0
      vertex 19.121 21.8034 0
      vertex 20.3059 21.1242 0
    endloop
  endfacet
  facet normal 0 0 -1
    outer loop
      vertex 20.3059 21.1242 0
      vertex 19.121 21.8034 0
      vertex 20.2573 21.2315 0
    endloop
  endfacet
  facet normal 0 0 -1
    outer loop
      vertex 19.121 21.8034 0
      vertex 20.1203 21.9203 0
      vertex 20.1242 21.8026 0
    endloop
  endfacet
  facet normal 0 0 -1
    outer loop
      vertex 20.1203 21.9203 0
      vertex 19.6703 25.8174 0
      vertex 19.93 25.9562 0
    endloop
  endfacet
  facet normal 0 0 -1
    outer loop
      vertex 19.121 21.8034 0
      vertex 20.1242 21.8026 0
      vertex 20.1357 21.6854 0
    endloop
  endfacet
  facet normal 0 0 -1
    outer loop
      vertex 20.1203 21.9203 0
      vertex 19.4202 25.6619 0
      vertex 19.6703 25.8174 0
    endloop
  endfacet
  facet normal 0 0 -1
    outer loop
      vertex 19.121 21.8034 0
      vertex 20.1357 21.6854 0
      vertex 20.1549 21.5691 0
    endloop
  endfacet
  facet normal 0 0 -1
    outer loop
      vertex 20.1203 21.9203 0
      vertex 19.2587 25.5462 0
      vertex 19.4202 25.6619 0
    endloop
  endfacet
  facet normal 0 0 -1
    outer loop
      vertex 20.2573 21.2315 0
      vertex 19.121 21.8034 0
      vertex 20.2158 21.3417 0
    endloop
  endfacet
  facet normal 0 0 -1
    outer loop
      vertex 19.121 21.8034 0
      vertex 20.1816 21.4544 0
      vertex 20.2158 21.3417 0
    endloop
  endfacet
  facet normal 0 0 -1
    outer loop
      vertex 19.121 21.8034 0
      vertex 20.1549 21.5691 0
      vertex 20.1816 21.4544 0
    endloop
  endfacet
  facet normal -0 0 -1
    outer loop
      vertex 20.1203 21.9203 0
      vertex 19.121 21.8034 0
      vertex 19.2587 25.5462 0
    endloop
  endfacet
  facet normal 0 0 -1
    outer loop
      vertex 17.6541 23.0072 0
      vertex 19.2587 25.5462 0
      vertex 19.121 21.8034 0
    endloop
  endfacet
  facet normal 0 0 -1
    outer loop
      vertex 16.1115 24.1126 0
      vertex 19.2587 25.5462 0
      vertex 17.6541 23.0072 0
    endloop
  endfacet
  facet normal -0 0 -1
    outer loop
      vertex 19.2587 25.5462 0
      vertex 16.1115 24.1126 0
      vertex 17.7782 26.607 0
    endloop
  endfacet
  facet normal 0 0 -1
    outer loop
      vertex 16.1115 24.1126 0
      vertex 16 27.7128 0
      vertex 17.7782 26.607 0
    endloop
  endfacet
  facet normal 0 0 -1
    outer loop
      vertex 14.5 25.1147 0
      vertex 16 27.7128 0
      vertex 16.1115 24.1126 0
    endloop
  endfacet
  facet normal 0 0 -1
    outer loop
      vertex 14.5 25.1147 0
      vertex 14.1532 28.6999 0
      vertex 16 27.7128 0
    endloop
  endfacet
  facet normal 0 0 -1
    outer loop
      vertex 12.8264 26.0093 0
      vertex 14.1532 28.6999 0
      vertex 14.5 25.1147 0
    endloop
  endfacet
  facet normal 0 0 -1
    outer loop
      vertex 12.8264 26.0093 0
      vertex 12.2459 29.5641 0
      vertex 14.1532 28.6999 0
    endloop
  endfacet
  facet normal 0 0 -1
    outer loop
      vertex 11.0978 26.7925 0
      vertex 12.2459 29.5641 0
      vertex 12.8264 26.0093 0
    endloop
  endfacet
  facet normal 0 0 -1
    outer loop
      vertex 11.0978 26.7925 0
      vertex 10.2861 30.3018 0
      vertex 12.2459 29.5641 0
    endloop
  endfacet
  facet normal 0 0 -1
    outer loop
      vertex 9.32174 27.461 0
      vertex 10.2861 30.3018 0
      vertex 11.0978 26.7925 0
    endloop
  endfacet
  facet normal 0 0 -1
    outer loop
      vertex 9.32174 27.461 0
      vertex 8.28221 30.9096 0
      vertex 10.2861 30.3018 0
    endloop
  endfacet
  facet normal 0 0 -1
    outer loop
      vertex 7.50575 28.0118 0
      vertex 8.28221 30.9096 0
      vertex 9.32174 27.461 0
    endloop
  endfacet
  facet normal 0 0 -1
    outer loop
      vertex 7.50575 28.0118 0
      vertex 6.24289 31.3851 0
      vertex 8.28221 30.9096 0
    endloop
  endfacet
  facet normal 0 0 -1
    outer loop
      vertex 5.65762 28.4428 0
      vertex 6.24289 31.3851 0
      vertex 7.50575 28.0118 0
    endloop
  endfacet
  facet normal 0 0 -1
    outer loop
      vertex 5.65762 28.4428 0
      vertex 4.17684 31.7262 0
      vertex 6.24289 31.3851 0
    endloop
  endfacet
  facet normal 0 0 -1
    outer loop
      vertex 3.78526 28.7519 0
      vertex 4.17684 31.7262 0
      vertex 5.65762 28.4428 0
    endloop
  endfacet
  facet normal 0 0 -1
    outer loop
      vertex 3.78526 28.7519 0
      vertex 2.0929 31.9315 0
      vertex 4.17684 31.7262 0
    endloop
  endfacet
  facet normal 0 0 -1
    outer loop
      vertex 1.89669 28.9379 0
      vertex 2.0929 31.9315 0
      vertex 3.78526 28.7519 0
    endloop
  endfacet
  facet normal 0 0 -1
    outer loop
      vertex 0 29 0
      vertex 2.0929 31.9315 0
      vertex 1.89669 28.9379 0
    endloop
  endfacet
  facet normal 0 0 -1
    outer loop
      vertex 0 29 0
      vertex 0 32 0
      vertex 2.0929 31.9315 0
    endloop
  endfacet
  facet normal 0 0 -1
    outer loop
      vertex -1.89669 28.9379 0
      vertex 0 32 0
      vertex 0 29 0
    endloop
  endfacet
  facet normal 0 0 -1
    outer loop
      vertex -1.89669 28.9379 0
      vertex -2.0929 31.9315 0
      vertex 0 32 0
    endloop
  endfacet
  facet normal 0 0 -1
    outer loop
      vertex -3.78526 28.7519 0
      vertex -2.0929 31.9315 0
      vertex -1.89669 28.9379 0
    endloop
  endfacet
  facet normal 0 0 -1
    outer loop
      vertex -3.78526 28.7519 0
      vertex -4.17684 31.7262 0
      vertex -2.0929 31.9315 0
    endloop
  endfacet
  facet normal 0 0 -1
    outer loop
      vertex -5.65762 28.4428 0
      vertex -4.17684 31.7262 0
      vertex -3.78526 28.7519 0
    endloop
  endfacet
  facet normal 0 0 -1
    outer loop
      vertex -5.65762 28.4428 0
      vertex -6.24289 31.3851 0
      vertex -4.17684 31.7262 0
    endloop
  endfacet
  facet normal 0 0 -1
    outer loop
      vertex -7.50575 28.0118 0
      vertex -6.24289 31.3851 0
      vertex -5.65762 28.4428 0
    endloop
  endfacet
  facet normal 0 0 -1
    outer loop
      vertex -7.50575 28.0118 0
      vertex -8.28221 30.9096 0
      vertex -6.24289 31.3851 0
    endloop
  endfacet
  facet normal 0 0 -1
    outer loop
      vertex -9.32174 27.461 0
      vertex -8.28221 30.9096 0
      vertex -7.50575 28.0118 0
    endloop
  endfacet
  facet normal 0 0 -1
    outer loop
      vertex -9.32174 27.461 0
      vertex -10.2861 30.3018 0
      vertex -8.28221 30.9096 0
    endloop
  endfacet
  facet normal 0 0 -1
    outer loop
      vertex -11.0978 26.7925 0
      vertex -10.2861 30.3018 0
      vertex -9.32174 27.461 0
    endloop
  endfacet
  facet normal 0 0 -1
    outer loop
      vertex -11.0978 26.7925 0
      vertex -12.2459 29.5641 0
      vertex -10.2861 30.3018 0
    endloop
  endfacet
  facet normal 0 0 -1
    outer loop
      vertex -12.8264 26.0093 0
      vertex -12.2459 29.5641 0
      vertex -11.0978 26.7925 0
    endloop
  endfacet
  facet normal 0 0 -1
    outer loop
      vertex -12.8264 26.0093 0
      vertex -14.1532 28.6999 0
      vertex -12.2459 29.5641 0
    endloop
  endfacet
  facet normal 0 0 -1
    outer loop
      vertex -14.5 25.1147 0
      vertex -14.1532 28.6999 0
      vertex -12.8264 26.0093 0
    endloop
  endfacet
  facet normal 0 0 -1
    outer loop
      vertex -14.5 25.1147 0
      vertex -16 27.7128 0
      vertex -14.1532 28.6999 0
    endloop
  endfacet
  facet normal 0 0 -1
    outer loop
      vertex -16.1115 24.1126 0
      vertex -16 27.7128 0
      vertex -14.5 25.1147 0
    endloop
  endfacet
  facet normal 0 0 -1
    outer loop
      vertex -19.2587 25.5462 0
      vertex -16.1115 24.1126 0
      vertex -17.6541 23.0072 0
    endloop
  endfacet
  facet normal 0 0 -1
    outer loop
      vertex -16.1115 24.1126 0
      vertex -17.7782 26.607 0
      vertex -16 27.7128 0
    endloop
  endfacet
  facet normal 0 0 -1
    outer loop
      vertex -20.2573 22.6091 0
      vertex -17.6541 23.0072 0
      vertex -19.121 21.8034 0
    endloop
  endfacet
  facet normal 0 0 -1
    outer loop
      vertex -16.1115 24.1126 0
      vertex -19.2587 25.5462 0
      vertex -17.7782 26.607 0
    endloop
  endfacet
  facet normal 0 0 -1
    outer loop
      vertex -20.4237 22.9203 0
      vertex -17.6541 23.0072 0
      vertex -20.3615 22.8203 0
    endloop
  endfacet
  facet normal -0 0 -1
    outer loop
      vertex -17.6541 23.0072 0
      vertex -20.4237 22.9203 0
      vertex -19.2587 25.5462 0
    endloop
  endfacet
  facet normal 0 0 -1
    outer loop
      vertex -20.4923 23.0161 0
      vertex -19.2587 25.5462 0
      vertex -20.4237 22.9203 0
    endloop
  endfacet
  facet normal 0 0 -1
    outer loop
      vertex -20.1242 22.038 0
      vertex -19.121 21.8034 0
      vertex -20.1203 21.9203 0
    endloop
  endfacet
  facet normal -0 0 -1
    outer loop
      vertex -19.121 21.8034 0
      vertex -20.1242 21.8026 0
      vertex -20.1203 21.9203 0
    endloop
  endfacet
  facet normal 0 0 -1
    outer loop
      vertex -19.121 21.8034 0
      vertex -20.1357 21.6854 0
      vertex -20.1242 21.8026 0
    endloop
  endfacet
  facet normal 0 0 -1
    outer loop
      vertex -19.121 21.8034 0
      vertex -20.1549 21.5691 0
      vertex -20.1357 21.6854 0
    endloop
  endfacet
  facet normal 0 0 -1
    outer loop
      vertex -19.121 21.8034 0
      vertex -20.1816 21.4544 0
      vertex -20.1549 21.5691 0
    endloop
  endfacet
  facet normal 0 0 -1
    outer loop
      vertex -19.121 21.8034 0
      vertex -20.2158 21.3417 0
      vertex -20.1816 21.4544 0
    endloop
  endfacet
  facet normal 0 0 -1
    outer loop
      vertex -19.121 21.8034 0
      vertex -20.2573 21.2315 0
      vertex -20.2158 21.3417 0
    endloop
  endfacet
  facet normal 0 0 -1
    outer loop
      vertex -19.121 21.8034 0
      vertex -20.3059 21.1242 0
      vertex -20.2573 21.2315 0
    endloop
  endfacet
  facet normal 0 0 -1
    outer loop
      vertex -19.121 21.8034 0
      vertex -20.3615 21.0203 0
      vertex -20.3059 21.1242 0
    endloop
  endfacet
  facet normal 0 0 -1
    outer loop
      vertex -20.5061 20.5061 0
      vertex -20.3615 21.0203 0
      vertex -19.121 21.8034 0
    endloop
  endfacet
  facet normal 0 0 -1
    outer loop
      vertex -20.3615 21.0203 0
      vertex -20.5061 20.5061 0
      vertex -20.4237 20.9203 0
    endloop
  endfacet
  facet normal 0 0 -1
    outer loop
      vertex -20.4237 20.9203 0
      vertex -20.5061 20.5061 0
      vertex -20.4923 20.8245 0
    endloop
  endfacet
  facet normal 0 0 -1
    outer loop
      vertex -20.5061 20.5061 0
      vertex -20.567 20.7335 0
      vertex -20.4923 20.8245 0
    endloop
  endfacet
  facet normal 0 0 -1
    outer loop
      vertex -20.5061 20.5061 0
      vertex -20.6475 20.6475 0
      vertex -20.567 20.7335 0
    endloop
  endfacet
  facet normal 0 0 -1
    outer loop
      vertex -20.5061 20.5061 0
      vertex -20.7335 20.567 0
      vertex -20.6475 20.6475 0
    endloop
  endfacet
  facet normal -0 0 -1
    outer loop
      vertex -20.5061 20.5061 0
      vertex -20.8245 20.4923 0
      vertex -20.7335 20.567 0
    endloop
  endfacet
  facet normal 0 0 -1
    outer loop
      vertex -20.5061 20.5061 0
      vertex -20.9203 20.4237 0
      vertex -20.8245 20.4923 0
    endloop
  endfacet
  facet normal 0 0 -1
    outer loop
      vertex -20.5061 20.5061 0
      vertex -21.0203 20.3615 0
      vertex -20.9203 20.4237 0
    endloop
  endfacet
  facet normal 0 0 -1
    outer loop
      vertex -21.8034 19.121 0
      vertex -21.0203 20.3615 0
      vertex -20.5061 20.5061 0
    endloop
  endfacet
  facet normal 0 0 -1
    outer loop
      vertex -21.0203 20.3615 0
      vertex -21.8034 19.121 0
      vertex -21.1242 20.3059 0
    endloop
  endfacet
  facet normal 0 0 -1
    outer loop
      vertex -21.1242 20.3059 0
      vertex -21.8034 19.121 0
      vertex -21.2315 20.2573 0
    endloop
  endfacet
  facet normal 0 0 -1
    outer loop
      vertex -21.2315 20.2573 0
      vertex -21.8034 19.121 0
      vertex -21.3417 20.2158 0
    endloop
  endfacet
  facet normal 0 0 -1
    outer loop
      vertex -21.8034 19.121 0
      vertex -21.4544 20.1816 0
      vertex -21.3417 20.2158 0
    endloop
  endfacet
  facet normal 0 0 -1
    outer loop
      vertex -21.8034 19.121 0
      vertex -21.5691 20.1549 0
      vertex -21.4544 20.1816 0
    endloop
  endfacet
  facet normal 0 0 -1
    outer loop
      vertex -21.8034 19.121 0
      vertex -21.6854 20.1357 0
      vertex -21.5691 20.1549 0
    endloop
  endfacet
  facet normal 0 0 -1
    outer loop
      vertex -21.8034 19.121 0
      vertex -21.8026 20.1242 0
      vertex -21.6854 20.1357 0
    endloop
  endfacet
  facet normal 0 0 -1
    outer loop
      vertex -21.8034 19.121 0
      vertex -21.9203 20.1203 0
      vertex -21.8026 20.1242 0
    endloop
  endfacet
  facet normal 0 0 -1
    outer loop
      vertex -21.8034 19.121 0
      vertex -22.038 20.1242 0
      vertex -21.9203 20.1203 0
    endloop
  endfacet
  facet normal 0 0 -1
    outer loop
      vertex -21.8034 19.121 0
      vertex -22.1553 20.1357 0
      vertex -22.038 20.1242 0
    endloop
  endfacet
  facet normal 0 0 -1
    outer loop
      vertex -21.8034 19.121 0
      vertex -22.2715 20.1549 0
      vertex -22.1553 20.1357 0
    endloop
  endfacet
  facet normal 0 0 -1
    outer loop
      vertex -21.8034 19.121 0
      vertex -22.3862 20.1816 0
      vertex -22.2715 20.1549 0
    endloop
  endfacet
  facet normal 0 0 -1
    outer loop
      vertex -21.8034 19.121 0
      vertex -22.4989 20.2158 0
      vertex -22.3862 20.1816 0
    endloop
  endfacet
  facet normal 0 0 -1
    outer loop
      vertex -21.8034 19.121 0
      vertex -22.6091 20.2573 0
      vertex -22.4989 20.2158 0
    endloop
  endfacet
  facet normal 0 0 -1
    outer loop
      vertex -23.0072 17.6541 0
      vertex -22.6091 20.2573 0
      vertex -21.8034 19.121 0
    endloop
  endfacet
  facet normal -0 0 -1
    outer loop
      vertex -22.6091 20.2573 0
      vertex -23.0072 17.6541 0
      vertex -22.7164 20.3059 0
    endloop
  endfacet
  facet normal -0 0 -1
    outer loop
      vertex -22.7164 20.3059 0
      vertex -23.0072 17.6541 0
      vertex -22.8203 20.3615 0
    endloop
  endfacet
  facet normal -0 0 -1
    outer loop
      vertex -22.8203 20.3615 0
      vertex -23.0072 17.6541 0
      vertex -22.9203 20.4237 0
    endloop
  endfacet
  facet normal 0 0 -1
    outer loop
      vertex -25.5462 19.2587 0
      vertex -22.9203 20.4237 0
      vertex -23.0072 17.6541 0
    endloop
  endfacet
  facet normal -0 0 -1
    outer loop
      vertex -22.9203 20.4237 0
      vertex -25.5462 19.2587 0
      vertex -23.0161 20.4923 0
    endloop
  endfacet
  facet normal -0 0 -1
    outer loop
      vertex -23.0161 20.4923 0
      vertex -25.5462 19.2587 0
      vertex -23.1071 20.567 0
    endloop
  endfacet
  facet normal -0 0 -1
    outer loop
      vertex -23.1071 20.567 0
      vertex -25.5462 19.2587 0
      vertex -23.1931 20.6475 0
    endloop
  endfacet
  facet normal -0 0 -1
    outer loop
      vertex -23.1931 20.6475 0
      vertex -25.5462 19.2587 0
      vertex -23.2736 20.7335 0
    endloop
  endfacet
  facet normal -0 0 -1
    outer loop
      vertex -23.2736 20.7335 0
      vertex -25.5462 19.2587 0
      vertex -23.3483 20.8245 0
    endloop
  endfacet
  facet normal -0 0 -1
    outer loop
      vertex -23.3483 20.8245 0
      vertex -25.5462 19.2587 0
      vertex -23.417 20.9203 0
    endloop
  endfacet
  facet normal 0 0 -1
    outer loop
      vertex -25.6619 19.4202 0
      vertex -23.417 20.9203 0
      vertex -25.5462 19.2587 0
    endloop
  endfacet
  facet normal -0 0 -1
    outer loop
      vertex -23.417 20.9203 0
      vertex -25.6619 19.4202 0
      vertex -23.4792 21.0203 0
    endloop
  endfacet
  facet normal 0 0 -1
    outer loop
      vertex -25.8174 19.6703 0
      vertex -23.4792 21.0203 0
      vertex -25.6619 19.4202 0
    endloop
  endfacet
  facet normal -0 0 -1
    outer loop
      vertex -23.4792 21.0203 0
      vertex -25.8174 19.6703 0
      vertex -23.5347 21.1242 0
    endloop
  endfacet
  facet normal 0 0 -1
    outer loop
      vertex -25.9562 19.93 0
      vertex -23.5347 21.1242 0
      vertex -25.8174 19.6703 0
    endloop
  endfacet
  facet normal 0 0 -1
    outer loop
      vertex -26.4203 21.9203 0
      vertex -23.7203 21.9203 0
      vertex -23.7165 21.8026 0
    endloop
  endfacet
  facet normal 0 0 -1
    outer loop
      vertex -25.5462 19.2587 0
      vertex -23.0072 17.6541 0
      vertex -24.1126 16.1115 0
    endloop
  endfacet
  facet normal -0 0 -1
    outer loop
      vertex -23.5347 21.1242 0
      vertex -25.9562 19.93 0
      vertex -23.5833 21.2315 0
    endloop
  endfacet
  facet normal 0 0 -1
    outer loop
      vertex -26.0778 20.1982 0
      vertex -23.5833 21.2315 0
      vertex -25.9562 19.93 0
    endloop
  endfacet
  facet normal -0 0 -1
    outer loop
      vertex -23.5833 21.2315 0
      vertex -26.0778 20.1982 0
      vertex -23.6248 21.3417 0
    endloop
  endfacet
  facet normal 0 0 -1
    outer loop
      vertex -26.1815 20.4738 0
      vertex -23.6248 21.3417 0
      vertex -26.0778 20.1982 0
    endloop
  endfacet
  facet normal 0 0 -1
    outer loop
      vertex -23.7203 21.9203 0
      vertex -24.1703 25.8174 0
      vertex -23.9106 25.9562 0
    endloop
  endfacet
  facet normal 0 0 -1
    outer loop
      vertex -23.7203 21.9203 0
      vertex -24.4204 25.6619 0
      vertex -24.1703 25.8174 0
    endloop
  endfacet
  facet normal 0 0 -1
    outer loop
      vertex -23.7203 21.9203 0
      vertex -24.6597 25.4904 0
      vertex -24.4204 25.6619 0
    endloop
  endfacet
  facet normal 0 0 -1
    outer loop
      vertex -23.7203 21.9203 0
      vertex -24.8874 25.3036 0
      vertex -24.6597 25.4904 0
    endloop
  endfacet
  facet normal 0 0 -1
    outer loop
      vertex -26.607 17.7782 0
      vertex -24.1126 16.1115 0
      vertex -25.1147 14.5 0
    endloop
  endfacet
  facet normal 0 0 -1
    outer loop
      vertex -23.7203 21.9203 0
      vertex -25.1023 25.1023 0
      vertex -24.8874 25.3036 0
    endloop
  endfacet
  facet normal 0 0 -1
    outer loop
      vertex -23.7203 21.9203 0
      vertex -25.3036 24.8874 0
      vertex -25.1023 25.1023 0
    endloop
  endfacet
  facet normal 0 0 -1
    outer loop
      vertex -23.7203 21.9203 0
      vertex -25.4904 24.6597 0
      vertex -25.3036 24.8874 0
    endloop
  endfacet
  facet normal 0 0 -1
    outer loop
      vertex -27.7128 16 0
      vertex -25.1147 14.5 0
      vertex -26.0093 12.8264 0
    endloop
  endfacet
  facet normal 0 0 -1
    outer loop
      vertex -24.1126 16.1115 0
      vertex -26.607 17.7782 0
      vertex -25.5462 19.2587 0
    endloop
  endfacet
  facet normal 0 0 -1
    outer loop
      vertex -28.6999 14.1532 0
      vertex -26.0093 12.8264 0
      vertex -26.7925 11.0978 0
    endloop
  endfacet
  facet normal 0 0 -1
    outer loop
      vertex -29.5641 12.2459 0
      vertex -26.7925 11.0978 0
      vertex -27.461 9.32174 0
    endloop
  endfacet
  facet normal 0 0 -1
    outer loop
      vertex -25.1147 14.5 0
      vertex -27.7128 16 0
      vertex -26.607 17.7782 0
    endloop
  endfacet
  facet normal 0 0 -1
    outer loop
      vertex -30.3018 10.2861 0
      vertex -27.461 9.32174 0
      vertex -28.0118 7.50575 0
    endloop
  endfacet
  facet normal 0 0 -1
    outer loop
      vertex -30.9096 8.28221 0
      vertex -28.0118 7.50575 0
      vertex -28.4428 5.65762 0
    endloop
  endfacet
  facet normal 0 0 -1
    outer loop
      vertex -26.0093 12.8264 0
      vertex -28.6999 14.1532 0
      vertex -27.7128 16 0
    endloop
  endfacet
  facet normal 0 0 -1
    outer loop
      vertex -31.3851 6.24289 0
      vertex -28.4428 5.65762 0
      vertex -28.7519 3.78526 0
    endloop
  endfacet
  facet normal 0 0 -1
    outer loop
      vertex -31.7262 4.17684 0
      vertex -28.7519 3.78526 0
      vertex -28.9379 1.89669 0
    endloop
  endfacet
  facet normal 0 0 -1
    outer loop
      vertex -31.9315 2.0929 0
      vertex -28.9379 1.89669 0
      vertex -29 0 0
    endloop
  endfacet
  facet normal -0 0 -1
    outer loop
      vertex -28.4428 -5.65762 0
      vertex -31.3851 -6.24289 0
      vertex -28.7519 -3.78526 0
    endloop
  endfacet
  facet normal 0 0 -1
    outer loop
      vertex -26.7925 11.0978 0
      vertex -29.5641 12.2459 0
      vertex -28.6999 14.1532 0
    endloop
  endfacet
  facet normal 0 0 -1
    outer loop
      vertex -31.7262 -4.17684 0
      vertex -28.7519 -3.78526 0
      vertex -31.3851 -6.24289 0
    endloop
  endfacet
  facet normal 0 0 -1
    outer loop
      vertex -27.461 9.32174 0
      vertex -30.3018 10.2861 0
      vertex -29.5641 12.2459 0
    endloop
  endfacet
  facet normal -0 0 -1
    outer loop
      vertex -28.7519 -3.78526 0
      vertex -31.7262 -4.17684 0
      vertex -28.9379 -1.89669 0
    endloop
  endfacet
  facet normal 0 0 -1
    outer loop
      vertex -28.0118 7.50575 0
      vertex -30.9096 8.28221 0
      vertex -30.3018 10.2861 0
    endloop
  endfacet
  facet normal 0 0 -1
    outer loop
      vertex -31.9315 -2.0929 0
      vertex -28.9379 -1.89669 0
      vertex -31.7262 -4.17684 0
    endloop
  endfacet
  facet normal 0 0 -1
    outer loop
      vertex -28.4428 5.65762 0
      vertex -31.3851 6.24289 0
      vertex -30.9096 8.28221 0
    endloop
  endfacet
  facet normal -0 0 -1
    outer loop
      vertex -28.9379 -1.89669 0
      vertex -31.9315 -2.0929 0
      vertex -29 0 0
    endloop
  endfacet
  facet normal 0 0 -1
    outer loop
      vertex -28.7519 3.78526 0
      vertex -31.7262 4.17684 0
      vertex -31.3851 6.24289 0
    endloop
  endfacet
  facet normal 0 0 -1
    outer loop
      vertex -32 0 0
      vertex -29 0 0
      vertex -31.9315 -2.0929 0
    endloop
  endfacet
  facet normal 0 0 -1
    outer loop
      vertex -28.9379 1.89669 0
      vertex -31.9315 2.0929 0
      vertex -31.7262 4.17684 0
    endloop
  endfacet
  facet normal 0 0 -1
    outer loop
      vertex -29 0 0
      vertex -32 0 0
      vertex -31.9315 2.0929 0
    endloop
  endfacet
  facet normal -0 0 -1
    outer loop
      vertex -23.659 -22.3862 0
      vertex -26.267 -23.085 0
      vertex -23.6857 -22.2715 0
    endloop
  endfacet
  facet normal 0 0 -1
    outer loop
      vertex -26.3338 -22.7982 0
      vertex -23.6857 -22.2715 0
      vertex -26.267 -23.085 0
    endloop
  endfacet
  facet normal 0 0 -1
    outer loop
      vertex -23.4792 -21.0203 0
      vertex -25.8174 -19.6703 0
      vertex -25.6619 -19.4202 0
    endloop
  endfacet
  facet normal 0 0 -1
    outer loop
      vertex -23.417 -20.9203 0
      vertex -25.6619 -19.4202 0
      vertex -25.5462 -19.2587 0
    endloop
  endfacet
  facet normal -0 0 -1
    outer loop
      vertex -23.6857 -22.2715 0
      vertex -26.3338 -22.7982 0
      vertex -23.7049 -22.1553 0
    endloop
  endfacet
  facet normal 0 0 -1
    outer loop
      vertex -23.5347 -21.1242 0
      vertex -25.9562 -19.93 0
      vertex -25.8174 -19.6703 0
    endloop
  endfacet
  facet normal 0 0 -1
    outer loop
      vertex -26.3818 -22.5077 0
      vertex -23.7049 -22.1553 0
      vertex -26.3338 -22.7982 0
    endloop
  endfacet
  facet normal 0 0 -1
    outer loop
      vertex -23.5833 -21.2315 0
      vertex -26.0778 -20.1982 0
      vertex -25.9562 -19.93 0
    endloop
  endfacet
  facet normal -0 0 -1
    outer loop
      vertex -23.7049 -22.1553 0
      vertex -26.3818 -22.5077 0
      vertex -23.7165 -22.038 0
    endloop
  endfacet
  facet normal 0 0 -1
    outer loop
      vertex -23.6248 -21.3417 0
      vertex -26.1815 -20.4738 0
      vertex -26.0778 -20.1982 0
    endloop
  endfacet
  facet normal 0 0 -1
    outer loop
      vertex -26.4107 -22.2146 0
      vertex -23.7165 -22.038 0
      vertex -26.3818 -22.5077 0
    endloop
  endfacet
  facet normal 0 0 -1
    outer loop
      vertex -23.659 -21.4544 0
      vertex -26.267 -20.7556 0
      vertex -26.1815 -20.4738 0
    endloop
  endfacet
  facet normal -0 0 -1
    outer loop
      vertex -23.7165 -22.038 0
      vertex -26.4107 -22.2146 0
      vertex -23.7203 -21.9203 0
    endloop
  endfacet
  facet normal 0 0 -1
    outer loop
      vertex -23.6857 -21.5691 0
      vertex -26.3338 -21.0424 0
      vertex -26.267 -20.7556 0
    endloop
  endfacet
  facet normal 0 0 -1
    outer loop
      vertex -26.4203 -21.9203 0
      vertex -23.7203 -21.9203 0
      vertex -26.4107 -22.2146 0
    endloop
  endfacet
  facet normal 0 0 -1
    outer loop
      vertex -23.7049 -21.6854 0
      vertex -26.3818 -21.3329 0
      vertex -26.3338 -21.0424 0
    endloop
  endfacet
  facet normal 0 0 -1
    outer loop
      vertex -23.7203 -21.9203 0
      vertex -26.4203 -21.9203 0
      vertex -23.7165 -21.8026 0
    endloop
  endfacet
  facet normal 0 0 -1
    outer loop
      vertex -23.7165 -21.8026 0
      vertex -26.4107 -21.626 0
      vertex -26.3818 -21.3329 0
    endloop
  endfacet
  facet normal -0 0 -1
    outer loop
      vertex -23.7165 -21.8026 0
      vertex -26.4203 -21.9203 0
      vertex -26.4107 -21.626 0
    endloop
  endfacet
  facet normal -0 0 -1
    outer loop
      vertex -23.6248 21.3417 0
      vertex -26.1815 20.4738 0
      vertex -23.659 21.4544 0
    endloop
  endfacet
  facet normal 0 0 -1
    outer loop
      vertex -23.7203 21.9203 0
      vertex -25.6619 24.4204 0
      vertex -25.4904 24.6597 0
    endloop
  endfacet
  facet normal 0 0 -1
    outer loop
      vertex -26.267 20.7556 0
      vertex -23.659 21.4544 0
      vertex -26.1815 20.4738 0
    endloop
  endfacet
  facet normal 0 0 -1
    outer loop
      vertex -23.7203 21.9203 0
      vertex -25.8174 24.1703 0
      vertex -25.6619 24.4204 0
    endloop
  endfacet
  facet normal -0 0 -1
    outer loop
      vertex -23.659 21.4544 0
      vertex -26.267 20.7556 0
      vertex -23.6857 21.5691 0
    endloop
  endfacet
  facet normal 0 0 -1
    outer loop
      vertex -23.7203 21.9203 0
      vertex -25.9562 23.9106 0
      vertex -25.8174 24.1703 0
    endloop
  endfacet
  facet normal 0 0 -1
    outer loop
      vertex -26.3338 21.0424 0
      vertex -23.6857 21.5691 0
      vertex -26.267 20.7556 0
    endloop
  endfacet
  facet normal 0 0 -1
    outer loop
      vertex -23.7203 21.9203 0
      vertex -26.0778 23.6424 0
      vertex -25.9562 23.9106 0
    endloop
  endfacet
  facet normal -0 0 -1
    outer loop
      vertex -23.6857 21.5691 0
      vertex -26.3338 21.0424 0
      vertex -23.7049 21.6854 0
    endloop
  endfacet
  facet normal 0 0 -1
    outer loop
      vertex -23.7203 21.9203 0
      vertex -26.1815 23.3668 0
      vertex -26.0778 23.6424 0
    endloop
  endfacet
  facet normal 0 0 -1
    outer loop
      vertex -26.3818 21.3329 0
      vertex -23.7049 21.6854 0
      vertex -26.3338 21.0424 0
    endloop
  endfacet
  facet normal 0 0 -1
    outer loop
      vertex -23.7203 21.9203 0
      vertex -26.267 23.085 0
      vertex -26.1815 23.3668 0
    endloop
  endfacet
  facet normal -0 0 -1
    outer loop
      vertex -23.7049 21.6854 0
      vertex -26.3818 21.3329 0
      vertex -23.7165 21.8026 0
    endloop
  endfacet
  facet normal 0 0 -1
    outer loop
      vertex -23.7203 21.9203 0
      vertex -26.3338 22.7982 0
      vertex -26.267 23.085 0
    endloop
  endfacet
  facet normal 0 0 -1
    outer loop
      vertex -26.4107 21.626 0
      vertex -23.7165 21.8026 0
      vertex -26.3818 21.3329 0
    endloop
  endfacet
  facet normal 0 0 -1
    outer loop
      vertex -23.7203 21.9203 0
      vertex -26.3818 22.5077 0
      vertex -26.3338 22.7982 0
    endloop
  endfacet
  facet normal 0 0 -1
    outer loop
      vertex -26.4203 21.9203 0
      vertex -23.7165 21.8026 0
      vertex -26.4107 21.626 0
    endloop
  endfacet
  facet normal 0 0 -1
    outer loop
      vertex -23.7203 21.9203 0
      vertex -26.4107 22.2146 0
      vertex -26.3818 22.5077 0
    endloop
  endfacet
  facet normal 0 0 -1
    outer loop
      vertex -23.7203 21.9203 0
      vertex -26.4203 21.9203 0
      vertex -26.4107 22.2146 0
    endloop
  endfacet
  facet normal 0 0 -1
    outer loop
      vertex -19.121 -21.8034 0
      vertex -20.1242 -22.038 0
      vertex -20.1203 -21.9203 0
    endloop
  endfacet
  facet normal 0 0 -1
    outer loop
      vertex -19.121 -21.8034 0
      vertex -20.1357 -22.1553 0
      vertex -20.1242 -22.038 0
    endloop
  endfacet
  facet normal 0 0 -1
    outer loop
      vertex -19.121 -21.8034 0
      vertex -20.1549 -22.2715 0
      vertex -20.1357 -22.1553 0
    endloop
  endfacet
  facet normal 0 0 -1
    outer loop
      vertex -19.121 -21.8034 0
      vertex -20.1816 -22.3862 0
      vertex -20.1549 -22.2715 0
    endloop
  endfacet
  facet normal 0 0 -1
    outer loop
      vertex -21.1242 -23.5347 0
      vertex -19.93 -25.9562 0
      vertex -20.1982 -26.0778 0
    endloop
  endfacet
  facet normal 0 0 -1
    outer loop
      vertex -19.121 -21.8034 0
      vertex -20.2158 -22.4989 0
      vertex -20.1816 -22.3862 0
    endloop
  endfacet
  facet normal 0 0 -1
    outer loop
      vertex -19.121 -21.8034 0
      vertex -20.2573 -22.6091 0
      vertex -20.2158 -22.4989 0
    endloop
  endfacet
  facet normal 0 0 -1
    outer loop
      vertex -17.6541 -23.0072 0
      vertex -20.2573 -22.6091 0
      vertex -19.121 -21.8034 0
    endloop
  endfacet
  facet normal 0 -0 -1
    outer loop
      vertex -20.2573 -22.6091 0
      vertex -17.6541 -23.0072 0
      vertex -20.3059 -22.7164 0
    endloop
  endfacet
  facet normal 0 0 -1
    outer loop
      vertex -17.6541 -23.0072 0
      vertex -20.4237 -22.9203 0
      vertex -20.3615 -22.8203 0
    endloop
  endfacet
  facet normal 0 0 -1
    outer loop
      vertex -21.2315 -23.5833 0
      vertex -20.1982 -26.0778 0
      vertex -20.4738 -26.1815 0
    endloop
  endfacet
  facet normal 0 0 -1
    outer loop
      vertex -19.2587 -25.5462 0
      vertex -20.4923 -23.0161 0
      vertex -20.4237 -22.9203 0
    endloop
  endfacet
  facet normal 0 0 -1
    outer loop
      vertex -19.2587 -25.5462 0
      vertex -20.567 -23.1071 0
      vertex -20.4923 -23.0161 0
    endloop
  endfacet
  facet normal 0 0 -1
    outer loop
      vertex -19.2587 -25.5462 0
      vertex -20.6475 -23.1931 0
      vertex -20.567 -23.1071 0
    endloop
  endfacet
  facet normal 0 0 -1
    outer loop
      vertex -19.2587 -25.5462 0
      vertex -20.7335 -23.2736 0
      vertex -20.6475 -23.1931 0
    endloop
  endfacet
  facet normal 0 0 -1
    outer loop
      vertex -21.3417 -23.6248 0
      vertex -20.4738 -26.1815 0
      vertex -20.7556 -26.267 0
    endloop
  endfacet
  facet normal 0 0 -1
    outer loop
      vertex -19.2587 -25.5462 0
      vertex -20.8245 -23.3483 0
      vertex -20.7335 -23.2736 0
    endloop
  endfacet
  facet normal 0 0 -1
    outer loop
      vertex -19.2587 -25.5462 0
      vertex -20.9203 -23.417 0
      vertex -20.8245 -23.3483 0
    endloop
  endfacet
  facet normal 0 0 -1
    outer loop
      vertex -19.6703 -25.8174 0
      vertex -21.0203 -23.4792 0
      vertex -20.9203 -23.417 0
    endloop
  endfacet
  facet normal 0 0 -1
    outer loop
      vertex -21.4544 -23.659 0
      vertex -20.7556 -26.267 0
      vertex -21.0424 -26.3338 0
    endloop
  endfacet
  facet normal 0 0 -1
    outer loop
      vertex -19.93 -25.9562 0
      vertex -21.1242 -23.5347 0
      vertex -21.0203 -23.4792 0
    endloop
  endfacet
  facet normal 0 0 -1
    outer loop
      vertex -20.1982 -26.0778 0
      vertex -21.2315 -23.5833 0
      vertex -21.1242 -23.5347 0
    endloop
  endfacet
  facet normal 0 0 -1
    outer loop
      vertex -21.5691 -23.6857 0
      vertex -21.0424 -26.3338 0
      vertex -21.3329 -26.3818 0
    endloop
  endfacet
  facet normal 0 0 -1
    outer loop
      vertex -20.4738 -26.1815 0
      vertex -21.3417 -23.6248 0
      vertex -21.2315 -23.5833 0
    endloop
  endfacet
  facet normal 0 0 -1
    outer loop
      vertex -20.7556 -26.267 0
      vertex -21.4544 -23.659 0
      vertex -21.3417 -23.6248 0
    endloop
  endfacet
  facet normal 0 0 -1
    outer loop
      vertex -21.0424 -26.3338 0
      vertex -21.5691 -23.6857 0
      vertex -21.4544 -23.659 0
    endloop
  endfacet
  facet normal 0 0 -1
    outer loop
      vertex -21.6854 -23.7049 0
      vertex -21.3329 -26.3818 0
      vertex -21.626 -26.4107 0
    endloop
  endfacet
  facet normal 0 0 -1
    outer loop
      vertex -21.3329 -26.3818 0
      vertex -21.6854 -23.7049 0
      vertex -21.5691 -23.6857 0
    endloop
  endfacet
  facet normal 0 0 -1
    outer loop
      vertex -21.626 -26.4107 0
      vertex -21.8026 -23.7165 0
      vertex -21.6854 -23.7049 0
    endloop
  endfacet
  facet normal 0 0 -1
    outer loop
      vertex -21.9203 -26.4203 0
      vertex -21.8026 -23.7165 0
      vertex -21.626 -26.4107 0
    endloop
  endfacet
  facet normal 0 0 -1
    outer loop
      vertex -21.9203 -26.4203 0
      vertex -21.9203 -23.7203 0
      vertex -21.8026 -23.7165 0
    endloop
  endfacet
  facet normal 0 0 -1
    outer loop
      vertex -21.9203 -26.4203 0
      vertex -22.038 -23.7165 0
      vertex -21.9203 -23.7203 0
    endloop
  endfacet
  facet normal 0 0 -1
    outer loop
      vertex -22.2146 -26.4107 0
      vertex -22.038 -23.7165 0
      vertex -21.9203 -26.4203 0
    endloop
  endfacet
  facet normal -0 0 -1
    outer loop
      vertex -22.038 -23.7165 0
      vertex -22.2146 -26.4107 0
      vertex -22.1553 -23.7049 0
    endloop
  endfacet
  facet normal 0 0 -1
    outer loop
      vertex -22.5077 -26.3818 0
      vertex -22.1553 -23.7049 0
      vertex -22.2146 -26.4107 0
    endloop
  endfacet
  facet normal -0 0 -1
    outer loop
      vertex -22.1553 -23.7049 0
      vertex -22.5077 -26.3818 0
      vertex -22.2715 -23.6857 0
    endloop
  endfacet
  facet normal 0 0 -1
    outer loop
      vertex -22.7982 -26.3338 0
      vertex -22.2715 -23.6857 0
      vertex -22.5077 -26.3818 0
    endloop
  endfacet
  facet normal -0 0 -1
    outer loop
      vertex -22.2715 -23.6857 0
      vertex -22.7982 -26.3338 0
      vertex -22.3862 -23.659 0
    endloop
  endfacet
  facet normal 0 0 -1
    outer loop
      vertex -23.085 -26.267 0
      vertex -22.3862 -23.659 0
      vertex -22.7982 -26.3338 0
    endloop
  endfacet
  facet normal -0 0 -1
    outer loop
      vertex -22.3862 -23.659 0
      vertex -23.085 -26.267 0
      vertex -22.4989 -23.6248 0
    endloop
  endfacet
  facet normal 0 0 -1
    outer loop
      vertex -23.3668 -26.1815 0
      vertex -22.4989 -23.6248 0
      vertex -23.085 -26.267 0
    endloop
  endfacet
  facet normal -0 0 -1
    outer loop
      vertex -22.4989 -23.6248 0
      vertex -23.3668 -26.1815 0
      vertex -22.6091 -23.5833 0
    endloop
  endfacet
  facet normal 0 0 -1
    outer loop
      vertex -23.6424 -26.0778 0
      vertex -22.6091 -23.5833 0
      vertex -23.3668 -26.1815 0
    endloop
  endfacet
  facet normal -0 0 -1
    outer loop
      vertex -22.6091 -23.5833 0
      vertex -23.6424 -26.0778 0
      vertex -22.7164 -23.5347 0
    endloop
  endfacet
  facet normal 0 0 -1
    outer loop
      vertex -23.9106 -25.9562 0
      vertex -22.7164 -23.5347 0
      vertex -23.6424 -26.0778 0
    endloop
  endfacet
  facet normal -0 0 -1
    outer loop
      vertex -22.7164 -23.5347 0
      vertex -23.9106 -25.9562 0
      vertex -22.8203 -23.4792 0
    endloop
  endfacet
  facet normal 0 0 -1
    outer loop
      vertex -24.1703 -25.8174 0
      vertex -22.8203 -23.4792 0
      vertex -23.9106 -25.9562 0
    endloop
  endfacet
  facet normal -0 0 -1
    outer loop
      vertex -22.8203 -23.4792 0
      vertex -24.1703 -25.8174 0
      vertex -22.9203 -23.417 0
    endloop
  endfacet
  facet normal 0 0 -1
    outer loop
      vertex -24.4204 -25.6619 0
      vertex -22.9203 -23.417 0
      vertex -24.1703 -25.8174 0
    endloop
  endfacet
  facet normal -0 0 -1
    outer loop
      vertex -22.9203 -23.417 0
      vertex -24.4204 -25.6619 0
      vertex -23.0161 -23.3483 0
    endloop
  endfacet
  facet normal 0 0 -1
    outer loop
      vertex -24.6597 -25.4904 0
      vertex -23.0161 -23.3483 0
      vertex -24.4204 -25.6619 0
    endloop
  endfacet
  facet normal -0 0 -1
    outer loop
      vertex -23.0161 -23.3483 0
      vertex -24.6597 -25.4904 0
      vertex -23.1071 -23.2736 0
    endloop
  endfacet
  facet normal 0 0 -1
    outer loop
      vertex -24.8874 -25.3036 0
      vertex -23.1071 -23.2736 0
      vertex -24.6597 -25.4904 0
    endloop
  endfacet
  facet normal -0 0 -1
    outer loop
      vertex -23.1071 -23.2736 0
      vertex -24.8874 -25.3036 0
      vertex -23.1931 -23.1931 0
    endloop
  endfacet
  facet normal 0 0 -1
    outer loop
      vertex -25.1023 -25.1023 0
      vertex -23.1931 -23.1931 0
      vertex -24.8874 -25.3036 0
    endloop
  endfacet
  facet normal -0 0 -1
    outer loop
      vertex -23.1931 -23.1931 0
      vertex -25.1023 -25.1023 0
      vertex -23.2736 -23.1071 0
    endloop
  endfacet
  facet normal 0 0 -1
    outer loop
      vertex -25.3036 -24.8874 0
      vertex -23.2736 -23.1071 0
      vertex -25.1023 -25.1023 0
    endloop
  endfacet
  facet normal -0 0 -1
    outer loop
      vertex -23.2736 -23.1071 0
      vertex -25.3036 -24.8874 0
      vertex -23.3483 -23.0161 0
    endloop
  endfacet
  facet normal 0 0 -1
    outer loop
      vertex -25.4904 -24.6597 0
      vertex -23.3483 -23.0161 0
      vertex -25.3036 -24.8874 0
    endloop
  endfacet
  facet normal -0 0 -1
    outer loop
      vertex -23.3483 -23.0161 0
      vertex -25.4904 -24.6597 0
      vertex -23.417 -22.9203 0
    endloop
  endfacet
  facet normal 0 0 -1
    outer loop
      vertex -25.6619 -24.4204 0
      vertex -23.417 -22.9203 0
      vertex -25.4904 -24.6597 0
    endloop
  endfacet
  facet normal -0 0 -1
    outer loop
      vertex -23.417 -22.9203 0
      vertex -25.6619 -24.4204 0
      vertex -23.4792 -22.8203 0
    endloop
  endfacet
  facet normal 0 0 -1
    outer loop
      vertex -20.1357 22.1553 0
      vertex -19.121 21.8034 0
      vertex -20.1242 22.038 0
    endloop
  endfacet
  facet normal 0 0 -1
    outer loop
      vertex -20.1549 22.2715 0
      vertex -19.121 21.8034 0
      vertex -20.1357 22.1553 0
    endloop
  endfacet
  facet normal 0 0 -1
    outer loop
      vertex -20.1816 22.3862 0
      vertex -19.121 21.8034 0
      vertex -20.1549 22.2715 0
    endloop
  endfacet
  facet normal 0 0 -1
    outer loop
      vertex -20.2158 22.4989 0
      vertex -19.121 21.8034 0
      vertex -20.1816 22.3862 0
    endloop
  endfacet
  facet normal 0 0 -1
    outer loop
      vertex -20.2573 22.6091 0
      vertex -19.121 21.8034 0
      vertex -20.2158 22.4989 0
    endloop
  endfacet
  facet normal 0 0 -1
    outer loop
      vertex -17.6541 23.0072 0
      vertex -20.2573 22.6091 0
      vertex -20.3059 22.7164 0
    endloop
  endfacet
  facet normal 0 0 -1
    outer loop
      vertex -17.6541 23.0072 0
      vertex -20.3059 22.7164 0
      vertex -20.3615 22.8203 0
    endloop
  endfacet
  facet normal 0 0 -1
    outer loop
      vertex -20.567 23.1071 0
      vertex -19.2587 25.5462 0
      vertex -20.4923 23.0161 0
    endloop
  endfacet
  facet normal 0 0 -1
    outer loop
      vertex -20.6475 23.1931 0
      vertex -19.2587 25.5462 0
      vertex -20.567 23.1071 0
    endloop
  endfacet
  facet normal 0 0 -1
    outer loop
      vertex -20.7335 23.2736 0
      vertex -19.2587 25.5462 0
      vertex -20.6475 23.1931 0
    endloop
  endfacet
  facet normal 0 0 -1
    outer loop
      vertex -20.8245 23.3483 0
      vertex -19.2587 25.5462 0
      vertex -20.7335 23.2736 0
    endloop
  endfacet
  facet normal 0 0 -1
    outer loop
      vertex -20.9203 23.417 0
      vertex -19.2587 25.5462 0
      vertex -20.8245 23.3483 0
    endloop
  endfacet
  facet normal -0 0 -1
    outer loop
      vertex -19.2587 25.5462 0
      vertex -20.9203 23.417 0
      vertex -19.4202 25.6619 0
    endloop
  endfacet
  facet normal -0 0 -1
    outer loop
      vertex -19.4202 25.6619 0
      vertex -20.9203 23.417 0
      vertex -19.6703 25.8174 0
    endloop
  endfacet
  facet normal 0 0 -1
    outer loop
      vertex -21.0203 23.4792 0
      vertex -19.6703 25.8174 0
      vertex -20.9203 23.417 0
    endloop
  endfacet
  facet normal -0 0 -1
    outer loop
      vertex -19.6703 25.8174 0
      vertex -21.0203 23.4792 0
      vertex -19.93 25.9562 0
    endloop
  endfacet
  facet normal 0 0 -1
    outer loop
      vertex -21.1242 23.5347 0
      vertex -19.93 25.9562 0
      vertex -21.0203 23.4792 0
    endloop
  endfacet
  facet normal -0 0 -1
    outer loop
      vertex -19.93 25.9562 0
      vertex -21.1242 23.5347 0
      vertex -20.1982 26.0778 0
    endloop
  endfacet
  facet normal 0 0 -1
    outer loop
      vertex -21.2315 23.5833 0
      vertex -20.1982 26.0778 0
      vertex -21.1242 23.5347 0
    endloop
  endfacet
  facet normal -0 0 -1
    outer loop
      vertex -20.1982 26.0778 0
      vertex -21.2315 23.5833 0
      vertex -20.4738 26.1815 0
    endloop
  endfacet
  facet normal 0 0 -1
    outer loop
      vertex -21.3417 23.6248 0
      vertex -20.4738 26.1815 0
      vertex -21.2315 23.5833 0
    endloop
  endfacet
  facet normal -0 0 -1
    outer loop
      vertex -20.4738 26.1815 0
      vertex -21.3417 23.6248 0
      vertex -20.7556 26.267 0
    endloop
  endfacet
  facet normal 0 0 -1
    outer loop
      vertex -21.4544 23.659 0
      vertex -20.7556 26.267 0
      vertex -21.3417 23.6248 0
    endloop
  endfacet
  facet normal -0 0 -1
    outer loop
      vertex -20.7556 26.267 0
      vertex -21.4544 23.659 0
      vertex -21.0424 26.3338 0
    endloop
  endfacet
  facet normal 0 0 -1
    outer loop
      vertex -21.5691 23.6857 0
      vertex -21.0424 26.3338 0
      vertex -21.4544 23.659 0
    endloop
  endfacet
  facet normal -0 0 -1
    outer loop
      vertex -21.0424 26.3338 0
      vertex -21.5691 23.6857 0
      vertex -21.3329 26.3818 0
    endloop
  endfacet
  facet normal 0 0 -1
    outer loop
      vertex -21.6854 23.7049 0
      vertex -21.3329 26.3818 0
      vertex -21.5691 23.6857 0
    endloop
  endfacet
  facet normal -0 0 -1
    outer loop
      vertex -21.3329 26.3818 0
      vertex -21.6854 23.7049 0
      vertex -21.626 26.4107 0
    endloop
  endfacet
  facet normal 0 0 -1
    outer loop
      vertex -21.8026 23.7165 0
      vertex -21.626 26.4107 0
      vertex -21.6854 23.7049 0
    endloop
  endfacet
  facet normal 0 0 -1
    outer loop
      vertex -21.9203 23.7203 0
      vertex -21.626 26.4107 0
      vertex -21.8026 23.7165 0
    endloop
  endfacet
  facet normal 0 0 -1
    outer loop
      vertex -21.9203 23.7203 0
      vertex -21.9203 26.4203 0
      vertex -21.626 26.4107 0
    endloop
  endfacet
  facet normal 0 0 -1
    outer loop
      vertex -22.038 23.7165 0
      vertex -21.9203 26.4203 0
      vertex -21.9203 23.7203 0
    endloop
  endfacet
  facet normal 0 0 -1
    outer loop
      vertex -22.2146 26.4107 0
      vertex -22.038 23.7165 0
      vertex -22.1553 23.7049 0
    endloop
  endfacet
  facet normal 0 0 -1
    outer loop
      vertex -22.038 23.7165 0
      vertex -22.2146 26.4107 0
      vertex -21.9203 26.4203 0
    endloop
  endfacet
  facet normal 0 0 -1
    outer loop
      vertex -22.5077 26.3818 0
      vertex -22.1553 23.7049 0
      vertex -22.2715 23.6857 0
    endloop
  endfacet
  facet normal 0 0 -1
    outer loop
      vertex -22.7982 26.3338 0
      vertex -22.2715 23.6857 0
      vertex -22.3862 23.659 0
    endloop
  endfacet
  facet normal 0 0 -1
    outer loop
      vertex -23.085 26.267 0
      vertex -22.3862 23.659 0
      vertex -22.4989 23.6248 0
    endloop
  endfacet
  facet normal 0 0 -1
    outer loop
      vertex -22.1553 23.7049 0
      vertex -22.5077 26.3818 0
      vertex -22.2146 26.4107 0
    endloop
  endfacet
  facet normal 0 0 -1
    outer loop
      vertex -23.3668 26.1815 0
      vertex -22.4989 23.6248 0
      vertex -22.6091 23.5833 0
    endloop
  endfacet
  facet normal 0 0 -1
    outer loop
      vertex -23.6424 26.0778 0
      vertex -22.6091 23.5833 0
      vertex -22.7164 23.5347 0
    endloop
  endfacet
  facet normal 0 0 -1
    outer loop
      vertex -22.2715 23.6857 0
      vertex -22.7982 26.3338 0
      vertex -22.5077 26.3818 0
    endloop
  endfacet
  facet normal 0 0 -1
    outer loop
      vertex -23.9106 25.9562 0
      vertex -22.7164 23.5347 0
      vertex -22.8203 23.4792 0
    endloop
  endfacet
  facet normal 0 0 -1
    outer loop
      vertex -23.9106 25.9562 0
      vertex -22.8203 23.4792 0
      vertex -22.9203 23.417 0
    endloop
  endfacet
  facet normal 0 0 -1
    outer loop
      vertex -23.9106 25.9562 0
      vertex -22.9203 23.417 0
      vertex -23.0161 23.3483 0
    endloop
  endfacet
  facet normal 0 0 -1
    outer loop
      vertex -22.3862 23.659 0
      vertex -23.085 26.267 0
      vertex -22.7982 26.3338 0
    endloop
  endfacet
  facet normal 0 0 -1
    outer loop
      vertex -23.9106 25.9562 0
      vertex -23.0161 23.3483 0
      vertex -23.1071 23.2736 0
    endloop
  endfacet
  facet normal 0 0 -1
    outer loop
      vertex -23.9106 25.9562 0
      vertex -23.1071 23.2736 0
      vertex -23.1931 23.1931 0
    endloop
  endfacet
  facet normal 0 0 -1
    outer loop
      vertex -23.9106 25.9562 0
      vertex -23.1931 23.1931 0
      vertex -23.2736 23.1071 0
    endloop
  endfacet
  facet normal 0 0 -1
    outer loop
      vertex -23.9106 25.9562 0
      vertex -23.2736 23.1071 0
      vertex -23.3483 23.0161 0
    endloop
  endfacet
  facet normal 0 0 -1
    outer loop
      vertex -22.4989 23.6248 0
      vertex -23.3668 26.1815 0
      vertex -23.085 26.267 0
    endloop
  endfacet
  facet normal 0 0 -1
    outer loop
      vertex -23.9106 25.9562 0
      vertex -23.3483 23.0161 0
      vertex -23.417 22.9203 0
    endloop
  endfacet
  facet normal 0 0 -1
    outer loop
      vertex -23.9106 25.9562 0
      vertex -23.417 22.9203 0
      vertex -23.4792 22.8203 0
    endloop
  endfacet
  facet normal 0 0 -1
    outer loop
      vertex -23.9106 25.9562 0
      vertex -23.4792 22.8203 0
      vertex -23.5347 22.7164 0
    endloop
  endfacet
  facet normal 0 0 -1
    outer loop
      vertex -23.9106 25.9562 0
      vertex -23.5347 22.7164 0
      vertex -23.5833 22.6091 0
    endloop
  endfacet
  facet normal 0 0 -1
    outer loop
      vertex -23.9106 25.9562 0
      vertex -23.5833 22.6091 0
      vertex -23.6248 22.4989 0
    endloop
  endfacet
  facet normal 0 0 -1
    outer loop
      vertex -22.6091 23.5833 0
      vertex -23.6424 26.0778 0
      vertex -23.3668 26.1815 0
    endloop
  endfacet
  facet normal 0 0 -1
    outer loop
      vertex -23.9106 25.9562 0
      vertex -23.6248 22.4989 0
      vertex -23.659 22.3862 0
    endloop
  endfacet
  facet normal 0 0 -1
    outer loop
      vertex -23.9106 25.9562 0
      vertex -23.659 22.3862 0
      vertex -23.6857 22.2715 0
    endloop
  endfacet
  facet normal 0 0 -1
    outer loop
      vertex -23.9106 25.9562 0
      vertex -23.6857 22.2715 0
      vertex -23.7049 22.1553 0
    endloop
  endfacet
  facet normal 0 0 -1
    outer loop
      vertex -23.9106 25.9562 0
      vertex -23.7049 22.1553 0
      vertex -23.7165 22.038 0
    endloop
  endfacet
  facet normal 0 0 -1
    outer loop
      vertex -23.9106 25.9562 0
      vertex -23.7165 22.038 0
      vertex -23.7203 21.9203 0
    endloop
  endfacet
  facet normal 0 0 -1
    outer loop
      vertex -22.7164 23.5347 0
      vertex -23.9106 25.9562 0
      vertex -23.6424 26.0778 0
    endloop
  endfacet
  facet normal 0 0 -1
    outer loop
      vertex 23.6248 -21.3417 0
      vertex 26.1815 -20.4738 0
      vertex 23.659 -21.4544 0
    endloop
  endfacet
  facet normal 0 0 -1
    outer loop
      vertex 26.3818 -22.5077 0
      vertex 23.7049 -22.1553 0
      vertex 23.7165 -22.038 0
    endloop
  endfacet
  facet normal 0 0 -1
    outer loop
      vertex 26.3338 -22.7982 0
      vertex 23.6857 -22.2715 0
      vertex 23.7049 -22.1553 0
    endloop
  endfacet
  facet normal 0 0 -1
    outer loop
      vertex 26.267 -23.085 0
      vertex 23.659 -22.3862 0
      vertex 23.6857 -22.2715 0
    endloop
  endfacet
  facet normal 0 0 -1
    outer loop
      vertex 22.7164 -23.5347 0
      vertex 23.9106 -25.9562 0
      vertex 23.6424 -26.0778 0
    endloop
  endfacet
  facet normal 0 0 -1
    outer loop
      vertex 26.1815 -23.3668 0
      vertex 23.6248 -22.4989 0
      vertex 23.659 -22.3862 0
    endloop
  endfacet
  facet normal 0 0 -1
    outer loop
      vertex 26.0778 -23.6424 0
      vertex 23.5833 -22.6091 0
      vertex 23.6248 -22.4989 0
    endloop
  endfacet
  facet normal 0 0 -1
    outer loop
      vertex 25.9562 -23.9106 0
      vertex 23.5347 -22.7164 0
      vertex 23.5833 -22.6091 0
    endloop
  endfacet
  facet normal 0 0 -1
    outer loop
      vertex 25.8174 -24.1703 0
      vertex 23.4792 -22.8203 0
      vertex 23.5347 -22.7164 0
    endloop
  endfacet
  facet normal 0 0 -1
    outer loop
      vertex 25.6619 -24.4204 0
      vertex 23.417 -22.9203 0
      vertex 23.4792 -22.8203 0
    endloop
  endfacet
  facet normal 0 0 -1
    outer loop
      vertex 22.6091 -23.5833 0
      vertex 23.6424 -26.0778 0
      vertex 23.3668 -26.1815 0
    endloop
  endfacet
  facet normal 0 0 -1
    outer loop
      vertex 25.4904 -24.6597 0
      vertex 23.3483 -23.0161 0
      vertex 23.417 -22.9203 0
    endloop
  endfacet
  facet normal 0 0 -1
    outer loop
      vertex 25.3036 -24.8874 0
      vertex 23.2736 -23.1071 0
      vertex 23.3483 -23.0161 0
    endloop
  endfacet
  facet normal 0 0 -1
    outer loop
      vertex 25.1023 -25.1023 0
      vertex 23.1931 -23.1931 0
      vertex 23.2736 -23.1071 0
    endloop
  endfacet
  facet normal 0 0 -1
    outer loop
      vertex 24.8874 -25.3036 0
      vertex 23.1071 -23.2736 0
      vertex 23.1931 -23.1931 0
    endloop
  endfacet
  facet normal 0 0 -1
    outer loop
      vertex 22.4989 -23.6248 0
      vertex 23.3668 -26.1815 0
      vertex 23.085 -26.267 0
    endloop
  endfacet
  facet normal 0 0 -1
    outer loop
      vertex 24.6597 -25.4904 0
      vertex 23.0161 -23.3483 0
      vertex 23.1071 -23.2736 0
    endloop
  endfacet
  facet normal 0 0 -1
    outer loop
      vertex 24.4204 -25.6619 0
      vertex 22.9203 -23.417 0
      vertex 23.0161 -23.3483 0
    endloop
  endfacet
  facet normal 0 0 -1
    outer loop
      vertex 24.1703 -25.8174 0
      vertex 22.8203 -23.4792 0
      vertex 22.9203 -23.417 0
    endloop
  endfacet
  facet normal 0 0 -1
    outer loop
      vertex 22.3862 -23.659 0
      vertex 23.085 -26.267 0
      vertex 22.7982 -26.3338 0
    endloop
  endfacet
  facet normal 0 0 -1
    outer loop
      vertex 23.9106 -25.9562 0
      vertex 22.7164 -23.5347 0
      vertex 22.8203 -23.4792 0
    endloop
  endfacet
  facet normal 0 0 -1
    outer loop
      vertex 23.6424 -26.0778 0
      vertex 22.6091 -23.5833 0
      vertex 22.7164 -23.5347 0
    endloop
  endfacet
  facet normal 0 0 -1
    outer loop
      vertex 22.2715 -23.6857 0
      vertex 22.7982 -26.3338 0
      vertex 22.5077 -26.3818 0
    endloop
  endfacet
  facet normal 0 0 -1
    outer loop
      vertex 23.3668 -26.1815 0
      vertex 22.4989 -23.6248 0
      vertex 22.6091 -23.5833 0
    endloop
  endfacet
  facet normal 0 0 -1
    outer loop
      vertex 23.085 -26.267 0
      vertex 22.3862 -23.659 0
      vertex 22.4989 -23.6248 0
    endloop
  endfacet
  facet normal 0 0 -1
    outer loop
      vertex 22.7982 -26.3338 0
      vertex 22.2715 -23.6857 0
      vertex 22.3862 -23.659 0
    endloop
  endfacet
  facet normal 0 0 -1
    outer loop
      vertex 22.1553 -23.7049 0
      vertex 22.5077 -26.3818 0
      vertex 22.2146 -26.4107 0
    endloop
  endfacet
  facet normal 0 0 -1
    outer loop
      vertex 22.5077 -26.3818 0
      vertex 22.1553 -23.7049 0
      vertex 22.2715 -23.6857 0
    endloop
  endfacet
  facet normal 0 0 -1
    outer loop
      vertex 22.2146 -26.4107 0
      vertex 22.038 -23.7165 0
      vertex 22.1553 -23.7049 0
    endloop
  endfacet
  facet normal 0 0 -1
    outer loop
      vertex 21.9203 -26.4203 0
      vertex 22.038 -23.7165 0
      vertex 22.2146 -26.4107 0
    endloop
  endfacet
  facet normal 0 0 -1
    outer loop
      vertex 21.9203 -26.4203 0
      vertex 21.9203 -23.7203 0
      vertex 22.038 -23.7165 0
    endloop
  endfacet
  facet normal 0 0 -1
    outer loop
      vertex 21.9203 -26.4203 0
      vertex 21.8026 -23.7165 0
      vertex 21.9203 -23.7203 0
    endloop
  endfacet
  facet normal 0 0 -1
    outer loop
      vertex 21.626 -26.4107 0
      vertex 21.8026 -23.7165 0
      vertex 21.9203 -26.4203 0
    endloop
  endfacet
  facet normal -0 0 -1
    outer loop
      vertex 21.8026 -23.7165 0
      vertex 21.626 -26.4107 0
      vertex 21.6854 -23.7049 0
    endloop
  endfacet
  facet normal 0 0 -1
    outer loop
      vertex 21.3329 -26.3818 0
      vertex 21.6854 -23.7049 0
      vertex 21.626 -26.4107 0
    endloop
  endfacet
  facet normal -0 0 -1
    outer loop
      vertex 21.6854 -23.7049 0
      vertex 21.3329 -26.3818 0
      vertex 21.5691 -23.6857 0
    endloop
  endfacet
  facet normal 0 0 -1
    outer loop
      vertex 21.0424 -26.3338 0
      vertex 21.5691 -23.6857 0
      vertex 21.3329 -26.3818 0
    endloop
  endfacet
  facet normal -0 0 -1
    outer loop
      vertex 21.5691 -23.6857 0
      vertex 21.0424 -26.3338 0
      vertex 21.4544 -23.659 0
    endloop
  endfacet
  facet normal 0 0 -1
    outer loop
      vertex 20.7556 -26.267 0
      vertex 21.4544 -23.659 0
      vertex 21.0424 -26.3338 0
    endloop
  endfacet
  facet normal -0 0 -1
    outer loop
      vertex 21.4544 -23.659 0
      vertex 20.7556 -26.267 0
      vertex 21.3417 -23.6248 0
    endloop
  endfacet
  facet normal 0 0 -1
    outer loop
      vertex 20.4738 -26.1815 0
      vertex 21.3417 -23.6248 0
      vertex 20.7556 -26.267 0
    endloop
  endfacet
  facet normal -0 0 -1
    outer loop
      vertex 21.3417 -23.6248 0
      vertex 20.4738 -26.1815 0
      vertex 21.2315 -23.5833 0
    endloop
  endfacet
  facet normal 0 0 -1
    outer loop
      vertex 20.1982 -26.0778 0
      vertex 21.2315 -23.5833 0
      vertex 20.4738 -26.1815 0
    endloop
  endfacet
  facet normal -0 0 -1
    outer loop
      vertex 21.2315 -23.5833 0
      vertex 20.1982 -26.0778 0
      vertex 21.1242 -23.5347 0
    endloop
  endfacet
  facet normal 0 0 -1
    outer loop
      vertex 19.93 -25.9562 0
      vertex 21.1242 -23.5347 0
      vertex 20.1982 -26.0778 0
    endloop
  endfacet
  facet normal -0 0 -1
    outer loop
      vertex 21.1242 -23.5347 0
      vertex 19.93 -25.9562 0
      vertex 21.0203 -23.4792 0
    endloop
  endfacet
  facet normal 0 0 -1
    outer loop
      vertex 19.6703 -25.8174 0
      vertex 21.0203 -23.4792 0
      vertex 19.93 -25.9562 0
    endloop
  endfacet
  facet normal -0 0 -1
    outer loop
      vertex 21.0203 -23.4792 0
      vertex 19.6703 -25.8174 0
      vertex 20.9203 -23.417 0
    endloop
  endfacet
  facet normal 0 0 -1
    outer loop
      vertex 19.4202 -25.6619 0
      vertex 20.9203 -23.417 0
      vertex 19.6703 -25.8174 0
    endloop
  endfacet
  facet normal 0 0 -1
    outer loop
      vertex 19.2587 -25.5462 0
      vertex 20.9203 -23.417 0
      vertex 19.4202 -25.6619 0
    endloop
  endfacet
  facet normal -0 0 -1
    outer loop
      vertex 20.9203 -23.417 0
      vertex 19.2587 -25.5462 0
      vertex 20.8245 -23.3483 0
    endloop
  endfacet
  facet normal -0 0 -1
    outer loop
      vertex 20.8245 -23.3483 0
      vertex 19.2587 -25.5462 0
      vertex 20.7335 -23.2736 0
    endloop
  endfacet
  facet normal -0 0 -1
    outer loop
      vertex 20.7335 -23.2736 0
      vertex 19.2587 -25.5462 0
      vertex 20.6475 -23.1931 0
    endloop
  endfacet
  facet normal -0 0 -1
    outer loop
      vertex 20.6475 -23.1931 0
      vertex 19.2587 -25.5462 0
      vertex 20.567 -23.1071 0
    endloop
  endfacet
  facet normal -0 0 -1
    outer loop
      vertex 20.567 -23.1071 0
      vertex 19.2587 -25.5462 0
      vertex 20.4923 -23.0161 0
    endloop
  endfacet
  facet normal -0 0 -1
    outer loop
      vertex 20.4923 -23.0161 0
      vertex 19.2587 -25.5462 0
      vertex 20.4237 -22.9203 0
    endloop
  endfacet
  facet normal 0 0 -1
    outer loop
      vertex 17.6541 -23.0072 0
      vertex 20.4237 -22.9203 0
      vertex 19.2587 -25.5462 0
    endloop
  endfacet
  facet normal -0 0 -1
    outer loop
      vertex 20.4237 -22.9203 0
      vertex 17.6541 -23.0072 0
      vertex 20.3615 -22.8203 0
    endloop
  endfacet
  facet normal -0 0 -1
    outer loop
      vertex 20.3615 -22.8203 0
      vertex 17.6541 -23.0072 0
      vertex 20.3059 -22.7164 0
    endloop
  endfacet
  facet normal -0 0 -1
    outer loop
      vertex 20.3059 -22.7164 0
      vertex 17.6541 -23.0072 0
      vertex 20.2573 -22.6091 0
    endloop
  endfacet
  facet normal 0 -0 -1
    outer loop
      vertex 19.121 -21.8034 0
      vertex 20.2573 -22.6091 0
      vertex 17.6541 -23.0072 0
    endloop
  endfacet
  facet normal 0 0 -1
    outer loop
      vertex 20.2573 -22.6091 0
      vertex 19.121 -21.8034 0
      vertex 20.2158 -22.4989 0
    endloop
  endfacet
  facet normal 0 0 -1
    outer loop
      vertex 23.7203 21.9203 0
      vertex 26.4203 21.9203 0
      vertex 26.4107 21.626 0
    endloop
  endfacet
  facet normal 0 0 -1
    outer loop
      vertex 23.7203 21.9203 0
      vertex 26.4107 21.626 0
      vertex 26.3818 21.3329 0
    endloop
  endfacet
  facet normal 0 0 -1
    outer loop
      vertex 26.4203 21.9203 0
      vertex 23.7203 21.9203 0
      vertex 26.4107 22.2146 0
    endloop
  endfacet
  facet normal 0 0 -1
    outer loop
      vertex 23.7203 21.9203 0
      vertex 26.3818 21.3329 0
      vertex 26.3338 21.0424 0
    endloop
  endfacet
  facet normal 0 0 -1
    outer loop
      vertex 23.7165 22.038 0
      vertex 26.4107 22.2146 0
      vertex 23.7203 21.9203 0
    endloop
  endfacet
  facet normal 0 0 -1
    outer loop
      vertex 23.7203 21.9203 0
      vertex 26.3338 21.0424 0
      vertex 26.267 20.7556 0
    endloop
  endfacet
  facet normal -0 0 -1
    outer loop
      vertex 26.4107 22.2146 0
      vertex 23.7165 22.038 0
      vertex 26.3818 22.5077 0
    endloop
  endfacet
  facet normal 0 0 -1
    outer loop
      vertex 23.7203 21.9203 0
      vertex 26.267 20.7556 0
      vertex 26.1815 20.4738 0
    endloop
  endfacet
  facet normal 0 0 -1
    outer loop
      vertex 23.7049 22.1553 0
      vertex 26.3818 22.5077 0
      vertex 23.7165 22.038 0
    endloop
  endfacet
  facet normal 0 0 -1
    outer loop
      vertex 23.7203 21.9203 0
      vertex 26.1815 20.4738 0
      vertex 26.0778 20.1982 0
    endloop
  endfacet
  facet normal -0 0 -1
    outer loop
      vertex 26.3818 22.5077 0
      vertex 23.7049 22.1553 0
      vertex 26.3338 22.7982 0
    endloop
  endfacet
  facet normal 0 0 -1
    outer loop
      vertex 23.7203 21.9203 0
      vertex 26.0778 20.1982 0
      vertex 25.9562 19.93 0
    endloop
  endfacet
  facet normal 0 0 -1
    outer loop
      vertex 23.6857 22.2715 0
      vertex 26.3338 22.7982 0
      vertex 23.7049 22.1553 0
    endloop
  endfacet
  facet normal 0 0 -1
    outer loop
      vertex 23.7203 21.9203 0
      vertex 25.9562 19.93 0
      vertex 25.8174 19.6703 0
    endloop
  endfacet
  facet normal -0 0 -1
    outer loop
      vertex 26.3338 22.7982 0
      vertex 23.6857 22.2715 0
      vertex 26.267 23.085 0
    endloop
  endfacet
  facet normal 0 0 -1
    outer loop
      vertex 23.7203 21.9203 0
      vertex 25.6619 19.4202 0
      vertex 25.5462 19.2587 0
    endloop
  endfacet
  facet normal 0 0 -1
    outer loop
      vertex 25.6619 19.4202 0
      vertex 23.7203 21.9203 0
      vertex 25.8174 19.6703 0
    endloop
  endfacet
  facet normal 0 0 -1
    outer loop
      vertex 23.659 22.3862 0
      vertex 26.267 23.085 0
      vertex 23.6857 22.2715 0
    endloop
  endfacet
  facet normal -0 0 -1
    outer loop
      vertex 26.267 23.085 0
      vertex 23.659 22.3862 0
      vertex 26.1815 23.3668 0
    endloop
  endfacet
  facet normal 0 0 -1
    outer loop
      vertex 23.417 22.9203 0
      vertex 25.6619 24.4204 0
      vertex 23.4792 22.8203 0
    endloop
  endfacet
  facet normal -0 0 -1
    outer loop
      vertex 25.6619 24.4204 0
      vertex 23.417 22.9203 0
      vertex 25.4904 24.6597 0
    endloop
  endfacet
  facet normal 0 0 -1
    outer loop
      vertex 23.3483 23.0161 0
      vertex 25.4904 24.6597 0
      vertex 23.417 22.9203 0
    endloop
  endfacet
  facet normal -0 0 -1
    outer loop
      vertex 25.4904 24.6597 0
      vertex 23.3483 23.0161 0
      vertex 25.3036 24.8874 0
    endloop
  endfacet
  facet normal 0 0 -1
    outer loop
      vertex 23.2736 23.1071 0
      vertex 25.3036 24.8874 0
      vertex 23.3483 23.0161 0
    endloop
  endfacet
  facet normal -0 0 -1
    outer loop
      vertex 25.3036 24.8874 0
      vertex 23.2736 23.1071 0
      vertex 25.1023 25.1023 0
    endloop
  endfacet
  facet normal 0 0 -1
    outer loop
      vertex 23.1931 23.1931 0
      vertex 25.1023 25.1023 0
      vertex 23.2736 23.1071 0
    endloop
  endfacet
  facet normal -0 0 -1
    outer loop
      vertex 25.1023 25.1023 0
      vertex 23.1931 23.1931 0
      vertex 24.8874 25.3036 0
    endloop
  endfacet
  facet normal 0 0 -1
    outer loop
      vertex 23.1071 23.2736 0
      vertex 24.8874 25.3036 0
      vertex 23.1931 23.1931 0
    endloop
  endfacet
  facet normal -0 0 -1
    outer loop
      vertex 24.8874 25.3036 0
      vertex 23.1071 23.2736 0
      vertex 24.6597 25.4904 0
    endloop
  endfacet
  facet normal 0 0 -1
    outer loop
      vertex 23.0161 23.3483 0
      vertex 24.6597 25.4904 0
      vertex 23.1071 23.2736 0
    endloop
  endfacet
  facet normal -0 0 -1
    outer loop
      vertex 24.6597 25.4904 0
      vertex 23.0161 23.3483 0
      vertex 24.4204 25.6619 0
    endloop
  endfacet
  facet normal 0 0 -1
    outer loop
      vertex 22.9203 23.417 0
      vertex 24.4204 25.6619 0
      vertex 23.0161 23.3483 0
    endloop
  endfacet
  facet normal -0 0 -1
    outer loop
      vertex 24.4204 25.6619 0
      vertex 22.9203 23.417 0
      vertex 24.1703 25.8174 0
    endloop
  endfacet
  facet normal 0 0 -1
    outer loop
      vertex 22.8203 23.4792 0
      vertex 24.1703 25.8174 0
      vertex 22.9203 23.417 0
    endloop
  endfacet
  facet normal -0 0 -1
    outer loop
      vertex 24.1703 25.8174 0
      vertex 22.8203 23.4792 0
      vertex 23.9106 25.9562 0
    endloop
  endfacet
  facet normal 0 0 -1
    outer loop
      vertex 22.7164 23.5347 0
      vertex 23.9106 25.9562 0
      vertex 22.8203 23.4792 0
    endloop
  endfacet
  facet normal -0 0 -1
    outer loop
      vertex 23.9106 25.9562 0
      vertex 22.7164 23.5347 0
      vertex 23.6424 26.0778 0
    endloop
  endfacet
  facet normal 0 0 -1
    outer loop
      vertex 22.6091 23.5833 0
      vertex 23.6424 26.0778 0
      vertex 22.7164 23.5347 0
    endloop
  endfacet
  facet normal -0 0 -1
    outer loop
      vertex 23.6424 26.0778 0
      vertex 22.6091 23.5833 0
      vertex 23.3668 26.1815 0
    endloop
  endfacet
  facet normal 0 0 -1
    outer loop
      vertex 22.4989 23.6248 0
      vertex 23.3668 26.1815 0
      vertex 22.6091 23.5833 0
    endloop
  endfacet
  facet normal -0 0 -1
    outer loop
      vertex 23.3668 26.1815 0
      vertex 22.4989 23.6248 0
      vertex 23.085 26.267 0
    endloop
  endfacet
  facet normal 0 0 -1
    outer loop
      vertex 22.3862 23.659 0
      vertex 23.085 26.267 0
      vertex 22.4989 23.6248 0
    endloop
  endfacet
  facet normal -0 0 -1
    outer loop
      vertex 23.085 26.267 0
      vertex 22.3862 23.659 0
      vertex 22.7982 26.3338 0
    endloop
  endfacet
  facet normal 0 0 -1
    outer loop
      vertex 22.2715 23.6857 0
      vertex 22.7982 26.3338 0
      vertex 22.3862 23.659 0
    endloop
  endfacet
  facet normal -0 0 -1
    outer loop
      vertex 22.7982 26.3338 0
      vertex 22.2715 23.6857 0
      vertex 22.5077 26.3818 0
    endloop
  endfacet
  facet normal 0 0 -1
    outer loop
      vertex 22.1553 23.7049 0
      vertex 22.5077 26.3818 0
      vertex 22.2715 23.6857 0
    endloop
  endfacet
  facet normal -0 0 -1
    outer loop
      vertex 22.5077 26.3818 0
      vertex 22.1553 23.7049 0
      vertex 22.2146 26.4107 0
    endloop
  endfacet
  facet normal 0 0 -1
    outer loop
      vertex 22.038 23.7165 0
      vertex 22.2146 26.4107 0
      vertex 22.1553 23.7049 0
    endloop
  endfacet
  facet normal 0 0 -1
    outer loop
      vertex 21.9203 23.7203 0
      vertex 22.2146 26.4107 0
      vertex 22.038 23.7165 0
    endloop
  endfacet
  facet normal 0 0 -1
    outer loop
      vertex 21.9203 23.7203 0
      vertex 21.9203 26.4203 0
      vertex 22.2146 26.4107 0
    endloop
  endfacet
  facet normal 0 0 -1
    outer loop
      vertex 21.8026 23.7165 0
      vertex 21.9203 26.4203 0
      vertex 21.9203 23.7203 0
    endloop
  endfacet
  facet normal 0 0 -1
    outer loop
      vertex 21.626 26.4107 0
      vertex 21.8026 23.7165 0
      vertex 21.6854 23.7049 0
    endloop
  endfacet
  facet normal 0 0 -1
    outer loop
      vertex 21.8026 23.7165 0
      vertex 21.626 26.4107 0
      vertex 21.9203 26.4203 0
    endloop
  endfacet
  facet normal 0 0 -1
    outer loop
      vertex 21.3329 26.3818 0
      vertex 21.6854 23.7049 0
      vertex 21.5691 23.6857 0
    endloop
  endfacet
  facet normal 0 0 -1
    outer loop
      vertex 21.0424 26.3338 0
      vertex 21.5691 23.6857 0
      vertex 21.4544 23.659 0
    endloop
  endfacet
  facet normal 0 0 -1
    outer loop
      vertex 20.7556 26.267 0
      vertex 21.4544 23.659 0
      vertex 21.3417 23.6248 0
    endloop
  endfacet
  facet normal 0 0 -1
    outer loop
      vertex 21.6854 23.7049 0
      vertex 21.3329 26.3818 0
      vertex 21.626 26.4107 0
    endloop
  endfacet
  facet normal 0 0 -1
    outer loop
      vertex 20.4738 26.1815 0
      vertex 21.3417 23.6248 0
      vertex 21.2315 23.5833 0
    endloop
  endfacet
  facet normal 0 0 -1
    outer loop
      vertex 20.1982 26.0778 0
      vertex 21.2315 23.5833 0
      vertex 21.1242 23.5347 0
    endloop
  endfacet
  facet normal 0 0 -1
    outer loop
      vertex 21.5691 23.6857 0
      vertex 21.0424 26.3338 0
      vertex 21.3329 26.3818 0
    endloop
  endfacet
  facet normal 0 0 -1
    outer loop
      vertex 19.93 25.9562 0
      vertex 21.1242 23.5347 0
      vertex 21.0203 23.4792 0
    endloop
  endfacet
  facet normal 0 0 -1
    outer loop
      vertex 19.93 25.9562 0
      vertex 21.0203 23.4792 0
      vertex 20.9203 23.417 0
    endloop
  endfacet
  facet normal 0 0 -1
    outer loop
      vertex 19.93 25.9562 0
      vertex 20.9203 23.417 0
      vertex 20.8245 23.3483 0
    endloop
  endfacet
  facet normal 0 0 -1
    outer loop
      vertex 21.4544 23.659 0
      vertex 20.7556 26.267 0
      vertex 21.0424 26.3338 0
    endloop
  endfacet
  facet normal 0 0 -1
    outer loop
      vertex 19.93 25.9562 0
      vertex 20.8245 23.3483 0
      vertex 20.7335 23.2736 0
    endloop
  endfacet
  facet normal 0 0 -1
    outer loop
      vertex 19.93 25.9562 0
      vertex 20.7335 23.2736 0
      vertex 20.6475 23.1931 0
    endloop
  endfacet
  facet normal 0 0 -1
    outer loop
      vertex 19.93 25.9562 0
      vertex 20.6475 23.1931 0
      vertex 20.567 23.1071 0
    endloop
  endfacet
  facet normal 0 0 -1
    outer loop
      vertex 19.93 25.9562 0
      vertex 20.567 23.1071 0
      vertex 20.4923 23.0161 0
    endloop
  endfacet
  facet normal 0 0 -1
    outer loop
      vertex 21.3417 23.6248 0
      vertex 20.4738 26.1815 0
      vertex 20.7556 26.267 0
    endloop
  endfacet
  facet normal 0 0 -1
    outer loop
      vertex 19.93 25.9562 0
      vertex 20.4923 23.0161 0
      vertex 20.4237 22.9203 0
    endloop
  endfacet
  facet normal 0 0 -1
    outer loop
      vertex 19.93 25.9562 0
      vertex 20.4237 22.9203 0
      vertex 20.3615 22.8203 0
    endloop
  endfacet
  facet normal 0 0 -1
    outer loop
      vertex 19.93 25.9562 0
      vertex 20.3615 22.8203 0
      vertex 20.3059 22.7164 0
    endloop
  endfacet
  facet normal 0 0 -1
    outer loop
      vertex 19.93 25.9562 0
      vertex 20.3059 22.7164 0
      vertex 20.2573 22.6091 0
    endloop
  endfacet
  facet normal 0 0 -1
    outer loop
      vertex 19.93 25.9562 0
      vertex 20.2573 22.6091 0
      vertex 20.2158 22.4989 0
    endloop
  endfacet
  facet normal 0 0 -1
    outer loop
      vertex 21.2315 23.5833 0
      vertex 20.1982 26.0778 0
      vertex 20.4738 26.1815 0
    endloop
  endfacet
  facet normal 0 0 -1
    outer loop
      vertex 19.93 25.9562 0
      vertex 20.2158 22.4989 0
      vertex 20.1816 22.3862 0
    endloop
  endfacet
  facet normal 0 0 -1
    outer loop
      vertex 19.93 25.9562 0
      vertex 20.1816 22.3862 0
      vertex 20.1549 22.2715 0
    endloop
  endfacet
  facet normal 0 0 -1
    outer loop
      vertex 19.93 25.9562 0
      vertex 20.1549 22.2715 0
      vertex 20.1357 22.1553 0
    endloop
  endfacet
  facet normal 0 0 -1
    outer loop
      vertex 19.93 25.9562 0
      vertex 20.1357 22.1553 0
      vertex 20.1242 22.038 0
    endloop
  endfacet
  facet normal 0 0 -1
    outer loop
      vertex 19.93 25.9562 0
      vertex 20.1242 22.038 0
      vertex 20.1203 21.9203 0
    endloop
  endfacet
  facet normal 0 0 -1
    outer loop
      vertex 21.1242 23.5347 0
      vertex 19.93 25.9562 0
      vertex 20.1982 26.0778 0
    endloop
  endfacet
  facet normal 0.729823 0.683636 0
    outer loop
      vertex 25.3036 24.8874 39.2
      vertex 25.1023 25.1023 0
      vertex 25.1023 25.1023 39.2
    endloop
  endfacet
  facet normal 0.729823 0.683636 0
    outer loop
      vertex 25.1023 25.1023 0
      vertex 25.3036 24.8874 39.2
      vertex 25.3036 24.8874 0
    endloop
  endfacet
  facet normal 0.812814 0.582523 0
    outer loop
      vertex 25.6619 24.4204 39.2
      vertex 25.4904 24.6597 0
      vertex 25.4904 24.6597 39.2
    endloop
  endfacet
  facet normal 0.812814 0.582523 0
    outer loop
      vertex 25.4904 24.6597 0
      vertex 25.6619 24.4204 39.2
      vertex 25.6619 24.4204 0
    endloop
  endfacet
  facet normal 0.973931 0.226843 0
    outer loop
      vertex 26.3338 22.7982 39.2
      vertex 26.267 23.085 0
      vertex 26.267 23.085 39.2
    endloop
  endfacet
  facet normal 0.973931 0.226843 0
    outer loop
      vertex 26.267 23.085 0
      vertex 26.3338 22.7982 39.2
      vertex 26.3338 22.7982 0
    endloop
  endfacet
  facet normal 0.881939 -0.471364 0
    outer loop
      vertex 25.8174 19.6703 39.2
      vertex 25.9562 19.93 0
      vertex 25.9562 19.93 39.2
    endloop
  endfacet
  facet normal 0.881939 -0.471364 0
    outer loop
      vertex 25.9562 19.93 0
      vertex 25.8174 19.6703 39.2
      vertex 25.8174 19.6703 0
    endloop
  endfacet
  facet normal 0.910761 -0.412933 0
    outer loop
      vertex 25.9562 19.93 39.2
      vertex 26.0778 20.1982 0
      vertex 26.0778 20.1982 39.2
    endloop
  endfacet
  facet normal 0.910761 -0.412933 0
    outer loop
      vertex 26.0778 20.1982 0
      vertex 25.9562 19.93 39.2
      vertex 25.9562 19.93 0
    endloop
  endfacet
  facet normal 0.849236 -0.528014 0
    outer loop
      vertex 25.6619 19.4202 39.2
      vertex 25.8174 19.6703 0
      vertex 25.8174 19.6703 39.2
    endloop
  endfacet
  facet normal 0.849236 -0.528014 0
    outer loop
      vertex 25.8174 19.6703 0
      vertex 25.6619 19.4202 39.2
      vertex 25.6619 19.4202 0
    endloop
  endfacet
  facet normal 0.995174 -0.0981253 0
    outer loop
      vertex 26.3818 21.3329 39.2
      vertex 26.4107 21.626 0
      vertex 26.4107 21.626 39.2
    endloop
  endfacet
  facet normal 0.995174 -0.0981253 0
    outer loop
      vertex 26.4107 21.626 0
      vertex 26.3818 21.3329 39.2
      vertex 26.3818 21.3329 0
    endloop
  endfacet
  facet normal 0.986622 -0.163022 0
    outer loop
      vertex 26.3338 21.0424 39.2
      vertex 26.3818 21.3329 0
      vertex 26.3818 21.3329 39.2
    endloop
  endfacet
  facet normal 0.986622 -0.163022 0
    outer loop
      vertex 26.3818 21.3329 0
      vertex 26.3338 21.0424 39.2
      vertex 26.3338 21.0424 0
    endloop
  endfacet
  facet normal 0.973931 -0.226843 0
    outer loop
      vertex 26.267 20.7556 39.2
      vertex 26.3338 21.0424 0
      vertex 26.3338 21.0424 39.2
    endloop
  endfacet
  facet normal 0.973931 -0.226843 0
    outer loop
      vertex 26.3338 21.0424 0
      vertex 26.267 20.7556 39.2
      vertex 26.267 20.7556 0
    endloop
  endfacet
  facet normal 0.935938 -0.352165 0
    outer loop
      vertex 26.0778 20.1982 39.2
      vertex 26.1815 20.4738 0
      vertex 26.1815 20.4738 39.2
    endloop
  endfacet
  facet normal 0.935938 -0.352165 0
    outer loop
      vertex 26.1815 20.4738 0
      vertex 26.0778 20.1982 39.2
      vertex 26.0778 20.1982 0
    endloop
  endfacet
  facet normal 0.226843 0.973931 -0
    outer loop
      vertex 23.085 26.267 0
      vertex 22.7982 26.3338 39.2
      vertex 23.085 26.267 39.2
    endloop
  endfacet
  facet normal 0.226843 0.973931 0
    outer loop
      vertex 22.7982 26.3338 39.2
      vertex 23.085 26.267 0
      vertex 22.7982 26.3338 0
    endloop
  endfacet
  facet normal 0.881939 0.471364 0
    outer loop
      vertex 25.9562 23.9106 39.2
      vertex 25.8174 24.1703 0
      vertex 25.8174 24.1703 39.2
    endloop
  endfacet
  facet normal 0.881939 0.471364 0
    outer loop
      vertex 25.8174 24.1703 0
      vertex 25.9562 23.9106 39.2
      vertex 25.9562 23.9106 0
    endloop
  endfacet
  facet normal 0.956924 0.290337 0
    outer loop
      vertex 26.267 23.085 39.2
      vertex 26.1815 23.3668 0
      vertex 26.1815 23.3668 39.2
    endloop
  endfacet
  facet normal 0.956924 0.290337 0
    outer loop
      vertex 26.1815 23.3668 0
      vertex 26.267 23.085 39.2
      vertex 26.267 23.085 0
    endloop
  endfacet
  facet normal 0.812916 -0.58238 0
    outer loop
      vertex 25.5462 19.2587 39.2
      vertex 25.6619 19.4202 0
      vertex 25.6619 19.4202 39.2
    endloop
  endfacet
  facet normal 0.812916 -0.58238 0
    outer loop
      vertex 25.6619 19.4202 0
      vertex 25.5462 19.2587 39.2
      vertex 25.5462 19.2587 0
    endloop
  endfacet
  facet normal 0.956924 -0.290337 0
    outer loop
      vertex 26.1815 20.4738 39.2
      vertex 26.267 20.7556 0
      vertex 26.267 20.7556 39.2
    endloop
  endfacet
  facet normal 0.956924 -0.290337 0
    outer loop
      vertex 26.267 20.7556 0
      vertex 26.1815 20.4738 39.2
      vertex 26.1815 20.4738 0
    endloop
  endfacet
  facet normal 0.935938 0.352165 0
    outer loop
      vertex 26.1815 23.3668 39.2
      vertex 26.0778 23.6424 0
      vertex 26.0778 23.6424 39.2
    endloop
  endfacet
  facet normal 0.935938 0.352165 0
    outer loop
      vertex 26.0778 23.6424 0
      vertex 26.1815 23.3668 39.2
      vertex 26.1815 23.3668 0
    endloop
  endfacet
  facet normal 0.986622 0.163022 0
    outer loop
      vertex 26.3818 22.5077 39.2
      vertex 26.3338 22.7982 0
      vertex 26.3338 22.7982 39.2
    endloop
  endfacet
  facet normal 0.986622 0.163022 0
    outer loop
      vertex 26.3338 22.7982 0
      vertex 26.3818 22.5077 39.2
      vertex 26.3818 22.5077 0
    endloop
  endfacet
  facet normal 0.995174 0.0981253 0
    outer loop
      vertex 26.4107 22.2146 39.2
      vertex 26.3818 22.5077 0
      vertex 26.3818 22.5077 39.2
    endloop
  endfacet
  facet normal 0.995174 0.0981253 0
    outer loop
      vertex 26.3818 22.5077 0
      vertex 26.4107 22.2146 39.2
      vertex 26.4107 22.2146 0
    endloop
  endfacet
  facet normal 0.999468 0.0326024 0
    outer loop
      vertex 26.4203 21.9203 39.2
      vertex 26.4107 22.2146 0
      vertex 26.4107 22.2146 39.2
    endloop
  endfacet
  facet normal 0.999468 0.0326024 0
    outer loop
      vertex 26.4107 22.2146 0
      vertex 26.4203 21.9203 39.2
      vertex 26.4203 21.9203 0
    endloop
  endfacet
  facet normal -0.849236 0.528014 0
    outer loop
      vertex -25.8174 24.1703 0
      vertex -25.6619 24.4204 39.2
      vertex -25.6619 24.4204 0
    endloop
  endfacet
  facet normal -0.849236 0.528014 0
    outer loop
      vertex -25.6619 24.4204 39.2
      vertex -25.8174 24.1703 0
      vertex -25.8174 24.1703 39.2
    endloop
  endfacet
  facet normal 0.0326024 0.999468 -0
    outer loop
      vertex -21.626 26.4107 0
      vertex -21.9203 26.4203 39.2
      vertex -21.626 26.4107 39.2
    endloop
  endfacet
  facet normal 0.0326024 0.999468 0
    outer loop
      vertex -21.9203 26.4203 39.2
      vertex -21.626 26.4107 0
      vertex -21.9203 26.4203 0
    endloop
  endfacet
  facet normal -0.881939 0.471364 0
    outer loop
      vertex -25.9562 23.9106 0
      vertex -25.8174 24.1703 39.2
      vertex -25.8174 24.1703 0
    endloop
  endfacet
  facet normal -0.881939 0.471364 0
    outer loop
      vertex -25.8174 24.1703 39.2
      vertex -25.9562 23.9106 0
      vertex -25.9562 23.9106 39.2
    endloop
  endfacet
  facet normal -0.999468 0.0326024 0
    outer loop
      vertex -26.4203 21.9203 0
      vertex -26.4107 22.2146 39.2
      vertex -26.4107 22.2146 0
    endloop
  endfacet
  facet normal -0.999468 0.0326024 0
    outer loop
      vertex -26.4107 22.2146 39.2
      vertex -26.4203 21.9203 0
      vertex -26.4203 21.9203 39.2
    endloop
  endfacet
  facet normal -0.935938 -0.352165 0
    outer loop
      vertex -26.0778 20.1982 0
      vertex -26.1815 20.4738 39.2
      vertex -26.1815 20.4738 0
    endloop
  endfacet
  facet normal -0.935938 -0.352165 0
    outer loop
      vertex -26.1815 20.4738 39.2
      vertex -26.0778 20.1982 0
      vertex -26.0778 20.1982 39.2
    endloop
  endfacet
  facet normal -0.290337 0.956924 0
    outer loop
      vertex -23.085 26.267 0
      vertex -23.3668 26.1815 39.2
      vertex -23.085 26.267 39.2
    endloop
  endfacet
  facet normal -0.290337 0.956924 0
    outer loop
      vertex -23.3668 26.1815 39.2
      vertex -23.085 26.267 0
      vertex -23.3668 26.1815 0
    endloop
  endfacet
  facet normal 0.528014 0.849236 -0
    outer loop
      vertex -19.4202 25.6619 0
      vertex -19.6703 25.8174 39.2
      vertex -19.4202 25.6619 39.2
    endloop
  endfacet
  facet normal 0.528014 0.849236 0
    outer loop
      vertex -19.6703 25.8174 39.2
      vertex -19.4202 25.6619 0
      vertex -19.6703 25.8174 0
    endloop
  endfacet
  facet normal -0.956924 0.290337 0
    outer loop
      vertex -26.267 23.085 0
      vertex -26.1815 23.3668 39.2
      vertex -26.1815 23.3668 0
    endloop
  endfacet
  facet normal -0.956924 0.290337 0
    outer loop
      vertex -26.1815 23.3668 39.2
      vertex -26.267 23.085 0
      vertex -26.267 23.085 39.2
    endloop
  endfacet
  facet normal -0.812916 -0.58238 0
    outer loop
      vertex -25.5462 19.2587 0
      vertex -25.6619 19.4202 39.2
      vertex -25.6619 19.4202 0
    endloop
  endfacet
  facet normal -0.812916 -0.58238 0
    outer loop
      vertex -25.6619 19.4202 39.2
      vertex -25.5462 19.2587 0
      vertex -25.5462 19.2587 39.2
    endloop
  endfacet
  facet normal -0.956924 -0.290337 0
    outer loop
      vertex -26.1815 20.4738 0
      vertex -26.267 20.7556 39.2
      vertex -26.267 20.7556 0
    endloop
  endfacet
  facet normal -0.956924 -0.290337 0
    outer loop
      vertex -26.267 20.7556 39.2
      vertex -26.1815 20.4738 0
      vertex -26.1815 20.4738 39.2
    endloop
  endfacet
  facet normal 0.412933 0.910761 -0
    outer loop
      vertex -19.93 25.9562 0
      vertex -20.1982 26.0778 39.2
      vertex -19.93 25.9562 39.2
    endloop
  endfacet
  facet normal 0.412933 0.910761 0
    outer loop
      vertex -20.1982 26.0778 39.2
      vertex -19.93 25.9562 0
      vertex -20.1982 26.0778 0
    endloop
  endfacet
  facet normal 0.290337 0.956924 -0
    outer loop
      vertex -20.4738 26.1815 0
      vertex -20.7556 26.267 39.2
      vertex -20.4738 26.1815 39.2
    endloop
  endfacet
  facet normal 0.290337 0.956924 0
    outer loop
      vertex -20.7556 26.267 39.2
      vertex -20.4738 26.1815 0
      vertex -20.7556 26.267 0
    endloop
  endfacet
  facet normal 0.0981253 0.995174 -0
    outer loop
      vertex -21.3329 26.3818 0
      vertex -21.626 26.4107 39.2
      vertex -21.3329 26.3818 39.2
    endloop
  endfacet
  facet normal 0.0981253 0.995174 0
    outer loop
      vertex -21.626 26.4107 39.2
      vertex -21.3329 26.3818 0
      vertex -21.626 26.4107 0
    endloop
  endfacet
  facet normal 0.226843 0.973931 -0
    outer loop
      vertex -20.7556 26.267 0
      vertex -21.0424 26.3338 39.2
      vertex -20.7556 26.267 39.2
    endloop
  endfacet
  facet normal 0.226843 0.973931 0
    outer loop
      vertex -21.0424 26.3338 39.2
      vertex -20.7556 26.267 0
      vertex -21.0424 26.3338 0
    endloop
  endfacet
  facet normal -0.773125 0.634254 0
    outer loop
      vertex -25.4904 24.6597 0
      vertex -25.3036 24.8874 39.2
      vertex -25.3036 24.8874 0
    endloop
  endfacet
  facet normal -0.773125 0.634254 0
    outer loop
      vertex -25.3036 24.8874 39.2
      vertex -25.4904 24.6597 0
      vertex -25.4904 24.6597 39.2
    endloop
  endfacet
  facet normal -0.812814 0.582523 0
    outer loop
      vertex -25.6619 24.4204 0
      vertex -25.4904 24.6597 39.2
      vertex -25.4904 24.6597 0
    endloop
  endfacet
  facet normal -0.812814 0.582523 0
    outer loop
      vertex -25.4904 24.6597 39.2
      vertex -25.6619 24.4204 0
      vertex -25.6619 24.4204 39.2
    endloop
  endfacet
  facet normal -0.935938 0.352165 0
    outer loop
      vertex -26.1815 23.3668 0
      vertex -26.0778 23.6424 39.2
      vertex -26.0778 23.6424 0
    endloop
  endfacet
  facet normal -0.935938 0.352165 0
    outer loop
      vertex -26.0778 23.6424 39.2
      vertex -26.1815 23.3668 0
      vertex -26.1815 23.3668 39.2
    endloop
  endfacet
  facet normal -0.910761 0.412933 0
    outer loop
      vertex -26.0778 23.6424 0
      vertex -25.9562 23.9106 39.2
      vertex -25.9562 23.9106 0
    endloop
  endfacet
  facet normal -0.910761 0.412933 0
    outer loop
      vertex -25.9562 23.9106 39.2
      vertex -26.0778 23.6424 0
      vertex -26.0778 23.6424 39.2
    endloop
  endfacet
  facet normal -0.995174 0.0981253 0
    outer loop
      vertex -26.4107 22.2146 0
      vertex -26.3818 22.5077 39.2
      vertex -26.3818 22.5077 0
    endloop
  endfacet
  facet normal -0.995174 0.0981253 0
    outer loop
      vertex -26.3818 22.5077 39.2
      vertex -26.4107 22.2146 0
      vertex -26.4107 22.2146 39.2
    endloop
  endfacet
  facet normal -0.973931 0.226843 0
    outer loop
      vertex -26.3338 22.7982 0
      vertex -26.267 23.085 39.2
      vertex -26.267 23.085 0
    endloop
  endfacet
  facet normal -0.973931 0.226843 0
    outer loop
      vertex -26.267 23.085 39.2
      vertex -26.3338 22.7982 0
      vertex -26.3338 22.7982 39.2
    endloop
  endfacet
  facet normal -0.986622 0.163022 0
    outer loop
      vertex -26.3818 22.5077 0
      vertex -26.3338 22.7982 39.2
      vertex -26.3338 22.7982 0
    endloop
  endfacet
  facet normal -0.986622 0.163022 0
    outer loop
      vertex -26.3338 22.7982 39.2
      vertex -26.3818 22.5077 0
      vertex -26.3818 22.5077 39.2
    endloop
  endfacet
  facet normal -0.881939 -0.471364 0
    outer loop
      vertex -25.8174 19.6703 0
      vertex -25.9562 19.93 39.2
      vertex -25.9562 19.93 0
    endloop
  endfacet
  facet normal -0.881939 -0.471364 0
    outer loop
      vertex -25.9562 19.93 39.2
      vertex -25.8174 19.6703 0
      vertex -25.8174 19.6703 39.2
    endloop
  endfacet
  facet normal -0.973931 -0.226843 0
    outer loop
      vertex -26.267 20.7556 0
      vertex -26.3338 21.0424 39.2
      vertex -26.3338 21.0424 0
    endloop
  endfacet
  facet normal -0.973931 -0.226843 0
    outer loop
      vertex -26.3338 21.0424 39.2
      vertex -26.267 20.7556 0
      vertex -26.267 20.7556 39.2
    endloop
  endfacet
  facet normal -0.995174 -0.0981253 0
    outer loop
      vertex -26.3818 21.3329 0
      vertex -26.4107 21.626 39.2
      vertex -26.4107 21.626 0
    endloop
  endfacet
  facet normal -0.995174 -0.0981253 0
    outer loop
      vertex -26.4107 21.626 39.2
      vertex -26.3818 21.3329 0
      vertex -26.3818 21.3329 39.2
    endloop
  endfacet
  facet normal -0.729823 0.683636 0
    outer loop
      vertex -25.3036 24.8874 0
      vertex -25.1023 25.1023 39.2
      vertex -25.1023 25.1023 0
    endloop
  endfacet
  facet normal -0.729823 0.683636 0
    outer loop
      vertex -25.1023 25.1023 39.2
      vertex -25.3036 24.8874 0
      vertex -25.3036 24.8874 39.2
    endloop
  endfacet
  facet normal -0.683636 0.729823 0
    outer loop
      vertex -24.8874 25.3036 0
      vertex -25.1023 25.1023 39.2
      vertex -24.8874 25.3036 39.2
    endloop
  endfacet
  facet normal -0.683636 0.729823 0
    outer loop
      vertex -25.1023 25.1023 39.2
      vertex -24.8874 25.3036 0
      vertex -25.1023 25.1023 0
    endloop
  endfacet
  facet normal -0.634254 0.773125 0
    outer loop
      vertex -24.6597 25.4904 0
      vertex -24.8874 25.3036 39.2
      vertex -24.6597 25.4904 39.2
    endloop
  endfacet
  facet normal -0.634254 0.773125 0
    outer loop
      vertex -24.8874 25.3036 39.2
      vertex -24.6597 25.4904 0
      vertex -24.8874 25.3036 0
    endloop
  endfacet
  facet normal 0.471364 0.881939 -0
    outer loop
      vertex -19.6703 25.8174 0
      vertex -19.93 25.9562 39.2
      vertex -19.6703 25.8174 39.2
    endloop
  endfacet
  facet normal 0.471364 0.881939 0
    outer loop
      vertex -19.93 25.9562 39.2
      vertex -19.6703 25.8174 0
      vertex -19.93 25.9562 0
    endloop
  endfacet
  facet normal 0.163022 0.986622 -0
    outer loop
      vertex -21.0424 26.3338 0
      vertex -21.3329 26.3818 39.2
      vertex -21.0424 26.3338 39.2
    endloop
  endfacet
  facet normal 0.163022 0.986622 0
    outer loop
      vertex -21.3329 26.3818 39.2
      vertex -21.0424 26.3338 0
      vertex -21.3329 26.3818 0
    endloop
  endfacet
  facet normal 0.352165 0.935938 -0
    outer loop
      vertex -20.1982 26.0778 0
      vertex -20.4738 26.1815 39.2
      vertex -20.1982 26.0778 39.2
    endloop
  endfacet
  facet normal 0.352165 0.935938 0
    outer loop
      vertex -20.4738 26.1815 39.2
      vertex -20.1982 26.0778 0
      vertex -20.4738 26.1815 0
    endloop
  endfacet
  facet normal -0.0326024 0.999468 0
    outer loop
      vertex -21.9203 26.4203 0
      vertex -22.2146 26.4107 39.2
      vertex -21.9203 26.4203 39.2
    endloop
  endfacet
  facet normal -0.0326024 0.999468 0
    outer loop
      vertex -22.2146 26.4107 39.2
      vertex -21.9203 26.4203 0
      vertex -22.2146 26.4107 0
    endloop
  endfacet
  facet normal -0.412933 0.910761 0
    outer loop
      vertex -23.6424 26.0778 0
      vertex -23.9106 25.9562 39.2
      vertex -23.6424 26.0778 39.2
    endloop
  endfacet
  facet normal -0.412933 0.910761 0
    outer loop
      vertex -23.9106 25.9562 39.2
      vertex -23.6424 26.0778 0
      vertex -23.9106 25.9562 0
    endloop
  endfacet
  facet normal -0.352165 0.935938 0
    outer loop
      vertex -23.3668 26.1815 0
      vertex -23.6424 26.0778 39.2
      vertex -23.3668 26.1815 39.2
    endloop
  endfacet
  facet normal -0.352165 0.935938 0
    outer loop
      vertex -23.6424 26.0778 39.2
      vertex -23.3668 26.1815 0
      vertex -23.6424 26.0778 0
    endloop
  endfacet
  facet normal -0.471364 0.881939 0
    outer loop
      vertex -23.9106 25.9562 0
      vertex -24.1703 25.8174 39.2
      vertex -23.9106 25.9562 39.2
    endloop
  endfacet
  facet normal -0.471364 0.881939 0
    outer loop
      vertex -24.1703 25.8174 39.2
      vertex -23.9106 25.9562 0
      vertex -24.1703 25.8174 0
    endloop
  endfacet
  facet normal -0.999468 -0.0326024 0
    outer loop
      vertex -26.4107 21.626 0
      vertex -26.4203 21.9203 39.2
      vertex -26.4203 21.9203 0
    endloop
  endfacet
  facet normal -0.999468 -0.0326024 0
    outer loop
      vertex -26.4203 21.9203 39.2
      vertex -26.4107 21.626 0
      vertex -26.4107 21.626 39.2
    endloop
  endfacet
  facet normal -0.849236 -0.528014 0
    outer loop
      vertex -25.6619 19.4202 0
      vertex -25.8174 19.6703 39.2
      vertex -25.8174 19.6703 0
    endloop
  endfacet
  facet normal -0.849236 -0.528014 0
    outer loop
      vertex -25.8174 19.6703 39.2
      vertex -25.6619 19.4202 0
      vertex -25.6619 19.4202 39.2
    endloop
  endfacet
  facet normal -0.910761 -0.412933 0
    outer loop
      vertex -25.9562 19.93 0
      vertex -26.0778 20.1982 39.2
      vertex -26.0778 20.1982 0
    endloop
  endfacet
  facet normal -0.910761 -0.412933 0
    outer loop
      vertex -26.0778 20.1982 39.2
      vertex -25.9562 19.93 0
      vertex -25.9562 19.93 39.2
    endloop
  endfacet
  facet normal -0.986622 -0.163022 0
    outer loop
      vertex -26.3338 21.0424 0
      vertex -26.3818 21.3329 39.2
      vertex -26.3818 21.3329 0
    endloop
  endfacet
  facet normal -0.986622 -0.163022 0
    outer loop
      vertex -26.3818 21.3329 39.2
      vertex -26.3338 21.0424 0
      vertex -26.3338 21.0424 39.2
    endloop
  endfacet
  facet normal -0.528014 0.849236 0
    outer loop
      vertex -24.1703 25.8174 0
      vertex -24.4204 25.6619 39.2
      vertex -24.1703 25.8174 39.2
    endloop
  endfacet
  facet normal -0.528014 0.849236 0
    outer loop
      vertex -24.4204 25.6619 39.2
      vertex -24.1703 25.8174 0
      vertex -24.4204 25.6619 0
    endloop
  endfacet
  facet normal 0.58238 0.812916 -0
    outer loop
      vertex -19.2587 25.5462 0
      vertex -19.4202 25.6619 39.2
      vertex -19.2587 25.5462 39.2
    endloop
  endfacet
  facet normal 0.58238 0.812916 0
    outer loop
      vertex -19.4202 25.6619 39.2
      vertex -19.2587 25.5462 0
      vertex -19.4202 25.6619 0
    endloop
  endfacet
  facet normal -0.226843 0.973931 0
    outer loop
      vertex -22.7982 26.3338 0
      vertex -23.085 26.267 39.2
      vertex -22.7982 26.3338 39.2
    endloop
  endfacet
  facet normal -0.226843 0.973931 0
    outer loop
      vertex -23.085 26.267 39.2
      vertex -22.7982 26.3338 0
      vertex -23.085 26.267 0
    endloop
  endfacet
  facet normal -0.163022 0.986622 0
    outer loop
      vertex -22.5077 26.3818 0
      vertex -22.7982 26.3338 39.2
      vertex -22.5077 26.3818 39.2
    endloop
  endfacet
  facet normal -0.163022 0.986622 0
    outer loop
      vertex -22.7982 26.3338 39.2
      vertex -22.5077 26.3818 0
      vertex -22.7982 26.3338 0
    endloop
  endfacet
  facet normal -0.582523 0.812814 0
    outer loop
      vertex -24.4204 25.6619 0
      vertex -24.6597 25.4904 39.2
      vertex -24.4204 25.6619 39.2
    endloop
  endfacet
  facet normal -0.582523 0.812814 0
    outer loop
      vertex -24.6597 25.4904 39.2
      vertex -24.4204 25.6619 0
      vertex -24.6597 25.4904 0
    endloop
  endfacet
  facet normal -0.0981253 0.995174 0
    outer loop
      vertex -22.2146 26.4107 0
      vertex -22.5077 26.3818 39.2
      vertex -22.2146 26.4107 39.2
    endloop
  endfacet
  facet normal -0.0981253 0.995174 0
    outer loop
      vertex -22.5077 26.3818 39.2
      vertex -22.2146 26.4107 0
      vertex -22.5077 26.3818 0
    endloop
  endfacet
  facet normal -0.999468 0.0326024 0
    outer loop
      vertex -26.4203 -21.9203 0
      vertex -26.4107 -21.626 39.2
      vertex -26.4107 -21.626 0
    endloop
  endfacet
  facet normal -0.999468 0.0326024 0
    outer loop
      vertex -26.4107 -21.626 39.2
      vertex -26.4203 -21.9203 0
      vertex -26.4203 -21.9203 39.2
    endloop
  endfacet
  facet normal -0.471364 -0.881939 0
    outer loop
      vertex -24.1703 -25.8174 0
      vertex -23.9106 -25.9562 39.2
      vertex -24.1703 -25.8174 39.2
    endloop
  endfacet
  facet normal -0.471364 -0.881939 -0
    outer loop
      vertex -23.9106 -25.9562 39.2
      vertex -24.1703 -25.8174 0
      vertex -23.9106 -25.9562 0
    endloop
  endfacet
  facet normal -0.0326024 -0.999468 0
    outer loop
      vertex -22.2146 -26.4107 0
      vertex -21.9203 -26.4203 39.2
      vertex -22.2146 -26.4107 39.2
    endloop
  endfacet
  facet normal -0.0326024 -0.999468 -0
    outer loop
      vertex -21.9203 -26.4203 39.2
      vertex -22.2146 -26.4107 0
      vertex -21.9203 -26.4203 0
    endloop
  endfacet
  facet normal 0.352165 -0.935938 0
    outer loop
      vertex -20.4738 -26.1815 0
      vertex -20.1982 -26.0778 39.2
      vertex -20.4738 -26.1815 39.2
    endloop
  endfacet
  facet normal 0.352165 -0.935938 0
    outer loop
      vertex -20.1982 -26.0778 39.2
      vertex -20.4738 -26.1815 0
      vertex -20.1982 -26.0778 0
    endloop
  endfacet
  facet normal -0.956924 -0.290337 0
    outer loop
      vertex -26.1815 -23.3668 0
      vertex -26.267 -23.085 39.2
      vertex -26.267 -23.085 0
    endloop
  endfacet
  facet normal -0.956924 -0.290337 0
    outer loop
      vertex -26.267 -23.085 39.2
      vertex -26.1815 -23.3668 0
      vertex -26.1815 -23.3668 39.2
    endloop
  endfacet
  facet normal -0.849236 0.528014 0
    outer loop
      vertex -25.8174 -19.6703 0
      vertex -25.6619 -19.4202 39.2
      vertex -25.6619 -19.4202 0
    endloop
  endfacet
  facet normal -0.849236 0.528014 0
    outer loop
      vertex -25.6619 -19.4202 39.2
      vertex -25.8174 -19.6703 0
      vertex -25.8174 -19.6703 39.2
    endloop
  endfacet
  facet normal -0.812814 -0.582523 0
    outer loop
      vertex -25.4904 -24.6597 0
      vertex -25.6619 -24.4204 39.2
      vertex -25.6619 -24.4204 0
    endloop
  endfacet
  facet normal -0.812814 -0.582523 0
    outer loop
      vertex -25.6619 -24.4204 39.2
      vertex -25.4904 -24.6597 0
      vertex -25.4904 -24.6597 39.2
    endloop
  endfacet
  facet normal -0.528014 -0.849236 0
    outer loop
      vertex -24.4204 -25.6619 0
      vertex -24.1703 -25.8174 39.2
      vertex -24.4204 -25.6619 39.2
    endloop
  endfacet
  facet normal -0.528014 -0.849236 -0
    outer loop
      vertex -24.1703 -25.8174 39.2
      vertex -24.4204 -25.6619 0
      vertex -24.1703 -25.8174 0
    endloop
  endfacet
  facet normal -0.290337 -0.956924 0
    outer loop
      vertex -23.3668 -26.1815 0
      vertex -23.085 -26.267 39.2
      vertex -23.3668 -26.1815 39.2
    endloop
  endfacet
  facet normal -0.290337 -0.956924 -0
    outer loop
      vertex -23.085 -26.267 39.2
      vertex -23.3668 -26.1815 0
      vertex -23.085 -26.267 0
    endloop
  endfacet
  facet normal -0.0981253 -0.995174 0
    outer loop
      vertex -22.5077 -26.3818 0
      vertex -22.2146 -26.4107 39.2
      vertex -22.5077 -26.3818 39.2
    endloop
  endfacet
  facet normal -0.0981253 -0.995174 -0
    outer loop
      vertex -22.2146 -26.4107 39.2
      vertex -22.5077 -26.3818 0
      vertex -22.2146 -26.4107 0
    endloop
  endfacet
  facet normal 0.58238 -0.812916 0
    outer loop
      vertex -19.4202 -25.6619 0
      vertex -19.2587 -25.5462 39.2
      vertex -19.4202 -25.6619 39.2
    endloop
  endfacet
  facet normal 0.58238 -0.812916 0
    outer loop
      vertex -19.2587 -25.5462 39.2
      vertex -19.4202 -25.6619 0
      vertex -19.2587 -25.5462 0
    endloop
  endfacet
  facet normal 0.163022 -0.986622 0
    outer loop
      vertex -21.3329 -26.3818 0
      vertex -21.0424 -26.3338 39.2
      vertex -21.3329 -26.3818 39.2
    endloop
  endfacet
  facet normal 0.163022 -0.986622 0
    outer loop
      vertex -21.0424 -26.3338 39.2
      vertex -21.3329 -26.3818 0
      vertex -21.0424 -26.3338 0
    endloop
  endfacet
  facet normal 0.290337 -0.956924 0
    outer loop
      vertex -20.7556 -26.267 0
      vertex -20.4738 -26.1815 39.2
      vertex -20.7556 -26.267 39.2
    endloop
  endfacet
  facet normal 0.290337 -0.956924 0
    outer loop
      vertex -20.4738 -26.1815 39.2
      vertex -20.7556 -26.267 0
      vertex -20.4738 -26.1815 0
    endloop
  endfacet
  facet normal -0.729823 -0.683636 0
    outer loop
      vertex -25.1023 -25.1023 0
      vertex -25.3036 -24.8874 39.2
      vertex -25.3036 -24.8874 0
    endloop
  endfacet
  facet normal -0.729823 -0.683636 0
    outer loop
      vertex -25.3036 -24.8874 39.2
      vertex -25.1023 -25.1023 0
      vertex -25.1023 -25.1023 39.2
    endloop
  endfacet
  facet normal -0.910761 0.412933 0
    outer loop
      vertex -26.0778 -20.1982 0
      vertex -25.9562 -19.93 39.2
      vertex -25.9562 -19.93 0
    endloop
  endfacet
  facet normal -0.910761 0.412933 0
    outer loop
      vertex -25.9562 -19.93 39.2
      vertex -26.0778 -20.1982 0
      vertex -26.0778 -20.1982 39.2
    endloop
  endfacet
  facet normal -0.956924 0.290337 0
    outer loop
      vertex -26.267 -20.7556 0
      vertex -26.1815 -20.4738 39.2
      vertex -26.1815 -20.4738 0
    endloop
  endfacet
  facet normal -0.956924 0.290337 0
    outer loop
      vertex -26.1815 -20.4738 39.2
      vertex -26.267 -20.7556 0
      vertex -26.267 -20.7556 39.2
    endloop
  endfacet
  facet normal -0.995174 0.0981253 0
    outer loop
      vertex -26.4107 -21.626 0
      vertex -26.3818 -21.3329 39.2
      vertex -26.3818 -21.3329 0
    endloop
  endfacet
  facet normal -0.995174 0.0981253 0
    outer loop
      vertex -26.3818 -21.3329 39.2
      vertex -26.4107 -21.626 0
      vertex -26.4107 -21.626 39.2
    endloop
  endfacet
  facet normal -0.973931 0.226843 0
    outer loop
      vertex -26.3338 -21.0424 0
      vertex -26.267 -20.7556 39.2
      vertex -26.267 -20.7556 0
    endloop
  endfacet
  facet normal -0.973931 0.226843 0
    outer loop
      vertex -26.267 -20.7556 39.2
      vertex -26.3338 -21.0424 0
      vertex -26.3338 -21.0424 39.2
    endloop
  endfacet
  facet normal -0.634254 -0.773125 0
    outer loop
      vertex -24.8874 -25.3036 0
      vertex -24.6597 -25.4904 39.2
      vertex -24.8874 -25.3036 39.2
    endloop
  endfacet
  facet normal -0.634254 -0.773125 -0
    outer loop
      vertex -24.6597 -25.4904 39.2
      vertex -24.8874 -25.3036 0
      vertex -24.6597 -25.4904 0
    endloop
  endfacet
  facet normal -0.412933 -0.910761 0
    outer loop
      vertex -23.9106 -25.9562 0
      vertex -23.6424 -26.0778 39.2
      vertex -23.9106 -25.9562 39.2
    endloop
  endfacet
  facet normal -0.412933 -0.910761 -0
    outer loop
      vertex -23.6424 -26.0778 39.2
      vertex -23.9106 -25.9562 0
      vertex -23.6424 -26.0778 0
    endloop
  endfacet
  facet normal -0.352165 -0.935938 0
    outer loop
      vertex -23.6424 -26.0778 0
      vertex -23.3668 -26.1815 39.2
      vertex -23.6424 -26.0778 39.2
    endloop
  endfacet
  facet normal -0.352165 -0.935938 -0
    outer loop
      vertex -23.3668 -26.1815 39.2
      vertex -23.6424 -26.0778 0
      vertex -23.3668 -26.1815 0
    endloop
  endfacet
  facet normal 0.0326024 -0.999468 0
    outer loop
      vertex -21.9203 -26.4203 0
      vertex -21.626 -26.4107 39.2
      vertex -21.9203 -26.4203 39.2
    endloop
  endfacet
  facet normal 0.0326024 -0.999468 0
    outer loop
      vertex -21.626 -26.4107 39.2
      vertex -21.9203 -26.4203 0
      vertex -21.626 -26.4107 0
    endloop
  endfacet
  facet normal -0.226843 -0.973931 0
    outer loop
      vertex -23.085 -26.267 0
      vertex -22.7982 -26.3338 39.2
      vertex -23.085 -26.267 39.2
    endloop
  endfacet
  facet normal -0.226843 -0.973931 -0
    outer loop
      vertex -22.7982 -26.3338 39.2
      vertex -23.085 -26.267 0
      vertex -22.7982 -26.3338 0
    endloop
  endfacet
  facet normal 0.471364 -0.881939 0
    outer loop
      vertex -19.93 -25.9562 0
      vertex -19.6703 -25.8174 39.2
      vertex -19.93 -25.9562 39.2
    endloop
  endfacet
  facet normal 0.471364 -0.881939 0
    outer loop
      vertex -19.6703 -25.8174 39.2
      vertex -19.93 -25.9562 0
      vertex -19.6703 -25.8174 0
    endloop
  endfacet
  facet normal 0.528014 -0.849236 0
    outer loop
      vertex -19.6703 -25.8174 0
      vertex -19.4202 -25.6619 39.2
      vertex -19.6703 -25.8174 39.2
    endloop
  endfacet
  facet normal 0.528014 -0.849236 0
    outer loop
      vertex -19.4202 -25.6619 39.2
      vertex -19.6703 -25.8174 0
      vertex -19.4202 -25.6619 0
    endloop
  endfacet
  facet normal 0.412933 -0.910761 0
    outer loop
      vertex -20.1982 -26.0778 0
      vertex -19.93 -25.9562 39.2
      vertex -20.1982 -26.0778 39.2
    endloop
  endfacet
  facet normal 0.412933 -0.910761 0
    outer loop
      vertex -19.93 -25.9562 39.2
      vertex -20.1982 -26.0778 0
      vertex -19.93 -25.9562 0
    endloop
  endfacet
  facet normal 0.226843 -0.973931 0
    outer loop
      vertex -21.0424 -26.3338 0
      vertex -20.7556 -26.267 39.2
      vertex -21.0424 -26.3338 39.2
    endloop
  endfacet
  facet normal 0.226843 -0.973931 0
    outer loop
      vertex -20.7556 -26.267 39.2
      vertex -21.0424 -26.3338 0
      vertex -20.7556 -26.267 0
    endloop
  endfacet
  facet normal 0.0981253 -0.995174 0
    outer loop
      vertex -21.626 -26.4107 0
      vertex -21.3329 -26.3818 39.2
      vertex -21.626 -26.4107 39.2
    endloop
  endfacet
  facet normal 0.0981253 -0.995174 0
    outer loop
      vertex -21.3329 -26.3818 39.2
      vertex -21.626 -26.4107 0
      vertex -21.3329 -26.3818 0
    endloop
  endfacet
  facet normal -0.683636 -0.729823 0
    outer loop
      vertex -25.1023 -25.1023 0
      vertex -24.8874 -25.3036 39.2
      vertex -25.1023 -25.1023 39.2
    endloop
  endfacet
  facet normal -0.683636 -0.729823 -0
    outer loop
      vertex -24.8874 -25.3036 39.2
      vertex -25.1023 -25.1023 0
      vertex -24.8874 -25.3036 0
    endloop
  endfacet
  facet normal -0.773125 -0.634254 0
    outer loop
      vertex -25.3036 -24.8874 0
      vertex -25.4904 -24.6597 39.2
      vertex -25.4904 -24.6597 0
    endloop
  endfacet
  facet normal -0.773125 -0.634254 0
    outer loop
      vertex -25.4904 -24.6597 39.2
      vertex -25.3036 -24.8874 0
      vertex -25.3036 -24.8874 39.2
    endloop
  endfacet
  facet normal -0.881939 0.471364 0
    outer loop
      vertex -25.9562 -19.93 0
      vertex -25.8174 -19.6703 39.2
      vertex -25.8174 -19.6703 0
    endloop
  endfacet
  facet normal -0.881939 0.471364 0
    outer loop
      vertex -25.8174 -19.6703 39.2
      vertex -25.9562 -19.93 0
      vertex -25.9562 -19.93 39.2
    endloop
  endfacet
  facet normal -0.986622 0.163022 0
    outer loop
      vertex -26.3818 -21.3329 0
      vertex -26.3338 -21.0424 39.2
      vertex -26.3338 -21.0424 0
    endloop
  endfacet
  facet normal -0.986622 0.163022 0
    outer loop
      vertex -26.3338 -21.0424 39.2
      vertex -26.3818 -21.3329 0
      vertex -26.3818 -21.3329 39.2
    endloop
  endfacet
  facet normal -0.935938 0.352165 0
    outer loop
      vertex -26.1815 -20.4738 0
      vertex -26.0778 -20.1982 39.2
      vertex -26.0778 -20.1982 0
    endloop
  endfacet
  facet normal -0.935938 0.352165 0
    outer loop
      vertex -26.0778 -20.1982 39.2
      vertex -26.1815 -20.4738 0
      vertex -26.1815 -20.4738 39.2
    endloop
  endfacet
  facet normal -0.999468 -0.0326024 0
    outer loop
      vertex -26.4107 -22.2146 0
      vertex -26.4203 -21.9203 39.2
      vertex -26.4203 -21.9203 0
    endloop
  endfacet
  facet normal -0.999468 -0.0326024 0
    outer loop
      vertex -26.4203 -21.9203 39.2
      vertex -26.4107 -22.2146 0
      vertex -26.4107 -22.2146 39.2
    endloop
  endfacet
  facet normal -0.986622 -0.163022 0
    outer loop
      vertex -26.3338 -22.7982 0
      vertex -26.3818 -22.5077 39.2
      vertex -26.3818 -22.5077 0
    endloop
  endfacet
  facet normal -0.986622 -0.163022 0
    outer loop
      vertex -26.3818 -22.5077 39.2
      vertex -26.3338 -22.7982 0
      vertex -26.3338 -22.7982 39.2
    endloop
  endfacet
  facet normal -0.935938 -0.352165 0
    outer loop
      vertex -26.0778 -23.6424 0
      vertex -26.1815 -23.3668 39.2
      vertex -26.1815 -23.3668 0
    endloop
  endfacet
  facet normal -0.935938 -0.352165 0
    outer loop
      vertex -26.1815 -23.3668 39.2
      vertex -26.0778 -23.6424 0
      vertex -26.0778 -23.6424 39.2
    endloop
  endfacet
  facet normal -0.910761 -0.412933 0
    outer loop
      vertex -25.9562 -23.9106 0
      vertex -26.0778 -23.6424 39.2
      vertex -26.0778 -23.6424 0
    endloop
  endfacet
  facet normal -0.910761 -0.412933 0
    outer loop
      vertex -26.0778 -23.6424 39.2
      vertex -25.9562 -23.9106 0
      vertex -25.9562 -23.9106 39.2
    endloop
  endfacet
  facet normal -0.881939 -0.471364 0
    outer loop
      vertex -25.8174 -24.1703 0
      vertex -25.9562 -23.9106 39.2
      vertex -25.9562 -23.9106 0
    endloop
  endfacet
  facet normal -0.881939 -0.471364 0
    outer loop
      vertex -25.9562 -23.9106 39.2
      vertex -25.8174 -24.1703 0
      vertex -25.8174 -24.1703 39.2
    endloop
  endfacet
  facet normal -0.582523 -0.812814 0
    outer loop
      vertex -24.6597 -25.4904 0
      vertex -24.4204 -25.6619 39.2
      vertex -24.6597 -25.4904 39.2
    endloop
  endfacet
  facet normal -0.582523 -0.812814 -0
    outer loop
      vertex -24.4204 -25.6619 39.2
      vertex -24.6597 -25.4904 0
      vertex -24.4204 -25.6619 0
    endloop
  endfacet
  facet normal -0.163022 -0.986622 0
    outer loop
      vertex -22.7982 -26.3338 0
      vertex -22.5077 -26.3818 39.2
      vertex -22.7982 -26.3338 39.2
    endloop
  endfacet
  facet normal -0.163022 -0.986622 -0
    outer loop
      vertex -22.5077 -26.3818 39.2
      vertex -22.7982 -26.3338 0
      vertex -22.5077 -26.3818 0
    endloop
  endfacet
  facet normal -0.849236 -0.528014 0
    outer loop
      vertex -25.6619 -24.4204 0
      vertex -25.8174 -24.1703 39.2
      vertex -25.8174 -24.1703 0
    endloop
  endfacet
  facet normal -0.849236 -0.528014 0
    outer loop
      vertex -25.8174 -24.1703 39.2
      vertex -25.6619 -24.4204 0
      vertex -25.6619 -24.4204 39.2
    endloop
  endfacet
  facet normal -0.812916 0.58238 0
    outer loop
      vertex -25.6619 -19.4202 0
      vertex -25.5462 -19.2587 39.2
      vertex -25.5462 -19.2587 0
    endloop
  endfacet
  facet normal -0.812916 0.58238 0
    outer loop
      vertex -25.5462 -19.2587 39.2
      vertex -25.6619 -19.4202 0
      vertex -25.6619 -19.4202 39.2
    endloop
  endfacet
  facet normal -0.973931 -0.226843 0
    outer loop
      vertex -26.267 -23.085 0
      vertex -26.3338 -22.7982 39.2
      vertex -26.3338 -22.7982 0
    endloop
  endfacet
  facet normal -0.973931 -0.226843 0
    outer loop
      vertex -26.3338 -22.7982 39.2
      vertex -26.267 -23.085 0
      vertex -26.267 -23.085 39.2
    endloop
  endfacet
  facet normal -0.995174 -0.0981253 0
    outer loop
      vertex -26.3818 -22.5077 0
      vertex -26.4107 -22.2146 39.2
      vertex -26.4107 -22.2146 0
    endloop
  endfacet
  facet normal -0.995174 -0.0981253 0
    outer loop
      vertex -26.4107 -22.2146 39.2
      vertex -26.3818 -22.5077 0
      vertex -26.3818 -22.5077 39.2
    endloop
  endfacet
  facet normal 0.881939 -0.471364 0
    outer loop
      vertex 25.8174 -24.1703 39.2
      vertex 25.9562 -23.9106 0
      vertex 25.9562 -23.9106 39.2
    endloop
  endfacet
  facet normal 0.881939 -0.471364 0
    outer loop
      vertex 25.9562 -23.9106 0
      vertex 25.8174 -24.1703 39.2
      vertex 25.8174 -24.1703 0
    endloop
  endfacet
  facet normal 0.999468 -0.0326024 0
    outer loop
      vertex 26.4107 -22.2146 39.2
      vertex 26.4203 -21.9203 0
      vertex 26.4203 -21.9203 39.2
    endloop
  endfacet
  facet normal 0.999468 -0.0326024 0
    outer loop
      vertex 26.4203 -21.9203 0
      vertex 26.4107 -22.2146 39.2
      vertex 26.4107 -22.2146 0
    endloop
  endfacet
  facet normal 0.935938 0.352165 0
    outer loop
      vertex 26.1815 -20.4738 39.2
      vertex 26.0778 -20.1982 0
      vertex 26.0778 -20.1982 39.2
    endloop
  endfacet
  facet normal 0.935938 0.352165 0
    outer loop
      vertex 26.0778 -20.1982 0
      vertex 26.1815 -20.4738 39.2
      vertex 26.1815 -20.4738 0
    endloop
  endfacet
  facet normal 0.290337 -0.956924 0
    outer loop
      vertex 23.085 -26.267 0
      vertex 23.3668 -26.1815 39.2
      vertex 23.085 -26.267 39.2
    endloop
  endfacet
  facet normal 0.290337 -0.956924 0
    outer loop
      vertex 23.3668 -26.1815 39.2
      vertex 23.085 -26.267 0
      vertex 23.3668 -26.1815 0
    endloop
  endfacet
  facet normal -0.528014 -0.849236 0
    outer loop
      vertex 19.4202 -25.6619 0
      vertex 19.6703 -25.8174 39.2
      vertex 19.4202 -25.6619 39.2
    endloop
  endfacet
  facet normal -0.528014 -0.849236 -0
    outer loop
      vertex 19.6703 -25.8174 39.2
      vertex 19.4202 -25.6619 0
      vertex 19.6703 -25.8174 0
    endloop
  endfacet
  facet normal -0.0326024 -0.999468 0
    outer loop
      vertex 21.626 -26.4107 0
      vertex 21.9203 -26.4203 39.2
      vertex 21.626 -26.4107 39.2
    endloop
  endfacet
  facet normal -0.0326024 -0.999468 -0
    outer loop
      vertex 21.9203 -26.4203 39.2
      vertex 21.626 -26.4107 0
      vertex 21.9203 -26.4203 0
    endloop
  endfacet
  facet normal 0.582523 -0.812814 0
    outer loop
      vertex 24.4204 -25.6619 0
      vertex 24.6597 -25.4904 39.2
      vertex 24.4204 -25.6619 39.2
    endloop
  endfacet
  facet normal 0.582523 -0.812814 0
    outer loop
      vertex 24.6597 -25.4904 39.2
      vertex 24.4204 -25.6619 0
      vertex 24.6597 -25.4904 0
    endloop
  endfacet
  facet normal 0.849236 -0.528014 0
    outer loop
      vertex 25.6619 -24.4204 39.2
      vertex 25.8174 -24.1703 0
      vertex 25.8174 -24.1703 39.2
    endloop
  endfacet
  facet normal 0.849236 -0.528014 0
    outer loop
      vertex 25.8174 -24.1703 0
      vertex 25.6619 -24.4204 39.2
      vertex 25.6619 -24.4204 0
    endloop
  endfacet
  facet normal 0.956924 -0.290337 0
    outer loop
      vertex 26.1815 -23.3668 39.2
      vertex 26.267 -23.085 0
      vertex 26.267 -23.085 39.2
    endloop
  endfacet
  facet normal 0.956924 -0.290337 0
    outer loop
      vertex 26.267 -23.085 0
      vertex 26.1815 -23.3668 39.2
      vertex 26.1815 -23.3668 0
    endloop
  endfacet
  facet normal 0.995174 -0.0981253 0
    outer loop
      vertex 26.3818 -22.5077 39.2
      vertex 26.4107 -22.2146 0
      vertex 26.4107 -22.2146 39.2
    endloop
  endfacet
  facet normal 0.995174 -0.0981253 0
    outer loop
      vertex 26.4107 -22.2146 0
      vertex 26.3818 -22.5077 39.2
      vertex 26.3818 -22.5077 0
    endloop
  endfacet
  facet normal 0.812916 0.58238 0
    outer loop
      vertex 25.6619 -19.4202 39.2
      vertex 25.5462 -19.2587 0
      vertex 25.5462 -19.2587 39.2
    endloop
  endfacet
  facet normal 0.812916 0.58238 0
    outer loop
      vertex 25.5462 -19.2587 0
      vertex 25.6619 -19.4202 39.2
      vertex 25.6619 -19.4202 0
    endloop
  endfacet
  facet normal 0.986622 0.163022 0
    outer loop
      vertex 26.3818 -21.3329 39.2
      vertex 26.3338 -21.0424 0
      vertex 26.3338 -21.0424 39.2
    endloop
  endfacet
  facet normal 0.986622 0.163022 0
    outer loop
      vertex 26.3338 -21.0424 0
      vertex 26.3818 -21.3329 39.2
      vertex 26.3818 -21.3329 0
    endloop
  endfacet
  facet normal 0.973931 0.226843 0
    outer loop
      vertex 26.3338 -21.0424 39.2
      vertex 26.267 -20.7556 0
      vertex 26.267 -20.7556 39.2
    endloop
  endfacet
  facet normal 0.973931 0.226843 0
    outer loop
      vertex 26.267 -20.7556 0
      vertex 26.3338 -21.0424 39.2
      vertex 26.3338 -21.0424 0
    endloop
  endfacet
  facet normal 0.683636 -0.729823 0
    outer loop
      vertex 24.8874 -25.3036 0
      vertex 25.1023 -25.1023 39.2
      vertex 24.8874 -25.3036 39.2
    endloop
  endfacet
  facet normal 0.683636 -0.729823 0
    outer loop
      vertex 25.1023 -25.1023 39.2
      vertex 24.8874 -25.3036 0
      vertex 25.1023 -25.1023 0
    endloop
  endfacet
  facet normal 0.773125 -0.634254 0
    outer loop
      vertex 25.3036 -24.8874 39.2
      vertex 25.4904 -24.6597 0
      vertex 25.4904 -24.6597 39.2
    endloop
  endfacet
  facet normal 0.773125 -0.634254 0
    outer loop
      vertex 25.4904 -24.6597 0
      vertex 25.3036 -24.8874 39.2
      vertex 25.3036 -24.8874 0
    endloop
  endfacet
  facet normal 0.935938 -0.352165 0
    outer loop
      vertex 26.0778 -23.6424 39.2
      vertex 26.1815 -23.3668 0
      vertex 26.1815 -23.3668 39.2
    endloop
  endfacet
  facet normal 0.935938 -0.352165 0
    outer loop
      vertex 26.1815 -23.3668 0
      vertex 26.0778 -23.6424 39.2
      vertex 26.0778 -23.6424 0
    endloop
  endfacet
  facet normal 0.910761 -0.412933 0
    outer loop
      vertex 25.9562 -23.9106 39.2
      vertex 26.0778 -23.6424 0
      vertex 26.0778 -23.6424 39.2
    endloop
  endfacet
  facet normal 0.910761 -0.412933 0
    outer loop
      vertex 26.0778 -23.6424 0
      vertex 25.9562 -23.9106 39.2
      vertex 25.9562 -23.9106 0
    endloop
  endfacet
  facet normal 0.999468 0.0326024 0
    outer loop
      vertex 26.4203 -21.9203 39.2
      vertex 26.4107 -21.626 0
      vertex 26.4107 -21.626 39.2
    endloop
  endfacet
  facet normal 0.999468 0.0326024 0
    outer loop
      vertex 26.4107 -21.626 0
      vertex 26.4203 -21.9203 39.2
      vertex 26.4203 -21.9203 0
    endloop
  endfacet
  facet normal 0.973931 -0.226843 0
    outer loop
      vertex 26.267 -23.085 39.2
      vertex 26.3338 -22.7982 0
      vertex 26.3338 -22.7982 39.2
    endloop
  endfacet
  facet normal 0.973931 -0.226843 0
    outer loop
      vertex 26.3338 -22.7982 0
      vertex 26.267 -23.085 39.2
      vertex 26.267 -23.085 0
    endloop
  endfacet
  facet normal 0.986622 -0.163022 0
    outer loop
      vertex 26.3338 -22.7982 39.2
      vertex 26.3818 -22.5077 0
      vertex 26.3818 -22.5077 39.2
    endloop
  endfacet
  facet normal 0.986622 -0.163022 0
    outer loop
      vertex 26.3818 -22.5077 0
      vertex 26.3338 -22.7982 39.2
      vertex 26.3338 -22.7982 0
    endloop
  endfacet
  facet normal 0.881939 0.471364 0
    outer loop
      vertex 25.9562 -19.93 39.2
      vertex 25.8174 -19.6703 0
      vertex 25.8174 -19.6703 39.2
    endloop
  endfacet
  facet normal 0.881939 0.471364 0
    outer loop
      vertex 25.8174 -19.6703 0
      vertex 25.9562 -19.93 39.2
      vertex 25.9562 -19.93 0
    endloop
  endfacet
  facet normal 0.849236 0.528014 0
    outer loop
      vertex 25.8174 -19.6703 39.2
      vertex 25.6619 -19.4202 0
      vertex 25.6619 -19.4202 39.2
    endloop
  endfacet
  facet normal 0.849236 0.528014 0
    outer loop
      vertex 25.6619 -19.4202 0
      vertex 25.8174 -19.6703 39.2
      vertex 25.8174 -19.6703 0
    endloop
  endfacet
  facet normal 0.910761 0.412933 0
    outer loop
      vertex 26.0778 -20.1982 39.2
      vertex 25.9562 -19.93 0
      vertex 25.9562 -19.93 39.2
    endloop
  endfacet
  facet normal 0.910761 0.412933 0
    outer loop
      vertex 25.9562 -19.93 0
      vertex 26.0778 -20.1982 39.2
      vertex 26.0778 -20.1982 0
    endloop
  endfacet
  facet normal 0.956924 0.290337 0
    outer loop
      vertex 26.267 -20.7556 39.2
      vertex 26.1815 -20.4738 0
      vertex 26.1815 -20.4738 39.2
    endloop
  endfacet
  facet normal 0.956924 0.290337 0
    outer loop
      vertex 26.1815 -20.4738 0
      vertex 26.267 -20.7556 39.2
      vertex 26.267 -20.7556 0
    endloop
  endfacet
  facet normal 0.995174 0.0981253 0
    outer loop
      vertex 26.4107 -21.626 39.2
      vertex 26.3818 -21.3329 0
      vertex 26.3818 -21.3329 39.2
    endloop
  endfacet
  facet normal 0.995174 0.0981253 0
    outer loop
      vertex 26.3818 -21.3329 0
      vertex 26.4107 -21.626 39.2
      vertex 26.4107 -21.626 0
    endloop
  endfacet
  facet normal 0.729823 -0.683636 0
    outer loop
      vertex 25.1023 -25.1023 39.2
      vertex 25.3036 -24.8874 0
      vertex 25.3036 -24.8874 39.2
    endloop
  endfacet
  facet normal 0.729823 -0.683636 0
    outer loop
      vertex 25.3036 -24.8874 0
      vertex 25.1023 -25.1023 39.2
      vertex 25.1023 -25.1023 0
    endloop
  endfacet
  facet normal 0.634254 -0.773125 0
    outer loop
      vertex 24.6597 -25.4904 0
      vertex 24.8874 -25.3036 39.2
      vertex 24.6597 -25.4904 39.2
    endloop
  endfacet
  facet normal 0.634254 -0.773125 0
    outer loop
      vertex 24.8874 -25.3036 39.2
      vertex 24.6597 -25.4904 0
      vertex 24.8874 -25.3036 0
    endloop
  endfacet
  facet normal -0.412933 -0.910761 0
    outer loop
      vertex 19.93 -25.9562 0
      vertex 20.1982 -26.0778 39.2
      vertex 19.93 -25.9562 39.2
    endloop
  endfacet
  facet normal -0.412933 -0.910761 -0
    outer loop
      vertex 20.1982 -26.0778 39.2
      vertex 19.93 -25.9562 0
      vertex 20.1982 -26.0778 0
    endloop
  endfacet
  facet normal -0.163022 -0.986622 0
    outer loop
      vertex 21.0424 -26.3338 0
      vertex 21.3329 -26.3818 39.2
      vertex 21.0424 -26.3338 39.2
    endloop
  endfacet
  facet normal -0.163022 -0.986622 -0
    outer loop
      vertex 21.3329 -26.3818 39.2
      vertex 21.0424 -26.3338 0
      vertex 21.3329 -26.3818 0
    endloop
  endfacet
  facet normal -0.226843 -0.973931 0
    outer loop
      vertex 20.7556 -26.267 0
      vertex 21.0424 -26.3338 39.2
      vertex 20.7556 -26.267 39.2
    endloop
  endfacet
  facet normal -0.226843 -0.973931 -0
    outer loop
      vertex 21.0424 -26.3338 39.2
      vertex 20.7556 -26.267 0
      vertex 21.0424 -26.3338 0
    endloop
  endfacet
  facet normal -0.352165 -0.935938 0
    outer loop
      vertex 20.1982 -26.0778 0
      vertex 20.4738 -26.1815 39.2
      vertex 20.1982 -26.0778 39.2
    endloop
  endfacet
  facet normal -0.352165 -0.935938 -0
    outer loop
      vertex 20.4738 -26.1815 39.2
      vertex 20.1982 -26.0778 0
      vertex 20.4738 -26.1815 0
    endloop
  endfacet
  facet normal 0.0326024 -0.999468 0
    outer loop
      vertex 21.9203 -26.4203 0
      vertex 22.2146 -26.4107 39.2
      vertex 21.9203 -26.4203 39.2
    endloop
  endfacet
  facet normal 0.0326024 -0.999468 0
    outer loop
      vertex 22.2146 -26.4107 39.2
      vertex 21.9203 -26.4203 0
      vertex 22.2146 -26.4107 0
    endloop
  endfacet
  facet normal 0.163022 -0.986622 0
    outer loop
      vertex 22.5077 -26.3818 0
      vertex 22.7982 -26.3338 39.2
      vertex 22.5077 -26.3818 39.2
    endloop
  endfacet
  facet normal 0.163022 -0.986622 0
    outer loop
      vertex 22.7982 -26.3338 39.2
      vertex 22.5077 -26.3818 0
      vertex 22.7982 -26.3338 0
    endloop
  endfacet
  facet normal 0.352165 -0.935938 0
    outer loop
      vertex 23.3668 -26.1815 0
      vertex 23.6424 -26.0778 39.2
      vertex 23.3668 -26.1815 39.2
    endloop
  endfacet
  facet normal 0.352165 -0.935938 0
    outer loop
      vertex 23.6424 -26.0778 39.2
      vertex 23.3668 -26.1815 0
      vertex 23.6424 -26.0778 0
    endloop
  endfacet
  facet normal 0.471364 -0.881939 0
    outer loop
      vertex 23.9106 -25.9562 0
      vertex 24.1703 -25.8174 39.2
      vertex 23.9106 -25.9562 39.2
    endloop
  endfacet
  facet normal 0.471364 -0.881939 0
    outer loop
      vertex 24.1703 -25.8174 39.2
      vertex 23.9106 -25.9562 0
      vertex 24.1703 -25.8174 0
    endloop
  endfacet
  facet normal 0.812814 -0.582523 0
    outer loop
      vertex 25.4904 -24.6597 39.2
      vertex 25.6619 -24.4204 0
      vertex 25.6619 -24.4204 39.2
    endloop
  endfacet
  facet normal 0.812814 -0.582523 0
    outer loop
      vertex 25.6619 -24.4204 0
      vertex 25.4904 -24.6597 39.2
      vertex 25.4904 -24.6597 0
    endloop
  endfacet
  facet normal -0.58238 -0.812916 0
    outer loop
      vertex 19.2587 -25.5462 0
      vertex 19.4202 -25.6619 39.2
      vertex 19.2587 -25.5462 39.2
    endloop
  endfacet
  facet normal -0.58238 -0.812916 -0
    outer loop
      vertex 19.4202 -25.6619 39.2
      vertex 19.2587 -25.5462 0
      vertex 19.4202 -25.6619 0
    endloop
  endfacet
  facet normal -0.471364 -0.881939 0
    outer loop
      vertex 19.6703 -25.8174 0
      vertex 19.93 -25.9562 39.2
      vertex 19.6703 -25.8174 39.2
    endloop
  endfacet
  facet normal -0.471364 -0.881939 -0
    outer loop
      vertex 19.93 -25.9562 39.2
      vertex 19.6703 -25.8174 0
      vertex 19.93 -25.9562 0
    endloop
  endfacet
  facet normal -0.0981253 -0.995174 0
    outer loop
      vertex 21.3329 -26.3818 0
      vertex 21.626 -26.4107 39.2
      vertex 21.3329 -26.3818 39.2
    endloop
  endfacet
  facet normal -0.0981253 -0.995174 -0
    outer loop
      vertex 21.626 -26.4107 39.2
      vertex 21.3329 -26.3818 0
      vertex 21.626 -26.4107 0
    endloop
  endfacet
  facet normal -0.290337 -0.956924 0
    outer loop
      vertex 20.4738 -26.1815 0
      vertex 20.7556 -26.267 39.2
      vertex 20.4738 -26.1815 39.2
    endloop
  endfacet
  facet normal -0.290337 -0.956924 -0
    outer loop
      vertex 20.7556 -26.267 39.2
      vertex 20.4738 -26.1815 0
      vertex 20.7556 -26.267 0
    endloop
  endfacet
  facet normal 0.226843 -0.973931 0
    outer loop
      vertex 22.7982 -26.3338 0
      vertex 23.085 -26.267 39.2
      vertex 22.7982 -26.3338 39.2
    endloop
  endfacet
  facet normal 0.226843 -0.973931 0
    outer loop
      vertex 23.085 -26.267 39.2
      vertex 22.7982 -26.3338 0
      vertex 23.085 -26.267 0
    endloop
  endfacet
  facet normal 0.0981253 -0.995174 0
    outer loop
      vertex 22.2146 -26.4107 0
      vertex 22.5077 -26.3818 39.2
      vertex 22.2146 -26.4107 39.2
    endloop
  endfacet
  facet normal 0.0981253 -0.995174 0
    outer loop
      vertex 22.5077 -26.3818 39.2
      vertex 22.2146 -26.4107 0
      vertex 22.5077 -26.3818 0
    endloop
  endfacet
  facet normal 0.412933 -0.910761 0
    outer loop
      vertex 23.6424 -26.0778 0
      vertex 23.9106 -25.9562 39.2
      vertex 23.6424 -26.0778 39.2
    endloop
  endfacet
  facet normal 0.412933 -0.910761 0
    outer loop
      vertex 23.9106 -25.9562 39.2
      vertex 23.6424 -26.0778 0
      vertex 23.9106 -25.9562 0
    endloop
  endfacet
  facet normal 0.528014 -0.849236 0
    outer loop
      vertex 24.1703 -25.8174 0
      vertex 24.4204 -25.6619 39.2
      vertex 24.1703 -25.8174 39.2
    endloop
  endfacet
  facet normal 0.528014 -0.849236 0
    outer loop
      vertex 24.4204 -25.6619 39.2
      vertex 24.1703 -25.8174 0
      vertex 24.4204 -25.6619 0
    endloop
  endfacet
  facet normal 0.999465 0.0327122 0
    outer loop
      vertex 32 0 39.2
      vertex 31.9315 2.0929 0
      vertex 31.9315 2.0929 39.2
    endloop
  endfacet
  facet normal 0.999465 0.0327122 0
    outer loop
      vertex 31.9315 2.0929 0
      vertex 32 0 39.2
      vertex 32 0 0
    endloop
  endfacet
  facet normal -0.999465 0.0327122 0
    outer loop
      vertex -32 0 0
      vertex -31.9315 2.0929 39.2
      vertex -31.9315 2.0929 0
    endloop
  endfacet
  facet normal -0.999465 0.0327122 0
    outer loop
      vertex -31.9315 2.0929 39.2
      vertex -32 0 0
      vertex -32 0 39.2
    endloop
  endfacet
  facet normal 0.0327122 0.999465 -0
    outer loop
      vertex 2.0929 31.9315 0
      vertex 0 32 3
      vertex 2.0929 31.9315 3
    endloop
  endfacet
  facet normal 0.0327122 0.999465 0
    outer loop
      vertex 0 32 3
      vertex 2.0929 31.9315 0
      vertex 0 32 0
    endloop
  endfacet
  facet normal 0.0327122 0.999465 -0
    outer loop
      vertex 2.0929 31.9315 36.2
      vertex 0 32 39.2
      vertex 2.0929 31.9315 39.2
    endloop
  endfacet
  facet normal 0.0327122 0.999465 0
    outer loop
      vertex 0 32 39.2
      vertex 2.0929 31.9315 36.2
      vertex 0 32 36.2
    endloop
  endfacet
  facet normal -0.973877 -0.227075 0
    outer loop
      vertex -30.9096 -8.28221 0
      vertex -31.3851 -6.24289 39.2
      vertex -31.3851 -6.24289 0
    endloop
  endfacet
  facet normal -0.973877 -0.227075 0
    outer loop
      vertex -31.3851 -6.24289 39.2
      vertex -30.9096 -8.28221 0
      vertex -30.9096 -8.28221 39.2
    endloop
  endfacet
  facet normal 0.910861 0.412712 0
    outer loop
      vertex 29.5641 12.2459 39.2
      vertex 28.6999 14.1532 0
      vertex 28.6999 14.1532 39.2
    endloop
  endfacet
  facet normal 0.910861 0.412712 0
    outer loop
      vertex 28.6999 14.1532 0
      vertex 29.5641 12.2459 39.2
      vertex 29.5641 12.2459 0
    endloop
  endfacet
  facet normal -0.849193 0.528083 0
    outer loop
      vertex -27.7128 16 0
      vertex -26.607 17.7782 39.2
      vertex -26.607 17.7782 0
    endloop
  endfacet
  facet normal -0.849193 0.528083 0
    outer loop
      vertex -26.607 17.7782 39.2
      vertex -27.7128 16 0
      vertex -27.7128 16 39.2
    endloop
  endfacet
  facet normal -0.162893 0.986644 0
    outer loop
      vertex -4.17684 31.7262 0
      vertex -6.24289 31.3851 3
      vertex -4.17684 31.7262 3
    endloop
  endfacet
  facet normal -0.162893 0.986644 0
    outer loop
      vertex -6.24289 31.3851 3
      vertex -4.17684 31.7262 0
      vertex -6.24289 31.3851 0
    endloop
  endfacet
  facet normal -0.162893 0.986644 0
    outer loop
      vertex -4.17684 31.7262 36.2
      vertex -6.24289 31.3851 39.2
      vertex -4.17684 31.7262 39.2
    endloop
  endfacet
  facet normal -0.162893 0.986644 0
    outer loop
      vertex -6.24289 31.3851 39.2
      vertex -4.17684 31.7262 36.2
      vertex -6.24289 31.3851 36.2
    endloop
  endfacet
  facet normal 0.881928 -0.471384 0
    outer loop
      vertex 27.7128 -16 39.2
      vertex 28.6999 -14.1532 0
      vertex 28.6999 -14.1532 39.2
    endloop
  endfacet
  facet normal 0.881928 -0.471384 0
    outer loop
      vertex 28.6999 -14.1532 0
      vertex 27.7128 -16 39.2
      vertex 27.7128 -16 0
    endloop
  endfacet
  facet normal 0.227075 -0.973877 0
    outer loop
      vertex 6.24289 -31.3851 36.2
      vertex 8.28221 -30.9096 39.2
      vertex 6.24289 -31.3851 39.2
    endloop
  endfacet
  facet normal 0.227075 -0.973877 0
    outer loop
      vertex 8.28221 -30.9096 39.2
      vertex 6.24289 -31.3851 36.2
      vertex 8.28221 -30.9096 36.2
    endloop
  endfacet
  facet normal 0.227075 -0.973877 0
    outer loop
      vertex 6.24289 -31.3851 0
      vertex 8.28221 -30.9096 3
      vertex 6.24289 -31.3851 3
    endloop
  endfacet
  facet normal 0.227075 -0.973877 0
    outer loop
      vertex 8.28221 -30.9096 3
      vertex 6.24289 -31.3851 0
      vertex 8.28221 -30.9096 0
    endloop
  endfacet
  facet normal 0.95695 -0.290253 0
    outer loop
      vertex 30.3018 -10.2861 39.2
      vertex 30.9096 -8.28221 0
      vertex 30.9096 -8.28221 39.2
    endloop
  endfacet
  facet normal 0.95695 -0.290253 0
    outer loop
      vertex 30.9096 -8.28221 0
      vertex 30.3018 -10.2861 39.2
      vertex 30.3018 -10.2861 0
    endloop
  endfacet
  facet normal -0.352285 -0.935893 0
    outer loop
      vertex -12.2459 -29.5641 0
      vertex -10.2861 -30.3018 3
      vertex -12.2459 -29.5641 3
    endloop
  endfacet
  facet normal -0.352285 -0.935893 -0
    outer loop
      vertex -10.2861 -30.3018 3
      vertex -12.2459 -29.5641 0
      vertex -10.2861 -30.3018 0
    endloop
  endfacet
  facet normal -0.352285 -0.935893 0
    outer loop
      vertex -12.2459 -29.5641 36.2
      vertex -10.2861 -30.3018 39.2
      vertex -12.2459 -29.5641 39.2
    endloop
  endfacet
  facet normal -0.352285 -0.935893 -0
    outer loop
      vertex -10.2861 -30.3018 39.2
      vertex -12.2459 -29.5641 36.2
      vertex -10.2861 -30.3018 36.2
    endloop
  endfacet
  facet normal 0.986644 0.162893 0
    outer loop
      vertex 31.7262 4.17684 39.2
      vertex 31.3851 6.24289 0
      vertex 31.3851 6.24289 39.2
    endloop
  endfacet
  facet normal 0.986644 0.162893 0
    outer loop
      vertex 31.3851 6.24289 0
      vertex 31.7262 4.17684 39.2
      vertex 31.7262 4.17684 0
    endloop
  endfacet
  facet normal 0.995182 0.0980407 0
    outer loop
      vertex 31.9315 2.0929 39.2
      vertex 31.7262 4.17684 0
      vertex 31.7262 4.17684 39.2
    endloop
  endfacet
  facet normal 0.995182 0.0980407 0
    outer loop
      vertex 31.7262 4.17684 0
      vertex 31.9315 2.0929 39.2
      vertex 31.9315 2.0929 0
    endloop
  endfacet
  facet normal 0.95695 0.290253 0
    outer loop
      vertex 30.9096 8.28221 39.2
      vertex 30.3018 10.2861 0
      vertex 30.3018 10.2861 39.2
    endloop
  endfacet
  facet normal 0.95695 0.290253 0
    outer loop
      vertex 30.3018 10.2861 0
      vertex 30.9096 8.28221 39.2
      vertex 30.9096 8.28221 0
    endloop
  endfacet
  facet normal 0.849193 0.528083 0
    outer loop
      vertex 27.7128 16 39.2
      vertex 26.607 17.7782 0
      vertex 26.607 17.7782 39.2
    endloop
  endfacet
  facet normal 0.849193 0.528083 0
    outer loop
      vertex 26.607 17.7782 0
      vertex 27.7128 16 39.2
      vertex 27.7128 16 0
    endloop
  endfacet
  facet normal 0.881928 0.471384 0
    outer loop
      vertex 28.6999 14.1532 39.2
      vertex 27.7128 16 0
      vertex 27.7128 16 39.2
    endloop
  endfacet
  facet normal 0.881928 0.471384 0
    outer loop
      vertex 27.7128 16 0
      vertex 28.6999 14.1532 39.2
      vertex 28.6999 14.1532 0
    endloop
  endfacet
  facet normal 0.227075 0.973877 -0
    outer loop
      vertex 8.28221 30.9096 0
      vertex 6.24289 31.3851 3
      vertex 8.28221 30.9096 3
    endloop
  endfacet
  facet normal 0.227075 0.973877 0
    outer loop
      vertex 6.24289 31.3851 3
      vertex 8.28221 30.9096 0
      vertex 6.24289 31.3851 0
    endloop
  endfacet
  facet normal 0.227075 0.973877 -0
    outer loop
      vertex 8.28221 30.9096 36.2
      vertex 6.24289 31.3851 39.2
      vertex 8.28221 30.9096 39.2
    endloop
  endfacet
  facet normal 0.227075 0.973877 0
    outer loop
      vertex 6.24289 31.3851 39.2
      vertex 8.28221 30.9096 36.2
      vertex 6.24289 31.3851 36.2
    endloop
  endfacet
  facet normal 0.290253 0.95695 -0
    outer loop
      vertex 10.2861 30.3018 0
      vertex 8.28221 30.9096 3
      vertex 10.2861 30.3018 3
    endloop
  endfacet
  facet normal 0.290253 0.95695 0
    outer loop
      vertex 8.28221 30.9096 3
      vertex 10.2861 30.3018 0
      vertex 8.28221 30.9096 0
    endloop
  endfacet
  facet normal 0.290253 0.95695 -0
    outer loop
      vertex 10.2861 30.3018 36.2
      vertex 8.28221 30.9096 39.2
      vertex 10.2861 30.3018 39.2
    endloop
  endfacet
  facet normal 0.290253 0.95695 0
    outer loop
      vertex 8.28221 30.9096 39.2
      vertex 10.2861 30.3018 36.2
      vertex 8.28221 30.9096 36.2
    endloop
  endfacet
  facet normal 0.162893 0.986644 -0
    outer loop
      vertex 6.24289 31.3851 0
      vertex 4.17684 31.7262 3
      vertex 6.24289 31.3851 3
    endloop
  endfacet
  facet normal 0.162893 0.986644 0
    outer loop
      vertex 4.17684 31.7262 3
      vertex 6.24289 31.3851 0
      vertex 4.17684 31.7262 0
    endloop
  endfacet
  facet normal 0.162893 0.986644 -0
    outer loop
      vertex 6.24289 31.3851 36.2
      vertex 4.17684 31.7262 39.2
      vertex 6.24289 31.3851 39.2
    endloop
  endfacet
  facet normal 0.162893 0.986644 0
    outer loop
      vertex 4.17684 31.7262 39.2
      vertex 6.24289 31.3851 36.2
      vertex 4.17684 31.7262 36.2
    endloop
  endfacet
  facet normal 0.528083 0.849193 1.83446e-05
    outer loop
      vertex 17.7782 26.607 39.2
      vertex 17 27.091 36.2
      vertex 16 27.7128 39.2
    endloop
  endfacet
  facet normal 0.528134 0.849161 0
    outer loop
      vertex 17.7782 26.607 39.2
      vertex 17 27.091 3
      vertex 17 27.091 36.2
    endloop
  endfacet
  facet normal 0.528134 0.849161 -0
    outer loop
      vertex 17.7782 26.607 0
      vertex 17 27.091 3
      vertex 17.7782 26.607 39.2
    endloop
  endfacet
  facet normal 0.528083 0.849193 -1.83446e-05
    outer loop
      vertex 16 27.7128 0
      vertex 17 27.091 3
      vertex 17.7782 26.607 0
    endloop
  endfacet
  facet normal 0.528043 0.849217 0
    outer loop
      vertex 17 27.091 3
      vertex 16 27.7128 0
      vertex 16 27.7128 3
    endloop
  endfacet
  facet normal 0.528043 0.849217 0
    outer loop
      vertex 16 27.7128 39.2
      vertex 17 27.091 36.2
      vertex 16 27.7128 36.2
    endloop
  endfacet
  facet normal -0.973877 0.227075 0
    outer loop
      vertex -31.3851 6.24289 0
      vertex -30.9096 8.28221 39.2
      vertex -30.9096 8.28221 0
    endloop
  endfacet
  facet normal -0.973877 0.227075 0
    outer loop
      vertex -30.9096 8.28221 39.2
      vertex -31.3851 6.24289 0
      vertex -31.3851 6.24289 39.2
    endloop
  endfacet
  facet normal -0.95695 0.290253 0
    outer loop
      vertex -30.9096 8.28221 0
      vertex -30.3018 10.2861 39.2
      vertex -30.3018 10.2861 0
    endloop
  endfacet
  facet normal -0.95695 0.290253 0
    outer loop
      vertex -30.3018 10.2861 39.2
      vertex -30.9096 8.28221 0
      vertex -30.9096 8.28221 39.2
    endloop
  endfacet
  facet normal -0.986644 0.162893 0
    outer loop
      vertex -31.7262 4.17684 0
      vertex -31.3851 6.24289 39.2
      vertex -31.3851 6.24289 0
    endloop
  endfacet
  facet normal -0.986644 0.162893 0
    outer loop
      vertex -31.3851 6.24289 39.2
      vertex -31.7262 4.17684 0
      vertex -31.7262 4.17684 39.2
    endloop
  endfacet
  facet normal -0.471384 0.881928 0
    outer loop
      vertex -14.1532 28.6999 0
      vertex -16 27.7128 3
      vertex -14.1532 28.6999 3
    endloop
  endfacet
  facet normal -0.471384 0.881928 0
    outer loop
      vertex -16 27.7128 3
      vertex -14.1532 28.6999 0
      vertex -16 27.7128 0
    endloop
  endfacet
  facet normal -0.471384 0.881928 0
    outer loop
      vertex -14.1532 28.6999 36.2
      vertex -16 27.7128 39.2
      vertex -14.1532 28.6999 39.2
    endloop
  endfacet
  facet normal -0.471384 0.881928 0
    outer loop
      vertex -16 27.7128 39.2
      vertex -14.1532 28.6999 36.2
      vertex -16 27.7128 36.2
    endloop
  endfacet
  facet normal -0.528043 0.849217 0
    outer loop
      vertex -16 27.7128 3
      vertex -16 27.7128 0
      vertex -17 27.091 3
    endloop
  endfacet
  facet normal -0.528043 0.849217 0
    outer loop
      vertex -17 27.091 36.2
      vertex -16 27.7128 39.2
      vertex -16 27.7128 36.2
    endloop
  endfacet
  facet normal -0.528083 0.849193 1.83446e-05
    outer loop
      vertex -16 27.7128 39.2
      vertex -17 27.091 36.2
      vertex -17.7782 26.607 39.2
    endloop
  endfacet
  facet normal -0.528134 0.849161 0
    outer loop
      vertex -17 27.091 3
      vertex -17.7782 26.607 39.2
      vertex -17 27.091 36.2
    endloop
  endfacet
  facet normal -0.528134 0.849161 0
    outer loop
      vertex -17 27.091 3
      vertex -17.7782 26.607 0
      vertex -17.7782 26.607 39.2
    endloop
  endfacet
  facet normal -0.528083 0.849193 -1.83446e-05
    outer loop
      vertex -17.7782 26.607 0
      vertex -17 27.091 3
      vertex -16 27.7128 0
    endloop
  endfacet
  facet normal -0.227075 0.973877 0
    outer loop
      vertex -6.24289 31.3851 0
      vertex -8.28221 30.9096 3
      vertex -6.24289 31.3851 3
    endloop
  endfacet
  facet normal -0.227075 0.973877 0
    outer loop
      vertex -8.28221 30.9096 3
      vertex -6.24289 31.3851 0
      vertex -8.28221 30.9096 0
    endloop
  endfacet
  facet normal -0.227075 0.973877 0
    outer loop
      vertex -6.24289 31.3851 36.2
      vertex -8.28221 30.9096 39.2
      vertex -6.24289 31.3851 39.2
    endloop
  endfacet
  facet normal -0.227075 0.973877 0
    outer loop
      vertex -8.28221 30.9096 39.2
      vertex -6.24289 31.3851 36.2
      vertex -8.28221 30.9096 36.2
    endloop
  endfacet
  facet normal -0.0980407 0.995182 0
    outer loop
      vertex -2.0929 31.9315 0
      vertex -4.17684 31.7262 3
      vertex -2.0929 31.9315 3
    endloop
  endfacet
  facet normal -0.0980407 0.995182 0
    outer loop
      vertex -4.17684 31.7262 3
      vertex -2.0929 31.9315 0
      vertex -4.17684 31.7262 0
    endloop
  endfacet
  facet normal -0.0980407 0.995182 0
    outer loop
      vertex -2.0929 31.9315 36.2
      vertex -4.17684 31.7262 39.2
      vertex -2.0929 31.9315 39.2
    endloop
  endfacet
  facet normal -0.0980407 0.995182 0
    outer loop
      vertex -4.17684 31.7262 39.2
      vertex -2.0929 31.9315 36.2
      vertex -4.17684 31.7262 36.2
    endloop
  endfacet
  facet normal 0.986644 -0.162893 0
    outer loop
      vertex 31.3851 -6.24289 39.2
      vertex 31.7262 -4.17684 0
      vertex 31.7262 -4.17684 39.2
    endloop
  endfacet
  facet normal 0.986644 -0.162893 0
    outer loop
      vertex 31.7262 -4.17684 0
      vertex 31.3851 -6.24289 39.2
      vertex 31.3851 -6.24289 0
    endloop
  endfacet
  facet normal 0.352285 -0.935893 0
    outer loop
      vertex 10.2861 -30.3018 0
      vertex 12.2459 -29.5641 3
      vertex 10.2861 -30.3018 3
    endloop
  endfacet
  facet normal 0.352285 -0.935893 0
    outer loop
      vertex 12.2459 -29.5641 3
      vertex 10.2861 -30.3018 0
      vertex 12.2459 -29.5641 0
    endloop
  endfacet
  facet normal 0.352285 -0.935893 0
    outer loop
      vertex 10.2861 -30.3018 36.2
      vertex 12.2459 -29.5641 39.2
      vertex 10.2861 -30.3018 39.2
    endloop
  endfacet
  facet normal 0.352285 -0.935893 0
    outer loop
      vertex 12.2459 -29.5641 39.2
      vertex 10.2861 -30.3018 36.2
      vertex 12.2459 -29.5641 36.2
    endloop
  endfacet
  facet normal 0.812876 -0.582437 0
    outer loop
      vertex 25.5462 -19.2587 39.2
      vertex 26.607 -17.7782 0
      vertex 26.607 -17.7782 39.2
    endloop
  endfacet
  facet normal 0.812876 -0.582437 0
    outer loop
      vertex 26.607 -17.7782 0
      vertex 25.5462 -19.2587 39.2
      vertex 25.5462 -19.2587 0
    endloop
  endfacet
  facet normal 0.935893 -0.352285 0
    outer loop
      vertex 29.5641 -12.2459 39.2
      vertex 30.3018 -10.2861 0
      vertex 30.3018 -10.2861 39.2
    endloop
  endfacet
  facet normal 0.935893 -0.352285 0
    outer loop
      vertex 30.3018 -10.2861 0
      vertex 29.5641 -12.2459 39.2
      vertex 29.5641 -12.2459 0
    endloop
  endfacet
  facet normal -0.412712 -0.910861 0
    outer loop
      vertex -14.1532 -28.6999 0
      vertex -12.2459 -29.5641 3
      vertex -14.1532 -28.6999 3
    endloop
  endfacet
  facet normal -0.412712 -0.910861 -0
    outer loop
      vertex -12.2459 -29.5641 3
      vertex -14.1532 -28.6999 0
      vertex -12.2459 -29.5641 0
    endloop
  endfacet
  facet normal -0.412712 -0.910861 0
    outer loop
      vertex -14.1532 -28.6999 36.2
      vertex -12.2459 -29.5641 39.2
      vertex -14.1532 -28.6999 39.2
    endloop
  endfacet
  facet normal -0.412712 -0.910861 -0
    outer loop
      vertex -12.2459 -29.5641 39.2
      vertex -14.1532 -28.6999 36.2
      vertex -12.2459 -29.5641 36.2
    endloop
  endfacet
  facet normal -0.528083 -0.849193 1.83446e-05
    outer loop
      vertex -17.7782 -26.607 39.2
      vertex -17 -27.091 36.2
      vertex -16 -27.7128 39.2
    endloop
  endfacet
  facet normal -0.528134 -0.849161 0
    outer loop
      vertex -17.7782 -26.607 39.2
      vertex -17 -27.091 3
      vertex -17 -27.091 36.2
    endloop
  endfacet
  facet normal -0.528134 -0.849161 0
    outer loop
      vertex -17.7782 -26.607 0
      vertex -17 -27.091 3
      vertex -17.7782 -26.607 39.2
    endloop
  endfacet
  facet normal -0.528083 -0.849193 -1.83446e-05
    outer loop
      vertex -16 -27.7128 0
      vertex -17 -27.091 3
      vertex -17.7782 -26.607 0
    endloop
  endfacet
  facet normal -0.528043 -0.849217 0
    outer loop
      vertex -17 -27.091 3
      vertex -16 -27.7128 0
      vertex -16 -27.7128 3
    endloop
  endfacet
  facet normal -0.528043 -0.849217 -0
    outer loop
      vertex -16 -27.7128 39.2
      vertex -17 -27.091 36.2
      vertex -16 -27.7128 36.2
    endloop
  endfacet
  facet normal -0.162893 -0.986644 0
    outer loop
      vertex -6.24289 -31.3851 0
      vertex -4.17684 -31.7262 3
      vertex -6.24289 -31.3851 3
    endloop
  endfacet
  facet normal -0.162893 -0.986644 -0
    outer loop
      vertex -4.17684 -31.7262 3
      vertex -6.24289 -31.3851 0
      vertex -4.17684 -31.7262 0
    endloop
  endfacet
  facet normal -0.162893 -0.986644 0
    outer loop
      vertex -6.24289 -31.3851 36.2
      vertex -4.17684 -31.7262 39.2
      vertex -6.24289 -31.3851 39.2
    endloop
  endfacet
  facet normal -0.162893 -0.986644 -0
    outer loop
      vertex -4.17684 -31.7262 39.2
      vertex -6.24289 -31.3851 36.2
      vertex -4.17684 -31.7262 36.2
    endloop
  endfacet
  facet normal -0.849193 -0.528083 0
    outer loop
      vertex -26.607 -17.7782 0
      vertex -27.7128 -16 39.2
      vertex -27.7128 -16 0
    endloop
  endfacet
  facet normal -0.849193 -0.528083 0
    outer loop
      vertex -27.7128 -16 39.2
      vertex -26.607 -17.7782 0
      vertex -26.607 -17.7782 39.2
    endloop
  endfacet
  facet normal -0.95695 -0.290253 0
    outer loop
      vertex -30.3018 -10.2861 0
      vertex -30.9096 -8.28221 39.2
      vertex -30.9096 -8.28221 0
    endloop
  endfacet
  facet normal -0.95695 -0.290253 0
    outer loop
      vertex -30.9096 -8.28221 39.2
      vertex -30.3018 -10.2861 0
      vertex -30.3018 -10.2861 39.2
    endloop
  endfacet
  facet normal 0.973877 0.227075 0
    outer loop
      vertex 31.3851 6.24289 39.2
      vertex 30.9096 8.28221 0
      vertex 30.9096 8.28221 39.2
    endloop
  endfacet
  facet normal 0.973877 0.227075 0
    outer loop
      vertex 30.9096 8.28221 0
      vertex 31.3851 6.24289 39.2
      vertex 31.3851 6.24289 0
    endloop
  endfacet
  facet normal 0.935893 0.352285 0
    outer loop
      vertex 30.3018 10.2861 39.2
      vertex 29.5641 12.2459 0
      vertex 29.5641 12.2459 39.2
    endloop
  endfacet
  facet normal 0.935893 0.352285 0
    outer loop
      vertex 29.5641 12.2459 0
      vertex 30.3018 10.2861 39.2
      vertex 30.3018 10.2861 0
    endloop
  endfacet
  facet normal 0.812876 0.582437 0
    outer loop
      vertex 26.607 17.7782 39.2
      vertex 25.5462 19.2587 0
      vertex 25.5462 19.2587 39.2
    endloop
  endfacet
  facet normal 0.812876 0.582437 0
    outer loop
      vertex 25.5462 19.2587 0
      vertex 26.607 17.7782 39.2
      vertex 26.607 17.7782 0
    endloop
  endfacet
  facet normal 0.352285 0.935893 -0
    outer loop
      vertex 12.2459 29.5641 0
      vertex 10.2861 30.3018 3
      vertex 12.2459 29.5641 3
    endloop
  endfacet
  facet normal 0.352285 0.935893 0
    outer loop
      vertex 10.2861 30.3018 3
      vertex 12.2459 29.5641 0
      vertex 10.2861 30.3018 0
    endloop
  endfacet
  facet normal 0.352285 0.935893 -0
    outer loop
      vertex 12.2459 29.5641 36.2
      vertex 10.2861 30.3018 39.2
      vertex 12.2459 29.5641 39.2
    endloop
  endfacet
  facet normal 0.352285 0.935893 0
    outer loop
      vertex 10.2861 30.3018 39.2
      vertex 12.2459 29.5641 36.2
      vertex 10.2861 30.3018 36.2
    endloop
  endfacet
  facet normal 0.0980407 0.995182 -0
    outer loop
      vertex 4.17684 31.7262 0
      vertex 2.0929 31.9315 3
      vertex 4.17684 31.7262 3
    endloop
  endfacet
  facet normal 0.0980407 0.995182 0
    outer loop
      vertex 2.0929 31.9315 3
      vertex 4.17684 31.7262 0
      vertex 2.0929 31.9315 0
    endloop
  endfacet
  facet normal 0.0980407 0.995182 -0
    outer loop
      vertex 4.17684 31.7262 36.2
      vertex 2.0929 31.9315 39.2
      vertex 4.17684 31.7262 39.2
    endloop
  endfacet
  facet normal 0.0980407 0.995182 0
    outer loop
      vertex 2.0929 31.9315 39.2
      vertex 4.17684 31.7262 36.2
      vertex 2.0929 31.9315 36.2
    endloop
  endfacet
  facet normal 0.412712 0.910861 -0
    outer loop
      vertex 14.1532 28.6999 36.2
      vertex 12.2459 29.5641 39.2
      vertex 14.1532 28.6999 39.2
    endloop
  endfacet
  facet normal 0.412712 0.910861 0
    outer loop
      vertex 12.2459 29.5641 39.2
      vertex 14.1532 28.6999 36.2
      vertex 12.2459 29.5641 36.2
    endloop
  endfacet
  facet normal 0.412712 0.910861 -0
    outer loop
      vertex 14.1532 28.6999 0
      vertex 12.2459 29.5641 3
      vertex 14.1532 28.6999 3
    endloop
  endfacet
  facet normal 0.412712 0.910861 0
    outer loop
      vertex 12.2459 29.5641 3
      vertex 14.1532 28.6999 0
      vertex 12.2459 29.5641 0
    endloop
  endfacet
  facet normal 0.471384 0.881928 -0
    outer loop
      vertex 16 27.7128 0
      vertex 14.1532 28.6999 3
      vertex 16 27.7128 3
    endloop
  endfacet
  facet normal 0.471384 0.881928 0
    outer loop
      vertex 14.1532 28.6999 3
      vertex 16 27.7128 0
      vertex 14.1532 28.6999 0
    endloop
  endfacet
  facet normal 0.471384 0.881928 -0
    outer loop
      vertex 16 27.7128 36.2
      vertex 14.1532 28.6999 39.2
      vertex 16 27.7128 39.2
    endloop
  endfacet
  facet normal 0.471384 0.881928 0
    outer loop
      vertex 14.1532 28.6999 39.2
      vertex 16 27.7128 36.2
      vertex 14.1532 28.6999 36.2
    endloop
  endfacet
  facet normal 0.582437 0.812876 -0
    outer loop
      vertex 19.2587 25.5462 0
      vertex 17.7782 26.607 39.2
      vertex 19.2587 25.5462 39.2
    endloop
  endfacet
  facet normal 0.582437 0.812876 0
    outer loop
      vertex 17.7782 26.607 39.2
      vertex 19.2587 25.5462 0
      vertex 17.7782 26.607 0
    endloop
  endfacet
  facet normal -0.910861 0.412712 0
    outer loop
      vertex -29.5641 12.2459 0
      vertex -28.6999 14.1532 39.2
      vertex -28.6999 14.1532 0
    endloop
  endfacet
  facet normal -0.910861 0.412712 0
    outer loop
      vertex -28.6999 14.1532 39.2
      vertex -29.5641 12.2459 0
      vertex -29.5641 12.2459 39.2
    endloop
  endfacet
  facet normal -0.881928 0.471384 0
    outer loop
      vertex -28.6999 14.1532 0
      vertex -27.7128 16 39.2
      vertex -27.7128 16 0
    endloop
  endfacet
  facet normal -0.881928 0.471384 0
    outer loop
      vertex -27.7128 16 39.2
      vertex -28.6999 14.1532 0
      vertex -28.6999 14.1532 39.2
    endloop
  endfacet
  facet normal -0.935893 0.352285 0
    outer loop
      vertex -30.3018 10.2861 0
      vertex -29.5641 12.2459 39.2
      vertex -29.5641 12.2459 0
    endloop
  endfacet
  facet normal -0.935893 0.352285 0
    outer loop
      vertex -29.5641 12.2459 39.2
      vertex -30.3018 10.2861 0
      vertex -30.3018 10.2861 39.2
    endloop
  endfacet
  facet normal -0.995182 0.0980407 0
    outer loop
      vertex -31.9315 2.0929 0
      vertex -31.7262 4.17684 39.2
      vertex -31.7262 4.17684 0
    endloop
  endfacet
  facet normal -0.995182 0.0980407 0
    outer loop
      vertex -31.7262 4.17684 39.2
      vertex -31.9315 2.0929 0
      vertex -31.9315 2.0929 39.2
    endloop
  endfacet
  facet normal -0.412712 0.910861 0
    outer loop
      vertex -12.2459 29.5641 0
      vertex -14.1532 28.6999 3
      vertex -12.2459 29.5641 3
    endloop
  endfacet
  facet normal -0.412712 0.910861 0
    outer loop
      vertex -14.1532 28.6999 3
      vertex -12.2459 29.5641 0
      vertex -14.1532 28.6999 0
    endloop
  endfacet
  facet normal -0.412712 0.910861 0
    outer loop
      vertex -12.2459 29.5641 36.2
      vertex -14.1532 28.6999 39.2
      vertex -12.2459 29.5641 39.2
    endloop
  endfacet
  facet normal -0.412712 0.910861 0
    outer loop
      vertex -14.1532 28.6999 39.2
      vertex -12.2459 29.5641 36.2
      vertex -14.1532 28.6999 36.2
    endloop
  endfacet
  facet normal -0.582437 0.812876 0
    outer loop
      vertex -17.7782 26.607 0
      vertex -19.2587 25.5462 39.2
      vertex -17.7782 26.607 39.2
    endloop
  endfacet
  facet normal -0.582437 0.812876 0
    outer loop
      vertex -19.2587 25.5462 39.2
      vertex -17.7782 26.607 0
      vertex -19.2587 25.5462 0
    endloop
  endfacet
  facet normal -0.352285 0.935893 0
    outer loop
      vertex -10.2861 30.3018 0
      vertex -12.2459 29.5641 3
      vertex -10.2861 30.3018 3
    endloop
  endfacet
  facet normal -0.352285 0.935893 0
    outer loop
      vertex -12.2459 29.5641 3
      vertex -10.2861 30.3018 0
      vertex -12.2459 29.5641 0
    endloop
  endfacet
  facet normal -0.352285 0.935893 0
    outer loop
      vertex -10.2861 30.3018 36.2
      vertex -12.2459 29.5641 39.2
      vertex -10.2861 30.3018 39.2
    endloop
  endfacet
  facet normal -0.352285 0.935893 0
    outer loop
      vertex -12.2459 29.5641 39.2
      vertex -10.2861 30.3018 36.2
      vertex -12.2459 29.5641 36.2
    endloop
  endfacet
  facet normal -0.290253 0.95695 0
    outer loop
      vertex -8.28221 30.9096 0
      vertex -10.2861 30.3018 3
      vertex -8.28221 30.9096 3
    endloop
  endfacet
  facet normal -0.290253 0.95695 0
    outer loop
      vertex -10.2861 30.3018 3
      vertex -8.28221 30.9096 0
      vertex -10.2861 30.3018 0
    endloop
  endfacet
  facet normal -0.290253 0.95695 0
    outer loop
      vertex -8.28221 30.9096 36.2
      vertex -10.2861 30.3018 39.2
      vertex -8.28221 30.9096 39.2
    endloop
  endfacet
  facet normal -0.290253 0.95695 0
    outer loop
      vertex -10.2861 30.3018 39.2
      vertex -8.28221 30.9096 36.2
      vertex -10.2861 30.3018 36.2
    endloop
  endfacet
  facet normal -0.0327122 0.999465 0
    outer loop
      vertex 0 32 0
      vertex -2.0929 31.9315 3
      vertex 0 32 3
    endloop
  endfacet
  facet normal -0.0327122 0.999465 0
    outer loop
      vertex -2.0929 31.9315 3
      vertex 0 32 0
      vertex -2.0929 31.9315 0
    endloop
  endfacet
  facet normal -0.0327122 0.999465 0
    outer loop
      vertex 0 32 36.2
      vertex -2.0929 31.9315 39.2
      vertex 0 32 39.2
    endloop
  endfacet
  facet normal -0.0327122 0.999465 0
    outer loop
      vertex -2.0929 31.9315 39.2
      vertex 0 32 36.2
      vertex -2.0929 31.9315 36.2
    endloop
  endfacet
  facet normal 0.0327122 -0.999465 0
    outer loop
      vertex 0 -32 0
      vertex 2.0929 -31.9315 3
      vertex 0 -32 3
    endloop
  endfacet
  facet normal 0.0327122 -0.999465 0
    outer loop
      vertex 2.0929 -31.9315 3
      vertex 0 -32 0
      vertex 2.0929 -31.9315 0
    endloop
  endfacet
  facet normal 0.0327122 -0.999465 0
    outer loop
      vertex 0 -32 36.2
      vertex 2.0929 -31.9315 39.2
      vertex 0 -32 39.2
    endloop
  endfacet
  facet normal 0.0327122 -0.999465 0
    outer loop
      vertex 2.0929 -31.9315 39.2
      vertex 0 -32 36.2
      vertex 2.0929 -31.9315 36.2
    endloop
  endfacet
  facet normal 0.162893 -0.986644 0
    outer loop
      vertex 4.17684 -31.7262 36.2
      vertex 6.24289 -31.3851 39.2
      vertex 4.17684 -31.7262 39.2
    endloop
  endfacet
  facet normal 0.162893 -0.986644 0
    outer loop
      vertex 6.24289 -31.3851 39.2
      vertex 4.17684 -31.7262 36.2
      vertex 6.24289 -31.3851 36.2
    endloop
  endfacet
  facet normal 0.162893 -0.986644 0
    outer loop
      vertex 4.17684 -31.7262 0
      vertex 6.24289 -31.3851 3
      vertex 4.17684 -31.7262 3
    endloop
  endfacet
  facet normal 0.162893 -0.986644 0
    outer loop
      vertex 6.24289 -31.3851 3
      vertex 4.17684 -31.7262 0
      vertex 6.24289 -31.3851 0
    endloop
  endfacet
  facet normal 0.290253 -0.95695 0
    outer loop
      vertex 8.28221 -30.9096 0
      vertex 10.2861 -30.3018 3
      vertex 8.28221 -30.9096 3
    endloop
  endfacet
  facet normal 0.290253 -0.95695 0
    outer loop
      vertex 10.2861 -30.3018 3
      vertex 8.28221 -30.9096 0
      vertex 10.2861 -30.3018 0
    endloop
  endfacet
  facet normal 0.290253 -0.95695 0
    outer loop
      vertex 8.28221 -30.9096 36.2
      vertex 10.2861 -30.3018 39.2
      vertex 8.28221 -30.9096 39.2
    endloop
  endfacet
  facet normal 0.290253 -0.95695 0
    outer loop
      vertex 10.2861 -30.3018 39.2
      vertex 8.28221 -30.9096 36.2
      vertex 10.2861 -30.3018 36.2
    endloop
  endfacet
  facet normal 0.582437 -0.812876 0
    outer loop
      vertex 17.7782 -26.607 0
      vertex 19.2587 -25.5462 39.2
      vertex 17.7782 -26.607 39.2
    endloop
  endfacet
  facet normal 0.582437 -0.812876 0
    outer loop
      vertex 19.2587 -25.5462 39.2
      vertex 17.7782 -26.607 0
      vertex 19.2587 -25.5462 0
    endloop
  endfacet
  facet normal 0.412712 -0.910861 0
    outer loop
      vertex 12.2459 -29.5641 0
      vertex 14.1532 -28.6999 3
      vertex 12.2459 -29.5641 3
    endloop
  endfacet
  facet normal 0.412712 -0.910861 0
    outer loop
      vertex 14.1532 -28.6999 3
      vertex 12.2459 -29.5641 0
      vertex 14.1532 -28.6999 0
    endloop
  endfacet
  facet normal 0.412712 -0.910861 0
    outer loop
      vertex 12.2459 -29.5641 36.2
      vertex 14.1532 -28.6999 39.2
      vertex 12.2459 -29.5641 39.2
    endloop
  endfacet
  facet normal 0.412712 -0.910861 0
    outer loop
      vertex 14.1532 -28.6999 39.2
      vertex 12.2459 -29.5641 36.2
      vertex 14.1532 -28.6999 36.2
    endloop
  endfacet
  facet normal 0.528043 -0.849217 0
    outer loop
      vertex 16 -27.7128 3
      vertex 16 -27.7128 0
      vertex 17 -27.091 3
    endloop
  endfacet
  facet normal 0.528043 -0.849217 0
    outer loop
      vertex 17 -27.091 36.2
      vertex 16 -27.7128 39.2
      vertex 16 -27.7128 36.2
    endloop
  endfacet
  facet normal 0.528083 -0.849193 1.83446e-05
    outer loop
      vertex 16 -27.7128 39.2
      vertex 17 -27.091 36.2
      vertex 17.7782 -26.607 39.2
    endloop
  endfacet
  facet normal 0.528134 -0.849161 0
    outer loop
      vertex 17 -27.091 3
      vertex 17.7782 -26.607 39.2
      vertex 17 -27.091 36.2
    endloop
  endfacet
  facet normal 0.528134 -0.849161 0
    outer loop
      vertex 17 -27.091 3
      vertex 17.7782 -26.607 0
      vertex 17.7782 -26.607 39.2
    endloop
  endfacet
  facet normal 0.528083 -0.849193 -1.83446e-05
    outer loop
      vertex 17.7782 -26.607 0
      vertex 17 -27.091 3
      vertex 16 -27.7128 0
    endloop
  endfacet
  facet normal 0.910861 -0.412712 0
    outer loop
      vertex 28.6999 -14.1532 39.2
      vertex 29.5641 -12.2459 0
      vertex 29.5641 -12.2459 39.2
    endloop
  endfacet
  facet normal 0.910861 -0.412712 0
    outer loop
      vertex 29.5641 -12.2459 0
      vertex 28.6999 -14.1532 39.2
      vertex 28.6999 -14.1532 0
    endloop
  endfacet
  facet normal 0.995182 -0.0980407 0
    outer loop
      vertex 31.7262 -4.17684 39.2
      vertex 31.9315 -2.0929 0
      vertex 31.9315 -2.0929 39.2
    endloop
  endfacet
  facet normal 0.995182 -0.0980407 0
    outer loop
      vertex 31.9315 -2.0929 0
      vertex 31.7262 -4.17684 39.2
      vertex 31.7262 -4.17684 0
    endloop
  endfacet
  facet normal -0.471384 -0.881928 0
    outer loop
      vertex -16 -27.7128 0
      vertex -14.1532 -28.6999 3
      vertex -16 -27.7128 3
    endloop
  endfacet
  facet normal -0.471384 -0.881928 -0
    outer loop
      vertex -14.1532 -28.6999 3
      vertex -16 -27.7128 0
      vertex -14.1532 -28.6999 0
    endloop
  endfacet
  facet normal -0.471384 -0.881928 0
    outer loop
      vertex -16 -27.7128 36.2
      vertex -14.1532 -28.6999 39.2
      vertex -16 -27.7128 39.2
    endloop
  endfacet
  facet normal -0.471384 -0.881928 -0
    outer loop
      vertex -14.1532 -28.6999 39.2
      vertex -16 -27.7128 36.2
      vertex -14.1532 -28.6999 36.2
    endloop
  endfacet
  facet normal -0.227075 -0.973877 0
    outer loop
      vertex -8.28221 -30.9096 0
      vertex -6.24289 -31.3851 3
      vertex -8.28221 -30.9096 3
    endloop
  endfacet
  facet normal -0.227075 -0.973877 -0
    outer loop
      vertex -6.24289 -31.3851 3
      vertex -8.28221 -30.9096 0
      vertex -6.24289 -31.3851 0
    endloop
  endfacet
  facet normal -0.227075 -0.973877 0
    outer loop
      vertex -8.28221 -30.9096 36.2
      vertex -6.24289 -31.3851 39.2
      vertex -8.28221 -30.9096 39.2
    endloop
  endfacet
  facet normal -0.227075 -0.973877 -0
    outer loop
      vertex -6.24289 -31.3851 39.2
      vertex -8.28221 -30.9096 36.2
      vertex -6.24289 -31.3851 36.2
    endloop
  endfacet
  facet normal -0.290253 -0.95695 0
    outer loop
      vertex -10.2861 -30.3018 0
      vertex -8.28221 -30.9096 3
      vertex -10.2861 -30.3018 3
    endloop
  endfacet
  facet normal -0.290253 -0.95695 -0
    outer loop
      vertex -8.28221 -30.9096 3
      vertex -10.2861 -30.3018 0
      vertex -8.28221 -30.9096 0
    endloop
  endfacet
  facet normal -0.290253 -0.95695 0
    outer loop
      vertex -10.2861 -30.3018 36.2
      vertex -8.28221 -30.9096 39.2
      vertex -10.2861 -30.3018 39.2
    endloop
  endfacet
  facet normal -0.290253 -0.95695 -0
    outer loop
      vertex -8.28221 -30.9096 39.2
      vertex -10.2861 -30.3018 36.2
      vertex -8.28221 -30.9096 36.2
    endloop
  endfacet
  facet normal -0.0980407 -0.995182 0
    outer loop
      vertex -4.17684 -31.7262 0
      vertex -2.0929 -31.9315 3
      vertex -4.17684 -31.7262 3
    endloop
  endfacet
  facet normal -0.0980407 -0.995182 -0
    outer loop
      vertex -2.0929 -31.9315 3
      vertex -4.17684 -31.7262 0
      vertex -2.0929 -31.9315 0
    endloop
  endfacet
  facet normal -0.0980407 -0.995182 0
    outer loop
      vertex -4.17684 -31.7262 36.2
      vertex -2.0929 -31.9315 39.2
      vertex -4.17684 -31.7262 39.2
    endloop
  endfacet
  facet normal -0.0980407 -0.995182 -0
    outer loop
      vertex -2.0929 -31.9315 39.2
      vertex -4.17684 -31.7262 36.2
      vertex -2.0929 -31.9315 36.2
    endloop
  endfacet
  facet normal -0.910861 -0.412712 0
    outer loop
      vertex -28.6999 -14.1532 0
      vertex -29.5641 -12.2459 39.2
      vertex -29.5641 -12.2459 0
    endloop
  endfacet
  facet normal -0.910861 -0.412712 0
    outer loop
      vertex -29.5641 -12.2459 39.2
      vertex -28.6999 -14.1532 0
      vertex -28.6999 -14.1532 39.2
    endloop
  endfacet
  facet normal -0.881928 -0.471384 0
    outer loop
      vertex -27.7128 -16 0
      vertex -28.6999 -14.1532 39.2
      vertex -28.6999 -14.1532 0
    endloop
  endfacet
  facet normal -0.881928 -0.471384 0
    outer loop
      vertex -28.6999 -14.1532 39.2
      vertex -27.7128 -16 0
      vertex -27.7128 -16 39.2
    endloop
  endfacet
  facet normal -0.812876 -0.582437 0
    outer loop
      vertex -25.5462 -19.2587 0
      vertex -26.607 -17.7782 39.2
      vertex -26.607 -17.7782 0
    endloop
  endfacet
  facet normal -0.812876 -0.582437 0
    outer loop
      vertex -26.607 -17.7782 39.2
      vertex -25.5462 -19.2587 0
      vertex -25.5462 -19.2587 39.2
    endloop
  endfacet
  facet normal -0.986644 -0.162893 0
    outer loop
      vertex -31.3851 -6.24289 0
      vertex -31.7262 -4.17684 39.2
      vertex -31.7262 -4.17684 0
    endloop
  endfacet
  facet normal -0.986644 -0.162893 0
    outer loop
      vertex -31.7262 -4.17684 39.2
      vertex -31.3851 -6.24289 0
      vertex -31.3851 -6.24289 39.2
    endloop
  endfacet
  facet normal -0.999465 -0.0327122 0
    outer loop
      vertex -31.9315 -2.0929 0
      vertex -32 0 39.2
      vertex -32 0 0
    endloop
  endfacet
  facet normal -0.999465 -0.0327122 0
    outer loop
      vertex -32 0 39.2
      vertex -31.9315 -2.0929 0
      vertex -31.9315 -2.0929 39.2
    endloop
  endfacet
  facet normal -0.812876 0.582437 0
    outer loop
      vertex -26.607 17.7782 0
      vertex -25.5462 19.2587 39.2
      vertex -25.5462 19.2587 0
    endloop
  endfacet
  facet normal -0.812876 0.582437 0
    outer loop
      vertex -25.5462 19.2587 39.2
      vertex -26.607 17.7782 0
      vertex -26.607 17.7782 39.2
    endloop
  endfacet
  facet normal 0.0980407 -0.995182 0
    outer loop
      vertex 2.0929 -31.9315 0
      vertex 4.17684 -31.7262 3
      vertex 2.0929 -31.9315 3
    endloop
  endfacet
  facet normal 0.0980407 -0.995182 0
    outer loop
      vertex 4.17684 -31.7262 3
      vertex 2.0929 -31.9315 0
      vertex 4.17684 -31.7262 0
    endloop
  endfacet
  facet normal 0.0980407 -0.995182 0
    outer loop
      vertex 2.0929 -31.9315 36.2
      vertex 4.17684 -31.7262 39.2
      vertex 2.0929 -31.9315 39.2
    endloop
  endfacet
  facet normal 0.0980407 -0.995182 0
    outer loop
      vertex 4.17684 -31.7262 39.2
      vertex 2.0929 -31.9315 36.2
      vertex 4.17684 -31.7262 36.2
    endloop
  endfacet
  facet normal 0.471384 -0.881928 0
    outer loop
      vertex 14.1532 -28.6999 36.2
      vertex 16 -27.7128 39.2
      vertex 14.1532 -28.6999 39.2
    endloop
  endfacet
  facet normal 0.471384 -0.881928 0
    outer loop
      vertex 16 -27.7128 39.2
      vertex 14.1532 -28.6999 36.2
      vertex 16 -27.7128 36.2
    endloop
  endfacet
  facet normal 0.471384 -0.881928 0
    outer loop
      vertex 14.1532 -28.6999 0
      vertex 16 -27.7128 3
      vertex 14.1532 -28.6999 3
    endloop
  endfacet
  facet normal 0.471384 -0.881928 0
    outer loop
      vertex 16 -27.7128 3
      vertex 14.1532 -28.6999 0
      vertex 16 -27.7128 0
    endloop
  endfacet
  facet normal 0.849193 -0.528083 0
    outer loop
      vertex 26.607 -17.7782 39.2
      vertex 27.7128 -16 0
      vertex 27.7128 -16 39.2
    endloop
  endfacet
  facet normal 0.849193 -0.528083 0
    outer loop
      vertex 27.7128 -16 0
      vertex 26.607 -17.7782 39.2
      vertex 26.607 -17.7782 0
    endloop
  endfacet
  facet normal 0.973877 -0.227075 0
    outer loop
      vertex 30.9096 -8.28221 39.2
      vertex 31.3851 -6.24289 0
      vertex 31.3851 -6.24289 39.2
    endloop
  endfacet
  facet normal 0.973877 -0.227075 0
    outer loop
      vertex 31.3851 -6.24289 0
      vertex 30.9096 -8.28221 39.2
      vertex 30.9096 -8.28221 0
    endloop
  endfacet
  facet normal 0.999465 -0.0327122 0
    outer loop
      vertex 31.9315 -2.0929 39.2
      vertex 32 0 0
      vertex 32 0 39.2
    endloop
  endfacet
  facet normal 0.999465 -0.0327122 0
    outer loop
      vertex 32 0 0
      vertex 31.9315 -2.0929 39.2
      vertex 31.9315 -2.0929 0
    endloop
  endfacet
  facet normal -0.582437 -0.812876 0
    outer loop
      vertex -19.2587 -25.5462 0
      vertex -17.7782 -26.607 39.2
      vertex -19.2587 -25.5462 39.2
    endloop
  endfacet
  facet normal -0.582437 -0.812876 -0
    outer loop
      vertex -17.7782 -26.607 39.2
      vertex -19.2587 -25.5462 0
      vertex -17.7782 -26.607 0
    endloop
  endfacet
  facet normal -0.0327122 -0.999465 0
    outer loop
      vertex -2.0929 -31.9315 0
      vertex 0 -32 3
      vertex -2.0929 -31.9315 3
    endloop
  endfacet
  facet normal -0.0327122 -0.999465 -0
    outer loop
      vertex 0 -32 3
      vertex -2.0929 -31.9315 0
      vertex 0 -32 0
    endloop
  endfacet
  facet normal -0.0327122 -0.999465 0
    outer loop
      vertex -2.0929 -31.9315 36.2
      vertex 0 -32 39.2
      vertex -2.0929 -31.9315 39.2
    endloop
  endfacet
  facet normal -0.0327122 -0.999465 -0
    outer loop
      vertex 0 -32 39.2
      vertex -2.0929 -31.9315 36.2
      vertex 0 -32 36.2
    endloop
  endfacet
  facet normal -0.935893 -0.352285 0
    outer loop
      vertex -29.5641 -12.2459 0
      vertex -30.3018 -10.2861 39.2
      vertex -30.3018 -10.2861 0
    endloop
  endfacet
  facet normal -0.935893 -0.352285 0
    outer loop
      vertex -30.3018 -10.2861 39.2
      vertex -29.5641 -12.2459 0
      vertex -29.5641 -12.2459 39.2
    endloop
  endfacet
  facet normal -0.995182 -0.0980407 0
    outer loop
      vertex -31.7262 -4.17684 0
      vertex -31.9315 -2.0929 39.2
      vertex -31.9315 -2.0929 0
    endloop
  endfacet
  facet normal -0.995182 -0.0980407 0
    outer loop
      vertex -31.9315 -2.0929 39.2
      vertex -31.7262 -4.17684 0
      vertex -31.7262 -4.17684 39.2
    endloop
  endfacet
  facet normal -0.93584 0.352426 0
    outer loop
      vertex 23.5833 21.2315 0
      vertex 23.6248 21.3417 39.2
      vertex 23.6248 21.3417 0
    endloop
  endfacet
  facet normal -0.93584 0.352426 0
    outer loop
      vertex 23.6248 21.3417 39.2
      vertex 23.5833 21.2315 0
      vertex 23.5833 21.2315 39.2
    endloop
  endfacet
  facet normal -0.528166 -0.849141 0
    outer loop
      vertex 22.8203 23.4792 0
      vertex 22.9203 23.417 39.2
      vertex 22.8203 23.4792 39.2
    endloop
  endfacet
  facet normal -0.528166 -0.849141 -0
    outer loop
      vertex 22.9203 23.417 39.2
      vertex 22.8203 23.4792 0
      vertex 22.9203 23.417 0
    endloop
  endfacet
  facet normal -0.290384 -0.95691 0
    outer loop
      vertex 22.3862 23.659 0
      vertex 22.4989 23.6248 39.2
      vertex 22.3862 23.659 39.2
    endloop
  endfacet
  facet normal -0.290384 -0.95691 -0
    outer loop
      vertex 22.4989 23.6248 39.2
      vertex 22.3862 23.659 0
      vertex 22.4989 23.6248 0
    endloop
  endfacet
  facet normal 0.772935 0.634486 0
    outer loop
      vertex 20.567 20.7335 39.2
      vertex 20.4923 20.8245 0
      vertex 20.4923 20.8245 39.2
    endloop
  endfacet
  facet normal 0.772935 0.634486 0
    outer loop
      vertex 20.4923 20.8245 0
      vertex 20.567 20.7335 39.2
      vertex 20.567 20.7335 0
    endloop
  endfacet
  facet normal 0.93584 0.352426 0
    outer loop
      vertex 20.2573 21.2315 39.2
      vertex 20.2158 21.3417 0
      vertex 20.2158 21.3417 39.2
    endloop
  endfacet
  facet normal 0.93584 0.352426 0
    outer loop
      vertex 20.2158 21.3417 0
      vertex 20.2573 21.2315 39.2
      vertex 20.2573 21.2315 0
    endloop
  endfacet
  facet normal 0.881694 -0.471821 0
    outer loop
      vertex 20.3059 22.7164 39.2
      vertex 20.3615 22.8203 0
      vertex 20.3615 22.8203 39.2
    endloop
  endfacet
  facet normal 0.881694 -0.471821 0
    outer loop
      vertex 20.3615 22.8203 0
      vertex 20.3059 22.7164 39.2
      vertex 20.3059 22.7164 0
    endloop
  endfacet
  facet normal 0.986622 -0.163022 0
    outer loop
      vertex 20.1357 22.1553 39.2
      vertex 20.1549 22.2715 0
      vertex 20.1549 22.2715 39.2
    endloop
  endfacet
  facet normal 0.986622 -0.163022 0
    outer loop
      vertex 20.1549 22.2715 0
      vertex 20.1357 22.1553 39.2
      vertex 20.1357 22.1553 0
    endloop
  endfacet
  facet normal -0.882047 -0.471161 0
    outer loop
      vertex 23.5347 22.7164 0
      vertex 23.4792 22.8203 39.2
      vertex 23.4792 22.8203 0
    endloop
  endfacet
  facet normal -0.882047 -0.471161 0
    outer loop
      vertex 23.4792 22.8203 39.2
      vertex 23.5347 22.7164 0
      vertex 23.5347 22.7164 39.2
    endloop
  endfacet
  facet normal -0.910918 -0.412587 0
    outer loop
      vertex 23.5833 22.6091 0
      vertex 23.5347 22.7164 39.2
      vertex 23.5347 22.7164 0
    endloop
  endfacet
  facet normal -0.910918 -0.412587 0
    outer loop
      vertex 23.5347 22.7164 39.2
      vertex 23.5833 22.6091 0
      vertex 23.5833 22.6091 39.2
    endloop
  endfacet
  facet normal -0.95691 0.290384 0
    outer loop
      vertex 23.6248 21.3417 0
      vertex 23.659 21.4544 39.2
      vertex 23.659 21.4544 0
    endloop
  endfacet
  facet normal -0.95691 0.290384 0
    outer loop
      vertex 23.659 21.4544 39.2
      vertex 23.6248 21.3417 0
      vertex 23.6248 21.3417 39.2
    endloop
  endfacet
  facet normal -0.634486 -0.772935 0
    outer loop
      vertex 23.0161 23.3483 0
      vertex 23.1071 23.2736 39.2
      vertex 23.0161 23.3483 39.2
    endloop
  endfacet
  facet normal -0.634486 -0.772935 -0
    outer loop
      vertex 23.1071 23.2736 39.2
      vertex 23.0161 23.3483 0
      vertex 23.1071 23.2736 0
    endloop
  endfacet
  facet normal -0.22672 -0.97396 0
    outer loop
      vertex 22.2715 23.6857 0
      vertex 22.3862 23.659 39.2
      vertex 22.2715 23.6857 39.2
    endloop
  endfacet
  facet normal -0.22672 -0.97396 -0
    outer loop
      vertex 22.3862 23.659 39.2
      vertex 22.2715 23.6857 0
      vertex 22.3862 23.659 0
    endloop
  endfacet
  facet normal -0.163022 -0.986622 0
    outer loop
      vertex 22.1553 23.7049 0
      vertex 22.2715 23.6857 39.2
      vertex 22.1553 23.7049 39.2
    endloop
  endfacet
  facet normal -0.163022 -0.986622 -0
    outer loop
      vertex 22.2715 23.6857 39.2
      vertex 22.1553 23.7049 0
      vertex 22.2715 23.6857 0
    endloop
  endfacet
  facet normal 0.683376 -0.730066 0
    outer loop
      vertex 20.6475 23.1931 0
      vertex 20.7335 23.2736 39.2
      vertex 20.6475 23.1931 39.2
    endloop
  endfacet
  facet normal 0.683376 -0.730066 0
    outer loop
      vertex 20.7335 23.2736 39.2
      vertex 20.6475 23.1931 0
      vertex 20.7335 23.2736 0
    endloop
  endfacet
  facet normal 0.528166 -0.849141 0
    outer loop
      vertex 20.9203 23.417 0
      vertex 21.0203 23.4792 39.2
      vertex 20.9203 23.417 39.2
    endloop
  endfacet
  facet normal 0.528166 -0.849141 0
    outer loop
      vertex 21.0203 23.4792 39.2
      vertex 20.9203 23.417 0
      vertex 21.0203 23.4792 0
    endloop
  endfacet
  facet normal 0.634486 -0.772935 0
    outer loop
      vertex 20.7335 23.2736 0
      vertex 20.8245 23.3483 39.2
      vertex 20.7335 23.2736 39.2
    endloop
  endfacet
  facet normal 0.634486 -0.772935 0
    outer loop
      vertex 20.8245 23.3483 39.2
      vertex 20.7335 23.2736 0
      vertex 20.8245 23.3483 0
    endloop
  endfacet
  facet normal 0.0984948 -0.995138 0
    outer loop
      vertex 21.6854 23.7049 0
      vertex 21.8026 23.7165 39.2
      vertex 21.6854 23.7049 39.2
    endloop
  endfacet
  facet normal 0.0984948 -0.995138 0
    outer loop
      vertex 21.8026 23.7165 39.2
      vertex 21.6854 23.7049 0
      vertex 21.8026 23.7165 0
    endloop
  endfacet
  facet normal 0.162885 -0.986645 0
    outer loop
      vertex 21.5691 23.6857 0
      vertex 21.6854 23.7049 39.2
      vertex 21.5691 23.6857 39.2
    endloop
  endfacet
  facet normal 0.162885 -0.986645 0
    outer loop
      vertex 21.6854 23.7049 39.2
      vertex 21.5691 23.6857 0
      vertex 21.6854 23.7049 0
    endloop
  endfacet
  facet normal 0.849141 0.528166 0
    outer loop
      vertex 20.4237 20.9203 39.2
      vertex 20.3615 21.0203 0
      vertex 20.3615 21.0203 39.2
    endloop
  endfacet
  facet normal 0.849141 0.528166 0
    outer loop
      vertex 20.3615 21.0203 0
      vertex 20.4237 20.9203 39.2
      vertex 20.4237 20.9203 0
    endloop
  endfacet
  facet normal 0.813045 0.582201 0
    outer loop
      vertex 20.4923 20.8245 39.2
      vertex 20.4237 20.9203 0
      vertex 20.4237 20.9203 39.2
    endloop
  endfacet
  facet normal 0.813045 0.582201 0
    outer loop
      vertex 20.4237 20.9203 0
      vertex 20.4923 20.8245 39.2
      vertex 20.4923 20.8245 0
    endloop
  endfacet
  facet normal 0.999451 0.0331169 0
    outer loop
      vertex 20.1242 21.8026 39.2
      vertex 20.1203 21.9203 0
      vertex 20.1203 21.9203 39.2
    endloop
  endfacet
  facet normal 0.999451 0.0331169 0
    outer loop
      vertex 20.1203 21.9203 0
      vertex 20.1242 21.8026 39.2
      vertex 20.1242 21.8026 0
    endloop
  endfacet
  facet normal 0.772935 -0.634486 0
    outer loop
      vertex 20.4923 23.0161 39.2
      vertex 20.567 23.1071 0
      vertex 20.567 23.1071 39.2
    endloop
  endfacet
  facet normal 0.772935 -0.634486 0
    outer loop
      vertex 20.567 23.1071 0
      vertex 20.4923 23.0161 39.2
      vertex 20.4923 23.0161 0
    endloop
  endfacet
  facet normal 0.813045 -0.582201 0
    outer loop
      vertex 20.4237 22.9203 39.2
      vertex 20.4923 23.0161 0
      vertex 20.4923 23.0161 39.2
    endloop
  endfacet
  facet normal 0.813045 -0.582201 0
    outer loop
      vertex 20.4923 23.0161 0
      vertex 20.4237 22.9203 39.2
      vertex 20.4237 22.9203 0
    endloop
  endfacet
  facet normal 0.93584 -0.352426 0
    outer loop
      vertex 20.2158 22.4989 39.2
      vertex 20.2573 22.6091 0
      vertex 20.2573 22.6091 39.2
    endloop
  endfacet
  facet normal 0.93584 -0.352426 0
    outer loop
      vertex 20.2573 22.6091 0
      vertex 20.2158 22.4989 39.2
      vertex 20.2158 22.4989 0
    endloop
  endfacet
  facet normal 0.528166 0.849141 -0
    outer loop
      vertex 21.0203 20.3615 0
      vertex 20.9203 20.4237 39.2
      vertex 21.0203 20.3615 39.2
    endloop
  endfacet
  facet normal 0.528166 0.849141 0
    outer loop
      vertex 20.9203 20.4237 39.2
      vertex 21.0203 20.3615 0
      vertex 20.9203 20.4237 0
    endloop
  endfacet
  facet normal -0.412587 -0.910918 0
    outer loop
      vertex 22.6091 23.5833 0
      vertex 22.7164 23.5347 39.2
      vertex 22.6091 23.5833 39.2
    endloop
  endfacet
  facet normal -0.412587 -0.910918 -0
    outer loop
      vertex 22.7164 23.5347 39.2
      vertex 22.6091 23.5833 0
      vertex 22.7164 23.5347 0
    endloop
  endfacet
  facet normal -0.471161 -0.882047 0
    outer loop
      vertex 22.7164 23.5347 0
      vertex 22.8203 23.4792 39.2
      vertex 22.7164 23.5347 39.2
    endloop
  endfacet
  facet normal -0.471161 -0.882047 -0
    outer loop
      vertex 22.8203 23.4792 39.2
      vertex 22.7164 23.5347 0
      vertex 22.8203 23.4792 0
    endloop
  endfacet
  facet normal -0.0322687 -0.999479 0
    outer loop
      vertex 21.9203 23.7203 0
      vertex 22.038 23.7165 39.2
      vertex 21.9203 23.7203 39.2
    endloop
  endfacet
  facet normal -0.0322687 -0.999479 -0
    outer loop
      vertex 22.038 23.7165 39.2
      vertex 21.9203 23.7203 0
      vertex 22.038 23.7165 0
    endloop
  endfacet
  facet normal 0.471161 -0.882047 0
    outer loop
      vertex 21.0203 23.4792 0
      vertex 21.1242 23.5347 39.2
      vertex 21.0203 23.4792 39.2
    endloop
  endfacet
  facet normal 0.471161 -0.882047 0
    outer loop
      vertex 21.1242 23.5347 39.2
      vertex 21.0203 23.4792 0
      vertex 21.1242 23.5347 0
    endloop
  endfacet
  facet normal 0.582762 -0.812643 0
    outer loop
      vertex 20.8245 23.3483 0
      vertex 20.9203 23.417 39.2
      vertex 20.8245 23.3483 39.2
    endloop
  endfacet
  facet normal 0.582762 -0.812643 0
    outer loop
      vertex 20.9203 23.417 39.2
      vertex 20.8245 23.3483 0
      vertex 20.9203 23.417 0
    endloop
  endfacet
  facet normal 0.352426 -0.93584 0
    outer loop
      vertex 21.2315 23.5833 0
      vertex 21.3417 23.6248 39.2
      vertex 21.2315 23.5833 39.2
    endloop
  endfacet
  facet normal 0.352426 -0.93584 0
    outer loop
      vertex 21.3417 23.6248 39.2
      vertex 21.2315 23.5833 0
      vertex 21.3417 23.6248 0
    endloop
  endfacet
  facet normal 0.22672 -0.97396 0
    outer loop
      vertex 21.4544 23.659 0
      vertex 21.5691 23.6857 39.2
      vertex 21.4544 23.659 39.2
    endloop
  endfacet
  facet normal 0.22672 -0.97396 0
    outer loop
      vertex 21.5691 23.6857 39.2
      vertex 21.4544 23.659 0
      vertex 21.5691 23.6857 0
    endloop
  endfacet
  facet normal 0.0322687 -0.999479 0
    outer loop
      vertex 21.8026 23.7165 0
      vertex 21.9203 23.7203 39.2
      vertex 21.8026 23.7165 39.2
    endloop
  endfacet
  facet normal 0.0322687 -0.999479 0
    outer loop
      vertex 21.9203 23.7203 39.2
      vertex 21.8026 23.7165 0
      vertex 21.9203 23.7203 0
    endloop
  endfacet
  facet normal 0.730066 0.683376 0
    outer loop
      vertex 20.6475 20.6475 39.2
      vertex 20.567 20.7335 0
      vertex 20.567 20.7335 39.2
    endloop
  endfacet
  facet normal 0.730066 0.683376 0
    outer loop
      vertex 20.567 20.7335 0
      vertex 20.6475 20.6475 39.2
      vertex 20.6475 20.6475 0
    endloop
  endfacet
  facet normal 0.910918 0.412587 0
    outer loop
      vertex 20.3059 21.1242 39.2
      vertex 20.2573 21.2315 0
      vertex 20.2573 21.2315 39.2
    endloop
  endfacet
  facet normal 0.910918 0.412587 0
    outer loop
      vertex 20.2573 21.2315 0
      vertex 20.3059 21.1242 39.2
      vertex 20.3059 21.1242 0
    endloop
  endfacet
  facet normal 0.881694 0.471821 0
    outer loop
      vertex 20.3615 21.0203 39.2
      vertex 20.3059 21.1242 0
      vertex 20.3059 21.1242 39.2
    endloop
  endfacet
  facet normal 0.881694 0.471821 0
    outer loop
      vertex 20.3059 21.1242 0
      vertex 20.3615 21.0203 39.2
      vertex 20.3615 21.0203 0
    endloop
  endfacet
  facet normal 0.97396 0.22672 0
    outer loop
      vertex 20.1816 21.4544 39.2
      vertex 20.1549 21.5691 0
      vertex 20.1549 21.5691 39.2
    endloop
  endfacet
  facet normal 0.97396 0.22672 0
    outer loop
      vertex 20.1549 21.5691 0
      vertex 20.1816 21.4544 39.2
      vertex 20.1816 21.4544 0
    endloop
  endfacet
  facet normal 0.99522 0.0976539 0
    outer loop
      vertex 20.1357 21.6854 39.2
      vertex 20.1242 21.8026 0
      vertex 20.1242 21.8026 39.2
    endloop
  endfacet
  facet normal 0.99522 0.0976539 0
    outer loop
      vertex 20.1242 21.8026 0
      vertex 20.1357 21.6854 39.2
      vertex 20.1357 21.6854 0
    endloop
  endfacet
  facet normal 0.986645 0.162885 0
    outer loop
      vertex 20.1549 21.5691 39.2
      vertex 20.1357 21.6854 0
      vertex 20.1357 21.6854 39.2
    endloop
  endfacet
  facet normal 0.986645 0.162885 0
    outer loop
      vertex 20.1357 21.6854 0
      vertex 20.1549 21.5691 39.2
      vertex 20.1549 21.5691 0
    endloop
  endfacet
  facet normal 0.910918 -0.412587 0
    outer loop
      vertex 20.2573 22.6091 39.2
      vertex 20.3059 22.7164 0
      vertex 20.3059 22.7164 39.2
    endloop
  endfacet
  facet normal 0.910918 -0.412587 0
    outer loop
      vertex 20.3059 22.7164 0
      vertex 20.2573 22.6091 39.2
      vertex 20.2573 22.6091 0
    endloop
  endfacet
  facet normal 0.849141 -0.528166 0
    outer loop
      vertex 20.3615 22.8203 39.2
      vertex 20.4237 22.9203 0
      vertex 20.4237 22.9203 39.2
    endloop
  endfacet
  facet normal 0.849141 -0.528166 0
    outer loop
      vertex 20.4237 22.9203 0
      vertex 20.3615 22.8203 39.2
      vertex 20.3615 22.8203 0
    endloop
  endfacet
  facet normal 0.730066 -0.683376 0
    outer loop
      vertex 20.567 23.1071 39.2
      vertex 20.6475 23.1931 0
      vertex 20.6475 23.1931 39.2
    endloop
  endfacet
  facet normal 0.730066 -0.683376 0
    outer loop
      vertex 20.6475 23.1931 0
      vertex 20.567 23.1071 39.2
      vertex 20.567 23.1071 0
    endloop
  endfacet
  facet normal 0.95691 -0.290384 0
    outer loop
      vertex 20.1816 22.3862 39.2
      vertex 20.2158 22.4989 0
      vertex 20.2158 22.4989 39.2
    endloop
  endfacet
  facet normal 0.95691 -0.290384 0
    outer loop
      vertex 20.2158 22.4989 0
      vertex 20.1816 22.3862 39.2
      vertex 20.1816 22.3862 0
    endloop
  endfacet
  facet normal 0.97396 -0.22672 0
    outer loop
      vertex 20.1549 22.2715 39.2
      vertex 20.1816 22.3862 0
      vertex 20.1816 22.3862 39.2
    endloop
  endfacet
  facet normal 0.97396 -0.22672 0
    outer loop
      vertex 20.1816 22.3862 0
      vertex 20.1549 22.2715 39.2
      vertex 20.1549 22.2715 0
    endloop
  endfacet
  facet normal 0.999451 -0.0331169 0
    outer loop
      vertex 20.1203 21.9203 39.2
      vertex 20.1242 22.038 0
      vertex 20.1242 22.038 39.2
    endloop
  endfacet
  facet normal 0.999451 -0.0331169 0
    outer loop
      vertex 20.1242 22.038 0
      vertex 20.1203 21.9203 39.2
      vertex 20.1203 21.9203 0
    endloop
  endfacet
  facet normal 0.995229 -0.0975714 0
    outer loop
      vertex 20.1242 22.038 39.2
      vertex 20.1357 22.1553 0
      vertex 20.1357 22.1553 39.2
    endloop
  endfacet
  facet normal 0.995229 -0.0975714 0
    outer loop
      vertex 20.1357 22.1553 0
      vertex 20.1242 22.038 39.2
      vertex 20.1242 22.038 0
    endloop
  endfacet
  facet normal -0.683376 -0.730066 0
    outer loop
      vertex 23.1071 23.2736 0
      vertex 23.1931 23.1931 39.2
      vertex 23.1071 23.2736 39.2
    endloop
  endfacet
  facet normal -0.683376 -0.730066 -0
    outer loop
      vertex 23.1931 23.1931 39.2
      vertex 23.1071 23.2736 0
      vertex 23.1931 23.1931 0
    endloop
  endfacet
  facet normal -0.730066 -0.683376 0
    outer loop
      vertex 23.2736 23.1071 0
      vertex 23.1931 23.1931 39.2
      vertex 23.1931 23.1931 0
    endloop
  endfacet
  facet normal -0.730066 -0.683376 0
    outer loop
      vertex 23.1931 23.1931 39.2
      vertex 23.2736 23.1071 0
      vertex 23.2736 23.1071 39.2
    endloop
  endfacet
  facet normal -0.772935 -0.634486 0
    outer loop
      vertex 23.3483 23.0161 0
      vertex 23.2736 23.1071 39.2
      vertex 23.2736 23.1071 0
    endloop
  endfacet
  facet normal -0.772935 -0.634486 0
    outer loop
      vertex 23.2736 23.1071 39.2
      vertex 23.3483 23.0161 0
      vertex 23.3483 23.0161 39.2
    endloop
  endfacet
  facet normal -0.849141 -0.528166 0
    outer loop
      vertex 23.4792 22.8203 0
      vertex 23.417 22.9203 39.2
      vertex 23.417 22.9203 0
    endloop
  endfacet
  facet normal -0.849141 -0.528166 0
    outer loop
      vertex 23.417 22.9203 39.2
      vertex 23.4792 22.8203 0
      vertex 23.4792 22.8203 39.2
    endloop
  endfacet
  facet normal -0.772935 0.634486 0
    outer loop
      vertex 23.2736 20.7335 0
      vertex 23.3483 20.8245 39.2
      vertex 23.3483 20.8245 0
    endloop
  endfacet
  facet normal -0.772935 0.634486 0
    outer loop
      vertex 23.3483 20.8245 39.2
      vertex 23.2736 20.7335 0
      vertex 23.2736 20.7335 39.2
    endloop
  endfacet
  facet normal -0.582762 -0.812643 0
    outer loop
      vertex 22.9203 23.417 0
      vertex 23.0161 23.3483 39.2
      vertex 22.9203 23.417 39.2
    endloop
  endfacet
  facet normal -0.582762 -0.812643 -0
    outer loop
      vertex 23.0161 23.3483 39.2
      vertex 22.9203 23.417 0
      vertex 23.0161 23.3483 0
    endloop
  endfacet
  facet normal -0.352426 -0.93584 0
    outer loop
      vertex 22.4989 23.6248 0
      vertex 22.6091 23.5833 39.2
      vertex 22.4989 23.6248 39.2
    endloop
  endfacet
  facet normal -0.352426 -0.93584 -0
    outer loop
      vertex 22.6091 23.5833 39.2
      vertex 22.4989 23.6248 0
      vertex 22.6091 23.5833 0
    endloop
  endfacet
  facet normal -0.0984117 -0.995146 0
    outer loop
      vertex 22.038 23.7165 0
      vertex 22.1553 23.7049 39.2
      vertex 22.038 23.7165 39.2
    endloop
  endfacet
  facet normal -0.0984117 -0.995146 -0
    outer loop
      vertex 22.1553 23.7049 39.2
      vertex 22.038 23.7165 0
      vertex 22.1553 23.7049 0
    endloop
  endfacet
  facet normal 0.412587 -0.910918 0
    outer loop
      vertex 21.1242 23.5347 0
      vertex 21.2315 23.5833 39.2
      vertex 21.1242 23.5347 39.2
    endloop
  endfacet
  facet normal 0.412587 -0.910918 0
    outer loop
      vertex 21.2315 23.5833 39.2
      vertex 21.1242 23.5347 0
      vertex 21.2315 23.5833 0
    endloop
  endfacet
  facet normal 0.290384 -0.95691 0
    outer loop
      vertex 21.3417 23.6248 0
      vertex 21.4544 23.659 39.2
      vertex 21.3417 23.6248 39.2
    endloop
  endfacet
  facet normal 0.290384 -0.95691 0
    outer loop
      vertex 21.4544 23.659 39.2
      vertex 21.3417 23.6248 0
      vertex 21.4544 23.659 0
    endloop
  endfacet
  facet normal 0.95691 0.290384 0
    outer loop
      vertex 20.2158 21.3417 39.2
      vertex 20.1816 21.4544 0
      vertex 20.1816 21.4544 39.2
    endloop
  endfacet
  facet normal 0.95691 0.290384 0
    outer loop
      vertex 20.1816 21.4544 0
      vertex 20.2158 21.3417 39.2
      vertex 20.2158 21.3417 0
    endloop
  endfacet
  facet normal -0.812643 -0.582762 0
    outer loop
      vertex 23.417 22.9203 0
      vertex 23.3483 23.0161 39.2
      vertex 23.3483 23.0161 0
    endloop
  endfacet
  facet normal -0.812643 -0.582762 0
    outer loop
      vertex 23.3483 23.0161 39.2
      vertex 23.417 22.9203 0
      vertex 23.417 22.9203 39.2
    endloop
  endfacet
  facet normal -0.986645 0.162885 0
    outer loop
      vertex 23.6857 21.5691 0
      vertex 23.7049 21.6854 39.2
      vertex 23.7049 21.6854 0
    endloop
  endfacet
  facet normal -0.986645 0.162885 0
    outer loop
      vertex 23.7049 21.6854 39.2
      vertex 23.6857 21.5691 0
      vertex 23.6857 21.5691 39.2
    endloop
  endfacet
  facet normal -0.999479 0.0322687 0
    outer loop
      vertex 23.7165 21.8026 0
      vertex 23.7203 21.9203 39.2
      vertex 23.7203 21.9203 0
    endloop
  endfacet
  facet normal -0.999479 0.0322687 0
    outer loop
      vertex 23.7203 21.9203 39.2
      vertex 23.7165 21.8026 0
      vertex 23.7165 21.8026 39.2
    endloop
  endfacet
  facet normal -0.995146 -0.0984117 0
    outer loop
      vertex 23.7165 22.038 0
      vertex 23.7049 22.1553 39.2
      vertex 23.7049 22.1553 0
    endloop
  endfacet
  facet normal -0.995146 -0.0984117 0
    outer loop
      vertex 23.7049 22.1553 39.2
      vertex 23.7165 22.038 0
      vertex 23.7165 22.038 39.2
    endloop
  endfacet
  facet normal -0.97396 -0.22672 0
    outer loop
      vertex 23.6857 22.2715 0
      vertex 23.659 22.3862 39.2
      vertex 23.659 22.3862 0
    endloop
  endfacet
  facet normal -0.97396 -0.22672 0
    outer loop
      vertex 23.659 22.3862 39.2
      vertex 23.6857 22.2715 0
      vertex 23.6857 22.2715 39.2
    endloop
  endfacet
  facet normal -0.730066 0.683376 0
    outer loop
      vertex 23.1931 20.6475 0
      vertex 23.2736 20.7335 39.2
      vertex 23.2736 20.7335 0
    endloop
  endfacet
  facet normal -0.730066 0.683376 0
    outer loop
      vertex 23.2736 20.7335 39.2
      vertex 23.1931 20.6475 0
      vertex 23.1931 20.6475 39.2
    endloop
  endfacet
  facet normal -0.634486 0.772935 0
    outer loop
      vertex 23.1071 20.567 0
      vertex 23.0161 20.4923 39.2
      vertex 23.1071 20.567 39.2
    endloop
  endfacet
  facet normal -0.634486 0.772935 0
    outer loop
      vertex 23.0161 20.4923 39.2
      vertex 23.1071 20.567 0
      vertex 23.0161 20.4923 0
    endloop
  endfacet
  facet normal 0.683376 0.730066 -0
    outer loop
      vertex 20.7335 20.567 0
      vertex 20.6475 20.6475 39.2
      vertex 20.7335 20.567 39.2
    endloop
  endfacet
  facet normal 0.683376 0.730066 0
    outer loop
      vertex 20.6475 20.6475 39.2
      vertex 20.7335 20.567 0
      vertex 20.6475 20.6475 0
    endloop
  endfacet
  facet normal 0.582201 0.813045 -0
    outer loop
      vertex 20.9203 20.4237 0
      vertex 20.8245 20.4923 39.2
      vertex 20.9203 20.4237 39.2
    endloop
  endfacet
  facet normal 0.582201 0.813045 0
    outer loop
      vertex 20.8245 20.4923 39.2
      vertex 20.9203 20.4237 0
      vertex 20.8245 20.4923 0
    endloop
  endfacet
  facet normal 0.22672 0.97396 -0
    outer loop
      vertex 21.5691 20.1549 0
      vertex 21.4544 20.1816 39.2
      vertex 21.5691 20.1549 39.2
    endloop
  endfacet
  facet normal 0.22672 0.97396 0
    outer loop
      vertex 21.4544 20.1816 39.2
      vertex 21.5691 20.1549 0
      vertex 21.4544 20.1816 0
    endloop
  endfacet
  facet normal 0.352426 0.93584 -0
    outer loop
      vertex 21.3417 20.2158 0
      vertex 21.2315 20.2573 39.2
      vertex 21.3417 20.2158 39.2
    endloop
  endfacet
  facet normal 0.352426 0.93584 0
    outer loop
      vertex 21.2315 20.2573 39.2
      vertex 21.3417 20.2158 0
      vertex 21.2315 20.2573 0
    endloop
  endfacet
  facet normal 0.471821 0.881694 -0
    outer loop
      vertex 21.1242 20.3059 0
      vertex 21.0203 20.3615 39.2
      vertex 21.1242 20.3059 39.2
    endloop
  endfacet
  facet normal 0.471821 0.881694 0
    outer loop
      vertex 21.0203 20.3615 39.2
      vertex 21.1242 20.3059 0
      vertex 21.0203 20.3615 0
    endloop
  endfacet
  facet normal 0.412587 0.910918 -0
    outer loop
      vertex 21.2315 20.2573 0
      vertex 21.1242 20.3059 39.2
      vertex 21.2315 20.2573 39.2
    endloop
  endfacet
  facet normal 0.412587 0.910918 0
    outer loop
      vertex 21.1242 20.3059 39.2
      vertex 21.2315 20.2573 0
      vertex 21.1242 20.3059 0
    endloop
  endfacet
  facet normal -0.812643 0.582762 0
    outer loop
      vertex 23.3483 20.8245 0
      vertex 23.417 20.9203 39.2
      vertex 23.417 20.9203 0
    endloop
  endfacet
  facet normal -0.812643 0.582762 0
    outer loop
      vertex 23.417 20.9203 39.2
      vertex 23.3483 20.8245 0
      vertex 23.3483 20.8245 39.2
    endloop
  endfacet
  facet normal -0.849141 0.528166 0
    outer loop
      vertex 23.417 20.9203 0
      vertex 23.4792 21.0203 39.2
      vertex 23.4792 21.0203 0
    endloop
  endfacet
  facet normal -0.849141 0.528166 0
    outer loop
      vertex 23.4792 21.0203 39.2
      vertex 23.417 20.9203 0
      vertex 23.417 20.9203 39.2
    endloop
  endfacet
  facet normal -0.93584 -0.352426 0
    outer loop
      vertex 23.6248 22.4989 0
      vertex 23.5833 22.6091 39.2
      vertex 23.5833 22.6091 0
    endloop
  endfacet
  facet normal -0.93584 -0.352426 0
    outer loop
      vertex 23.5833 22.6091 39.2
      vertex 23.6248 22.4989 0
      vertex 23.6248 22.4989 39.2
    endloop
  endfacet
  facet normal -0.95691 -0.290384 0
    outer loop
      vertex 23.659 22.3862 0
      vertex 23.6248 22.4989 39.2
      vertex 23.6248 22.4989 0
    endloop
  endfacet
  facet normal -0.95691 -0.290384 0
    outer loop
      vertex 23.6248 22.4989 39.2
      vertex 23.659 22.3862 0
      vertex 23.659 22.3862 39.2
    endloop
  endfacet
  facet normal -0.995138 0.0984948 0
    outer loop
      vertex 23.7049 21.6854 0
      vertex 23.7165 21.8026 39.2
      vertex 23.7165 21.8026 0
    endloop
  endfacet
  facet normal -0.995138 0.0984948 0
    outer loop
      vertex 23.7165 21.8026 39.2
      vertex 23.7049 21.6854 0
      vertex 23.7049 21.6854 39.2
    endloop
  endfacet
  facet normal -0.97396 0.22672 0
    outer loop
      vertex 23.659 21.4544 0
      vertex 23.6857 21.5691 39.2
      vertex 23.6857 21.5691 0
    endloop
  endfacet
  facet normal -0.97396 0.22672 0
    outer loop
      vertex 23.6857 21.5691 39.2
      vertex 23.659 21.4544 0
      vertex 23.659 21.4544 39.2
    endloop
  endfacet
  facet normal -0.999479 -0.0322687 0
    outer loop
      vertex 23.7203 21.9203 0
      vertex 23.7165 22.038 39.2
      vertex 23.7165 22.038 0
    endloop
  endfacet
  facet normal -0.999479 -0.0322687 0
    outer loop
      vertex 23.7165 22.038 39.2
      vertex 23.7203 21.9203 0
      vertex 23.7203 21.9203 39.2
    endloop
  endfacet
  facet normal -0.986622 -0.163022 0
    outer loop
      vertex 23.7049 22.1553 0
      vertex 23.6857 22.2715 39.2
      vertex 23.6857 22.2715 0
    endloop
  endfacet
  facet normal -0.986622 -0.163022 0
    outer loop
      vertex 23.6857 22.2715 39.2
      vertex 23.7049 22.1553 0
      vertex 23.7049 22.1553 39.2
    endloop
  endfacet
  facet normal -0.0975714 0.995229 0
    outer loop
      vertex 22.1553 20.1357 0
      vertex 22.038 20.1242 39.2
      vertex 22.1553 20.1357 39.2
    endloop
  endfacet
  facet normal -0.0975714 0.995229 0
    outer loop
      vertex 22.038 20.1242 39.2
      vertex 22.1553 20.1357 0
      vertex 22.038 20.1242 0
    endloop
  endfacet
  facet normal -0.22672 0.97396 0
    outer loop
      vertex 22.3862 20.1816 0
      vertex 22.2715 20.1549 39.2
      vertex 22.3862 20.1816 39.2
    endloop
  endfacet
  facet normal -0.22672 0.97396 0
    outer loop
      vertex 22.2715 20.1549 39.2
      vertex 22.3862 20.1816 0
      vertex 22.2715 20.1549 0
    endloop
  endfacet
  facet normal -0.163022 0.986622 0
    outer loop
      vertex 22.2715 20.1549 0
      vertex 22.1553 20.1357 39.2
      vertex 22.2715 20.1549 39.2
    endloop
  endfacet
  facet normal -0.163022 0.986622 0
    outer loop
      vertex 22.1553 20.1357 39.2
      vertex 22.2715 20.1549 0
      vertex 22.1553 20.1357 0
    endloop
  endfacet
  facet normal 0.634486 0.772935 -0
    outer loop
      vertex 20.8245 20.4923 0
      vertex 20.7335 20.567 39.2
      vertex 20.8245 20.4923 39.2
    endloop
  endfacet
  facet normal 0.634486 0.772935 0
    outer loop
      vertex 20.7335 20.567 39.2
      vertex 20.8245 20.4923 0
      vertex 20.7335 20.567 0
    endloop
  endfacet
  facet normal -0.0331169 0.999451 0
    outer loop
      vertex 22.038 20.1242 0
      vertex 21.9203 20.1203 39.2
      vertex 22.038 20.1242 39.2
    endloop
  endfacet
  facet normal -0.0331169 0.999451 0
    outer loop
      vertex 21.9203 20.1203 39.2
      vertex 22.038 20.1242 0
      vertex 21.9203 20.1203 0
    endloop
  endfacet
  facet normal 0.0331169 0.999451 -0
    outer loop
      vertex 21.9203 20.1203 0
      vertex 21.8026 20.1242 39.2
      vertex 21.9203 20.1203 39.2
    endloop
  endfacet
  facet normal 0.0331169 0.999451 0
    outer loop
      vertex 21.8026 20.1242 39.2
      vertex 21.9203 20.1203 0
      vertex 21.8026 20.1242 0
    endloop
  endfacet
  facet normal 0.162885 0.986645 -0
    outer loop
      vertex 21.6854 20.1357 0
      vertex 21.5691 20.1549 39.2
      vertex 21.6854 20.1357 39.2
    endloop
  endfacet
  facet normal 0.162885 0.986645 0
    outer loop
      vertex 21.5691 20.1549 39.2
      vertex 21.6854 20.1357 0
      vertex 21.5691 20.1549 0
    endloop
  endfacet
  facet normal 0.0976539 0.99522 -0
    outer loop
      vertex 21.8026 20.1242 0
      vertex 21.6854 20.1357 39.2
      vertex 21.8026 20.1242 39.2
    endloop
  endfacet
  facet normal 0.0976539 0.99522 0
    outer loop
      vertex 21.6854 20.1357 39.2
      vertex 21.8026 20.1242 0
      vertex 21.6854 20.1357 0
    endloop
  endfacet
  facet normal 0.290384 0.95691 -0
    outer loop
      vertex 21.4544 20.1816 0
      vertex 21.3417 20.2158 39.2
      vertex 21.4544 20.1816 39.2
    endloop
  endfacet
  facet normal 0.290384 0.95691 0
    outer loop
      vertex 21.3417 20.2158 39.2
      vertex 21.4544 20.1816 0
      vertex 21.3417 20.2158 0
    endloop
  endfacet
  facet normal -0.910918 0.412587 0
    outer loop
      vertex 23.5347 21.1242 0
      vertex 23.5833 21.2315 39.2
      vertex 23.5833 21.2315 0
    endloop
  endfacet
  facet normal -0.910918 0.412587 0
    outer loop
      vertex 23.5833 21.2315 39.2
      vertex 23.5347 21.1242 0
      vertex 23.5347 21.1242 39.2
    endloop
  endfacet
  facet normal -0.882047 0.471161 0
    outer loop
      vertex 23.4792 21.0203 0
      vertex 23.5347 21.1242 39.2
      vertex 23.5347 21.1242 0
    endloop
  endfacet
  facet normal -0.882047 0.471161 0
    outer loop
      vertex 23.5347 21.1242 39.2
      vertex 23.4792 21.0203 0
      vertex 23.4792 21.0203 39.2
    endloop
  endfacet
  facet normal -0.528166 0.849141 0
    outer loop
      vertex 22.9203 20.4237 0
      vertex 22.8203 20.3615 39.2
      vertex 22.9203 20.4237 39.2
    endloop
  endfacet
  facet normal -0.528166 0.849141 0
    outer loop
      vertex 22.8203 20.3615 39.2
      vertex 22.9203 20.4237 0
      vertex 22.8203 20.3615 0
    endloop
  endfacet
  facet normal -0.471821 0.881694 0
    outer loop
      vertex 22.8203 20.3615 0
      vertex 22.7164 20.3059 39.2
      vertex 22.8203 20.3615 39.2
    endloop
  endfacet
  facet normal -0.471821 0.881694 0
    outer loop
      vertex 22.7164 20.3059 39.2
      vertex 22.8203 20.3615 0
      vertex 22.7164 20.3059 0
    endloop
  endfacet
  facet normal -0.290384 0.95691 0
    outer loop
      vertex 22.4989 20.2158 0
      vertex 22.3862 20.1816 39.2
      vertex 22.4989 20.2158 39.2
    endloop
  endfacet
  facet normal -0.290384 0.95691 0
    outer loop
      vertex 22.3862 20.1816 39.2
      vertex 22.4989 20.2158 0
      vertex 22.3862 20.1816 0
    endloop
  endfacet
  facet normal -0.412587 0.910918 0
    outer loop
      vertex 22.7164 20.3059 0
      vertex 22.6091 20.2573 39.2
      vertex 22.7164 20.3059 39.2
    endloop
  endfacet
  facet normal -0.412587 0.910918 0
    outer loop
      vertex 22.6091 20.2573 39.2
      vertex 22.7164 20.3059 0
      vertex 22.6091 20.2573 0
    endloop
  endfacet
  facet normal -0.683376 0.730066 0
    outer loop
      vertex 23.1931 20.6475 0
      vertex 23.1071 20.567 39.2
      vertex 23.1931 20.6475 39.2
    endloop
  endfacet
  facet normal -0.683376 0.730066 0
    outer loop
      vertex 23.1071 20.567 39.2
      vertex 23.1931 20.6475 0
      vertex 23.1071 20.567 0
    endloop
  endfacet
  facet normal -0.582201 0.813045 0
    outer loop
      vertex 23.0161 20.4923 0
      vertex 22.9203 20.4237 39.2
      vertex 23.0161 20.4923 39.2
    endloop
  endfacet
  facet normal -0.582201 0.813045 0
    outer loop
      vertex 22.9203 20.4237 39.2
      vertex 23.0161 20.4923 0
      vertex 22.9203 20.4237 0
    endloop
  endfacet
  facet normal -0.352426 0.93584 0
    outer loop
      vertex 22.6091 20.2573 0
      vertex 22.4989 20.2158 39.2
      vertex 22.6091 20.2573 39.2
    endloop
  endfacet
  facet normal -0.352426 0.93584 0
    outer loop
      vertex 22.4989 20.2158 39.2
      vertex 22.6091 20.2573 0
      vertex 22.4989 20.2158 0
    endloop
  endfacet
  facet normal 0.999479 -0.0322687 0
    outer loop
      vertex -23.7203 21.9203 39.2
      vertex -23.7165 22.038 0
      vertex -23.7165 22.038 39.2
    endloop
  endfacet
  facet normal 0.999479 -0.0322687 0
    outer loop
      vertex -23.7165 22.038 0
      vertex -23.7203 21.9203 39.2
      vertex -23.7203 21.9203 0
    endloop
  endfacet
  facet normal 0.910918 -0.412587 0
    outer loop
      vertex -23.5833 22.6091 39.2
      vertex -23.5347 22.7164 0
      vertex -23.5347 22.7164 39.2
    endloop
  endfacet
  facet normal 0.910918 -0.412587 0
    outer loop
      vertex -23.5347 22.7164 0
      vertex -23.5833 22.6091 39.2
      vertex -23.5833 22.6091 0
    endloop
  endfacet
  facet normal 0.730066 0.683376 0
    outer loop
      vertex -23.1931 20.6475 39.2
      vertex -23.2736 20.7335 0
      vertex -23.2736 20.7335 39.2
    endloop
  endfacet
  facet normal 0.730066 0.683376 0
    outer loop
      vertex -23.2736 20.7335 0
      vertex -23.1931 20.6475 39.2
      vertex -23.1931 20.6475 0
    endloop
  endfacet
  facet normal 0.95691 0.290384 0
    outer loop
      vertex -23.6248 21.3417 39.2
      vertex -23.659 21.4544 0
      vertex -23.659 21.4544 39.2
    endloop
  endfacet
  facet normal 0.95691 0.290384 0
    outer loop
      vertex -23.659 21.4544 0
      vertex -23.6248 21.3417 39.2
      vertex -23.6248 21.3417 0
    endloop
  endfacet
  facet normal -0.22672 0.97396 0
    outer loop
      vertex -21.4544 20.1816 0
      vertex -21.5691 20.1549 39.2
      vertex -21.4544 20.1816 39.2
    endloop
  endfacet
  facet normal -0.22672 0.97396 0
    outer loop
      vertex -21.5691 20.1549 39.2
      vertex -21.4544 20.1816 0
      vertex -21.5691 20.1549 0
    endloop
  endfacet
  facet normal -0.634486 0.772935 0
    outer loop
      vertex -20.7335 20.567 0
      vertex -20.8245 20.4923 39.2
      vertex -20.7335 20.567 39.2
    endloop
  endfacet
  facet normal -0.634486 0.772935 0
    outer loop
      vertex -20.8245 20.4923 39.2
      vertex -20.7335 20.567 0
      vertex -20.8245 20.4923 0
    endloop
  endfacet
  facet normal 0.0975714 0.995229 -0
    outer loop
      vertex -22.038 20.1242 0
      vertex -22.1553 20.1357 39.2
      vertex -22.038 20.1242 39.2
    endloop
  endfacet
  facet normal 0.0975714 0.995229 0
    outer loop
      vertex -22.1553 20.1357 39.2
      vertex -22.038 20.1242 0
      vertex -22.1553 20.1357 0
    endloop
  endfacet
  facet normal 0.471821 0.881694 -0
    outer loop
      vertex -22.7164 20.3059 0
      vertex -22.8203 20.3615 39.2
      vertex -22.7164 20.3059 39.2
    endloop
  endfacet
  facet normal 0.471821 0.881694 0
    outer loop
      vertex -22.8203 20.3615 39.2
      vertex -22.7164 20.3059 0
      vertex -22.8203 20.3615 0
    endloop
  endfacet
  facet normal -0.352426 -0.93584 0
    outer loop
      vertex -21.3417 23.6248 0
      vertex -21.2315 23.5833 39.2
      vertex -21.3417 23.6248 39.2
    endloop
  endfacet
  facet normal -0.352426 -0.93584 -0
    outer loop
      vertex -21.2315 23.5833 39.2
      vertex -21.3417 23.6248 0
      vertex -21.2315 23.5833 0
    endloop
  endfacet
  facet normal 0.812643 -0.582762 0
    outer loop
      vertex -23.417 22.9203 39.2
      vertex -23.3483 23.0161 0
      vertex -23.3483 23.0161 39.2
    endloop
  endfacet
  facet normal 0.812643 -0.582762 0
    outer loop
      vertex -23.3483 23.0161 0
      vertex -23.417 22.9203 39.2
      vertex -23.417 22.9203 0
    endloop
  endfacet
  facet normal 0.772935 -0.634486 0
    outer loop
      vertex -23.3483 23.0161 39.2
      vertex -23.2736 23.1071 0
      vertex -23.2736 23.1071 39.2
    endloop
  endfacet
  facet normal 0.772935 -0.634486 0
    outer loop
      vertex -23.2736 23.1071 0
      vertex -23.3483 23.0161 39.2
      vertex -23.3483 23.0161 0
    endloop
  endfacet
  facet normal 0.882047 -0.471161 0
    outer loop
      vertex -23.5347 22.7164 39.2
      vertex -23.4792 22.8203 0
      vertex -23.4792 22.8203 39.2
    endloop
  endfacet
  facet normal 0.882047 -0.471161 0
    outer loop
      vertex -23.4792 22.8203 0
      vertex -23.5347 22.7164 39.2
      vertex -23.5347 22.7164 0
    endloop
  endfacet
  facet normal 0.97396 -0.22672 0
    outer loop
      vertex -23.6857 22.2715 39.2
      vertex -23.659 22.3862 0
      vertex -23.659 22.3862 39.2
    endloop
  endfacet
  facet normal 0.97396 -0.22672 0
    outer loop
      vertex -23.659 22.3862 0
      vertex -23.6857 22.2715 39.2
      vertex -23.6857 22.2715 0
    endloop
  endfacet
  facet normal 0.986622 -0.163022 0
    outer loop
      vertex -23.7049 22.1553 39.2
      vertex -23.6857 22.2715 0
      vertex -23.6857 22.2715 39.2
    endloop
  endfacet
  facet normal 0.986622 -0.163022 0
    outer loop
      vertex -23.6857 22.2715 0
      vertex -23.7049 22.1553 39.2
      vertex -23.7049 22.1553 0
    endloop
  endfacet
  facet normal 0.95691 -0.290384 0
    outer loop
      vertex -23.659 22.3862 39.2
      vertex -23.6248 22.4989 0
      vertex -23.6248 22.4989 39.2
    endloop
  endfacet
  facet normal 0.95691 -0.290384 0
    outer loop
      vertex -23.6248 22.4989 0
      vertex -23.659 22.3862 39.2
      vertex -23.659 22.3862 0
    endloop
  endfacet
  facet normal 0.849141 0.528166 0
    outer loop
      vertex -23.417 20.9203 39.2
      vertex -23.4792 21.0203 0
      vertex -23.4792 21.0203 39.2
    endloop
  endfacet
  facet normal 0.849141 0.528166 0
    outer loop
      vertex -23.4792 21.0203 0
      vertex -23.417 20.9203 39.2
      vertex -23.417 20.9203 0
    endloop
  endfacet
  facet normal 0.97396 0.22672 0
    outer loop
      vertex -23.659 21.4544 39.2
      vertex -23.6857 21.5691 0
      vertex -23.6857 21.5691 39.2
    endloop
  endfacet
  facet normal 0.97396 0.22672 0
    outer loop
      vertex -23.6857 21.5691 0
      vertex -23.659 21.4544 39.2
      vertex -23.659 21.4544 0
    endloop
  endfacet
  facet normal 0.986645 0.162885 0
    outer loop
      vertex -23.6857 21.5691 39.2
      vertex -23.7049 21.6854 0
      vertex -23.7049 21.6854 39.2
    endloop
  endfacet
  facet normal 0.986645 0.162885 0
    outer loop
      vertex -23.7049 21.6854 0
      vertex -23.6857 21.5691 39.2
      vertex -23.6857 21.5691 0
    endloop
  endfacet
  facet normal -0.528166 0.849141 0
    outer loop
      vertex -20.9203 20.4237 0
      vertex -21.0203 20.3615 39.2
      vertex -20.9203 20.4237 39.2
    endloop
  endfacet
  facet normal -0.528166 0.849141 0
    outer loop
      vertex -21.0203 20.3615 39.2
      vertex -20.9203 20.4237 0
      vertex -21.0203 20.3615 0
    endloop
  endfacet
  facet normal -0.0331169 0.999451 0
    outer loop
      vertex -21.8026 20.1242 0
      vertex -21.9203 20.1203 39.2
      vertex -21.8026 20.1242 39.2
    endloop
  endfacet
  facet normal -0.0331169 0.999451 0
    outer loop
      vertex -21.9203 20.1203 39.2
      vertex -21.8026 20.1242 0
      vertex -21.9203 20.1203 0
    endloop
  endfacet
  facet normal -0.582201 0.813045 0
    outer loop
      vertex -20.8245 20.4923 0
      vertex -20.9203 20.4237 39.2
      vertex -20.8245 20.4923 39.2
    endloop
  endfacet
  facet normal -0.582201 0.813045 0
    outer loop
      vertex -20.9203 20.4237 39.2
      vertex -20.8245 20.4923 0
      vertex -20.9203 20.4237 0
    endloop
  endfacet
  facet normal 0.352426 0.93584 -0
    outer loop
      vertex -22.4989 20.2158 0
      vertex -22.6091 20.2573 39.2
      vertex -22.4989 20.2158 39.2
    endloop
  endfacet
  facet normal 0.352426 0.93584 0
    outer loop
      vertex -22.6091 20.2573 39.2
      vertex -22.4989 20.2158 0
      vertex -22.6091 20.2573 0
    endloop
  endfacet
  facet normal 0.163022 0.986622 -0
    outer loop
      vertex -22.1553 20.1357 0
      vertex -22.2715 20.1549 39.2
      vertex -22.1553 20.1357 39.2
    endloop
  endfacet
  facet normal 0.163022 0.986622 0
    outer loop
      vertex -22.2715 20.1549 39.2
      vertex -22.1553 20.1357 0
      vertex -22.2715 20.1549 0
    endloop
  endfacet
  facet normal 0.528166 0.849141 -0
    outer loop
      vertex -22.8203 20.3615 0
      vertex -22.9203 20.4237 39.2
      vertex -22.8203 20.3615 39.2
    endloop
  endfacet
  facet normal 0.528166 0.849141 0
    outer loop
      vertex -22.9203 20.4237 39.2
      vertex -22.8203 20.3615 0
      vertex -22.9203 20.4237 0
    endloop
  endfacet
  facet normal 0.582201 0.813045 -0
    outer loop
      vertex -22.9203 20.4237 0
      vertex -23.0161 20.4923 39.2
      vertex -22.9203 20.4237 39.2
    endloop
  endfacet
  facet normal 0.582201 0.813045 0
    outer loop
      vertex -23.0161 20.4923 39.2
      vertex -22.9203 20.4237 0
      vertex -23.0161 20.4923 0
    endloop
  endfacet
  facet normal 0.471161 -0.882047 0
    outer loop
      vertex -22.8203 23.4792 0
      vertex -22.7164 23.5347 39.2
      vertex -22.8203 23.4792 39.2
    endloop
  endfacet
  facet normal 0.471161 -0.882047 0
    outer loop
      vertex -22.7164 23.5347 39.2
      vertex -22.8203 23.4792 0
      vertex -22.7164 23.5347 0
    endloop
  endfacet
  facet normal 0.412587 -0.910918 0
    outer loop
      vertex -22.7164 23.5347 0
      vertex -22.6091 23.5833 39.2
      vertex -22.7164 23.5347 39.2
    endloop
  endfacet
  facet normal 0.412587 -0.910918 0
    outer loop
      vertex -22.6091 23.5833 39.2
      vertex -22.7164 23.5347 0
      vertex -22.6091 23.5833 0
    endloop
  endfacet
  facet normal -0.910918 0.412587 0
    outer loop
      vertex -20.3059 21.1242 0
      vertex -20.2573 21.2315 39.2
      vertex -20.2573 21.2315 0
    endloop
  endfacet
  facet normal -0.910918 0.412587 0
    outer loop
      vertex -20.2573 21.2315 39.2
      vertex -20.3059 21.1242 0
      vertex -20.3059 21.1242 39.2
    endloop
  endfacet
  facet normal -0.634486 -0.772935 0
    outer loop
      vertex -20.8245 23.3483 0
      vertex -20.7335 23.2736 39.2
      vertex -20.8245 23.3483 39.2
    endloop
  endfacet
  facet normal -0.634486 -0.772935 -0
    outer loop
      vertex -20.7335 23.2736 39.2
      vertex -20.8245 23.3483 0
      vertex -20.7335 23.2736 0
    endloop
  endfacet
  facet normal 0.849141 -0.528166 0
    outer loop
      vertex -23.4792 22.8203 39.2
      vertex -23.417 22.9203 0
      vertex -23.417 22.9203 39.2
    endloop
  endfacet
  facet normal 0.849141 -0.528166 0
    outer loop
      vertex -23.417 22.9203 0
      vertex -23.4792 22.8203 39.2
      vertex -23.4792 22.8203 0
    endloop
  endfacet
  facet normal 0.93584 -0.352426 0
    outer loop
      vertex -23.6248 22.4989 39.2
      vertex -23.5833 22.6091 0
      vertex -23.5833 22.6091 39.2
    endloop
  endfacet
  facet normal 0.93584 -0.352426 0
    outer loop
      vertex -23.5833 22.6091 0
      vertex -23.6248 22.4989 39.2
      vertex -23.6248 22.4989 0
    endloop
  endfacet
  facet normal 0.910918 0.412587 0
    outer loop
      vertex -23.5347 21.1242 39.2
      vertex -23.5833 21.2315 0
      vertex -23.5833 21.2315 39.2
    endloop
  endfacet
  facet normal 0.910918 0.412587 0
    outer loop
      vertex -23.5833 21.2315 0
      vertex -23.5347 21.1242 39.2
      vertex -23.5347 21.1242 0
    endloop
  endfacet
  facet normal 0.882047 0.471161 0
    outer loop
      vertex -23.4792 21.0203 39.2
      vertex -23.5347 21.1242 0
      vertex -23.5347 21.1242 39.2
    endloop
  endfacet
  facet normal 0.882047 0.471161 0
    outer loop
      vertex -23.5347 21.1242 0
      vertex -23.4792 21.0203 39.2
      vertex -23.4792 21.0203 0
    endloop
  endfacet
  facet normal 0.812643 0.582762 0
    outer loop
      vertex -23.3483 20.8245 39.2
      vertex -23.417 20.9203 0
      vertex -23.417 20.9203 39.2
    endloop
  endfacet
  facet normal 0.812643 0.582762 0
    outer loop
      vertex -23.417 20.9203 0
      vertex -23.3483 20.8245 39.2
      vertex -23.3483 20.8245 0
    endloop
  endfacet
  facet normal 0.93584 0.352426 0
    outer loop
      vertex -23.5833 21.2315 39.2
      vertex -23.6248 21.3417 0
      vertex -23.6248 21.3417 39.2
    endloop
  endfacet
  facet normal 0.93584 0.352426 0
    outer loop
      vertex -23.6248 21.3417 0
      vertex -23.5833 21.2315 39.2
      vertex -23.5833 21.2315 0
    endloop
  endfacet
  facet normal 0.999479 0.0322687 0
    outer loop
      vertex -23.7165 21.8026 39.2
      vertex -23.7203 21.9203 0
      vertex -23.7203 21.9203 39.2
    endloop
  endfacet
  facet normal 0.999479 0.0322687 0
    outer loop
      vertex -23.7203 21.9203 0
      vertex -23.7165 21.8026 39.2
      vertex -23.7165 21.8026 0
    endloop
  endfacet
  facet normal -0.683376 0.730066 0
    outer loop
      vertex -20.6475 20.6475 0
      vertex -20.7335 20.567 39.2
      vertex -20.6475 20.6475 39.2
    endloop
  endfacet
  facet normal -0.683376 0.730066 0
    outer loop
      vertex -20.7335 20.567 39.2
      vertex -20.6475 20.6475 0
      vertex -20.7335 20.567 0
    endloop
  endfacet
  facet normal -0.0976539 0.99522 0
    outer loop
      vertex -21.6854 20.1357 0
      vertex -21.8026 20.1242 39.2
      vertex -21.6854 20.1357 39.2
    endloop
  endfacet
  facet normal -0.0976539 0.99522 0
    outer loop
      vertex -21.8026 20.1242 39.2
      vertex -21.6854 20.1357 0
      vertex -21.8026 20.1242 0
    endloop
  endfacet
  facet normal -0.352426 0.93584 0
    outer loop
      vertex -21.2315 20.2573 0
      vertex -21.3417 20.2158 39.2
      vertex -21.2315 20.2573 39.2
    endloop
  endfacet
  facet normal -0.352426 0.93584 0
    outer loop
      vertex -21.3417 20.2158 39.2
      vertex -21.2315 20.2573 0
      vertex -21.3417 20.2158 0
    endloop
  endfacet
  facet normal -0.412587 0.910918 0
    outer loop
      vertex -21.1242 20.3059 0
      vertex -21.2315 20.2573 39.2
      vertex -21.1242 20.3059 39.2
    endloop
  endfacet
  facet normal -0.412587 0.910918 0
    outer loop
      vertex -21.2315 20.2573 39.2
      vertex -21.1242 20.3059 0
      vertex -21.2315 20.2573 0
    endloop
  endfacet
  facet normal 0.290384 0.95691 -0
    outer loop
      vertex -22.3862 20.1816 0
      vertex -22.4989 20.2158 39.2
      vertex -22.3862 20.1816 39.2
    endloop
  endfacet
  facet normal 0.290384 0.95691 0
    outer loop
      vertex -22.4989 20.2158 39.2
      vertex -22.3862 20.1816 0
      vertex -22.4989 20.2158 0
    endloop
  endfacet
  facet normal 0.683376 0.730066 -0
    outer loop
      vertex -23.1071 20.567 0
      vertex -23.1931 20.6475 39.2
      vertex -23.1071 20.567 39.2
    endloop
  endfacet
  facet normal 0.683376 0.730066 0
    outer loop
      vertex -23.1931 20.6475 39.2
      vertex -23.1071 20.567 0
      vertex -23.1931 20.6475 0
    endloop
  endfacet
  facet normal 0.730066 -0.683376 0
    outer loop
      vertex -23.2736 23.1071 39.2
      vertex -23.1931 23.1931 0
      vertex -23.1931 23.1931 39.2
    endloop
  endfacet
  facet normal 0.730066 -0.683376 0
    outer loop
      vertex -23.1931 23.1931 0
      vertex -23.2736 23.1071 39.2
      vertex -23.2736 23.1071 0
    endloop
  endfacet
  facet normal 0.683376 -0.730066 0
    outer loop
      vertex -23.1931 23.1931 0
      vertex -23.1071 23.2736 39.2
      vertex -23.1931 23.1931 39.2
    endloop
  endfacet
  facet normal 0.683376 -0.730066 0
    outer loop
      vertex -23.1071 23.2736 39.2
      vertex -23.1931 23.1931 0
      vertex -23.1071 23.2736 0
    endloop
  endfacet
  facet normal 0.634486 -0.772935 0
    outer loop
      vertex -23.1071 23.2736 0
      vertex -23.0161 23.3483 39.2
      vertex -23.1071 23.2736 39.2
    endloop
  endfacet
  facet normal 0.634486 -0.772935 0
    outer loop
      vertex -23.0161 23.3483 39.2
      vertex -23.1071 23.2736 0
      vertex -23.0161 23.3483 0
    endloop
  endfacet
  facet normal 0.528166 -0.849141 0
    outer loop
      vertex -22.9203 23.417 0
      vertex -22.8203 23.4792 39.2
      vertex -22.9203 23.417 39.2
    endloop
  endfacet
  facet normal 0.528166 -0.849141 0
    outer loop
      vertex -22.8203 23.4792 39.2
      vertex -22.9203 23.417 0
      vertex -22.8203 23.4792 0
    endloop
  endfacet
  facet normal -0.683376 -0.730066 0
    outer loop
      vertex -20.7335 23.2736 0
      vertex -20.6475 23.1931 39.2
      vertex -20.7335 23.2736 39.2
    endloop
  endfacet
  facet normal -0.683376 -0.730066 -0
    outer loop
      vertex -20.6475 23.1931 39.2
      vertex -20.7335 23.2736 0
      vertex -20.6475 23.1931 0
    endloop
  endfacet
  facet normal -0.910918 -0.412587 0
    outer loop
      vertex -20.2573 22.6091 0
      vertex -20.3059 22.7164 39.2
      vertex -20.3059 22.7164 0
    endloop
  endfacet
  facet normal -0.910918 -0.412587 0
    outer loop
      vertex -20.3059 22.7164 39.2
      vertex -20.2573 22.6091 0
      vertex -20.2573 22.6091 39.2
    endloop
  endfacet
  facet normal -0.849141 0.528166 0
    outer loop
      vertex -20.4237 20.9203 0
      vertex -20.3615 21.0203 39.2
      vertex -20.3615 21.0203 0
    endloop
  endfacet
  facet normal -0.849141 0.528166 0
    outer loop
      vertex -20.3615 21.0203 39.2
      vertex -20.4237 20.9203 0
      vertex -20.4237 20.9203 39.2
    endloop
  endfacet
  facet normal -0.813045 0.582201 0
    outer loop
      vertex -20.4923 20.8245 0
      vertex -20.4237 20.9203 39.2
      vertex -20.4237 20.9203 0
    endloop
  endfacet
  facet normal -0.813045 0.582201 0
    outer loop
      vertex -20.4237 20.9203 39.2
      vertex -20.4923 20.8245 0
      vertex -20.4923 20.8245 39.2
    endloop
  endfacet
  facet normal 0.995146 -0.0984117 0
    outer loop
      vertex -23.7165 22.038 39.2
      vertex -23.7049 22.1553 0
      vertex -23.7049 22.1553 39.2
    endloop
  endfacet
  facet normal 0.995146 -0.0984117 0
    outer loop
      vertex -23.7049 22.1553 0
      vertex -23.7165 22.038 39.2
      vertex -23.7165 22.038 0
    endloop
  endfacet
  facet normal 0.772935 0.634486 0
    outer loop
      vertex -23.2736 20.7335 39.2
      vertex -23.3483 20.8245 0
      vertex -23.3483 20.8245 39.2
    endloop
  endfacet
  facet normal 0.772935 0.634486 0
    outer loop
      vertex -23.3483 20.8245 0
      vertex -23.2736 20.7335 39.2
      vertex -23.2736 20.7335 0
    endloop
  endfacet
  facet normal 0.995138 0.0984948 0
    outer loop
      vertex -23.7049 21.6854 39.2
      vertex -23.7165 21.8026 0
      vertex -23.7165 21.8026 39.2
    endloop
  endfacet
  facet normal 0.995138 0.0984948 0
    outer loop
      vertex -23.7165 21.8026 0
      vertex -23.7049 21.6854 39.2
      vertex -23.7049 21.6854 0
    endloop
  endfacet
  facet normal -0.162885 0.986645 0
    outer loop
      vertex -21.5691 20.1549 0
      vertex -21.6854 20.1357 39.2
      vertex -21.5691 20.1549 39.2
    endloop
  endfacet
  facet normal -0.162885 0.986645 0
    outer loop
      vertex -21.6854 20.1357 39.2
      vertex -21.5691 20.1549 0
      vertex -21.6854 20.1357 0
    endloop
  endfacet
  facet normal -0.290384 0.95691 0
    outer loop
      vertex -21.3417 20.2158 0
      vertex -21.4544 20.1816 39.2
      vertex -21.3417 20.2158 39.2
    endloop
  endfacet
  facet normal -0.290384 0.95691 0
    outer loop
      vertex -21.4544 20.1816 39.2
      vertex -21.3417 20.2158 0
      vertex -21.4544 20.1816 0
    endloop
  endfacet
  facet normal -0.471821 0.881694 0
    outer loop
      vertex -21.0203 20.3615 0
      vertex -21.1242 20.3059 39.2
      vertex -21.0203 20.3615 39.2
    endloop
  endfacet
  facet normal -0.471821 0.881694 0
    outer loop
      vertex -21.1242 20.3059 39.2
      vertex -21.0203 20.3615 0
      vertex -21.1242 20.3059 0
    endloop
  endfacet
  facet normal 0.0331169 0.999451 -0
    outer loop
      vertex -21.9203 20.1203 0
      vertex -22.038 20.1242 39.2
      vertex -21.9203 20.1203 39.2
    endloop
  endfacet
  facet normal 0.0331169 0.999451 0
    outer loop
      vertex -22.038 20.1242 39.2
      vertex -21.9203 20.1203 0
      vertex -22.038 20.1242 0
    endloop
  endfacet
  facet normal 0.22672 0.97396 -0
    outer loop
      vertex -22.2715 20.1549 0
      vertex -22.3862 20.1816 39.2
      vertex -22.2715 20.1549 39.2
    endloop
  endfacet
  facet normal 0.22672 0.97396 0
    outer loop
      vertex -22.3862 20.1816 39.2
      vertex -22.2715 20.1549 0
      vertex -22.3862 20.1816 0
    endloop
  endfacet
  facet normal 0.412587 0.910918 -0
    outer loop
      vertex -22.6091 20.2573 0
      vertex -22.7164 20.3059 39.2
      vertex -22.6091 20.2573 39.2
    endloop
  endfacet
  facet normal 0.412587 0.910918 0
    outer loop
      vertex -22.7164 20.3059 39.2
      vertex -22.6091 20.2573 0
      vertex -22.7164 20.3059 0
    endloop
  endfacet
  facet normal 0.634486 0.772935 -0
    outer loop
      vertex -23.0161 20.4923 0
      vertex -23.1071 20.567 39.2
      vertex -23.0161 20.4923 39.2
    endloop
  endfacet
  facet normal 0.634486 0.772935 0
    outer loop
      vertex -23.1071 20.567 39.2
      vertex -23.0161 20.4923 0
      vertex -23.1071 20.567 0
    endloop
  endfacet
  facet normal 0.582762 -0.812643 0
    outer loop
      vertex -23.0161 23.3483 0
      vertex -22.9203 23.417 39.2
      vertex -23.0161 23.3483 39.2
    endloop
  endfacet
  facet normal 0.582762 -0.812643 0
    outer loop
      vertex -22.9203 23.417 39.2
      vertex -23.0161 23.3483 0
      vertex -22.9203 23.417 0
    endloop
  endfacet
  facet normal 0.0984117 -0.995146 0
    outer loop
      vertex -22.1553 23.7049 0
      vertex -22.038 23.7165 39.2
      vertex -22.1553 23.7049 39.2
    endloop
  endfacet
  facet normal 0.0984117 -0.995146 0
    outer loop
      vertex -22.038 23.7165 39.2
      vertex -22.1553 23.7049 0
      vertex -22.038 23.7165 0
    endloop
  endfacet
  facet normal 0.22672 -0.97396 0
    outer loop
      vertex -22.3862 23.659 0
      vertex -22.2715 23.6857 39.2
      vertex -22.3862 23.659 39.2
    endloop
  endfacet
  facet normal 0.22672 -0.97396 0
    outer loop
      vertex -22.2715 23.6857 39.2
      vertex -22.3862 23.659 0
      vertex -22.2715 23.6857 0
    endloop
  endfacet
  facet normal -0.162885 -0.986645 0
    outer loop
      vertex -21.6854 23.7049 0
      vertex -21.5691 23.6857 39.2
      vertex -21.6854 23.7049 39.2
    endloop
  endfacet
  facet normal -0.162885 -0.986645 -0
    outer loop
      vertex -21.5691 23.6857 39.2
      vertex -21.6854 23.7049 0
      vertex -21.5691 23.6857 0
    endloop
  endfacet
  facet normal -0.813045 -0.582201 0
    outer loop
      vertex -20.4237 22.9203 0
      vertex -20.4923 23.0161 39.2
      vertex -20.4923 23.0161 0
    endloop
  endfacet
  facet normal -0.813045 -0.582201 0
    outer loop
      vertex -20.4923 23.0161 39.2
      vertex -20.4237 22.9203 0
      vertex -20.4237 22.9203 39.2
    endloop
  endfacet
  facet normal -0.97396 0.22672 0
    outer loop
      vertex -20.1816 21.4544 0
      vertex -20.1549 21.5691 39.2
      vertex -20.1549 21.5691 0
    endloop
  endfacet
  facet normal -0.97396 0.22672 0
    outer loop
      vertex -20.1549 21.5691 39.2
      vertex -20.1816 21.4544 0
      vertex -20.1816 21.4544 39.2
    endloop
  endfacet
  facet normal -0.93584 0.352426 0
    outer loop
      vertex -20.2573 21.2315 0
      vertex -20.2158 21.3417 39.2
      vertex -20.2158 21.3417 0
    endloop
  endfacet
  facet normal -0.93584 0.352426 0
    outer loop
      vertex -20.2158 21.3417 39.2
      vertex -20.2573 21.2315 0
      vertex -20.2573 21.2315 39.2
    endloop
  endfacet
  facet normal -0.881694 0.471821 0
    outer loop
      vertex -20.3615 21.0203 0
      vertex -20.3059 21.1242 39.2
      vertex -20.3059 21.1242 0
    endloop
  endfacet
  facet normal -0.881694 0.471821 0
    outer loop
      vertex -20.3059 21.1242 39.2
      vertex -20.3615 21.0203 0
      vertex -20.3615 21.0203 39.2
    endloop
  endfacet
  facet normal -0.730066 0.683376 0
    outer loop
      vertex -20.6475 20.6475 0
      vertex -20.567 20.7335 39.2
      vertex -20.567 20.7335 0
    endloop
  endfacet
  facet normal -0.730066 0.683376 0
    outer loop
      vertex -20.567 20.7335 39.2
      vertex -20.6475 20.6475 0
      vertex -20.6475 20.6475 39.2
    endloop
  endfacet
  facet normal -0.412587 -0.910918 0
    outer loop
      vertex -21.2315 23.5833 0
      vertex -21.1242 23.5347 39.2
      vertex -21.2315 23.5833 39.2
    endloop
  endfacet
  facet normal -0.412587 -0.910918 -0
    outer loop
      vertex -21.1242 23.5347 39.2
      vertex -21.2315 23.5833 0
      vertex -21.1242 23.5347 0
    endloop
  endfacet
  facet normal 0.352426 -0.93584 0
    outer loop
      vertex -22.6091 23.5833 0
      vertex -22.4989 23.6248 39.2
      vertex -22.6091 23.5833 39.2
    endloop
  endfacet
  facet normal 0.352426 -0.93584 0
    outer loop
      vertex -22.4989 23.6248 39.2
      vertex -22.6091 23.5833 0
      vertex -22.4989 23.6248 0
    endloop
  endfacet
  facet normal 0.290384 -0.95691 0
    outer loop
      vertex -22.4989 23.6248 0
      vertex -22.3862 23.659 39.2
      vertex -22.4989 23.6248 39.2
    endloop
  endfacet
  facet normal 0.290384 -0.95691 0
    outer loop
      vertex -22.3862 23.659 39.2
      vertex -22.4989 23.6248 0
      vertex -22.3862 23.659 0
    endloop
  endfacet
  facet normal 0.163022 -0.986622 0
    outer loop
      vertex -22.2715 23.6857 0
      vertex -22.1553 23.7049 39.2
      vertex -22.2715 23.6857 39.2
    endloop
  endfacet
  facet normal 0.163022 -0.986622 0
    outer loop
      vertex -22.1553 23.7049 39.2
      vertex -22.2715 23.6857 0
      vertex -22.1553 23.7049 0
    endloop
  endfacet
  facet normal -0.22672 -0.97396 0
    outer loop
      vertex -21.5691 23.6857 0
      vertex -21.4544 23.659 39.2
      vertex -21.5691 23.6857 39.2
    endloop
  endfacet
  facet normal -0.22672 -0.97396 -0
    outer loop
      vertex -21.4544 23.659 39.2
      vertex -21.5691 23.6857 0
      vertex -21.4544 23.659 0
    endloop
  endfacet
  facet normal 0.0322687 -0.999479 0
    outer loop
      vertex -22.038 23.7165 0
      vertex -21.9203 23.7203 39.2
      vertex -22.038 23.7165 39.2
    endloop
  endfacet
  facet normal 0.0322687 -0.999479 0
    outer loop
      vertex -21.9203 23.7203 39.2
      vertex -22.038 23.7165 0
      vertex -21.9203 23.7203 0
    endloop
  endfacet
  facet normal -0.730066 -0.683376 0
    outer loop
      vertex -20.567 23.1071 0
      vertex -20.6475 23.1931 39.2
      vertex -20.6475 23.1931 0
    endloop
  endfacet
  facet normal -0.730066 -0.683376 0
    outer loop
      vertex -20.6475 23.1931 39.2
      vertex -20.567 23.1071 0
      vertex -20.567 23.1071 39.2
    endloop
  endfacet
  facet normal -0.881694 -0.471821 0
    outer loop
      vertex -20.3059 22.7164 0
      vertex -20.3615 22.8203 39.2
      vertex -20.3615 22.8203 0
    endloop
  endfacet
  facet normal -0.881694 -0.471821 0
    outer loop
      vertex -20.3615 22.8203 39.2
      vertex -20.3059 22.7164 0
      vertex -20.3059 22.7164 39.2
    endloop
  endfacet
  facet normal -0.772935 -0.634486 0
    outer loop
      vertex -20.4923 23.0161 0
      vertex -20.567 23.1071 39.2
      vertex -20.567 23.1071 0
    endloop
  endfacet
  facet normal -0.772935 -0.634486 0
    outer loop
      vertex -20.567 23.1071 39.2
      vertex -20.4923 23.0161 0
      vertex -20.4923 23.0161 39.2
    endloop
  endfacet
  facet normal -0.986622 -0.163022 0
    outer loop
      vertex -20.1357 22.1553 0
      vertex -20.1549 22.2715 39.2
      vertex -20.1549 22.2715 0
    endloop
  endfacet
  facet normal -0.986622 -0.163022 0
    outer loop
      vertex -20.1549 22.2715 39.2
      vertex -20.1357 22.1553 0
      vertex -20.1357 22.1553 39.2
    endloop
  endfacet
  facet normal -0.999451 -0.0331169 0
    outer loop
      vertex -20.1203 21.9203 0
      vertex -20.1242 22.038 39.2
      vertex -20.1242 22.038 0
    endloop
  endfacet
  facet normal -0.999451 -0.0331169 0
    outer loop
      vertex -20.1242 22.038 39.2
      vertex -20.1203 21.9203 0
      vertex -20.1203 21.9203 39.2
    endloop
  endfacet
  facet normal -0.999451 0.0331169 0
    outer loop
      vertex -20.1242 21.8026 0
      vertex -20.1203 21.9203 39.2
      vertex -20.1203 21.9203 0
    endloop
  endfacet
  facet normal -0.999451 0.0331169 0
    outer loop
      vertex -20.1203 21.9203 39.2
      vertex -20.1242 21.8026 0
      vertex -20.1242 21.8026 39.2
    endloop
  endfacet
  facet normal -0.986645 0.162885 0
    outer loop
      vertex -20.1549 21.5691 0
      vertex -20.1357 21.6854 39.2
      vertex -20.1357 21.6854 0
    endloop
  endfacet
  facet normal -0.986645 0.162885 0
    outer loop
      vertex -20.1357 21.6854 39.2
      vertex -20.1549 21.5691 0
      vertex -20.1549 21.5691 39.2
    endloop
  endfacet
  facet normal -0.99522 0.0976539 0
    outer loop
      vertex -20.1357 21.6854 0
      vertex -20.1242 21.8026 39.2
      vertex -20.1242 21.8026 0
    endloop
  endfacet
  facet normal -0.99522 0.0976539 0
    outer loop
      vertex -20.1242 21.8026 39.2
      vertex -20.1357 21.6854 0
      vertex -20.1357 21.6854 39.2
    endloop
  endfacet
  facet normal -0.95691 0.290384 0
    outer loop
      vertex -20.2158 21.3417 0
      vertex -20.1816 21.4544 39.2
      vertex -20.1816 21.4544 0
    endloop
  endfacet
  facet normal -0.95691 0.290384 0
    outer loop
      vertex -20.1816 21.4544 39.2
      vertex -20.2158 21.3417 0
      vertex -20.2158 21.3417 39.2
    endloop
  endfacet
  facet normal -0.772935 0.634486 0
    outer loop
      vertex -20.567 20.7335 0
      vertex -20.4923 20.8245 39.2
      vertex -20.4923 20.8245 0
    endloop
  endfacet
  facet normal -0.772935 0.634486 0
    outer loop
      vertex -20.4923 20.8245 39.2
      vertex -20.567 20.7335 0
      vertex -20.567 20.7335 39.2
    endloop
  endfacet
  facet normal -0.471161 -0.882047 0
    outer loop
      vertex -21.1242 23.5347 0
      vertex -21.0203 23.4792 39.2
      vertex -21.1242 23.5347 39.2
    endloop
  endfacet
  facet normal -0.471161 -0.882047 -0
    outer loop
      vertex -21.0203 23.4792 39.2
      vertex -21.1242 23.5347 0
      vertex -21.0203 23.4792 0
    endloop
  endfacet
  facet normal -0.528166 -0.849141 0
    outer loop
      vertex -21.0203 23.4792 0
      vertex -20.9203 23.417 39.2
      vertex -21.0203 23.4792 39.2
    endloop
  endfacet
  facet normal -0.528166 -0.849141 -0
    outer loop
      vertex -20.9203 23.417 39.2
      vertex -21.0203 23.4792 0
      vertex -20.9203 23.417 0
    endloop
  endfacet
  facet normal -0.582762 -0.812643 0
    outer loop
      vertex -20.9203 23.417 0
      vertex -20.8245 23.3483 39.2
      vertex -20.9203 23.417 39.2
    endloop
  endfacet
  facet normal -0.582762 -0.812643 -0
    outer loop
      vertex -20.8245 23.3483 39.2
      vertex -20.9203 23.417 0
      vertex -20.8245 23.3483 0
    endloop
  endfacet
  facet normal -0.0322687 -0.999479 0
    outer loop
      vertex -21.9203 23.7203 0
      vertex -21.8026 23.7165 39.2
      vertex -21.9203 23.7203 39.2
    endloop
  endfacet
  facet normal -0.0322687 -0.999479 -0
    outer loop
      vertex -21.8026 23.7165 39.2
      vertex -21.9203 23.7203 0
      vertex -21.8026 23.7165 0
    endloop
  endfacet
  facet normal -0.290384 -0.95691 0
    outer loop
      vertex -21.4544 23.659 0
      vertex -21.3417 23.6248 39.2
      vertex -21.4544 23.659 39.2
    endloop
  endfacet
  facet normal -0.290384 -0.95691 -0
    outer loop
      vertex -21.3417 23.6248 39.2
      vertex -21.4544 23.659 0
      vertex -21.3417 23.6248 0
    endloop
  endfacet
  facet normal -0.849141 -0.528166 0
    outer loop
      vertex -20.3615 22.8203 0
      vertex -20.4237 22.9203 39.2
      vertex -20.4237 22.9203 0
    endloop
  endfacet
  facet normal -0.849141 -0.528166 0
    outer loop
      vertex -20.4237 22.9203 39.2
      vertex -20.3615 22.8203 0
      vertex -20.3615 22.8203 39.2
    endloop
  endfacet
  facet normal -0.93584 -0.352426 0
    outer loop
      vertex -20.2158 22.4989 0
      vertex -20.2573 22.6091 39.2
      vertex -20.2573 22.6091 0
    endloop
  endfacet
  facet normal -0.93584 -0.352426 0
    outer loop
      vertex -20.2573 22.6091 39.2
      vertex -20.2158 22.4989 0
      vertex -20.2158 22.4989 39.2
    endloop
  endfacet
  facet normal -0.995229 -0.0975714 0
    outer loop
      vertex -20.1242 22.038 0
      vertex -20.1357 22.1553 39.2
      vertex -20.1357 22.1553 0
    endloop
  endfacet
  facet normal -0.995229 -0.0975714 0
    outer loop
      vertex -20.1357 22.1553 39.2
      vertex -20.1242 22.038 0
      vertex -20.1242 22.038 39.2
    endloop
  endfacet
  facet normal -0.0984948 -0.995138 0
    outer loop
      vertex -21.8026 23.7165 0
      vertex -21.6854 23.7049 39.2
      vertex -21.8026 23.7165 39.2
    endloop
  endfacet
  facet normal -0.0984948 -0.995138 -0
    outer loop
      vertex -21.6854 23.7049 39.2
      vertex -21.8026 23.7165 0
      vertex -21.6854 23.7049 0
    endloop
  endfacet
  facet normal -0.95691 -0.290384 0
    outer loop
      vertex -20.1816 22.3862 0
      vertex -20.2158 22.4989 39.2
      vertex -20.2158 22.4989 0
    endloop
  endfacet
  facet normal -0.95691 -0.290384 0
    outer loop
      vertex -20.2158 22.4989 39.2
      vertex -20.1816 22.3862 0
      vertex -20.1816 22.3862 39.2
    endloop
  endfacet
  facet normal -0.97396 -0.22672 0
    outer loop
      vertex -20.1549 22.2715 0
      vertex -20.1816 22.3862 39.2
      vertex -20.1816 22.3862 0
    endloop
  endfacet
  facet normal -0.97396 -0.22672 0
    outer loop
      vertex -20.1816 22.3862 39.2
      vertex -20.1549 22.2715 0
      vertex -20.1549 22.2715 39.2
    endloop
  endfacet
  facet normal -0.683376 0.730066 0
    outer loop
      vertex -20.6475 -23.1931 0
      vertex -20.7335 -23.2736 39.2
      vertex -20.6475 -23.1931 39.2
    endloop
  endfacet
  facet normal -0.683376 0.730066 0
    outer loop
      vertex -20.7335 -23.2736 39.2
      vertex -20.6475 -23.1931 0
      vertex -20.7335 -23.2736 0
    endloop
  endfacet
  facet normal -0.290384 0.95691 0
    outer loop
      vertex -21.3417 -23.6248 0
      vertex -21.4544 -23.659 39.2
      vertex -21.3417 -23.6248 39.2
    endloop
  endfacet
  facet normal -0.290384 0.95691 0
    outer loop
      vertex -21.4544 -23.659 39.2
      vertex -21.3417 -23.6248 0
      vertex -21.4544 -23.659 0
    endloop
  endfacet
  facet normal -0.97396 -0.22672 0
    outer loop
      vertex -20.1549 -21.5691 0
      vertex -20.1816 -21.4544 39.2
      vertex -20.1816 -21.4544 0
    endloop
  endfacet
  facet normal -0.97396 -0.22672 0
    outer loop
      vertex -20.1816 -21.4544 39.2
      vertex -20.1549 -21.5691 0
      vertex -20.1549 -21.5691 39.2
    endloop
  endfacet
  facet normal -0.995229 0.0975714 0
    outer loop
      vertex -20.1357 -22.1553 0
      vertex -20.1242 -22.038 39.2
      vertex -20.1242 -22.038 0
    endloop
  endfacet
  facet normal -0.995229 0.0975714 0
    outer loop
      vertex -20.1242 -22.038 39.2
      vertex -20.1357 -22.1553 0
      vertex -20.1357 -22.1553 39.2
    endloop
  endfacet
  facet normal -0.881694 0.471821 0
    outer loop
      vertex -20.3615 -22.8203 0
      vertex -20.3059 -22.7164 39.2
      vertex -20.3059 -22.7164 0
    endloop
  endfacet
  facet normal -0.881694 0.471821 0
    outer loop
      vertex -20.3059 -22.7164 39.2
      vertex -20.3615 -22.8203 0
      vertex -20.3615 -22.8203 39.2
    endloop
  endfacet
  facet normal 0.93584 -0.352426 0
    outer loop
      vertex -23.6248 -21.3417 39.2
      vertex -23.5833 -21.2315 0
      vertex -23.5833 -21.2315 39.2
    endloop
  endfacet
  facet normal 0.93584 -0.352426 0
    outer loop
      vertex -23.5833 -21.2315 0
      vertex -23.6248 -21.3417 39.2
      vertex -23.6248 -21.3417 0
    endloop
  endfacet
  facet normal 0.582762 0.812643 -0
    outer loop
      vertex -22.9203 -23.417 0
      vertex -23.0161 -23.3483 39.2
      vertex -22.9203 -23.417 39.2
    endloop
  endfacet
  facet normal 0.582762 0.812643 0
    outer loop
      vertex -23.0161 -23.3483 39.2
      vertex -22.9203 -23.417 0
      vertex -23.0161 -23.3483 0
    endloop
  endfacet
  facet normal 0.634486 0.772935 -0
    outer loop
      vertex -23.0161 -23.3483 0
      vertex -23.1071 -23.2736 39.2
      vertex -23.0161 -23.3483 39.2
    endloop
  endfacet
  facet normal 0.634486 0.772935 0
    outer loop
      vertex -23.1071 -23.2736 39.2
      vertex -23.0161 -23.3483 0
      vertex -23.1071 -23.2736 0
    endloop
  endfacet
  facet normal 0.471161 0.882047 -0
    outer loop
      vertex -22.7164 -23.5347 0
      vertex -22.8203 -23.4792 39.2
      vertex -22.7164 -23.5347 39.2
    endloop
  endfacet
  facet normal 0.471161 0.882047 0
    outer loop
      vertex -22.8203 -23.4792 39.2
      vertex -22.7164 -23.5347 0
      vertex -22.8203 -23.4792 0
    endloop
  endfacet
  facet normal 0.163022 0.986622 -0
    outer loop
      vertex -22.1553 -23.7049 0
      vertex -22.2715 -23.6857 39.2
      vertex -22.1553 -23.7049 39.2
    endloop
  endfacet
  facet normal 0.163022 0.986622 0
    outer loop
      vertex -22.2715 -23.6857 39.2
      vertex -22.1553 -23.7049 0
      vertex -22.2715 -23.6857 0
    endloop
  endfacet
  facet normal 0.0322687 0.999479 -0
    outer loop
      vertex -21.9203 -23.7203 0
      vertex -22.038 -23.7165 39.2
      vertex -21.9203 -23.7203 39.2
    endloop
  endfacet
  facet normal 0.0322687 0.999479 0
    outer loop
      vertex -22.038 -23.7165 39.2
      vertex -21.9203 -23.7203 0
      vertex -22.038 -23.7165 0
    endloop
  endfacet
  facet normal 0.22672 0.97396 -0
    outer loop
      vertex -22.2715 -23.6857 0
      vertex -22.3862 -23.659 39.2
      vertex -22.2715 -23.6857 39.2
    endloop
  endfacet
  facet normal 0.22672 0.97396 0
    outer loop
      vertex -22.3862 -23.659 39.2
      vertex -22.2715 -23.6857 0
      vertex -22.3862 -23.659 0
    endloop
  endfacet
  facet normal 0.290384 0.95691 -0
    outer loop
      vertex -22.3862 -23.659 0
      vertex -22.4989 -23.6248 39.2
      vertex -22.3862 -23.659 39.2
    endloop
  endfacet
  facet normal 0.290384 0.95691 0
    outer loop
      vertex -22.4989 -23.6248 39.2
      vertex -22.3862 -23.659 0
      vertex -22.4989 -23.6248 0
    endloop
  endfacet
  facet normal -0.528166 0.849141 0
    outer loop
      vertex -20.9203 -23.417 0
      vertex -21.0203 -23.4792 39.2
      vertex -20.9203 -23.417 39.2
    endloop
  endfacet
  facet normal -0.528166 0.849141 0
    outer loop
      vertex -21.0203 -23.4792 39.2
      vertex -20.9203 -23.417 0
      vertex -21.0203 -23.4792 0
    endloop
  endfacet
  facet normal -0.0984948 0.995138 0
    outer loop
      vertex -21.6854 -23.7049 0
      vertex -21.8026 -23.7165 39.2
      vertex -21.6854 -23.7049 39.2
    endloop
  endfacet
  facet normal -0.0984948 0.995138 0
    outer loop
      vertex -21.8026 -23.7165 39.2
      vertex -21.6854 -23.7049 0
      vertex -21.8026 -23.7165 0
    endloop
  endfacet
  facet normal -0.22672 0.97396 0
    outer loop
      vertex -21.4544 -23.659 0
      vertex -21.5691 -23.6857 39.2
      vertex -21.4544 -23.659 39.2
    endloop
  endfacet
  facet normal -0.22672 0.97396 0
    outer loop
      vertex -21.5691 -23.6857 39.2
      vertex -21.4544 -23.659 0
      vertex -21.5691 -23.6857 0
    endloop
  endfacet
  facet normal -0.162885 0.986645 0
    outer loop
      vertex -21.5691 -23.6857 0
      vertex -21.6854 -23.7049 39.2
      vertex -21.5691 -23.6857 39.2
    endloop
  endfacet
  facet normal -0.162885 0.986645 0
    outer loop
      vertex -21.6854 -23.7049 39.2
      vertex -21.5691 -23.6857 0
      vertex -21.6854 -23.7049 0
    endloop
  endfacet
  facet normal -0.999451 -0.0331169 0
    outer loop
      vertex -20.1203 -21.9203 0
      vertex -20.1242 -21.8026 39.2
      vertex -20.1242 -21.8026 0
    endloop
  endfacet
  facet normal -0.999451 -0.0331169 0
    outer loop
      vertex -20.1242 -21.8026 39.2
      vertex -20.1203 -21.9203 0
      vertex -20.1203 -21.9203 39.2
    endloop
  endfacet
  facet normal -0.93584 -0.352426 0
    outer loop
      vertex -20.2158 -21.3417 0
      vertex -20.2573 -21.2315 39.2
      vertex -20.2573 -21.2315 0
    endloop
  endfacet
  facet normal -0.93584 -0.352426 0
    outer loop
      vertex -20.2573 -21.2315 39.2
      vertex -20.2158 -21.3417 0
      vertex -20.2158 -21.3417 39.2
    endloop
  endfacet
  facet normal -0.849141 -0.528166 0
    outer loop
      vertex -20.3615 -21.0203 0
      vertex -20.4237 -20.9203 39.2
      vertex -20.4237 -20.9203 0
    endloop
  endfacet
  facet normal -0.849141 -0.528166 0
    outer loop
      vertex -20.4237 -20.9203 39.2
      vertex -20.3615 -21.0203 0
      vertex -20.3615 -21.0203 39.2
    endloop
  endfacet
  facet normal -0.97396 0.22672 0
    outer loop
      vertex -20.1816 -22.3862 0
      vertex -20.1549 -22.2715 39.2
      vertex -20.1549 -22.2715 0
    endloop
  endfacet
  facet normal -0.97396 0.22672 0
    outer loop
      vertex -20.1549 -22.2715 39.2
      vertex -20.1816 -22.3862 0
      vertex -20.1816 -22.3862 39.2
    endloop
  endfacet
  facet normal -0.93584 0.352426 0
    outer loop
      vertex -20.2573 -22.6091 0
      vertex -20.2158 -22.4989 39.2
      vertex -20.2158 -22.4989 0
    endloop
  endfacet
  facet normal -0.93584 0.352426 0
    outer loop
      vertex -20.2158 -22.4989 39.2
      vertex -20.2573 -22.6091 0
      vertex -20.2573 -22.6091 39.2
    endloop
  endfacet
  facet normal -0.986622 0.163022 0
    outer loop
      vertex -20.1549 -22.2715 0
      vertex -20.1357 -22.1553 39.2
      vertex -20.1357 -22.1553 0
    endloop
  endfacet
  facet normal -0.986622 0.163022 0
    outer loop
      vertex -20.1357 -22.1553 39.2
      vertex -20.1549 -22.2715 0
      vertex -20.1549 -22.2715 39.2
    endloop
  endfacet
  facet normal -0.849141 0.528166 0
    outer loop
      vertex -20.4237 -22.9203 0
      vertex -20.3615 -22.8203 39.2
      vertex -20.3615 -22.8203 0
    endloop
  endfacet
  facet normal -0.849141 0.528166 0
    outer loop
      vertex -20.3615 -22.8203 39.2
      vertex -20.4237 -22.9203 0
      vertex -20.4237 -22.9203 39.2
    endloop
  endfacet
  facet normal -0.813045 0.582201 0
    outer loop
      vertex -20.4923 -23.0161 0
      vertex -20.4237 -22.9203 39.2
      vertex -20.4237 -22.9203 0
    endloop
  endfacet
  facet normal -0.813045 0.582201 0
    outer loop
      vertex -20.4237 -22.9203 39.2
      vertex -20.4923 -23.0161 0
      vertex -20.4923 -23.0161 39.2
    endloop
  endfacet
  facet normal 0.730066 0.683376 0
    outer loop
      vertex -23.1931 -23.1931 39.2
      vertex -23.2736 -23.1071 0
      vertex -23.2736 -23.1071 39.2
    endloop
  endfacet
  facet normal 0.730066 0.683376 0
    outer loop
      vertex -23.2736 -23.1071 0
      vertex -23.1931 -23.1931 39.2
      vertex -23.1931 -23.1931 0
    endloop
  endfacet
  facet normal 0.910918 0.412587 0
    outer loop
      vertex -23.5347 -22.7164 39.2
      vertex -23.5833 -22.6091 0
      vertex -23.5833 -22.6091 39.2
    endloop
  endfacet
  facet normal 0.910918 0.412587 0
    outer loop
      vertex -23.5833 -22.6091 0
      vertex -23.5347 -22.7164 39.2
      vertex -23.5347 -22.7164 0
    endloop
  endfacet
  facet normal -0.22672 -0.97396 0
    outer loop
      vertex -21.5691 -20.1549 0
      vertex -21.4544 -20.1816 39.2
      vertex -21.5691 -20.1549 39.2
    endloop
  endfacet
  facet normal -0.22672 -0.97396 -0
    outer loop
      vertex -21.4544 -20.1816 39.2
      vertex -21.5691 -20.1549 0
      vertex -21.4544 -20.1816 0
    endloop
  endfacet
  facet normal -0.412587 -0.910918 0
    outer loop
      vertex -21.2315 -20.2573 0
      vertex -21.1242 -20.3059 39.2
      vertex -21.2315 -20.2573 39.2
    endloop
  endfacet
  facet normal -0.412587 -0.910918 -0
    outer loop
      vertex -21.1242 -20.3059 39.2
      vertex -21.2315 -20.2573 0
      vertex -21.1242 -20.3059 0
    endloop
  endfacet
  facet normal 0.772935 -0.634486 0
    outer loop
      vertex -23.3483 -20.8245 39.2
      vertex -23.2736 -20.7335 0
      vertex -23.2736 -20.7335 39.2
    endloop
  endfacet
  facet normal 0.772935 -0.634486 0
    outer loop
      vertex -23.2736 -20.7335 0
      vertex -23.3483 -20.8245 39.2
      vertex -23.3483 -20.8245 0
    endloop
  endfacet
  facet normal 0.412587 0.910918 -0
    outer loop
      vertex -22.6091 -23.5833 0
      vertex -22.7164 -23.5347 39.2
      vertex -22.6091 -23.5833 39.2
    endloop
  endfacet
  facet normal 0.412587 0.910918 0
    outer loop
      vertex -22.7164 -23.5347 39.2
      vertex -22.6091 -23.5833 0
      vertex -22.7164 -23.5347 0
    endloop
  endfacet
  facet normal 0.0984117 0.995146 -0
    outer loop
      vertex -22.038 -23.7165 0
      vertex -22.1553 -23.7049 39.2
      vertex -22.038 -23.7165 39.2
    endloop
  endfacet
  facet normal 0.0984117 0.995146 0
    outer loop
      vertex -22.1553 -23.7049 39.2
      vertex -22.038 -23.7165 0
      vertex -22.1553 -23.7049 0
    endloop
  endfacet
  facet normal 0.352426 0.93584 -0
    outer loop
      vertex -22.4989 -23.6248 0
      vertex -22.6091 -23.5833 39.2
      vertex -22.4989 -23.6248 39.2
    endloop
  endfacet
  facet normal 0.352426 0.93584 0
    outer loop
      vertex -22.6091 -23.5833 39.2
      vertex -22.4989 -23.6248 0
      vertex -22.6091 -23.5833 0
    endloop
  endfacet
  facet normal -0.412587 0.910918 0
    outer loop
      vertex -21.1242 -23.5347 0
      vertex -21.2315 -23.5833 39.2
      vertex -21.1242 -23.5347 39.2
    endloop
  endfacet
  facet normal -0.412587 0.910918 0
    outer loop
      vertex -21.2315 -23.5833 39.2
      vertex -21.1242 -23.5347 0
      vertex -21.2315 -23.5833 0
    endloop
  endfacet
  facet normal -0.471161 0.882047 0
    outer loop
      vertex -21.0203 -23.4792 0
      vertex -21.1242 -23.5347 39.2
      vertex -21.0203 -23.4792 39.2
    endloop
  endfacet
  facet normal -0.471161 0.882047 0
    outer loop
      vertex -21.1242 -23.5347 39.2
      vertex -21.0203 -23.4792 0
      vertex -21.1242 -23.5347 0
    endloop
  endfacet
  facet normal -0.582762 0.812643 0
    outer loop
      vertex -20.8245 -23.3483 0
      vertex -20.9203 -23.417 39.2
      vertex -20.8245 -23.3483 39.2
    endloop
  endfacet
  facet normal -0.582762 0.812643 0
    outer loop
      vertex -20.9203 -23.417 39.2
      vertex -20.8245 -23.3483 0
      vertex -20.9203 -23.417 0
    endloop
  endfacet
  facet normal -0.352426 0.93584 0
    outer loop
      vertex -21.2315 -23.5833 0
      vertex -21.3417 -23.6248 39.2
      vertex -21.2315 -23.5833 39.2
    endloop
  endfacet
  facet normal -0.352426 0.93584 0
    outer loop
      vertex -21.3417 -23.6248 39.2
      vertex -21.2315 -23.5833 0
      vertex -21.3417 -23.6248 0
    endloop
  endfacet
  facet normal -0.0322687 0.999479 0
    outer loop
      vertex -21.8026 -23.7165 0
      vertex -21.9203 -23.7203 39.2
      vertex -21.8026 -23.7165 39.2
    endloop
  endfacet
  facet normal -0.0322687 0.999479 0
    outer loop
      vertex -21.9203 -23.7203 39.2
      vertex -21.8026 -23.7165 0
      vertex -21.9203 -23.7203 0
    endloop
  endfacet
  facet normal -0.730066 -0.683376 0
    outer loop
      vertex -20.567 -20.7335 0
      vertex -20.6475 -20.6475 39.2
      vertex -20.6475 -20.6475 0
    endloop
  endfacet
  facet normal -0.730066 -0.683376 0
    outer loop
      vertex -20.6475 -20.6475 39.2
      vertex -20.567 -20.7335 0
      vertex -20.567 -20.7335 39.2
    endloop
  endfacet
  facet normal -0.95691 -0.290384 0
    outer loop
      vertex -20.1816 -21.4544 0
      vertex -20.2158 -21.3417 39.2
      vertex -20.2158 -21.3417 0
    endloop
  endfacet
  facet normal -0.95691 -0.290384 0
    outer loop
      vertex -20.2158 -21.3417 39.2
      vertex -20.1816 -21.4544 0
      vertex -20.1816 -21.4544 39.2
    endloop
  endfacet
  facet normal -0.910918 -0.412587 0
    outer loop
      vertex -20.2573 -21.2315 0
      vertex -20.3059 -21.1242 39.2
      vertex -20.3059 -21.1242 0
    endloop
  endfacet
  facet normal -0.910918 -0.412587 0
    outer loop
      vertex -20.3059 -21.1242 39.2
      vertex -20.2573 -21.2315 0
      vertex -20.2573 -21.2315 39.2
    endloop
  endfacet
  facet normal -0.813045 -0.582201 0
    outer loop
      vertex -20.4237 -20.9203 0
      vertex -20.4923 -20.8245 39.2
      vertex -20.4923 -20.8245 0
    endloop
  endfacet
  facet normal -0.813045 -0.582201 0
    outer loop
      vertex -20.4923 -20.8245 39.2
      vertex -20.4237 -20.9203 0
      vertex -20.4237 -20.9203 39.2
    endloop
  endfacet
  facet normal -0.881694 -0.471821 0
    outer loop
      vertex -20.3059 -21.1242 0
      vertex -20.3615 -21.0203 39.2
      vertex -20.3615 -21.0203 0
    endloop
  endfacet
  facet normal -0.881694 -0.471821 0
    outer loop
      vertex -20.3615 -21.0203 39.2
      vertex -20.3059 -21.1242 0
      vertex -20.3059 -21.1242 39.2
    endloop
  endfacet
  facet normal -0.999451 0.0331169 0
    outer loop
      vertex -20.1242 -22.038 0
      vertex -20.1203 -21.9203 39.2
      vertex -20.1203 -21.9203 0
    endloop
  endfacet
  facet normal -0.999451 0.0331169 0
    outer loop
      vertex -20.1203 -21.9203 39.2
      vertex -20.1242 -22.038 0
      vertex -20.1242 -22.038 39.2
    endloop
  endfacet
  facet normal -0.95691 0.290384 0
    outer loop
      vertex -20.2158 -22.4989 0
      vertex -20.1816 -22.3862 39.2
      vertex -20.1816 -22.3862 0
    endloop
  endfacet
  facet normal -0.95691 0.290384 0
    outer loop
      vertex -20.1816 -22.3862 39.2
      vertex -20.2158 -22.4989 0
      vertex -20.2158 -22.4989 39.2
    endloop
  endfacet
  facet normal -0.910918 0.412587 0
    outer loop
      vertex -20.3059 -22.7164 0
      vertex -20.2573 -22.6091 39.2
      vertex -20.2573 -22.6091 0
    endloop
  endfacet
  facet normal -0.910918 0.412587 0
    outer loop
      vertex -20.2573 -22.6091 39.2
      vertex -20.3059 -22.7164 0
      vertex -20.3059 -22.7164 39.2
    endloop
  endfacet
  facet normal -0.730066 0.683376 0
    outer loop
      vertex -20.6475 -23.1931 0
      vertex -20.567 -23.1071 39.2
      vertex -20.567 -23.1071 0
    endloop
  endfacet
  facet normal -0.730066 0.683376 0
    outer loop
      vertex -20.567 -23.1071 39.2
      vertex -20.6475 -23.1931 0
      vertex -20.6475 -23.1931 39.2
    endloop
  endfacet
  facet normal 0.683376 0.730066 -0
    outer loop
      vertex -23.1071 -23.2736 0
      vertex -23.1931 -23.1931 39.2
      vertex -23.1071 -23.2736 39.2
    endloop
  endfacet
  facet normal 0.683376 0.730066 0
    outer loop
      vertex -23.1931 -23.1931 39.2
      vertex -23.1071 -23.2736 0
      vertex -23.1931 -23.1931 0
    endloop
  endfacet
  facet normal 0.849141 0.528166 0
    outer loop
      vertex -23.417 -22.9203 39.2
      vertex -23.4792 -22.8203 0
      vertex -23.4792 -22.8203 39.2
    endloop
  endfacet
  facet normal 0.849141 0.528166 0
    outer loop
      vertex -23.4792 -22.8203 0
      vertex -23.417 -22.9203 39.2
      vertex -23.417 -22.9203 0
    endloop
  endfacet
  facet normal 0.730066 -0.683376 0
    outer loop
      vertex -23.2736 -20.7335 39.2
      vertex -23.1931 -20.6475 0
      vertex -23.1931 -20.6475 39.2
    endloop
  endfacet
  facet normal 0.730066 -0.683376 0
    outer loop
      vertex -23.1931 -20.6475 0
      vertex -23.2736 -20.7335 39.2
      vertex -23.2736 -20.7335 0
    endloop
  endfacet
  facet normal 0.412587 -0.910918 0
    outer loop
      vertex -22.7164 -20.3059 0
      vertex -22.6091 -20.2573 39.2
      vertex -22.7164 -20.3059 39.2
    endloop
  endfacet
  facet normal 0.412587 -0.910918 0
    outer loop
      vertex -22.6091 -20.2573 39.2
      vertex -22.7164 -20.3059 0
      vertex -22.6091 -20.2573 0
    endloop
  endfacet
  facet normal -0.582201 -0.813045 0
    outer loop
      vertex -20.9203 -20.4237 0
      vertex -20.8245 -20.4923 39.2
      vertex -20.9203 -20.4237 39.2
    endloop
  endfacet
  facet normal -0.582201 -0.813045 -0
    outer loop
      vertex -20.8245 -20.4923 39.2
      vertex -20.9203 -20.4237 0
      vertex -20.8245 -20.4923 0
    endloop
  endfacet
  facet normal 0.528166 0.849141 -0
    outer loop
      vertex -22.8203 -23.4792 0
      vertex -22.9203 -23.417 39.2
      vertex -22.8203 -23.4792 39.2
    endloop
  endfacet
  facet normal 0.528166 0.849141 0
    outer loop
      vertex -22.9203 -23.417 39.2
      vertex -22.8203 -23.4792 0
      vertex -22.9203 -23.417 0
    endloop
  endfacet
  facet normal -0.634486 0.772935 0
    outer loop
      vertex -20.7335 -23.2736 0
      vertex -20.8245 -23.3483 39.2
      vertex -20.7335 -23.2736 39.2
    endloop
  endfacet
  facet normal -0.634486 0.772935 0
    outer loop
      vertex -20.8245 -23.3483 39.2
      vertex -20.7335 -23.2736 0
      vertex -20.8245 -23.3483 0
    endloop
  endfacet
  facet normal -0.986645 -0.162885 0
    outer loop
      vertex -20.1357 -21.6854 0
      vertex -20.1549 -21.5691 39.2
      vertex -20.1549 -21.5691 0
    endloop
  endfacet
  facet normal -0.986645 -0.162885 0
    outer loop
      vertex -20.1549 -21.5691 39.2
      vertex -20.1357 -21.6854 0
      vertex -20.1357 -21.6854 39.2
    endloop
  endfacet
  facet normal -0.99522 -0.0976539 0
    outer loop
      vertex -20.1242 -21.8026 0
      vertex -20.1357 -21.6854 39.2
      vertex -20.1357 -21.6854 0
    endloop
  endfacet
  facet normal -0.99522 -0.0976539 0
    outer loop
      vertex -20.1357 -21.6854 39.2
      vertex -20.1242 -21.8026 0
      vertex -20.1242 -21.8026 39.2
    endloop
  endfacet
  facet normal -0.772935 -0.634486 0
    outer loop
      vertex -20.4923 -20.8245 0
      vertex -20.567 -20.7335 39.2
      vertex -20.567 -20.7335 0
    endloop
  endfacet
  facet normal -0.772935 -0.634486 0
    outer loop
      vertex -20.567 -20.7335 39.2
      vertex -20.4923 -20.8245 0
      vertex -20.4923 -20.8245 39.2
    endloop
  endfacet
  facet normal -0.772935 0.634486 0
    outer loop
      vertex -20.567 -23.1071 0
      vertex -20.4923 -23.0161 39.2
      vertex -20.4923 -23.0161 0
    endloop
  endfacet
  facet normal -0.772935 0.634486 0
    outer loop
      vertex -20.4923 -23.0161 39.2
      vertex -20.567 -23.1071 0
      vertex -20.567 -23.1071 39.2
    endloop
  endfacet
  facet normal 0.772935 0.634486 0
    outer loop
      vertex -23.2736 -23.1071 39.2
      vertex -23.3483 -23.0161 0
      vertex -23.3483 -23.0161 39.2
    endloop
  endfacet
  facet normal 0.772935 0.634486 0
    outer loop
      vertex -23.3483 -23.0161 0
      vertex -23.2736 -23.1071 39.2
      vertex -23.2736 -23.1071 0
    endloop
  endfacet
  facet normal 0.95691 0.290384 0
    outer loop
      vertex -23.6248 -22.4989 39.2
      vertex -23.659 -22.3862 0
      vertex -23.659 -22.3862 39.2
    endloop
  endfacet
  facet normal 0.95691 0.290384 0
    outer loop
      vertex -23.659 -22.3862 0
      vertex -23.6248 -22.4989 39.2
      vertex -23.6248 -22.4989 0
    endloop
  endfacet
  facet normal 0.882047 0.471161 0
    outer loop
      vertex -23.4792 -22.8203 39.2
      vertex -23.5347 -22.7164 0
      vertex -23.5347 -22.7164 39.2
    endloop
  endfacet
  facet normal 0.882047 0.471161 0
    outer loop
      vertex -23.5347 -22.7164 0
      vertex -23.4792 -22.8203 39.2
      vertex -23.4792 -22.8203 0
    endloop
  endfacet
  facet normal 0.995146 0.0984117 0
    outer loop
      vertex -23.7049 -22.1553 39.2
      vertex -23.7165 -22.038 0
      vertex -23.7165 -22.038 39.2
    endloop
  endfacet
  facet normal 0.995146 0.0984117 0
    outer loop
      vertex -23.7165 -22.038 0
      vertex -23.7049 -22.1553 39.2
      vertex -23.7049 -22.1553 0
    endloop
  endfacet
  facet normal 0.986622 0.163022 0
    outer loop
      vertex -23.6857 -22.2715 39.2
      vertex -23.7049 -22.1553 0
      vertex -23.7049 -22.1553 39.2
    endloop
  endfacet
  facet normal 0.986622 0.163022 0
    outer loop
      vertex -23.7049 -22.1553 0
      vertex -23.6857 -22.2715 39.2
      vertex -23.6857 -22.2715 0
    endloop
  endfacet
  facet normal 0.97396 0.22672 0
    outer loop
      vertex -23.659 -22.3862 39.2
      vertex -23.6857 -22.2715 0
      vertex -23.6857 -22.2715 39.2
    endloop
  endfacet
  facet normal 0.97396 0.22672 0
    outer loop
      vertex -23.6857 -22.2715 0
      vertex -23.659 -22.3862 39.2
      vertex -23.659 -22.3862 0
    endloop
  endfacet
  facet normal 0.986645 -0.162885 0
    outer loop
      vertex -23.7049 -21.6854 39.2
      vertex -23.6857 -21.5691 0
      vertex -23.6857 -21.5691 39.2
    endloop
  endfacet
  facet normal 0.986645 -0.162885 0
    outer loop
      vertex -23.6857 -21.5691 0
      vertex -23.7049 -21.6854 39.2
      vertex -23.7049 -21.6854 0
    endloop
  endfacet
  facet normal -0.0331169 -0.999451 0
    outer loop
      vertex -21.9203 -20.1203 0
      vertex -21.8026 -20.1242 39.2
      vertex -21.9203 -20.1203 39.2
    endloop
  endfacet
  facet normal -0.0331169 -0.999451 -0
    outer loop
      vertex -21.8026 -20.1242 39.2
      vertex -21.9203 -20.1203 0
      vertex -21.8026 -20.1242 0
    endloop
  endfacet
  facet normal -0.352426 -0.93584 0
    outer loop
      vertex -21.3417 -20.2158 0
      vertex -21.2315 -20.2573 39.2
      vertex -21.3417 -20.2158 39.2
    endloop
  endfacet
  facet normal -0.352426 -0.93584 -0
    outer loop
      vertex -21.2315 -20.2573 39.2
      vertex -21.3417 -20.2158 0
      vertex -21.2315 -20.2573 0
    endloop
  endfacet
  facet normal -0.528166 -0.849141 0
    outer loop
      vertex -21.0203 -20.3615 0
      vertex -20.9203 -20.4237 39.2
      vertex -21.0203 -20.3615 39.2
    endloop
  endfacet
  facet normal -0.528166 -0.849141 -0
    outer loop
      vertex -20.9203 -20.4237 39.2
      vertex -21.0203 -20.3615 0
      vertex -20.9203 -20.4237 0
    endloop
  endfacet
  facet normal 0.910918 -0.412587 0
    outer loop
      vertex -23.5833 -21.2315 39.2
      vertex -23.5347 -21.1242 0
      vertex -23.5347 -21.1242 39.2
    endloop
  endfacet
  facet normal 0.910918 -0.412587 0
    outer loop
      vertex -23.5347 -21.1242 0
      vertex -23.5833 -21.2315 39.2
      vertex -23.5833 -21.2315 0
    endloop
  endfacet
  facet normal 0.812643 -0.582762 0
    outer loop
      vertex -23.417 -20.9203 39.2
      vertex -23.3483 -20.8245 0
      vertex -23.3483 -20.8245 39.2
    endloop
  endfacet
  facet normal 0.812643 -0.582762 0
    outer loop
      vertex -23.3483 -20.8245 0
      vertex -23.417 -20.9203 39.2
      vertex -23.417 -20.9203 0
    endloop
  endfacet
  facet normal 0.93584 0.352426 0
    outer loop
      vertex -23.5833 -22.6091 39.2
      vertex -23.6248 -22.4989 0
      vertex -23.6248 -22.4989 39.2
    endloop
  endfacet
  facet normal 0.93584 0.352426 0
    outer loop
      vertex -23.6248 -22.4989 0
      vertex -23.5833 -22.6091 39.2
      vertex -23.5833 -22.6091 0
    endloop
  endfacet
  facet normal 0.812643 0.582762 0
    outer loop
      vertex -23.3483 -23.0161 39.2
      vertex -23.417 -22.9203 0
      vertex -23.417 -22.9203 39.2
    endloop
  endfacet
  facet normal 0.812643 0.582762 0
    outer loop
      vertex -23.417 -22.9203 0
      vertex -23.3483 -23.0161 39.2
      vertex -23.3483 -23.0161 0
    endloop
  endfacet
  facet normal 0.999479 0.0322687 0
    outer loop
      vertex -23.7165 -22.038 39.2
      vertex -23.7203 -21.9203 0
      vertex -23.7203 -21.9203 39.2
    endloop
  endfacet
  facet normal 0.999479 0.0322687 0
    outer loop
      vertex -23.7203 -21.9203 0
      vertex -23.7165 -22.038 39.2
      vertex -23.7165 -22.038 0
    endloop
  endfacet
  facet normal 0.683376 -0.730066 0
    outer loop
      vertex -23.1931 -20.6475 0
      vertex -23.1071 -20.567 39.2
      vertex -23.1931 -20.6475 39.2
    endloop
  endfacet
  facet normal 0.683376 -0.730066 0
    outer loop
      vertex -23.1071 -20.567 39.2
      vertex -23.1931 -20.6475 0
      vertex -23.1071 -20.567 0
    endloop
  endfacet
  facet normal 0.582201 -0.813045 0
    outer loop
      vertex -23.0161 -20.4923 0
      vertex -22.9203 -20.4237 39.2
      vertex -23.0161 -20.4923 39.2
    endloop
  endfacet
  facet normal 0.582201 -0.813045 0
    outer loop
      vertex -22.9203 -20.4237 39.2
      vertex -23.0161 -20.4923 0
      vertex -22.9203 -20.4237 0
    endloop
  endfacet
  facet normal 0.471821 -0.881694 0
    outer loop
      vertex -22.8203 -20.3615 0
      vertex -22.7164 -20.3059 39.2
      vertex -22.8203 -20.3615 39.2
    endloop
  endfacet
  facet normal 0.471821 -0.881694 0
    outer loop
      vertex -22.7164 -20.3059 39.2
      vertex -22.8203 -20.3615 0
      vertex -22.7164 -20.3059 0
    endloop
  endfacet
  facet normal 0.634486 -0.772935 0
    outer loop
      vertex -23.1071 -20.567 0
      vertex -23.0161 -20.4923 39.2
      vertex -23.1071 -20.567 39.2
    endloop
  endfacet
  facet normal 0.634486 -0.772935 0
    outer loop
      vertex -23.0161 -20.4923 39.2
      vertex -23.1071 -20.567 0
      vertex -23.0161 -20.4923 0
    endloop
  endfacet
  facet normal 0.290384 -0.95691 0
    outer loop
      vertex -22.4989 -20.2158 0
      vertex -22.3862 -20.1816 39.2
      vertex -22.4989 -20.2158 39.2
    endloop
  endfacet
  facet normal 0.290384 -0.95691 0
    outer loop
      vertex -22.3862 -20.1816 39.2
      vertex -22.4989 -20.2158 0
      vertex -22.3862 -20.1816 0
    endloop
  endfacet
  facet normal 0.0331169 -0.999451 0
    outer loop
      vertex -22.038 -20.1242 0
      vertex -21.9203 -20.1203 39.2
      vertex -22.038 -20.1242 39.2
    endloop
  endfacet
  facet normal 0.0331169 -0.999451 0
    outer loop
      vertex -21.9203 -20.1203 39.2
      vertex -22.038 -20.1242 0
      vertex -21.9203 -20.1203 0
    endloop
  endfacet
  facet normal -0.162885 -0.986645 0
    outer loop
      vertex -21.6854 -20.1357 0
      vertex -21.5691 -20.1549 39.2
      vertex -21.6854 -20.1357 39.2
    endloop
  endfacet
  facet normal -0.162885 -0.986645 -0
    outer loop
      vertex -21.5691 -20.1549 39.2
      vertex -21.6854 -20.1357 0
      vertex -21.5691 -20.1549 0
    endloop
  endfacet
  facet normal -0.0976539 -0.99522 0
    outer loop
      vertex -21.8026 -20.1242 0
      vertex -21.6854 -20.1357 39.2
      vertex -21.8026 -20.1242 39.2
    endloop
  endfacet
  facet normal -0.0976539 -0.99522 -0
    outer loop
      vertex -21.6854 -20.1357 39.2
      vertex -21.8026 -20.1242 0
      vertex -21.6854 -20.1357 0
    endloop
  endfacet
  facet normal -0.290384 -0.95691 0
    outer loop
      vertex -21.4544 -20.1816 0
      vertex -21.3417 -20.2158 39.2
      vertex -21.4544 -20.1816 39.2
    endloop
  endfacet
  facet normal -0.290384 -0.95691 -0
    outer loop
      vertex -21.3417 -20.2158 39.2
      vertex -21.4544 -20.1816 0
      vertex -21.3417 -20.2158 0
    endloop
  endfacet
  facet normal -0.471821 -0.881694 0
    outer loop
      vertex -21.1242 -20.3059 0
      vertex -21.0203 -20.3615 39.2
      vertex -21.1242 -20.3059 39.2
    endloop
  endfacet
  facet normal -0.471821 -0.881694 -0
    outer loop
      vertex -21.0203 -20.3615 39.2
      vertex -21.1242 -20.3059 0
      vertex -21.0203 -20.3615 0
    endloop
  endfacet
  facet normal -0.634486 -0.772935 0
    outer loop
      vertex -20.8245 -20.4923 0
      vertex -20.7335 -20.567 39.2
      vertex -20.8245 -20.4923 39.2
    endloop
  endfacet
  facet normal -0.634486 -0.772935 -0
    outer loop
      vertex -20.7335 -20.567 39.2
      vertex -20.8245 -20.4923 0
      vertex -20.7335 -20.567 0
    endloop
  endfacet
  facet normal -0.683376 -0.730066 0
    outer loop
      vertex -20.7335 -20.567 0
      vertex -20.6475 -20.6475 39.2
      vertex -20.7335 -20.567 39.2
    endloop
  endfacet
  facet normal -0.683376 -0.730066 -0
    outer loop
      vertex -20.6475 -20.6475 39.2
      vertex -20.7335 -20.567 0
      vertex -20.6475 -20.6475 0
    endloop
  endfacet
  facet normal 0.882047 -0.471161 0
    outer loop
      vertex -23.5347 -21.1242 39.2
      vertex -23.4792 -21.0203 0
      vertex -23.4792 -21.0203 39.2
    endloop
  endfacet
  facet normal 0.882047 -0.471161 0
    outer loop
      vertex -23.4792 -21.0203 0
      vertex -23.5347 -21.1242 39.2
      vertex -23.5347 -21.1242 0
    endloop
  endfacet
  facet normal 0.849141 -0.528166 0
    outer loop
      vertex -23.4792 -21.0203 39.2
      vertex -23.417 -20.9203 0
      vertex -23.417 -20.9203 39.2
    endloop
  endfacet
  facet normal 0.849141 -0.528166 0
    outer loop
      vertex -23.417 -20.9203 0
      vertex -23.4792 -21.0203 39.2
      vertex -23.4792 -21.0203 0
    endloop
  endfacet
  facet normal 0.97396 -0.22672 0
    outer loop
      vertex -23.6857 -21.5691 39.2
      vertex -23.659 -21.4544 0
      vertex -23.659 -21.4544 39.2
    endloop
  endfacet
  facet normal 0.97396 -0.22672 0
    outer loop
      vertex -23.659 -21.4544 0
      vertex -23.6857 -21.5691 39.2
      vertex -23.6857 -21.5691 0
    endloop
  endfacet
  facet normal 0.95691 -0.290384 0
    outer loop
      vertex -23.659 -21.4544 39.2
      vertex -23.6248 -21.3417 0
      vertex -23.6248 -21.3417 39.2
    endloop
  endfacet
  facet normal 0.95691 -0.290384 0
    outer loop
      vertex -23.6248 -21.3417 0
      vertex -23.659 -21.4544 39.2
      vertex -23.659 -21.4544 0
    endloop
  endfacet
  facet normal 0.528166 -0.849141 0
    outer loop
      vertex -22.9203 -20.4237 0
      vertex -22.8203 -20.3615 39.2
      vertex -22.9203 -20.4237 39.2
    endloop
  endfacet
  facet normal 0.528166 -0.849141 0
    outer loop
      vertex -22.8203 -20.3615 39.2
      vertex -22.9203 -20.4237 0
      vertex -22.8203 -20.3615 0
    endloop
  endfacet
  facet normal 0.352426 -0.93584 0
    outer loop
      vertex -22.6091 -20.2573 0
      vertex -22.4989 -20.2158 39.2
      vertex -22.6091 -20.2573 39.2
    endloop
  endfacet
  facet normal 0.352426 -0.93584 0
    outer loop
      vertex -22.4989 -20.2158 39.2
      vertex -22.6091 -20.2573 0
      vertex -22.4989 -20.2158 0
    endloop
  endfacet
  facet normal 0.999479 -0.0322687 0
    outer loop
      vertex -23.7203 -21.9203 39.2
      vertex -23.7165 -21.8026 0
      vertex -23.7165 -21.8026 39.2
    endloop
  endfacet
  facet normal 0.999479 -0.0322687 0
    outer loop
      vertex -23.7165 -21.8026 0
      vertex -23.7203 -21.9203 39.2
      vertex -23.7203 -21.9203 0
    endloop
  endfacet
  facet normal 0.995138 -0.0984948 0
    outer loop
      vertex -23.7165 -21.8026 39.2
      vertex -23.7049 -21.6854 0
      vertex -23.7049 -21.6854 39.2
    endloop
  endfacet
  facet normal 0.995138 -0.0984948 0
    outer loop
      vertex -23.7049 -21.6854 0
      vertex -23.7165 -21.8026 39.2
      vertex -23.7165 -21.8026 0
    endloop
  endfacet
  facet normal 0.163022 -0.986622 0
    outer loop
      vertex -22.2715 -20.1549 0
      vertex -22.1553 -20.1357 39.2
      vertex -22.2715 -20.1549 39.2
    endloop
  endfacet
  facet normal 0.163022 -0.986622 0
    outer loop
      vertex -22.1553 -20.1357 39.2
      vertex -22.2715 -20.1549 0
      vertex -22.1553 -20.1357 0
    endloop
  endfacet
  facet normal 0.0975714 -0.995229 0
    outer loop
      vertex -22.1553 -20.1357 0
      vertex -22.038 -20.1242 39.2
      vertex -22.1553 -20.1357 39.2
    endloop
  endfacet
  facet normal 0.0975714 -0.995229 0
    outer loop
      vertex -22.038 -20.1242 39.2
      vertex -22.1553 -20.1357 0
      vertex -22.038 -20.1242 0
    endloop
  endfacet
  facet normal 0.22672 -0.97396 0
    outer loop
      vertex -22.3862 -20.1816 0
      vertex -22.2715 -20.1549 39.2
      vertex -22.3862 -20.1816 39.2
    endloop
  endfacet
  facet normal 0.22672 -0.97396 0
    outer loop
      vertex -22.2715 -20.1549 39.2
      vertex -22.3862 -20.1816 0
      vertex -22.2715 -20.1549 0
    endloop
  endfacet
  facet normal -0.93584 0.352426 0
    outer loop
      vertex 23.5833 -22.6091 0
      vertex 23.6248 -22.4989 39.2
      vertex 23.6248 -22.4989 0
    endloop
  endfacet
  facet normal -0.93584 0.352426 0
    outer loop
      vertex 23.6248 -22.4989 39.2
      vertex 23.5833 -22.6091 0
      vertex 23.5833 -22.6091 39.2
    endloop
  endfacet
  facet normal -0.93584 -0.352426 0
    outer loop
      vertex 23.6248 -21.3417 0
      vertex 23.5833 -21.2315 39.2
      vertex 23.5833 -21.2315 0
    endloop
  endfacet
  facet normal -0.93584 -0.352426 0
    outer loop
      vertex 23.5833 -21.2315 39.2
      vertex 23.6248 -21.3417 0
      vertex 23.6248 -21.3417 39.2
    endloop
  endfacet
  facet normal -0.412587 -0.910918 0
    outer loop
      vertex 22.6091 -20.2573 0
      vertex 22.7164 -20.3059 39.2
      vertex 22.6091 -20.2573 39.2
    endloop
  endfacet
  facet normal -0.412587 -0.910918 -0
    outer loop
      vertex 22.7164 -20.3059 39.2
      vertex 22.6091 -20.2573 0
      vertex 22.7164 -20.3059 0
    endloop
  endfacet
  facet normal 0.352426 -0.93584 0
    outer loop
      vertex 21.2315 -20.2573 0
      vertex 21.3417 -20.2158 39.2
      vertex 21.2315 -20.2573 39.2
    endloop
  endfacet
  facet normal 0.352426 -0.93584 0
    outer loop
      vertex 21.3417 -20.2158 39.2
      vertex 21.2315 -20.2573 0
      vertex 21.3417 -20.2158 0
    endloop
  endfacet
  facet normal -0.882047 0.471161 0
    outer loop
      vertex 23.4792 -22.8203 0
      vertex 23.5347 -22.7164 39.2
      vertex 23.5347 -22.7164 0
    endloop
  endfacet
  facet normal -0.882047 0.471161 0
    outer loop
      vertex 23.5347 -22.7164 39.2
      vertex 23.4792 -22.8203 0
      vertex 23.4792 -22.8203 39.2
    endloop
  endfacet
  facet normal -0.986645 -0.162885 0
    outer loop
      vertex 23.7049 -21.6854 0
      vertex 23.6857 -21.5691 39.2
      vertex 23.6857 -21.5691 0
    endloop
  endfacet
  facet normal -0.986645 -0.162885 0
    outer loop
      vertex 23.6857 -21.5691 39.2
      vertex 23.7049 -21.6854 0
      vertex 23.7049 -21.6854 39.2
    endloop
  endfacet
  facet normal 0.0331169 -0.999451 0
    outer loop
      vertex 21.8026 -20.1242 0
      vertex 21.9203 -20.1203 39.2
      vertex 21.8026 -20.1242 39.2
    endloop
  endfacet
  facet normal 0.0331169 -0.999451 0
    outer loop
      vertex 21.9203 -20.1203 39.2
      vertex 21.8026 -20.1242 0
      vertex 21.9203 -20.1203 0
    endloop
  endfacet
  facet normal -0.582201 -0.813045 0
    outer loop
      vertex 22.9203 -20.4237 0
      vertex 23.0161 -20.4923 39.2
      vertex 22.9203 -20.4237 39.2
    endloop
  endfacet
  facet normal -0.582201 -0.813045 -0
    outer loop
      vertex 23.0161 -20.4923 39.2
      vertex 22.9203 -20.4237 0
      vertex 23.0161 -20.4923 0
    endloop
  endfacet
  facet normal 0.290384 0.95691 -0
    outer loop
      vertex 21.4544 -23.659 0
      vertex 21.3417 -23.6248 39.2
      vertex 21.4544 -23.659 39.2
    endloop
  endfacet
  facet normal 0.290384 0.95691 0
    outer loop
      vertex 21.3417 -23.6248 39.2
      vertex 21.4544 -23.659 0
      vertex 21.3417 -23.6248 0
    endloop
  endfacet
  facet normal -0.772935 0.634486 0
    outer loop
      vertex 23.2736 -23.1071 0
      vertex 23.3483 -23.0161 39.2
      vertex 23.3483 -23.0161 0
    endloop
  endfacet
  facet normal -0.772935 0.634486 0
    outer loop
      vertex 23.3483 -23.0161 39.2
      vertex 23.2736 -23.1071 0
      vertex 23.2736 -23.1071 39.2
    endloop
  endfacet
  facet normal -0.986622 0.163022 0
    outer loop
      vertex 23.6857 -22.2715 0
      vertex 23.7049 -22.1553 39.2
      vertex 23.7049 -22.1553 0
    endloop
  endfacet
  facet normal -0.986622 0.163022 0
    outer loop
      vertex 23.7049 -22.1553 39.2
      vertex 23.6857 -22.2715 0
      vertex 23.6857 -22.2715 39.2
    endloop
  endfacet
  facet normal -0.995146 0.0984117 0
    outer loop
      vertex 23.7049 -22.1553 0
      vertex 23.7165 -22.038 39.2
      vertex 23.7165 -22.038 0
    endloop
  endfacet
  facet normal -0.995146 0.0984117 0
    outer loop
      vertex 23.7165 -22.038 39.2
      vertex 23.7049 -22.1553 0
      vertex 23.7049 -22.1553 39.2
    endloop
  endfacet
  facet normal -0.730066 -0.683376 0
    outer loop
      vertex 23.2736 -20.7335 0
      vertex 23.1931 -20.6475 39.2
      vertex 23.1931 -20.6475 0
    endloop
  endfacet
  facet normal -0.730066 -0.683376 0
    outer loop
      vertex 23.1931 -20.6475 39.2
      vertex 23.2736 -20.7335 0
      vertex 23.2736 -20.7335 39.2
    endloop
  endfacet
  facet normal -0.849141 -0.528166 0
    outer loop
      vertex 23.4792 -21.0203 0
      vertex 23.417 -20.9203 39.2
      vertex 23.417 -20.9203 0
    endloop
  endfacet
  facet normal -0.849141 -0.528166 0
    outer loop
      vertex 23.417 -20.9203 39.2
      vertex 23.4792 -21.0203 0
      vertex 23.4792 -21.0203 39.2
    endloop
  endfacet
  facet normal -0.97396 -0.22672 0
    outer loop
      vertex 23.6857 -21.5691 0
      vertex 23.659 -21.4544 39.2
      vertex 23.659 -21.4544 0
    endloop
  endfacet
  facet normal -0.97396 -0.22672 0
    outer loop
      vertex 23.659 -21.4544 39.2
      vertex 23.6857 -21.5691 0
      vertex 23.6857 -21.5691 39.2
    endloop
  endfacet
  facet normal -0.995138 -0.0984948 0
    outer loop
      vertex 23.7165 -21.8026 0
      vertex 23.7049 -21.6854 39.2
      vertex 23.7049 -21.6854 0
    endloop
  endfacet
  facet normal -0.995138 -0.0984948 0
    outer loop
      vertex 23.7049 -21.6854 39.2
      vertex 23.7165 -21.8026 0
      vertex 23.7165 -21.8026 39.2
    endloop
  endfacet
  facet normal 0.634486 -0.772935 0
    outer loop
      vertex 20.7335 -20.567 0
      vertex 20.8245 -20.4923 39.2
      vertex 20.7335 -20.567 39.2
    endloop
  endfacet
  facet normal 0.634486 -0.772935 0
    outer loop
      vertex 20.8245 -20.4923 39.2
      vertex 20.7335 -20.567 0
      vertex 20.8245 -20.4923 0
    endloop
  endfacet
  facet normal 0.528166 -0.849141 0
    outer loop
      vertex 20.9203 -20.4237 0
      vertex 21.0203 -20.3615 39.2
      vertex 20.9203 -20.4237 39.2
    endloop
  endfacet
  facet normal 0.528166 -0.849141 0
    outer loop
      vertex 21.0203 -20.3615 39.2
      vertex 20.9203 -20.4237 0
      vertex 21.0203 -20.3615 0
    endloop
  endfacet
  facet normal 0.162885 -0.986645 0
    outer loop
      vertex 21.5691 -20.1549 0
      vertex 21.6854 -20.1357 39.2
      vertex 21.5691 -20.1549 39.2
    endloop
  endfacet
  facet normal 0.162885 -0.986645 0
    outer loop
      vertex 21.6854 -20.1357 39.2
      vertex 21.5691 -20.1549 0
      vertex 21.6854 -20.1357 0
    endloop
  endfacet
  facet normal -0.528166 -0.849141 0
    outer loop
      vertex 22.8203 -20.3615 0
      vertex 22.9203 -20.4237 39.2
      vertex 22.8203 -20.3615 39.2
    endloop
  endfacet
  facet normal -0.528166 -0.849141 -0
    outer loop
      vertex 22.9203 -20.4237 39.2
      vertex 22.8203 -20.3615 0
      vertex 22.9203 -20.4237 0
    endloop
  endfacet
  facet normal -0.634486 -0.772935 0
    outer loop
      vertex 23.0161 -20.4923 0
      vertex 23.1071 -20.567 39.2
      vertex 23.0161 -20.4923 39.2
    endloop
  endfacet
  facet normal -0.634486 -0.772935 -0
    outer loop
      vertex 23.1071 -20.567 39.2
      vertex 23.0161 -20.4923 0
      vertex 23.1071 -20.567 0
    endloop
  endfacet
  facet normal -0.22672 -0.97396 0
    outer loop
      vertex 22.2715 -20.1549 0
      vertex 22.3862 -20.1816 39.2
      vertex 22.2715 -20.1549 39.2
    endloop
  endfacet
  facet normal -0.22672 -0.97396 -0
    outer loop
      vertex 22.3862 -20.1816 39.2
      vertex 22.2715 -20.1549 0
      vertex 22.3862 -20.1816 0
    endloop
  endfacet
  facet normal -0.163022 -0.986622 0
    outer loop
      vertex 22.1553 -20.1357 0
      vertex 22.2715 -20.1549 39.2
      vertex 22.1553 -20.1357 39.2
    endloop
  endfacet
  facet normal -0.163022 -0.986622 -0
    outer loop
      vertex 22.2715 -20.1549 39.2
      vertex 22.1553 -20.1357 0
      vertex 22.2715 -20.1549 0
    endloop
  endfacet
  facet normal -0.352426 -0.93584 0
    outer loop
      vertex 22.4989 -20.2158 0
      vertex 22.6091 -20.2573 39.2
      vertex 22.4989 -20.2158 39.2
    endloop
  endfacet
  facet normal -0.352426 -0.93584 -0
    outer loop
      vertex 22.6091 -20.2573 39.2
      vertex 22.4989 -20.2158 0
      vertex 22.6091 -20.2573 0
    endloop
  endfacet
  facet normal -0.471161 0.882047 0
    outer loop
      vertex 22.8203 -23.4792 0
      vertex 22.7164 -23.5347 39.2
      vertex 22.8203 -23.4792 39.2
    endloop
  endfacet
  facet normal -0.471161 0.882047 0
    outer loop
      vertex 22.7164 -23.5347 39.2
      vertex 22.8203 -23.4792 0
      vertex 22.7164 -23.5347 0
    endloop
  endfacet
  facet normal 0.93584 -0.352426 0
    outer loop
      vertex 20.2158 -21.3417 39.2
      vertex 20.2573 -21.2315 0
      vertex 20.2573 -21.2315 39.2
    endloop
  endfacet
  facet normal 0.93584 -0.352426 0
    outer loop
      vertex 20.2573 -21.2315 0
      vertex 20.2158 -21.3417 39.2
      vertex 20.2158 -21.3417 0
    endloop
  endfacet
  facet normal -0.812643 0.582762 0
    outer loop
      vertex 23.3483 -23.0161 0
      vertex 23.417 -22.9203 39.2
      vertex 23.417 -22.9203 0
    endloop
  endfacet
  facet normal -0.812643 0.582762 0
    outer loop
      vertex 23.417 -22.9203 39.2
      vertex 23.3483 -23.0161 0
      vertex 23.3483 -23.0161 39.2
    endloop
  endfacet
  facet normal -0.910918 0.412587 0
    outer loop
      vertex 23.5347 -22.7164 0
      vertex 23.5833 -22.6091 39.2
      vertex 23.5833 -22.6091 0
    endloop
  endfacet
  facet normal -0.910918 0.412587 0
    outer loop
      vertex 23.5833 -22.6091 39.2
      vertex 23.5347 -22.7164 0
      vertex 23.5347 -22.7164 39.2
    endloop
  endfacet
  facet normal -0.999479 0.0322687 0
    outer loop
      vertex 23.7165 -22.038 0
      vertex 23.7203 -21.9203 39.2
      vertex 23.7203 -21.9203 0
    endloop
  endfacet
  facet normal -0.999479 0.0322687 0
    outer loop
      vertex 23.7203 -21.9203 39.2
      vertex 23.7165 -22.038 0
      vertex 23.7165 -22.038 39.2
    endloop
  endfacet
  facet normal -0.97396 0.22672 0
    outer loop
      vertex 23.659 -22.3862 0
      vertex 23.6857 -22.2715 39.2
      vertex 23.6857 -22.2715 0
    endloop
  endfacet
  facet normal -0.97396 0.22672 0
    outer loop
      vertex 23.6857 -22.2715 39.2
      vertex 23.659 -22.3862 0
      vertex 23.659 -22.3862 39.2
    endloop
  endfacet
  facet normal -0.882047 -0.471161 0
    outer loop
      vertex 23.5347 -21.1242 0
      vertex 23.4792 -21.0203 39.2
      vertex 23.4792 -21.0203 0
    endloop
  endfacet
  facet normal -0.882047 -0.471161 0
    outer loop
      vertex 23.4792 -21.0203 39.2
      vertex 23.5347 -21.1242 0
      vertex 23.5347 -21.1242 39.2
    endloop
  endfacet
  facet normal -0.910918 -0.412587 0
    outer loop
      vertex 23.5833 -21.2315 0
      vertex 23.5347 -21.1242 39.2
      vertex 23.5347 -21.1242 0
    endloop
  endfacet
  facet normal -0.910918 -0.412587 0
    outer loop
      vertex 23.5347 -21.1242 39.2
      vertex 23.5833 -21.2315 0
      vertex 23.5833 -21.2315 39.2
    endloop
  endfacet
  facet normal -0.812643 -0.582762 0
    outer loop
      vertex 23.417 -20.9203 0
      vertex 23.3483 -20.8245 39.2
      vertex 23.3483 -20.8245 0
    endloop
  endfacet
  facet normal -0.812643 -0.582762 0
    outer loop
      vertex 23.3483 -20.8245 39.2
      vertex 23.417 -20.9203 0
      vertex 23.417 -20.9203 39.2
    endloop
  endfacet
  facet normal -0.772935 -0.634486 0
    outer loop
      vertex 23.3483 -20.8245 0
      vertex 23.2736 -20.7335 39.2
      vertex 23.2736 -20.7335 0
    endloop
  endfacet
  facet normal -0.772935 -0.634486 0
    outer loop
      vertex 23.2736 -20.7335 39.2
      vertex 23.3483 -20.8245 0
      vertex 23.3483 -20.8245 39.2
    endloop
  endfacet
  facet normal -0.95691 -0.290384 0
    outer loop
      vertex 23.659 -21.4544 0
      vertex 23.6248 -21.3417 39.2
      vertex 23.6248 -21.3417 0
    endloop
  endfacet
  facet normal -0.95691 -0.290384 0
    outer loop
      vertex 23.6248 -21.3417 39.2
      vertex 23.659 -21.4544 0
      vertex 23.659 -21.4544 39.2
    endloop
  endfacet
  facet normal -0.999479 -0.0322687 0
    outer loop
      vertex 23.7203 -21.9203 0
      vertex 23.7165 -21.8026 39.2
      vertex 23.7165 -21.8026 0
    endloop
  endfacet
  facet normal -0.999479 -0.0322687 0
    outer loop
      vertex 23.7165 -21.8026 39.2
      vertex 23.7203 -21.9203 0
      vertex 23.7203 -21.9203 39.2
    endloop
  endfacet
  facet normal 0.683376 -0.730066 0
    outer loop
      vertex 20.6475 -20.6475 0
      vertex 20.7335 -20.567 39.2
      vertex 20.6475 -20.6475 39.2
    endloop
  endfacet
  facet normal 0.683376 -0.730066 0
    outer loop
      vertex 20.7335 -20.567 39.2
      vertex 20.6475 -20.6475 0
      vertex 20.7335 -20.567 0
    endloop
  endfacet
  facet normal 0.471821 -0.881694 0
    outer loop
      vertex 21.0203 -20.3615 0
      vertex 21.1242 -20.3059 39.2
      vertex 21.0203 -20.3615 39.2
    endloop
  endfacet
  facet normal 0.471821 -0.881694 0
    outer loop
      vertex 21.1242 -20.3059 39.2
      vertex 21.0203 -20.3615 0
      vertex 21.1242 -20.3059 0
    endloop
  endfacet
  facet normal 0.412587 -0.910918 0
    outer loop
      vertex 21.1242 -20.3059 0
      vertex 21.2315 -20.2573 39.2
      vertex 21.1242 -20.3059 39.2
    endloop
  endfacet
  facet normal 0.412587 -0.910918 0
    outer loop
      vertex 21.2315 -20.2573 39.2
      vertex 21.1242 -20.3059 0
      vertex 21.2315 -20.2573 0
    endloop
  endfacet
  facet normal 0.582201 -0.813045 0
    outer loop
      vertex 20.8245 -20.4923 0
      vertex 20.9203 -20.4237 39.2
      vertex 20.8245 -20.4923 39.2
    endloop
  endfacet
  facet normal 0.582201 -0.813045 0
    outer loop
      vertex 20.9203 -20.4237 39.2
      vertex 20.8245 -20.4923 0
      vertex 20.9203 -20.4237 0
    endloop
  endfacet
  facet normal 0.22672 -0.97396 0
    outer loop
      vertex 21.4544 -20.1816 0
      vertex 21.5691 -20.1549 39.2
      vertex 21.4544 -20.1816 39.2
    endloop
  endfacet
  facet normal 0.22672 -0.97396 0
    outer loop
      vertex 21.5691 -20.1549 39.2
      vertex 21.4544 -20.1816 0
      vertex 21.5691 -20.1549 0
    endloop
  endfacet
  facet normal 0.290384 -0.95691 0
    outer loop
      vertex 21.3417 -20.2158 0
      vertex 21.4544 -20.1816 39.2
      vertex 21.3417 -20.2158 39.2
    endloop
  endfacet
  facet normal 0.290384 -0.95691 0
    outer loop
      vertex 21.4544 -20.1816 39.2
      vertex 21.3417 -20.2158 0
      vertex 21.4544 -20.1816 0
    endloop
  endfacet
  facet normal 0.0976539 -0.99522 0
    outer loop
      vertex 21.6854 -20.1357 0
      vertex 21.8026 -20.1242 39.2
      vertex 21.6854 -20.1357 39.2
    endloop
  endfacet
  facet normal 0.0976539 -0.99522 0
    outer loop
      vertex 21.8026 -20.1242 39.2
      vertex 21.6854 -20.1357 0
      vertex 21.8026 -20.1242 0
    endloop
  endfacet
  facet normal -0.471821 -0.881694 0
    outer loop
      vertex 22.7164 -20.3059 0
      vertex 22.8203 -20.3615 39.2
      vertex 22.7164 -20.3059 39.2
    endloop
  endfacet
  facet normal -0.471821 -0.881694 -0
    outer loop
      vertex 22.8203 -20.3615 39.2
      vertex 22.7164 -20.3059 0
      vertex 22.8203 -20.3615 0
    endloop
  endfacet
  facet normal -0.683376 -0.730066 0
    outer loop
      vertex 23.1071 -20.567 0
      vertex 23.1931 -20.6475 39.2
      vertex 23.1071 -20.567 39.2
    endloop
  endfacet
  facet normal -0.683376 -0.730066 -0
    outer loop
      vertex 23.1931 -20.6475 39.2
      vertex 23.1071 -20.567 0
      vertex 23.1931 -20.6475 0
    endloop
  endfacet
  facet normal -0.290384 -0.95691 0
    outer loop
      vertex 22.3862 -20.1816 0
      vertex 22.4989 -20.2158 39.2
      vertex 22.3862 -20.1816 39.2
    endloop
  endfacet
  facet normal -0.290384 -0.95691 -0
    outer loop
      vertex 22.4989 -20.2158 39.2
      vertex 22.3862 -20.1816 0
      vertex 22.4989 -20.2158 0
    endloop
  endfacet
  facet normal -0.0975714 -0.995229 0
    outer loop
      vertex 22.038 -20.1242 0
      vertex 22.1553 -20.1357 39.2
      vertex 22.038 -20.1242 39.2
    endloop
  endfacet
  facet normal -0.0975714 -0.995229 -0
    outer loop
      vertex 22.1553 -20.1357 39.2
      vertex 22.038 -20.1242 0
      vertex 22.1553 -20.1357 0
    endloop
  endfacet
  facet normal -0.0331169 -0.999451 0
    outer loop
      vertex 21.9203 -20.1203 0
      vertex 22.038 -20.1242 39.2
      vertex 21.9203 -20.1203 39.2
    endloop
  endfacet
  facet normal -0.0331169 -0.999451 -0
    outer loop
      vertex 22.038 -20.1242 39.2
      vertex 21.9203 -20.1203 0
      vertex 22.038 -20.1242 0
    endloop
  endfacet
  facet normal -0.730066 0.683376 0
    outer loop
      vertex 23.1931 -23.1931 0
      vertex 23.2736 -23.1071 39.2
      vertex 23.2736 -23.1071 0
    endloop
  endfacet
  facet normal -0.730066 0.683376 0
    outer loop
      vertex 23.2736 -23.1071 39.2
      vertex 23.1931 -23.1931 0
      vertex 23.1931 -23.1931 39.2
    endloop
  endfacet
  facet normal -0.683376 0.730066 0
    outer loop
      vertex 23.1931 -23.1931 0
      vertex 23.1071 -23.2736 39.2
      vertex 23.1931 -23.1931 39.2
    endloop
  endfacet
  facet normal -0.683376 0.730066 0
    outer loop
      vertex 23.1071 -23.2736 39.2
      vertex 23.1931 -23.1931 0
      vertex 23.1071 -23.2736 0
    endloop
  endfacet
  facet normal -0.634486 0.772935 0
    outer loop
      vertex 23.1071 -23.2736 0
      vertex 23.0161 -23.3483 39.2
      vertex 23.1071 -23.2736 39.2
    endloop
  endfacet
  facet normal -0.634486 0.772935 0
    outer loop
      vertex 23.0161 -23.3483 39.2
      vertex 23.1071 -23.2736 0
      vertex 23.0161 -23.3483 0
    endloop
  endfacet
  facet normal -0.290384 0.95691 0
    outer loop
      vertex 22.4989 -23.6248 0
      vertex 22.3862 -23.659 39.2
      vertex 22.4989 -23.6248 39.2
    endloop
  endfacet
  facet normal -0.290384 0.95691 0
    outer loop
      vertex 22.3862 -23.659 39.2
      vertex 22.4989 -23.6248 0
      vertex 22.3862 -23.659 0
    endloop
  endfacet
  facet normal -0.412587 0.910918 0
    outer loop
      vertex 22.7164 -23.5347 0
      vertex 22.6091 -23.5833 39.2
      vertex 22.7164 -23.5347 39.2
    endloop
  endfacet
  facet normal -0.412587 0.910918 0
    outer loop
      vertex 22.6091 -23.5833 39.2
      vertex 22.7164 -23.5347 0
      vertex 22.6091 -23.5833 0
    endloop
  endfacet
  facet normal -0.163022 0.986622 0
    outer loop
      vertex 22.2715 -23.6857 0
      vertex 22.1553 -23.7049 39.2
      vertex 22.2715 -23.6857 39.2
    endloop
  endfacet
  facet normal -0.163022 0.986622 0
    outer loop
      vertex 22.1553 -23.7049 39.2
      vertex 22.2715 -23.6857 0
      vertex 22.1553 -23.7049 0
    endloop
  endfacet
  facet normal 0.683376 0.730066 -0
    outer loop
      vertex 20.7335 -23.2736 0
      vertex 20.6475 -23.1931 39.2
      vertex 20.7335 -23.2736 39.2
    endloop
  endfacet
  facet normal 0.683376 0.730066 0
    outer loop
      vertex 20.6475 -23.1931 39.2
      vertex 20.7335 -23.2736 0
      vertex 20.6475 -23.1931 0
    endloop
  endfacet
  facet normal 0.813045 -0.582201 0
    outer loop
      vertex 20.4237 -20.9203 39.2
      vertex 20.4923 -20.8245 0
      vertex 20.4923 -20.8245 39.2
    endloop
  endfacet
  facet normal 0.813045 -0.582201 0
    outer loop
      vertex 20.4923 -20.8245 0
      vertex 20.4237 -20.9203 39.2
      vertex 20.4237 -20.9203 0
    endloop
  endfacet
  facet normal 0.910918 -0.412587 0
    outer loop
      vertex 20.2573 -21.2315 39.2
      vertex 20.3059 -21.1242 0
      vertex 20.3059 -21.1242 39.2
    endloop
  endfacet
  facet normal 0.910918 -0.412587 0
    outer loop
      vertex 20.3059 -21.1242 0
      vertex 20.2573 -21.2315 39.2
      vertex 20.2573 -21.2315 0
    endloop
  endfacet
  facet normal 0.634486 0.772935 -0
    outer loop
      vertex 20.8245 -23.3483 0
      vertex 20.7335 -23.2736 39.2
      vertex 20.8245 -23.3483 39.2
    endloop
  endfacet
  facet normal 0.634486 0.772935 0
    outer loop
      vertex 20.7335 -23.2736 39.2
      vertex 20.8245 -23.3483 0
      vertex 20.7335 -23.2736 0
    endloop
  endfacet
  facet normal 0.471161 0.882047 -0
    outer loop
      vertex 21.1242 -23.5347 0
      vertex 21.0203 -23.4792 39.2
      vertex 21.1242 -23.5347 39.2
    endloop
  endfacet
  facet normal 0.471161 0.882047 0
    outer loop
      vertex 21.0203 -23.4792 39.2
      vertex 21.1242 -23.5347 0
      vertex 21.0203 -23.4792 0
    endloop
  endfacet
  facet normal 0.352426 0.93584 -0
    outer loop
      vertex 21.3417 -23.6248 0
      vertex 21.2315 -23.5833 39.2
      vertex 21.3417 -23.6248 39.2
    endloop
  endfacet
  facet normal 0.352426 0.93584 0
    outer loop
      vertex 21.2315 -23.5833 39.2
      vertex 21.3417 -23.6248 0
      vertex 21.2315 -23.5833 0
    endloop
  endfacet
  facet normal -0.849141 0.528166 0
    outer loop
      vertex 23.417 -22.9203 0
      vertex 23.4792 -22.8203 39.2
      vertex 23.4792 -22.8203 0
    endloop
  endfacet
  facet normal -0.849141 0.528166 0
    outer loop
      vertex 23.4792 -22.8203 39.2
      vertex 23.417 -22.9203 0
      vertex 23.417 -22.9203 39.2
    endloop
  endfacet
  facet normal -0.95691 0.290384 0
    outer loop
      vertex 23.6248 -22.4989 0
      vertex 23.659 -22.3862 39.2
      vertex 23.659 -22.3862 0
    endloop
  endfacet
  facet normal -0.95691 0.290384 0
    outer loop
      vertex 23.659 -22.3862 39.2
      vertex 23.6248 -22.4989 0
      vertex 23.6248 -22.4989 39.2
    endloop
  endfacet
  facet normal -0.528166 0.849141 0
    outer loop
      vertex 22.9203 -23.417 0
      vertex 22.8203 -23.4792 39.2
      vertex 22.9203 -23.417 39.2
    endloop
  endfacet
  facet normal -0.528166 0.849141 0
    outer loop
      vertex 22.8203 -23.4792 39.2
      vertex 22.9203 -23.417 0
      vertex 22.8203 -23.4792 0
    endloop
  endfacet
  facet normal 0.162885 0.986645 -0
    outer loop
      vertex 21.6854 -23.7049 0
      vertex 21.5691 -23.6857 39.2
      vertex 21.6854 -23.7049 39.2
    endloop
  endfacet
  facet normal 0.162885 0.986645 0
    outer loop
      vertex 21.5691 -23.6857 39.2
      vertex 21.6854 -23.7049 0
      vertex 21.5691 -23.6857 0
    endloop
  endfacet
  facet normal -0.0984117 0.995146 0
    outer loop
      vertex 22.1553 -23.7049 0
      vertex 22.038 -23.7165 39.2
      vertex 22.1553 -23.7049 39.2
    endloop
  endfacet
  facet normal -0.0984117 0.995146 0
    outer loop
      vertex 22.038 -23.7165 39.2
      vertex 22.1553 -23.7049 0
      vertex 22.038 -23.7165 0
    endloop
  endfacet
  facet normal -0.22672 0.97396 0
    outer loop
      vertex 22.3862 -23.659 0
      vertex 22.2715 -23.6857 39.2
      vertex 22.3862 -23.659 39.2
    endloop
  endfacet
  facet normal -0.22672 0.97396 0
    outer loop
      vertex 22.2715 -23.6857 39.2
      vertex 22.3862 -23.659 0
      vertex 22.2715 -23.6857 0
    endloop
  endfacet
  facet normal 0.881694 0.471821 0
    outer loop
      vertex 20.3615 -22.8203 39.2
      vertex 20.3059 -22.7164 0
      vertex 20.3059 -22.7164 39.2
    endloop
  endfacet
  facet normal 0.881694 0.471821 0
    outer loop
      vertex 20.3059 -22.7164 0
      vertex 20.3615 -22.8203 39.2
      vertex 20.3615 -22.8203 0
    endloop
  endfacet
  facet normal 0.97396 -0.22672 0
    outer loop
      vertex 20.1549 -21.5691 39.2
      vertex 20.1816 -21.4544 0
      vertex 20.1816 -21.4544 39.2
    endloop
  endfacet
  facet normal 0.97396 -0.22672 0
    outer loop
      vertex 20.1816 -21.4544 0
      vertex 20.1549 -21.5691 39.2
      vertex 20.1549 -21.5691 0
    endloop
  endfacet
  facet normal 0.999451 -0.0331169 0
    outer loop
      vertex 20.1203 -21.9203 39.2
      vertex 20.1242 -21.8026 0
      vertex 20.1242 -21.8026 39.2
    endloop
  endfacet
  facet normal 0.999451 -0.0331169 0
    outer loop
      vertex 20.1242 -21.8026 0
      vertex 20.1203 -21.9203 39.2
      vertex 20.1203 -21.9203 0
    endloop
  endfacet
  facet normal 0.849141 -0.528166 0
    outer loop
      vertex 20.3615 -21.0203 39.2
      vertex 20.4237 -20.9203 0
      vertex 20.4237 -20.9203 39.2
    endloop
  endfacet
  facet normal 0.849141 -0.528166 0
    outer loop
      vertex 20.4237 -20.9203 0
      vertex 20.3615 -21.0203 39.2
      vertex 20.3615 -21.0203 0
    endloop
  endfacet
  facet normal 0.582762 0.812643 -0
    outer loop
      vertex 20.9203 -23.417 0
      vertex 20.8245 -23.3483 39.2
      vertex 20.9203 -23.417 39.2
    endloop
  endfacet
  facet normal 0.582762 0.812643 0
    outer loop
      vertex 20.8245 -23.3483 39.2
      vertex 20.9203 -23.417 0
      vertex 20.8245 -23.3483 0
    endloop
  endfacet
  facet normal 0.412587 0.910918 -0
    outer loop
      vertex 21.2315 -23.5833 0
      vertex 21.1242 -23.5347 39.2
      vertex 21.2315 -23.5833 39.2
    endloop
  endfacet
  facet normal 0.412587 0.910918 0
    outer loop
      vertex 21.1242 -23.5347 39.2
      vertex 21.2315 -23.5833 0
      vertex 21.1242 -23.5347 0
    endloop
  endfacet
  facet normal -0.582762 0.812643 0
    outer loop
      vertex 23.0161 -23.3483 0
      vertex 22.9203 -23.417 39.2
      vertex 23.0161 -23.3483 39.2
    endloop
  endfacet
  facet normal -0.582762 0.812643 0
    outer loop
      vertex 22.9203 -23.417 39.2
      vertex 23.0161 -23.3483 0
      vertex 22.9203 -23.417 0
    endloop
  endfacet
  facet normal -0.352426 0.93584 0
    outer loop
      vertex 22.6091 -23.5833 0
      vertex 22.4989 -23.6248 39.2
      vertex 22.6091 -23.5833 39.2
    endloop
  endfacet
  facet normal -0.352426 0.93584 0
    outer loop
      vertex 22.4989 -23.6248 39.2
      vertex 22.6091 -23.5833 0
      vertex 22.4989 -23.6248 0
    endloop
  endfacet
  facet normal -0.0322687 0.999479 0
    outer loop
      vertex 22.038 -23.7165 0
      vertex 21.9203 -23.7203 39.2
      vertex 22.038 -23.7165 39.2
    endloop
  endfacet
  facet normal -0.0322687 0.999479 0
    outer loop
      vertex 21.9203 -23.7203 39.2
      vertex 22.038 -23.7165 0
      vertex 21.9203 -23.7203 0
    endloop
  endfacet
  facet normal 0.0984948 0.995138 -0
    outer loop
      vertex 21.8026 -23.7165 0
      vertex 21.6854 -23.7049 39.2
      vertex 21.8026 -23.7165 39.2
    endloop
  endfacet
  facet normal 0.0984948 0.995138 0
    outer loop
      vertex 21.6854 -23.7049 39.2
      vertex 21.8026 -23.7165 0
      vertex 21.6854 -23.7049 0
    endloop
  endfacet
  facet normal 0.995229 0.0975714 0
    outer loop
      vertex 20.1357 -22.1553 39.2
      vertex 20.1242 -22.038 0
      vertex 20.1242 -22.038 39.2
    endloop
  endfacet
  facet normal 0.995229 0.0975714 0
    outer loop
      vertex 20.1242 -22.038 0
      vertex 20.1357 -22.1553 39.2
      vertex 20.1357 -22.1553 0
    endloop
  endfacet
  facet normal 0.95691 0.290384 0
    outer loop
      vertex 20.2158 -22.4989 39.2
      vertex 20.1816 -22.3862 0
      vertex 20.1816 -22.3862 39.2
    endloop
  endfacet
  facet normal 0.95691 0.290384 0
    outer loop
      vertex 20.1816 -22.3862 0
      vertex 20.2158 -22.4989 39.2
      vertex 20.2158 -22.4989 0
    endloop
  endfacet
  facet normal 0.772935 0.634486 0
    outer loop
      vertex 20.567 -23.1071 39.2
      vertex 20.4923 -23.0161 0
      vertex 20.4923 -23.0161 39.2
    endloop
  endfacet
  facet normal 0.772935 0.634486 0
    outer loop
      vertex 20.4923 -23.0161 0
      vertex 20.567 -23.1071 39.2
      vertex 20.567 -23.1071 0
    endloop
  endfacet
  facet normal 0.95691 -0.290384 0
    outer loop
      vertex 20.1816 -21.4544 39.2
      vertex 20.2158 -21.3417 0
      vertex 20.2158 -21.3417 39.2
    endloop
  endfacet
  facet normal 0.95691 -0.290384 0
    outer loop
      vertex 20.2158 -21.3417 0
      vertex 20.1816 -21.4544 39.2
      vertex 20.1816 -21.4544 0
    endloop
  endfacet
  facet normal 0.99522 -0.0976539 0
    outer loop
      vertex 20.1242 -21.8026 39.2
      vertex 20.1357 -21.6854 0
      vertex 20.1357 -21.6854 39.2
    endloop
  endfacet
  facet normal 0.99522 -0.0976539 0
    outer loop
      vertex 20.1357 -21.6854 0
      vertex 20.1242 -21.8026 39.2
      vertex 20.1242 -21.8026 0
    endloop
  endfacet
  facet normal 0.986645 -0.162885 0
    outer loop
      vertex 20.1357 -21.6854 39.2
      vertex 20.1549 -21.5691 0
      vertex 20.1549 -21.5691 39.2
    endloop
  endfacet
  facet normal 0.986645 -0.162885 0
    outer loop
      vertex 20.1549 -21.5691 0
      vertex 20.1357 -21.6854 39.2
      vertex 20.1357 -21.6854 0
    endloop
  endfacet
  facet normal 0.999451 0.0331169 0
    outer loop
      vertex 20.1242 -22.038 39.2
      vertex 20.1203 -21.9203 0
      vertex 20.1203 -21.9203 39.2
    endloop
  endfacet
  facet normal 0.999451 0.0331169 0
    outer loop
      vertex 20.1203 -21.9203 0
      vertex 20.1242 -22.038 39.2
      vertex 20.1242 -22.038 0
    endloop
  endfacet
  facet normal 0.772935 -0.634486 0
    outer loop
      vertex 20.4923 -20.8245 39.2
      vertex 20.567 -20.7335 0
      vertex 20.567 -20.7335 39.2
    endloop
  endfacet
  facet normal 0.772935 -0.634486 0
    outer loop
      vertex 20.567 -20.7335 0
      vertex 20.4923 -20.8245 39.2
      vertex 20.4923 -20.8245 0
    endloop
  endfacet
  facet normal 0.730066 -0.683376 0
    outer loop
      vertex 20.567 -20.7335 39.2
      vertex 20.6475 -20.6475 0
      vertex 20.6475 -20.6475 39.2
    endloop
  endfacet
  facet normal 0.730066 -0.683376 0
    outer loop
      vertex 20.6475 -20.6475 0
      vertex 20.567 -20.7335 39.2
      vertex 20.567 -20.7335 0
    endloop
  endfacet
  facet normal 0.881694 -0.471821 0
    outer loop
      vertex 20.3059 -21.1242 39.2
      vertex 20.3615 -21.0203 0
      vertex 20.3615 -21.0203 39.2
    endloop
  endfacet
  facet normal 0.881694 -0.471821 0
    outer loop
      vertex 20.3615 -21.0203 0
      vertex 20.3059 -21.1242 39.2
      vertex 20.3059 -21.1242 0
    endloop
  endfacet
  facet normal 0.528166 0.849141 -0
    outer loop
      vertex 21.0203 -23.4792 0
      vertex 20.9203 -23.417 39.2
      vertex 21.0203 -23.4792 39.2
    endloop
  endfacet
  facet normal 0.528166 0.849141 0
    outer loop
      vertex 20.9203 -23.417 39.2
      vertex 21.0203 -23.4792 0
      vertex 20.9203 -23.417 0
    endloop
  endfacet
  facet normal 0.22672 0.97396 -0
    outer loop
      vertex 21.5691 -23.6857 0
      vertex 21.4544 -23.659 39.2
      vertex 21.5691 -23.6857 39.2
    endloop
  endfacet
  facet normal 0.22672 0.97396 0
    outer loop
      vertex 21.4544 -23.659 39.2
      vertex 21.5691 -23.6857 0
      vertex 21.4544 -23.659 0
    endloop
  endfacet
  facet normal 0.910918 0.412587 0
    outer loop
      vertex 20.3059 -22.7164 39.2
      vertex 20.2573 -22.6091 0
      vertex 20.2573 -22.6091 39.2
    endloop
  endfacet
  facet normal 0.910918 0.412587 0
    outer loop
      vertex 20.2573 -22.6091 0
      vertex 20.3059 -22.7164 39.2
      vertex 20.3059 -22.7164 0
    endloop
  endfacet
  facet normal 0.97396 0.22672 0
    outer loop
      vertex 20.1816 -22.3862 39.2
      vertex 20.1549 -22.2715 0
      vertex 20.1549 -22.2715 39.2
    endloop
  endfacet
  facet normal 0.97396 0.22672 0
    outer loop
      vertex 20.1549 -22.2715 0
      vertex 20.1816 -22.3862 39.2
      vertex 20.1816 -22.3862 0
    endloop
  endfacet
  facet normal 0.986622 0.163022 0
    outer loop
      vertex 20.1549 -22.2715 39.2
      vertex 20.1357 -22.1553 0
      vertex 20.1357 -22.1553 39.2
    endloop
  endfacet
  facet normal 0.986622 0.163022 0
    outer loop
      vertex 20.1357 -22.1553 0
      vertex 20.1549 -22.2715 39.2
      vertex 20.1549 -22.2715 0
    endloop
  endfacet
  facet normal 0.849141 0.528166 0
    outer loop
      vertex 20.4237 -22.9203 39.2
      vertex 20.3615 -22.8203 0
      vertex 20.3615 -22.8203 39.2
    endloop
  endfacet
  facet normal 0.849141 0.528166 0
    outer loop
      vertex 20.3615 -22.8203 0
      vertex 20.4237 -22.9203 39.2
      vertex 20.4237 -22.9203 0
    endloop
  endfacet
  facet normal 0.730066 0.683376 0
    outer loop
      vertex 20.6475 -23.1931 39.2
      vertex 20.567 -23.1071 0
      vertex 20.567 -23.1071 39.2
    endloop
  endfacet
  facet normal 0.730066 0.683376 0
    outer loop
      vertex 20.567 -23.1071 0
      vertex 20.6475 -23.1931 39.2
      vertex 20.6475 -23.1931 0
    endloop
  endfacet
  facet normal 0.0322687 0.999479 -0
    outer loop
      vertex 21.9203 -23.7203 0
      vertex 21.8026 -23.7165 39.2
      vertex 21.9203 -23.7203 39.2
    endloop
  endfacet
  facet normal 0.0322687 0.999479 0
    outer loop
      vertex 21.8026 -23.7165 39.2
      vertex 21.9203 -23.7203 0
      vertex 21.8026 -23.7165 0
    endloop
  endfacet
  facet normal 0.93584 0.352426 0
    outer loop
      vertex 20.2573 -22.6091 39.2
      vertex 20.2158 -22.4989 0
      vertex 20.2158 -22.4989 39.2
    endloop
  endfacet
  facet normal 0.93584 0.352426 0
    outer loop
      vertex 20.2158 -22.4989 0
      vertex 20.2573 -22.6091 39.2
      vertex 20.2573 -22.6091 0
    endloop
  endfacet
  facet normal 0.813045 0.582201 0
    outer loop
      vertex 20.4923 -23.0161 39.2
      vertex 20.4237 -22.9203 0
      vertex 20.4237 -22.9203 39.2
    endloop
  endfacet
  facet normal 0.813045 0.582201 0
    outer loop
      vertex 20.4237 -22.9203 0
      vertex 20.4923 -23.0161 39.2
      vertex 20.4923 -23.0161 0
    endloop
  endfacet
  facet normal -0.999464 -0.0327237 0
    outer loop
      vertex 29 0 0
      vertex 28.9379 1.89669 39.2
      vertex 28.9379 1.89669 0
    endloop
  endfacet
  facet normal -0.999464 -0.0327237 0
    outer loop
      vertex 28.9379 1.89669 39.2
      vertex 29 0 0
      vertex 29 0 39.2
    endloop
  endfacet
  facet normal 0.999464 -0.0327237 0
    outer loop
      vertex -29 0 39.2
      vertex -28.9379 1.89669 0
      vertex -28.9379 1.89669 39.2
    endloop
  endfacet
  facet normal 0.999464 -0.0327237 0
    outer loop
      vertex -28.9379 1.89669 0
      vertex -29 0 39.2
      vertex -29 0 0
    endloop
  endfacet
  facet normal -0.0327237 -0.999464 0
    outer loop
      vertex 0 29 36.2
      vertex 1.89669 28.9379 39.2
      vertex 0 29 39.2
    endloop
  endfacet
  facet normal -0.0327237 -0.999464 -0
    outer loop
      vertex 1.89669 28.9379 39.2
      vertex 0 29 36.2
      vertex 1.89669 28.9379 36.2
    endloop
  endfacet
  facet normal -0.0327237 -0.999464 0
    outer loop
      vertex 0 29 0
      vertex 1.89669 28.9379 3
      vertex 0 29 3
    endloop
  endfacet
  facet normal -0.0327237 -0.999464 -0
    outer loop
      vertex 1.89669 28.9379 3
      vertex 0 29 0
      vertex 1.89669 28.9379 0
    endloop
  endfacet
  facet normal -0.683596 -0.729861 0
    outer loop
      vertex 19.121 21.8034 0
      vertex 20.5061 20.5061 39.2
      vertex 19.121 21.8034 39.2
    endloop
  endfacet
  facet normal -0.683596 -0.729861 -0
    outer loop
      vertex 20.5061 20.5061 39.2
      vertex 19.121 21.8034 0
      vertex 20.5061 20.5061 0
    endloop
  endfacet
  facet normal 0.683596 -0.729861 0
    outer loop
      vertex -20.5061 20.5061 0
      vertex -19.121 21.8034 39.2
      vertex -20.5061 20.5061 39.2
    endloop
  endfacet
  facet normal 0.683596 -0.729861 0
    outer loop
      vertex -19.121 21.8034 39.2
      vertex -20.5061 20.5061 0
      vertex -19.121 21.8034 0
    endloop
  endfacet
  facet normal 0.352268 -0.935899 0
    outer loop
      vertex -11.0978 26.7925 36.2
      vertex -9.32174 27.461 39.2
      vertex -11.0978 26.7925 39.2
    endloop
  endfacet
  facet normal 0.352268 -0.935899 0
    outer loop
      vertex -9.32174 27.461 39.2
      vertex -11.0978 26.7925 36.2
      vertex -9.32174 27.461 36.2
    endloop
  endfacet
  facet normal 0.352268 -0.935899 0
    outer loop
      vertex -11.0978 26.7925 0
      vertex -9.32174 27.461 3
      vertex -11.0978 26.7925 3
    endloop
  endfacet
  facet normal 0.352268 -0.935899 0
    outer loop
      vertex -9.32174 27.461 3
      vertex -11.0978 26.7925 0
      vertex -9.32174 27.461 0
    endloop
  endfacet
  facet normal 0.935899 0.352268 0
    outer loop
      vertex -26.7925 -11.0978 39.2
      vertex -27.461 -9.32174 0
      vertex -27.461 -9.32174 39.2
    endloop
  endfacet
  facet normal 0.935899 0.352268 0
    outer loop
      vertex -27.461 -9.32174 0
      vertex -26.7925 -11.0978 39.2
      vertex -26.7925 -11.0978 0
    endloop
  endfacet
  facet normal -0.910867 -0.412699 0
    outer loop
      vertex 26.7925 11.0978 0
      vertex 26.0093 12.8264 39.2
      vertex 26.0093 12.8264 0
    endloop
  endfacet
  facet normal -0.910867 -0.412699 0
    outer loop
      vertex 26.0093 12.8264 39.2
      vertex 26.7925 11.0978 0
      vertex 26.7925 11.0978 39.2
    endloop
  endfacet
  facet normal -0.352268 -0.935899 0
    outer loop
      vertex 9.32174 27.461 36.2
      vertex 11.0978 26.7925 39.2
      vertex 9.32174 27.461 39.2
    endloop
  endfacet
  facet normal -0.352268 -0.935899 -0
    outer loop
      vertex 11.0978 26.7925 39.2
      vertex 9.32174 27.461 36.2
      vertex 11.0978 26.7925 36.2
    endloop
  endfacet
  facet normal -0.352268 -0.935899 0
    outer loop
      vertex 9.32174 27.461 0
      vertex 11.0978 26.7925 3
      vertex 9.32174 27.461 3
    endloop
  endfacet
  facet normal -0.352268 -0.935899 -0
    outer loop
      vertex 11.0978 26.7925 3
      vertex 9.32174 27.461 0
      vertex 11.0978 26.7925 0
    endloop
  endfacet
  facet normal 0.849201 -0.52807 0
    outer loop
      vertex -25.1147 14.5 39.2
      vertex -24.1126 16.1115 0
      vertex -24.1126 16.1115 39.2
    endloop
  endfacet
  facet normal 0.849201 -0.52807 0
    outer loop
      vertex -24.1126 16.1115 0
      vertex -25.1147 14.5 39.2
      vertex -25.1147 14.5 0
    endloop
  endfacet
  facet normal 0.773024 -0.634376 0
    outer loop
      vertex -23.0072 17.6541 39.2
      vertex -21.8034 19.121 0
      vertex -21.8034 19.121 39.2
    endloop
  endfacet
  facet normal 0.773024 -0.634376 0
    outer loop
      vertex -21.8034 19.121 0
      vertex -23.0072 17.6541 39.2
      vertex -23.0072 17.6541 0
    endloop
  endfacet
  facet normal 0.162881 -0.986646 0
    outer loop
      vertex -5.65762 28.4428 36.2
      vertex -3.78526 28.7519 39.2
      vertex -5.65762 28.4428 39.2
    endloop
  endfacet
  facet normal 0.162881 -0.986646 0
    outer loop
      vertex -3.78526 28.7519 39.2
      vertex -5.65762 28.4428 36.2
      vertex -3.78526 28.7519 36.2
    endloop
  endfacet
  facet normal 0.162881 -0.986646 0
    outer loop
      vertex -5.65762 28.4428 0
      vertex -3.78526 28.7519 3
      vertex -5.65762 28.4428 3
    endloop
  endfacet
  facet normal 0.162881 -0.986646 0
    outer loop
      vertex -3.78526 28.7519 3
      vertex -5.65762 28.4428 0
      vertex -3.78526 28.7519 0
    endloop
  endfacet
  facet normal -0.881912 0.471414 0
    outer loop
      vertex 25.1147 -14.5 0
      vertex 26.0093 -12.8264 39.2
      vertex 26.0093 -12.8264 0
    endloop
  endfacet
  facet normal -0.881912 0.471414 0
    outer loop
      vertex 26.0093 -12.8264 39.2
      vertex 25.1147 -14.5 0
      vertex 25.1147 -14.5 39.2
    endloop
  endfacet
  facet normal -0.227115 0.973868 0
    outer loop
      vertex 7.50575 -28.0118 36.2
      vertex 5.65762 -28.4428 39.2
      vertex 7.50575 -28.0118 39.2
    endloop
  endfacet
  facet normal -0.227115 0.973868 0
    outer loop
      vertex 5.65762 -28.4428 39.2
      vertex 7.50575 -28.0118 36.2
      vertex 5.65762 -28.4428 36.2
    endloop
  endfacet
  facet normal -0.227115 0.973868 0
    outer loop
      vertex 7.50575 -28.0118 0
      vertex 5.65762 -28.4428 3
      vertex 7.50575 -28.0118 3
    endloop
  endfacet
  facet normal -0.227115 0.973868 0
    outer loop
      vertex 5.65762 -28.4428 3
      vertex 7.50575 -28.0118 0
      vertex 5.65762 -28.4428 0
    endloop
  endfacet
  facet normal -0.729861 0.683596 0
    outer loop
      vertex 20.5061 -20.5061 0
      vertex 21.8034 -19.121 39.2
      vertex 21.8034 -19.121 0
    endloop
  endfacet
  facet normal -0.729861 0.683596 0
    outer loop
      vertex 21.8034 -19.121 39.2
      vertex 20.5061 -20.5061 0
      vertex 20.5061 -20.5061 39.2
    endloop
  endfacet
  facet normal 0.352268 0.935899 -0
    outer loop
      vertex -9.32174 -27.461 36.2
      vertex -11.0978 -26.7925 39.2
      vertex -9.32174 -27.461 39.2
    endloop
  endfacet
  facet normal 0.352268 0.935899 0
    outer loop
      vertex -11.0978 -26.7925 39.2
      vertex -9.32174 -27.461 36.2
      vertex -11.0978 -26.7925 36.2
    endloop
  endfacet
  facet normal 0.352268 0.935899 -0
    outer loop
      vertex -9.32174 -27.461 0
      vertex -11.0978 -26.7925 3
      vertex -9.32174 -27.461 3
    endloop
  endfacet
  facet normal 0.352268 0.935899 0
    outer loop
      vertex -11.0978 -26.7925 3
      vertex -9.32174 -27.461 0
      vertex -11.0978 -26.7925 0
    endloop
  endfacet
  facet normal 0.729861 0.683596 0
    outer loop
      vertex -20.5061 -20.5061 39.2
      vertex -21.8034 -19.121 0
      vertex -21.8034 -19.121 39.2
    endloop
  endfacet
  facet normal 0.729861 0.683596 0
    outer loop
      vertex -21.8034 -19.121 0
      vertex -20.5061 -20.5061 39.2
      vertex -20.5061 -20.5061 0
    endloop
  endfacet
  facet normal -0.986646 -0.162881 0
    outer loop
      vertex 28.7519 3.78526 0
      vertex 28.4428 5.65762 39.2
      vertex 28.4428 5.65762 0
    endloop
  endfacet
  facet normal -0.986646 -0.162881 0
    outer loop
      vertex 28.4428 5.65762 39.2
      vertex 28.7519 3.78526 0
      vertex 28.7519 3.78526 39.2
    endloop
  endfacet
  facet normal -0.995185 -0.098013 0
    outer loop
      vertex 28.9379 1.89669 0
      vertex 28.7519 3.78526 39.2
      vertex 28.7519 3.78526 0
    endloop
  endfacet
  facet normal -0.995185 -0.098013 0
    outer loop
      vertex 28.7519 3.78526 39.2
      vertex 28.9379 1.89669 0
      vertex 28.9379 1.89669 39.2
    endloop
  endfacet
  facet normal -0.956951 -0.290249 0
    outer loop
      vertex 28.0118 7.50575 0
      vertex 27.461 9.32174 39.2
      vertex 27.461 9.32174 0
    endloop
  endfacet
  facet normal -0.956951 -0.290249 0
    outer loop
      vertex 27.461 9.32174 39.2
      vertex 28.0118 7.50575 0
      vertex 28.0118 7.50575 39.2
    endloop
  endfacet
  facet normal -0.773024 -0.634376 0
    outer loop
      vertex 23.0072 17.6541 0
      vertex 21.8034 19.121 39.2
      vertex 21.8034 19.121 0
    endloop
  endfacet
  facet normal -0.773024 -0.634376 0
    outer loop
      vertex 21.8034 19.121 39.2
      vertex 23.0072 17.6541 0
      vertex 23.0072 17.6541 39.2
    endloop
  endfacet
  facet normal -0.881912 -0.471414 0
    outer loop
      vertex 26.0093 12.8264 0
      vertex 25.1147 14.5 39.2
      vertex 25.1147 14.5 0
    endloop
  endfacet
  facet normal -0.881912 -0.471414 0
    outer loop
      vertex 25.1147 14.5 39.2
      vertex 26.0093 12.8264 0
      vertex 26.0093 12.8264 39.2
    endloop
  endfacet
  facet normal -0.162881 -0.986646 0
    outer loop
      vertex 3.78526 28.7519 36.2
      vertex 5.65762 28.4428 39.2
      vertex 3.78526 28.7519 39.2
    endloop
  endfacet
  facet normal -0.162881 -0.986646 -0
    outer loop
      vertex 5.65762 28.4428 39.2
      vertex 3.78526 28.7519 36.2
      vertex 5.65762 28.4428 36.2
    endloop
  endfacet
  facet normal -0.162881 -0.986646 0
    outer loop
      vertex 3.78526 28.7519 0
      vertex 5.65762 28.4428 3
      vertex 3.78526 28.7519 3
    endloop
  endfacet
  facet normal -0.162881 -0.986646 -0
    outer loop
      vertex 5.65762 28.4428 3
      vertex 3.78526 28.7519 0
      vertex 5.65762 28.4428 0
    endloop
  endfacet
  facet normal -0.227115 -0.973868 0
    outer loop
      vertex 5.65762 28.4428 36.2
      vertex 7.50575 28.0118 39.2
      vertex 5.65762 28.4428 39.2
    endloop
  endfacet
  facet normal -0.227115 -0.973868 -0
    outer loop
      vertex 7.50575 28.0118 39.2
      vertex 5.65762 28.4428 36.2
      vertex 7.50575 28.0118 36.2
    endloop
  endfacet
  facet normal -0.227115 -0.973868 0
    outer loop
      vertex 5.65762 28.4428 0
      vertex 7.50575 28.0118 3
      vertex 5.65762 28.4428 3
    endloop
  endfacet
  facet normal -0.227115 -0.973868 -0
    outer loop
      vertex 7.50575 28.0118 3
      vertex 5.65762 28.4428 0
      vertex 7.50575 28.0118 0
    endloop
  endfacet
  facet normal -0.098013 -0.995185 0
    outer loop
      vertex 1.89669 28.9379 36.2
      vertex 3.78526 28.7519 39.2
      vertex 1.89669 28.9379 39.2
    endloop
  endfacet
  facet normal -0.098013 -0.995185 -0
    outer loop
      vertex 3.78526 28.7519 39.2
      vertex 1.89669 28.9379 36.2
      vertex 3.78526 28.7519 36.2
    endloop
  endfacet
  facet normal -0.098013 -0.995185 0
    outer loop
      vertex 1.89669 28.9379 0
      vertex 3.78526 28.7519 3
      vertex 1.89669 28.9379 3
    endloop
  endfacet
  facet normal -0.098013 -0.995185 -0
    outer loop
      vertex 3.78526 28.7519 3
      vertex 1.89669 28.9379 0
      vertex 3.78526 28.7519 0
    endloop
  endfacet
  facet normal -0.634376 -0.773024 0
    outer loop
      vertex 17.6541 23.0072 0
      vertex 19.121 21.8034 39.2
      vertex 17.6541 23.0072 39.2
    endloop
  endfacet
  facet normal -0.634376 -0.773024 -0
    outer loop
      vertex 19.121 21.8034 39.2
      vertex 17.6541 23.0072 0
      vertex 19.121 21.8034 0
    endloop
  endfacet
  facet normal 0.956951 -0.290249 0
    outer loop
      vertex -28.0118 7.50575 39.2
      vertex -27.461 9.32174 0
      vertex -27.461 9.32174 39.2
    endloop
  endfacet
  facet normal 0.956951 -0.290249 0
    outer loop
      vertex -27.461 9.32174 0
      vertex -28.0118 7.50575 39.2
      vertex -28.0118 7.50575 0
    endloop
  endfacet
  facet normal 0.729861 -0.683596 0
    outer loop
      vertex -21.8034 19.121 39.2
      vertex -20.5061 20.5061 0
      vertex -20.5061 20.5061 39.2
    endloop
  endfacet
  facet normal 0.729861 -0.683596 0
    outer loop
      vertex -20.5061 20.5061 0
      vertex -21.8034 19.121 39.2
      vertex -21.8034 19.121 0
    endloop
  endfacet
  facet normal 0.986646 -0.162881 0
    outer loop
      vertex -28.7519 3.78526 39.2
      vertex -28.4428 5.65762 0
      vertex -28.4428 5.65762 39.2
    endloop
  endfacet
  facet normal 0.986646 -0.162881 0
    outer loop
      vertex -28.4428 5.65762 0
      vertex -28.7519 3.78526 39.2
      vertex -28.7519 3.78526 0
    endloop
  endfacet
  facet normal 0.471414 -0.881912 0
    outer loop
      vertex -14.5 25.1147 36.2
      vertex -12.8264 26.0093 39.2
      vertex -14.5 25.1147 39.2
    endloop
  endfacet
  facet normal 0.471414 -0.881912 0
    outer loop
      vertex -12.8264 26.0093 39.2
      vertex -14.5 25.1147 36.2
      vertex -12.8264 26.0093 36.2
    endloop
  endfacet
  facet normal 0.471414 -0.881912 0
    outer loop
      vertex -14.5 25.1147 0
      vertex -12.8264 26.0093 3
      vertex -14.5 25.1147 3
    endloop
  endfacet
  facet normal 0.471414 -0.881912 0
    outer loop
      vertex -12.8264 26.0093 3
      vertex -14.5 25.1147 0
      vertex -12.8264 26.0093 0
    endloop
  endfacet
  facet normal 0.52807 -0.849201 0
    outer loop
      vertex -16.1115 24.1126 36.2
      vertex -14.5 25.1147 39.2
      vertex -16.1115 24.1126 39.2
    endloop
  endfacet
  facet normal 0.52807 -0.849201 0
    outer loop
      vertex -14.5 25.1147 39.2
      vertex -16.1115 24.1126 36.2
      vertex -14.5 25.1147 36.2
    endloop
  endfacet
  facet normal 0.52807 -0.849201 0
    outer loop
      vertex -16.1115 24.1126 0
      vertex -14.5 25.1147 3
      vertex -16.1115 24.1126 3
    endloop
  endfacet
  facet normal 0.52807 -0.849201 0
    outer loop
      vertex -14.5 25.1147 3
      vertex -16.1115 24.1126 0
      vertex -14.5 25.1147 0
    endloop
  endfacet
  facet normal 0.290249 -0.956951 0
    outer loop
      vertex -9.32174 27.461 36.2
      vertex -7.50575 28.0118 39.2
      vertex -9.32174 27.461 39.2
    endloop
  endfacet
  facet normal 0.290249 -0.956951 0
    outer loop
      vertex -7.50575 28.0118 39.2
      vertex -9.32174 27.461 36.2
      vertex -7.50575 28.0118 36.2
    endloop
  endfacet
  facet normal 0.290249 -0.956951 0
    outer loop
      vertex -9.32174 27.461 0
      vertex -7.50575 28.0118 3
      vertex -9.32174 27.461 3
    endloop
  endfacet
  facet normal 0.290249 -0.956951 0
    outer loop
      vertex -7.50575 28.0118 3
      vertex -9.32174 27.461 0
      vertex -7.50575 28.0118 0
    endloop
  endfacet
  facet normal 0.098013 -0.995185 0
    outer loop
      vertex -3.78526 28.7519 36.2
      vertex -1.89669 28.9379 39.2
      vertex -3.78526 28.7519 39.2
    endloop
  endfacet
  facet normal 0.098013 -0.995185 0
    outer loop
      vertex -1.89669 28.9379 39.2
      vertex -3.78526 28.7519 36.2
      vertex -1.89669 28.9379 36.2
    endloop
  endfacet
  facet normal 0.098013 -0.995185 0
    outer loop
      vertex -3.78526 28.7519 0
      vertex -1.89669 28.9379 3
      vertex -3.78526 28.7519 3
    endloop
  endfacet
  facet normal 0.098013 -0.995185 0
    outer loop
      vertex -1.89669 28.9379 3
      vertex -3.78526 28.7519 0
      vertex -1.89669 28.9379 0
    endloop
  endfacet
  facet normal -0.773024 0.634376 0
    outer loop
      vertex 21.8034 -19.121 0
      vertex 23.0072 -17.6541 39.2
      vertex 23.0072 -17.6541 0
    endloop
  endfacet
  facet normal -0.773024 0.634376 0
    outer loop
      vertex 23.0072 -17.6541 39.2
      vertex 21.8034 -19.121 0
      vertex 21.8034 -19.121 39.2
    endloop
  endfacet
  facet normal -0.986646 0.162881 0
    outer loop
      vertex 28.4428 -5.65762 0
      vertex 28.7519 -3.78526 39.2
      vertex 28.7519 -3.78526 0
    endloop
  endfacet
  facet normal -0.986646 0.162881 0
    outer loop
      vertex 28.7519 -3.78526 39.2
      vertex 28.4428 -5.65762 0
      vertex 28.4428 -5.65762 39.2
    endloop
  endfacet
  facet normal -0.995185 0.098013 0
    outer loop
      vertex 28.7519 -3.78526 0
      vertex 28.9379 -1.89669 39.2
      vertex 28.9379 -1.89669 0
    endloop
  endfacet
  facet normal -0.995185 0.098013 0
    outer loop
      vertex 28.9379 -1.89669 39.2
      vertex 28.7519 -3.78526 0
      vertex 28.7519 -3.78526 39.2
    endloop
  endfacet
  facet normal 0.683596 0.729861 -0
    outer loop
      vertex -19.121 -21.8034 0
      vertex -20.5061 -20.5061 39.2
      vertex -19.121 -21.8034 39.2
    endloop
  endfacet
  facet normal 0.683596 0.729861 0
    outer loop
      vertex -20.5061 -20.5061 39.2
      vertex -19.121 -21.8034 0
      vertex -20.5061 -20.5061 0
    endloop
  endfacet
  facet normal 0.634376 0.773024 -0
    outer loop
      vertex -17.6541 -23.0072 0
      vertex -19.121 -21.8034 39.2
      vertex -17.6541 -23.0072 39.2
    endloop
  endfacet
  facet normal 0.634376 0.773024 0
    outer loop
      vertex -19.121 -21.8034 39.2
      vertex -17.6541 -23.0072 0
      vertex -19.121 -21.8034 0
    endloop
  endfacet
  facet normal 0.412699 0.910867 -0
    outer loop
      vertex -11.0978 -26.7925 36.2
      vertex -12.8264 -26.0093 39.2
      vertex -11.0978 -26.7925 39.2
    endloop
  endfacet
  facet normal 0.412699 0.910867 0
    outer loop
      vertex -12.8264 -26.0093 39.2
      vertex -11.0978 -26.7925 36.2
      vertex -12.8264 -26.0093 36.2
    endloop
  endfacet
  facet normal 0.412699 0.910867 -0
    outer loop
      vertex -11.0978 -26.7925 0
      vertex -12.8264 -26.0093 3
      vertex -11.0978 -26.7925 3
    endloop
  endfacet
  facet normal 0.412699 0.910867 0
    outer loop
      vertex -12.8264 -26.0093 3
      vertex -11.0978 -26.7925 0
      vertex -12.8264 -26.0093 0
    endloop
  endfacet
  facet normal 0.52807 0.849201 -0
    outer loop
      vertex -14.5 -25.1147 36.2
      vertex -16.1115 -24.1126 39.2
      vertex -14.5 -25.1147 39.2
    endloop
  endfacet
  facet normal 0.52807 0.849201 0
    outer loop
      vertex -16.1115 -24.1126 39.2
      vertex -14.5 -25.1147 36.2
      vertex -16.1115 -24.1126 36.2
    endloop
  endfacet
  facet normal 0.52807 0.849201 -0
    outer loop
      vertex -14.5 -25.1147 0
      vertex -16.1115 -24.1126 3
      vertex -14.5 -25.1147 3
    endloop
  endfacet
  facet normal 0.52807 0.849201 0
    outer loop
      vertex -16.1115 -24.1126 3
      vertex -14.5 -25.1147 0
      vertex -16.1115 -24.1126 0
    endloop
  endfacet
  facet normal 0.162881 0.986646 -0
    outer loop
      vertex -3.78526 -28.7519 36.2
      vertex -5.65762 -28.4428 39.2
      vertex -3.78526 -28.7519 39.2
    endloop
  endfacet
  facet normal 0.162881 0.986646 0
    outer loop
      vertex -5.65762 -28.4428 39.2
      vertex -3.78526 -28.7519 36.2
      vertex -5.65762 -28.4428 36.2
    endloop
  endfacet
  facet normal 0.162881 0.986646 -0
    outer loop
      vertex -3.78526 -28.7519 0
      vertex -5.65762 -28.4428 3
      vertex -3.78526 -28.7519 3
    endloop
  endfacet
  facet normal 0.162881 0.986646 0
    outer loop
      vertex -5.65762 -28.4428 3
      vertex -3.78526 -28.7519 0
      vertex -5.65762 -28.4428 0
    endloop
  endfacet
  facet normal 0.849201 0.52807 0
    outer loop
      vertex -24.1126 -16.1115 39.2
      vertex -25.1147 -14.5 0
      vertex -25.1147 -14.5 39.2
    endloop
  endfacet
  facet normal 0.849201 0.52807 0
    outer loop
      vertex -25.1147 -14.5 0
      vertex -24.1126 -16.1115 39.2
      vertex -24.1126 -16.1115 0
    endloop
  endfacet
  facet normal -0.973868 -0.227115 0
    outer loop
      vertex 28.4428 5.65762 0
      vertex 28.0118 7.50575 39.2
      vertex 28.0118 7.50575 0
    endloop
  endfacet
  facet normal -0.973868 -0.227115 0
    outer loop
      vertex 28.0118 7.50575 39.2
      vertex 28.4428 5.65762 0
      vertex 28.4428 5.65762 39.2
    endloop
  endfacet
  facet normal -0.81285 -0.582474 0
    outer loop
      vertex 24.1126 16.1115 0
      vertex 23.0072 17.6541 39.2
      vertex 23.0072 17.6541 0
    endloop
  endfacet
  facet normal -0.81285 -0.582474 0
    outer loop
      vertex 23.0072 17.6541 39.2
      vertex 24.1126 16.1115 0
      vertex 24.1126 16.1115 39.2
    endloop
  endfacet
  facet normal -0.471414 -0.881912 0
    outer loop
      vertex 12.8264 26.0093 36.2
      vertex 14.5 25.1147 39.2
      vertex 12.8264 26.0093 39.2
    endloop
  endfacet
  facet normal -0.471414 -0.881912 -0
    outer loop
      vertex 14.5 25.1147 39.2
      vertex 12.8264 26.0093 36.2
      vertex 14.5 25.1147 36.2
    endloop
  endfacet
  facet normal -0.471414 -0.881912 0
    outer loop
      vertex 12.8264 26.0093 0
      vertex 14.5 25.1147 3
      vertex 12.8264 26.0093 3
    endloop
  endfacet
  facet normal -0.471414 -0.881912 -0
    outer loop
      vertex 14.5 25.1147 3
      vertex 12.8264 26.0093 0
      vertex 14.5 25.1147 0
    endloop
  endfacet
  facet normal -0.412699 -0.910867 0
    outer loop
      vertex 11.0978 26.7925 36.2
      vertex 12.8264 26.0093 39.2
      vertex 11.0978 26.7925 39.2
    endloop
  endfacet
  facet normal -0.412699 -0.910867 -0
    outer loop
      vertex 12.8264 26.0093 39.2
      vertex 11.0978 26.7925 36.2
      vertex 12.8264 26.0093 36.2
    endloop
  endfacet
  facet normal -0.412699 -0.910867 0
    outer loop
      vertex 11.0978 26.7925 0
      vertex 12.8264 26.0093 3
      vertex 11.0978 26.7925 3
    endloop
  endfacet
  facet normal -0.412699 -0.910867 -0
    outer loop
      vertex 12.8264 26.0093 3
      vertex 11.0978 26.7925 0
      vertex 12.8264 26.0093 0
    endloop
  endfacet
  facet normal -0.52807 -0.849201 0
    outer loop
      vertex 14.5 25.1147 36.2
      vertex 16.1115 24.1126 39.2
      vertex 14.5 25.1147 39.2
    endloop
  endfacet
  facet normal -0.52807 -0.849201 -0
    outer loop
      vertex 16.1115 24.1126 39.2
      vertex 14.5 25.1147 36.2
      vertex 16.1115 24.1126 36.2
    endloop
  endfacet
  facet normal -0.52807 -0.849201 0
    outer loop
      vertex 14.5 25.1147 0
      vertex 16.1115 24.1126 3
      vertex 14.5 25.1147 3
    endloop
  endfacet
  facet normal -0.52807 -0.849201 -0
    outer loop
      vertex 16.1115 24.1126 3
      vertex 14.5 25.1147 0
      vertex 16.1115 24.1126 0
    endloop
  endfacet
  facet normal 0.910867 -0.412699 0
    outer loop
      vertex -26.7925 11.0978 39.2
      vertex -26.0093 12.8264 0
      vertex -26.0093 12.8264 39.2
    endloop
  endfacet
  facet normal 0.910867 -0.412699 0
    outer loop
      vertex -26.0093 12.8264 0
      vertex -26.7925 11.0978 39.2
      vertex -26.7925 11.0978 0
    endloop
  endfacet
  facet normal 0.935899 -0.352268 0
    outer loop
      vertex -27.461 9.32174 39.2
      vertex -26.7925 11.0978 0
      vertex -26.7925 11.0978 39.2
    endloop
  endfacet
  facet normal 0.935899 -0.352268 0
    outer loop
      vertex -26.7925 11.0978 0
      vertex -27.461 9.32174 39.2
      vertex -27.461 9.32174 0
    endloop
  endfacet
  facet normal 0.973868 -0.227115 0
    outer loop
      vertex -28.4428 5.65762 39.2
      vertex -28.0118 7.50575 0
      vertex -28.0118 7.50575 39.2
    endloop
  endfacet
  facet normal 0.973868 -0.227115 0
    outer loop
      vertex -28.0118 7.50575 0
      vertex -28.4428 5.65762 39.2
      vertex -28.4428 5.65762 0
    endloop
  endfacet
  facet normal 0.995185 -0.098013 0
    outer loop
      vertex -28.9379 1.89669 39.2
      vertex -28.7519 3.78526 0
      vertex -28.7519 3.78526 39.2
    endloop
  endfacet
  facet normal 0.995185 -0.098013 0
    outer loop
      vertex -28.7519 3.78526 0
      vertex -28.9379 1.89669 39.2
      vertex -28.9379 1.89669 0
    endloop
  endfacet
  facet normal 0.412699 -0.910867 0
    outer loop
      vertex -12.8264 26.0093 36.2
      vertex -11.0978 26.7925 39.2
      vertex -12.8264 26.0093 39.2
    endloop
  endfacet
  facet normal 0.412699 -0.910867 0
    outer loop
      vertex -11.0978 26.7925 39.2
      vertex -12.8264 26.0093 36.2
      vertex -11.0978 26.7925 36.2
    endloop
  endfacet
  facet normal 0.412699 -0.910867 0
    outer loop
      vertex -12.8264 26.0093 0
      vertex -11.0978 26.7925 3
      vertex -12.8264 26.0093 3
    endloop
  endfacet
  facet normal 0.412699 -0.910867 0
    outer loop
      vertex -11.0978 26.7925 3
      vertex -12.8264 26.0093 0
      vertex -11.0978 26.7925 0
    endloop
  endfacet
  facet normal 0.582474 -0.81285 -2.26125e-05
    outer loop
      vertex -17.6541 23.0072 39.2
      vertex -17 23.476 36.2
      vertex -16.1115 24.1126 39.2
    endloop
  endfacet
  facet normal 0.582542 -0.8128 0
    outer loop
      vertex -17.6541 23.0072 39.2
      vertex -17 23.476 3
      vertex -17 23.476 36.2
    endloop
  endfacet
  facet normal 0.582542 -0.8128 0
    outer loop
      vertex -17.6541 23.0072 0
      vertex -17 23.476 3
      vertex -17.6541 23.0072 39.2
    endloop
  endfacet
  facet normal 0.582474 -0.81285 2.26125e-05
    outer loop
      vertex -16.1115 24.1126 0
      vertex -17 23.476 3
      vertex -17.6541 23.0072 0
    endloop
  endfacet
  facet normal 0.582423 -0.812886 0
    outer loop
      vertex -17 23.476 3
      vertex -16.1115 24.1126 0
      vertex -16.1115 24.1126 3
    endloop
  endfacet
  facet normal 0.582423 -0.812886 0
    outer loop
      vertex -16.1115 24.1126 39.2
      vertex -17 23.476 36.2
      vertex -16.1115 24.1126 36.2
    endloop
  endfacet
  facet normal 0.634376 -0.773024 0
    outer loop
      vertex -19.121 21.8034 0
      vertex -17.6541 23.0072 39.2
      vertex -19.121 21.8034 39.2
    endloop
  endfacet
  facet normal 0.634376 -0.773024 0
    outer loop
      vertex -17.6541 23.0072 39.2
      vertex -19.121 21.8034 0
      vertex -17.6541 23.0072 0
    endloop
  endfacet
  facet normal 0.0327237 -0.999464 0
    outer loop
      vertex -1.89669 28.9379 36.2
      vertex 0 29 39.2
      vertex -1.89669 28.9379 39.2
    endloop
  endfacet
  facet normal 0.0327237 -0.999464 0
    outer loop
      vertex 0 29 39.2
      vertex -1.89669 28.9379 36.2
      vertex 0 29 36.2
    endloop
  endfacet
  facet normal 0.0327237 -0.999464 0
    outer loop
      vertex -1.89669 28.9379 0
      vertex 0 29 3
      vertex -1.89669 28.9379 3
    endloop
  endfacet
  facet normal 0.0327237 -0.999464 0
    outer loop
      vertex 0 29 3
      vertex -1.89669 28.9379 0
      vertex 0 29 0
    endloop
  endfacet
  facet normal -0.999464 0.0327237 0
    outer loop
      vertex 28.9379 -1.89669 0
      vertex 29 0 39.2
      vertex 29 0 0
    endloop
  endfacet
  facet normal -0.999464 0.0327237 0
    outer loop
      vertex 29 0 39.2
      vertex 28.9379 -1.89669 0
      vertex 28.9379 -1.89669 39.2
    endloop
  endfacet
  facet normal -0.0327237 0.999464 0
    outer loop
      vertex 1.89669 -28.9379 36.2
      vertex 0 -29 39.2
      vertex 1.89669 -28.9379 39.2
    endloop
  endfacet
  facet normal -0.0327237 0.999464 0
    outer loop
      vertex 0 -29 39.2
      vertex 1.89669 -28.9379 36.2
      vertex 0 -29 36.2
    endloop
  endfacet
  facet normal -0.0327237 0.999464 0
    outer loop
      vertex 1.89669 -28.9379 0
      vertex 0 -29 3
      vertex 1.89669 -28.9379 3
    endloop
  endfacet
  facet normal -0.0327237 0.999464 0
    outer loop
      vertex 0 -29 3
      vertex 1.89669 -28.9379 0
      vertex 0 -29 0
    endloop
  endfacet
  facet normal -0.162881 0.986646 0
    outer loop
      vertex 5.65762 -28.4428 36.2
      vertex 3.78526 -28.7519 39.2
      vertex 5.65762 -28.4428 39.2
    endloop
  endfacet
  facet normal -0.162881 0.986646 0
    outer loop
      vertex 3.78526 -28.7519 39.2
      vertex 5.65762 -28.4428 36.2
      vertex 3.78526 -28.7519 36.2
    endloop
  endfacet
  facet normal -0.162881 0.986646 0
    outer loop
      vertex 5.65762 -28.4428 0
      vertex 3.78526 -28.7519 3
      vertex 5.65762 -28.4428 3
    endloop
  endfacet
  facet normal -0.162881 0.986646 0
    outer loop
      vertex 3.78526 -28.7519 3
      vertex 5.65762 -28.4428 0
      vertex 3.78526 -28.7519 0
    endloop
  endfacet
  facet normal -0.352268 0.935899 0
    outer loop
      vertex 11.0978 -26.7925 36.2
      vertex 9.32174 -27.461 39.2
      vertex 11.0978 -26.7925 39.2
    endloop
  endfacet
  facet normal -0.352268 0.935899 0
    outer loop
      vertex 9.32174 -27.461 39.2
      vertex 11.0978 -26.7925 36.2
      vertex 9.32174 -27.461 36.2
    endloop
  endfacet
  facet normal -0.352268 0.935899 0
    outer loop
      vertex 11.0978 -26.7925 0
      vertex 9.32174 -27.461 3
      vertex 11.0978 -26.7925 3
    endloop
  endfacet
  facet normal -0.352268 0.935899 0
    outer loop
      vertex 9.32174 -27.461 3
      vertex 11.0978 -26.7925 0
      vertex 9.32174 -27.461 0
    endloop
  endfacet
  facet normal -0.290249 0.956951 0
    outer loop
      vertex 9.32174 -27.461 36.2
      vertex 7.50575 -28.0118 39.2
      vertex 9.32174 -27.461 39.2
    endloop
  endfacet
  facet normal -0.290249 0.956951 0
    outer loop
      vertex 7.50575 -28.0118 39.2
      vertex 9.32174 -27.461 36.2
      vertex 7.50575 -28.0118 36.2
    endloop
  endfacet
  facet normal -0.290249 0.956951 0
    outer loop
      vertex 9.32174 -27.461 0
      vertex 7.50575 -28.0118 3
      vertex 9.32174 -27.461 3
    endloop
  endfacet
  facet normal -0.290249 0.956951 0
    outer loop
      vertex 7.50575 -28.0118 3
      vertex 9.32174 -27.461 0
      vertex 7.50575 -28.0118 0
    endloop
  endfacet
  facet normal -0.582474 0.81285 -2.26125e-05
    outer loop
      vertex 17.6541 -23.0072 39.2
      vertex 17 -23.476 36.2
      vertex 16.1115 -24.1126 39.2
    endloop
  endfacet
  facet normal -0.582542 0.8128 0
    outer loop
      vertex 17.6541 -23.0072 39.2
      vertex 17 -23.476 3
      vertex 17 -23.476 36.2
    endloop
  endfacet
  facet normal -0.582542 0.8128 0
    outer loop
      vertex 17.6541 -23.0072 0
      vertex 17 -23.476 3
      vertex 17.6541 -23.0072 39.2
    endloop
  endfacet
  facet normal -0.582474 0.81285 2.26125e-05
    outer loop
      vertex 16.1115 -24.1126 0
      vertex 17 -23.476 3
      vertex 17.6541 -23.0072 0
    endloop
  endfacet
  facet normal -0.582423 0.812886 0
    outer loop
      vertex 17 -23.476 3
      vertex 16.1115 -24.1126 0
      vertex 16.1115 -24.1126 3
    endloop
  endfacet
  facet normal -0.582423 0.812886 0
    outer loop
      vertex 16.1115 -24.1126 39.2
      vertex 17 -23.476 36.2
      vertex 16.1115 -24.1126 36.2
    endloop
  endfacet
  facet normal -0.683596 0.729861 0
    outer loop
      vertex 20.5061 -20.5061 0
      vertex 19.121 -21.8034 39.2
      vertex 20.5061 -20.5061 39.2
    endloop
  endfacet
  facet normal -0.683596 0.729861 0
    outer loop
      vertex 19.121 -21.8034 39.2
      vertex 20.5061 -20.5061 0
      vertex 19.121 -21.8034 0
    endloop
  endfacet
  facet normal -0.634376 0.773024 0
    outer loop
      vertex 19.121 -21.8034 0
      vertex 17.6541 -23.0072 39.2
      vertex 19.121 -21.8034 39.2
    endloop
  endfacet
  facet normal -0.634376 0.773024 0
    outer loop
      vertex 17.6541 -23.0072 39.2
      vertex 19.121 -21.8034 0
      vertex 17.6541 -23.0072 0
    endloop
  endfacet
  facet normal -0.412699 0.910867 0
    outer loop
      vertex 12.8264 -26.0093 36.2
      vertex 11.0978 -26.7925 39.2
      vertex 12.8264 -26.0093 39.2
    endloop
  endfacet
  facet normal -0.412699 0.910867 0
    outer loop
      vertex 11.0978 -26.7925 39.2
      vertex 12.8264 -26.0093 36.2
      vertex 11.0978 -26.7925 36.2
    endloop
  endfacet
  facet normal -0.412699 0.910867 0
    outer loop
      vertex 12.8264 -26.0093 0
      vertex 11.0978 -26.7925 3
      vertex 12.8264 -26.0093 3
    endloop
  endfacet
  facet normal -0.412699 0.910867 0
    outer loop
      vertex 11.0978 -26.7925 3
      vertex 12.8264 -26.0093 0
      vertex 11.0978 -26.7925 0
    endloop
  endfacet
  facet normal -0.52807 0.849201 0
    outer loop
      vertex 16.1115 -24.1126 36.2
      vertex 14.5 -25.1147 39.2
      vertex 16.1115 -24.1126 39.2
    endloop
  endfacet
  facet normal -0.52807 0.849201 0
    outer loop
      vertex 14.5 -25.1147 39.2
      vertex 16.1115 -24.1126 36.2
      vertex 14.5 -25.1147 36.2
    endloop
  endfacet
  facet normal -0.52807 0.849201 0
    outer loop
      vertex 16.1115 -24.1126 0
      vertex 14.5 -25.1147 3
      vertex 16.1115 -24.1126 3
    endloop
  endfacet
  facet normal -0.52807 0.849201 0
    outer loop
      vertex 14.5 -25.1147 3
      vertex 16.1115 -24.1126 0
      vertex 14.5 -25.1147 0
    endloop
  endfacet
  facet normal -0.471414 0.881912 0
    outer loop
      vertex 14.5 -25.1147 36.2
      vertex 12.8264 -26.0093 39.2
      vertex 14.5 -25.1147 39.2
    endloop
  endfacet
  facet normal -0.471414 0.881912 0
    outer loop
      vertex 12.8264 -26.0093 39.2
      vertex 14.5 -25.1147 36.2
      vertex 12.8264 -26.0093 36.2
    endloop
  endfacet
  facet normal -0.471414 0.881912 0
    outer loop
      vertex 14.5 -25.1147 0
      vertex 12.8264 -26.0093 3
      vertex 14.5 -25.1147 3
    endloop
  endfacet
  facet normal -0.471414 0.881912 0
    outer loop
      vertex 12.8264 -26.0093 3
      vertex 14.5 -25.1147 0
      vertex 12.8264 -26.0093 0
    endloop
  endfacet
  facet normal -0.935899 0.352268 0
    outer loop
      vertex 26.7925 -11.0978 0
      vertex 27.461 -9.32174 39.2
      vertex 27.461 -9.32174 0
    endloop
  endfacet
  facet normal -0.935899 0.352268 0
    outer loop
      vertex 27.461 -9.32174 39.2
      vertex 26.7925 -11.0978 0
      vertex 26.7925 -11.0978 39.2
    endloop
  endfacet
  facet normal -0.910867 0.412699 0
    outer loop
      vertex 26.0093 -12.8264 0
      vertex 26.7925 -11.0978 39.2
      vertex 26.7925 -11.0978 0
    endloop
  endfacet
  facet normal -0.910867 0.412699 0
    outer loop
      vertex 26.7925 -11.0978 39.2
      vertex 26.0093 -12.8264 0
      vertex 26.0093 -12.8264 39.2
    endloop
  endfacet
  facet normal -0.956951 0.290249 0
    outer loop
      vertex 27.461 -9.32174 0
      vertex 28.0118 -7.50575 39.2
      vertex 28.0118 -7.50575 0
    endloop
  endfacet
  facet normal -0.956951 0.290249 0
    outer loop
      vertex 28.0118 -7.50575 39.2
      vertex 27.461 -9.32174 0
      vertex 27.461 -9.32174 39.2
    endloop
  endfacet
  facet normal -0.973868 0.227115 0
    outer loop
      vertex 28.0118 -7.50575 0
      vertex 28.4428 -5.65762 39.2
      vertex 28.4428 -5.65762 0
    endloop
  endfacet
  facet normal -0.973868 0.227115 0
    outer loop
      vertex 28.4428 -5.65762 39.2
      vertex 28.0118 -7.50575 0
      vertex 28.0118 -7.50575 39.2
    endloop
  endfacet
  facet normal 0.471414 0.881912 -0
    outer loop
      vertex -12.8264 -26.0093 36.2
      vertex -14.5 -25.1147 39.2
      vertex -12.8264 -26.0093 39.2
    endloop
  endfacet
  facet normal 0.471414 0.881912 0
    outer loop
      vertex -14.5 -25.1147 39.2
      vertex -12.8264 -26.0093 36.2
      vertex -14.5 -25.1147 36.2
    endloop
  endfacet
  facet normal 0.471414 0.881912 -0
    outer loop
      vertex -12.8264 -26.0093 0
      vertex -14.5 -25.1147 3
      vertex -12.8264 -26.0093 3
    endloop
  endfacet
  facet normal 0.471414 0.881912 0
    outer loop
      vertex -14.5 -25.1147 3
      vertex -12.8264 -26.0093 0
      vertex -14.5 -25.1147 0
    endloop
  endfacet
  facet normal 0.290249 0.956951 -0
    outer loop
      vertex -7.50575 -28.0118 36.2
      vertex -9.32174 -27.461 39.2
      vertex -7.50575 -28.0118 39.2
    endloop
  endfacet
  facet normal 0.290249 0.956951 0
    outer loop
      vertex -9.32174 -27.461 39.2
      vertex -7.50575 -28.0118 36.2
      vertex -9.32174 -27.461 36.2
    endloop
  endfacet
  facet normal 0.290249 0.956951 -0
    outer loop
      vertex -7.50575 -28.0118 0
      vertex -9.32174 -27.461 3
      vertex -7.50575 -28.0118 3
    endloop
  endfacet
  facet normal 0.290249 0.956951 0
    outer loop
      vertex -9.32174 -27.461 3
      vertex -7.50575 -28.0118 0
      vertex -9.32174 -27.461 0
    endloop
  endfacet
  facet normal 0.227115 0.973868 -0
    outer loop
      vertex -5.65762 -28.4428 36.2
      vertex -7.50575 -28.0118 39.2
      vertex -5.65762 -28.4428 39.2
    endloop
  endfacet
  facet normal 0.227115 0.973868 0
    outer loop
      vertex -7.50575 -28.0118 39.2
      vertex -5.65762 -28.4428 36.2
      vertex -7.50575 -28.0118 36.2
    endloop
  endfacet
  facet normal 0.227115 0.973868 -0
    outer loop
      vertex -5.65762 -28.4428 0
      vertex -7.50575 -28.0118 3
      vertex -5.65762 -28.4428 3
    endloop
  endfacet
  facet normal 0.227115 0.973868 0
    outer loop
      vertex -7.50575 -28.0118 3
      vertex -5.65762 -28.4428 0
      vertex -7.50575 -28.0118 0
    endloop
  endfacet
  facet normal 0.098013 0.995185 -0
    outer loop
      vertex -1.89669 -28.9379 36.2
      vertex -3.78526 -28.7519 39.2
      vertex -1.89669 -28.9379 39.2
    endloop
  endfacet
  facet normal 0.098013 0.995185 0
    outer loop
      vertex -3.78526 -28.7519 39.2
      vertex -1.89669 -28.9379 36.2
      vertex -3.78526 -28.7519 36.2
    endloop
  endfacet
  facet normal 0.098013 0.995185 -0
    outer loop
      vertex -1.89669 -28.9379 0
      vertex -3.78526 -28.7519 3
      vertex -1.89669 -28.9379 3
    endloop
  endfacet
  facet normal 0.098013 0.995185 0
    outer loop
      vertex -3.78526 -28.7519 3
      vertex -1.89669 -28.9379 0
      vertex -3.78526 -28.7519 0
    endloop
  endfacet
  facet normal 0.910867 0.412699 0
    outer loop
      vertex -26.0093 -12.8264 39.2
      vertex -26.7925 -11.0978 0
      vertex -26.7925 -11.0978 39.2
    endloop
  endfacet
  facet normal 0.910867 0.412699 0
    outer loop
      vertex -26.7925 -11.0978 0
      vertex -26.0093 -12.8264 39.2
      vertex -26.0093 -12.8264 0
    endloop
  endfacet
  facet normal 0.773024 0.634376 0
    outer loop
      vertex -21.8034 -19.121 39.2
      vertex -23.0072 -17.6541 0
      vertex -23.0072 -17.6541 39.2
    endloop
  endfacet
  facet normal 0.773024 0.634376 0
    outer loop
      vertex -23.0072 -17.6541 0
      vertex -21.8034 -19.121 39.2
      vertex -21.8034 -19.121 0
    endloop
  endfacet
  facet normal 0.881912 0.471414 0
    outer loop
      vertex -25.1147 -14.5 39.2
      vertex -26.0093 -12.8264 0
      vertex -26.0093 -12.8264 39.2
    endloop
  endfacet
  facet normal 0.881912 0.471414 0
    outer loop
      vertex -26.0093 -12.8264 0
      vertex -25.1147 -14.5 39.2
      vertex -25.1147 -14.5 0
    endloop
  endfacet
  facet normal 0.81285 0.582474 0
    outer loop
      vertex -23.0072 -17.6541 39.2
      vertex -24.1126 -16.1115 0
      vertex -24.1126 -16.1115 39.2
    endloop
  endfacet
  facet normal 0.81285 0.582474 0
    outer loop
      vertex -24.1126 -16.1115 0
      vertex -23.0072 -17.6541 39.2
      vertex -23.0072 -17.6541 0
    endloop
  endfacet
  facet normal 0.973868 0.227115 0
    outer loop
      vertex -28.0118 -7.50575 39.2
      vertex -28.4428 -5.65762 0
      vertex -28.4428 -5.65762 39.2
    endloop
  endfacet
  facet normal 0.973868 0.227115 0
    outer loop
      vertex -28.4428 -5.65762 0
      vertex -28.0118 -7.50575 39.2
      vertex -28.0118 -7.50575 0
    endloop
  endfacet
  facet normal 0.956951 0.290249 0
    outer loop
      vertex -27.461 -9.32174 39.2
      vertex -28.0118 -7.50575 0
      vertex -28.0118 -7.50575 39.2
    endloop
  endfacet
  facet normal 0.956951 0.290249 0
    outer loop
      vertex -28.0118 -7.50575 0
      vertex -27.461 -9.32174 39.2
      vertex -27.461 -9.32174 0
    endloop
  endfacet
  facet normal 0.986646 0.162881 0
    outer loop
      vertex -28.4428 -5.65762 39.2
      vertex -28.7519 -3.78526 0
      vertex -28.7519 -3.78526 39.2
    endloop
  endfacet
  facet normal 0.986646 0.162881 0
    outer loop
      vertex -28.7519 -3.78526 0
      vertex -28.4428 -5.65762 39.2
      vertex -28.4428 -5.65762 0
    endloop
  endfacet
  facet normal 0.999464 0.0327237 0
    outer loop
      vertex -28.9379 -1.89669 39.2
      vertex -29 0 0
      vertex -29 0 39.2
    endloop
  endfacet
  facet normal 0.999464 0.0327237 0
    outer loop
      vertex -29 0 0
      vertex -28.9379 -1.89669 39.2
      vertex -28.9379 -1.89669 0
    endloop
  endfacet
  facet normal -0.935899 -0.352268 0
    outer loop
      vertex 27.461 9.32174 0
      vertex 26.7925 11.0978 39.2
      vertex 26.7925 11.0978 0
    endloop
  endfacet
  facet normal -0.935899 -0.352268 0
    outer loop
      vertex 26.7925 11.0978 39.2
      vertex 27.461 9.32174 0
      vertex 27.461 9.32174 39.2
    endloop
  endfacet
  facet normal -0.729861 -0.683596 0
    outer loop
      vertex 21.8034 19.121 0
      vertex 20.5061 20.5061 39.2
      vertex 20.5061 20.5061 0
    endloop
  endfacet
  facet normal -0.729861 -0.683596 0
    outer loop
      vertex 20.5061 20.5061 39.2
      vertex 21.8034 19.121 0
      vertex 21.8034 19.121 39.2
    endloop
  endfacet
  facet normal -0.849201 -0.52807 0
    outer loop
      vertex 25.1147 14.5 0
      vertex 24.1126 16.1115 39.2
      vertex 24.1126 16.1115 0
    endloop
  endfacet
  facet normal -0.849201 -0.52807 0
    outer loop
      vertex 24.1126 16.1115 39.2
      vertex 25.1147 14.5 0
      vertex 25.1147 14.5 39.2
    endloop
  endfacet
  facet normal -0.290249 -0.956951 0
    outer loop
      vertex 7.50575 28.0118 36.2
      vertex 9.32174 27.461 39.2
      vertex 7.50575 28.0118 39.2
    endloop
  endfacet
  facet normal -0.290249 -0.956951 -0
    outer loop
      vertex 9.32174 27.461 39.2
      vertex 7.50575 28.0118 36.2
      vertex 9.32174 27.461 36.2
    endloop
  endfacet
  facet normal -0.290249 -0.956951 0
    outer loop
      vertex 7.50575 28.0118 0
      vertex 9.32174 27.461 3
      vertex 7.50575 28.0118 3
    endloop
  endfacet
  facet normal -0.290249 -0.956951 -0
    outer loop
      vertex 9.32174 27.461 3
      vertex 7.50575 28.0118 0
      vertex 9.32174 27.461 0
    endloop
  endfacet
  facet normal -0.582423 -0.812886 -0
    outer loop
      vertex 16.1115 24.1126 3
      vertex 16.1115 24.1126 0
      vertex 17 23.476 3
    endloop
  endfacet
  facet normal -0.582423 -0.812886 0
    outer loop
      vertex 17 23.476 36.2
      vertex 16.1115 24.1126 39.2
      vertex 16.1115 24.1126 36.2
    endloop
  endfacet
  facet normal -0.582474 -0.81285 -2.26125e-05
    outer loop
      vertex 16.1115 24.1126 39.2
      vertex 17 23.476 36.2
      vertex 17.6541 23.0072 39.2
    endloop
  endfacet
  facet normal -0.582542 -0.8128 0
    outer loop
      vertex 17 23.476 3
      vertex 17.6541 23.0072 39.2
      vertex 17 23.476 36.2
    endloop
  endfacet
  facet normal -0.582542 -0.8128 0
    outer loop
      vertex 17 23.476 3
      vertex 17.6541 23.0072 0
      vertex 17.6541 23.0072 39.2
    endloop
  endfacet
  facet normal -0.582474 -0.81285 2.26125e-05
    outer loop
      vertex 17.6541 23.0072 0
      vertex 17 23.476 3
      vertex 16.1115 24.1126 0
    endloop
  endfacet
  facet normal 0.81285 -0.582474 0
    outer loop
      vertex -24.1126 16.1115 39.2
      vertex -23.0072 17.6541 0
      vertex -23.0072 17.6541 39.2
    endloop
  endfacet
  facet normal 0.81285 -0.582474 0
    outer loop
      vertex -23.0072 17.6541 0
      vertex -24.1126 16.1115 39.2
      vertex -24.1126 16.1115 0
    endloop
  endfacet
  facet normal 0.881912 -0.471414 0
    outer loop
      vertex -26.0093 12.8264 39.2
      vertex -25.1147 14.5 0
      vertex -25.1147 14.5 39.2
    endloop
  endfacet
  facet normal 0.881912 -0.471414 0
    outer loop
      vertex -25.1147 14.5 0
      vertex -26.0093 12.8264 39.2
      vertex -26.0093 12.8264 0
    endloop
  endfacet
  facet normal 0.227115 -0.973868 0
    outer loop
      vertex -7.50575 28.0118 36.2
      vertex -5.65762 28.4428 39.2
      vertex -7.50575 28.0118 39.2
    endloop
  endfacet
  facet normal 0.227115 -0.973868 0
    outer loop
      vertex -5.65762 28.4428 39.2
      vertex -7.50575 28.0118 36.2
      vertex -5.65762 28.4428 36.2
    endloop
  endfacet
  facet normal 0.227115 -0.973868 0
    outer loop
      vertex -7.50575 28.0118 0
      vertex -5.65762 28.4428 3
      vertex -7.50575 28.0118 3
    endloop
  endfacet
  facet normal 0.227115 -0.973868 0
    outer loop
      vertex -5.65762 28.4428 3
      vertex -7.50575 28.0118 0
      vertex -5.65762 28.4428 0
    endloop
  endfacet
  facet normal -0.098013 0.995185 0
    outer loop
      vertex 3.78526 -28.7519 36.2
      vertex 1.89669 -28.9379 39.2
      vertex 3.78526 -28.7519 39.2
    endloop
  endfacet
  facet normal -0.098013 0.995185 0
    outer loop
      vertex 1.89669 -28.9379 39.2
      vertex 3.78526 -28.7519 36.2
      vertex 1.89669 -28.9379 36.2
    endloop
  endfacet
  facet normal -0.098013 0.995185 0
    outer loop
      vertex 3.78526 -28.7519 0
      vertex 1.89669 -28.9379 3
      vertex 3.78526 -28.7519 3
    endloop
  endfacet
  facet normal -0.098013 0.995185 0
    outer loop
      vertex 1.89669 -28.9379 3
      vertex 3.78526 -28.7519 0
      vertex 1.89669 -28.9379 0
    endloop
  endfacet
  facet normal -0.849201 0.52807 0
    outer loop
      vertex 24.1126 -16.1115 0
      vertex 25.1147 -14.5 39.2
      vertex 25.1147 -14.5 0
    endloop
  endfacet
  facet normal -0.849201 0.52807 0
    outer loop
      vertex 25.1147 -14.5 39.2
      vertex 24.1126 -16.1115 0
      vertex 24.1126 -16.1115 39.2
    endloop
  endfacet
  facet normal -0.81285 0.582474 0
    outer loop
      vertex 23.0072 -17.6541 0
      vertex 24.1126 -16.1115 39.2
      vertex 24.1126 -16.1115 0
    endloop
  endfacet
  facet normal -0.81285 0.582474 0
    outer loop
      vertex 24.1126 -16.1115 39.2
      vertex 23.0072 -17.6541 0
      vertex 23.0072 -17.6541 39.2
    endloop
  endfacet
  facet normal 0.582423 0.812886 0
    outer loop
      vertex -16.1115 -24.1126 3
      vertex -16.1115 -24.1126 0
      vertex -17 -23.476 3
    endloop
  endfacet
  facet normal 0.582423 0.812886 0
    outer loop
      vertex -17 -23.476 36.2
      vertex -16.1115 -24.1126 39.2
      vertex -16.1115 -24.1126 36.2
    endloop
  endfacet
  facet normal 0.582474 0.81285 -2.26125e-05
    outer loop
      vertex -16.1115 -24.1126 39.2
      vertex -17 -23.476 36.2
      vertex -17.6541 -23.0072 39.2
    endloop
  endfacet
  facet normal 0.582542 0.8128 -0
    outer loop
      vertex -17 -23.476 3
      vertex -17.6541 -23.0072 39.2
      vertex -17 -23.476 36.2
    endloop
  endfacet
  facet normal 0.582542 0.8128 0
    outer loop
      vertex -17 -23.476 3
      vertex -17.6541 -23.0072 0
      vertex -17.6541 -23.0072 39.2
    endloop
  endfacet
  facet normal 0.582474 0.81285 2.26125e-05
    outer loop
      vertex -17.6541 -23.0072 0
      vertex -17 -23.476 3
      vertex -16.1115 -24.1126 0
    endloop
  endfacet
  facet normal 0.0327237 0.999464 -0
    outer loop
      vertex 0 -29 36.2
      vertex -1.89669 -28.9379 39.2
      vertex 0 -29 39.2
    endloop
  endfacet
  facet normal 0.0327237 0.999464 0
    outer loop
      vertex -1.89669 -28.9379 39.2
      vertex 0 -29 36.2
      vertex -1.89669 -28.9379 36.2
    endloop
  endfacet
  facet normal 0.0327237 0.999464 -0
    outer loop
      vertex 0 -29 0
      vertex -1.89669 -28.9379 3
      vertex 0 -29 3
    endloop
  endfacet
  facet normal 0.0327237 0.999464 0
    outer loop
      vertex -1.89669 -28.9379 3
      vertex 0 -29 0
      vertex -1.89669 -28.9379 0
    endloop
  endfacet
  facet normal 0.995185 0.098013 0
    outer loop
      vertex -28.7519 -3.78526 39.2
      vertex -28.9379 -1.89669 0
      vertex -28.9379 -1.89669 39.2
    endloop
  endfacet
  facet normal 0.995185 0.098013 0
    outer loop
      vertex -28.9379 -1.89669 0
      vertex -28.7519 -3.78526 39.2
      vertex -28.7519 -3.78526 0
    endloop
  endfacet
  facet normal 1 -0 0
    outer loop
      vertex -17 23.476 36.2
      vertex -17 27.091 3
      vertex -17 27.091 36.2
    endloop
  endfacet
  facet normal 1 0 0
    outer loop
      vertex -17 27.091 3
      vertex -17 23.476 36.2
      vertex -17 23.476 3
    endloop
  endfacet
  facet normal 1 -0 0
    outer loop
      vertex -17 -27.091 36.2
      vertex -17 -23.476 3
      vertex -17 -23.476 36.2
    endloop
  endfacet
  facet normal 1 0 0
    outer loop
      vertex -17 -23.476 3
      vertex -17 -27.091 36.2
      vertex -17 -27.091 3
    endloop
  endfacet
  facet normal 0 0 -1
    outer loop
      vertex 16.1115 24.1126 36.2
      vertex 17 27.091 36.2
      vertex 17 23.476 36.2
    endloop
  endfacet
  facet normal 0 0 -1
    outer loop
      vertex 14.5 25.1147 36.2
      vertex 17 27.091 36.2
      vertex 16.1115 24.1126 36.2
    endloop
  endfacet
  facet normal -0 0 -1
    outer loop
      vertex 17 27.091 36.2
      vertex 14.5 25.1147 36.2
      vertex 16 27.7128 36.2
    endloop
  endfacet
  facet normal 0 0 -1
    outer loop
      vertex 14.5 25.1147 36.2
      vertex 14.1532 28.6999 36.2
      vertex 16 27.7128 36.2
    endloop
  endfacet
  facet normal 0 0 -1
    outer loop
      vertex 12.8264 26.0093 36.2
      vertex 14.1532 28.6999 36.2
      vertex 14.5 25.1147 36.2
    endloop
  endfacet
  facet normal 0 0 -1
    outer loop
      vertex 12.8264 26.0093 36.2
      vertex 12.2459 29.5641 36.2
      vertex 14.1532 28.6999 36.2
    endloop
  endfacet
  facet normal 0 0 -1
    outer loop
      vertex 11.0978 26.7925 36.2
      vertex 12.2459 29.5641 36.2
      vertex 12.8264 26.0093 36.2
    endloop
  endfacet
  facet normal 0 0 -1
    outer loop
      vertex 11.0978 26.7925 36.2
      vertex 10.2861 30.3018 36.2
      vertex 12.2459 29.5641 36.2
    endloop
  endfacet
  facet normal 0 0 -1
    outer loop
      vertex 9.32174 27.461 36.2
      vertex 10.2861 30.3018 36.2
      vertex 11.0978 26.7925 36.2
    endloop
  endfacet
  facet normal 0 0 -1
    outer loop
      vertex 9.32174 27.461 36.2
      vertex 8.28221 30.9096 36.2
      vertex 10.2861 30.3018 36.2
    endloop
  endfacet
  facet normal 0 0 -1
    outer loop
      vertex 7.50575 28.0118 36.2
      vertex 8.28221 30.9096 36.2
      vertex 9.32174 27.461 36.2
    endloop
  endfacet
  facet normal 0 0 -1
    outer loop
      vertex 7.50575 28.0118 36.2
      vertex 6.24289 31.3851 36.2
      vertex 8.28221 30.9096 36.2
    endloop
  endfacet
  facet normal 0 0 -1
    outer loop
      vertex 5.65762 28.4428 36.2
      vertex 6.24289 31.3851 36.2
      vertex 7.50575 28.0118 36.2
    endloop
  endfacet
  facet normal 0 0 -1
    outer loop
      vertex 5.65762 28.4428 36.2
      vertex 4.17684 31.7262 36.2
      vertex 6.24289 31.3851 36.2
    endloop
  endfacet
  facet normal 0 0 -1
    outer loop
      vertex 3.78526 28.7519 36.2
      vertex 4.17684 31.7262 36.2
      vertex 5.65762 28.4428 36.2
    endloop
  endfacet
  facet normal 0 0 -1
    outer loop
      vertex 3.78526 28.7519 36.2
      vertex 2.0929 31.9315 36.2
      vertex 4.17684 31.7262 36.2
    endloop
  endfacet
  facet normal 0 0 -1
    outer loop
      vertex 1.89669 28.9379 36.2
      vertex 2.0929 31.9315 36.2
      vertex 3.78526 28.7519 36.2
    endloop
  endfacet
  facet normal 0 0 -1
    outer loop
      vertex 0 29 36.2
      vertex 2.0929 31.9315 36.2
      vertex 1.89669 28.9379 36.2
    endloop
  endfacet
  facet normal 0 0 -1
    outer loop
      vertex 0 29 36.2
      vertex 0 32 36.2
      vertex 2.0929 31.9315 36.2
    endloop
  endfacet
  facet normal 0 0 -1
    outer loop
      vertex -1.89669 28.9379 36.2
      vertex 0 32 36.2
      vertex 0 29 36.2
    endloop
  endfacet
  facet normal 0 0 -1
    outer loop
      vertex -1.89669 28.9379 36.2
      vertex -2.0929 31.9315 36.2
      vertex 0 32 36.2
    endloop
  endfacet
  facet normal 0 0 -1
    outer loop
      vertex -3.78526 28.7519 36.2
      vertex -2.0929 31.9315 36.2
      vertex -1.89669 28.9379 36.2
    endloop
  endfacet
  facet normal 0 0 -1
    outer loop
      vertex -3.78526 28.7519 36.2
      vertex -4.17684 31.7262 36.2
      vertex -2.0929 31.9315 36.2
    endloop
  endfacet
  facet normal 0 0 -1
    outer loop
      vertex -5.65762 28.4428 36.2
      vertex -4.17684 31.7262 36.2
      vertex -3.78526 28.7519 36.2
    endloop
  endfacet
  facet normal 0 0 -1
    outer loop
      vertex -5.65762 28.4428 36.2
      vertex -6.24289 31.3851 36.2
      vertex -4.17684 31.7262 36.2
    endloop
  endfacet
  facet normal 0 0 -1
    outer loop
      vertex -7.50575 28.0118 36.2
      vertex -6.24289 31.3851 36.2
      vertex -5.65762 28.4428 36.2
    endloop
  endfacet
  facet normal 0 0 -1
    outer loop
      vertex -7.50575 28.0118 36.2
      vertex -8.28221 30.9096 36.2
      vertex -6.24289 31.3851 36.2
    endloop
  endfacet
  facet normal 0 0 -1
    outer loop
      vertex -9.32174 27.461 36.2
      vertex -8.28221 30.9096 36.2
      vertex -7.50575 28.0118 36.2
    endloop
  endfacet
  facet normal 0 0 -1
    outer loop
      vertex -9.32174 27.461 36.2
      vertex -10.2861 30.3018 36.2
      vertex -8.28221 30.9096 36.2
    endloop
  endfacet
  facet normal 0 0 -1
    outer loop
      vertex -11.0978 26.7925 36.2
      vertex -10.2861 30.3018 36.2
      vertex -9.32174 27.461 36.2
    endloop
  endfacet
  facet normal 0 0 -1
    outer loop
      vertex -11.0978 26.7925 36.2
      vertex -12.2459 29.5641 36.2
      vertex -10.2861 30.3018 36.2
    endloop
  endfacet
  facet normal 0 0 -1
    outer loop
      vertex -12.8264 26.0093 36.2
      vertex -12.2459 29.5641 36.2
      vertex -11.0978 26.7925 36.2
    endloop
  endfacet
  facet normal 0 0 -1
    outer loop
      vertex -12.8264 26.0093 36.2
      vertex -14.1532 28.6999 36.2
      vertex -12.2459 29.5641 36.2
    endloop
  endfacet
  facet normal 0 0 -1
    outer loop
      vertex -14.5 25.1147 36.2
      vertex -14.1532 28.6999 36.2
      vertex -12.8264 26.0093 36.2
    endloop
  endfacet
  facet normal 0 0 -1
    outer loop
      vertex -14.5 25.1147 36.2
      vertex -16 27.7128 36.2
      vertex -14.1532 28.6999 36.2
    endloop
  endfacet
  facet normal 0 0 -1
    outer loop
      vertex -17 27.091 36.2
      vertex -14.5 25.1147 36.2
      vertex -16.1115 24.1126 36.2
    endloop
  endfacet
  facet normal 0 0 -1
    outer loop
      vertex -17 27.091 36.2
      vertex -16.1115 24.1126 36.2
      vertex -17 23.476 36.2
    endloop
  endfacet
  facet normal 0 0 -1
    outer loop
      vertex -14.5 25.1147 36.2
      vertex -17 27.091 36.2
      vertex -16 27.7128 36.2
    endloop
  endfacet
  facet normal 0 0 -1
    outer loop
      vertex 17 -27.091 36.2
      vertex 16.1115 -24.1126 36.2
      vertex 17 -23.476 36.2
    endloop
  endfacet
  facet normal 0 0 -1
    outer loop
      vertex 14.5 -25.1147 36.2
      vertex 17 -27.091 36.2
      vertex 16 -27.7128 36.2
    endloop
  endfacet
  facet normal 0 0 -1
    outer loop
      vertex 17 -27.091 36.2
      vertex 14.5 -25.1147 36.2
      vertex 16.1115 -24.1126 36.2
    endloop
  endfacet
  facet normal 0 0 -1
    outer loop
      vertex 14.1532 -28.6999 36.2
      vertex 14.5 -25.1147 36.2
      vertex 16 -27.7128 36.2
    endloop
  endfacet
  facet normal 0 0 -1
    outer loop
      vertex 14.1532 -28.6999 36.2
      vertex 12.8264 -26.0093 36.2
      vertex 14.5 -25.1147 36.2
    endloop
  endfacet
  facet normal 0 0 -1
    outer loop
      vertex 12.2459 -29.5641 36.2
      vertex 12.8264 -26.0093 36.2
      vertex 14.1532 -28.6999 36.2
    endloop
  endfacet
  facet normal 0 0 -1
    outer loop
      vertex 12.2459 -29.5641 36.2
      vertex 11.0978 -26.7925 36.2
      vertex 12.8264 -26.0093 36.2
    endloop
  endfacet
  facet normal 0 0 -1
    outer loop
      vertex 10.2861 -30.3018 36.2
      vertex 11.0978 -26.7925 36.2
      vertex 12.2459 -29.5641 36.2
    endloop
  endfacet
  facet normal 0 0 -1
    outer loop
      vertex 10.2861 -30.3018 36.2
      vertex 9.32174 -27.461 36.2
      vertex 11.0978 -26.7925 36.2
    endloop
  endfacet
  facet normal 0 0 -1
    outer loop
      vertex 8.28221 -30.9096 36.2
      vertex 9.32174 -27.461 36.2
      vertex 10.2861 -30.3018 36.2
    endloop
  endfacet
  facet normal 0 0 -1
    outer loop
      vertex 8.28221 -30.9096 36.2
      vertex 7.50575 -28.0118 36.2
      vertex 9.32174 -27.461 36.2
    endloop
  endfacet
  facet normal 0 0 -1
    outer loop
      vertex 6.24289 -31.3851 36.2
      vertex 7.50575 -28.0118 36.2
      vertex 8.28221 -30.9096 36.2
    endloop
  endfacet
  facet normal 0 0 -1
    outer loop
      vertex 6.24289 -31.3851 36.2
      vertex 5.65762 -28.4428 36.2
      vertex 7.50575 -28.0118 36.2
    endloop
  endfacet
  facet normal 0 0 -1
    outer loop
      vertex 4.17684 -31.7262 36.2
      vertex 5.65762 -28.4428 36.2
      vertex 6.24289 -31.3851 36.2
    endloop
  endfacet
  facet normal 0 0 -1
    outer loop
      vertex 4.17684 -31.7262 36.2
      vertex 3.78526 -28.7519 36.2
      vertex 5.65762 -28.4428 36.2
    endloop
  endfacet
  facet normal 0 0 -1
    outer loop
      vertex 2.0929 -31.9315 36.2
      vertex 3.78526 -28.7519 36.2
      vertex 4.17684 -31.7262 36.2
    endloop
  endfacet
  facet normal 0 0 -1
    outer loop
      vertex 2.0929 -31.9315 36.2
      vertex 1.89669 -28.9379 36.2
      vertex 3.78526 -28.7519 36.2
    endloop
  endfacet
  facet normal 0 0 -1
    outer loop
      vertex 0 -32 36.2
      vertex 1.89669 -28.9379 36.2
      vertex 2.0929 -31.9315 36.2
    endloop
  endfacet
  facet normal 0 0 -1
    outer loop
      vertex 0 -32 36.2
      vertex 0 -29 36.2
      vertex 1.89669 -28.9379 36.2
    endloop
  endfacet
  facet normal 0 0 -1
    outer loop
      vertex 0 -32 36.2
      vertex -1.89669 -28.9379 36.2
      vertex 0 -29 36.2
    endloop
  endfacet
  facet normal 0 0 -1
    outer loop
      vertex -2.0929 -31.9315 36.2
      vertex -1.89669 -28.9379 36.2
      vertex 0 -32 36.2
    endloop
  endfacet
  facet normal 0 0 -1
    outer loop
      vertex -2.0929 -31.9315 36.2
      vertex -3.78526 -28.7519 36.2
      vertex -1.89669 -28.9379 36.2
    endloop
  endfacet
  facet normal 0 0 -1
    outer loop
      vertex -4.17684 -31.7262 36.2
      vertex -3.78526 -28.7519 36.2
      vertex -2.0929 -31.9315 36.2
    endloop
  endfacet
  facet normal 0 0 -1
    outer loop
      vertex -4.17684 -31.7262 36.2
      vertex -5.65762 -28.4428 36.2
      vertex -3.78526 -28.7519 36.2
    endloop
  endfacet
  facet normal 0 0 -1
    outer loop
      vertex -6.24289 -31.3851 36.2
      vertex -5.65762 -28.4428 36.2
      vertex -4.17684 -31.7262 36.2
    endloop
  endfacet
  facet normal 0 0 -1
    outer loop
      vertex -6.24289 -31.3851 36.2
      vertex -7.50575 -28.0118 36.2
      vertex -5.65762 -28.4428 36.2
    endloop
  endfacet
  facet normal 0 0 -1
    outer loop
      vertex -8.28221 -30.9096 36.2
      vertex -7.50575 -28.0118 36.2
      vertex -6.24289 -31.3851 36.2
    endloop
  endfacet
  facet normal 0 0 -1
    outer loop
      vertex -8.28221 -30.9096 36.2
      vertex -9.32174 -27.461 36.2
      vertex -7.50575 -28.0118 36.2
    endloop
  endfacet
  facet normal 0 0 -1
    outer loop
      vertex -10.2861 -30.3018 36.2
      vertex -9.32174 -27.461 36.2
      vertex -8.28221 -30.9096 36.2
    endloop
  endfacet
  facet normal 0 0 -1
    outer loop
      vertex -10.2861 -30.3018 36.2
      vertex -11.0978 -26.7925 36.2
      vertex -9.32174 -27.461 36.2
    endloop
  endfacet
  facet normal 0 0 -1
    outer loop
      vertex -12.2459 -29.5641 36.2
      vertex -11.0978 -26.7925 36.2
      vertex -10.2861 -30.3018 36.2
    endloop
  endfacet
  facet normal 0 0 -1
    outer loop
      vertex -12.2459 -29.5641 36.2
      vertex -12.8264 -26.0093 36.2
      vertex -11.0978 -26.7925 36.2
    endloop
  endfacet
  facet normal 0 0 -1
    outer loop
      vertex -14.1532 -28.6999 36.2
      vertex -12.8264 -26.0093 36.2
      vertex -12.2459 -29.5641 36.2
    endloop
  endfacet
  facet normal 0 0 -1
    outer loop
      vertex -14.1532 -28.6999 36.2
      vertex -14.5 -25.1147 36.2
      vertex -12.8264 -26.0093 36.2
    endloop
  endfacet
  facet normal 0 0 -1
    outer loop
      vertex -16 -27.7128 36.2
      vertex -14.5 -25.1147 36.2
      vertex -14.1532 -28.6999 36.2
    endloop
  endfacet
  facet normal 0 0 -1
    outer loop
      vertex -17 -27.091 36.2
      vertex -14.5 -25.1147 36.2
      vertex -16 -27.7128 36.2
    endloop
  endfacet
  facet normal -0 0 -1
    outer loop
      vertex -14.5 -25.1147 36.2
      vertex -17 -27.091 36.2
      vertex -16.1115 -24.1126 36.2
    endloop
  endfacet
  facet normal -0 0 -1
    outer loop
      vertex -16.1115 -24.1126 36.2
      vertex -17 -27.091 36.2
      vertex -17 -23.476 36.2
    endloop
  endfacet
  facet normal -1 0 0
    outer loop
      vertex 17 23.476 3
      vertex 17 27.091 36.2
      vertex 17 27.091 3
    endloop
  endfacet
  facet normal -1 -0 0
    outer loop
      vertex 17 27.091 36.2
      vertex 17 23.476 3
      vertex 17 23.476 36.2
    endloop
  endfacet
  facet normal -1 0 0
    outer loop
      vertex 17 -27.091 3
      vertex 17 -23.476 36.2
      vertex 17 -23.476 3
    endloop
  endfacet
  facet normal -1 -0 0
    outer loop
      vertex 17 -23.476 36.2
      vertex 17 -27.091 3
      vertex 17 -27.091 36.2
    endloop
  endfacet
  facet normal 0 0 1
    outer loop
      vertex 17 27.091 3
      vertex 16.1115 24.1126 3
      vertex 17 23.476 3
    endloop
  endfacet
  facet normal 0 0 1
    outer loop
      vertex 14.5 25.1147 3
      vertex 17 27.091 3
      vertex 16 27.7128 3
    endloop
  endfacet
  facet normal 0 0 1
    outer loop
      vertex 17 27.091 3
      vertex 14.5 25.1147 3
      vertex 16.1115 24.1126 3
    endloop
  endfacet
  facet normal 0 0 1
    outer loop
      vertex 14.1532 28.6999 3
      vertex 14.5 25.1147 3
      vertex 16 27.7128 3
    endloop
  endfacet
  facet normal 0 0 1
    outer loop
      vertex 14.1532 28.6999 3
      vertex 12.8264 26.0093 3
      vertex 14.5 25.1147 3
    endloop
  endfacet
  facet normal 0 0 1
    outer loop
      vertex 12.2459 29.5641 3
      vertex 12.8264 26.0093 3
      vertex 14.1532 28.6999 3
    endloop
  endfacet
  facet normal 0 0 1
    outer loop
      vertex 12.2459 29.5641 3
      vertex 11.0978 26.7925 3
      vertex 12.8264 26.0093 3
    endloop
  endfacet
  facet normal 0 0 1
    outer loop
      vertex 10.2861 30.3018 3
      vertex 11.0978 26.7925 3
      vertex 12.2459 29.5641 3
    endloop
  endfacet
  facet normal 0 0 1
    outer loop
      vertex 10.2861 30.3018 3
      vertex 9.32174 27.461 3
      vertex 11.0978 26.7925 3
    endloop
  endfacet
  facet normal 0 0 1
    outer loop
      vertex 8.28221 30.9096 3
      vertex 9.32174 27.461 3
      vertex 10.2861 30.3018 3
    endloop
  endfacet
  facet normal 0 0 1
    outer loop
      vertex 8.28221 30.9096 3
      vertex 7.50575 28.0118 3
      vertex 9.32174 27.461 3
    endloop
  endfacet
  facet normal 0 0 1
    outer loop
      vertex 6.24289 31.3851 3
      vertex 7.50575 28.0118 3
      vertex 8.28221 30.9096 3
    endloop
  endfacet
  facet normal 0 0 1
    outer loop
      vertex 6.24289 31.3851 3
      vertex 5.65762 28.4428 3
      vertex 7.50575 28.0118 3
    endloop
  endfacet
  facet normal 0 0 1
    outer loop
      vertex 4.17684 31.7262 3
      vertex 5.65762 28.4428 3
      vertex 6.24289 31.3851 3
    endloop
  endfacet
  facet normal 0 0 1
    outer loop
      vertex 4.17684 31.7262 3
      vertex 3.78526 28.7519 3
      vertex 5.65762 28.4428 3
    endloop
  endfacet
  facet normal 0 0 1
    outer loop
      vertex 2.0929 31.9315 3
      vertex 3.78526 28.7519 3
      vertex 4.17684 31.7262 3
    endloop
  endfacet
  facet normal 0 0 1
    outer loop
      vertex 2.0929 31.9315 3
      vertex 1.89669 28.9379 3
      vertex 3.78526 28.7519 3
    endloop
  endfacet
  facet normal 0 0 1
    outer loop
      vertex 0 32 3
      vertex 1.89669 28.9379 3
      vertex 2.0929 31.9315 3
    endloop
  endfacet
  facet normal 0 0 1
    outer loop
      vertex 0 32 3
      vertex 0 29 3
      vertex 1.89669 28.9379 3
    endloop
  endfacet
  facet normal 0 0 1
    outer loop
      vertex 0 32 3
      vertex -1.89669 28.9379 3
      vertex 0 29 3
    endloop
  endfacet
  facet normal -0 0 1
    outer loop
      vertex -2.0929 31.9315 3
      vertex -1.89669 28.9379 3
      vertex 0 32 3
    endloop
  endfacet
  facet normal 0 0 1
    outer loop
      vertex -2.0929 31.9315 3
      vertex -3.78526 28.7519 3
      vertex -1.89669 28.9379 3
    endloop
  endfacet
  facet normal -0 0 1
    outer loop
      vertex -4.17684 31.7262 3
      vertex -3.78526 28.7519 3
      vertex -2.0929 31.9315 3
    endloop
  endfacet
  facet normal 0 0 1
    outer loop
      vertex -4.17684 31.7262 3
      vertex -5.65762 28.4428 3
      vertex -3.78526 28.7519 3
    endloop
  endfacet
  facet normal -0 0 1
    outer loop
      vertex -6.24289 31.3851 3
      vertex -5.65762 28.4428 3
      vertex -4.17684 31.7262 3
    endloop
  endfacet
  facet normal 0 0 1
    outer loop
      vertex -6.24289 31.3851 3
      vertex -7.50575 28.0118 3
      vertex -5.65762 28.4428 3
    endloop
  endfacet
  facet normal -0 0 1
    outer loop
      vertex -8.28221 30.9096 3
      vertex -7.50575 28.0118 3
      vertex -6.24289 31.3851 3
    endloop
  endfacet
  facet normal 0 0 1
    outer loop
      vertex -8.28221 30.9096 3
      vertex -9.32174 27.461 3
      vertex -7.50575 28.0118 3
    endloop
  endfacet
  facet normal -0 0 1
    outer loop
      vertex -10.2861 30.3018 3
      vertex -9.32174 27.461 3
      vertex -8.28221 30.9096 3
    endloop
  endfacet
  facet normal 0 0 1
    outer loop
      vertex -10.2861 30.3018 3
      vertex -11.0978 26.7925 3
      vertex -9.32174 27.461 3
    endloop
  endfacet
  facet normal -0 0 1
    outer loop
      vertex -12.2459 29.5641 3
      vertex -11.0978 26.7925 3
      vertex -10.2861 30.3018 3
    endloop
  endfacet
  facet normal 0 0 1
    outer loop
      vertex -12.2459 29.5641 3
      vertex -12.8264 26.0093 3
      vertex -11.0978 26.7925 3
    endloop
  endfacet
  facet normal -0 0 1
    outer loop
      vertex -14.1532 28.6999 3
      vertex -12.8264 26.0093 3
      vertex -12.2459 29.5641 3
    endloop
  endfacet
  facet normal 0 0 1
    outer loop
      vertex -14.1532 28.6999 3
      vertex -14.5 25.1147 3
      vertex -12.8264 26.0093 3
    endloop
  endfacet
  facet normal -0 0 1
    outer loop
      vertex -16 27.7128 3
      vertex -14.5 25.1147 3
      vertex -14.1532 28.6999 3
    endloop
  endfacet
  facet normal -0 0 1
    outer loop
      vertex -17 27.091 3
      vertex -14.5 25.1147 3
      vertex -16 27.7128 3
    endloop
  endfacet
  facet normal 0 0 1
    outer loop
      vertex -14.5 25.1147 3
      vertex -17 27.091 3
      vertex -16.1115 24.1126 3
    endloop
  endfacet
  facet normal 0 0 1
    outer loop
      vertex -16.1115 24.1126 3
      vertex -17 27.091 3
      vertex -17 23.476 3
    endloop
  endfacet
  facet normal -0 0 1
    outer loop
      vertex 16.1115 -24.1126 3
      vertex 17 -27.091 3
      vertex 17 -23.476 3
    endloop
  endfacet
  facet normal -0 0 1
    outer loop
      vertex 14.5 -25.1147 3
      vertex 17 -27.091 3
      vertex 16.1115 -24.1126 3
    endloop
  endfacet
  facet normal 0 0 1
    outer loop
      vertex 17 -27.091 3
      vertex 14.5 -25.1147 3
      vertex 16 -27.7128 3
    endloop
  endfacet
  facet normal 0 0 1
    outer loop
      vertex 14.5 -25.1147 3
      vertex 14.1532 -28.6999 3
      vertex 16 -27.7128 3
    endloop
  endfacet
  facet normal -0 0 1
    outer loop
      vertex 12.8264 -26.0093 3
      vertex 14.1532 -28.6999 3
      vertex 14.5 -25.1147 3
    endloop
  endfacet
  facet normal 0 0 1
    outer loop
      vertex 12.8264 -26.0093 3
      vertex 12.2459 -29.5641 3
      vertex 14.1532 -28.6999 3
    endloop
  endfacet
  facet normal -0 0 1
    outer loop
      vertex 11.0978 -26.7925 3
      vertex 12.2459 -29.5641 3
      vertex 12.8264 -26.0093 3
    endloop
  endfacet
  facet normal 0 0 1
    outer loop
      vertex 11.0978 -26.7925 3
      vertex 10.2861 -30.3018 3
      vertex 12.2459 -29.5641 3
    endloop
  endfacet
  facet normal -0 0 1
    outer loop
      vertex 9.32174 -27.461 3
      vertex 10.2861 -30.3018 3
      vertex 11.0978 -26.7925 3
    endloop
  endfacet
  facet normal 0 0 1
    outer loop
      vertex 9.32174 -27.461 3
      vertex 8.28221 -30.9096 3
      vertex 10.2861 -30.3018 3
    endloop
  endfacet
  facet normal -0 0 1
    outer loop
      vertex 7.50575 -28.0118 3
      vertex 8.28221 -30.9096 3
      vertex 9.32174 -27.461 3
    endloop
  endfacet
  facet normal 0 0 1
    outer loop
      vertex 7.50575 -28.0118 3
      vertex 6.24289 -31.3851 3
      vertex 8.28221 -30.9096 3
    endloop
  endfacet
  facet normal -0 0 1
    outer loop
      vertex 5.65762 -28.4428 3
      vertex 6.24289 -31.3851 3
      vertex 7.50575 -28.0118 3
    endloop
  endfacet
  facet normal 0 0 1
    outer loop
      vertex 5.65762 -28.4428 3
      vertex 4.17684 -31.7262 3
      vertex 6.24289 -31.3851 3
    endloop
  endfacet
  facet normal -0 0 1
    outer loop
      vertex 3.78526 -28.7519 3
      vertex 4.17684 -31.7262 3
      vertex 5.65762 -28.4428 3
    endloop
  endfacet
  facet normal 0 0 1
    outer loop
      vertex 3.78526 -28.7519 3
      vertex 2.0929 -31.9315 3
      vertex 4.17684 -31.7262 3
    endloop
  endfacet
  facet normal -0 0 1
    outer loop
      vertex 1.89669 -28.9379 3
      vertex 2.0929 -31.9315 3
      vertex 3.78526 -28.7519 3
    endloop
  endfacet
  facet normal -0 0 1
    outer loop
      vertex 0 -29 3
      vertex 2.0929 -31.9315 3
      vertex 1.89669 -28.9379 3
    endloop
  endfacet
  facet normal 0 0 1
    outer loop
      vertex 0 -29 3
      vertex 0 -32 3
      vertex 2.0929 -31.9315 3
    endloop
  endfacet
  facet normal 0 0 1
    outer loop
      vertex -1.89669 -28.9379 3
      vertex 0 -32 3
      vertex 0 -29 3
    endloop
  endfacet
  facet normal 0 0 1
    outer loop
      vertex -1.89669 -28.9379 3
      vertex -2.0929 -31.9315 3
      vertex 0 -32 3
    endloop
  endfacet
  facet normal 0 0 1
    outer loop
      vertex -3.78526 -28.7519 3
      vertex -2.0929 -31.9315 3
      vertex -1.89669 -28.9379 3
    endloop
  endfacet
  facet normal 0 0 1
    outer loop
      vertex -3.78526 -28.7519 3
      vertex -4.17684 -31.7262 3
      vertex -2.0929 -31.9315 3
    endloop
  endfacet
  facet normal 0 0 1
    outer loop
      vertex -5.65762 -28.4428 3
      vertex -4.17684 -31.7262 3
      vertex -3.78526 -28.7519 3
    endloop
  endfacet
  facet normal 0 0 1
    outer loop
      vertex -5.65762 -28.4428 3
      vertex -6.24289 -31.3851 3
      vertex -4.17684 -31.7262 3
    endloop
  endfacet
  facet normal 0 0 1
    outer loop
      vertex -7.50575 -28.0118 3
      vertex -6.24289 -31.3851 3
      vertex -5.65762 -28.4428 3
    endloop
  endfacet
  facet normal 0 0 1
    outer loop
      vertex -7.50575 -28.0118 3
      vertex -8.28221 -30.9096 3
      vertex -6.24289 -31.3851 3
    endloop
  endfacet
  facet normal 0 0 1
    outer loop
      vertex -9.32174 -27.461 3
      vertex -8.28221 -30.9096 3
      vertex -7.50575 -28.0118 3
    endloop
  endfacet
  facet normal 0 0 1
    outer loop
      vertex -9.32174 -27.461 3
      vertex -10.2861 -30.3018 3
      vertex -8.28221 -30.9096 3
    endloop
  endfacet
  facet normal 0 0 1
    outer loop
      vertex -11.0978 -26.7925 3
      vertex -10.2861 -30.3018 3
      vertex -9.32174 -27.461 3
    endloop
  endfacet
  facet normal 0 0 1
    outer loop
      vertex -11.0978 -26.7925 3
      vertex -12.2459 -29.5641 3
      vertex -10.2861 -30.3018 3
    endloop
  endfacet
  facet normal 0 0 1
    outer loop
      vertex -12.8264 -26.0093 3
      vertex -12.2459 -29.5641 3
      vertex -11.0978 -26.7925 3
    endloop
  endfacet
  facet normal 0 0 1
    outer loop
      vertex -12.8264 -26.0093 3
      vertex -14.1532 -28.6999 3
      vertex -12.2459 -29.5641 3
    endloop
  endfacet
  facet normal 0 0 1
    outer loop
      vertex -14.5 -25.1147 3
      vertex -14.1532 -28.6999 3
      vertex -12.8264 -26.0093 3
    endloop
  endfacet
  facet normal 0 0 1
    outer loop
      vertex -14.5 -25.1147 3
      vertex -16 -27.7128 3
      vertex -14.1532 -28.6999 3
    endloop
  endfacet
  facet normal 0 0 1
    outer loop
      vertex -17 -27.091 3
      vertex -14.5 -25.1147 3
      vertex -16.1115 -24.1126 3
    endloop
  endfacet
  facet normal 0 0 1
    outer loop
      vertex -17 -27.091 3
      vertex -16.1115 -24.1126 3
      vertex -17 -23.476 3
    endloop
  endfacet
  facet normal 0 0 1
    outer loop
      vertex -14.5 -25.1147 3
      vertex -17 -27.091 3
      vertex -16 -27.7128 3
    endloop
  endfacet
endsolid OpenSCAD_Model
