solid OpenSCAD_Model
  facet normal -0.683376 -0.730066 0
    outer loop
      vertex 23.1071 23.2736 0
      vertex 23.1931 23.1931 4
      vertex 23.1071 23.2736 4
    endloop
  endfacet
  facet normal -0.683376 -0.730066 -0
    outer loop
      vertex 23.1931 23.1931 4
      vertex 23.1071 23.2736 0
      vertex 23.1931 23.1931 0
    endloop
  endfacet
  facet normal 0.683376 -0.730066 0
    outer loop
      vertex 20.6475 23.1931 0
      vertex 20.7335 23.2736 4
      vertex 20.6475 23.1931 4
    endloop
  endfacet
  facet normal 0.683376 -0.730066 0
    outer loop
      vertex 20.7335 23.2736 4
      vertex 20.6475 23.1931 0
      vertex 20.7335 23.2736 0
    endloop
  endfacet
  facet normal -0.730066 0.683376 0
    outer loop
      vertex 23.1931 20.6475 0
      vertex 23.2736 20.7335 4
      vertex 23.2736 20.7335 0
    endloop
  endfacet
  facet normal -0.730066 0.683376 0
    outer loop
      vertex 23.2736 20.7335 4
      vertex 23.1931 20.6475 0
      vertex 23.1931 20.6475 4
    endloop
  endfacet
  facet normal -0.0322687 -0.999479 0
    outer loop
      vertex 21.9203 23.7203 0
      vertex 22.038 23.7165 4
      vertex 21.9203 23.7203 4
    endloop
  endfacet
  facet normal -0.0322687 -0.999479 -0
    outer loop
      vertex 22.038 23.7165 4
      vertex 21.9203 23.7203 0
      vertex 22.038 23.7165 0
    endloop
  endfacet
  facet normal 0.999451 -0.0331169 0
    outer loop
      vertex 20.1203 21.9203 4
      vertex 20.1242 22.038 0
      vertex 20.1242 22.038 4
    endloop
  endfacet
  facet normal 0.999451 -0.0331169 0
    outer loop
      vertex 20.1242 22.038 0
      vertex 20.1203 21.9203 4
      vertex 20.1203 21.9203 0
    endloop
  endfacet
  facet normal 0.910918 -0.412587 0
    outer loop
      vertex 20.2573 22.6091 4
      vertex 20.3059 22.7164 0
      vertex 20.3059 22.7164 4
    endloop
  endfacet
  facet normal 0.910918 -0.412587 0
    outer loop
      vertex 20.3059 22.7164 0
      vertex 20.2573 22.6091 4
      vertex 20.2573 22.6091 0
    endloop
  endfacet
  facet normal -0.412587 -0.910918 0
    outer loop
      vertex 22.6091 23.5833 0
      vertex 22.7164 23.5347 4
      vertex 22.6091 23.5833 4
    endloop
  endfacet
  facet normal -0.412587 -0.910918 -0
    outer loop
      vertex 22.7164 23.5347 4
      vertex 22.6091 23.5833 0
      vertex 22.7164 23.5347 0
    endloop
  endfacet
  facet normal 0.352426 -0.93584 0
    outer loop
      vertex 21.2315 23.5833 0
      vertex 21.3417 23.6248 4
      vertex 21.2315 23.5833 4
    endloop
  endfacet
  facet normal 0.352426 -0.93584 0
    outer loop
      vertex 21.3417 23.6248 4
      vertex 21.2315 23.5833 0
      vertex 21.3417 23.6248 0
    endloop
  endfacet
  facet normal 0.162885 -0.986645 0
    outer loop
      vertex 21.5691 23.6857 0
      vertex 21.6854 23.7049 4
      vertex 21.5691 23.6857 4
    endloop
  endfacet
  facet normal 0.162885 -0.986645 0
    outer loop
      vertex 21.6854 23.7049 4
      vertex 21.5691 23.6857 0
      vertex 21.6854 23.7049 0
    endloop
  endfacet
  facet normal 0.813045 -0.582201 0
    outer loop
      vertex 20.4237 22.9203 4
      vertex 20.4923 23.0161 0
      vertex 20.4923 23.0161 4
    endloop
  endfacet
  facet normal 0.813045 -0.582201 0
    outer loop
      vertex 20.4923 23.0161 0
      vertex 20.4237 22.9203 4
      vertex 20.4237 22.9203 0
    endloop
  endfacet
  facet normal -0.910918 0.412587 0
    outer loop
      vertex 23.5347 21.1242 0
      vertex 23.5833 21.2315 4
      vertex 23.5833 21.2315 0
    endloop
  endfacet
  facet normal -0.910918 0.412587 0
    outer loop
      vertex 23.5833 21.2315 4
      vertex 23.5347 21.1242 0
      vertex 23.5347 21.1242 4
    endloop
  endfacet
  facet normal -0.528166 -0.849141 0
    outer loop
      vertex 22.8203 23.4792 0
      vertex 22.9203 23.417 4
      vertex 22.8203 23.4792 4
    endloop
  endfacet
  facet normal -0.528166 -0.849141 -0
    outer loop
      vertex 22.9203 23.417 4
      vertex 22.8203 23.4792 0
      vertex 22.9203 23.417 0
    endloop
  endfacet
  facet normal -0.634486 -0.772935 0
    outer loop
      vertex 23.0161 23.3483 0
      vertex 23.1071 23.2736 4
      vertex 23.0161 23.3483 4
    endloop
  endfacet
  facet normal -0.634486 -0.772935 -0
    outer loop
      vertex 23.1071 23.2736 4
      vertex 23.0161 23.3483 0
      vertex 23.1071 23.2736 0
    endloop
  endfacet
  facet normal -0.471161 -0.882047 0
    outer loop
      vertex 22.7164 23.5347 0
      vertex 22.8203 23.4792 4
      vertex 22.7164 23.5347 4
    endloop
  endfacet
  facet normal -0.471161 -0.882047 -0
    outer loop
      vertex 22.8203 23.4792 4
      vertex 22.7164 23.5347 0
      vertex 22.8203 23.4792 0
    endloop
  endfacet
  facet normal -0.22672 -0.97396 0
    outer loop
      vertex 22.2715 23.6857 0
      vertex 22.3862 23.659 4
      vertex 22.2715 23.6857 4
    endloop
  endfacet
  facet normal -0.22672 -0.97396 -0
    outer loop
      vertex 22.3862 23.659 4
      vertex 22.2715 23.6857 0
      vertex 22.3862 23.659 0
    endloop
  endfacet
  facet normal -0.163022 -0.986622 0
    outer loop
      vertex 22.1553 23.7049 0
      vertex 22.2715 23.6857 4
      vertex 22.1553 23.7049 4
    endloop
  endfacet
  facet normal -0.163022 -0.986622 -0
    outer loop
      vertex 22.2715 23.6857 4
      vertex 22.1553 23.7049 0
      vertex 22.2715 23.6857 0
    endloop
  endfacet
  facet normal -0.290384 -0.95691 0
    outer loop
      vertex 22.3862 23.659 0
      vertex 22.4989 23.6248 4
      vertex 22.3862 23.659 4
    endloop
  endfacet
  facet normal -0.290384 -0.95691 -0
    outer loop
      vertex 22.4989 23.6248 4
      vertex 22.3862 23.659 0
      vertex 22.4989 23.6248 0
    endloop
  endfacet
  facet normal 0.528166 -0.849141 0
    outer loop
      vertex 20.9203 23.417 0
      vertex 21.0203 23.4792 4
      vertex 20.9203 23.417 4
    endloop
  endfacet
  facet normal 0.528166 -0.849141 0
    outer loop
      vertex 21.0203 23.4792 4
      vertex 20.9203 23.417 0
      vertex 21.0203 23.4792 0
    endloop
  endfacet
  facet normal 0.22672 -0.97396 0
    outer loop
      vertex 21.4544 23.659 0
      vertex 21.5691 23.6857 4
      vertex 21.4544 23.659 4
    endloop
  endfacet
  facet normal 0.22672 -0.97396 0
    outer loop
      vertex 21.5691 23.6857 4
      vertex 21.4544 23.659 0
      vertex 21.5691 23.6857 0
    endloop
  endfacet
  facet normal 0.0984948 -0.995138 0
    outer loop
      vertex 21.6854 23.7049 0
      vertex 21.8026 23.7165 4
      vertex 21.6854 23.7049 4
    endloop
  endfacet
  facet normal 0.0984948 -0.995138 0
    outer loop
      vertex 21.8026 23.7165 4
      vertex 21.6854 23.7049 0
      vertex 21.8026 23.7165 0
    endloop
  endfacet
  facet normal 0.999451 0.0331169 0
    outer loop
      vertex 20.1242 21.8026 4
      vertex 20.1203 21.9203 0
      vertex 20.1203 21.9203 4
    endloop
  endfacet
  facet normal 0.999451 0.0331169 0
    outer loop
      vertex 20.1203 21.9203 0
      vertex 20.1242 21.8026 4
      vertex 20.1242 21.8026 0
    endloop
  endfacet
  facet normal 0.813045 0.582201 0
    outer loop
      vertex 20.4923 20.8245 4
      vertex 20.4237 20.9203 0
      vertex 20.4237 20.9203 4
    endloop
  endfacet
  facet normal 0.813045 0.582201 0
    outer loop
      vertex 20.4237 20.9203 0
      vertex 20.4923 20.8245 4
      vertex 20.4923 20.8245 0
    endloop
  endfacet
  facet normal 0.97396 -0.22672 0
    outer loop
      vertex 20.1549 22.2715 4
      vertex 20.1816 22.3862 0
      vertex 20.1816 22.3862 4
    endloop
  endfacet
  facet normal 0.97396 -0.22672 0
    outer loop
      vertex 20.1816 22.3862 0
      vertex 20.1549 22.2715 4
      vertex 20.1549 22.2715 0
    endloop
  endfacet
  facet normal 0.93584 -0.352426 0
    outer loop
      vertex 20.2158 22.4989 4
      vertex 20.2573 22.6091 0
      vertex 20.2573 22.6091 4
    endloop
  endfacet
  facet normal 0.93584 -0.352426 0
    outer loop
      vertex 20.2573 22.6091 0
      vertex 20.2158 22.4989 4
      vertex 20.2158 22.4989 0
    endloop
  endfacet
  facet normal 0.986622 -0.163022 0
    outer loop
      vertex 20.1357 22.1553 4
      vertex 20.1549 22.2715 0
      vertex 20.1549 22.2715 4
    endloop
  endfacet
  facet normal 0.986622 -0.163022 0
    outer loop
      vertex 20.1549 22.2715 0
      vertex 20.1357 22.1553 4
      vertex 20.1357 22.1553 0
    endloop
  endfacet
  facet normal 0.849141 -0.528166 0
    outer loop
      vertex 20.3615 22.8203 4
      vertex 20.4237 22.9203 0
      vertex 20.4237 22.9203 4
    endloop
  endfacet
  facet normal 0.849141 -0.528166 0
    outer loop
      vertex 20.4237 22.9203 0
      vertex 20.3615 22.8203 4
      vertex 20.3615 22.8203 0
    endloop
  endfacet
  facet normal 0.772935 -0.634486 0
    outer loop
      vertex 20.4923 23.0161 4
      vertex 20.567 23.1071 0
      vertex 20.567 23.1071 4
    endloop
  endfacet
  facet normal 0.772935 -0.634486 0
    outer loop
      vertex 20.567 23.1071 0
      vertex 20.4923 23.0161 4
      vertex 20.4923 23.0161 0
    endloop
  endfacet
  facet normal -0.999479 -0.0322687 0
    outer loop
      vertex 23.7203 21.9203 0
      vertex 23.7165 22.038 4
      vertex 23.7165 22.038 0
    endloop
  endfacet
  facet normal -0.999479 -0.0322687 0
    outer loop
      vertex 23.7165 22.038 4
      vertex 23.7203 21.9203 0
      vertex 23.7203 21.9203 4
    endloop
  endfacet
  facet normal 0.352426 0.93584 -0
    outer loop
      vertex 21.3417 20.2158 0
      vertex 21.2315 20.2573 4
      vertex 21.3417 20.2158 4
    endloop
  endfacet
  facet normal 0.352426 0.93584 0
    outer loop
      vertex 21.2315 20.2573 4
      vertex 21.3417 20.2158 0
      vertex 21.2315 20.2573 0
    endloop
  endfacet
  facet normal -0.772935 0.634486 0
    outer loop
      vertex 23.2736 20.7335 0
      vertex 23.3483 20.8245 4
      vertex 23.3483 20.8245 0
    endloop
  endfacet
  facet normal -0.772935 0.634486 0
    outer loop
      vertex 23.3483 20.8245 4
      vertex 23.2736 20.7335 0
      vertex 23.2736 20.7335 4
    endloop
  endfacet
  facet normal -0.582762 -0.812643 0
    outer loop
      vertex 22.9203 23.417 0
      vertex 23.0161 23.3483 4
      vertex 22.9203 23.417 4
    endloop
  endfacet
  facet normal -0.582762 -0.812643 -0
    outer loop
      vertex 23.0161 23.3483 4
      vertex 22.9203 23.417 0
      vertex 23.0161 23.3483 0
    endloop
  endfacet
  facet normal -0.0984117 -0.995146 0
    outer loop
      vertex 22.038 23.7165 0
      vertex 22.1553 23.7049 4
      vertex 22.038 23.7165 4
    endloop
  endfacet
  facet normal -0.0984117 -0.995146 -0
    outer loop
      vertex 22.1553 23.7049 4
      vertex 22.038 23.7165 0
      vertex 22.1553 23.7049 0
    endloop
  endfacet
  facet normal -0.352426 -0.93584 0
    outer loop
      vertex 22.4989 23.6248 0
      vertex 22.6091 23.5833 4
      vertex 22.4989 23.6248 4
    endloop
  endfacet
  facet normal -0.352426 -0.93584 -0
    outer loop
      vertex 22.6091 23.5833 4
      vertex 22.4989 23.6248 0
      vertex 22.6091 23.5833 0
    endloop
  endfacet
  facet normal 0.471161 -0.882047 0
    outer loop
      vertex 21.0203 23.4792 0
      vertex 21.1242 23.5347 4
      vertex 21.0203 23.4792 4
    endloop
  endfacet
  facet normal 0.471161 -0.882047 0
    outer loop
      vertex 21.1242 23.5347 4
      vertex 21.0203 23.4792 0
      vertex 21.1242 23.5347 0
    endloop
  endfacet
  facet normal 0.412587 -0.910918 0
    outer loop
      vertex 21.1242 23.5347 0
      vertex 21.2315 23.5833 4
      vertex 21.1242 23.5347 4
    endloop
  endfacet
  facet normal 0.412587 -0.910918 0
    outer loop
      vertex 21.2315 23.5833 4
      vertex 21.1242 23.5347 0
      vertex 21.2315 23.5833 0
    endloop
  endfacet
  facet normal 0.582762 -0.812643 0
    outer loop
      vertex 20.8245 23.3483 0
      vertex 20.9203 23.417 4
      vertex 20.8245 23.3483 4
    endloop
  endfacet
  facet normal 0.582762 -0.812643 0
    outer loop
      vertex 20.9203 23.417 4
      vertex 20.8245 23.3483 0
      vertex 20.9203 23.417 0
    endloop
  endfacet
  facet normal 0.634486 -0.772935 0
    outer loop
      vertex 20.7335 23.2736 0
      vertex 20.8245 23.3483 4
      vertex 20.7335 23.2736 4
    endloop
  endfacet
  facet normal 0.634486 -0.772935 0
    outer loop
      vertex 20.8245 23.3483 4
      vertex 20.7335 23.2736 0
      vertex 20.8245 23.3483 0
    endloop
  endfacet
  facet normal 0.290384 -0.95691 0
    outer loop
      vertex 21.3417 23.6248 0
      vertex 21.4544 23.659 4
      vertex 21.3417 23.6248 4
    endloop
  endfacet
  facet normal 0.290384 -0.95691 0
    outer loop
      vertex 21.4544 23.659 4
      vertex 21.3417 23.6248 0
      vertex 21.4544 23.659 0
    endloop
  endfacet
  facet normal 0.0322687 -0.999479 0
    outer loop
      vertex 21.8026 23.7165 0
      vertex 21.9203 23.7203 4
      vertex 21.8026 23.7165 4
    endloop
  endfacet
  facet normal 0.0322687 -0.999479 0
    outer loop
      vertex 21.9203 23.7203 4
      vertex 21.8026 23.7165 0
      vertex 21.9203 23.7203 0
    endloop
  endfacet
  facet normal 0.99522 0.0976539 0
    outer loop
      vertex 20.1357 21.6854 4
      vertex 20.1242 21.8026 0
      vertex 20.1242 21.8026 4
    endloop
  endfacet
  facet normal 0.99522 0.0976539 0
    outer loop
      vertex 20.1242 21.8026 0
      vertex 20.1357 21.6854 4
      vertex 20.1357 21.6854 0
    endloop
  endfacet
  facet normal 0.93584 0.352426 0
    outer loop
      vertex 20.2573 21.2315 4
      vertex 20.2158 21.3417 0
      vertex 20.2158 21.3417 4
    endloop
  endfacet
  facet normal 0.93584 0.352426 0
    outer loop
      vertex 20.2158 21.3417 0
      vertex 20.2573 21.2315 4
      vertex 20.2573 21.2315 0
    endloop
  endfacet
  facet normal 0.97396 0.22672 0
    outer loop
      vertex 20.1816 21.4544 4
      vertex 20.1549 21.5691 0
      vertex 20.1549 21.5691 4
    endloop
  endfacet
  facet normal 0.97396 0.22672 0
    outer loop
      vertex 20.1549 21.5691 0
      vertex 20.1816 21.4544 4
      vertex 20.1816 21.4544 0
    endloop
  endfacet
  facet normal 0.910918 0.412587 0
    outer loop
      vertex 20.3059 21.1242 4
      vertex 20.2573 21.2315 0
      vertex 20.2573 21.2315 4
    endloop
  endfacet
  facet normal 0.910918 0.412587 0
    outer loop
      vertex 20.2573 21.2315 0
      vertex 20.3059 21.1242 4
      vertex 20.3059 21.1242 0
    endloop
  endfacet
  facet normal 0.849141 0.528166 0
    outer loop
      vertex 20.4237 20.9203 4
      vertex 20.3615 21.0203 0
      vertex 20.3615 21.0203 4
    endloop
  endfacet
  facet normal 0.849141 0.528166 0
    outer loop
      vertex 20.3615 21.0203 0
      vertex 20.4237 20.9203 4
      vertex 20.4237 20.9203 0
    endloop
  endfacet
  facet normal 0.772935 0.634486 0
    outer loop
      vertex 20.567 20.7335 4
      vertex 20.4923 20.8245 0
      vertex 20.4923 20.8245 4
    endloop
  endfacet
  facet normal 0.772935 0.634486 0
    outer loop
      vertex 20.4923 20.8245 0
      vertex 20.567 20.7335 4
      vertex 20.567 20.7335 0
    endloop
  endfacet
  facet normal 0.95691 -0.290384 0
    outer loop
      vertex 20.1816 22.3862 4
      vertex 20.2158 22.4989 0
      vertex 20.2158 22.4989 4
    endloop
  endfacet
  facet normal 0.95691 -0.290384 0
    outer loop
      vertex 20.2158 22.4989 0
      vertex 20.1816 22.3862 4
      vertex 20.1816 22.3862 0
    endloop
  endfacet
  facet normal 0.995229 -0.0975714 0
    outer loop
      vertex 20.1242 22.038 4
      vertex 20.1357 22.1553 0
      vertex 20.1357 22.1553 4
    endloop
  endfacet
  facet normal 0.995229 -0.0975714 0
    outer loop
      vertex 20.1357 22.1553 0
      vertex 20.1242 22.038 4
      vertex 20.1242 22.038 0
    endloop
  endfacet
  facet normal 0.881694 -0.471821 0
    outer loop
      vertex 20.3059 22.7164 4
      vertex 20.3615 22.8203 0
      vertex 20.3615 22.8203 4
    endloop
  endfacet
  facet normal 0.881694 -0.471821 0
    outer loop
      vertex 20.3615 22.8203 0
      vertex 20.3059 22.7164 4
      vertex 20.3059 22.7164 0
    endloop
  endfacet
  facet normal 0.730066 -0.683376 0
    outer loop
      vertex 20.567 23.1071 4
      vertex 20.6475 23.1931 0
      vertex 20.6475 23.1931 4
    endloop
  endfacet
  facet normal 0.730066 -0.683376 0
    outer loop
      vertex 20.6475 23.1931 0
      vertex 20.567 23.1071 4
      vertex 20.567 23.1071 0
    endloop
  endfacet
  facet normal -0.730066 -0.683376 0
    outer loop
      vertex 23.2736 23.1071 0
      vertex 23.1931 23.1931 4
      vertex 23.1931 23.1931 0
    endloop
  endfacet
  facet normal -0.730066 -0.683376 0
    outer loop
      vertex 23.1931 23.1931 4
      vertex 23.2736 23.1071 0
      vertex 23.2736 23.1071 4
    endloop
  endfacet
  facet normal -0.772935 -0.634486 0
    outer loop
      vertex 23.3483 23.0161 0
      vertex 23.2736 23.1071 4
      vertex 23.2736 23.1071 0
    endloop
  endfacet
  facet normal -0.772935 -0.634486 0
    outer loop
      vertex 23.2736 23.1071 4
      vertex 23.3483 23.0161 0
      vertex 23.3483 23.0161 4
    endloop
  endfacet
  facet normal -0.910918 -0.412587 0
    outer loop
      vertex 23.5833 22.6091 0
      vertex 23.5347 22.7164 4
      vertex 23.5347 22.7164 0
    endloop
  endfacet
  facet normal -0.910918 -0.412587 0
    outer loop
      vertex 23.5347 22.7164 4
      vertex 23.5833 22.6091 0
      vertex 23.5833 22.6091 4
    endloop
  endfacet
  facet normal -0.812643 -0.582762 0
    outer loop
      vertex 23.417 22.9203 0
      vertex 23.3483 23.0161 4
      vertex 23.3483 23.0161 0
    endloop
  endfacet
  facet normal -0.812643 -0.582762 0
    outer loop
      vertex 23.3483 23.0161 4
      vertex 23.417 22.9203 0
      vertex 23.417 22.9203 4
    endloop
  endfacet
  facet normal -0.882047 -0.471161 0
    outer loop
      vertex 23.5347 22.7164 0
      vertex 23.4792 22.8203 4
      vertex 23.4792 22.8203 0
    endloop
  endfacet
  facet normal -0.882047 -0.471161 0
    outer loop
      vertex 23.4792 22.8203 4
      vertex 23.5347 22.7164 0
      vertex 23.5347 22.7164 4
    endloop
  endfacet
  facet normal -0.95691 0.290384 0
    outer loop
      vertex 23.6248 21.3417 0
      vertex 23.659 21.4544 4
      vertex 23.659 21.4544 0
    endloop
  endfacet
  facet normal -0.95691 0.290384 0
    outer loop
      vertex 23.659 21.4544 4
      vertex 23.6248 21.3417 0
      vertex 23.6248 21.3417 4
    endloop
  endfacet
  facet normal -0.471821 0.881694 0
    outer loop
      vertex 22.8203 20.3615 0
      vertex 22.7164 20.3059 4
      vertex 22.8203 20.3615 4
    endloop
  endfacet
  facet normal -0.471821 0.881694 0
    outer loop
      vertex 22.7164 20.3059 4
      vertex 22.8203 20.3615 0
      vertex 22.7164 20.3059 0
    endloop
  endfacet
  facet normal 0.528166 0.849141 -0
    outer loop
      vertex 21.0203 20.3615 0
      vertex 20.9203 20.4237 4
      vertex 21.0203 20.3615 4
    endloop
  endfacet
  facet normal 0.528166 0.849141 0
    outer loop
      vertex 20.9203 20.4237 4
      vertex 21.0203 20.3615 0
      vertex 20.9203 20.4237 0
    endloop
  endfacet
  facet normal 0.471821 0.881694 -0
    outer loop
      vertex 21.1242 20.3059 0
      vertex 21.0203 20.3615 4
      vertex 21.1242 20.3059 4
    endloop
  endfacet
  facet normal 0.471821 0.881694 0
    outer loop
      vertex 21.0203 20.3615 4
      vertex 21.1242 20.3059 0
      vertex 21.0203 20.3615 0
    endloop
  endfacet
  facet normal -0.882047 0.471161 0
    outer loop
      vertex 23.4792 21.0203 0
      vertex 23.5347 21.1242 4
      vertex 23.5347 21.1242 0
    endloop
  endfacet
  facet normal -0.882047 0.471161 0
    outer loop
      vertex 23.5347 21.1242 4
      vertex 23.4792 21.0203 0
      vertex 23.4792 21.0203 4
    endloop
  endfacet
  facet normal -0.93584 0.352426 0
    outer loop
      vertex 23.5833 21.2315 0
      vertex 23.6248 21.3417 4
      vertex 23.6248 21.3417 0
    endloop
  endfacet
  facet normal -0.93584 0.352426 0
    outer loop
      vertex 23.6248 21.3417 4
      vertex 23.5833 21.2315 0
      vertex 23.5833 21.2315 4
    endloop
  endfacet
  facet normal 0.986645 0.162885 0
    outer loop
      vertex 20.1549 21.5691 4
      vertex 20.1357 21.6854 0
      vertex 20.1357 21.6854 4
    endloop
  endfacet
  facet normal 0.986645 0.162885 0
    outer loop
      vertex 20.1357 21.6854 0
      vertex 20.1549 21.5691 4
      vertex 20.1549 21.5691 0
    endloop
  endfacet
  facet normal 0.95691 0.290384 0
    outer loop
      vertex 20.2158 21.3417 4
      vertex 20.1816 21.4544 0
      vertex 20.1816 21.4544 4
    endloop
  endfacet
  facet normal 0.95691 0.290384 0
    outer loop
      vertex 20.1816 21.4544 0
      vertex 20.2158 21.3417 4
      vertex 20.2158 21.3417 0
    endloop
  endfacet
  facet normal 0.881694 0.471821 0
    outer loop
      vertex 20.3615 21.0203 4
      vertex 20.3059 21.1242 0
      vertex 20.3059 21.1242 4
    endloop
  endfacet
  facet normal 0.881694 0.471821 0
    outer loop
      vertex 20.3059 21.1242 0
      vertex 20.3615 21.0203 4
      vertex 20.3615 21.0203 0
    endloop
  endfacet
  facet normal 0.730066 0.683376 0
    outer loop
      vertex 20.6475 20.6475 4
      vertex 20.567 20.7335 0
      vertex 20.567 20.7335 4
    endloop
  endfacet
  facet normal 0.730066 0.683376 0
    outer loop
      vertex 20.567 20.7335 0
      vertex 20.6475 20.6475 4
      vertex 20.6475 20.6475 0
    endloop
  endfacet
  facet normal -0.849141 -0.528166 0
    outer loop
      vertex 23.4792 22.8203 0
      vertex 23.417 22.9203 4
      vertex 23.417 22.9203 0
    endloop
  endfacet
  facet normal -0.849141 -0.528166 0
    outer loop
      vertex 23.417 22.9203 4
      vertex 23.4792 22.8203 0
      vertex 23.4792 22.8203 4
    endloop
  endfacet
  facet normal -0.995146 -0.0984117 0
    outer loop
      vertex 23.7165 22.038 0
      vertex 23.7049 22.1553 4
      vertex 23.7049 22.1553 0
    endloop
  endfacet
  facet normal -0.995146 -0.0984117 0
    outer loop
      vertex 23.7049 22.1553 4
      vertex 23.7165 22.038 0
      vertex 23.7165 22.038 4
    endloop
  endfacet
  facet normal -0.97396 -0.22672 0
    outer loop
      vertex 23.6857 22.2715 0
      vertex 23.659 22.3862 4
      vertex 23.659 22.3862 0
    endloop
  endfacet
  facet normal -0.97396 -0.22672 0
    outer loop
      vertex 23.659 22.3862 4
      vertex 23.6857 22.2715 0
      vertex 23.6857 22.2715 4
    endloop
  endfacet
  facet normal -0.412587 0.910918 0
    outer loop
      vertex 22.7164 20.3059 0
      vertex 22.6091 20.2573 4
      vertex 22.7164 20.3059 4
    endloop
  endfacet
  facet normal -0.412587 0.910918 0
    outer loop
      vertex 22.6091 20.2573 4
      vertex 22.7164 20.3059 0
      vertex 22.6091 20.2573 0
    endloop
  endfacet
  facet normal 0.412587 0.910918 -0
    outer loop
      vertex 21.2315 20.2573 0
      vertex 21.1242 20.3059 4
      vertex 21.2315 20.2573 4
    endloop
  endfacet
  facet normal 0.412587 0.910918 0
    outer loop
      vertex 21.1242 20.3059 4
      vertex 21.2315 20.2573 0
      vertex 21.1242 20.3059 0
    endloop
  endfacet
  facet normal 0.582201 0.813045 -0
    outer loop
      vertex 20.9203 20.4237 0
      vertex 20.8245 20.4923 4
      vertex 20.9203 20.4237 4
    endloop
  endfacet
  facet normal 0.582201 0.813045 0
    outer loop
      vertex 20.8245 20.4923 4
      vertex 20.9203 20.4237 0
      vertex 20.8245 20.4923 0
    endloop
  endfacet
  facet normal -0.812643 0.582762 0
    outer loop
      vertex 23.3483 20.8245 0
      vertex 23.417 20.9203 4
      vertex 23.417 20.9203 0
    endloop
  endfacet
  facet normal -0.812643 0.582762 0
    outer loop
      vertex 23.417 20.9203 4
      vertex 23.3483 20.8245 0
      vertex 23.3483 20.8245 4
    endloop
  endfacet
  facet normal -0.93584 -0.352426 0
    outer loop
      vertex 23.6248 22.4989 0
      vertex 23.5833 22.6091 4
      vertex 23.5833 22.6091 0
    endloop
  endfacet
  facet normal -0.93584 -0.352426 0
    outer loop
      vertex 23.5833 22.6091 4
      vertex 23.6248 22.4989 0
      vertex 23.6248 22.4989 4
    endloop
  endfacet
  facet normal -0.95691 -0.290384 0
    outer loop
      vertex 23.659 22.3862 0
      vertex 23.6248 22.4989 4
      vertex 23.6248 22.4989 0
    endloop
  endfacet
  facet normal -0.95691 -0.290384 0
    outer loop
      vertex 23.6248 22.4989 4
      vertex 23.659 22.3862 0
      vertex 23.659 22.3862 4
    endloop
  endfacet
  facet normal -0.986622 -0.163022 0
    outer loop
      vertex 23.7049 22.1553 0
      vertex 23.6857 22.2715 4
      vertex 23.6857 22.2715 0
    endloop
  endfacet
  facet normal -0.986622 -0.163022 0
    outer loop
      vertex 23.6857 22.2715 4
      vertex 23.7049 22.1553 0
      vertex 23.7049 22.1553 4
    endloop
  endfacet
  facet normal -0.995138 0.0984948 0
    outer loop
      vertex 23.7049 21.6854 0
      vertex 23.7165 21.8026 4
      vertex 23.7165 21.8026 0
    endloop
  endfacet
  facet normal -0.995138 0.0984948 0
    outer loop
      vertex 23.7165 21.8026 4
      vertex 23.7049 21.6854 0
      vertex 23.7049 21.6854 4
    endloop
  endfacet
  facet normal -0.97396 0.22672 0
    outer loop
      vertex 23.659 21.4544 0
      vertex 23.6857 21.5691 4
      vertex 23.6857 21.5691 0
    endloop
  endfacet
  facet normal -0.97396 0.22672 0
    outer loop
      vertex 23.6857 21.5691 4
      vertex 23.659 21.4544 0
      vertex 23.659 21.4544 4
    endloop
  endfacet
  facet normal -0.683376 0.730066 0
    outer loop
      vertex 23.1931 20.6475 0
      vertex 23.1071 20.567 4
      vertex 23.1931 20.6475 4
    endloop
  endfacet
  facet normal -0.683376 0.730066 0
    outer loop
      vertex 23.1071 20.567 4
      vertex 23.1931 20.6475 0
      vertex 23.1071 20.567 0
    endloop
  endfacet
  facet normal -0.634486 0.772935 0
    outer loop
      vertex 23.1071 20.567 0
      vertex 23.0161 20.4923 4
      vertex 23.1071 20.567 4
    endloop
  endfacet
  facet normal -0.634486 0.772935 0
    outer loop
      vertex 23.0161 20.4923 4
      vertex 23.1071 20.567 0
      vertex 23.0161 20.4923 0
    endloop
  endfacet
  facet normal 0.290384 0.95691 -0
    outer loop
      vertex 21.4544 20.1816 0
      vertex 21.3417 20.2158 4
      vertex 21.4544 20.1816 4
    endloop
  endfacet
  facet normal 0.290384 0.95691 0
    outer loop
      vertex 21.3417 20.2158 4
      vertex 21.4544 20.1816 0
      vertex 21.3417 20.2158 0
    endloop
  endfacet
  facet normal 0.0331169 0.999451 -0
    outer loop
      vertex 21.9203 20.1203 0
      vertex 21.8026 20.1242 4
      vertex 21.9203 20.1203 4
    endloop
  endfacet
  facet normal 0.0331169 0.999451 0
    outer loop
      vertex 21.8026 20.1242 4
      vertex 21.9203 20.1203 0
      vertex 21.8026 20.1242 0
    endloop
  endfacet
  facet normal 0.162885 0.986645 -0
    outer loop
      vertex 21.6854 20.1357 0
      vertex 21.5691 20.1549 4
      vertex 21.6854 20.1357 4
    endloop
  endfacet
  facet normal 0.162885 0.986645 0
    outer loop
      vertex 21.5691 20.1549 4
      vertex 21.6854 20.1357 0
      vertex 21.5691 20.1549 0
    endloop
  endfacet
  facet normal -0.0331169 0.999451 0
    outer loop
      vertex 22.038 20.1242 0
      vertex 21.9203 20.1203 4
      vertex 22.038 20.1242 4
    endloop
  endfacet
  facet normal -0.0331169 0.999451 0
    outer loop
      vertex 21.9203 20.1203 4
      vertex 22.038 20.1242 0
      vertex 21.9203 20.1203 0
    endloop
  endfacet
  facet normal 0.634486 0.772935 -0
    outer loop
      vertex 20.8245 20.4923 0
      vertex 20.7335 20.567 4
      vertex 20.8245 20.4923 4
    endloop
  endfacet
  facet normal 0.634486 0.772935 0
    outer loop
      vertex 20.7335 20.567 4
      vertex 20.8245 20.4923 0
      vertex 20.7335 20.567 0
    endloop
  endfacet
  facet normal 0.683376 0.730066 -0
    outer loop
      vertex 20.7335 20.567 0
      vertex 20.6475 20.6475 4
      vertex 20.7335 20.567 4
    endloop
  endfacet
  facet normal 0.683376 0.730066 0
    outer loop
      vertex 20.6475 20.6475 4
      vertex 20.7335 20.567 0
      vertex 20.6475 20.6475 0
    endloop
  endfacet
  facet normal -0.849141 0.528166 0
    outer loop
      vertex 23.417 20.9203 0
      vertex 23.4792 21.0203 4
      vertex 23.4792 21.0203 0
    endloop
  endfacet
  facet normal -0.849141 0.528166 0
    outer loop
      vertex 23.4792 21.0203 4
      vertex 23.417 20.9203 0
      vertex 23.417 20.9203 4
    endloop
  endfacet
  facet normal -0.999479 0.0322687 0
    outer loop
      vertex 23.7165 21.8026 0
      vertex 23.7203 21.9203 4
      vertex 23.7203 21.9203 0
    endloop
  endfacet
  facet normal -0.999479 0.0322687 0
    outer loop
      vertex 23.7203 21.9203 4
      vertex 23.7165 21.8026 0
      vertex 23.7165 21.8026 4
    endloop
  endfacet
  facet normal -0.986645 0.162885 0
    outer loop
      vertex 23.6857 21.5691 0
      vertex 23.7049 21.6854 4
      vertex 23.7049 21.6854 0
    endloop
  endfacet
  facet normal -0.986645 0.162885 0
    outer loop
      vertex 23.7049 21.6854 4
      vertex 23.6857 21.5691 0
      vertex 23.6857 21.5691 4
    endloop
  endfacet
  facet normal -0.163022 0.986622 0
    outer loop
      vertex 22.2715 20.1549 0
      vertex 22.1553 20.1357 4
      vertex 22.2715 20.1549 4
    endloop
  endfacet
  facet normal -0.163022 0.986622 0
    outer loop
      vertex 22.1553 20.1357 4
      vertex 22.2715 20.1549 0
      vertex 22.1553 20.1357 0
    endloop
  endfacet
  facet normal -0.0975714 0.995229 0
    outer loop
      vertex 22.1553 20.1357 0
      vertex 22.038 20.1242 4
      vertex 22.1553 20.1357 4
    endloop
  endfacet
  facet normal -0.0975714 0.995229 0
    outer loop
      vertex 22.038 20.1242 4
      vertex 22.1553 20.1357 0
      vertex 22.038 20.1242 0
    endloop
  endfacet
  facet normal -0.528166 0.849141 0
    outer loop
      vertex 22.9203 20.4237 0
      vertex 22.8203 20.3615 4
      vertex 22.9203 20.4237 4
    endloop
  endfacet
  facet normal -0.528166 0.849141 0
    outer loop
      vertex 22.8203 20.3615 4
      vertex 22.9203 20.4237 0
      vertex 22.8203 20.3615 0
    endloop
  endfacet
  facet normal 0.22672 0.97396 -0
    outer loop
      vertex 21.5691 20.1549 0
      vertex 21.4544 20.1816 4
      vertex 21.5691 20.1549 4
    endloop
  endfacet
  facet normal 0.22672 0.97396 0
    outer loop
      vertex 21.4544 20.1816 4
      vertex 21.5691 20.1549 0
      vertex 21.4544 20.1816 0
    endloop
  endfacet
  facet normal 0.0976539 0.99522 -0
    outer loop
      vertex 21.8026 20.1242 0
      vertex 21.6854 20.1357 4
      vertex 21.8026 20.1242 4
    endloop
  endfacet
  facet normal 0.0976539 0.99522 0
    outer loop
      vertex 21.6854 20.1357 4
      vertex 21.8026 20.1242 0
      vertex 21.6854 20.1357 0
    endloop
  endfacet
  facet normal -0.22672 0.97396 0
    outer loop
      vertex 22.3862 20.1816 0
      vertex 22.2715 20.1549 4
      vertex 22.3862 20.1816 4
    endloop
  endfacet
  facet normal -0.22672 0.97396 0
    outer loop
      vertex 22.2715 20.1549 4
      vertex 22.3862 20.1816 0
      vertex 22.2715 20.1549 0
    endloop
  endfacet
  facet normal -0.352426 0.93584 0
    outer loop
      vertex 22.6091 20.2573 0
      vertex 22.4989 20.2158 4
      vertex 22.6091 20.2573 4
    endloop
  endfacet
  facet normal -0.352426 0.93584 0
    outer loop
      vertex 22.4989 20.2158 4
      vertex 22.6091 20.2573 0
      vertex 22.4989 20.2158 0
    endloop
  endfacet
  facet normal -0.290384 0.95691 0
    outer loop
      vertex 22.4989 20.2158 0
      vertex 22.3862 20.1816 4
      vertex 22.4989 20.2158 4
    endloop
  endfacet
  facet normal -0.290384 0.95691 0
    outer loop
      vertex 22.3862 20.1816 4
      vertex 22.4989 20.2158 0
      vertex 22.3862 20.1816 0
    endloop
  endfacet
  facet normal -0.582201 0.813045 0
    outer loop
      vertex 23.0161 20.4923 0
      vertex 22.9203 20.4237 4
      vertex 23.0161 20.4923 4
    endloop
  endfacet
  facet normal -0.582201 0.813045 0
    outer loop
      vertex 22.9203 20.4237 4
      vertex 23.0161 20.4923 0
      vertex 22.9203 20.4237 0
    endloop
  endfacet
  facet normal 0.730066 -0.683376 0
    outer loop
      vertex -23.2736 23.1071 4
      vertex -23.1931 23.1931 0
      vertex -23.1931 23.1931 4
    endloop
  endfacet
  facet normal 0.730066 -0.683376 0
    outer loop
      vertex -23.1931 23.1931 0
      vertex -23.2736 23.1071 4
      vertex -23.2736 23.1071 0
    endloop
  endfacet
  facet normal -0.683376 -0.730066 0
    outer loop
      vertex -20.7335 23.2736 0
      vertex -20.6475 23.1931 4
      vertex -20.7335 23.2736 4
    endloop
  endfacet
  facet normal -0.683376 -0.730066 -0
    outer loop
      vertex -20.6475 23.1931 4
      vertex -20.7335 23.2736 0
      vertex -20.6475 23.1931 0
    endloop
  endfacet
  facet normal 0.999479 -0.0322687 0
    outer loop
      vertex -23.7203 21.9203 4
      vertex -23.7165 22.038 0
      vertex -23.7165 22.038 4
    endloop
  endfacet
  facet normal 0.999479 -0.0322687 0
    outer loop
      vertex -23.7165 22.038 0
      vertex -23.7203 21.9203 4
      vertex -23.7203 21.9203 0
    endloop
  endfacet
  facet normal 0.910918 -0.412587 0
    outer loop
      vertex -23.5833 22.6091 4
      vertex -23.5347 22.7164 0
      vertex -23.5347 22.7164 4
    endloop
  endfacet
  facet normal 0.910918 -0.412587 0
    outer loop
      vertex -23.5347 22.7164 0
      vertex -23.5833 22.6091 4
      vertex -23.5833 22.6091 0
    endloop
  endfacet
  facet normal -0.22672 0.97396 0
    outer loop
      vertex -21.4544 20.1816 0
      vertex -21.5691 20.1549 4
      vertex -21.4544 20.1816 4
    endloop
  endfacet
  facet normal -0.22672 0.97396 0
    outer loop
      vertex -21.5691 20.1549 4
      vertex -21.4544 20.1816 0
      vertex -21.5691 20.1549 0
    endloop
  endfacet
  facet normal 0.0331169 0.999451 -0
    outer loop
      vertex -21.9203 20.1203 0
      vertex -22.038 20.1242 4
      vertex -21.9203 20.1203 4
    endloop
  endfacet
  facet normal 0.0331169 0.999451 0
    outer loop
      vertex -22.038 20.1242 4
      vertex -21.9203 20.1203 0
      vertex -22.038 20.1242 0
    endloop
  endfacet
  facet normal -0.352426 -0.93584 0
    outer loop
      vertex -21.3417 23.6248 0
      vertex -21.2315 23.5833 4
      vertex -21.3417 23.6248 4
    endloop
  endfacet
  facet normal -0.352426 -0.93584 -0
    outer loop
      vertex -21.2315 23.5833 4
      vertex -21.3417 23.6248 0
      vertex -21.2315 23.5833 0
    endloop
  endfacet
  facet normal 0.812643 -0.582762 0
    outer loop
      vertex -23.417 22.9203 4
      vertex -23.3483 23.0161 0
      vertex -23.3483 23.0161 4
    endloop
  endfacet
  facet normal 0.812643 -0.582762 0
    outer loop
      vertex -23.3483 23.0161 0
      vertex -23.417 22.9203 4
      vertex -23.417 22.9203 0
    endloop
  endfacet
  facet normal 0.772935 -0.634486 0
    outer loop
      vertex -23.3483 23.0161 4
      vertex -23.2736 23.1071 0
      vertex -23.2736 23.1071 4
    endloop
  endfacet
  facet normal 0.772935 -0.634486 0
    outer loop
      vertex -23.2736 23.1071 0
      vertex -23.3483 23.0161 4
      vertex -23.3483 23.0161 0
    endloop
  endfacet
  facet normal 0.882047 -0.471161 0
    outer loop
      vertex -23.5347 22.7164 4
      vertex -23.4792 22.8203 0
      vertex -23.4792 22.8203 4
    endloop
  endfacet
  facet normal 0.882047 -0.471161 0
    outer loop
      vertex -23.4792 22.8203 0
      vertex -23.5347 22.7164 4
      vertex -23.5347 22.7164 0
    endloop
  endfacet
  facet normal 0.97396 -0.22672 0
    outer loop
      vertex -23.6857 22.2715 4
      vertex -23.659 22.3862 0
      vertex -23.659 22.3862 4
    endloop
  endfacet
  facet normal 0.97396 -0.22672 0
    outer loop
      vertex -23.659 22.3862 0
      vertex -23.6857 22.2715 4
      vertex -23.6857 22.2715 0
    endloop
  endfacet
  facet normal 0.986622 -0.163022 0
    outer loop
      vertex -23.7049 22.1553 4
      vertex -23.6857 22.2715 0
      vertex -23.6857 22.2715 4
    endloop
  endfacet
  facet normal 0.986622 -0.163022 0
    outer loop
      vertex -23.6857 22.2715 0
      vertex -23.7049 22.1553 4
      vertex -23.7049 22.1553 0
    endloop
  endfacet
  facet normal 0.849141 0.528166 0
    outer loop
      vertex -23.417 20.9203 4
      vertex -23.4792 21.0203 0
      vertex -23.4792 21.0203 4
    endloop
  endfacet
  facet normal 0.849141 0.528166 0
    outer loop
      vertex -23.4792 21.0203 0
      vertex -23.417 20.9203 4
      vertex -23.417 20.9203 0
    endloop
  endfacet
  facet normal 0.97396 0.22672 0
    outer loop
      vertex -23.659 21.4544 4
      vertex -23.6857 21.5691 0
      vertex -23.6857 21.5691 4
    endloop
  endfacet
  facet normal 0.97396 0.22672 0
    outer loop
      vertex -23.6857 21.5691 0
      vertex -23.659 21.4544 4
      vertex -23.659 21.4544 0
    endloop
  endfacet
  facet normal 0.95691 0.290384 0
    outer loop
      vertex -23.6248 21.3417 4
      vertex -23.659 21.4544 0
      vertex -23.659 21.4544 4
    endloop
  endfacet
  facet normal 0.95691 0.290384 0
    outer loop
      vertex -23.659 21.4544 0
      vertex -23.6248 21.3417 4
      vertex -23.6248 21.3417 0
    endloop
  endfacet
  facet normal -0.0331169 0.999451 0
    outer loop
      vertex -21.8026 20.1242 0
      vertex -21.9203 20.1203 4
      vertex -21.8026 20.1242 4
    endloop
  endfacet
  facet normal -0.0331169 0.999451 0
    outer loop
      vertex -21.9203 20.1203 4
      vertex -21.8026 20.1242 0
      vertex -21.9203 20.1203 0
    endloop
  endfacet
  facet normal -0.528166 0.849141 0
    outer loop
      vertex -20.9203 20.4237 0
      vertex -21.0203 20.3615 4
      vertex -20.9203 20.4237 4
    endloop
  endfacet
  facet normal -0.528166 0.849141 0
    outer loop
      vertex -21.0203 20.3615 4
      vertex -20.9203 20.4237 0
      vertex -21.0203 20.3615 0
    endloop
  endfacet
  facet normal -0.582201 0.813045 0
    outer loop
      vertex -20.8245 20.4923 0
      vertex -20.9203 20.4237 4
      vertex -20.8245 20.4923 4
    endloop
  endfacet
  facet normal -0.582201 0.813045 0
    outer loop
      vertex -20.9203 20.4237 4
      vertex -20.8245 20.4923 0
      vertex -20.9203 20.4237 0
    endloop
  endfacet
  facet normal 0.352426 0.93584 -0
    outer loop
      vertex -22.4989 20.2158 0
      vertex -22.6091 20.2573 4
      vertex -22.4989 20.2158 4
    endloop
  endfacet
  facet normal 0.352426 0.93584 0
    outer loop
      vertex -22.6091 20.2573 4
      vertex -22.4989 20.2158 0
      vertex -22.6091 20.2573 0
    endloop
  endfacet
  facet normal 0.290384 0.95691 -0
    outer loop
      vertex -22.3862 20.1816 0
      vertex -22.4989 20.2158 4
      vertex -22.3862 20.1816 4
    endloop
  endfacet
  facet normal 0.290384 0.95691 0
    outer loop
      vertex -22.4989 20.2158 4
      vertex -22.3862 20.1816 0
      vertex -22.4989 20.2158 0
    endloop
  endfacet
  facet normal 0.163022 0.986622 -0
    outer loop
      vertex -22.1553 20.1357 0
      vertex -22.2715 20.1549 4
      vertex -22.1553 20.1357 4
    endloop
  endfacet
  facet normal 0.163022 0.986622 0
    outer loop
      vertex -22.2715 20.1549 4
      vertex -22.1553 20.1357 0
      vertex -22.2715 20.1549 0
    endloop
  endfacet
  facet normal 0.528166 0.849141 -0
    outer loop
      vertex -22.8203 20.3615 0
      vertex -22.9203 20.4237 4
      vertex -22.8203 20.3615 4
    endloop
  endfacet
  facet normal 0.528166 0.849141 0
    outer loop
      vertex -22.9203 20.4237 4
      vertex -22.8203 20.3615 0
      vertex -22.9203 20.4237 0
    endloop
  endfacet
  facet normal 0.412587 0.910918 -0
    outer loop
      vertex -22.6091 20.2573 0
      vertex -22.7164 20.3059 4
      vertex -22.6091 20.2573 4
    endloop
  endfacet
  facet normal 0.412587 0.910918 0
    outer loop
      vertex -22.7164 20.3059 4
      vertex -22.6091 20.2573 0
      vertex -22.7164 20.3059 0
    endloop
  endfacet
  facet normal 0.471161 -0.882047 0
    outer loop
      vertex -22.8203 23.4792 0
      vertex -22.7164 23.5347 4
      vertex -22.8203 23.4792 4
    endloop
  endfacet
  facet normal 0.471161 -0.882047 0
    outer loop
      vertex -22.7164 23.5347 4
      vertex -22.8203 23.4792 0
      vertex -22.7164 23.5347 0
    endloop
  endfacet
  facet normal 0.0322687 -0.999479 0
    outer loop
      vertex -22.038 23.7165 0
      vertex -21.9203 23.7203 4
      vertex -22.038 23.7165 4
    endloop
  endfacet
  facet normal 0.0322687 -0.999479 0
    outer loop
      vertex -21.9203 23.7203 4
      vertex -22.038 23.7165 0
      vertex -21.9203 23.7203 0
    endloop
  endfacet
  facet normal 0.849141 -0.528166 0
    outer loop
      vertex -23.4792 22.8203 4
      vertex -23.417 22.9203 0
      vertex -23.417 22.9203 4
    endloop
  endfacet
  facet normal 0.849141 -0.528166 0
    outer loop
      vertex -23.417 22.9203 0
      vertex -23.4792 22.8203 4
      vertex -23.4792 22.8203 0
    endloop
  endfacet
  facet normal 0.995146 -0.0984117 0
    outer loop
      vertex -23.7165 22.038 4
      vertex -23.7049 22.1553 0
      vertex -23.7049 22.1553 4
    endloop
  endfacet
  facet normal 0.995146 -0.0984117 0
    outer loop
      vertex -23.7049 22.1553 0
      vertex -23.7165 22.038 4
      vertex -23.7165 22.038 0
    endloop
  endfacet
  facet normal 0.95691 -0.290384 0
    outer loop
      vertex -23.659 22.3862 4
      vertex -23.6248 22.4989 0
      vertex -23.6248 22.4989 4
    endloop
  endfacet
  facet normal 0.95691 -0.290384 0
    outer loop
      vertex -23.6248 22.4989 0
      vertex -23.659 22.3862 4
      vertex -23.659 22.3862 0
    endloop
  endfacet
  facet normal 0.93584 -0.352426 0
    outer loop
      vertex -23.6248 22.4989 4
      vertex -23.5833 22.6091 0
      vertex -23.5833 22.6091 4
    endloop
  endfacet
  facet normal 0.93584 -0.352426 0
    outer loop
      vertex -23.5833 22.6091 0
      vertex -23.6248 22.4989 4
      vertex -23.6248 22.4989 0
    endloop
  endfacet
  facet normal 0.910918 0.412587 0
    outer loop
      vertex -23.5347 21.1242 4
      vertex -23.5833 21.2315 0
      vertex -23.5833 21.2315 4
    endloop
  endfacet
  facet normal 0.910918 0.412587 0
    outer loop
      vertex -23.5833 21.2315 0
      vertex -23.5347 21.1242 4
      vertex -23.5347 21.1242 0
    endloop
  endfacet
  facet normal 0.882047 0.471161 0
    outer loop
      vertex -23.4792 21.0203 4
      vertex -23.5347 21.1242 0
      vertex -23.5347 21.1242 4
    endloop
  endfacet
  facet normal 0.882047 0.471161 0
    outer loop
      vertex -23.5347 21.1242 0
      vertex -23.4792 21.0203 4
      vertex -23.4792 21.0203 0
    endloop
  endfacet
  facet normal 0.812643 0.582762 0
    outer loop
      vertex -23.3483 20.8245 4
      vertex -23.417 20.9203 0
      vertex -23.417 20.9203 4
    endloop
  endfacet
  facet normal 0.812643 0.582762 0
    outer loop
      vertex -23.417 20.9203 0
      vertex -23.3483 20.8245 4
      vertex -23.3483 20.8245 0
    endloop
  endfacet
  facet normal 0.730066 0.683376 0
    outer loop
      vertex -23.1931 20.6475 4
      vertex -23.2736 20.7335 0
      vertex -23.2736 20.7335 4
    endloop
  endfacet
  facet normal 0.730066 0.683376 0
    outer loop
      vertex -23.2736 20.7335 0
      vertex -23.1931 20.6475 4
      vertex -23.1931 20.6475 0
    endloop
  endfacet
  facet normal 0.93584 0.352426 0
    outer loop
      vertex -23.5833 21.2315 4
      vertex -23.6248 21.3417 0
      vertex -23.6248 21.3417 4
    endloop
  endfacet
  facet normal 0.93584 0.352426 0
    outer loop
      vertex -23.6248 21.3417 0
      vertex -23.5833 21.2315 4
      vertex -23.5833 21.2315 0
    endloop
  endfacet
  facet normal 0.986645 0.162885 0
    outer loop
      vertex -23.6857 21.5691 4
      vertex -23.7049 21.6854 0
      vertex -23.7049 21.6854 4
    endloop
  endfacet
  facet normal 0.986645 0.162885 0
    outer loop
      vertex -23.7049 21.6854 0
      vertex -23.6857 21.5691 4
      vertex -23.6857 21.5691 0
    endloop
  endfacet
  facet normal 0.999479 0.0322687 0
    outer loop
      vertex -23.7165 21.8026 4
      vertex -23.7203 21.9203 0
      vertex -23.7203 21.9203 4
    endloop
  endfacet
  facet normal 0.999479 0.0322687 0
    outer loop
      vertex -23.7203 21.9203 0
      vertex -23.7165 21.8026 4
      vertex -23.7165 21.8026 0
    endloop
  endfacet
  facet normal -0.0976539 0.99522 0
    outer loop
      vertex -21.6854 20.1357 0
      vertex -21.8026 20.1242 4
      vertex -21.6854 20.1357 4
    endloop
  endfacet
  facet normal -0.0976539 0.99522 0
    outer loop
      vertex -21.8026 20.1242 4
      vertex -21.6854 20.1357 0
      vertex -21.8026 20.1242 0
    endloop
  endfacet
  facet normal -0.352426 0.93584 0
    outer loop
      vertex -21.2315 20.2573 0
      vertex -21.3417 20.2158 4
      vertex -21.2315 20.2573 4
    endloop
  endfacet
  facet normal -0.352426 0.93584 0
    outer loop
      vertex -21.3417 20.2158 4
      vertex -21.2315 20.2573 0
      vertex -21.3417 20.2158 0
    endloop
  endfacet
  facet normal -0.412587 0.910918 0
    outer loop
      vertex -21.1242 20.3059 0
      vertex -21.2315 20.2573 4
      vertex -21.1242 20.3059 4
    endloop
  endfacet
  facet normal -0.412587 0.910918 0
    outer loop
      vertex -21.2315 20.2573 4
      vertex -21.1242 20.3059 0
      vertex -21.2315 20.2573 0
    endloop
  endfacet
  facet normal -0.471821 0.881694 0
    outer loop
      vertex -21.0203 20.3615 0
      vertex -21.1242 20.3059 4
      vertex -21.0203 20.3615 4
    endloop
  endfacet
  facet normal -0.471821 0.881694 0
    outer loop
      vertex -21.1242 20.3059 4
      vertex -21.0203 20.3615 0
      vertex -21.1242 20.3059 0
    endloop
  endfacet
  facet normal -0.634486 0.772935 0
    outer loop
      vertex -20.7335 20.567 0
      vertex -20.8245 20.4923 4
      vertex -20.7335 20.567 4
    endloop
  endfacet
  facet normal -0.634486 0.772935 0
    outer loop
      vertex -20.8245 20.4923 4
      vertex -20.7335 20.567 0
      vertex -20.8245 20.4923 0
    endloop
  endfacet
  facet normal 0.0975714 0.995229 -0
    outer loop
      vertex -22.038 20.1242 0
      vertex -22.1553 20.1357 4
      vertex -22.038 20.1242 4
    endloop
  endfacet
  facet normal 0.0975714 0.995229 0
    outer loop
      vertex -22.1553 20.1357 4
      vertex -22.038 20.1242 0
      vertex -22.1553 20.1357 0
    endloop
  endfacet
  facet normal 0.471821 0.881694 -0
    outer loop
      vertex -22.7164 20.3059 0
      vertex -22.8203 20.3615 4
      vertex -22.7164 20.3059 4
    endloop
  endfacet
  facet normal 0.471821 0.881694 0
    outer loop
      vertex -22.8203 20.3615 4
      vertex -22.7164 20.3059 0
      vertex -22.8203 20.3615 0
    endloop
  endfacet
  facet normal 0.582201 0.813045 -0
    outer loop
      vertex -22.9203 20.4237 0
      vertex -23.0161 20.4923 4
      vertex -22.9203 20.4237 4
    endloop
  endfacet
  facet normal 0.582201 0.813045 0
    outer loop
      vertex -23.0161 20.4923 4
      vertex -22.9203 20.4237 0
      vertex -23.0161 20.4923 0
    endloop
  endfacet
  facet normal 0.683376 0.730066 -0
    outer loop
      vertex -23.1071 20.567 0
      vertex -23.1931 20.6475 4
      vertex -23.1071 20.567 4
    endloop
  endfacet
  facet normal 0.683376 0.730066 0
    outer loop
      vertex -23.1931 20.6475 4
      vertex -23.1071 20.567 0
      vertex -23.1931 20.6475 0
    endloop
  endfacet
  facet normal 0.683376 -0.730066 0
    outer loop
      vertex -23.1931 23.1931 0
      vertex -23.1071 23.2736 4
      vertex -23.1931 23.1931 4
    endloop
  endfacet
  facet normal 0.683376 -0.730066 0
    outer loop
      vertex -23.1071 23.2736 4
      vertex -23.1931 23.1931 0
      vertex -23.1071 23.2736 0
    endloop
  endfacet
  facet normal 0.634486 -0.772935 0
    outer loop
      vertex -23.1071 23.2736 0
      vertex -23.0161 23.3483 4
      vertex -23.1071 23.2736 4
    endloop
  endfacet
  facet normal 0.634486 -0.772935 0
    outer loop
      vertex -23.0161 23.3483 4
      vertex -23.1071 23.2736 0
      vertex -23.0161 23.3483 0
    endloop
  endfacet
  facet normal -0.849141 0.528166 0
    outer loop
      vertex -20.4237 20.9203 0
      vertex -20.3615 21.0203 4
      vertex -20.3615 21.0203 0
    endloop
  endfacet
  facet normal -0.849141 0.528166 0
    outer loop
      vertex -20.3615 21.0203 4
      vertex -20.4237 20.9203 0
      vertex -20.4237 20.9203 4
    endloop
  endfacet
  facet normal -0.582762 -0.812643 0
    outer loop
      vertex -20.9203 23.417 0
      vertex -20.8245 23.3483 4
      vertex -20.9203 23.417 4
    endloop
  endfacet
  facet normal -0.582762 -0.812643 -0
    outer loop
      vertex -20.8245 23.3483 4
      vertex -20.9203 23.417 0
      vertex -20.8245 23.3483 0
    endloop
  endfacet
  facet normal 0.772935 0.634486 0
    outer loop
      vertex -23.2736 20.7335 4
      vertex -23.3483 20.8245 0
      vertex -23.3483 20.8245 4
    endloop
  endfacet
  facet normal 0.772935 0.634486 0
    outer loop
      vertex -23.3483 20.8245 0
      vertex -23.2736 20.7335 4
      vertex -23.2736 20.7335 0
    endloop
  endfacet
  facet normal 0.995138 0.0984948 0
    outer loop
      vertex -23.7049 21.6854 4
      vertex -23.7165 21.8026 0
      vertex -23.7165 21.8026 4
    endloop
  endfacet
  facet normal 0.995138 0.0984948 0
    outer loop
      vertex -23.7165 21.8026 0
      vertex -23.7049 21.6854 4
      vertex -23.7049 21.6854 0
    endloop
  endfacet
  facet normal -0.162885 0.986645 0
    outer loop
      vertex -21.5691 20.1549 0
      vertex -21.6854 20.1357 4
      vertex -21.5691 20.1549 4
    endloop
  endfacet
  facet normal -0.162885 0.986645 0
    outer loop
      vertex -21.6854 20.1357 4
      vertex -21.5691 20.1549 0
      vertex -21.6854 20.1357 0
    endloop
  endfacet
  facet normal -0.290384 0.95691 0
    outer loop
      vertex -21.3417 20.2158 0
      vertex -21.4544 20.1816 4
      vertex -21.3417 20.2158 4
    endloop
  endfacet
  facet normal -0.290384 0.95691 0
    outer loop
      vertex -21.4544 20.1816 4
      vertex -21.3417 20.2158 0
      vertex -21.4544 20.1816 0
    endloop
  endfacet
  facet normal -0.683376 0.730066 0
    outer loop
      vertex -20.6475 20.6475 0
      vertex -20.7335 20.567 4
      vertex -20.6475 20.6475 4
    endloop
  endfacet
  facet normal -0.683376 0.730066 0
    outer loop
      vertex -20.7335 20.567 4
      vertex -20.6475 20.6475 0
      vertex -20.7335 20.567 0
    endloop
  endfacet
  facet normal 0.22672 0.97396 -0
    outer loop
      vertex -22.2715 20.1549 0
      vertex -22.3862 20.1816 4
      vertex -22.2715 20.1549 4
    endloop
  endfacet
  facet normal 0.22672 0.97396 0
    outer loop
      vertex -22.3862 20.1816 4
      vertex -22.2715 20.1549 0
      vertex -22.3862 20.1816 0
    endloop
  endfacet
  facet normal 0.634486 0.772935 -0
    outer loop
      vertex -23.0161 20.4923 0
      vertex -23.1071 20.567 4
      vertex -23.0161 20.4923 4
    endloop
  endfacet
  facet normal 0.634486 0.772935 0
    outer loop
      vertex -23.1071 20.567 4
      vertex -23.0161 20.4923 0
      vertex -23.1071 20.567 0
    endloop
  endfacet
  facet normal 0.582762 -0.812643 0
    outer loop
      vertex -23.0161 23.3483 0
      vertex -22.9203 23.417 4
      vertex -23.0161 23.3483 4
    endloop
  endfacet
  facet normal 0.582762 -0.812643 0
    outer loop
      vertex -22.9203 23.417 4
      vertex -23.0161 23.3483 0
      vertex -22.9203 23.417 0
    endloop
  endfacet
  facet normal 0.290384 -0.95691 0
    outer loop
      vertex -22.4989 23.6248 0
      vertex -22.3862 23.659 4
      vertex -22.4989 23.6248 4
    endloop
  endfacet
  facet normal 0.290384 -0.95691 0
    outer loop
      vertex -22.3862 23.659 4
      vertex -22.4989 23.6248 0
      vertex -22.3862 23.659 0
    endloop
  endfacet
  facet normal 0.412587 -0.910918 0
    outer loop
      vertex -22.7164 23.5347 0
      vertex -22.6091 23.5833 4
      vertex -22.7164 23.5347 4
    endloop
  endfacet
  facet normal 0.412587 -0.910918 0
    outer loop
      vertex -22.6091 23.5833 4
      vertex -22.7164 23.5347 0
      vertex -22.6091 23.5833 0
    endloop
  endfacet
  facet normal 0.528166 -0.849141 0
    outer loop
      vertex -22.9203 23.417 0
      vertex -22.8203 23.4792 4
      vertex -22.9203 23.417 4
    endloop
  endfacet
  facet normal 0.528166 -0.849141 0
    outer loop
      vertex -22.8203 23.4792 4
      vertex -22.9203 23.417 0
      vertex -22.8203 23.4792 0
    endloop
  endfacet
  facet normal 0.0984117 -0.995146 0
    outer loop
      vertex -22.1553 23.7049 0
      vertex -22.038 23.7165 4
      vertex -22.1553 23.7049 4
    endloop
  endfacet
  facet normal 0.0984117 -0.995146 0
    outer loop
      vertex -22.038 23.7165 4
      vertex -22.1553 23.7049 0
      vertex -22.038 23.7165 0
    endloop
  endfacet
  facet normal -0.290384 -0.95691 0
    outer loop
      vertex -21.4544 23.659 0
      vertex -21.3417 23.6248 4
      vertex -21.4544 23.659 4
    endloop
  endfacet
  facet normal -0.290384 -0.95691 -0
    outer loop
      vertex -21.3417 23.6248 4
      vertex -21.4544 23.659 0
      vertex -21.3417 23.6248 0
    endloop
  endfacet
  facet normal -0.995229 -0.0975714 0
    outer loop
      vertex -20.1242 22.038 0
      vertex -20.1357 22.1553 4
      vertex -20.1357 22.1553 0
    endloop
  endfacet
  facet normal -0.995229 -0.0975714 0
    outer loop
      vertex -20.1357 22.1553 4
      vertex -20.1242 22.038 0
      vertex -20.1242 22.038 4
    endloop
  endfacet
  facet normal -0.813045 -0.582201 0
    outer loop
      vertex -20.4237 22.9203 0
      vertex -20.4923 23.0161 4
      vertex -20.4923 23.0161 0
    endloop
  endfacet
  facet normal -0.813045 -0.582201 0
    outer loop
      vertex -20.4923 23.0161 4
      vertex -20.4237 22.9203 0
      vertex -20.4237 22.9203 4
    endloop
  endfacet
  facet normal -0.999451 0.0331169 0
    outer loop
      vertex -20.1242 21.8026 0
      vertex -20.1203 21.9203 4
      vertex -20.1203 21.9203 0
    endloop
  endfacet
  facet normal -0.999451 0.0331169 0
    outer loop
      vertex -20.1203 21.9203 4
      vertex -20.1242 21.8026 0
      vertex -20.1242 21.8026 4
    endloop
  endfacet
  facet normal -0.93584 0.352426 0
    outer loop
      vertex -20.2573 21.2315 0
      vertex -20.2158 21.3417 4
      vertex -20.2158 21.3417 0
    endloop
  endfacet
  facet normal -0.93584 0.352426 0
    outer loop
      vertex -20.2158 21.3417 4
      vertex -20.2573 21.2315 0
      vertex -20.2573 21.2315 4
    endloop
  endfacet
  facet normal -0.813045 0.582201 0
    outer loop
      vertex -20.4923 20.8245 0
      vertex -20.4237 20.9203 4
      vertex -20.4237 20.9203 0
    endloop
  endfacet
  facet normal -0.813045 0.582201 0
    outer loop
      vertex -20.4237 20.9203 4
      vertex -20.4923 20.8245 0
      vertex -20.4923 20.8245 4
    endloop
  endfacet
  facet normal -0.634486 -0.772935 0
    outer loop
      vertex -20.8245 23.3483 0
      vertex -20.7335 23.2736 4
      vertex -20.8245 23.3483 4
    endloop
  endfacet
  facet normal -0.634486 -0.772935 -0
    outer loop
      vertex -20.7335 23.2736 4
      vertex -20.8245 23.3483 0
      vertex -20.7335 23.2736 0
    endloop
  endfacet
  facet normal 0.352426 -0.93584 0
    outer loop
      vertex -22.6091 23.5833 0
      vertex -22.4989 23.6248 4
      vertex -22.6091 23.5833 4
    endloop
  endfacet
  facet normal 0.352426 -0.93584 0
    outer loop
      vertex -22.4989 23.6248 4
      vertex -22.6091 23.5833 0
      vertex -22.4989 23.6248 0
    endloop
  endfacet
  facet normal 0.22672 -0.97396 0
    outer loop
      vertex -22.3862 23.659 0
      vertex -22.2715 23.6857 4
      vertex -22.3862 23.659 4
    endloop
  endfacet
  facet normal 0.22672 -0.97396 0
    outer loop
      vertex -22.2715 23.6857 4
      vertex -22.3862 23.659 0
      vertex -22.2715 23.6857 0
    endloop
  endfacet
  facet normal 0.163022 -0.986622 0
    outer loop
      vertex -22.2715 23.6857 0
      vertex -22.1553 23.7049 4
      vertex -22.2715 23.6857 4
    endloop
  endfacet
  facet normal 0.163022 -0.986622 0
    outer loop
      vertex -22.1553 23.7049 4
      vertex -22.2715 23.6857 0
      vertex -22.1553 23.7049 0
    endloop
  endfacet
  facet normal -0.0322687 -0.999479 0
    outer loop
      vertex -21.9203 23.7203 0
      vertex -21.8026 23.7165 4
      vertex -21.9203 23.7203 4
    endloop
  endfacet
  facet normal -0.0322687 -0.999479 -0
    outer loop
      vertex -21.8026 23.7165 4
      vertex -21.9203 23.7203 0
      vertex -21.8026 23.7165 0
    endloop
  endfacet
  facet normal -0.22672 -0.97396 0
    outer loop
      vertex -21.5691 23.6857 0
      vertex -21.4544 23.659 4
      vertex -21.5691 23.6857 4
    endloop
  endfacet
  facet normal -0.22672 -0.97396 -0
    outer loop
      vertex -21.4544 23.659 4
      vertex -21.5691 23.6857 0
      vertex -21.4544 23.659 0
    endloop
  endfacet
  facet normal -0.730066 -0.683376 0
    outer loop
      vertex -20.567 23.1071 0
      vertex -20.6475 23.1931 4
      vertex -20.6475 23.1931 0
    endloop
  endfacet
  facet normal -0.730066 -0.683376 0
    outer loop
      vertex -20.6475 23.1931 4
      vertex -20.567 23.1071 0
      vertex -20.567 23.1071 4
    endloop
  endfacet
  facet normal -0.881694 -0.471821 0
    outer loop
      vertex -20.3059 22.7164 0
      vertex -20.3615 22.8203 4
      vertex -20.3615 22.8203 0
    endloop
  endfacet
  facet normal -0.881694 -0.471821 0
    outer loop
      vertex -20.3615 22.8203 4
      vertex -20.3059 22.7164 0
      vertex -20.3059 22.7164 4
    endloop
  endfacet
  facet normal -0.772935 -0.634486 0
    outer loop
      vertex -20.4923 23.0161 0
      vertex -20.567 23.1071 4
      vertex -20.567 23.1071 0
    endloop
  endfacet
  facet normal -0.772935 -0.634486 0
    outer loop
      vertex -20.567 23.1071 4
      vertex -20.4923 23.0161 0
      vertex -20.4923 23.0161 4
    endloop
  endfacet
  facet normal -0.999451 -0.0331169 0
    outer loop
      vertex -20.1203 21.9203 0
      vertex -20.1242 22.038 4
      vertex -20.1242 22.038 0
    endloop
  endfacet
  facet normal -0.999451 -0.0331169 0
    outer loop
      vertex -20.1242 22.038 4
      vertex -20.1203 21.9203 0
      vertex -20.1203 21.9203 4
    endloop
  endfacet
  facet normal -0.986645 0.162885 0
    outer loop
      vertex -20.1549 21.5691 0
      vertex -20.1357 21.6854 4
      vertex -20.1357 21.6854 0
    endloop
  endfacet
  facet normal -0.986645 0.162885 0
    outer loop
      vertex -20.1357 21.6854 4
      vertex -20.1549 21.5691 0
      vertex -20.1549 21.5691 4
    endloop
  endfacet
  facet normal -0.95691 0.290384 0
    outer loop
      vertex -20.2158 21.3417 0
      vertex -20.1816 21.4544 4
      vertex -20.1816 21.4544 0
    endloop
  endfacet
  facet normal -0.95691 0.290384 0
    outer loop
      vertex -20.1816 21.4544 4
      vertex -20.2158 21.3417 0
      vertex -20.2158 21.3417 4
    endloop
  endfacet
  facet normal -0.910918 0.412587 0
    outer loop
      vertex -20.3059 21.1242 0
      vertex -20.2573 21.2315 4
      vertex -20.2573 21.2315 0
    endloop
  endfacet
  facet normal -0.910918 0.412587 0
    outer loop
      vertex -20.2573 21.2315 4
      vertex -20.3059 21.1242 0
      vertex -20.3059 21.1242 4
    endloop
  endfacet
  facet normal -0.881694 0.471821 0
    outer loop
      vertex -20.3615 21.0203 0
      vertex -20.3059 21.1242 4
      vertex -20.3059 21.1242 0
    endloop
  endfacet
  facet normal -0.881694 0.471821 0
    outer loop
      vertex -20.3059 21.1242 4
      vertex -20.3615 21.0203 0
      vertex -20.3615 21.0203 4
    endloop
  endfacet
  facet normal -0.772935 0.634486 0
    outer loop
      vertex -20.567 20.7335 0
      vertex -20.4923 20.8245 4
      vertex -20.4923 20.8245 0
    endloop
  endfacet
  facet normal -0.772935 0.634486 0
    outer loop
      vertex -20.4923 20.8245 4
      vertex -20.567 20.7335 0
      vertex -20.567 20.7335 4
    endloop
  endfacet
  facet normal -0.730066 0.683376 0
    outer loop
      vertex -20.6475 20.6475 0
      vertex -20.567 20.7335 4
      vertex -20.567 20.7335 0
    endloop
  endfacet
  facet normal -0.730066 0.683376 0
    outer loop
      vertex -20.567 20.7335 4
      vertex -20.6475 20.6475 0
      vertex -20.6475 20.6475 4
    endloop
  endfacet
  facet normal -0.412587 -0.910918 0
    outer loop
      vertex -21.2315 23.5833 0
      vertex -21.1242 23.5347 4
      vertex -21.2315 23.5833 4
    endloop
  endfacet
  facet normal -0.412587 -0.910918 -0
    outer loop
      vertex -21.1242 23.5347 4
      vertex -21.2315 23.5833 0
      vertex -21.1242 23.5347 0
    endloop
  endfacet
  facet normal -0.471161 -0.882047 0
    outer loop
      vertex -21.1242 23.5347 0
      vertex -21.0203 23.4792 4
      vertex -21.1242 23.5347 4
    endloop
  endfacet
  facet normal -0.471161 -0.882047 -0
    outer loop
      vertex -21.0203 23.4792 4
      vertex -21.1242 23.5347 0
      vertex -21.0203 23.4792 0
    endloop
  endfacet
  facet normal -0.528166 -0.849141 0
    outer loop
      vertex -21.0203 23.4792 0
      vertex -20.9203 23.417 4
      vertex -21.0203 23.4792 4
    endloop
  endfacet
  facet normal -0.528166 -0.849141 -0
    outer loop
      vertex -20.9203 23.417 4
      vertex -21.0203 23.4792 0
      vertex -20.9203 23.417 0
    endloop
  endfacet
  facet normal -0.0984948 -0.995138 0
    outer loop
      vertex -21.8026 23.7165 0
      vertex -21.6854 23.7049 4
      vertex -21.8026 23.7165 4
    endloop
  endfacet
  facet normal -0.0984948 -0.995138 -0
    outer loop
      vertex -21.6854 23.7049 4
      vertex -21.8026 23.7165 0
      vertex -21.6854 23.7049 0
    endloop
  endfacet
  facet normal -0.162885 -0.986645 0
    outer loop
      vertex -21.6854 23.7049 0
      vertex -21.5691 23.6857 4
      vertex -21.6854 23.7049 4
    endloop
  endfacet
  facet normal -0.162885 -0.986645 -0
    outer loop
      vertex -21.5691 23.6857 4
      vertex -21.6854 23.7049 0
      vertex -21.5691 23.6857 0
    endloop
  endfacet
  facet normal -0.986622 -0.163022 0
    outer loop
      vertex -20.1357 22.1553 0
      vertex -20.1549 22.2715 4
      vertex -20.1549 22.2715 0
    endloop
  endfacet
  facet normal -0.986622 -0.163022 0
    outer loop
      vertex -20.1549 22.2715 4
      vertex -20.1357 22.1553 0
      vertex -20.1357 22.1553 4
    endloop
  endfacet
  facet normal -0.910918 -0.412587 0
    outer loop
      vertex -20.2573 22.6091 0
      vertex -20.3059 22.7164 4
      vertex -20.3059 22.7164 0
    endloop
  endfacet
  facet normal -0.910918 -0.412587 0
    outer loop
      vertex -20.3059 22.7164 4
      vertex -20.2573 22.6091 0
      vertex -20.2573 22.6091 4
    endloop
  endfacet
  facet normal -0.849141 -0.528166 0
    outer loop
      vertex -20.3615 22.8203 0
      vertex -20.4237 22.9203 4
      vertex -20.4237 22.9203 0
    endloop
  endfacet
  facet normal -0.849141 -0.528166 0
    outer loop
      vertex -20.4237 22.9203 4
      vertex -20.3615 22.8203 0
      vertex -20.3615 22.8203 4
    endloop
  endfacet
  facet normal -0.99522 0.0976539 0
    outer loop
      vertex -20.1357 21.6854 0
      vertex -20.1242 21.8026 4
      vertex -20.1242 21.8026 0
    endloop
  endfacet
  facet normal -0.99522 0.0976539 0
    outer loop
      vertex -20.1242 21.8026 4
      vertex -20.1357 21.6854 0
      vertex -20.1357 21.6854 4
    endloop
  endfacet
  facet normal -0.97396 0.22672 0
    outer loop
      vertex -20.1816 21.4544 0
      vertex -20.1549 21.5691 4
      vertex -20.1549 21.5691 0
    endloop
  endfacet
  facet normal -0.97396 0.22672 0
    outer loop
      vertex -20.1549 21.5691 4
      vertex -20.1816 21.4544 0
      vertex -20.1816 21.4544 4
    endloop
  endfacet
  facet normal -0.97396 -0.22672 0
    outer loop
      vertex -20.1549 22.2715 0
      vertex -20.1816 22.3862 4
      vertex -20.1816 22.3862 0
    endloop
  endfacet
  facet normal -0.97396 -0.22672 0
    outer loop
      vertex -20.1816 22.3862 4
      vertex -20.1549 22.2715 0
      vertex -20.1549 22.2715 4
    endloop
  endfacet
  facet normal -0.93584 -0.352426 0
    outer loop
      vertex -20.2158 22.4989 0
      vertex -20.2573 22.6091 4
      vertex -20.2573 22.6091 0
    endloop
  endfacet
  facet normal -0.93584 -0.352426 0
    outer loop
      vertex -20.2573 22.6091 4
      vertex -20.2158 22.4989 0
      vertex -20.2158 22.4989 4
    endloop
  endfacet
  facet normal -0.95691 -0.290384 0
    outer loop
      vertex -20.1816 22.3862 0
      vertex -20.2158 22.4989 4
      vertex -20.2158 22.4989 0
    endloop
  endfacet
  facet normal -0.95691 -0.290384 0
    outer loop
      vertex -20.2158 22.4989 4
      vertex -20.1816 22.3862 0
      vertex -20.1816 22.3862 4
    endloop
  endfacet
  facet normal 0.683376 0.730066 -0
    outer loop
      vertex -23.1071 -23.2736 0
      vertex -23.1931 -23.1931 4
      vertex -23.1071 -23.2736 4
    endloop
  endfacet
  facet normal 0.683376 0.730066 0
    outer loop
      vertex -23.1931 -23.1931 4
      vertex -23.1071 -23.2736 0
      vertex -23.1931 -23.1931 0
    endloop
  endfacet
  facet normal -0.730066 -0.683376 0
    outer loop
      vertex -20.567 -20.7335 0
      vertex -20.6475 -20.6475 4
      vertex -20.6475 -20.6475 0
    endloop
  endfacet
  facet normal -0.730066 -0.683376 0
    outer loop
      vertex -20.6475 -20.6475 4
      vertex -20.567 -20.7335 0
      vertex -20.567 -20.7335 4
    endloop
  endfacet
  facet normal 0.730066 -0.683376 0
    outer loop
      vertex -23.2736 -20.7335 4
      vertex -23.1931 -20.6475 0
      vertex -23.1931 -20.6475 4
    endloop
  endfacet
  facet normal 0.730066 -0.683376 0
    outer loop
      vertex -23.1931 -20.6475 0
      vertex -23.2736 -20.7335 4
      vertex -23.2736 -20.7335 0
    endloop
  endfacet
  facet normal -0.97396 -0.22672 0
    outer loop
      vertex -20.1549 -21.5691 0
      vertex -20.1816 -21.4544 4
      vertex -20.1816 -21.4544 0
    endloop
  endfacet
  facet normal -0.97396 -0.22672 0
    outer loop
      vertex -20.1816 -21.4544 4
      vertex -20.1549 -21.5691 0
      vertex -20.1549 -21.5691 4
    endloop
  endfacet
  facet normal -0.999451 0.0331169 0
    outer loop
      vertex -20.1242 -22.038 0
      vertex -20.1203 -21.9203 4
      vertex -20.1203 -21.9203 0
    endloop
  endfacet
  facet normal -0.999451 0.0331169 0
    outer loop
      vertex -20.1203 -21.9203 4
      vertex -20.1242 -22.038 0
      vertex -20.1242 -22.038 4
    endloop
  endfacet
  facet normal 0.93584 -0.352426 0
    outer loop
      vertex -23.6248 -21.3417 4
      vertex -23.5833 -21.2315 0
      vertex -23.5833 -21.2315 4
    endloop
  endfacet
  facet normal 0.93584 -0.352426 0
    outer loop
      vertex -23.5833 -21.2315 0
      vertex -23.6248 -21.3417 4
      vertex -23.6248 -21.3417 0
    endloop
  endfacet
  facet normal 0.582762 0.812643 -0
    outer loop
      vertex -22.9203 -23.417 0
      vertex -23.0161 -23.3483 4
      vertex -22.9203 -23.417 4
    endloop
  endfacet
  facet normal 0.582762 0.812643 0
    outer loop
      vertex -23.0161 -23.3483 4
      vertex -22.9203 -23.417 0
      vertex -23.0161 -23.3483 0
    endloop
  endfacet
  facet normal 0.634486 0.772935 -0
    outer loop
      vertex -23.0161 -23.3483 0
      vertex -23.1071 -23.2736 4
      vertex -23.0161 -23.3483 4
    endloop
  endfacet
  facet normal 0.634486 0.772935 0
    outer loop
      vertex -23.1071 -23.2736 4
      vertex -23.0161 -23.3483 0
      vertex -23.1071 -23.2736 0
    endloop
  endfacet
  facet normal 0.471161 0.882047 -0
    outer loop
      vertex -22.7164 -23.5347 0
      vertex -22.8203 -23.4792 4
      vertex -22.7164 -23.5347 4
    endloop
  endfacet
  facet normal 0.471161 0.882047 0
    outer loop
      vertex -22.8203 -23.4792 4
      vertex -22.7164 -23.5347 0
      vertex -22.8203 -23.4792 0
    endloop
  endfacet
  facet normal 0.163022 0.986622 -0
    outer loop
      vertex -22.1553 -23.7049 0
      vertex -22.2715 -23.6857 4
      vertex -22.1553 -23.7049 4
    endloop
  endfacet
  facet normal 0.163022 0.986622 0
    outer loop
      vertex -22.2715 -23.6857 4
      vertex -22.1553 -23.7049 0
      vertex -22.2715 -23.6857 0
    endloop
  endfacet
  facet normal 0.22672 0.97396 -0
    outer loop
      vertex -22.2715 -23.6857 0
      vertex -22.3862 -23.659 4
      vertex -22.2715 -23.6857 4
    endloop
  endfacet
  facet normal 0.22672 0.97396 0
    outer loop
      vertex -22.3862 -23.659 4
      vertex -22.2715 -23.6857 0
      vertex -22.3862 -23.659 0
    endloop
  endfacet
  facet normal -0.528166 0.849141 0
    outer loop
      vertex -20.9203 -23.417 0
      vertex -21.0203 -23.4792 4
      vertex -20.9203 -23.417 4
    endloop
  endfacet
  facet normal -0.528166 0.849141 0
    outer loop
      vertex -21.0203 -23.4792 4
      vertex -20.9203 -23.417 0
      vertex -21.0203 -23.4792 0
    endloop
  endfacet
  facet normal -0.22672 0.97396 0
    outer loop
      vertex -21.4544 -23.659 0
      vertex -21.5691 -23.6857 4
      vertex -21.4544 -23.659 4
    endloop
  endfacet
  facet normal -0.22672 0.97396 0
    outer loop
      vertex -21.5691 -23.6857 4
      vertex -21.4544 -23.659 0
      vertex -21.5691 -23.6857 0
    endloop
  endfacet
  facet normal -0.290384 0.95691 0
    outer loop
      vertex -21.3417 -23.6248 0
      vertex -21.4544 -23.659 4
      vertex -21.3417 -23.6248 4
    endloop
  endfacet
  facet normal -0.290384 0.95691 0
    outer loop
      vertex -21.4544 -23.659 4
      vertex -21.3417 -23.6248 0
      vertex -21.4544 -23.659 0
    endloop
  endfacet
  facet normal -0.849141 -0.528166 0
    outer loop
      vertex -20.3615 -21.0203 0
      vertex -20.4237 -20.9203 4
      vertex -20.4237 -20.9203 0
    endloop
  endfacet
  facet normal -0.849141 -0.528166 0
    outer loop
      vertex -20.4237 -20.9203 4
      vertex -20.3615 -21.0203 0
      vertex -20.3615 -21.0203 4
    endloop
  endfacet
  facet normal -0.999451 -0.0331169 0
    outer loop
      vertex -20.1203 -21.9203 0
      vertex -20.1242 -21.8026 4
      vertex -20.1242 -21.8026 0
    endloop
  endfacet
  facet normal -0.999451 -0.0331169 0
    outer loop
      vertex -20.1242 -21.8026 4
      vertex -20.1203 -21.9203 0
      vertex -20.1203 -21.9203 4
    endloop
  endfacet
  facet normal -0.93584 -0.352426 0
    outer loop
      vertex -20.2158 -21.3417 0
      vertex -20.2573 -21.2315 4
      vertex -20.2573 -21.2315 0
    endloop
  endfacet
  facet normal -0.93584 -0.352426 0
    outer loop
      vertex -20.2573 -21.2315 4
      vertex -20.2158 -21.3417 0
      vertex -20.2158 -21.3417 4
    endloop
  endfacet
  facet normal -0.881694 -0.471821 0
    outer loop
      vertex -20.3059 -21.1242 0
      vertex -20.3615 -21.0203 4
      vertex -20.3615 -21.0203 0
    endloop
  endfacet
  facet normal -0.881694 -0.471821 0
    outer loop
      vertex -20.3615 -21.0203 4
      vertex -20.3059 -21.1242 0
      vertex -20.3059 -21.1242 4
    endloop
  endfacet
  facet normal -0.813045 -0.582201 0
    outer loop
      vertex -20.4237 -20.9203 0
      vertex -20.4923 -20.8245 4
      vertex -20.4923 -20.8245 0
    endloop
  endfacet
  facet normal -0.813045 -0.582201 0
    outer loop
      vertex -20.4923 -20.8245 4
      vertex -20.4237 -20.9203 0
      vertex -20.4237 -20.9203 4
    endloop
  endfacet
  facet normal -0.93584 0.352426 0
    outer loop
      vertex -20.2573 -22.6091 0
      vertex -20.2158 -22.4989 4
      vertex -20.2158 -22.4989 0
    endloop
  endfacet
  facet normal -0.93584 0.352426 0
    outer loop
      vertex -20.2158 -22.4989 4
      vertex -20.2573 -22.6091 0
      vertex -20.2573 -22.6091 4
    endloop
  endfacet
  facet normal -0.95691 0.290384 0
    outer loop
      vertex -20.2158 -22.4989 0
      vertex -20.1816 -22.3862 4
      vertex -20.1816 -22.3862 0
    endloop
  endfacet
  facet normal -0.95691 0.290384 0
    outer loop
      vertex -20.1816 -22.3862 4
      vertex -20.2158 -22.4989 0
      vertex -20.2158 -22.4989 4
    endloop
  endfacet
  facet normal -0.986622 0.163022 0
    outer loop
      vertex -20.1549 -22.2715 0
      vertex -20.1357 -22.1553 4
      vertex -20.1357 -22.1553 0
    endloop
  endfacet
  facet normal -0.986622 0.163022 0
    outer loop
      vertex -20.1357 -22.1553 4
      vertex -20.1549 -22.2715 0
      vertex -20.1549 -22.2715 4
    endloop
  endfacet
  facet normal -0.849141 0.528166 0
    outer loop
      vertex -20.4237 -22.9203 0
      vertex -20.3615 -22.8203 4
      vertex -20.3615 -22.8203 0
    endloop
  endfacet
  facet normal -0.849141 0.528166 0
    outer loop
      vertex -20.3615 -22.8203 4
      vertex -20.4237 -22.9203 0
      vertex -20.4237 -22.9203 4
    endloop
  endfacet
  facet normal -0.910918 0.412587 0
    outer loop
      vertex -20.3059 -22.7164 0
      vertex -20.2573 -22.6091 4
      vertex -20.2573 -22.6091 0
    endloop
  endfacet
  facet normal -0.910918 0.412587 0
    outer loop
      vertex -20.2573 -22.6091 4
      vertex -20.3059 -22.7164 0
      vertex -20.3059 -22.7164 4
    endloop
  endfacet
  facet normal 0.999479 0.0322687 0
    outer loop
      vertex -23.7165 -22.038 4
      vertex -23.7203 -21.9203 0
      vertex -23.7203 -21.9203 4
    endloop
  endfacet
  facet normal 0.999479 0.0322687 0
    outer loop
      vertex -23.7203 -21.9203 0
      vertex -23.7165 -22.038 4
      vertex -23.7165 -22.038 0
    endloop
  endfacet
  facet normal 0.986622 0.163022 0
    outer loop
      vertex -23.6857 -22.2715 4
      vertex -23.7049 -22.1553 0
      vertex -23.7049 -22.1553 4
    endloop
  endfacet
  facet normal 0.986622 0.163022 0
    outer loop
      vertex -23.7049 -22.1553 0
      vertex -23.6857 -22.2715 4
      vertex -23.6857 -22.2715 0
    endloop
  endfacet
  facet normal 0.412587 0.910918 -0
    outer loop
      vertex -22.6091 -23.5833 0
      vertex -22.7164 -23.5347 4
      vertex -22.6091 -23.5833 4
    endloop
  endfacet
  facet normal 0.412587 0.910918 0
    outer loop
      vertex -22.7164 -23.5347 4
      vertex -22.6091 -23.5833 0
      vertex -22.7164 -23.5347 0
    endloop
  endfacet
  facet normal 0.0984117 0.995146 -0
    outer loop
      vertex -22.038 -23.7165 0
      vertex -22.1553 -23.7049 4
      vertex -22.038 -23.7165 4
    endloop
  endfacet
  facet normal 0.0984117 0.995146 0
    outer loop
      vertex -22.1553 -23.7049 4
      vertex -22.038 -23.7165 0
      vertex -22.1553 -23.7049 0
    endloop
  endfacet
  facet normal 0.352426 0.93584 -0
    outer loop
      vertex -22.4989 -23.6248 0
      vertex -22.6091 -23.5833 4
      vertex -22.4989 -23.6248 4
    endloop
  endfacet
  facet normal 0.352426 0.93584 0
    outer loop
      vertex -22.6091 -23.5833 4
      vertex -22.4989 -23.6248 0
      vertex -22.6091 -23.5833 0
    endloop
  endfacet
  facet normal -0.412587 0.910918 0
    outer loop
      vertex -21.1242 -23.5347 0
      vertex -21.2315 -23.5833 4
      vertex -21.1242 -23.5347 4
    endloop
  endfacet
  facet normal -0.412587 0.910918 0
    outer loop
      vertex -21.2315 -23.5833 4
      vertex -21.1242 -23.5347 0
      vertex -21.2315 -23.5833 0
    endloop
  endfacet
  facet normal -0.471161 0.882047 0
    outer loop
      vertex -21.0203 -23.4792 0
      vertex -21.1242 -23.5347 4
      vertex -21.0203 -23.4792 4
    endloop
  endfacet
  facet normal -0.471161 0.882047 0
    outer loop
      vertex -21.1242 -23.5347 4
      vertex -21.0203 -23.4792 0
      vertex -21.1242 -23.5347 0
    endloop
  endfacet
  facet normal -0.582762 0.812643 0
    outer loop
      vertex -20.8245 -23.3483 0
      vertex -20.9203 -23.417 4
      vertex -20.8245 -23.3483 4
    endloop
  endfacet
  facet normal -0.582762 0.812643 0
    outer loop
      vertex -20.9203 -23.417 4
      vertex -20.8245 -23.3483 0
      vertex -20.9203 -23.417 0
    endloop
  endfacet
  facet normal -0.683376 0.730066 0
    outer loop
      vertex -20.6475 -23.1931 0
      vertex -20.7335 -23.2736 4
      vertex -20.6475 -23.1931 4
    endloop
  endfacet
  facet normal -0.683376 0.730066 0
    outer loop
      vertex -20.7335 -23.2736 4
      vertex -20.6475 -23.1931 0
      vertex -20.7335 -23.2736 0
    endloop
  endfacet
  facet normal -0.352426 0.93584 0
    outer loop
      vertex -21.2315 -23.5833 0
      vertex -21.3417 -23.6248 4
      vertex -21.2315 -23.5833 4
    endloop
  endfacet
  facet normal -0.352426 0.93584 0
    outer loop
      vertex -21.3417 -23.6248 4
      vertex -21.2315 -23.5833 0
      vertex -21.3417 -23.6248 0
    endloop
  endfacet
  facet normal -0.162885 0.986645 0
    outer loop
      vertex -21.5691 -23.6857 0
      vertex -21.6854 -23.7049 4
      vertex -21.5691 -23.6857 4
    endloop
  endfacet
  facet normal -0.162885 0.986645 0
    outer loop
      vertex -21.6854 -23.7049 4
      vertex -21.5691 -23.6857 0
      vertex -21.6854 -23.7049 0
    endloop
  endfacet
  facet normal -0.0322687 0.999479 0
    outer loop
      vertex -21.8026 -23.7165 0
      vertex -21.9203 -23.7203 4
      vertex -21.8026 -23.7165 4
    endloop
  endfacet
  facet normal -0.0322687 0.999479 0
    outer loop
      vertex -21.9203 -23.7203 4
      vertex -21.8026 -23.7165 0
      vertex -21.9203 -23.7203 0
    endloop
  endfacet
  facet normal -0.95691 -0.290384 0
    outer loop
      vertex -20.1816 -21.4544 0
      vertex -20.2158 -21.3417 4
      vertex -20.2158 -21.3417 0
    endloop
  endfacet
  facet normal -0.95691 -0.290384 0
    outer loop
      vertex -20.2158 -21.3417 4
      vertex -20.1816 -21.4544 0
      vertex -20.1816 -21.4544 4
    endloop
  endfacet
  facet normal -0.772935 -0.634486 0
    outer loop
      vertex -20.4923 -20.8245 0
      vertex -20.567 -20.7335 4
      vertex -20.567 -20.7335 0
    endloop
  endfacet
  facet normal -0.772935 -0.634486 0
    outer loop
      vertex -20.567 -20.7335 4
      vertex -20.4923 -20.8245 0
      vertex -20.4923 -20.8245 4
    endloop
  endfacet
  facet normal -0.995229 0.0975714 0
    outer loop
      vertex -20.1357 -22.1553 0
      vertex -20.1242 -22.038 4
      vertex -20.1242 -22.038 0
    endloop
  endfacet
  facet normal -0.995229 0.0975714 0
    outer loop
      vertex -20.1242 -22.038 4
      vertex -20.1357 -22.1553 0
      vertex -20.1357 -22.1553 4
    endloop
  endfacet
  facet normal -0.881694 0.471821 0
    outer loop
      vertex -20.3615 -22.8203 0
      vertex -20.3059 -22.7164 4
      vertex -20.3059 -22.7164 0
    endloop
  endfacet
  facet normal -0.881694 0.471821 0
    outer loop
      vertex -20.3059 -22.7164 4
      vertex -20.3615 -22.8203 0
      vertex -20.3615 -22.8203 4
    endloop
  endfacet
  facet normal -0.813045 0.582201 0
    outer loop
      vertex -20.4923 -23.0161 0
      vertex -20.4237 -22.9203 4
      vertex -20.4237 -22.9203 0
    endloop
  endfacet
  facet normal -0.813045 0.582201 0
    outer loop
      vertex -20.4237 -22.9203 4
      vertex -20.4923 -23.0161 0
      vertex -20.4923 -23.0161 4
    endloop
  endfacet
  facet normal -0.730066 0.683376 0
    outer loop
      vertex -20.6475 -23.1931 0
      vertex -20.567 -23.1071 4
      vertex -20.567 -23.1071 0
    endloop
  endfacet
  facet normal -0.730066 0.683376 0
    outer loop
      vertex -20.567 -23.1071 4
      vertex -20.6475 -23.1931 0
      vertex -20.6475 -23.1931 4
    endloop
  endfacet
  facet normal 0.730066 0.683376 0
    outer loop
      vertex -23.1931 -23.1931 4
      vertex -23.2736 -23.1071 0
      vertex -23.2736 -23.1071 4
    endloop
  endfacet
  facet normal 0.730066 0.683376 0
    outer loop
      vertex -23.2736 -23.1071 0
      vertex -23.1931 -23.1931 4
      vertex -23.1931 -23.1931 0
    endloop
  endfacet
  facet normal 0.995146 0.0984117 0
    outer loop
      vertex -23.7049 -22.1553 4
      vertex -23.7165 -22.038 0
      vertex -23.7165 -22.038 4
    endloop
  endfacet
  facet normal 0.995146 0.0984117 0
    outer loop
      vertex -23.7165 -22.038 0
      vertex -23.7049 -22.1553 4
      vertex -23.7049 -22.1553 0
    endloop
  endfacet
  facet normal -0.22672 -0.97396 0
    outer loop
      vertex -21.5691 -20.1549 0
      vertex -21.4544 -20.1816 4
      vertex -21.5691 -20.1549 4
    endloop
  endfacet
  facet normal -0.22672 -0.97396 -0
    outer loop
      vertex -21.4544 -20.1816 4
      vertex -21.5691 -20.1549 0
      vertex -21.4544 -20.1816 0
    endloop
  endfacet
  facet normal 0.849141 -0.528166 0
    outer loop
      vertex -23.4792 -21.0203 4
      vertex -23.417 -20.9203 0
      vertex -23.417 -20.9203 4
    endloop
  endfacet
  facet normal 0.849141 -0.528166 0
    outer loop
      vertex -23.417 -20.9203 0
      vertex -23.4792 -21.0203 4
      vertex -23.4792 -21.0203 0
    endloop
  endfacet
  facet normal 0.812643 -0.582762 0
    outer loop
      vertex -23.417 -20.9203 4
      vertex -23.3483 -20.8245 0
      vertex -23.3483 -20.8245 4
    endloop
  endfacet
  facet normal 0.812643 -0.582762 0
    outer loop
      vertex -23.3483 -20.8245 0
      vertex -23.417 -20.9203 4
      vertex -23.417 -20.9203 0
    endloop
  endfacet
  facet normal 0.528166 0.849141 -0
    outer loop
      vertex -22.8203 -23.4792 0
      vertex -22.9203 -23.417 4
      vertex -22.8203 -23.4792 4
    endloop
  endfacet
  facet normal 0.528166 0.849141 0
    outer loop
      vertex -22.9203 -23.417 4
      vertex -22.8203 -23.4792 0
      vertex -22.9203 -23.417 0
    endloop
  endfacet
  facet normal 0.0322687 0.999479 -0
    outer loop
      vertex -21.9203 -23.7203 0
      vertex -22.038 -23.7165 4
      vertex -21.9203 -23.7203 4
    endloop
  endfacet
  facet normal 0.0322687 0.999479 0
    outer loop
      vertex -22.038 -23.7165 4
      vertex -21.9203 -23.7203 0
      vertex -22.038 -23.7165 0
    endloop
  endfacet
  facet normal 0.290384 0.95691 -0
    outer loop
      vertex -22.3862 -23.659 0
      vertex -22.4989 -23.6248 4
      vertex -22.3862 -23.659 4
    endloop
  endfacet
  facet normal 0.290384 0.95691 0
    outer loop
      vertex -22.4989 -23.6248 4
      vertex -22.3862 -23.659 0
      vertex -22.4989 -23.6248 0
    endloop
  endfacet
  facet normal -0.634486 0.772935 0
    outer loop
      vertex -20.7335 -23.2736 0
      vertex -20.8245 -23.3483 4
      vertex -20.7335 -23.2736 4
    endloop
  endfacet
  facet normal -0.634486 0.772935 0
    outer loop
      vertex -20.8245 -23.3483 4
      vertex -20.7335 -23.2736 0
      vertex -20.8245 -23.3483 0
    endloop
  endfacet
  facet normal -0.0984948 0.995138 0
    outer loop
      vertex -21.6854 -23.7049 0
      vertex -21.8026 -23.7165 4
      vertex -21.6854 -23.7049 4
    endloop
  endfacet
  facet normal -0.0984948 0.995138 0
    outer loop
      vertex -21.8026 -23.7165 4
      vertex -21.6854 -23.7049 0
      vertex -21.8026 -23.7165 0
    endloop
  endfacet
  facet normal -0.986645 -0.162885 0
    outer loop
      vertex -20.1357 -21.6854 0
      vertex -20.1549 -21.5691 4
      vertex -20.1549 -21.5691 0
    endloop
  endfacet
  facet normal -0.986645 -0.162885 0
    outer loop
      vertex -20.1549 -21.5691 4
      vertex -20.1357 -21.6854 0
      vertex -20.1357 -21.6854 4
    endloop
  endfacet
  facet normal -0.99522 -0.0976539 0
    outer loop
      vertex -20.1242 -21.8026 0
      vertex -20.1357 -21.6854 4
      vertex -20.1357 -21.6854 0
    endloop
  endfacet
  facet normal -0.99522 -0.0976539 0
    outer loop
      vertex -20.1357 -21.6854 4
      vertex -20.1242 -21.8026 0
      vertex -20.1242 -21.8026 4
    endloop
  endfacet
  facet normal -0.910918 -0.412587 0
    outer loop
      vertex -20.2573 -21.2315 0
      vertex -20.3059 -21.1242 4
      vertex -20.3059 -21.1242 0
    endloop
  endfacet
  facet normal -0.910918 -0.412587 0
    outer loop
      vertex -20.3059 -21.1242 4
      vertex -20.2573 -21.2315 0
      vertex -20.2573 -21.2315 4
    endloop
  endfacet
  facet normal -0.97396 0.22672 0
    outer loop
      vertex -20.1816 -22.3862 0
      vertex -20.1549 -22.2715 4
      vertex -20.1549 -22.2715 0
    endloop
  endfacet
  facet normal -0.97396 0.22672 0
    outer loop
      vertex -20.1549 -22.2715 4
      vertex -20.1816 -22.3862 0
      vertex -20.1816 -22.3862 4
    endloop
  endfacet
  facet normal -0.772935 0.634486 0
    outer loop
      vertex -20.567 -23.1071 0
      vertex -20.4923 -23.0161 4
      vertex -20.4923 -23.0161 0
    endloop
  endfacet
  facet normal -0.772935 0.634486 0
    outer loop
      vertex -20.4923 -23.0161 4
      vertex -20.567 -23.1071 0
      vertex -20.567 -23.1071 4
    endloop
  endfacet
  facet normal 0.772935 0.634486 0
    outer loop
      vertex -23.2736 -23.1071 4
      vertex -23.3483 -23.0161 0
      vertex -23.3483 -23.0161 4
    endloop
  endfacet
  facet normal 0.772935 0.634486 0
    outer loop
      vertex -23.3483 -23.0161 0
      vertex -23.2736 -23.1071 4
      vertex -23.2736 -23.1071 0
    endloop
  endfacet
  facet normal 0.95691 0.290384 0
    outer loop
      vertex -23.6248 -22.4989 4
      vertex -23.659 -22.3862 0
      vertex -23.659 -22.3862 4
    endloop
  endfacet
  facet normal 0.95691 0.290384 0
    outer loop
      vertex -23.659 -22.3862 0
      vertex -23.6248 -22.4989 4
      vertex -23.6248 -22.4989 0
    endloop
  endfacet
  facet normal 0.910918 0.412587 0
    outer loop
      vertex -23.5347 -22.7164 4
      vertex -23.5833 -22.6091 0
      vertex -23.5833 -22.6091 4
    endloop
  endfacet
  facet normal 0.910918 0.412587 0
    outer loop
      vertex -23.5833 -22.6091 0
      vertex -23.5347 -22.7164 4
      vertex -23.5347 -22.7164 0
    endloop
  endfacet
  facet normal 0.882047 0.471161 0
    outer loop
      vertex -23.4792 -22.8203 4
      vertex -23.5347 -22.7164 0
      vertex -23.5347 -22.7164 4
    endloop
  endfacet
  facet normal 0.882047 0.471161 0
    outer loop
      vertex -23.5347 -22.7164 0
      vertex -23.4792 -22.8203 4
      vertex -23.4792 -22.8203 0
    endloop
  endfacet
  facet normal 0.849141 0.528166 0
    outer loop
      vertex -23.417 -22.9203 4
      vertex -23.4792 -22.8203 0
      vertex -23.4792 -22.8203 4
    endloop
  endfacet
  facet normal 0.849141 0.528166 0
    outer loop
      vertex -23.4792 -22.8203 0
      vertex -23.417 -22.9203 4
      vertex -23.417 -22.9203 0
    endloop
  endfacet
  facet normal 0.95691 -0.290384 0
    outer loop
      vertex -23.659 -21.4544 4
      vertex -23.6248 -21.3417 0
      vertex -23.6248 -21.3417 4
    endloop
  endfacet
  facet normal 0.95691 -0.290384 0
    outer loop
      vertex -23.6248 -21.3417 0
      vertex -23.659 -21.4544 4
      vertex -23.659 -21.4544 0
    endloop
  endfacet
  facet normal 0.0975714 -0.995229 0
    outer loop
      vertex -22.1553 -20.1357 0
      vertex -22.038 -20.1242 4
      vertex -22.1553 -20.1357 4
    endloop
  endfacet
  facet normal 0.0975714 -0.995229 0
    outer loop
      vertex -22.038 -20.1242 4
      vertex -22.1553 -20.1357 0
      vertex -22.038 -20.1242 0
    endloop
  endfacet
  facet normal 0.582201 -0.813045 0
    outer loop
      vertex -23.0161 -20.4923 0
      vertex -22.9203 -20.4237 4
      vertex -23.0161 -20.4923 4
    endloop
  endfacet
  facet normal 0.582201 -0.813045 0
    outer loop
      vertex -22.9203 -20.4237 4
      vertex -23.0161 -20.4923 0
      vertex -22.9203 -20.4237 0
    endloop
  endfacet
  facet normal -0.352426 -0.93584 0
    outer loop
      vertex -21.3417 -20.2158 0
      vertex -21.2315 -20.2573 4
      vertex -21.3417 -20.2158 4
    endloop
  endfacet
  facet normal -0.352426 -0.93584 -0
    outer loop
      vertex -21.2315 -20.2573 4
      vertex -21.3417 -20.2158 0
      vertex -21.2315 -20.2573 0
    endloop
  endfacet
  facet normal -0.528166 -0.849141 0
    outer loop
      vertex -21.0203 -20.3615 0
      vertex -20.9203 -20.4237 4
      vertex -21.0203 -20.3615 4
    endloop
  endfacet
  facet normal -0.528166 -0.849141 -0
    outer loop
      vertex -20.9203 -20.4237 4
      vertex -21.0203 -20.3615 0
      vertex -20.9203 -20.4237 0
    endloop
  endfacet
  facet normal -0.582201 -0.813045 0
    outer loop
      vertex -20.9203 -20.4237 0
      vertex -20.8245 -20.4923 4
      vertex -20.9203 -20.4237 4
    endloop
  endfacet
  facet normal -0.582201 -0.813045 -0
    outer loop
      vertex -20.8245 -20.4923 4
      vertex -20.9203 -20.4237 0
      vertex -20.8245 -20.4923 0
    endloop
  endfacet
  facet normal 0.772935 -0.634486 0
    outer loop
      vertex -23.3483 -20.8245 4
      vertex -23.2736 -20.7335 0
      vertex -23.2736 -20.7335 4
    endloop
  endfacet
  facet normal 0.772935 -0.634486 0
    outer loop
      vertex -23.2736 -20.7335 0
      vertex -23.3483 -20.8245 4
      vertex -23.3483 -20.8245 0
    endloop
  endfacet
  facet normal 0.93584 0.352426 0
    outer loop
      vertex -23.5833 -22.6091 4
      vertex -23.6248 -22.4989 0
      vertex -23.6248 -22.4989 4
    endloop
  endfacet
  facet normal 0.93584 0.352426 0
    outer loop
      vertex -23.6248 -22.4989 0
      vertex -23.5833 -22.6091 4
      vertex -23.5833 -22.6091 0
    endloop
  endfacet
  facet normal 0.812643 0.582762 0
    outer loop
      vertex -23.3483 -23.0161 4
      vertex -23.417 -22.9203 0
      vertex -23.417 -22.9203 4
    endloop
  endfacet
  facet normal 0.812643 0.582762 0
    outer loop
      vertex -23.417 -22.9203 0
      vertex -23.3483 -23.0161 4
      vertex -23.3483 -23.0161 0
    endloop
  endfacet
  facet normal 0.97396 0.22672 0
    outer loop
      vertex -23.659 -22.3862 4
      vertex -23.6857 -22.2715 0
      vertex -23.6857 -22.2715 4
    endloop
  endfacet
  facet normal 0.97396 0.22672 0
    outer loop
      vertex -23.6857 -22.2715 0
      vertex -23.659 -22.3862 4
      vertex -23.659 -22.3862 0
    endloop
  endfacet
  facet normal 0.999479 -0.0322687 0
    outer loop
      vertex -23.7203 -21.9203 4
      vertex -23.7165 -21.8026 0
      vertex -23.7165 -21.8026 4
    endloop
  endfacet
  facet normal 0.999479 -0.0322687 0
    outer loop
      vertex -23.7165 -21.8026 0
      vertex -23.7203 -21.9203 4
      vertex -23.7203 -21.9203 0
    endloop
  endfacet
  facet normal 0.97396 -0.22672 0
    outer loop
      vertex -23.6857 -21.5691 4
      vertex -23.659 -21.4544 0
      vertex -23.659 -21.4544 4
    endloop
  endfacet
  facet normal 0.97396 -0.22672 0
    outer loop
      vertex -23.659 -21.4544 0
      vertex -23.6857 -21.5691 4
      vertex -23.6857 -21.5691 0
    endloop
  endfacet
  facet normal 0.683376 -0.730066 0
    outer loop
      vertex -23.1931 -20.6475 0
      vertex -23.1071 -20.567 4
      vertex -23.1931 -20.6475 4
    endloop
  endfacet
  facet normal 0.683376 -0.730066 0
    outer loop
      vertex -23.1071 -20.567 4
      vertex -23.1931 -20.6475 0
      vertex -23.1071 -20.567 0
    endloop
  endfacet
  facet normal 0.471821 -0.881694 0
    outer loop
      vertex -22.8203 -20.3615 0
      vertex -22.7164 -20.3059 4
      vertex -22.8203 -20.3615 4
    endloop
  endfacet
  facet normal 0.471821 -0.881694 0
    outer loop
      vertex -22.7164 -20.3059 4
      vertex -22.8203 -20.3615 0
      vertex -22.7164 -20.3059 0
    endloop
  endfacet
  facet normal 0.634486 -0.772935 0
    outer loop
      vertex -23.1071 -20.567 0
      vertex -23.0161 -20.4923 4
      vertex -23.1071 -20.567 4
    endloop
  endfacet
  facet normal 0.634486 -0.772935 0
    outer loop
      vertex -23.0161 -20.4923 4
      vertex -23.1071 -20.567 0
      vertex -23.0161 -20.4923 0
    endloop
  endfacet
  facet normal 0.0331169 -0.999451 0
    outer loop
      vertex -22.038 -20.1242 0
      vertex -21.9203 -20.1203 4
      vertex -22.038 -20.1242 4
    endloop
  endfacet
  facet normal 0.0331169 -0.999451 0
    outer loop
      vertex -21.9203 -20.1203 4
      vertex -22.038 -20.1242 0
      vertex -21.9203 -20.1203 0
    endloop
  endfacet
  facet normal -0.0331169 -0.999451 0
    outer loop
      vertex -21.9203 -20.1203 0
      vertex -21.8026 -20.1242 4
      vertex -21.9203 -20.1203 4
    endloop
  endfacet
  facet normal -0.0331169 -0.999451 -0
    outer loop
      vertex -21.8026 -20.1242 4
      vertex -21.9203 -20.1203 0
      vertex -21.8026 -20.1242 0
    endloop
  endfacet
  facet normal -0.162885 -0.986645 0
    outer loop
      vertex -21.6854 -20.1357 0
      vertex -21.5691 -20.1549 4
      vertex -21.6854 -20.1357 4
    endloop
  endfacet
  facet normal -0.162885 -0.986645 -0
    outer loop
      vertex -21.5691 -20.1549 4
      vertex -21.6854 -20.1357 0
      vertex -21.5691 -20.1549 0
    endloop
  endfacet
  facet normal -0.0976539 -0.99522 0
    outer loop
      vertex -21.8026 -20.1242 0
      vertex -21.6854 -20.1357 4
      vertex -21.8026 -20.1242 4
    endloop
  endfacet
  facet normal -0.0976539 -0.99522 -0
    outer loop
      vertex -21.6854 -20.1357 4
      vertex -21.8026 -20.1242 0
      vertex -21.6854 -20.1357 0
    endloop
  endfacet
  facet normal -0.290384 -0.95691 0
    outer loop
      vertex -21.4544 -20.1816 0
      vertex -21.3417 -20.2158 4
      vertex -21.4544 -20.1816 4
    endloop
  endfacet
  facet normal -0.290384 -0.95691 -0
    outer loop
      vertex -21.3417 -20.2158 4
      vertex -21.4544 -20.1816 0
      vertex -21.3417 -20.2158 0
    endloop
  endfacet
  facet normal -0.412587 -0.910918 0
    outer loop
      vertex -21.2315 -20.2573 0
      vertex -21.1242 -20.3059 4
      vertex -21.2315 -20.2573 4
    endloop
  endfacet
  facet normal -0.412587 -0.910918 -0
    outer loop
      vertex -21.1242 -20.3059 4
      vertex -21.2315 -20.2573 0
      vertex -21.1242 -20.3059 0
    endloop
  endfacet
  facet normal -0.471821 -0.881694 0
    outer loop
      vertex -21.1242 -20.3059 0
      vertex -21.0203 -20.3615 4
      vertex -21.1242 -20.3059 4
    endloop
  endfacet
  facet normal -0.471821 -0.881694 -0
    outer loop
      vertex -21.0203 -20.3615 4
      vertex -21.1242 -20.3059 0
      vertex -21.0203 -20.3615 0
    endloop
  endfacet
  facet normal -0.634486 -0.772935 0
    outer loop
      vertex -20.8245 -20.4923 0
      vertex -20.7335 -20.567 4
      vertex -20.8245 -20.4923 4
    endloop
  endfacet
  facet normal -0.634486 -0.772935 -0
    outer loop
      vertex -20.7335 -20.567 4
      vertex -20.8245 -20.4923 0
      vertex -20.7335 -20.567 0
    endloop
  endfacet
  facet normal -0.683376 -0.730066 0
    outer loop
      vertex -20.7335 -20.567 0
      vertex -20.6475 -20.6475 4
      vertex -20.7335 -20.567 4
    endloop
  endfacet
  facet normal -0.683376 -0.730066 -0
    outer loop
      vertex -20.6475 -20.6475 4
      vertex -20.7335 -20.567 0
      vertex -20.6475 -20.6475 0
    endloop
  endfacet
  facet normal 0.910918 -0.412587 0
    outer loop
      vertex -23.5833 -21.2315 4
      vertex -23.5347 -21.1242 0
      vertex -23.5347 -21.1242 4
    endloop
  endfacet
  facet normal 0.910918 -0.412587 0
    outer loop
      vertex -23.5347 -21.1242 0
      vertex -23.5833 -21.2315 4
      vertex -23.5833 -21.2315 0
    endloop
  endfacet
  facet normal 0.882047 -0.471161 0
    outer loop
      vertex -23.5347 -21.1242 4
      vertex -23.4792 -21.0203 0
      vertex -23.4792 -21.0203 4
    endloop
  endfacet
  facet normal 0.882047 -0.471161 0
    outer loop
      vertex -23.4792 -21.0203 0
      vertex -23.5347 -21.1242 4
      vertex -23.5347 -21.1242 0
    endloop
  endfacet
  facet normal 0.995138 -0.0984948 0
    outer loop
      vertex -23.7165 -21.8026 4
      vertex -23.7049 -21.6854 0
      vertex -23.7049 -21.6854 4
    endloop
  endfacet
  facet normal 0.995138 -0.0984948 0
    outer loop
      vertex -23.7049 -21.6854 0
      vertex -23.7165 -21.8026 4
      vertex -23.7165 -21.8026 0
    endloop
  endfacet
  facet normal 0.986645 -0.162885 0
    outer loop
      vertex -23.7049 -21.6854 4
      vertex -23.6857 -21.5691 0
      vertex -23.6857 -21.5691 4
    endloop
  endfacet
  facet normal 0.986645 -0.162885 0
    outer loop
      vertex -23.6857 -21.5691 0
      vertex -23.7049 -21.6854 4
      vertex -23.7049 -21.6854 0
    endloop
  endfacet
  facet normal 0.163022 -0.986622 0
    outer loop
      vertex -22.2715 -20.1549 0
      vertex -22.1553 -20.1357 4
      vertex -22.2715 -20.1549 4
    endloop
  endfacet
  facet normal 0.163022 -0.986622 0
    outer loop
      vertex -22.1553 -20.1357 4
      vertex -22.2715 -20.1549 0
      vertex -22.1553 -20.1357 0
    endloop
  endfacet
  facet normal 0.412587 -0.910918 0
    outer loop
      vertex -22.7164 -20.3059 0
      vertex -22.6091 -20.2573 4
      vertex -22.7164 -20.3059 4
    endloop
  endfacet
  facet normal 0.412587 -0.910918 0
    outer loop
      vertex -22.6091 -20.2573 4
      vertex -22.7164 -20.3059 0
      vertex -22.6091 -20.2573 0
    endloop
  endfacet
  facet normal 0.528166 -0.849141 0
    outer loop
      vertex -22.9203 -20.4237 0
      vertex -22.8203 -20.3615 4
      vertex -22.9203 -20.4237 4
    endloop
  endfacet
  facet normal 0.528166 -0.849141 0
    outer loop
      vertex -22.8203 -20.3615 4
      vertex -22.9203 -20.4237 0
      vertex -22.8203 -20.3615 0
    endloop
  endfacet
  facet normal 0.22672 -0.97396 0
    outer loop
      vertex -22.3862 -20.1816 0
      vertex -22.2715 -20.1549 4
      vertex -22.3862 -20.1816 4
    endloop
  endfacet
  facet normal 0.22672 -0.97396 0
    outer loop
      vertex -22.2715 -20.1549 4
      vertex -22.3862 -20.1816 0
      vertex -22.2715 -20.1549 0
    endloop
  endfacet
  facet normal 0.352426 -0.93584 0
    outer loop
      vertex -22.6091 -20.2573 0
      vertex -22.4989 -20.2158 4
      vertex -22.6091 -20.2573 4
    endloop
  endfacet
  facet normal 0.352426 -0.93584 0
    outer loop
      vertex -22.4989 -20.2158 4
      vertex -22.6091 -20.2573 0
      vertex -22.4989 -20.2158 0
    endloop
  endfacet
  facet normal 0.290384 -0.95691 0
    outer loop
      vertex -22.4989 -20.2158 0
      vertex -22.3862 -20.1816 4
      vertex -22.4989 -20.2158 4
    endloop
  endfacet
  facet normal 0.290384 -0.95691 0
    outer loop
      vertex -22.3862 -20.1816 4
      vertex -22.4989 -20.2158 0
      vertex -22.3862 -20.1816 0
    endloop
  endfacet
  facet normal -0.730066 0.683376 0
    outer loop
      vertex 23.1931 -23.1931 0
      vertex 23.2736 -23.1071 4
      vertex 23.2736 -23.1071 0
    endloop
  endfacet
  facet normal -0.730066 0.683376 0
    outer loop
      vertex 23.2736 -23.1071 4
      vertex 23.1931 -23.1931 0
      vertex 23.1931 -23.1931 4
    endloop
  endfacet
  facet normal 0.683376 -0.730066 0
    outer loop
      vertex 20.6475 -20.6475 0
      vertex 20.7335 -20.567 4
      vertex 20.6475 -20.6475 4
    endloop
  endfacet
  facet normal 0.683376 -0.730066 0
    outer loop
      vertex 20.7335 -20.567 4
      vertex 20.6475 -20.6475 0
      vertex 20.7335 -20.567 0
    endloop
  endfacet
  facet normal -0.730066 -0.683376 0
    outer loop
      vertex 23.2736 -20.7335 0
      vertex 23.1931 -20.6475 4
      vertex 23.1931 -20.6475 0
    endloop
  endfacet
  facet normal -0.730066 -0.683376 0
    outer loop
      vertex 23.1931 -20.6475 4
      vertex 23.2736 -20.7335 0
      vertex 23.2736 -20.7335 4
    endloop
  endfacet
  facet normal 0.683376 0.730066 -0
    outer loop
      vertex 20.7335 -23.2736 0
      vertex 20.6475 -23.1931 4
      vertex 20.7335 -23.2736 4
    endloop
  endfacet
  facet normal 0.683376 0.730066 0
    outer loop
      vertex 20.6475 -23.1931 4
      vertex 20.7335 -23.2736 0
      vertex 20.6475 -23.1931 0
    endloop
  endfacet
  facet normal -0.0331169 -0.999451 0
    outer loop
      vertex 21.9203 -20.1203 0
      vertex 22.038 -20.1242 4
      vertex 21.9203 -20.1203 4
    endloop
  endfacet
  facet normal -0.0331169 -0.999451 -0
    outer loop
      vertex 22.038 -20.1242 4
      vertex 21.9203 -20.1203 0
      vertex 22.038 -20.1242 0
    endloop
  endfacet
  facet normal -0.412587 -0.910918 0
    outer loop
      vertex 22.6091 -20.2573 0
      vertex 22.7164 -20.3059 4
      vertex 22.6091 -20.2573 4
    endloop
  endfacet
  facet normal -0.412587 -0.910918 -0
    outer loop
      vertex 22.7164 -20.3059 4
      vertex 22.6091 -20.2573 0
      vertex 22.7164 -20.3059 0
    endloop
  endfacet
  facet normal -0.93584 -0.352426 0
    outer loop
      vertex 23.6248 -21.3417 0
      vertex 23.5833 -21.2315 4
      vertex 23.5833 -21.2315 0
    endloop
  endfacet
  facet normal -0.93584 -0.352426 0
    outer loop
      vertex 23.5833 -21.2315 4
      vertex 23.6248 -21.3417 0
      vertex 23.6248 -21.3417 4
    endloop
  endfacet
  facet normal -0.986645 -0.162885 0
    outer loop
      vertex 23.7049 -21.6854 0
      vertex 23.6857 -21.5691 4
      vertex 23.6857 -21.5691 0
    endloop
  endfacet
  facet normal -0.986645 -0.162885 0
    outer loop
      vertex 23.6857 -21.5691 4
      vertex 23.7049 -21.6854 0
      vertex 23.7049 -21.6854 4
    endloop
  endfacet
  facet normal 0.352426 -0.93584 0
    outer loop
      vertex 21.2315 -20.2573 0
      vertex 21.3417 -20.2158 4
      vertex 21.2315 -20.2573 4
    endloop
  endfacet
  facet normal 0.352426 -0.93584 0
    outer loop
      vertex 21.3417 -20.2158 4
      vertex 21.2315 -20.2573 0
      vertex 21.3417 -20.2158 0
    endloop
  endfacet
  facet normal -0.582201 -0.813045 0
    outer loop
      vertex 22.9203 -20.4237 0
      vertex 23.0161 -20.4923 4
      vertex 22.9203 -20.4237 4
    endloop
  endfacet
  facet normal -0.582201 -0.813045 -0
    outer loop
      vertex 23.0161 -20.4923 4
      vertex 22.9203 -20.4237 0
      vertex 23.0161 -20.4923 0
    endloop
  endfacet
  facet normal -0.471161 0.882047 0
    outer loop
      vertex 22.8203 -23.4792 0
      vertex 22.7164 -23.5347 4
      vertex 22.8203 -23.4792 4
    endloop
  endfacet
  facet normal -0.471161 0.882047 0
    outer loop
      vertex 22.7164 -23.5347 4
      vertex 22.8203 -23.4792 0
      vertex 22.7164 -23.5347 0
    endloop
  endfacet
  facet normal -0.849141 0.528166 0
    outer loop
      vertex 23.417 -22.9203 0
      vertex 23.4792 -22.8203 4
      vertex 23.4792 -22.8203 0
    endloop
  endfacet
  facet normal -0.849141 0.528166 0
    outer loop
      vertex 23.4792 -22.8203 4
      vertex 23.417 -22.9203 0
      vertex 23.417 -22.9203 4
    endloop
  endfacet
  facet normal -0.772935 0.634486 0
    outer loop
      vertex 23.2736 -23.1071 0
      vertex 23.3483 -23.0161 4
      vertex 23.3483 -23.0161 0
    endloop
  endfacet
  facet normal -0.772935 0.634486 0
    outer loop
      vertex 23.3483 -23.0161 4
      vertex 23.2736 -23.1071 0
      vertex 23.2736 -23.1071 4
    endloop
  endfacet
  facet normal -0.882047 0.471161 0
    outer loop
      vertex 23.4792 -22.8203 0
      vertex 23.5347 -22.7164 4
      vertex 23.5347 -22.7164 0
    endloop
  endfacet
  facet normal -0.882047 0.471161 0
    outer loop
      vertex 23.5347 -22.7164 4
      vertex 23.4792 -22.8203 0
      vertex 23.4792 -22.8203 4
    endloop
  endfacet
  facet normal -0.986622 0.163022 0
    outer loop
      vertex 23.6857 -22.2715 0
      vertex 23.7049 -22.1553 4
      vertex 23.7049 -22.1553 0
    endloop
  endfacet
  facet normal -0.986622 0.163022 0
    outer loop
      vertex 23.7049 -22.1553 4
      vertex 23.6857 -22.2715 0
      vertex 23.6857 -22.2715 4
    endloop
  endfacet
  facet normal -0.849141 -0.528166 0
    outer loop
      vertex 23.4792 -21.0203 0
      vertex 23.417 -20.9203 4
      vertex 23.417 -20.9203 0
    endloop
  endfacet
  facet normal -0.849141 -0.528166 0
    outer loop
      vertex 23.417 -20.9203 4
      vertex 23.4792 -21.0203 0
      vertex 23.4792 -21.0203 4
    endloop
  endfacet
  facet normal -0.97396 -0.22672 0
    outer loop
      vertex 23.6857 -21.5691 0
      vertex 23.659 -21.4544 4
      vertex 23.659 -21.4544 0
    endloop
  endfacet
  facet normal -0.97396 -0.22672 0
    outer loop
      vertex 23.659 -21.4544 4
      vertex 23.6857 -21.5691 0
      vertex 23.6857 -21.5691 4
    endloop
  endfacet
  facet normal -0.995138 -0.0984948 0
    outer loop
      vertex 23.7165 -21.8026 0
      vertex 23.7049 -21.6854 4
      vertex 23.7049 -21.6854 0
    endloop
  endfacet
  facet normal -0.995138 -0.0984948 0
    outer loop
      vertex 23.7049 -21.6854 4
      vertex 23.7165 -21.8026 0
      vertex 23.7165 -21.8026 4
    endloop
  endfacet
  facet normal 0.528166 -0.849141 0
    outer loop
      vertex 20.9203 -20.4237 0
      vertex 21.0203 -20.3615 4
      vertex 20.9203 -20.4237 4
    endloop
  endfacet
  facet normal 0.528166 -0.849141 0
    outer loop
      vertex 21.0203 -20.3615 4
      vertex 20.9203 -20.4237 0
      vertex 21.0203 -20.3615 0
    endloop
  endfacet
  facet normal 0.162885 -0.986645 0
    outer loop
      vertex 21.5691 -20.1549 0
      vertex 21.6854 -20.1357 4
      vertex 21.5691 -20.1549 4
    endloop
  endfacet
  facet normal 0.162885 -0.986645 0
    outer loop
      vertex 21.6854 -20.1357 4
      vertex 21.5691 -20.1549 0
      vertex 21.6854 -20.1357 0
    endloop
  endfacet
  facet normal 0.0331169 -0.999451 0
    outer loop
      vertex 21.8026 -20.1242 0
      vertex 21.9203 -20.1203 4
      vertex 21.8026 -20.1242 4
    endloop
  endfacet
  facet normal 0.0331169 -0.999451 0
    outer loop
      vertex 21.9203 -20.1203 4
      vertex 21.8026 -20.1242 0
      vertex 21.9203 -20.1203 0
    endloop
  endfacet
  facet normal 0.582201 -0.813045 0
    outer loop
      vertex 20.8245 -20.4923 0
      vertex 20.9203 -20.4237 4
      vertex 20.8245 -20.4923 4
    endloop
  endfacet
  facet normal 0.582201 -0.813045 0
    outer loop
      vertex 20.9203 -20.4237 4
      vertex 20.8245 -20.4923 0
      vertex 20.9203 -20.4237 0
    endloop
  endfacet
  facet normal -0.22672 -0.97396 0
    outer loop
      vertex 22.2715 -20.1549 0
      vertex 22.3862 -20.1816 4
      vertex 22.2715 -20.1549 4
    endloop
  endfacet
  facet normal -0.22672 -0.97396 -0
    outer loop
      vertex 22.3862 -20.1816 4
      vertex 22.2715 -20.1549 0
      vertex 22.3862 -20.1816 0
    endloop
  endfacet
  facet normal -0.352426 -0.93584 0
    outer loop
      vertex 22.4989 -20.2158 0
      vertex 22.6091 -20.2573 4
      vertex 22.4989 -20.2158 4
    endloop
  endfacet
  facet normal -0.352426 -0.93584 -0
    outer loop
      vertex 22.6091 -20.2573 4
      vertex 22.4989 -20.2158 0
      vertex 22.6091 -20.2573 0
    endloop
  endfacet
  facet normal -0.163022 -0.986622 0
    outer loop
      vertex 22.1553 -20.1357 0
      vertex 22.2715 -20.1549 4
      vertex 22.1553 -20.1357 4
    endloop
  endfacet
  facet normal -0.163022 -0.986622 -0
    outer loop
      vertex 22.2715 -20.1549 4
      vertex 22.1553 -20.1357 0
      vertex 22.2715 -20.1549 0
    endloop
  endfacet
  facet normal -0.528166 -0.849141 0
    outer loop
      vertex 22.8203 -20.3615 0
      vertex 22.9203 -20.4237 4
      vertex 22.8203 -20.3615 4
    endloop
  endfacet
  facet normal -0.528166 -0.849141 -0
    outer loop
      vertex 22.9203 -20.4237 4
      vertex 22.8203 -20.3615 0
      vertex 22.9203 -20.4237 0
    endloop
  endfacet
  facet normal -0.634486 -0.772935 0
    outer loop
      vertex 23.0161 -20.4923 0
      vertex 23.1071 -20.567 4
      vertex 23.0161 -20.4923 4
    endloop
  endfacet
  facet normal -0.634486 -0.772935 -0
    outer loop
      vertex 23.1071 -20.567 4
      vertex 23.0161 -20.4923 0
      vertex 23.1071 -20.567 0
    endloop
  endfacet
  facet normal -0.634486 0.772935 0
    outer loop
      vertex 23.1071 -23.2736 0
      vertex 23.0161 -23.3483 4
      vertex 23.1071 -23.2736 4
    endloop
  endfacet
  facet normal -0.634486 0.772935 0
    outer loop
      vertex 23.0161 -23.3483 4
      vertex 23.1071 -23.2736 0
      vertex 23.0161 -23.3483 0
    endloop
  endfacet
  facet normal -0.0322687 0.999479 0
    outer loop
      vertex 22.038 -23.7165 0
      vertex 21.9203 -23.7203 4
      vertex 22.038 -23.7165 4
    endloop
  endfacet
  facet normal -0.0322687 0.999479 0
    outer loop
      vertex 21.9203 -23.7203 4
      vertex 22.038 -23.7165 0
      vertex 21.9203 -23.7203 0
    endloop
  endfacet
  facet normal 0.93584 -0.352426 0
    outer loop
      vertex 20.2158 -21.3417 4
      vertex 20.2573 -21.2315 0
      vertex 20.2573 -21.2315 4
    endloop
  endfacet
  facet normal 0.93584 -0.352426 0
    outer loop
      vertex 20.2573 -21.2315 0
      vertex 20.2158 -21.3417 4
      vertex 20.2158 -21.3417 0
    endloop
  endfacet
  facet normal -0.812643 0.582762 0
    outer loop
      vertex 23.3483 -23.0161 0
      vertex 23.417 -22.9203 4
      vertex 23.417 -22.9203 0
    endloop
  endfacet
  facet normal -0.812643 0.582762 0
    outer loop
      vertex 23.417 -22.9203 4
      vertex 23.3483 -23.0161 0
      vertex 23.3483 -23.0161 4
    endloop
  endfacet
  facet normal -0.910918 0.412587 0
    outer loop
      vertex 23.5347 -22.7164 0
      vertex 23.5833 -22.6091 4
      vertex 23.5833 -22.6091 0
    endloop
  endfacet
  facet normal -0.910918 0.412587 0
    outer loop
      vertex 23.5833 -22.6091 4
      vertex 23.5347 -22.7164 0
      vertex 23.5347 -22.7164 4
    endloop
  endfacet
  facet normal -0.995146 0.0984117 0
    outer loop
      vertex 23.7049 -22.1553 0
      vertex 23.7165 -22.038 4
      vertex 23.7165 -22.038 0
    endloop
  endfacet
  facet normal -0.995146 0.0984117 0
    outer loop
      vertex 23.7165 -22.038 4
      vertex 23.7049 -22.1553 0
      vertex 23.7049 -22.1553 4
    endloop
  endfacet
  facet normal -0.97396 0.22672 0
    outer loop
      vertex 23.659 -22.3862 0
      vertex 23.6857 -22.2715 4
      vertex 23.6857 -22.2715 0
    endloop
  endfacet
  facet normal -0.97396 0.22672 0
    outer loop
      vertex 23.6857 -22.2715 4
      vertex 23.659 -22.3862 0
      vertex 23.659 -22.3862 4
    endloop
  endfacet
  facet normal -0.93584 0.352426 0
    outer loop
      vertex 23.5833 -22.6091 0
      vertex 23.6248 -22.4989 4
      vertex 23.6248 -22.4989 0
    endloop
  endfacet
  facet normal -0.93584 0.352426 0
    outer loop
      vertex 23.6248 -22.4989 4
      vertex 23.5833 -22.6091 0
      vertex 23.5833 -22.6091 4
    endloop
  endfacet
  facet normal -0.882047 -0.471161 0
    outer loop
      vertex 23.5347 -21.1242 0
      vertex 23.4792 -21.0203 4
      vertex 23.4792 -21.0203 0
    endloop
  endfacet
  facet normal -0.882047 -0.471161 0
    outer loop
      vertex 23.4792 -21.0203 4
      vertex 23.5347 -21.1242 0
      vertex 23.5347 -21.1242 4
    endloop
  endfacet
  facet normal -0.910918 -0.412587 0
    outer loop
      vertex 23.5833 -21.2315 0
      vertex 23.5347 -21.1242 4
      vertex 23.5347 -21.1242 0
    endloop
  endfacet
  facet normal -0.910918 -0.412587 0
    outer loop
      vertex 23.5347 -21.1242 4
      vertex 23.5833 -21.2315 0
      vertex 23.5833 -21.2315 4
    endloop
  endfacet
  facet normal -0.812643 -0.582762 0
    outer loop
      vertex 23.417 -20.9203 0
      vertex 23.3483 -20.8245 4
      vertex 23.3483 -20.8245 0
    endloop
  endfacet
  facet normal -0.812643 -0.582762 0
    outer loop
      vertex 23.3483 -20.8245 4
      vertex 23.417 -20.9203 0
      vertex 23.417 -20.9203 4
    endloop
  endfacet
  facet normal -0.772935 -0.634486 0
    outer loop
      vertex 23.3483 -20.8245 0
      vertex 23.2736 -20.7335 4
      vertex 23.2736 -20.7335 0
    endloop
  endfacet
  facet normal -0.772935 -0.634486 0
    outer loop
      vertex 23.2736 -20.7335 4
      vertex 23.3483 -20.8245 0
      vertex 23.3483 -20.8245 4
    endloop
  endfacet
  facet normal -0.95691 -0.290384 0
    outer loop
      vertex 23.659 -21.4544 0
      vertex 23.6248 -21.3417 4
      vertex 23.6248 -21.3417 0
    endloop
  endfacet
  facet normal -0.95691 -0.290384 0
    outer loop
      vertex 23.6248 -21.3417 4
      vertex 23.659 -21.4544 0
      vertex 23.659 -21.4544 4
    endloop
  endfacet
  facet normal -0.999479 -0.0322687 0
    outer loop
      vertex 23.7203 -21.9203 0
      vertex 23.7165 -21.8026 4
      vertex 23.7165 -21.8026 0
    endloop
  endfacet
  facet normal -0.999479 -0.0322687 0
    outer loop
      vertex 23.7165 -21.8026 4
      vertex 23.7203 -21.9203 0
      vertex 23.7203 -21.9203 4
    endloop
  endfacet
  facet normal 0.0976539 -0.99522 0
    outer loop
      vertex 21.6854 -20.1357 0
      vertex 21.8026 -20.1242 4
      vertex 21.6854 -20.1357 4
    endloop
  endfacet
  facet normal 0.0976539 -0.99522 0
    outer loop
      vertex 21.8026 -20.1242 4
      vertex 21.6854 -20.1357 0
      vertex 21.8026 -20.1242 0
    endloop
  endfacet
  facet normal 0.290384 -0.95691 0
    outer loop
      vertex 21.3417 -20.2158 0
      vertex 21.4544 -20.1816 4
      vertex 21.3417 -20.2158 4
    endloop
  endfacet
  facet normal 0.290384 -0.95691 0
    outer loop
      vertex 21.4544 -20.1816 4
      vertex 21.3417 -20.2158 0
      vertex 21.4544 -20.1816 0
    endloop
  endfacet
  facet normal 0.22672 -0.97396 0
    outer loop
      vertex 21.4544 -20.1816 0
      vertex 21.5691 -20.1549 4
      vertex 21.4544 -20.1816 4
    endloop
  endfacet
  facet normal 0.22672 -0.97396 0
    outer loop
      vertex 21.5691 -20.1549 4
      vertex 21.4544 -20.1816 0
      vertex 21.5691 -20.1549 0
    endloop
  endfacet
  facet normal 0.471821 -0.881694 0
    outer loop
      vertex 21.0203 -20.3615 0
      vertex 21.1242 -20.3059 4
      vertex 21.0203 -20.3615 4
    endloop
  endfacet
  facet normal 0.471821 -0.881694 0
    outer loop
      vertex 21.1242 -20.3059 4
      vertex 21.0203 -20.3615 0
      vertex 21.1242 -20.3059 0
    endloop
  endfacet
  facet normal 0.412587 -0.910918 0
    outer loop
      vertex 21.1242 -20.3059 0
      vertex 21.2315 -20.2573 4
      vertex 21.1242 -20.3059 4
    endloop
  endfacet
  facet normal 0.412587 -0.910918 0
    outer loop
      vertex 21.2315 -20.2573 4
      vertex 21.1242 -20.3059 0
      vertex 21.2315 -20.2573 0
    endloop
  endfacet
  facet normal 0.634486 -0.772935 0
    outer loop
      vertex 20.7335 -20.567 0
      vertex 20.8245 -20.4923 4
      vertex 20.7335 -20.567 4
    endloop
  endfacet
  facet normal 0.634486 -0.772935 0
    outer loop
      vertex 20.8245 -20.4923 4
      vertex 20.7335 -20.567 0
      vertex 20.8245 -20.4923 0
    endloop
  endfacet
  facet normal -0.290384 -0.95691 0
    outer loop
      vertex 22.3862 -20.1816 0
      vertex 22.4989 -20.2158 4
      vertex 22.3862 -20.1816 4
    endloop
  endfacet
  facet normal -0.290384 -0.95691 -0
    outer loop
      vertex 22.4989 -20.2158 4
      vertex 22.3862 -20.1816 0
      vertex 22.4989 -20.2158 0
    endloop
  endfacet
  facet normal -0.0975714 -0.995229 0
    outer loop
      vertex 22.038 -20.1242 0
      vertex 22.1553 -20.1357 4
      vertex 22.038 -20.1242 4
    endloop
  endfacet
  facet normal -0.0975714 -0.995229 -0
    outer loop
      vertex 22.1553 -20.1357 4
      vertex 22.038 -20.1242 0
      vertex 22.1553 -20.1357 0
    endloop
  endfacet
  facet normal -0.471821 -0.881694 0
    outer loop
      vertex 22.7164 -20.3059 0
      vertex 22.8203 -20.3615 4
      vertex 22.7164 -20.3059 4
    endloop
  endfacet
  facet normal -0.471821 -0.881694 -0
    outer loop
      vertex 22.8203 -20.3615 4
      vertex 22.7164 -20.3059 0
      vertex 22.8203 -20.3615 0
    endloop
  endfacet
  facet normal -0.683376 -0.730066 0
    outer loop
      vertex 23.1071 -20.567 0
      vertex 23.1931 -20.6475 4
      vertex 23.1071 -20.567 4
    endloop
  endfacet
  facet normal -0.683376 -0.730066 -0
    outer loop
      vertex 23.1931 -20.6475 4
      vertex 23.1071 -20.567 0
      vertex 23.1931 -20.6475 0
    endloop
  endfacet
  facet normal -0.683376 0.730066 0
    outer loop
      vertex 23.1931 -23.1931 0
      vertex 23.1071 -23.2736 4
      vertex 23.1931 -23.1931 4
    endloop
  endfacet
  facet normal -0.683376 0.730066 0
    outer loop
      vertex 23.1071 -23.2736 4
      vertex 23.1931 -23.1931 0
      vertex 23.1071 -23.2736 0
    endloop
  endfacet
  facet normal -0.290384 0.95691 0
    outer loop
      vertex 22.4989 -23.6248 0
      vertex 22.3862 -23.659 4
      vertex 22.4989 -23.6248 4
    endloop
  endfacet
  facet normal -0.290384 0.95691 0
    outer loop
      vertex 22.3862 -23.659 4
      vertex 22.4989 -23.6248 0
      vertex 22.3862 -23.659 0
    endloop
  endfacet
  facet normal -0.412587 0.910918 0
    outer loop
      vertex 22.7164 -23.5347 0
      vertex 22.6091 -23.5833 4
      vertex 22.7164 -23.5347 4
    endloop
  endfacet
  facet normal -0.412587 0.910918 0
    outer loop
      vertex 22.6091 -23.5833 4
      vertex 22.7164 -23.5347 0
      vertex 22.6091 -23.5833 0
    endloop
  endfacet
  facet normal -0.0984117 0.995146 0
    outer loop
      vertex 22.1553 -23.7049 0
      vertex 22.038 -23.7165 4
      vertex 22.1553 -23.7049 4
    endloop
  endfacet
  facet normal -0.0984117 0.995146 0
    outer loop
      vertex 22.038 -23.7165 4
      vertex 22.1553 -23.7049 0
      vertex 22.038 -23.7165 0
    endloop
  endfacet
  facet normal 0.290384 0.95691 -0
    outer loop
      vertex 21.4544 -23.659 0
      vertex 21.3417 -23.6248 4
      vertex 21.4544 -23.659 4
    endloop
  endfacet
  facet normal 0.290384 0.95691 0
    outer loop
      vertex 21.3417 -23.6248 4
      vertex 21.4544 -23.659 0
      vertex 21.3417 -23.6248 0
    endloop
  endfacet
  facet normal 0.881694 0.471821 0
    outer loop
      vertex 20.3615 -22.8203 4
      vertex 20.3059 -22.7164 0
      vertex 20.3059 -22.7164 4
    endloop
  endfacet
  facet normal 0.881694 0.471821 0
    outer loop
      vertex 20.3059 -22.7164 0
      vertex 20.3615 -22.8203 4
      vertex 20.3615 -22.8203 0
    endloop
  endfacet
  facet normal 0.471161 0.882047 -0
    outer loop
      vertex 21.1242 -23.5347 0
      vertex 21.0203 -23.4792 4
      vertex 21.1242 -23.5347 4
    endloop
  endfacet
  facet normal 0.471161 0.882047 0
    outer loop
      vertex 21.0203 -23.4792 4
      vertex 21.1242 -23.5347 0
      vertex 21.0203 -23.4792 0
    endloop
  endfacet
  facet normal 0.352426 0.93584 -0
    outer loop
      vertex 21.3417 -23.6248 0
      vertex 21.2315 -23.5833 4
      vertex 21.3417 -23.6248 4
    endloop
  endfacet
  facet normal 0.352426 0.93584 0
    outer loop
      vertex 21.2315 -23.5833 4
      vertex 21.3417 -23.6248 0
      vertex 21.2315 -23.5833 0
    endloop
  endfacet
  facet normal -0.999479 0.0322687 0
    outer loop
      vertex 23.7165 -22.038 0
      vertex 23.7203 -21.9203 4
      vertex 23.7203 -21.9203 0
    endloop
  endfacet
  facet normal -0.999479 0.0322687 0
    outer loop
      vertex 23.7203 -21.9203 4
      vertex 23.7165 -22.038 0
      vertex 23.7165 -22.038 4
    endloop
  endfacet
  facet normal -0.95691 0.290384 0
    outer loop
      vertex 23.6248 -22.4989 0
      vertex 23.659 -22.3862 4
      vertex 23.659 -22.3862 0
    endloop
  endfacet
  facet normal -0.95691 0.290384 0
    outer loop
      vertex 23.659 -22.3862 4
      vertex 23.6248 -22.4989 0
      vertex 23.6248 -22.4989 4
    endloop
  endfacet
  facet normal -0.528166 0.849141 0
    outer loop
      vertex 22.9203 -23.417 0
      vertex 22.8203 -23.4792 4
      vertex 22.9203 -23.417 4
    endloop
  endfacet
  facet normal -0.528166 0.849141 0
    outer loop
      vertex 22.8203 -23.4792 4
      vertex 22.9203 -23.417 0
      vertex 22.8203 -23.4792 0
    endloop
  endfacet
  facet normal -0.163022 0.986622 0
    outer loop
      vertex 22.2715 -23.6857 0
      vertex 22.1553 -23.7049 4
      vertex 22.2715 -23.6857 4
    endloop
  endfacet
  facet normal -0.163022 0.986622 0
    outer loop
      vertex 22.1553 -23.7049 4
      vertex 22.2715 -23.6857 0
      vertex 22.1553 -23.7049 0
    endloop
  endfacet
  facet normal -0.22672 0.97396 0
    outer loop
      vertex 22.3862 -23.659 0
      vertex 22.2715 -23.6857 4
      vertex 22.3862 -23.659 4
    endloop
  endfacet
  facet normal -0.22672 0.97396 0
    outer loop
      vertex 22.2715 -23.6857 4
      vertex 22.3862 -23.659 0
      vertex 22.2715 -23.6857 0
    endloop
  endfacet
  facet normal 0.97396 -0.22672 0
    outer loop
      vertex 20.1549 -21.5691 4
      vertex 20.1816 -21.4544 0
      vertex 20.1816 -21.4544 4
    endloop
  endfacet
  facet normal 0.97396 -0.22672 0
    outer loop
      vertex 20.1816 -21.4544 0
      vertex 20.1549 -21.5691 4
      vertex 20.1549 -21.5691 0
    endloop
  endfacet
  facet normal 0.999451 -0.0331169 0
    outer loop
      vertex 20.1203 -21.9203 4
      vertex 20.1242 -21.8026 0
      vertex 20.1242 -21.8026 4
    endloop
  endfacet
  facet normal 0.999451 -0.0331169 0
    outer loop
      vertex 20.1242 -21.8026 0
      vertex 20.1203 -21.9203 4
      vertex 20.1203 -21.9203 0
    endloop
  endfacet
  facet normal 0.849141 -0.528166 0
    outer loop
      vertex 20.3615 -21.0203 4
      vertex 20.4237 -20.9203 0
      vertex 20.4237 -20.9203 4
    endloop
  endfacet
  facet normal 0.849141 -0.528166 0
    outer loop
      vertex 20.4237 -20.9203 0
      vertex 20.3615 -21.0203 4
      vertex 20.3615 -21.0203 0
    endloop
  endfacet
  facet normal 0.910918 -0.412587 0
    outer loop
      vertex 20.2573 -21.2315 4
      vertex 20.3059 -21.1242 0
      vertex 20.3059 -21.1242 4
    endloop
  endfacet
  facet normal 0.910918 -0.412587 0
    outer loop
      vertex 20.3059 -21.1242 0
      vertex 20.2573 -21.2315 4
      vertex 20.2573 -21.2315 0
    endloop
  endfacet
  facet normal 0.813045 -0.582201 0
    outer loop
      vertex 20.4237 -20.9203 4
      vertex 20.4923 -20.8245 0
      vertex 20.4923 -20.8245 4
    endloop
  endfacet
  facet normal 0.813045 -0.582201 0
    outer loop
      vertex 20.4923 -20.8245 0
      vertex 20.4237 -20.9203 4
      vertex 20.4237 -20.9203 0
    endloop
  endfacet
  facet normal 0.634486 0.772935 -0
    outer loop
      vertex 20.8245 -23.3483 0
      vertex 20.7335 -23.2736 4
      vertex 20.8245 -23.3483 4
    endloop
  endfacet
  facet normal 0.634486 0.772935 0
    outer loop
      vertex 20.7335 -23.2736 4
      vertex 20.8245 -23.3483 0
      vertex 20.7335 -23.2736 0
    endloop
  endfacet
  facet normal -0.352426 0.93584 0
    outer loop
      vertex 22.6091 -23.5833 0
      vertex 22.4989 -23.6248 4
      vertex 22.6091 -23.5833 4
    endloop
  endfacet
  facet normal -0.352426 0.93584 0
    outer loop
      vertex 22.4989 -23.6248 4
      vertex 22.6091 -23.5833 0
      vertex 22.4989 -23.6248 0
    endloop
  endfacet
  facet normal -0.582762 0.812643 0
    outer loop
      vertex 23.0161 -23.3483 0
      vertex 22.9203 -23.417 4
      vertex 23.0161 -23.3483 4
    endloop
  endfacet
  facet normal -0.582762 0.812643 0
    outer loop
      vertex 22.9203 -23.417 4
      vertex 23.0161 -23.3483 0
      vertex 22.9203 -23.417 0
    endloop
  endfacet
  facet normal 0.730066 0.683376 0
    outer loop
      vertex 20.6475 -23.1931 4
      vertex 20.567 -23.1071 0
      vertex 20.567 -23.1071 4
    endloop
  endfacet
  facet normal 0.730066 0.683376 0
    outer loop
      vertex 20.567 -23.1071 0
      vertex 20.6475 -23.1931 4
      vertex 20.6475 -23.1931 0
    endloop
  endfacet
  facet normal 0.772935 0.634486 0
    outer loop
      vertex 20.567 -23.1071 4
      vertex 20.4923 -23.0161 0
      vertex 20.4923 -23.0161 4
    endloop
  endfacet
  facet normal 0.772935 0.634486 0
    outer loop
      vertex 20.4923 -23.0161 0
      vertex 20.567 -23.1071 4
      vertex 20.567 -23.1071 0
    endloop
  endfacet
  facet normal 0.986645 -0.162885 0
    outer loop
      vertex 20.1357 -21.6854 4
      vertex 20.1549 -21.5691 0
      vertex 20.1549 -21.5691 4
    endloop
  endfacet
  facet normal 0.986645 -0.162885 0
    outer loop
      vertex 20.1549 -21.5691 0
      vertex 20.1357 -21.6854 4
      vertex 20.1357 -21.6854 0
    endloop
  endfacet
  facet normal 0.99522 -0.0976539 0
    outer loop
      vertex 20.1242 -21.8026 4
      vertex 20.1357 -21.6854 0
      vertex 20.1357 -21.6854 4
    endloop
  endfacet
  facet normal 0.99522 -0.0976539 0
    outer loop
      vertex 20.1357 -21.6854 0
      vertex 20.1242 -21.8026 4
      vertex 20.1242 -21.8026 0
    endloop
  endfacet
  facet normal 0.999451 0.0331169 0
    outer loop
      vertex 20.1242 -22.038 4
      vertex 20.1203 -21.9203 0
      vertex 20.1203 -21.9203 4
    endloop
  endfacet
  facet normal 0.999451 0.0331169 0
    outer loop
      vertex 20.1203 -21.9203 0
      vertex 20.1242 -22.038 4
      vertex 20.1242 -22.038 0
    endloop
  endfacet
  facet normal 0.881694 -0.471821 0
    outer loop
      vertex 20.3059 -21.1242 4
      vertex 20.3615 -21.0203 0
      vertex 20.3615 -21.0203 4
    endloop
  endfacet
  facet normal 0.881694 -0.471821 0
    outer loop
      vertex 20.3615 -21.0203 0
      vertex 20.3059 -21.1242 4
      vertex 20.3059 -21.1242 0
    endloop
  endfacet
  facet normal 0.772935 -0.634486 0
    outer loop
      vertex 20.4923 -20.8245 4
      vertex 20.567 -20.7335 0
      vertex 20.567 -20.7335 4
    endloop
  endfacet
  facet normal 0.772935 -0.634486 0
    outer loop
      vertex 20.567 -20.7335 0
      vertex 20.4923 -20.8245 4
      vertex 20.4923 -20.8245 0
    endloop
  endfacet
  facet normal 0.730066 -0.683376 0
    outer loop
      vertex 20.567 -20.7335 4
      vertex 20.6475 -20.6475 0
      vertex 20.6475 -20.6475 4
    endloop
  endfacet
  facet normal 0.730066 -0.683376 0
    outer loop
      vertex 20.6475 -20.6475 0
      vertex 20.567 -20.7335 4
      vertex 20.567 -20.7335 0
    endloop
  endfacet
  facet normal 0.412587 0.910918 -0
    outer loop
      vertex 21.2315 -23.5833 0
      vertex 21.1242 -23.5347 4
      vertex 21.2315 -23.5833 4
    endloop
  endfacet
  facet normal 0.412587 0.910918 0
    outer loop
      vertex 21.1242 -23.5347 4
      vertex 21.2315 -23.5833 0
      vertex 21.1242 -23.5347 0
    endloop
  endfacet
  facet normal 0.528166 0.849141 -0
    outer loop
      vertex 21.0203 -23.4792 0
      vertex 20.9203 -23.417 4
      vertex 21.0203 -23.4792 4
    endloop
  endfacet
  facet normal 0.528166 0.849141 0
    outer loop
      vertex 20.9203 -23.417 4
      vertex 21.0203 -23.4792 0
      vertex 20.9203 -23.417 0
    endloop
  endfacet
  facet normal 0.582762 0.812643 -0
    outer loop
      vertex 20.9203 -23.417 0
      vertex 20.8245 -23.3483 4
      vertex 20.9203 -23.417 4
    endloop
  endfacet
  facet normal 0.582762 0.812643 0
    outer loop
      vertex 20.8245 -23.3483 4
      vertex 20.9203 -23.417 0
      vertex 20.8245 -23.3483 0
    endloop
  endfacet
  facet normal 0.0984948 0.995138 -0
    outer loop
      vertex 21.8026 -23.7165 0
      vertex 21.6854 -23.7049 4
      vertex 21.8026 -23.7165 4
    endloop
  endfacet
  facet normal 0.0984948 0.995138 0
    outer loop
      vertex 21.6854 -23.7049 4
      vertex 21.8026 -23.7165 0
      vertex 21.6854 -23.7049 0
    endloop
  endfacet
  facet normal 0.162885 0.986645 -0
    outer loop
      vertex 21.6854 -23.7049 0
      vertex 21.5691 -23.6857 4
      vertex 21.6854 -23.7049 4
    endloop
  endfacet
  facet normal 0.162885 0.986645 0
    outer loop
      vertex 21.5691 -23.6857 4
      vertex 21.6854 -23.7049 0
      vertex 21.5691 -23.6857 0
    endloop
  endfacet
  facet normal 0.22672 0.97396 -0
    outer loop
      vertex 21.5691 -23.6857 0
      vertex 21.4544 -23.659 4
      vertex 21.5691 -23.6857 4
    endloop
  endfacet
  facet normal 0.22672 0.97396 0
    outer loop
      vertex 21.4544 -23.659 4
      vertex 21.5691 -23.6857 0
      vertex 21.4544 -23.659 0
    endloop
  endfacet
  facet normal 0.995229 0.0975714 0
    outer loop
      vertex 20.1357 -22.1553 4
      vertex 20.1242 -22.038 0
      vertex 20.1242 -22.038 4
    endloop
  endfacet
  facet normal 0.995229 0.0975714 0
    outer loop
      vertex 20.1242 -22.038 0
      vertex 20.1357 -22.1553 4
      vertex 20.1357 -22.1553 0
    endloop
  endfacet
  facet normal 0.97396 0.22672 0
    outer loop
      vertex 20.1816 -22.3862 4
      vertex 20.1549 -22.2715 0
      vertex 20.1549 -22.2715 4
    endloop
  endfacet
  facet normal 0.97396 0.22672 0
    outer loop
      vertex 20.1549 -22.2715 0
      vertex 20.1816 -22.3862 4
      vertex 20.1816 -22.3862 0
    endloop
  endfacet
  facet normal 0.986622 0.163022 0
    outer loop
      vertex 20.1549 -22.2715 4
      vertex 20.1357 -22.1553 0
      vertex 20.1357 -22.1553 4
    endloop
  endfacet
  facet normal 0.986622 0.163022 0
    outer loop
      vertex 20.1357 -22.1553 0
      vertex 20.1549 -22.2715 4
      vertex 20.1549 -22.2715 0
    endloop
  endfacet
  facet normal 0.910918 0.412587 0
    outer loop
      vertex 20.3059 -22.7164 4
      vertex 20.2573 -22.6091 0
      vertex 20.2573 -22.6091 4
    endloop
  endfacet
  facet normal 0.910918 0.412587 0
    outer loop
      vertex 20.2573 -22.6091 0
      vertex 20.3059 -22.7164 4
      vertex 20.3059 -22.7164 0
    endloop
  endfacet
  facet normal 0.95691 0.290384 0
    outer loop
      vertex 20.2158 -22.4989 4
      vertex 20.1816 -22.3862 0
      vertex 20.1816 -22.3862 4
    endloop
  endfacet
  facet normal 0.95691 0.290384 0
    outer loop
      vertex 20.1816 -22.3862 0
      vertex 20.2158 -22.4989 4
      vertex 20.2158 -22.4989 0
    endloop
  endfacet
  facet normal 0.849141 0.528166 0
    outer loop
      vertex 20.4237 -22.9203 4
      vertex 20.3615 -22.8203 0
      vertex 20.3615 -22.8203 4
    endloop
  endfacet
  facet normal 0.849141 0.528166 0
    outer loop
      vertex 20.3615 -22.8203 0
      vertex 20.4237 -22.9203 4
      vertex 20.4237 -22.9203 0
    endloop
  endfacet
  facet normal 0.95691 -0.290384 0
    outer loop
      vertex 20.1816 -21.4544 4
      vertex 20.2158 -21.3417 0
      vertex 20.2158 -21.3417 4
    endloop
  endfacet
  facet normal 0.95691 -0.290384 0
    outer loop
      vertex 20.2158 -21.3417 0
      vertex 20.1816 -21.4544 4
      vertex 20.1816 -21.4544 0
    endloop
  endfacet
  facet normal 0.0322687 0.999479 -0
    outer loop
      vertex 21.9203 -23.7203 0
      vertex 21.8026 -23.7165 4
      vertex 21.9203 -23.7203 4
    endloop
  endfacet
  facet normal 0.0322687 0.999479 0
    outer loop
      vertex 21.8026 -23.7165 4
      vertex 21.9203 -23.7203 0
      vertex 21.8026 -23.7165 0
    endloop
  endfacet
  facet normal 0.93584 0.352426 0
    outer loop
      vertex 20.2573 -22.6091 4
      vertex 20.2158 -22.4989 0
      vertex 20.2158 -22.4989 4
    endloop
  endfacet
  facet normal 0.93584 0.352426 0
    outer loop
      vertex 20.2158 -22.4989 0
      vertex 20.2573 -22.6091 4
      vertex 20.2573 -22.6091 0
    endloop
  endfacet
  facet normal 0.813045 0.582201 0
    outer loop
      vertex 20.4923 -23.0161 4
      vertex 20.4237 -22.9203 0
      vertex 20.4237 -22.9203 4
    endloop
  endfacet
  facet normal 0.813045 0.582201 0
    outer loop
      vertex 20.4237 -22.9203 0
      vertex 20.4923 -23.0161 4
      vertex 20.4923 -23.0161 0
    endloop
  endfacet
  facet normal 0.999464 0.0327281 0
    outer loop
      vertex 36 0 4
      vertex 35.9229 2.35451 0
      vertex 35.9229 2.35451 4
    endloop
  endfacet
  facet normal 0.999464 0.0327281 0
    outer loop
      vertex 35.9229 2.35451 0
      vertex 36 0 4
      vertex 36 0 0
    endloop
  endfacet
  facet normal -0.999464 0.0327281 0
    outer loop
      vertex -36 0 0
      vertex -35.9229 2.35451 4
      vertex -35.9229 2.35451 0
    endloop
  endfacet
  facet normal -0.999464 0.0327281 0
    outer loop
      vertex -35.9229 2.35451 4
      vertex -36 0 0
      vertex -36 0 4
    endloop
  endfacet
  facet normal 0.0327281 0.999464 -0
    outer loop
      vertex 2.35451 35.9229 0
      vertex 0 36 4
      vertex 2.35451 35.9229 4
    endloop
  endfacet
  facet normal 0.0327281 0.999464 0
    outer loop
      vertex 0 36 4
      vertex 2.35451 35.9229 0
      vertex 0 36 0
    endloop
  endfacet
  facet normal 0.729843 0.683615 0
    outer loop
      vertex 27.0662 23.7365 4
      vertex 25.4558 25.4558 0
      vertex 25.4558 25.4558 4
    endloop
  endfacet
  facet normal 0.729843 0.683615 0
    outer loop
      vertex 25.4558 25.4558 0
      vertex 27.0662 23.7365 4
      vertex 27.0662 23.7365 0
    endloop
  endfacet
  facet normal -0.683615 0.729843 0
    outer loop
      vertex -23.7365 27.0662 0
      vertex -25.4558 25.4558 4
      vertex -23.7365 27.0662 4
    endloop
  endfacet
  facet normal -0.683615 0.729843 0
    outer loop
      vertex -25.4558 25.4558 4
      vertex -23.7365 27.0662 0
      vertex -25.4558 25.4558 0
    endloop
  endfacet
  facet normal 0.910856 0.412725 0
    outer loop
      vertex 33.2597 13.7766 4
      vertex 32.2874 15.9224 0
      vertex 32.2874 15.9224 4
    endloop
  endfacet
  facet normal 0.910856 0.412725 0
    outer loop
      vertex 32.2874 15.9224 0
      vertex 33.2597 13.7766 4
      vertex 33.2597 13.7766 0
    endloop
  endfacet
  facet normal 0.412725 0.910856 -0
    outer loop
      vertex 15.9224 32.2874 0
      vertex 13.7766 33.2597 4
      vertex 15.9224 32.2874 4
    endloop
  endfacet
  facet normal 0.412725 0.910856 0
    outer loop
      vertex 13.7766 33.2597 4
      vertex 15.9224 32.2874 0
      vertex 13.7766 33.2597 0
    endloop
  endfacet
  facet normal -0.8492 0.528071 0
    outer loop
      vertex -31.1769 18 0
      vertex -29.9329 20.0005 4
      vertex -29.9329 20.0005 0
    endloop
  endfacet
  facet normal -0.8492 0.528071 0
    outer loop
      vertex -29.9329 20.0005 4
      vertex -31.1769 18 0
      vertex -31.1769 18 4
    endloop
  endfacet
  facet normal -0.773018 0.634384 0
    outer loop
      vertex -28.5607 21.9154 0
      vertex -27.0662 23.7365 4
      vertex -27.0662 23.7365 0
    endloop
  endfacet
  facet normal -0.773018 0.634384 0
    outer loop
      vertex -27.0662 23.7365 4
      vertex -28.5607 21.9154 0
      vertex -28.5607 21.9154 4
    endloop
  endfacet
  facet normal 0.881921 -0.471397 0
    outer loop
      vertex 31.1769 -18 4
      vertex 32.2874 -15.9224 0
      vertex 32.2874 -15.9224 4
    endloop
  endfacet
  facet normal 0.881921 -0.471397 0
    outer loop
      vertex 32.2874 -15.9224 0
      vertex 31.1769 -18 4
      vertex 31.1769 -18 0
    endloop
  endfacet
  facet normal 0.227101 -0.973871 0
    outer loop
      vertex 7.02325 -35.3083 0
      vertex 9.31748 -34.7733 4
      vertex 7.02325 -35.3083 4
    endloop
  endfacet
  facet normal 0.227101 -0.973871 0
    outer loop
      vertex 9.31748 -34.7733 4
      vertex 7.02325 -35.3083 0
      vertex 9.31748 -34.7733 0
    endloop
  endfacet
  facet normal 0.683615 -0.729843 0
    outer loop
      vertex 23.7365 -27.0662 0
      vertex 25.4558 -25.4558 4
      vertex 23.7365 -27.0662 4
    endloop
  endfacet
  facet normal 0.683615 -0.729843 0
    outer loop
      vertex 25.4558 -25.4558 4
      vertex 23.7365 -27.0662 0
      vertex 25.4558 -25.4558 0
    endloop
  endfacet
  facet normal 0.773018 -0.634384 0
    outer loop
      vertex 27.0662 -23.7365 4
      vertex 28.5607 -21.9154 0
      vertex 28.5607 -21.9154 4
    endloop
  endfacet
  facet normal 0.773018 -0.634384 0
    outer loop
      vertex 28.5607 -21.9154 0
      vertex 27.0662 -23.7365 4
      vertex 27.0662 -23.7365 0
    endloop
  endfacet
  facet normal -0.35224 -0.93591 0
    outer loop
      vertex -13.7766 -33.2597 0
      vertex -11.5718 -34.0895 4
      vertex -13.7766 -33.2597 4
    endloop
  endfacet
  facet normal -0.35224 -0.93591 -0
    outer loop
      vertex -11.5718 -34.0895 4
      vertex -13.7766 -33.2597 0
      vertex -11.5718 -34.0895 0
    endloop
  endfacet
  facet normal -0.729843 -0.683615 0
    outer loop
      vertex -25.4558 -25.4558 0
      vertex -27.0662 -23.7365 4
      vertex -27.0662 -23.7365 0
    endloop
  endfacet
  facet normal -0.729843 -0.683615 0
    outer loop
      vertex -27.0662 -23.7365 4
      vertex -25.4558 -25.4558 0
      vertex -25.4558 -25.4558 4
    endloop
  endfacet
  facet normal -0.93591 -0.35224 0
    outer loop
      vertex -33.2597 -13.7766 0
      vertex -34.0895 -11.5718 4
      vertex -34.0895 -11.5718 0
    endloop
  endfacet
  facet normal -0.93591 -0.35224 0
    outer loop
      vertex -34.0895 -11.5718 4
      vertex -33.2597 -13.7766 0
      vertex -33.2597 -13.7766 4
    endloop
  endfacet
  facet normal 0.986646 0.162877 0
    outer loop
      vertex 35.692 4.69894 4
      vertex 35.3083 7.02325 0
      vertex 35.3083 7.02325 4
    endloop
  endfacet
  facet normal 0.986646 0.162877 0
    outer loop
      vertex 35.3083 7.02325 0
      vertex 35.692 4.69894 4
      vertex 35.692 4.69894 0
    endloop
  endfacet
  facet normal 0.995185 0.0980145 0
    outer loop
      vertex 35.9229 2.35451 4
      vertex 35.692 4.69894 0
      vertex 35.692 4.69894 4
    endloop
  endfacet
  facet normal 0.995185 0.0980145 0
    outer loop
      vertex 35.692 4.69894 0
      vertex 35.9229 2.35451 4
      vertex 35.9229 2.35451 0
    endloop
  endfacet
  facet normal 0.956945 0.290269 0
    outer loop
      vertex 34.7733 9.31748 4
      vertex 34.0895 11.5718 0
      vertex 34.0895 11.5718 4
    endloop
  endfacet
  facet normal 0.956945 0.290269 0
    outer loop
      vertex 34.0895 11.5718 0
      vertex 34.7733 9.31748 4
      vertex 34.7733 9.31748 0
    endloop
  endfacet
  facet normal 0.8492 0.528071 0
    outer loop
      vertex 31.1769 18 4
      vertex 29.9329 20.0005 0
      vertex 29.9329 20.0005 4
    endloop
  endfacet
  facet normal 0.8492 0.528071 0
    outer loop
      vertex 29.9329 20.0005 0
      vertex 31.1769 18 4
      vertex 31.1769 18 0
    endloop
  endfacet
  facet normal 0.881921 0.471397 0
    outer loop
      vertex 32.2874 15.9224 4
      vertex 31.1769 18 0
      vertex 31.1769 18 4
    endloop
  endfacet
  facet normal 0.881921 0.471397 0
    outer loop
      vertex 31.1769 18 0
      vertex 32.2874 15.9224 4
      vertex 32.2874 15.9224 0
    endloop
  endfacet
  facet normal 0.227101 0.973871 -0
    outer loop
      vertex 9.31748 34.7733 0
      vertex 7.02325 35.3083 4
      vertex 9.31748 34.7733 4
    endloop
  endfacet
  facet normal 0.227101 0.973871 0
    outer loop
      vertex 7.02325 35.3083 4
      vertex 9.31748 34.7733 0
      vertex 7.02325 35.3083 0
    endloop
  endfacet
  facet normal 0.290269 0.956945 -0
    outer loop
      vertex 11.5718 34.0895 0
      vertex 9.31748 34.7733 4
      vertex 11.5718 34.0895 4
    endloop
  endfacet
  facet normal 0.290269 0.956945 0
    outer loop
      vertex 9.31748 34.7733 4
      vertex 11.5718 34.0895 0
      vertex 9.31748 34.7733 0
    endloop
  endfacet
  facet normal 0.0980145 0.995185 -0
    outer loop
      vertex 4.69894 35.692 0
      vertex 2.35451 35.9229 4
      vertex 4.69894 35.692 4
    endloop
  endfacet
  facet normal 0.0980145 0.995185 0
    outer loop
      vertex 2.35451 35.9229 4
      vertex 4.69894 35.692 0
      vertex 2.35451 35.9229 0
    endloop
  endfacet
  facet normal 0.683615 0.729843 -0
    outer loop
      vertex 25.4558 25.4558 0
      vertex 23.7365 27.0662 4
      vertex 25.4558 25.4558 4
    endloop
  endfacet
  facet normal 0.683615 0.729843 0
    outer loop
      vertex 23.7365 27.0662 4
      vertex 25.4558 25.4558 0
      vertex 23.7365 27.0662 0
    endloop
  endfacet
  facet normal -0.973871 0.227101 0
    outer loop
      vertex -35.3083 7.02325 0
      vertex -34.7733 9.31748 4
      vertex -34.7733 9.31748 0
    endloop
  endfacet
  facet normal -0.973871 0.227101 0
    outer loop
      vertex -34.7733 9.31748 4
      vertex -35.3083 7.02325 0
      vertex -35.3083 7.02325 4
    endloop
  endfacet
  facet normal -0.729843 0.683615 0
    outer loop
      vertex -27.0662 23.7365 0
      vertex -25.4558 25.4558 4
      vertex -25.4558 25.4558 0
    endloop
  endfacet
  facet normal -0.729843 0.683615 0
    outer loop
      vertex -25.4558 25.4558 4
      vertex -27.0662 23.7365 0
      vertex -27.0662 23.7365 4
    endloop
  endfacet
  facet normal -0.910856 0.412725 0
    outer loop
      vertex -33.2597 13.7766 0
      vertex -32.2874 15.9224 4
      vertex -32.2874 15.9224 0
    endloop
  endfacet
  facet normal -0.910856 0.412725 0
    outer loop
      vertex -32.2874 15.9224 4
      vertex -33.2597 13.7766 0
      vertex -33.2597 13.7766 4
    endloop
  endfacet
  facet normal -0.881921 0.471397 0
    outer loop
      vertex -32.2874 15.9224 0
      vertex -31.1769 18 4
      vertex -31.1769 18 0
    endloop
  endfacet
  facet normal -0.881921 0.471397 0
    outer loop
      vertex -31.1769 18 4
      vertex -32.2874 15.9224 0
      vertex -32.2874 15.9224 4
    endloop
  endfacet
  facet normal -0.956945 0.290269 0
    outer loop
      vertex -34.7733 9.31748 0
      vertex -34.0895 11.5718 4
      vertex -34.0895 11.5718 0
    endloop
  endfacet
  facet normal -0.956945 0.290269 0
    outer loop
      vertex -34.0895 11.5718 4
      vertex -34.7733 9.31748 0
      vertex -34.7733 9.31748 4
    endloop
  endfacet
  facet normal -0.995185 0.0980145 0
    outer loop
      vertex -35.9229 2.35451 0
      vertex -35.692 4.69894 4
      vertex -35.692 4.69894 0
    endloop
  endfacet
  facet normal -0.995185 0.0980145 0
    outer loop
      vertex -35.692 4.69894 4
      vertex -35.9229 2.35451 0
      vertex -35.9229 2.35451 4
    endloop
  endfacet
  facet normal -0.412725 0.910856 0
    outer loop
      vertex -13.7766 33.2597 0
      vertex -15.9224 32.2874 4
      vertex -13.7766 33.2597 4
    endloop
  endfacet
  facet normal -0.412725 0.910856 0
    outer loop
      vertex -15.9224 32.2874 4
      vertex -13.7766 33.2597 0
      vertex -15.9224 32.2874 0
    endloop
  endfacet
  facet normal -0.471397 0.881921 0
    outer loop
      vertex -15.9224 32.2874 0
      vertex -18 31.1769 4
      vertex -15.9224 32.2874 4
    endloop
  endfacet
  facet normal -0.471397 0.881921 0
    outer loop
      vertex -18 31.1769 4
      vertex -15.9224 32.2874 0
      vertex -18 31.1769 0
    endloop
  endfacet
  facet normal -0.227101 0.973871 0
    outer loop
      vertex -7.02325 35.3083 0
      vertex -9.31748 34.7733 4
      vertex -7.02325 35.3083 4
    endloop
  endfacet
  facet normal -0.227101 0.973871 0
    outer loop
      vertex -9.31748 34.7733 4
      vertex -7.02325 35.3083 0
      vertex -9.31748 34.7733 0
    endloop
  endfacet
  facet normal -0.0327281 0.999464 0
    outer loop
      vertex 0 36 0
      vertex -2.35451 35.9229 4
      vertex 0 36 4
    endloop
  endfacet
  facet normal -0.0327281 0.999464 0
    outer loop
      vertex -2.35451 35.9229 4
      vertex 0 36 0
      vertex -2.35451 35.9229 0
    endloop
  endfacet
  facet normal 0.973871 -0.227101 0
    outer loop
      vertex 34.7733 -9.31748 4
      vertex 35.3083 -7.02325 0
      vertex 35.3083 -7.02325 4
    endloop
  endfacet
  facet normal 0.973871 -0.227101 0
    outer loop
      vertex 35.3083 -7.02325 0
      vertex 34.7733 -9.31748 4
      vertex 34.7733 -9.31748 0
    endloop
  endfacet
  facet normal 0.0980145 -0.995185 0
    outer loop
      vertex 2.35451 -35.9229 0
      vertex 4.69894 -35.692 4
      vertex 2.35451 -35.9229 4
    endloop
  endfacet
  facet normal 0.0980145 -0.995185 0
    outer loop
      vertex 4.69894 -35.692 4
      vertex 2.35451 -35.9229 0
      vertex 4.69894 -35.692 0
    endloop
  endfacet
  facet normal 0.0327281 -0.999464 0
    outer loop
      vertex 0 -36 0
      vertex 2.35451 -35.9229 4
      vertex 0 -36 4
    endloop
  endfacet
  facet normal 0.0327281 -0.999464 0
    outer loop
      vertex 2.35451 -35.9229 4
      vertex 0 -36 0
      vertex 2.35451 -35.9229 0
    endloop
  endfacet
  facet normal 0.35224 -0.93591 0
    outer loop
      vertex 11.5718 -34.0895 0
      vertex 13.7766 -33.2597 4
      vertex 11.5718 -34.0895 4
    endloop
  endfacet
  facet normal 0.35224 -0.93591 0
    outer loop
      vertex 13.7766 -33.2597 4
      vertex 11.5718 -34.0895 0
      vertex 13.7766 -33.2597 0
    endloop
  endfacet
  facet normal 0.412725 -0.910856 0
    outer loop
      vertex 13.7766 -33.2597 0
      vertex 15.9224 -32.2874 4
      vertex 13.7766 -33.2597 4
    endloop
  endfacet
  facet normal 0.412725 -0.910856 0
    outer loop
      vertex 15.9224 -32.2874 4
      vertex 13.7766 -33.2597 0
      vertex 15.9224 -32.2874 0
    endloop
  endfacet
  facet normal 0.471397 -0.881921 0
    outer loop
      vertex 15.9224 -32.2874 0
      vertex 18 -31.1769 4
      vertex 15.9224 -32.2874 4
    endloop
  endfacet
  facet normal 0.471397 -0.881921 0
    outer loop
      vertex 18 -31.1769 4
      vertex 15.9224 -32.2874 0
      vertex 18 -31.1769 0
    endloop
  endfacet
  facet normal 0.93591 -0.35224 0
    outer loop
      vertex 33.2597 -13.7766 4
      vertex 34.0895 -11.5718 0
      vertex 34.0895 -11.5718 4
    endloop
  endfacet
  facet normal 0.93591 -0.35224 0
    outer loop
      vertex 34.0895 -11.5718 0
      vertex 33.2597 -13.7766 4
      vertex 33.2597 -13.7766 0
    endloop
  endfacet
  facet normal 0.956945 -0.290269 0
    outer loop
      vertex 34.0895 -11.5718 4
      vertex 34.7733 -9.31748 0
      vertex 34.7733 -9.31748 4
    endloop
  endfacet
  facet normal 0.956945 -0.290269 0
    outer loop
      vertex 34.7733 -9.31748 0
      vertex 34.0895 -11.5718 4
      vertex 34.0895 -11.5718 0
    endloop
  endfacet
  facet normal 0.995185 -0.0980145 0
    outer loop
      vertex 35.692 -4.69894 4
      vertex 35.9229 -2.35451 0
      vertex 35.9229 -2.35451 4
    endloop
  endfacet
  facet normal 0.995185 -0.0980145 0
    outer loop
      vertex 35.9229 -2.35451 0
      vertex 35.692 -4.69894 4
      vertex 35.692 -4.69894 0
    endloop
  endfacet
  facet normal -0.683615 -0.729843 0
    outer loop
      vertex -25.4558 -25.4558 0
      vertex -23.7365 -27.0662 4
      vertex -25.4558 -25.4558 4
    endloop
  endfacet
  facet normal -0.683615 -0.729843 -0
    outer loop
      vertex -23.7365 -27.0662 4
      vertex -25.4558 -25.4558 0
      vertex -23.7365 -27.0662 0
    endloop
  endfacet
  facet normal -0.634384 -0.773018 0
    outer loop
      vertex -23.7365 -27.0662 0
      vertex -21.9154 -28.5607 4
      vertex -23.7365 -27.0662 4
    endloop
  endfacet
  facet normal -0.634384 -0.773018 -0
    outer loop
      vertex -21.9154 -28.5607 4
      vertex -23.7365 -27.0662 0
      vertex -21.9154 -28.5607 0
    endloop
  endfacet
  facet normal -0.162877 -0.986646 0
    outer loop
      vertex -7.02325 -35.3083 0
      vertex -4.69894 -35.692 4
      vertex -7.02325 -35.3083 4
    endloop
  endfacet
  facet normal -0.162877 -0.986646 -0
    outer loop
      vertex -4.69894 -35.692 4
      vertex -7.02325 -35.3083 0
      vertex -4.69894 -35.692 0
    endloop
  endfacet
  facet normal -0.910856 -0.412725 0
    outer loop
      vertex -32.2874 -15.9224 0
      vertex -33.2597 -13.7766 4
      vertex -33.2597 -13.7766 0
    endloop
  endfacet
  facet normal -0.910856 -0.412725 0
    outer loop
      vertex -33.2597 -13.7766 4
      vertex -32.2874 -15.9224 0
      vertex -32.2874 -15.9224 4
    endloop
  endfacet
  facet normal -0.881921 -0.471397 0
    outer loop
      vertex -31.1769 -18 0
      vertex -32.2874 -15.9224 4
      vertex -32.2874 -15.9224 0
    endloop
  endfacet
  facet normal -0.881921 -0.471397 0
    outer loop
      vertex -32.2874 -15.9224 4
      vertex -31.1769 -18 0
      vertex -31.1769 -18 4
    endloop
  endfacet
  facet normal -0.999464 -0.0327281 0
    outer loop
      vertex -35.9229 -2.35451 0
      vertex -36 0 4
      vertex -36 0 0
    endloop
  endfacet
  facet normal -0.999464 -0.0327281 0
    outer loop
      vertex -36 0 4
      vertex -35.9229 -2.35451 0
      vertex -35.9229 -2.35451 4
    endloop
  endfacet
  facet normal -0.973871 -0.227101 0
    outer loop
      vertex -34.7733 -9.31748 0
      vertex -35.3083 -7.02325 4
      vertex -35.3083 -7.02325 0
    endloop
  endfacet
  facet normal -0.973871 -0.227101 0
    outer loop
      vertex -35.3083 -7.02325 4
      vertex -34.7733 -9.31748 0
      vertex -34.7733 -9.31748 4
    endloop
  endfacet
  facet normal 0 0 -1
    outer loop
      vertex -21.8026 -20.1242 0
      vertex -17.9194 5.89131 0
      vertex -21.6854 -20.1357 0
    endloop
  endfacet
  facet normal 0 0 -1
    outer loop
      vertex -19.65 8 0
      vertex -20.1242 21.8026 0
      vertex -20.1203 21.9203 0
    endloop
  endfacet
  facet normal -0 0 -1
    outer loop
      vertex -17.9194 5.89131 0
      vertex -21.8026 -20.1242 0
      vertex -18.0565 5.92326 0
    endloop
  endfacet
  facet normal 0 0 -1
    outer loop
      vertex -19.65 8 0
      vertex -20.1357 21.6854 0
      vertex -20.1242 21.8026 0
    endloop
  endfacet
  facet normal 0 0 -1
    outer loop
      vertex -21.9203 -20.1203 0
      vertex -18.0565 5.92326 0
      vertex -21.8026 -20.1242 0
    endloop
  endfacet
  facet normal 0 0 -1
    outer loop
      vertex -19.65 8 0
      vertex -20.1549 21.5691 0
      vertex -20.1357 21.6854 0
    endloop
  endfacet
  facet normal 0 0 -1
    outer loop
      vertex -34.0895 -11.5718 0
      vertex -18.0565 5.92326 0
      vertex -21.9203 -20.1203 0
    endloop
  endfacet
  facet normal 0 0 -1
    outer loop
      vertex -19.65 8 0
      vertex -20.1816 21.4544 0
      vertex -20.1549 21.5691 0
    endloop
  endfacet
  facet normal -0 0 -1
    outer loop
      vertex -18.0565 5.92326 0
      vertex -34.0895 -11.5718 0
      vertex -18.1911 5.9641 0
    endloop
  endfacet
  facet normal 0 0 -1
    outer loop
      vertex -19.65 8 0
      vertex -20.2158 21.3417 0
      vertex -20.1816 21.4544 0
    endloop
  endfacet
  facet normal 0 0 -1
    outer loop
      vertex -34.7733 -9.31748 0
      vertex -18.1911 5.9641 0
      vertex -34.0895 -11.5718 0
    endloop
  endfacet
  facet normal 0 0 -1
    outer loop
      vertex -19.65 8 0
      vertex -20.2573 21.2315 0
      vertex -20.2158 21.3417 0
    endloop
  endfacet
  facet normal -0 0 -1
    outer loop
      vertex -18.1911 5.9641 0
      vertex -34.7733 -9.31748 0
      vertex -18.3228 6.01366 0
    endloop
  endfacet
  facet normal 0 0 -1
    outer loop
      vertex -19.65 8 0
      vertex -20.3059 21.1242 0
      vertex -20.2573 21.2315 0
    endloop
  endfacet
  facet normal 0 0 -1
    outer loop
      vertex -35.3083 -7.02325 0
      vertex -18.3228 6.01366 0
      vertex -34.7733 -9.31748 0
    endloop
  endfacet
  facet normal 0 0 -1
    outer loop
      vertex -19.65 8 0
      vertex -20.3615 21.0203 0
      vertex -20.3059 21.1242 0
    endloop
  endfacet
  facet normal -0 0 -1
    outer loop
      vertex -18.3228 6.01366 0
      vertex -35.3083 -7.02325 0
      vertex -18.4509 6.07172 0
    endloop
  endfacet
  facet normal 0 0 -1
    outer loop
      vertex -19.65 8 0
      vertex -20.4237 20.9203 0
      vertex -20.3615 21.0203 0
    endloop
  endfacet
  facet normal -0 0 -1
    outer loop
      vertex -18.4509 6.07172 0
      vertex -35.3083 -7.02325 0
      vertex -18.575 6.13805 0
    endloop
  endfacet
  facet normal 0 0 -1
    outer loop
      vertex -19.65 8 0
      vertex -20.4923 20.8245 0
      vertex -20.4237 20.9203 0
    endloop
  endfacet
  facet normal 0 0 -1
    outer loop
      vertex -35.692 -4.69894 0
      vertex -18.575 6.13805 0
      vertex -35.3083 -7.02325 0
    endloop
  endfacet
  facet normal 0 0 -1
    outer loop
      vertex -19.65 8 0
      vertex -20.567 20.7335 0
      vertex -20.4923 20.8245 0
    endloop
  endfacet
  facet normal -0 0 -1
    outer loop
      vertex -18.575 6.13805 0
      vertex -35.692 -4.69894 0
      vertex -18.6945 6.21234 0
    endloop
  endfacet
  facet normal 0 0 -1
    outer loop
      vertex -19.65 8 0
      vertex -20.6475 20.6475 0
      vertex -20.567 20.7335 0
    endloop
  endfacet
  facet normal -0 0 -1
    outer loop
      vertex -18.8088 6.29429 0
      vertex -35.9229 -2.35451 0
      vertex -18.9176 6.38354 0
    endloop
  endfacet
  facet normal 0 0 -1
    outer loop
      vertex -19.65 8 0
      vertex -20.7335 20.567 0
      vertex -20.6475 20.6475 0
    endloop
  endfacet
  facet normal -0 0 -1
    outer loop
      vertex -18.9176 6.38354 0
      vertex -35.9229 -2.35451 0
      vertex -19.0203 6.47972 0
    endloop
  endfacet
  facet normal 0 0 -1
    outer loop
      vertex -19.65 8 0
      vertex -20.8245 20.4923 0
      vertex -20.7335 20.567 0
    endloop
  endfacet
  facet normal 0 0 -1
    outer loop
      vertex -36 0 0
      vertex -19.0203 6.47972 0
      vertex -35.9229 -2.35451 0
    endloop
  endfacet
  facet normal 0 0 -1
    outer loop
      vertex -19.65 8 0
      vertex -20.9203 20.4237 0
      vertex -20.8245 20.4923 0
    endloop
  endfacet
  facet normal -0 0 -1
    outer loop
      vertex -19.0203 6.47972 0
      vertex -36 0 0
      vertex -19.1165 6.58241 0
    endloop
  endfacet
  facet normal 0 0 -1
    outer loop
      vertex -19.65 8 0
      vertex -21.0203 20.3615 0
      vertex -20.9203 20.4237 0
    endloop
  endfacet
  facet normal -0 0 -1
    outer loop
      vertex -19.1165 6.58241 0
      vertex -36 0 0
      vertex -19.2057 6.69116 0
    endloop
  endfacet
  facet normal 0 0 -1
    outer loop
      vertex -19.65 8 0
      vertex -21.1242 20.3059 0
      vertex -21.0203 20.3615 0
    endloop
  endfacet
  facet normal 0 -0 -1
    outer loop
      vertex -35.9229 2.35451 0
      vertex -19.2057 6.69116 0
      vertex -36 0 0
    endloop
  endfacet
  facet normal 0 0 -1
    outer loop
      vertex -19.65 8 0
      vertex -21.2315 20.2573 0
      vertex -21.1242 20.3059 0
    endloop
  endfacet
  facet normal -0 0 -1
    outer loop
      vertex -19.2057 6.69116 0
      vertex -35.9229 2.35451 0
      vertex -19.2877 6.80552 0
    endloop
  endfacet
  facet normal 0 0 -1
    outer loop
      vertex -19.65 8 0
      vertex -21.3417 20.2158 0
      vertex -21.2315 20.2573 0
    endloop
  endfacet
  facet normal -0 0 -1
    outer loop
      vertex -19.2877 6.80552 0
      vertex -35.9229 2.35451 0
      vertex -19.362 6.925 0
    endloop
  endfacet
  facet normal -0 0 -1
    outer loop
      vertex -19.6087 7.58055 0
      vertex -35.3083 7.02325 0
      vertex -19.6316 7.71937 0
    endloop
  endfacet
  facet normal 0 -0 -1
    outer loop
      vertex -35.692 4.69894 0
      vertex -19.362 6.925 0
      vertex -35.9229 2.35451 0
    endloop
  endfacet
  facet normal 0 0 -1
    outer loop
      vertex -19.65 8 0
      vertex -21.4544 20.1816 0
      vertex -21.3417 20.2158 0
    endloop
  endfacet
  facet normal -0 0 -1
    outer loop
      vertex -19.362 6.925 0
      vertex -35.692 4.69894 0
      vertex -19.4283 7.04908 0
    endloop
  endfacet
  facet normal 0 -0 -1
    outer loop
      vertex -34.7733 9.31748 0
      vertex -19.6316 7.71937 0
      vertex -35.3083 7.02325 0
    endloop
  endfacet
  facet normal -0 0 -1
    outer loop
      vertex -19.4283 7.04908 0
      vertex -35.692 4.69894 0
      vertex -19.4863 7.17723 0
    endloop
  endfacet
  facet normal 0 0 -1
    outer loop
      vertex -19.6316 7.71937 0
      vertex -34.7733 9.31748 0
      vertex -19.6454 7.85938 0
    endloop
  endfacet
  facet normal 0 0 -1
    outer loop
      vertex -35.9229 -2.35451 0
      vertex -18.8088 6.29429 0
      vertex -35.692 -4.69894 0
    endloop
  endfacet
  facet normal 0 0 -1
    outer loop
      vertex -19.65 8 0
      vertex -21.5691 20.1549 0
      vertex -21.4544 20.1816 0
    endloop
  endfacet
  facet normal 0 0 -1
    outer loop
      vertex -34.0895 -11.5718 0
      vertex -21.9203 -20.1203 0
      vertex -22.038 -20.1242 0
    endloop
  endfacet
  facet normal 0 0 -1
    outer loop
      vertex -19.6454 7.85938 0
      vertex -34.7733 9.31748 0
      vertex -19.65 8 0
    endloop
  endfacet
  facet normal 0 0 -1
    outer loop
      vertex -33.2597 -13.7766 0
      vertex -22.038 -20.1242 0
      vertex -22.1553 -20.1357 0
    endloop
  endfacet
  facet normal 0 0 -1
    outer loop
      vertex -19.65 8 0
      vertex -21.6854 20.1357 0
      vertex -21.5691 20.1549 0
    endloop
  endfacet
  facet normal 0 0 -1
    outer loop
      vertex -33.2597 -13.7766 0
      vertex -22.1553 -20.1357 0
      vertex -22.2715 -20.1549 0
    endloop
  endfacet
  facet normal 0 -0 -1
    outer loop
      vertex -34.0895 11.5718 0
      vertex -19.65 8 0
      vertex -34.7733 9.31748 0
    endloop
  endfacet
  facet normal 0 0 -1
    outer loop
      vertex -32.2874 -15.9224 0
      vertex -22.2715 -20.1549 0
      vertex -22.3862 -20.1816 0
    endloop
  endfacet
  facet normal 0 0 -1
    outer loop
      vertex -19.65 8 0
      vertex -21.8026 20.1242 0
      vertex -21.6854 20.1357 0
    endloop
  endfacet
  facet normal 0 0 -1
    outer loop
      vertex -32.2874 -15.9224 0
      vertex -22.3862 -20.1816 0
      vertex -22.4989 -20.2158 0
    endloop
  endfacet
  facet normal 0 0 -1
    outer loop
      vertex -19.65 8 0
      vertex -21.9203 20.1203 0
      vertex -21.8026 20.1242 0
    endloop
  endfacet
  facet normal 0 0 -1
    outer loop
      vertex -32.2874 -15.9224 0
      vertex -22.4989 -20.2158 0
      vertex -22.6091 -20.2573 0
    endloop
  endfacet
  facet normal 0 -0 -1
    outer loop
      vertex -33.2597 13.7766 0
      vertex -19.65 8 0
      vertex -34.0895 11.5718 0
    endloop
  endfacet
  facet normal 0 0 -1
    outer loop
      vertex -31.1769 -18 0
      vertex -22.6091 -20.2573 0
      vertex -22.7164 -20.3059 0
    endloop
  endfacet
  facet normal 0 0 -1
    outer loop
      vertex -19.65 8 0
      vertex -22.038 20.1242 0
      vertex -21.9203 20.1203 0
    endloop
  endfacet
  facet normal 0 0 -1
    outer loop
      vertex -31.1769 -18 0
      vertex -22.7164 -20.3059 0
      vertex -22.8203 -20.3615 0
    endloop
  endfacet
  facet normal 0 -0 -1
    outer loop
      vertex -32.2874 15.9224 0
      vertex -19.65 8 0
      vertex -33.2597 13.7766 0
    endloop
  endfacet
  facet normal 0 0 -1
    outer loop
      vertex -31.1769 -18 0
      vertex -22.8203 -20.3615 0
      vertex -22.9203 -20.4237 0
    endloop
  endfacet
  facet normal 0 0 -1
    outer loop
      vertex -19.65 8 0
      vertex -22.1553 20.1357 0
      vertex -22.038 20.1242 0
    endloop
  endfacet
  facet normal 0 0 -1
    outer loop
      vertex -31.1769 -18 0
      vertex -22.9203 -20.4237 0
      vertex -23.0161 -20.4923 0
    endloop
  endfacet
  facet normal 0 0 -1
    outer loop
      vertex -19.65 8 0
      vertex -22.2715 20.1549 0
      vertex -22.1553 20.1357 0
    endloop
  endfacet
  facet normal 0 0 -1
    outer loop
      vertex -29.9329 -20.0005 0
      vertex -23.0161 -20.4923 0
      vertex -23.1071 -20.567 0
    endloop
  endfacet
  facet normal 0 -0 -1
    outer loop
      vertex -22.4989 20.2158 0
      vertex -19.65 8 0
      vertex -32.2874 15.9224 0
    endloop
  endfacet
  facet normal 0 0 -1
    outer loop
      vertex -29.9329 -20.0005 0
      vertex -23.1071 -20.567 0
      vertex -23.1931 -20.6475 0
    endloop
  endfacet
  facet normal 0 0 -1
    outer loop
      vertex -19.65 8 0
      vertex -22.3862 20.1816 0
      vertex -22.2715 20.1549 0
    endloop
  endfacet
  facet normal 0 0 -1
    outer loop
      vertex -29.9329 -20.0005 0
      vertex -23.1931 -20.6475 0
      vertex -23.2736 -20.7335 0
    endloop
  endfacet
  facet normal 0 0 -1
    outer loop
      vertex -19.65 8 0
      vertex -22.4989 20.2158 0
      vertex -22.3862 20.1816 0
    endloop
  endfacet
  facet normal 0 0 -1
    outer loop
      vertex -29.9329 -20.0005 0
      vertex -23.2736 -20.7335 0
      vertex -23.3483 -20.8245 0
    endloop
  endfacet
  facet normal -0 0 -1
    outer loop
      vertex -22.4989 20.2158 0
      vertex -32.2874 15.9224 0
      vertex -22.6091 20.2573 0
    endloop
  endfacet
  facet normal 0 0 -1
    outer loop
      vertex -29.9329 -20.0005 0
      vertex -23.3483 -20.8245 0
      vertex -23.417 -20.9203 0
    endloop
  endfacet
  facet normal 0 -0 -1
    outer loop
      vertex -31.1769 18 0
      vertex -22.6091 20.2573 0
      vertex -32.2874 15.9224 0
    endloop
  endfacet
  facet normal 0 0 -1
    outer loop
      vertex -28.5607 -21.9154 0
      vertex -23.417 -20.9203 0
      vertex -23.4792 -21.0203 0
    endloop
  endfacet
  facet normal -0 0 -1
    outer loop
      vertex -22.6091 20.2573 0
      vertex -31.1769 18 0
      vertex -22.7164 20.3059 0
    endloop
  endfacet
  facet normal 0 0 -1
    outer loop
      vertex -28.5607 -21.9154 0
      vertex -23.4792 -21.0203 0
      vertex -23.5347 -21.1242 0
    endloop
  endfacet
  facet normal -0 0 -1
    outer loop
      vertex -22.7164 20.3059 0
      vertex -31.1769 18 0
      vertex -22.8203 20.3615 0
    endloop
  endfacet
  facet normal 0 0 -1
    outer loop
      vertex -28.5607 -21.9154 0
      vertex -23.5347 -21.1242 0
      vertex -23.5833 -21.2315 0
    endloop
  endfacet
  facet normal -0 0 -1
    outer loop
      vertex -22.8203 20.3615 0
      vertex -31.1769 18 0
      vertex -22.9203 20.4237 0
    endloop
  endfacet
  facet normal 0 0 -1
    outer loop
      vertex -28.5607 -21.9154 0
      vertex -23.5833 -21.2315 0
      vertex -23.6248 -21.3417 0
    endloop
  endfacet
  facet normal -0 0 -1
    outer loop
      vertex -22.9203 20.4237 0
      vertex -31.1769 18 0
      vertex -23.0161 20.4923 0
    endloop
  endfacet
  facet normal 0 0 -1
    outer loop
      vertex -28.5607 -21.9154 0
      vertex -23.6248 -21.3417 0
      vertex -23.659 -21.4544 0
    endloop
  endfacet
  facet normal 0 -0 -1
    outer loop
      vertex -29.9329 20.0005 0
      vertex -23.0161 20.4923 0
      vertex -31.1769 18 0
    endloop
  endfacet
  facet normal 0 0 -1
    outer loop
      vertex -28.5607 -21.9154 0
      vertex -23.659 -21.4544 0
      vertex -23.6857 -21.5691 0
    endloop
  endfacet
  facet normal -0 0 -1
    outer loop
      vertex -23.0161 20.4923 0
      vertex -29.9329 20.0005 0
      vertex -23.1071 20.567 0
    endloop
  endfacet
  facet normal 0 0 -1
    outer loop
      vertex -28.5607 -21.9154 0
      vertex -23.6857 -21.5691 0
      vertex -23.7049 -21.6854 0
    endloop
  endfacet
  facet normal -0 0 -1
    outer loop
      vertex -23.1071 20.567 0
      vertex -29.9329 20.0005 0
      vertex -23.1931 20.6475 0
    endloop
  endfacet
  facet normal 0 0 -1
    outer loop
      vertex -27.0662 -23.7365 0
      vertex -23.7049 -21.6854 0
      vertex -23.7165 -21.8026 0
    endloop
  endfacet
  facet normal -0 0 -1
    outer loop
      vertex -23.1931 20.6475 0
      vertex -29.9329 20.0005 0
      vertex -23.2736 20.7335 0
    endloop
  endfacet
  facet normal 0 0 -1
    outer loop
      vertex -27.0662 -23.7365 0
      vertex -23.7165 -21.8026 0
      vertex -23.7203 -21.9203 0
    endloop
  endfacet
  facet normal -0 0 -1
    outer loop
      vertex -23.2736 20.7335 0
      vertex -29.9329 20.0005 0
      vertex -23.3483 20.8245 0
    endloop
  endfacet
  facet normal 0 0 -1
    outer loop
      vertex -20.1549 22.2715 0
      vertex -13.7766 33.2597 0
      vertex -20.1357 22.1553 0
    endloop
  endfacet
  facet normal 0 0 -1
    outer loop
      vertex -13.7766 33.2597 0
      vertex -20.1549 22.2715 0
      vertex -15.9224 32.2874 0
    endloop
  endfacet
  facet normal 0 0 -1
    outer loop
      vertex -20.1816 22.3862 0
      vertex -15.9224 32.2874 0
      vertex -20.1549 22.2715 0
    endloop
  endfacet
  facet normal 0 0 -1
    outer loop
      vertex -20.2158 22.4989 0
      vertex -15.9224 32.2874 0
      vertex -20.1816 22.3862 0
    endloop
  endfacet
  facet normal 0 0 -1
    outer loop
      vertex -20.2573 22.6091 0
      vertex -15.9224 32.2874 0
      vertex -20.2158 22.4989 0
    endloop
  endfacet
  facet normal 0 0 -1
    outer loop
      vertex -15.9224 32.2874 0
      vertex -20.2573 22.6091 0
      vertex -18 31.1769 0
    endloop
  endfacet
  facet normal 0 0 -1
    outer loop
      vertex -20.3059 22.7164 0
      vertex -18 31.1769 0
      vertex -20.2573 22.6091 0
    endloop
  endfacet
  facet normal 0 0 -1
    outer loop
      vertex -20.3615 22.8203 0
      vertex -18 31.1769 0
      vertex -20.3059 22.7164 0
    endloop
  endfacet
  facet normal 0 0 -1
    outer loop
      vertex -20.4237 22.9203 0
      vertex -18 31.1769 0
      vertex -20.3615 22.8203 0
    endloop
  endfacet
  facet normal 0 0 -1
    outer loop
      vertex -20.4923 23.0161 0
      vertex -18 31.1769 0
      vertex -20.4237 22.9203 0
    endloop
  endfacet
  facet normal 0 0 -1
    outer loop
      vertex -18 31.1769 0
      vertex -20.4923 23.0161 0
      vertex -20.0005 29.9329 0
    endloop
  endfacet
  facet normal 0 0 -1
    outer loop
      vertex -20.567 23.1071 0
      vertex -20.0005 29.9329 0
      vertex -20.4923 23.0161 0
    endloop
  endfacet
  facet normal 0 0 -1
    outer loop
      vertex -20.6475 23.1931 0
      vertex -20.0005 29.9329 0
      vertex -20.567 23.1071 0
    endloop
  endfacet
  facet normal 0 0 -1
    outer loop
      vertex -20.7335 23.2736 0
      vertex -20.0005 29.9329 0
      vertex -20.6475 23.1931 0
    endloop
  endfacet
  facet normal 0 0 -1
    outer loop
      vertex -20.8245 23.3483 0
      vertex -20.0005 29.9329 0
      vertex -20.7335 23.2736 0
    endloop
  endfacet
  facet normal 0 0 -1
    outer loop
      vertex -20.9203 23.417 0
      vertex -20.0005 29.9329 0
      vertex -20.8245 23.3483 0
    endloop
  endfacet
  facet normal 0 0 -1
    outer loop
      vertex -21.9154 28.5607 0
      vertex -20.9203 23.417 0
      vertex -21.0203 23.4792 0
    endloop
  endfacet
  facet normal 0 0 -1
    outer loop
      vertex -21.9154 28.5607 0
      vertex -21.0203 23.4792 0
      vertex -21.1242 23.5347 0
    endloop
  endfacet
  facet normal 0 0 -1
    outer loop
      vertex -21.9154 28.5607 0
      vertex -21.1242 23.5347 0
      vertex -21.2315 23.5833 0
    endloop
  endfacet
  facet normal 0 0 -1
    outer loop
      vertex -21.9154 28.5607 0
      vertex -21.2315 23.5833 0
      vertex -21.3417 23.6248 0
    endloop
  endfacet
  facet normal 0 0 -1
    outer loop
      vertex -21.9154 28.5607 0
      vertex -21.3417 23.6248 0
      vertex -21.4544 23.659 0
    endloop
  endfacet
  facet normal 0 0 -1
    outer loop
      vertex -21.9154 28.5607 0
      vertex -21.4544 23.659 0
      vertex -21.5691 23.6857 0
    endloop
  endfacet
  facet normal 0 0 -1
    outer loop
      vertex -21.9154 28.5607 0
      vertex -21.5691 23.6857 0
      vertex -21.6854 23.7049 0
    endloop
  endfacet
  facet normal 0 0 -1
    outer loop
      vertex -23.7365 27.0662 0
      vertex -21.6854 23.7049 0
      vertex -21.8026 23.7165 0
    endloop
  endfacet
  facet normal 0 0 -1
    outer loop
      vertex -20.9203 23.417 0
      vertex -21.9154 28.5607 0
      vertex -20.0005 29.9329 0
    endloop
  endfacet
  facet normal 0 0 -1
    outer loop
      vertex -23.7365 27.0662 0
      vertex -21.8026 23.7165 0
      vertex -21.9203 23.7203 0
    endloop
  endfacet
  facet normal 0 0 -1
    outer loop
      vertex -23.7365 27.0662 0
      vertex -21.9203 23.7203 0
      vertex -22.038 23.7165 0
    endloop
  endfacet
  facet normal 0 0 -1
    outer loop
      vertex -23.7365 27.0662 0
      vertex -22.038 23.7165 0
      vertex -22.1553 23.7049 0
    endloop
  endfacet
  facet normal 0 0 -1
    outer loop
      vertex -23.7365 27.0662 0
      vertex -22.1553 23.7049 0
      vertex -22.2715 23.6857 0
    endloop
  endfacet
  facet normal 0 0 -1
    outer loop
      vertex -23.7365 27.0662 0
      vertex -22.2715 23.6857 0
      vertex -22.3862 23.659 0
    endloop
  endfacet
  facet normal 0 0 -1
    outer loop
      vertex -23.7365 27.0662 0
      vertex -22.3862 23.659 0
      vertex -22.4989 23.6248 0
    endloop
  endfacet
  facet normal 0 0 -1
    outer loop
      vertex -23.7365 27.0662 0
      vertex -22.4989 23.6248 0
      vertex -22.6091 23.5833 0
    endloop
  endfacet
  facet normal 0 0 -1
    outer loop
      vertex -23.7365 27.0662 0
      vertex -22.6091 23.5833 0
      vertex -22.7164 23.5347 0
    endloop
  endfacet
  facet normal 0 0 -1
    outer loop
      vertex -25.4558 25.4558 0
      vertex -22.7164 23.5347 0
      vertex -22.8203 23.4792 0
    endloop
  endfacet
  facet normal 0 0 -1
    outer loop
      vertex -25.4558 25.4558 0
      vertex -22.8203 23.4792 0
      vertex -22.9203 23.417 0
    endloop
  endfacet
  facet normal 0 0 -1
    outer loop
      vertex -25.4558 25.4558 0
      vertex -22.9203 23.417 0
      vertex -23.0161 23.3483 0
    endloop
  endfacet
  facet normal 0 0 -1
    outer loop
      vertex -25.4558 25.4558 0
      vertex -23.0161 23.3483 0
      vertex -23.1071 23.2736 0
    endloop
  endfacet
  facet normal 0 0 -1
    outer loop
      vertex -25.4558 25.4558 0
      vertex -23.1071 23.2736 0
      vertex -23.1931 23.1931 0
    endloop
  endfacet
  facet normal 0 0 -1
    outer loop
      vertex -25.4558 25.4558 0
      vertex -23.1931 23.1931 0
      vertex -23.2736 23.1071 0
    endloop
  endfacet
  facet normal 0 0 -1
    outer loop
      vertex -25.4558 25.4558 0
      vertex -23.2736 23.1071 0
      vertex -23.3483 23.0161 0
    endloop
  endfacet
  facet normal 0 0 -1
    outer loop
      vertex -25.4558 25.4558 0
      vertex -23.3483 23.0161 0
      vertex -23.417 22.9203 0
    endloop
  endfacet
  facet normal 0 0 -1
    outer loop
      vertex -25.4558 25.4558 0
      vertex -23.417 22.9203 0
      vertex -23.4792 22.8203 0
    endloop
  endfacet
  facet normal 0 0 -1
    outer loop
      vertex -25.4558 25.4558 0
      vertex -23.4792 22.8203 0
      vertex -23.5347 22.7164 0
    endloop
  endfacet
  facet normal 0 0 -1
    outer loop
      vertex -27.0662 23.7365 0
      vertex -23.5347 22.7164 0
      vertex -23.5833 22.6091 0
    endloop
  endfacet
  facet normal 0 0 -1
    outer loop
      vertex -27.0662 23.7365 0
      vertex -23.5833 22.6091 0
      vertex -23.6248 22.4989 0
    endloop
  endfacet
  facet normal 0 0 -1
    outer loop
      vertex -27.0662 23.7365 0
      vertex -23.6248 22.4989 0
      vertex -23.659 22.3862 0
    endloop
  endfacet
  facet normal 0 0 -1
    outer loop
      vertex -21.6854 23.7049 0
      vertex -23.7365 27.0662 0
      vertex -21.9154 28.5607 0
    endloop
  endfacet
  facet normal 0 0 -1
    outer loop
      vertex -27.0662 23.7365 0
      vertex -23.659 22.3862 0
      vertex -23.6857 22.2715 0
    endloop
  endfacet
  facet normal 0 0 -1
    outer loop
      vertex -27.0662 23.7365 0
      vertex -23.6857 22.2715 0
      vertex -23.7049 22.1553 0
    endloop
  endfacet
  facet normal 0 0 -1
    outer loop
      vertex -27.0662 23.7365 0
      vertex -23.7049 22.1553 0
      vertex -23.7165 22.038 0
    endloop
  endfacet
  facet normal 0 0 -1
    outer loop
      vertex -27.0662 23.7365 0
      vertex -23.7165 22.038 0
      vertex -23.7203 21.9203 0
    endloop
  endfacet
  facet normal -0 0 -1
    outer loop
      vertex -23.7165 -22.038 0
      vertex -27.0662 -23.7365 0
      vertex -23.7203 -21.9203 0
    endloop
  endfacet
  facet normal 0 0 -1
    outer loop
      vertex -23.7049 -21.6854 0
      vertex -27.0662 -23.7365 0
      vertex -28.5607 -21.9154 0
    endloop
  endfacet
  facet normal 0 0 -1
    outer loop
      vertex -22.7164 23.5347 0
      vertex -25.4558 25.4558 0
      vertex -23.7365 27.0662 0
    endloop
  endfacet
  facet normal -0 0 -1
    outer loop
      vertex -23.417 -20.9203 0
      vertex -28.5607 -21.9154 0
      vertex -29.9329 -20.0005 0
    endloop
  endfacet
  facet normal 0 0 -1
    outer loop
      vertex -23.5347 22.7164 0
      vertex -27.0662 23.7365 0
      vertex -25.4558 25.4558 0
    endloop
  endfacet
  facet normal 0 0 -1
    outer loop
      vertex -23.0161 -20.4923 0
      vertex -29.9329 -20.0005 0
      vertex -31.1769 -18 0
    endloop
  endfacet
  facet normal 0 0 -1
    outer loop
      vertex -23.7165 21.8026 0
      vertex -27.0662 23.7365 0
      vertex -23.7203 21.9203 0
    endloop
  endfacet
  facet normal 0 0 -1
    outer loop
      vertex -22.6091 -20.2573 0
      vertex -31.1769 -18 0
      vertex -32.2874 -15.9224 0
    endloop
  endfacet
  facet normal 0 0 -1
    outer loop
      vertex -23.7049 21.6854 0
      vertex -27.0662 23.7365 0
      vertex -23.7165 21.8026 0
    endloop
  endfacet
  facet normal 0 0 -1
    outer loop
      vertex -22.2715 -20.1549 0
      vertex -32.2874 -15.9224 0
      vertex -33.2597 -13.7766 0
    endloop
  endfacet
  facet normal 0 -0 -1
    outer loop
      vertex -27.0662 23.7365 0
      vertex -23.7049 21.6854 0
      vertex -28.5607 21.9154 0
    endloop
  endfacet
  facet normal 0 0 -1
    outer loop
      vertex -22.038 -20.1242 0
      vertex -33.2597 -13.7766 0
      vertex -34.0895 -11.5718 0
    endloop
  endfacet
  facet normal 0 0 -1
    outer loop
      vertex -23.6857 21.5691 0
      vertex -28.5607 21.9154 0
      vertex -23.7049 21.6854 0
    endloop
  endfacet
  facet normal -0 0 -1
    outer loop
      vertex -18.6945 6.21234 0
      vertex -35.692 -4.69894 0
      vertex -18.8088 6.29429 0
    endloop
  endfacet
  facet normal 0 0 -1
    outer loop
      vertex -23.659 21.4544 0
      vertex -28.5607 21.9154 0
      vertex -23.6857 21.5691 0
    endloop
  endfacet
  facet normal -0 0 -1
    outer loop
      vertex -19.4863 7.17723 0
      vertex -35.692 4.69894 0
      vertex -19.5359 7.3089 0
    endloop
  endfacet
  facet normal 0 0 -1
    outer loop
      vertex -23.6248 21.3417 0
      vertex -28.5607 21.9154 0
      vertex -23.659 21.4544 0
    endloop
  endfacet
  facet normal 0 -0 -1
    outer loop
      vertex -35.3083 7.02325 0
      vertex -19.5359 7.3089 0
      vertex -35.692 4.69894 0
    endloop
  endfacet
  facet normal 0 0 -1
    outer loop
      vertex -23.5833 21.2315 0
      vertex -28.5607 21.9154 0
      vertex -23.6248 21.3417 0
    endloop
  endfacet
  facet normal -0 0 -1
    outer loop
      vertex -19.5359 7.3089 0
      vertex -35.3083 7.02325 0
      vertex -19.5767 7.44354 0
    endloop
  endfacet
  facet normal 0 0 -1
    outer loop
      vertex -23.5347 21.1242 0
      vertex -28.5607 21.9154 0
      vertex -23.5833 21.2315 0
    endloop
  endfacet
  facet normal -0 0 -1
    outer loop
      vertex -19.5767 7.44354 0
      vertex -35.3083 7.02325 0
      vertex -19.6087 7.58055 0
    endloop
  endfacet
  facet normal 0 0 -1
    outer loop
      vertex -23.4792 21.0203 0
      vertex -28.5607 21.9154 0
      vertex -23.5347 21.1242 0
    endloop
  endfacet
  facet normal -0 0 -1
    outer loop
      vertex -23.3483 20.8245 0
      vertex -29.9329 20.0005 0
      vertex -23.417 20.9203 0
    endloop
  endfacet
  facet normal 0 0 -1
    outer loop
      vertex -23.417 20.9203 0
      vertex -28.5607 21.9154 0
      vertex -23.4792 21.0203 0
    endloop
  endfacet
  facet normal 0 -0 -1
    outer loop
      vertex -28.5607 21.9154 0
      vertex -23.417 20.9203 0
      vertex -29.9329 20.0005 0
    endloop
  endfacet
  facet normal 0 0 -1
    outer loop
      vertex -2.75 4.76314 0
      vertex -15.5717 8.95092 0
      vertex -2.43259 4.9328 0
    endloop
  endfacet
  facet normal 0 0 -1
    outer loop
      vertex -15.638 9.075 0
      vertex -2.43259 4.9328 0
      vertex -15.5717 8.95092 0
    endloop
  endfacet
  facet normal 0 0 -1
    outer loop
      vertex -2.43259 4.9328 0
      vertex -15.638 9.075 0
      vertex -2.10476 5.08134 0
    endloop
  endfacet
  facet normal 0 0 -1
    outer loop
      vertex -15.7123 9.19448 0
      vertex -2.10476 5.08134 0
      vertex -15.638 9.075 0
    endloop
  endfacet
  facet normal 0 0 -1
    outer loop
      vertex -15.7943 9.30884 0
      vertex -2.10476 5.08134 0
      vertex -15.7123 9.19448 0
    endloop
  endfacet
  facet normal 0 0 -1
    outer loop
      vertex -2.10476 5.08134 0
      vertex -15.7943 9.30884 0
      vertex -1.76792 5.20812 0
    endloop
  endfacet
  facet normal 0 0 -1
    outer loop
      vertex -15.8835 9.41759 0
      vertex -1.76792 5.20812 0
      vertex -15.7943 9.30884 0
    endloop
  endfacet
  facet normal 0 0 -1
    outer loop
      vertex -1.76792 5.20812 0
      vertex -15.8835 9.41759 0
      vertex -1.4235 5.31259 0
    endloop
  endfacet
  facet normal 0 0 -1
    outer loop
      vertex -15.9797 9.52028 0
      vertex -1.4235 5.31259 0
      vertex -15.8835 9.41759 0
    endloop
  endfacet
  facet normal 0 0 -1
    outer loop
      vertex -1.4235 5.31259 0
      vertex -15.9797 9.52028 0
      vertex -9.31748 34.7733 0
    endloop
  endfacet
  facet normal 0 0 -1
    outer loop
      vertex -20.1203 21.9203 0
      vertex -15.9797 9.52028 0
      vertex -16.0824 9.61646 0
    endloop
  endfacet
  facet normal 0 0 -1
    outer loop
      vertex -15.9797 9.52028 0
      vertex -20.1203 21.9203 0
      vertex -9.31748 34.7733 0
    endloop
  endfacet
  facet normal 0 0 -1
    outer loop
      vertex -20.1203 21.9203 0
      vertex -16.0824 9.61646 0
      vertex -16.1912 9.70571 0
    endloop
  endfacet
  facet normal 0 0 -1
    outer loop
      vertex -9.31748 34.7733 0
      vertex -20.1203 21.9203 0
      vertex -11.5718 34.0895 0
    endloop
  endfacet
  facet normal 0 0 -1
    outer loop
      vertex -20.1203 21.9203 0
      vertex -16.1912 9.70571 0
      vertex -16.3055 9.78766 0
    endloop
  endfacet
  facet normal 0 0 -1
    outer loop
      vertex -20.1242 22.038 0
      vertex -11.5718 34.0895 0
      vertex -20.1203 21.9203 0
    endloop
  endfacet
  facet normal 0 0 -1
    outer loop
      vertex -20.1203 21.9203 0
      vertex -16.3055 9.78766 0
      vertex -16.425 9.86195 0
    endloop
  endfacet
  facet normal 0 0 -1
    outer loop
      vertex -20.1203 21.9203 0
      vertex -16.425 9.86195 0
      vertex -16.5491 9.92828 0
    endloop
  endfacet
  facet normal 0 0 -1
    outer loop
      vertex -20.1203 21.9203 0
      vertex -16.5491 9.92828 0
      vertex -16.6772 9.98634 0
    endloop
  endfacet
  facet normal 0 0 -1
    outer loop
      vertex -20.1203 21.9203 0
      vertex -16.6772 9.98634 0
      vertex -16.8089 10.0359 0
    endloop
  endfacet
  facet normal 0 0 -1
    outer loop
      vertex -20.1203 21.9203 0
      vertex -16.8089 10.0359 0
      vertex -16.9435 10.0767 0
    endloop
  endfacet
  facet normal 0 0 -1
    outer loop
      vertex -20.1203 21.9203 0
      vertex -16.9435 10.0767 0
      vertex -17.0806 10.1087 0
    endloop
  endfacet
  facet normal 0 0 -1
    outer loop
      vertex -20.1203 21.9203 0
      vertex -17.0806 10.1087 0
      vertex -17.2194 10.1316 0
    endloop
  endfacet
  facet normal 0 0 -1
    outer loop
      vertex -20.1203 21.9203 0
      vertex -17.2194 10.1316 0
      vertex -17.3594 10.1454 0
    endloop
  endfacet
  facet normal 0 0 -1
    outer loop
      vertex -20.1203 21.9203 0
      vertex -17.3594 10.1454 0
      vertex -17.5 10.15 0
    endloop
  endfacet
  facet normal 0 0 -1
    outer loop
      vertex -20.1203 21.9203 0
      vertex -17.5 10.15 0
      vertex -17.6406 10.1454 0
    endloop
  endfacet
  facet normal 0 0 -1
    outer loop
      vertex -20.1203 21.9203 0
      vertex -17.6406 10.1454 0
      vertex -17.7806 10.1316 0
    endloop
  endfacet
  facet normal 0 0 -1
    outer loop
      vertex -20.1203 21.9203 0
      vertex -17.7806 10.1316 0
      vertex -17.9194 10.1087 0
    endloop
  endfacet
  facet normal 0 0 -1
    outer loop
      vertex -11.5718 34.0895 0
      vertex -20.1242 22.038 0
      vertex -13.7766 33.2597 0
    endloop
  endfacet
  facet normal 0 0 -1
    outer loop
      vertex -20.1203 21.9203 0
      vertex -17.9194 10.1087 0
      vertex -18.0565 10.0767 0
    endloop
  endfacet
  facet normal 0 0 -1
    outer loop
      vertex -20.1203 21.9203 0
      vertex -18.0565 10.0767 0
      vertex -18.1911 10.0359 0
    endloop
  endfacet
  facet normal 0 0 -1
    outer loop
      vertex -20.1203 21.9203 0
      vertex -18.1911 10.0359 0
      vertex -18.3228 9.98634 0
    endloop
  endfacet
  facet normal 0 0 -1
    outer loop
      vertex -20.1203 21.9203 0
      vertex -18.3228 9.98634 0
      vertex -18.4509 9.92828 0
    endloop
  endfacet
  facet normal 0 0 -1
    outer loop
      vertex -20.1203 21.9203 0
      vertex -18.4509 9.92828 0
      vertex -18.575 9.86195 0
    endloop
  endfacet
  facet normal 0 0 -1
    outer loop
      vertex -20.1203 21.9203 0
      vertex -18.575 9.86195 0
      vertex -18.6945 9.78766 0
    endloop
  endfacet
  facet normal 0 0 -1
    outer loop
      vertex -20.1203 21.9203 0
      vertex -18.6945 9.78766 0
      vertex -18.8088 9.70571 0
    endloop
  endfacet
  facet normal 0 0 -1
    outer loop
      vertex -20.1203 21.9203 0
      vertex -18.8088 9.70571 0
      vertex -18.9176 9.61646 0
    endloop
  endfacet
  facet normal 0 0 -1
    outer loop
      vertex -20.1203 21.9203 0
      vertex -18.9176 9.61646 0
      vertex -19.0203 9.52028 0
    endloop
  endfacet
  facet normal 0 0 -1
    outer loop
      vertex -20.1203 21.9203 0
      vertex -19.0203 9.52028 0
      vertex -19.1165 9.41759 0
    endloop
  endfacet
  facet normal 0 0 -1
    outer loop
      vertex -20.1203 21.9203 0
      vertex -19.1165 9.41759 0
      vertex -19.2057 9.30884 0
    endloop
  endfacet
  facet normal 0 0 -1
    outer loop
      vertex -20.1203 21.9203 0
      vertex -19.2057 9.30884 0
      vertex -19.2877 9.19448 0
    endloop
  endfacet
  facet normal 0 0 -1
    outer loop
      vertex -20.1203 21.9203 0
      vertex -19.2877 9.19448 0
      vertex -19.362 9.075 0
    endloop
  endfacet
  facet normal 0 0 -1
    outer loop
      vertex -20.1203 21.9203 0
      vertex -19.362 9.075 0
      vertex -19.4283 8.95092 0
    endloop
  endfacet
  facet normal 0 0 -1
    outer loop
      vertex -20.1203 21.9203 0
      vertex -19.4283 8.95092 0
      vertex -19.4863 8.82277 0
    endloop
  endfacet
  facet normal 0 0 -1
    outer loop
      vertex -20.1203 21.9203 0
      vertex -19.4863 8.82277 0
      vertex -19.5359 8.69109 0
    endloop
  endfacet
  facet normal 0 0 -1
    outer loop
      vertex -20.1203 21.9203 0
      vertex -19.5359 8.69109 0
      vertex -19.5767 8.55646 0
    endloop
  endfacet
  facet normal 0 0 -1
    outer loop
      vertex -20.1203 21.9203 0
      vertex -19.5767 8.55646 0
      vertex -19.6087 8.41944 0
    endloop
  endfacet
  facet normal 0 0 -1
    outer loop
      vertex -20.1203 21.9203 0
      vertex -19.6087 8.41944 0
      vertex -19.6316 8.28063 0
    endloop
  endfacet
  facet normal 0 0 -1
    outer loop
      vertex -20.1203 21.9203 0
      vertex -19.6316 8.28063 0
      vertex -19.6454 8.14062 0
    endloop
  endfacet
  facet normal 0 0 -1
    outer loop
      vertex -20.1357 22.1553 0
      vertex -13.7766 33.2597 0
      vertex -20.1242 22.038 0
    endloop
  endfacet
  facet normal 0 0 -1
    outer loop
      vertex -20.1203 21.9203 0
      vertex -19.6454 8.14062 0
      vertex -19.65 8 0
    endloop
  endfacet
  facet normal 0 0 -1
    outer loop
      vertex -21.6854 -20.1357 0
      vertex -17.7806 5.86839 0
      vertex -21.5691 -20.1549 0
    endloop
  endfacet
  facet normal -0 0 -1
    outer loop
      vertex -17.7806 5.86839 0
      vertex -21.6854 -20.1357 0
      vertex -17.9194 5.89131 0
    endloop
  endfacet
  facet normal 0 0 -1
    outer loop
      vertex -20.0005 -29.9329 0
      vertex -20.1242 -22.038 0
      vertex -20.1203 -21.9203 0
    endloop
  endfacet
  facet normal 0 0 -1
    outer loop
      vertex -20.0005 -29.9329 0
      vertex -20.1357 -22.1553 0
      vertex -20.1242 -22.038 0
    endloop
  endfacet
  facet normal 0 0 -1
    outer loop
      vertex -20.0005 -29.9329 0
      vertex -20.1549 -22.2715 0
      vertex -20.1357 -22.1553 0
    endloop
  endfacet
  facet normal 0 0 -1
    outer loop
      vertex -20.0005 -29.9329 0
      vertex -20.1816 -22.3862 0
      vertex -20.1549 -22.2715 0
    endloop
  endfacet
  facet normal 0 0 -1
    outer loop
      vertex -20.0005 -29.9329 0
      vertex -20.2158 -22.4989 0
      vertex -20.1816 -22.3862 0
    endloop
  endfacet
  facet normal 0 0 -1
    outer loop
      vertex -20.0005 -29.9329 0
      vertex -20.2573 -22.6091 0
      vertex -20.2158 -22.4989 0
    endloop
  endfacet
  facet normal 0 0 -1
    outer loop
      vertex -20.0005 -29.9329 0
      vertex -20.3059 -22.7164 0
      vertex -20.2573 -22.6091 0
    endloop
  endfacet
  facet normal 0 0 -1
    outer loop
      vertex -20.0005 -29.9329 0
      vertex -20.3615 -22.8203 0
      vertex -20.3059 -22.7164 0
    endloop
  endfacet
  facet normal 0 0 -1
    outer loop
      vertex -20.0005 -29.9329 0
      vertex -20.4237 -22.9203 0
      vertex -20.3615 -22.8203 0
    endloop
  endfacet
  facet normal 0 0 -1
    outer loop
      vertex -20.0005 -29.9329 0
      vertex -20.4923 -23.0161 0
      vertex -20.4237 -22.9203 0
    endloop
  endfacet
  facet normal 0 0 -1
    outer loop
      vertex -20.0005 -29.9329 0
      vertex -20.567 -23.1071 0
      vertex -20.4923 -23.0161 0
    endloop
  endfacet
  facet normal 0 0 -1
    outer loop
      vertex -20.0005 -29.9329 0
      vertex -20.6475 -23.1931 0
      vertex -20.567 -23.1071 0
    endloop
  endfacet
  facet normal 0 0 -1
    outer loop
      vertex -20.0005 -29.9329 0
      vertex -20.7335 -23.2736 0
      vertex -20.6475 -23.1931 0
    endloop
  endfacet
  facet normal 0 0 -1
    outer loop
      vertex -20.0005 -29.9329 0
      vertex -20.8245 -23.3483 0
      vertex -20.7335 -23.2736 0
    endloop
  endfacet
  facet normal 0 0 -1
    outer loop
      vertex -20.0005 -29.9329 0
      vertex -20.9203 -23.417 0
      vertex -20.8245 -23.3483 0
    endloop
  endfacet
  facet normal 0 0 -1
    outer loop
      vertex -21.9154 -28.5607 0
      vertex -20.9203 -23.417 0
      vertex -20.0005 -29.9329 0
    endloop
  endfacet
  facet normal 0 0 -1
    outer loop
      vertex -20.9203 -23.417 0
      vertex -21.9154 -28.5607 0
      vertex -21.0203 -23.4792 0
    endloop
  endfacet
  facet normal 0 0 -1
    outer loop
      vertex -21.0203 -23.4792 0
      vertex -21.9154 -28.5607 0
      vertex -21.1242 -23.5347 0
    endloop
  endfacet
  facet normal 0 0 -1
    outer loop
      vertex -21.1242 -23.5347 0
      vertex -21.9154 -28.5607 0
      vertex -21.2315 -23.5833 0
    endloop
  endfacet
  facet normal 0 0 -1
    outer loop
      vertex -21.2315 -23.5833 0
      vertex -21.9154 -28.5607 0
      vertex -21.3417 -23.6248 0
    endloop
  endfacet
  facet normal 0 0 -1
    outer loop
      vertex -21.3417 -23.6248 0
      vertex -21.9154 -28.5607 0
      vertex -21.4544 -23.659 0
    endloop
  endfacet
  facet normal 0 0 -1
    outer loop
      vertex -21.4544 -23.659 0
      vertex -21.9154 -28.5607 0
      vertex -21.5691 -23.6857 0
    endloop
  endfacet
  facet normal 0 0 -1
    outer loop
      vertex -21.5691 -23.6857 0
      vertex -21.9154 -28.5607 0
      vertex -21.6854 -23.7049 0
    endloop
  endfacet
  facet normal 0 0 -1
    outer loop
      vertex -23.7365 -27.0662 0
      vertex -21.6854 -23.7049 0
      vertex -21.9154 -28.5607 0
    endloop
  endfacet
  facet normal 0 0 -1
    outer loop
      vertex -21.6854 -23.7049 0
      vertex -23.7365 -27.0662 0
      vertex -21.8026 -23.7165 0
    endloop
  endfacet
  facet normal 0 0 -1
    outer loop
      vertex -21.8026 -23.7165 0
      vertex -23.7365 -27.0662 0
      vertex -21.9203 -23.7203 0
    endloop
  endfacet
  facet normal -0 0 -1
    outer loop
      vertex -21.9203 -23.7203 0
      vertex -23.7365 -27.0662 0
      vertex -22.038 -23.7165 0
    endloop
  endfacet
  facet normal -0 0 -1
    outer loop
      vertex -22.038 -23.7165 0
      vertex -23.7365 -27.0662 0
      vertex -22.1553 -23.7049 0
    endloop
  endfacet
  facet normal -0 0 -1
    outer loop
      vertex -22.1553 -23.7049 0
      vertex -23.7365 -27.0662 0
      vertex -22.2715 -23.6857 0
    endloop
  endfacet
  facet normal -0 0 -1
    outer loop
      vertex -22.2715 -23.6857 0
      vertex -23.7365 -27.0662 0
      vertex -22.3862 -23.659 0
    endloop
  endfacet
  facet normal -0 0 -1
    outer loop
      vertex -22.3862 -23.659 0
      vertex -23.7365 -27.0662 0
      vertex -22.4989 -23.6248 0
    endloop
  endfacet
  facet normal -0 0 -1
    outer loop
      vertex -22.4989 -23.6248 0
      vertex -23.7365 -27.0662 0
      vertex -22.6091 -23.5833 0
    endloop
  endfacet
  facet normal -0 0 -1
    outer loop
      vertex -22.6091 -23.5833 0
      vertex -23.7365 -27.0662 0
      vertex -22.7164 -23.5347 0
    endloop
  endfacet
  facet normal 0 0 -1
    outer loop
      vertex -25.4558 -25.4558 0
      vertex -22.7164 -23.5347 0
      vertex -23.7365 -27.0662 0
    endloop
  endfacet
  facet normal -0 0 -1
    outer loop
      vertex -22.7164 -23.5347 0
      vertex -25.4558 -25.4558 0
      vertex -22.8203 -23.4792 0
    endloop
  endfacet
  facet normal -0 0 -1
    outer loop
      vertex -22.8203 -23.4792 0
      vertex -25.4558 -25.4558 0
      vertex -22.9203 -23.417 0
    endloop
  endfacet
  facet normal -0 0 -1
    outer loop
      vertex -22.9203 -23.417 0
      vertex -25.4558 -25.4558 0
      vertex -23.0161 -23.3483 0
    endloop
  endfacet
  facet normal -0 0 -1
    outer loop
      vertex -23.0161 -23.3483 0
      vertex -25.4558 -25.4558 0
      vertex -23.1071 -23.2736 0
    endloop
  endfacet
  facet normal -0 0 -1
    outer loop
      vertex -23.1071 -23.2736 0
      vertex -25.4558 -25.4558 0
      vertex -23.1931 -23.1931 0
    endloop
  endfacet
  facet normal -0 0 -1
    outer loop
      vertex -23.1931 -23.1931 0
      vertex -25.4558 -25.4558 0
      vertex -23.2736 -23.1071 0
    endloop
  endfacet
  facet normal -0 0 -1
    outer loop
      vertex -23.2736 -23.1071 0
      vertex -25.4558 -25.4558 0
      vertex -23.3483 -23.0161 0
    endloop
  endfacet
  facet normal -0 0 -1
    outer loop
      vertex -23.3483 -23.0161 0
      vertex -25.4558 -25.4558 0
      vertex -23.417 -22.9203 0
    endloop
  endfacet
  facet normal -0 0 -1
    outer loop
      vertex -23.417 -22.9203 0
      vertex -25.4558 -25.4558 0
      vertex -23.4792 -22.8203 0
    endloop
  endfacet
  facet normal -0 0 -1
    outer loop
      vertex -23.4792 -22.8203 0
      vertex -25.4558 -25.4558 0
      vertex -23.5347 -22.7164 0
    endloop
  endfacet
  facet normal 0 0 -1
    outer loop
      vertex -27.0662 -23.7365 0
      vertex -23.5347 -22.7164 0
      vertex -25.4558 -25.4558 0
    endloop
  endfacet
  facet normal -0 0 -1
    outer loop
      vertex -23.7049 -22.1553 0
      vertex -27.0662 -23.7365 0
      vertex -23.7165 -22.038 0
    endloop
  endfacet
  facet normal -0 0 -1
    outer loop
      vertex -23.6857 -22.2715 0
      vertex -27.0662 -23.7365 0
      vertex -23.7049 -22.1553 0
    endloop
  endfacet
  facet normal -0 0 -1
    outer loop
      vertex -23.659 -22.3862 0
      vertex -27.0662 -23.7365 0
      vertex -23.6857 -22.2715 0
    endloop
  endfacet
  facet normal -0 0 -1
    outer loop
      vertex -23.6248 -22.4989 0
      vertex -27.0662 -23.7365 0
      vertex -23.659 -22.3862 0
    endloop
  endfacet
  facet normal -0 0 -1
    outer loop
      vertex -23.5833 -22.6091 0
      vertex -27.0662 -23.7365 0
      vertex -23.6248 -22.4989 0
    endloop
  endfacet
  facet normal -0 0 -1
    outer loop
      vertex -23.5347 -22.7164 0
      vertex -27.0662 -23.7365 0
      vertex -23.5833 -22.6091 0
    endloop
  endfacet
  facet normal 0 0 -1
    outer loop
      vertex 4.13512 3.6264 0
      vertex 15.3546 7.85938 0
      vertex 4.36344 3.34819 0
    endloop
  endfacet
  facet normal -0 0 -1
    outer loop
      vertex 15.3546 7.85938 0
      vertex 4.13512 3.6264 0
      vertex 15.35 8 0
    endloop
  endfacet
  facet normal -0 0 -1
    outer loop
      vertex 15.35 8 0
      vertex 4.13512 3.6264 0
      vertex 15.3546 8.14062 0
    endloop
  endfacet
  facet normal 0 0 -1
    outer loop
      vertex 3.88909 3.88909 0
      vertex 15.3546 8.14062 0
      vertex 4.13512 3.6264 0
    endloop
  endfacet
  facet normal -0 0 -1
    outer loop
      vertex 15.3546 8.14062 0
      vertex 3.88909 3.88909 0
      vertex 15.3684 8.28063 0
    endloop
  endfacet
  facet normal 0 0 -1
    outer loop
      vertex 3.6264 4.13512 0
      vertex 15.3684 8.28063 0
      vertex 3.88909 3.88909 0
    endloop
  endfacet
  facet normal -0 0 -1
    outer loop
      vertex 15.3684 8.28063 0
      vertex 3.6264 4.13512 0
      vertex 15.3913 8.41944 0
    endloop
  endfacet
  facet normal 0 0 -1
    outer loop
      vertex 3.34819 4.36344 0
      vertex 15.3913 8.41944 0
      vertex 3.6264 4.13512 0
    endloop
  endfacet
  facet normal -0 0 -1
    outer loop
      vertex 15.3913 8.41944 0
      vertex 3.34819 4.36344 0
      vertex 15.4233 8.55646 0
    endloop
  endfacet
  facet normal -0 0 -1
    outer loop
      vertex 15.4233 8.55646 0
      vertex 3.34819 4.36344 0
      vertex 15.4641 8.69109 0
    endloop
  endfacet
  facet normal 0 0 -1
    outer loop
      vertex 3.05564 4.57308 0
      vertex 15.4641 8.69109 0
      vertex 3.34819 4.36344 0
    endloop
  endfacet
  facet normal -0 0 -1
    outer loop
      vertex 15.4641 8.69109 0
      vertex 3.05564 4.57308 0
      vertex 15.5137 8.82277 0
    endloop
  endfacet
  facet normal 0 0 -1
    outer loop
      vertex 2.75 4.76314 0
      vertex 15.5137 8.82277 0
      vertex 3.05564 4.57308 0
    endloop
  endfacet
  facet normal -0 0 -1
    outer loop
      vertex 15.5137 8.82277 0
      vertex 2.75 4.76314 0
      vertex 15.5717 8.95092 0
    endloop
  endfacet
  facet normal 0 0 -1
    outer loop
      vertex 2.43259 4.9328 0
      vertex 15.5717 8.95092 0
      vertex 2.75 4.76314 0
    endloop
  endfacet
  facet normal -0 0 -1
    outer loop
      vertex 15.5717 8.95092 0
      vertex 2.43259 4.9328 0
      vertex 15.638 9.075 0
    endloop
  endfacet
  facet normal 0 0 -1
    outer loop
      vertex 2.10476 5.08134 0
      vertex 15.638 9.075 0
      vertex 2.43259 4.9328 0
    endloop
  endfacet
  facet normal 0 0 -1
    outer loop
      vertex 1.76792 5.20812 0
      vertex 15.638 9.075 0
      vertex 2.10476 5.08134 0
    endloop
  endfacet
  facet normal 0 0 -1
    outer loop
      vertex 1.4235 5.31259 0
      vertex 15.638 9.075 0
      vertex 1.76792 5.20812 0
    endloop
  endfacet
  facet normal -0 0 -1
    outer loop
      vertex 15.638 9.075 0
      vertex 1.4235 5.31259 0
      vertex 7.02325 35.3083 0
    endloop
  endfacet
  facet normal 0 0 -1
    outer loop
      vertex 1.073 5.39432 0
      vertex 7.02325 35.3083 0
      vertex 1.4235 5.31259 0
    endloop
  endfacet
  facet normal -0 0 -1
    outer loop
      vertex 7.02325 35.3083 0
      vertex 1.073 5.39432 0
      vertex 4.69894 35.692 0
    endloop
  endfacet
  facet normal 0 0 -1
    outer loop
      vertex 0.717894 5.45295 0
      vertex 4.69894 35.692 0
      vertex 1.073 5.39432 0
    endloop
  endfacet
  facet normal -0 0 -1
    outer loop
      vertex 4.69894 35.692 0
      vertex 0.717894 5.45295 0
      vertex 2.35451 35.9229 0
    endloop
  endfacet
  facet normal 0 0 -1
    outer loop
      vertex 0.359716 5.48822 0
      vertex 2.35451 35.9229 0
      vertex 0.717894 5.45295 0
    endloop
  endfacet
  facet normal 0 0 -1
    outer loop
      vertex 0 5.5 0
      vertex 2.35451 35.9229 0
      vertex 0.359716 5.48822 0
    endloop
  endfacet
  facet normal 0 0 -1
    outer loop
      vertex 0 5.5 0
      vertex 0 36 0
      vertex 2.35451 35.9229 0
    endloop
  endfacet
  facet normal 0 0 -1
    outer loop
      vertex -0.359716 5.48822 0
      vertex 0 36 0
      vertex 0 5.5 0
    endloop
  endfacet
  facet normal 0 0 -1
    outer loop
      vertex -2.35451 35.9229 0
      vertex -0.359716 5.48822 0
      vertex -0.717894 5.45295 0
    endloop
  endfacet
  facet normal 0 0 -1
    outer loop
      vertex -4.69894 35.692 0
      vertex -0.717894 5.45295 0
      vertex -1.073 5.39432 0
    endloop
  endfacet
  facet normal 0 0 -1
    outer loop
      vertex -7.02325 35.3083 0
      vertex -1.073 5.39432 0
      vertex -1.4235 5.31259 0
    endloop
  endfacet
  facet normal 0 0 -1
    outer loop
      vertex -15.4641 8.69109 0
      vertex -3.05564 4.57308 0
      vertex -15.4233 8.55646 0
    endloop
  endfacet
  facet normal 0 0 -1
    outer loop
      vertex -3.34819 4.36344 0
      vertex -15.4233 8.55646 0
      vertex -3.05564 4.57308 0
    endloop
  endfacet
  facet normal 0 0 -1
    outer loop
      vertex -0.359716 5.48822 0
      vertex -2.35451 35.9229 0
      vertex 0 36 0
    endloop
  endfacet
  facet normal 0 0 -1
    outer loop
      vertex -15.4233 8.55646 0
      vertex -3.34819 4.36344 0
      vertex -15.3913 8.41944 0
    endloop
  endfacet
  facet normal 0 0 -1
    outer loop
      vertex -3.6264 4.13512 0
      vertex -15.3913 8.41944 0
      vertex -3.34819 4.36344 0
    endloop
  endfacet
  facet normal 0 0 -1
    outer loop
      vertex -15.3913 8.41944 0
      vertex -3.6264 4.13512 0
      vertex -15.3684 8.28063 0
    endloop
  endfacet
  facet normal 0 0 -1
    outer loop
      vertex -3.88909 3.88909 0
      vertex -15.3684 8.28063 0
      vertex -3.6264 4.13512 0
    endloop
  endfacet
  facet normal 0 0 -1
    outer loop
      vertex -15.3684 8.28063 0
      vertex -3.88909 3.88909 0
      vertex -15.3546 8.14062 0
    endloop
  endfacet
  facet normal 0 0 -1
    outer loop
      vertex -15.3546 8.14062 0
      vertex -3.88909 3.88909 0
      vertex -15.35 8 0
    endloop
  endfacet
  facet normal 0 0 -1
    outer loop
      vertex -15.35 8 0
      vertex -3.88909 3.88909 0
      vertex -4.13512 3.6264 0
    endloop
  endfacet
  facet normal 0 0 -1
    outer loop
      vertex -15.3546 7.85938 0
      vertex -4.13512 3.6264 0
      vertex -4.36344 3.34819 0
    endloop
  endfacet
  facet normal 0 0 -1
    outer loop
      vertex -15.3684 7.71937 0
      vertex -4.36344 3.34819 0
      vertex -4.57308 3.05564 0
    endloop
  endfacet
  facet normal 0 0 -1
    outer loop
      vertex -0.717894 5.45295 0
      vertex -4.69894 35.692 0
      vertex -2.35451 35.9229 0
    endloop
  endfacet
  facet normal 0 0 -1
    outer loop
      vertex -15.4233 7.44354 0
      vertex -4.57308 3.05564 0
      vertex -4.76314 2.75 0
    endloop
  endfacet
  facet normal 0 0 -1
    outer loop
      vertex -15.4641 7.3089 0
      vertex -4.76314 2.75 0
      vertex -4.9328 2.43259 0
    endloop
  endfacet
  facet normal 0 0 -1
    outer loop
      vertex -15.5717 7.04908 0
      vertex -4.9328 2.43259 0
      vertex -5.08134 2.10476 0
    endloop
  endfacet
  facet normal 0 0 -1
    outer loop
      vertex -15.638 6.925 0
      vertex -5.08134 2.10476 0
      vertex -5.20812 1.76792 0
    endloop
  endfacet
  facet normal 0 0 -1
    outer loop
      vertex -15.7123 6.80552 0
      vertex -5.20812 1.76792 0
      vertex -5.31259 1.4235 0
    endloop
  endfacet
  facet normal 0 0 -1
    outer loop
      vertex -15.8835 6.58241 0
      vertex -5.31259 1.4235 0
      vertex -5.39432 1.073 0
    endloop
  endfacet
  facet normal 0 0 -1
    outer loop
      vertex -15.9797 6.47972 0
      vertex -5.39432 1.073 0
      vertex -5.45295 0.717894 0
    endloop
  endfacet
  facet normal 0 0 -1
    outer loop
      vertex -16.1912 6.29429 0
      vertex -5.45295 0.717894 0
      vertex -5.48822 0.359716 0
    endloop
  endfacet
  facet normal 0 0 -1
    outer loop
      vertex -16.3055 6.21234 0
      vertex -5.48822 0.359716 0
      vertex -5.5 0 0
    endloop
  endfacet
  facet normal 0 0 -1
    outer loop
      vertex -20.3615 -21.0203 0
      vertex -3.05564 -4.57308 0
      vertex -20.3059 -21.1242 0
    endloop
  endfacet
  facet normal 0 0 -1
    outer loop
      vertex -4.36344 3.34819 0
      vertex -15.3684 7.71937 0
      vertex -15.3546 7.85938 0
    endloop
  endfacet
  facet normal 0 0 -1
    outer loop
      vertex -20.4237 -20.9203 0
      vertex -3.05564 -4.57308 0
      vertex -20.3615 -21.0203 0
    endloop
  endfacet
  facet normal 0 0 -1
    outer loop
      vertex -4.13512 3.6264 0
      vertex -15.3546 7.85938 0
      vertex -15.35 8 0
    endloop
  endfacet
  facet normal -0 0 -1
    outer loop
      vertex -3.88909 -3.88909 0
      vertex -20.7335 -20.567 0
      vertex -4.13512 -3.6264 0
    endloop
  endfacet
  facet normal 0 0 -1
    outer loop
      vertex -1.073 5.39432 0
      vertex -7.02325 35.3083 0
      vertex -4.69894 35.692 0
    endloop
  endfacet
  facet normal 0 -0 -1
    outer loop
      vertex -17.3594 5.8546 0
      vertex -5.08134 -2.10476 0
      vertex -17.5 5.85 0
    endloop
  endfacet
  facet normal 0 0 -1
    outer loop
      vertex -1.4235 5.31259 0
      vertex -9.31748 34.7733 0
      vertex -7.02325 35.3083 0
    endloop
  endfacet
  facet normal 0 0 -1
    outer loop
      vertex -15.5717 8.95092 0
      vertex -2.75 4.76314 0
      vertex -15.5137 8.82277 0
    endloop
  endfacet
  facet normal 0 0 -1
    outer loop
      vertex -3.05564 4.57308 0
      vertex -15.5137 8.82277 0
      vertex -2.75 4.76314 0
    endloop
  endfacet
  facet normal 0 0 -1
    outer loop
      vertex -15.5137 8.82277 0
      vertex -3.05564 4.57308 0
      vertex -15.4641 8.69109 0
    endloop
  endfacet
  facet normal 0 0 -1
    outer loop
      vertex -4.57308 3.05564 0
      vertex -15.3913 7.58055 0
      vertex -15.3684 7.71937 0
    endloop
  endfacet
  facet normal 0 0 -1
    outer loop
      vertex -4.57308 3.05564 0
      vertex -15.4233 7.44354 0
      vertex -15.3913 7.58055 0
    endloop
  endfacet
  facet normal 0 0 -1
    outer loop
      vertex -4.76314 2.75 0
      vertex -15.4641 7.3089 0
      vertex -15.4233 7.44354 0
    endloop
  endfacet
  facet normal 0 0 -1
    outer loop
      vertex -4.9328 2.43259 0
      vertex -15.5137 7.17723 0
      vertex -15.4641 7.3089 0
    endloop
  endfacet
  facet normal 0 0 -1
    outer loop
      vertex -4.9328 2.43259 0
      vertex -15.5717 7.04908 0
      vertex -15.5137 7.17723 0
    endloop
  endfacet
  facet normal 0 0 -1
    outer loop
      vertex -5.08134 2.10476 0
      vertex -15.638 6.925 0
      vertex -15.5717 7.04908 0
    endloop
  endfacet
  facet normal 0 0 -1
    outer loop
      vertex -5.20812 1.76792 0
      vertex -15.7123 6.80552 0
      vertex -15.638 6.925 0
    endloop
  endfacet
  facet normal 0 0 -1
    outer loop
      vertex -5.31259 1.4235 0
      vertex -15.7943 6.69116 0
      vertex -15.7123 6.80552 0
    endloop
  endfacet
  facet normal 0 0 -1
    outer loop
      vertex -5.31259 1.4235 0
      vertex -15.8835 6.58241 0
      vertex -15.7943 6.69116 0
    endloop
  endfacet
  facet normal 0 -0 -1
    outer loop
      vertex -17.2194 5.86839 0
      vertex -5.20812 -1.76792 0
      vertex -17.3594 5.8546 0
    endloop
  endfacet
  facet normal 0 0 -1
    outer loop
      vertex -5.39432 1.073 0
      vertex -15.9797 6.47972 0
      vertex -15.8835 6.58241 0
    endloop
  endfacet
  facet normal 0 0 -1
    outer loop
      vertex -5.45295 0.717894 0
      vertex -16.0824 6.38354 0
      vertex -15.9797 6.47972 0
    endloop
  endfacet
  facet normal 0 0 -1
    outer loop
      vertex -5.45295 0.717894 0
      vertex -16.1912 6.29429 0
      vertex -16.0824 6.38354 0
    endloop
  endfacet
  facet normal 0 0 -1
    outer loop
      vertex -5.48822 0.359716 0
      vertex -16.3055 6.21234 0
      vertex -16.1912 6.29429 0
    endloop
  endfacet
  facet normal 0 0 -1
    outer loop
      vertex -5.5 0 0
      vertex -16.425 6.13805 0
      vertex -16.3055 6.21234 0
    endloop
  endfacet
  facet normal 0 0 -1
    outer loop
      vertex -5.5 0 0
      vertex -16.5491 6.07172 0
      vertex -16.425 6.13805 0
    endloop
  endfacet
  facet normal 0 0 -1
    outer loop
      vertex -5.20812 -1.76792 0
      vertex -17.2194 5.86839 0
      vertex -5.31259 -1.4235 0
    endloop
  endfacet
  facet normal 0 0 -1
    outer loop
      vertex -5.48822 -0.359716 0
      vertex -16.5491 6.07172 0
      vertex -5.5 0 0
    endloop
  endfacet
  facet normal 0 -0 -1
    outer loop
      vertex -17.0806 5.89131 0
      vertex -5.31259 -1.4235 0
      vertex -17.2194 5.86839 0
    endloop
  endfacet
  facet normal 0 -0 -1
    outer loop
      vertex -16.5491 6.07172 0
      vertex -5.48822 -0.359716 0
      vertex -16.6772 6.01366 0
    endloop
  endfacet
  facet normal 0 0 -1
    outer loop
      vertex -5.45295 -0.717894 0
      vertex -16.6772 6.01366 0
      vertex -5.48822 -0.359716 0
    endloop
  endfacet
  facet normal 0 -0 -1
    outer loop
      vertex -16.6772 6.01366 0
      vertex -5.45295 -0.717894 0
      vertex -16.8089 5.9641 0
    endloop
  endfacet
  facet normal 0 0 -1
    outer loop
      vertex -5.39432 -1.073 0
      vertex -16.8089 5.9641 0
      vertex -5.45295 -0.717894 0
    endloop
  endfacet
  facet normal 0 -0 -1
    outer loop
      vertex -16.8089 5.9641 0
      vertex -5.39432 -1.073 0
      vertex -16.9435 5.92326 0
    endloop
  endfacet
  facet normal 0 0 -1
    outer loop
      vertex -5.31259 -1.4235 0
      vertex -16.9435 5.92326 0
      vertex -5.39432 -1.073 0
    endloop
  endfacet
  facet normal 0 -0 -1
    outer loop
      vertex -16.9435 5.92326 0
      vertex -5.31259 -1.4235 0
      vertex -17.0806 5.89131 0
    endloop
  endfacet
  facet normal 0 0 -1
    outer loop
      vertex -5.08134 -2.10476 0
      vertex -17.3594 5.8546 0
      vertex -5.20812 -1.76792 0
    endloop
  endfacet
  facet normal 0 0 -1
    outer loop
      vertex -20.4923 -20.8245 0
      vertex -3.34819 -4.36344 0
      vertex -20.4237 -20.9203 0
    endloop
  endfacet
  facet normal -0 0 -1
    outer loop
      vertex -3.34819 -4.36344 0
      vertex -20.4923 -20.8245 0
      vertex -3.6264 -4.13512 0
    endloop
  endfacet
  facet normal 0 0 -1
    outer loop
      vertex -20.567 -20.7335 0
      vertex -3.6264 -4.13512 0
      vertex -20.4923 -20.8245 0
    endloop
  endfacet
  facet normal -0 0 -1
    outer loop
      vertex -3.6264 -4.13512 0
      vertex -20.567 -20.7335 0
      vertex -3.88909 -3.88909 0
    endloop
  endfacet
  facet normal 0 0 -1
    outer loop
      vertex -20.6475 -20.6475 0
      vertex -3.88909 -3.88909 0
      vertex -20.567 -20.7335 0
    endloop
  endfacet
  facet normal 0 0 -1
    outer loop
      vertex -20.7335 -20.567 0
      vertex -3.88909 -3.88909 0
      vertex -20.6475 -20.6475 0
    endloop
  endfacet
  facet normal 0 0 -1
    outer loop
      vertex -20.8245 -20.4923 0
      vertex -4.13512 -3.6264 0
      vertex -20.7335 -20.567 0
    endloop
  endfacet
  facet normal -0 0 -1
    outer loop
      vertex -4.13512 -3.6264 0
      vertex -20.8245 -20.4923 0
      vertex -4.36344 -3.34819 0
    endloop
  endfacet
  facet normal 0 0 -1
    outer loop
      vertex -20.9203 -20.4237 0
      vertex -4.36344 -3.34819 0
      vertex -20.8245 -20.4923 0
    endloop
  endfacet
  facet normal -0 0 -1
    outer loop
      vertex -4.36344 -3.34819 0
      vertex -20.9203 -20.4237 0
      vertex -4.57308 -3.05564 0
    endloop
  endfacet
  facet normal 0 0 -1
    outer loop
      vertex -21.0203 -20.3615 0
      vertex -4.57308 -3.05564 0
      vertex -20.9203 -20.4237 0
    endloop
  endfacet
  facet normal -0 0 -1
    outer loop
      vertex -4.57308 -3.05564 0
      vertex -21.0203 -20.3615 0
      vertex -4.76314 -2.75 0
    endloop
  endfacet
  facet normal 0 0 -1
    outer loop
      vertex -21.1242 -20.3059 0
      vertex -4.76314 -2.75 0
      vertex -21.0203 -20.3615 0
    endloop
  endfacet
  facet normal 0 0 -1
    outer loop
      vertex -21.2315 -20.2573 0
      vertex -4.76314 -2.75 0
      vertex -21.1242 -20.3059 0
    endloop
  endfacet
  facet normal -0 0 -1
    outer loop
      vertex -4.76314 -2.75 0
      vertex -21.2315 -20.2573 0
      vertex -4.9328 -2.43259 0
    endloop
  endfacet
  facet normal 0 0 -1
    outer loop
      vertex -21.3417 -20.2158 0
      vertex -4.9328 -2.43259 0
      vertex -21.2315 -20.2573 0
    endloop
  endfacet
  facet normal -0 0 -1
    outer loop
      vertex -4.9328 -2.43259 0
      vertex -21.3417 -20.2158 0
      vertex -5.08134 -2.10476 0
    endloop
  endfacet
  facet normal -0 0 -1
    outer loop
      vertex -5.08134 -2.10476 0
      vertex -21.3417 -20.2158 0
      vertex -17.5 5.85 0
    endloop
  endfacet
  facet normal 0 0 -1
    outer loop
      vertex -21.4544 -20.1816 0
      vertex -17.5 5.85 0
      vertex -21.3417 -20.2158 0
    endloop
  endfacet
  facet normal -0 0 -1
    outer loop
      vertex -17.5 5.85 0
      vertex -21.4544 -20.1816 0
      vertex -17.6406 5.8546 0
    endloop
  endfacet
  facet normal -0 0 -1
    outer loop
      vertex -17.6406 5.8546 0
      vertex -21.5691 -20.1549 0
      vertex -17.7806 5.86839 0
    endloop
  endfacet
  facet normal 0 0 -1
    outer loop
      vertex -21.5691 -20.1549 0
      vertex -17.6406 5.8546 0
      vertex -21.4544 -20.1816 0
    endloop
  endfacet
  facet normal -0 0 -1
    outer loop
      vertex 21.3417 20.2158 0
      vertex 18.0565 10.0767 0
      vertex 21.2315 20.2573 0
    endloop
  endfacet
  facet normal 0 0 -1
    outer loop
      vertex 17.9194 10.1087 0
      vertex 21.2315 20.2573 0
      vertex 18.0565 10.0767 0
    endloop
  endfacet
  facet normal -0 0 -1
    outer loop
      vertex 21.2315 20.2573 0
      vertex 17.9194 10.1087 0
      vertex 21.1242 20.3059 0
    endloop
  endfacet
  facet normal 0 0 -1
    outer loop
      vertex 17.7806 10.1316 0
      vertex 21.1242 20.3059 0
      vertex 17.9194 10.1087 0
    endloop
  endfacet
  facet normal -0 0 -1
    outer loop
      vertex 21.1242 20.3059 0
      vertex 17.7806 10.1316 0
      vertex 21.0203 20.3615 0
    endloop
  endfacet
  facet normal 0 0 -1
    outer loop
      vertex 17.6406 10.1454 0
      vertex 21.0203 20.3615 0
      vertex 17.7806 10.1316 0
    endloop
  endfacet
  facet normal -0 0 -1
    outer loop
      vertex 21.0203 20.3615 0
      vertex 17.6406 10.1454 0
      vertex 20.9203 20.4237 0
    endloop
  endfacet
  facet normal 0 0 -1
    outer loop
      vertex 17.5 10.15 0
      vertex 20.9203 20.4237 0
      vertex 17.6406 10.1454 0
    endloop
  endfacet
  facet normal -0 0 -1
    outer loop
      vertex 20.9203 20.4237 0
      vertex 17.5 10.15 0
      vertex 20.8245 20.4923 0
    endloop
  endfacet
  facet normal 0 0 -1
    outer loop
      vertex 17.3594 10.1454 0
      vertex 20.8245 20.4923 0
      vertex 17.5 10.15 0
    endloop
  endfacet
  facet normal -0 0 -1
    outer loop
      vertex 20.8245 20.4923 0
      vertex 17.3594 10.1454 0
      vertex 20.7335 20.567 0
    endloop
  endfacet
  facet normal 0 0 -1
    outer loop
      vertex 17.2194 10.1316 0
      vertex 20.7335 20.567 0
      vertex 17.3594 10.1454 0
    endloop
  endfacet
  facet normal -0 0 -1
    outer loop
      vertex 20.7335 20.567 0
      vertex 17.2194 10.1316 0
      vertex 20.6475 20.6475 0
    endloop
  endfacet
  facet normal 0 0 -1
    outer loop
      vertex 17.0806 10.1087 0
      vertex 20.6475 20.6475 0
      vertex 17.2194 10.1316 0
    endloop
  endfacet
  facet normal -0 0 -1
    outer loop
      vertex 20.6475 20.6475 0
      vertex 17.0806 10.1087 0
      vertex 20.567 20.7335 0
    endloop
  endfacet
  facet normal 0 0 -1
    outer loop
      vertex 16.9435 10.0767 0
      vertex 20.567 20.7335 0
      vertex 17.0806 10.1087 0
    endloop
  endfacet
  facet normal -0 0 -1
    outer loop
      vertex 20.567 20.7335 0
      vertex 16.9435 10.0767 0
      vertex 20.4923 20.8245 0
    endloop
  endfacet
  facet normal 0 0 -1
    outer loop
      vertex 16.8089 10.0359 0
      vertex 20.4923 20.8245 0
      vertex 16.9435 10.0767 0
    endloop
  endfacet
  facet normal -0 0 -1
    outer loop
      vertex 20.4923 20.8245 0
      vertex 16.8089 10.0359 0
      vertex 20.4237 20.9203 0
    endloop
  endfacet
  facet normal 0 0 -1
    outer loop
      vertex 16.6772 9.98634 0
      vertex 20.4237 20.9203 0
      vertex 16.8089 10.0359 0
    endloop
  endfacet
  facet normal -0 0 -1
    outer loop
      vertex 20.4237 20.9203 0
      vertex 16.6772 9.98634 0
      vertex 20.3615 21.0203 0
    endloop
  endfacet
  facet normal -0 0 -1
    outer loop
      vertex 20.3615 21.0203 0
      vertex 16.6772 9.98634 0
      vertex 20.3059 21.1242 0
    endloop
  endfacet
  facet normal 0 0 -1
    outer loop
      vertex 16.5491 9.92828 0
      vertex 20.3059 21.1242 0
      vertex 16.6772 9.98634 0
    endloop
  endfacet
  facet normal -0 0 -1
    outer loop
      vertex 20.3059 21.1242 0
      vertex 16.5491 9.92828 0
      vertex 20.2573 21.2315 0
    endloop
  endfacet
  facet normal 0 0 -1
    outer loop
      vertex 16.425 9.86195 0
      vertex 20.2573 21.2315 0
      vertex 16.5491 9.92828 0
    endloop
  endfacet
  facet normal -0 0 -1
    outer loop
      vertex 20.2573 21.2315 0
      vertex 16.425 9.86195 0
      vertex 20.2158 21.3417 0
    endloop
  endfacet
  facet normal 0 0 -1
    outer loop
      vertex 16.3055 9.78766 0
      vertex 20.2158 21.3417 0
      vertex 16.425 9.86195 0
    endloop
  endfacet
  facet normal -0 0 -1
    outer loop
      vertex 20.2158 21.3417 0
      vertex 16.3055 9.78766 0
      vertex 20.1816 21.4544 0
    endloop
  endfacet
  facet normal 0 0 -1
    outer loop
      vertex 16.1912 9.70571 0
      vertex 20.1816 21.4544 0
      vertex 16.3055 9.78766 0
    endloop
  endfacet
  facet normal 0 0 -1
    outer loop
      vertex 20.1203 21.9203 0
      vertex 18 31.1769 0
      vertex 20.0005 29.9329 0
    endloop
  endfacet
  facet normal -0 0 -1
    outer loop
      vertex 20.1816 21.4544 0
      vertex 16.1912 9.70571 0
      vertex 20.1549 21.5691 0
    endloop
  endfacet
  facet normal 0 0 -1
    outer loop
      vertex 16.0824 9.61646 0
      vertex 20.1549 21.5691 0
      vertex 16.1912 9.70571 0
    endloop
  endfacet
  facet normal -0 0 -1
    outer loop
      vertex 20.1549 21.5691 0
      vertex 16.0824 9.61646 0
      vertex 20.1357 21.6854 0
    endloop
  endfacet
  facet normal 0 0 -1
    outer loop
      vertex 15.9797 9.52028 0
      vertex 20.1357 21.6854 0
      vertex 16.0824 9.61646 0
    endloop
  endfacet
  facet normal -0 0 -1
    outer loop
      vertex 20.1357 21.6854 0
      vertex 15.9797 9.52028 0
      vertex 20.1242 21.8026 0
    endloop
  endfacet
  facet normal 0 0 -1
    outer loop
      vertex 9.31748 34.7733 0
      vertex 20.1242 21.8026 0
      vertex 15.9797 9.52028 0
    endloop
  endfacet
  facet normal 0 0 -1
    outer loop
      vertex 20.1242 21.8026 0
      vertex 9.31748 34.7733 0
      vertex 20.1203 21.9203 0
    endloop
  endfacet
  facet normal 0 0 -1
    outer loop
      vertex 20.1203 21.9203 0
      vertex 15.9224 32.2874 0
      vertex 18 31.1769 0
    endloop
  endfacet
  facet normal 0 0 -1
    outer loop
      vertex 9.31748 34.7733 0
      vertex 15.9797 9.52028 0
      vertex 15.8835 9.41759 0
    endloop
  endfacet
  facet normal 0 0 -1
    outer loop
      vertex 7.02325 35.3083 0
      vertex 15.8835 9.41759 0
      vertex 15.7943 9.30884 0
    endloop
  endfacet
  facet normal 0 0 -1
    outer loop
      vertex 7.02325 35.3083 0
      vertex 15.7943 9.30884 0
      vertex 15.7123 9.19448 0
    endloop
  endfacet
  facet normal 0 0 -1
    outer loop
      vertex 7.02325 35.3083 0
      vertex 15.7123 9.19448 0
      vertex 15.638 9.075 0
    endloop
  endfacet
  facet normal -0 0 -1
    outer loop
      vertex 15.3684 7.71937 0
      vertex 4.36344 3.34819 0
      vertex 15.3546 7.85938 0
    endloop
  endfacet
  facet normal -0 0 -1
    outer loop
      vertex 15.3913 7.58055 0
      vertex 4.57308 3.05564 0
      vertex 15.3684 7.71937 0
    endloop
  endfacet
  facet normal -0 0 -1
    outer loop
      vertex 15.4233 7.44354 0
      vertex 4.57308 3.05564 0
      vertex 15.3913 7.58055 0
    endloop
  endfacet
  facet normal 0 0 -1
    outer loop
      vertex 4.57308 3.05564 0
      vertex 15.4233 7.44354 0
      vertex 4.76314 2.75 0
    endloop
  endfacet
  facet normal -0 0 -1
    outer loop
      vertex 15.4641 7.3089 0
      vertex 4.76314 2.75 0
      vertex 15.4233 7.44354 0
    endloop
  endfacet
  facet normal 0 0 -1
    outer loop
      vertex 4.76314 2.75 0
      vertex 15.4641 7.3089 0
      vertex 4.9328 2.43259 0
    endloop
  endfacet
  facet normal -0 0 -1
    outer loop
      vertex 15.5137 7.17723 0
      vertex 4.9328 2.43259 0
      vertex 15.4641 7.3089 0
    endloop
  endfacet
  facet normal -0 0 -1
    outer loop
      vertex 15.5717 7.04908 0
      vertex 4.9328 2.43259 0
      vertex 15.5137 7.17723 0
    endloop
  endfacet
  facet normal 0 0 -1
    outer loop
      vertex 5.31259 1.4235 0
      vertex 15.8835 6.58241 0
      vertex 5.39432 1.073 0
    endloop
  endfacet
  facet normal 0 0 -1
    outer loop
      vertex 4.36344 3.34819 0
      vertex 15.3684 7.71937 0
      vertex 4.57308 3.05564 0
    endloop
  endfacet
  facet normal 0 0 -1
    outer loop
      vertex 2.10476 -5.08134 0
      vertex 13.7766 -33.2597 0
      vertex 11.5718 -34.0895 0
    endloop
  endfacet
  facet normal 0 0 -1
    outer loop
      vertex 20.1203 21.9203 0
      vertex 13.7766 33.2597 0
      vertex 15.9224 32.2874 0
    endloop
  endfacet
  facet normal 0 0 -1
    outer loop
      vertex 1.76792 -5.20812 0
      vertex 11.5718 -34.0895 0
      vertex 9.31748 -34.7733 0
    endloop
  endfacet
  facet normal 0 0 -1
    outer loop
      vertex 20.1203 21.9203 0
      vertex 11.5718 34.0895 0
      vertex 13.7766 33.2597 0
    endloop
  endfacet
  facet normal 0 0 -1
    outer loop
      vertex 1.4235 -5.31259 0
      vertex 9.31748 -34.7733 0
      vertex 7.02325 -35.3083 0
    endloop
  endfacet
  facet normal 0 0 -1
    outer loop
      vertex 20.1203 21.9203 0
      vertex 9.31748 34.7733 0
      vertex 11.5718 34.0895 0
    endloop
  endfacet
  facet normal 0 0 -1
    outer loop
      vertex 15.8835 9.41759 0
      vertex 7.02325 35.3083 0
      vertex 9.31748 34.7733 0
    endloop
  endfacet
  facet normal 0 0 -1
    outer loop
      vertex 4.9328 2.43259 0
      vertex 15.5717 7.04908 0
      vertex 5.08134 2.10476 0
    endloop
  endfacet
  facet normal -0 0 -1
    outer loop
      vertex 15.638 6.925 0
      vertex 5.08134 2.10476 0
      vertex 15.5717 7.04908 0
    endloop
  endfacet
  facet normal 0 0 -1
    outer loop
      vertex 5.08134 2.10476 0
      vertex 15.638 6.925 0
      vertex 5.20812 1.76792 0
    endloop
  endfacet
  facet normal -0 0 -1
    outer loop
      vertex 15.7123 6.80552 0
      vertex 5.20812 1.76792 0
      vertex 15.638 6.925 0
    endloop
  endfacet
  facet normal 0 0 -1
    outer loop
      vertex 5.20812 1.76792 0
      vertex 15.7123 6.80552 0
      vertex 5.31259 1.4235 0
    endloop
  endfacet
  facet normal -0 0 -1
    outer loop
      vertex 15.7943 6.69116 0
      vertex 5.31259 1.4235 0
      vertex 15.7123 6.80552 0
    endloop
  endfacet
  facet normal -0 0 -1
    outer loop
      vertex 15.8835 6.58241 0
      vertex 5.31259 1.4235 0
      vertex 15.7943 6.69116 0
    endloop
  endfacet
  facet normal 0 0 -1
    outer loop
      vertex 13.7766 -33.2597 0
      vertex 4.76314 -2.75 0
      vertex 4.9328 -2.43259 0
    endloop
  endfacet
  facet normal 0 0 -1
    outer loop
      vertex 1.073 -5.39432 0
      vertex 7.02325 -35.3083 0
      vertex 4.69894 -35.692 0
    endloop
  endfacet
  facet normal 0 0 -1
    outer loop
      vertex 13.7766 -33.2597 0
      vertex 4.57308 -3.05564 0
      vertex 4.76314 -2.75 0
    endloop
  endfacet
  facet normal 0 0 -1
    outer loop
      vertex 13.7766 -33.2597 0
      vertex 4.36344 -3.34819 0
      vertex 4.57308 -3.05564 0
    endloop
  endfacet
  facet normal 0 0 -1
    outer loop
      vertex 13.7766 -33.2597 0
      vertex 4.13512 -3.6264 0
      vertex 4.36344 -3.34819 0
    endloop
  endfacet
  facet normal 0 0 -1
    outer loop
      vertex 13.7766 -33.2597 0
      vertex 3.88909 -3.88909 0
      vertex 4.13512 -3.6264 0
    endloop
  endfacet
  facet normal 0 0 -1
    outer loop
      vertex 13.7766 -33.2597 0
      vertex 3.6264 -4.13512 0
      vertex 3.88909 -3.88909 0
    endloop
  endfacet
  facet normal 0 0 -1
    outer loop
      vertex 13.7766 -33.2597 0
      vertex 3.34819 -4.36344 0
      vertex 3.6264 -4.13512 0
    endloop
  endfacet
  facet normal 0 0 -1
    outer loop
      vertex 13.7766 -33.2597 0
      vertex 3.05564 -4.57308 0
      vertex 3.34819 -4.36344 0
    endloop
  endfacet
  facet normal 0 0 -1
    outer loop
      vertex 13.7766 -33.2597 0
      vertex 2.75 -4.76314 0
      vertex 3.05564 -4.57308 0
    endloop
  endfacet
  facet normal 0 0 -1
    outer loop
      vertex 13.7766 -33.2597 0
      vertex 2.43259 -4.9328 0
      vertex 2.75 -4.76314 0
    endloop
  endfacet
  facet normal 0 0 -1
    outer loop
      vertex 0.717894 -5.45295 0
      vertex 4.69894 -35.692 0
      vertex 2.35451 -35.9229 0
    endloop
  endfacet
  facet normal 0 0 -1
    outer loop
      vertex 13.7766 -33.2597 0
      vertex 2.10476 -5.08134 0
      vertex 2.43259 -4.9328 0
    endloop
  endfacet
  facet normal 0 0 -1
    outer loop
      vertex 11.5718 -34.0895 0
      vertex 1.76792 -5.20812 0
      vertex 2.10476 -5.08134 0
    endloop
  endfacet
  facet normal 0 0 -1
    outer loop
      vertex 9.31748 -34.7733 0
      vertex 1.4235 -5.31259 0
      vertex 1.76792 -5.20812 0
    endloop
  endfacet
  facet normal 0 0 -1
    outer loop
      vertex 7.02325 -35.3083 0
      vertex 1.073 -5.39432 0
      vertex 1.4235 -5.31259 0
    endloop
  endfacet
  facet normal 0 0 -1
    outer loop
      vertex 4.69894 -35.692 0
      vertex 0.717894 -5.45295 0
      vertex 1.073 -5.39432 0
    endloop
  endfacet
  facet normal 0 0 -1
    outer loop
      vertex 2.35451 -35.9229 0
      vertex 0.359716 -5.48822 0
      vertex 0.717894 -5.45295 0
    endloop
  endfacet
  facet normal 0 0 -1
    outer loop
      vertex 0 -36 0
      vertex 0.359716 -5.48822 0
      vertex 2.35451 -35.9229 0
    endloop
  endfacet
  facet normal 0 0 -1
    outer loop
      vertex 0 -36 0
      vertex 0 -5.5 0
      vertex 0.359716 -5.48822 0
    endloop
  endfacet
  facet normal 0 0 -1
    outer loop
      vertex 0 -36 0
      vertex -0.359716 -5.48822 0
      vertex 0 -5.5 0
    endloop
  endfacet
  facet normal 0 0 -1
    outer loop
      vertex -2.35451 -35.9229 0
      vertex -0.359716 -5.48822 0
      vertex 0 -36 0
    endloop
  endfacet
  facet normal -0 0 -1
    outer loop
      vertex -0.359716 -5.48822 0
      vertex -2.35451 -35.9229 0
      vertex -0.717894 -5.45295 0
    endloop
  endfacet
  facet normal 0 0 -1
    outer loop
      vertex -4.69894 -35.692 0
      vertex -0.717894 -5.45295 0
      vertex -2.35451 -35.9229 0
    endloop
  endfacet
  facet normal -0 0 -1
    outer loop
      vertex -0.717894 -5.45295 0
      vertex -4.69894 -35.692 0
      vertex -1.073 -5.39432 0
    endloop
  endfacet
  facet normal 0 0 -1
    outer loop
      vertex -7.02325 -35.3083 0
      vertex -1.073 -5.39432 0
      vertex -4.69894 -35.692 0
    endloop
  endfacet
  facet normal -0 0 -1
    outer loop
      vertex -1.073 -5.39432 0
      vertex -7.02325 -35.3083 0
      vertex -1.4235 -5.31259 0
    endloop
  endfacet
  facet normal 0 0 -1
    outer loop
      vertex -9.31748 -34.7733 0
      vertex -1.4235 -5.31259 0
      vertex -7.02325 -35.3083 0
    endloop
  endfacet
  facet normal 0 0 -1
    outer loop
      vertex -20.1242 -21.8026 0
      vertex -9.31748 -34.7733 0
      vertex -20.1203 -21.9203 0
    endloop
  endfacet
  facet normal 0 0 -1
    outer loop
      vertex -20.1203 -21.9203 0
      vertex -9.31748 -34.7733 0
      vertex -11.5718 -34.0895 0
    endloop
  endfacet
  facet normal 0 0 -1
    outer loop
      vertex -9.31748 -34.7733 0
      vertex -20.1242 -21.8026 0
      vertex -1.4235 -5.31259 0
    endloop
  endfacet
  facet normal 0 0 -1
    outer loop
      vertex -20.1203 -21.9203 0
      vertex -11.5718 -34.0895 0
      vertex -13.7766 -33.2597 0
    endloop
  endfacet
  facet normal 0 0 -1
    outer loop
      vertex -20.1357 -21.6854 0
      vertex -1.4235 -5.31259 0
      vertex -20.1242 -21.8026 0
    endloop
  endfacet
  facet normal 0 0 -1
    outer loop
      vertex -20.1203 -21.9203 0
      vertex -13.7766 -33.2597 0
      vertex -15.9224 -32.2874 0
    endloop
  endfacet
  facet normal -0 0 -1
    outer loop
      vertex -1.4235 -5.31259 0
      vertex -20.1357 -21.6854 0
      vertex -1.76792 -5.20812 0
    endloop
  endfacet
  facet normal 0 0 -1
    outer loop
      vertex -20.1203 -21.9203 0
      vertex -15.9224 -32.2874 0
      vertex -18 -31.1769 0
    endloop
  endfacet
  facet normal 0 0 -1
    outer loop
      vertex -20.1549 -21.5691 0
      vertex -1.76792 -5.20812 0
      vertex -20.1357 -21.6854 0
    endloop
  endfacet
  facet normal 0 0 -1
    outer loop
      vertex -20.1203 -21.9203 0
      vertex -18 -31.1769 0
      vertex -20.0005 -29.9329 0
    endloop
  endfacet
  facet normal 0 0 -1
    outer loop
      vertex -20.1816 -21.4544 0
      vertex -1.76792 -5.20812 0
      vertex -20.1549 -21.5691 0
    endloop
  endfacet
  facet normal -0 0 -1
    outer loop
      vertex -1.76792 -5.20812 0
      vertex -20.1816 -21.4544 0
      vertex -2.10476 -5.08134 0
    endloop
  endfacet
  facet normal 0 0 -1
    outer loop
      vertex -20.2158 -21.3417 0
      vertex -2.10476 -5.08134 0
      vertex -20.1816 -21.4544 0
    endloop
  endfacet
  facet normal -0 0 -1
    outer loop
      vertex -2.10476 -5.08134 0
      vertex -20.2158 -21.3417 0
      vertex -2.43259 -4.9328 0
    endloop
  endfacet
  facet normal 0 0 -1
    outer loop
      vertex -20.2573 -21.2315 0
      vertex -2.43259 -4.9328 0
      vertex -20.2158 -21.3417 0
    endloop
  endfacet
  facet normal -0 0 -1
    outer loop
      vertex -2.43259 -4.9328 0
      vertex -20.2573 -21.2315 0
      vertex -2.75 -4.76314 0
    endloop
  endfacet
  facet normal 0 0 -1
    outer loop
      vertex -20.3059 -21.1242 0
      vertex -2.75 -4.76314 0
      vertex -20.2573 -21.2315 0
    endloop
  endfacet
  facet normal -0 0 -1
    outer loop
      vertex -2.75 -4.76314 0
      vertex -20.3059 -21.1242 0
      vertex -3.05564 -4.57308 0
    endloop
  endfacet
  facet normal -0 0 -1
    outer loop
      vertex -3.05564 -4.57308 0
      vertex -20.4237 -20.9203 0
      vertex -3.34819 -4.36344 0
    endloop
  endfacet
  facet normal 0 0 -1
    outer loop
      vertex 23.2736 -20.7335 0
      vertex 29.9329 -20.0005 0
      vertex 23.3483 -20.8245 0
    endloop
  endfacet
  facet normal 0 0 -1
    outer loop
      vertex 36 0 0
      vertex 23.7165 21.8026 0
      vertex 23.7203 21.9203 0
    endloop
  endfacet
  facet normal 0 0 -1
    outer loop
      vertex 23.1931 -20.6475 0
      vertex 29.9329 -20.0005 0
      vertex 23.2736 -20.7335 0
    endloop
  endfacet
  facet normal 0 0 -1
    outer loop
      vertex 36 0 0
      vertex 23.7049 21.6854 0
      vertex 23.7165 21.8026 0
    endloop
  endfacet
  facet normal 0 0 -1
    outer loop
      vertex 23.1071 -20.567 0
      vertex 29.9329 -20.0005 0
      vertex 23.1931 -20.6475 0
    endloop
  endfacet
  facet normal 0 0 -1
    outer loop
      vertex 36 0 0
      vertex 23.6857 21.5691 0
      vertex 23.7049 21.6854 0
    endloop
  endfacet
  facet normal 0 0 -1
    outer loop
      vertex 23.0161 -20.4923 0
      vertex 29.9329 -20.0005 0
      vertex 23.1071 -20.567 0
    endloop
  endfacet
  facet normal 0 0 -1
    outer loop
      vertex 36 0 0
      vertex 23.659 21.4544 0
      vertex 23.6857 21.5691 0
    endloop
  endfacet
  facet normal -0 0 -1
    outer loop
      vertex 29.9329 -20.0005 0
      vertex 23.0161 -20.4923 0
      vertex 31.1769 -18 0
    endloop
  endfacet
  facet normal 0 0 -1
    outer loop
      vertex 36 0 0
      vertex 23.6248 21.3417 0
      vertex 23.659 21.4544 0
    endloop
  endfacet
  facet normal 0 0 -1
    outer loop
      vertex 22.9203 -20.4237 0
      vertex 31.1769 -18 0
      vertex 23.0161 -20.4923 0
    endloop
  endfacet
  facet normal 0 0 -1
    outer loop
      vertex 36 0 0
      vertex 23.5833 21.2315 0
      vertex 23.6248 21.3417 0
    endloop
  endfacet
  facet normal 0 0 -1
    outer loop
      vertex 22.8203 -20.3615 0
      vertex 31.1769 -18 0
      vertex 22.9203 -20.4237 0
    endloop
  endfacet
  facet normal 0 0 -1
    outer loop
      vertex 36 0 0
      vertex 23.5347 21.1242 0
      vertex 23.5833 21.2315 0
    endloop
  endfacet
  facet normal 0 0 -1
    outer loop
      vertex 22.7164 -20.3059 0
      vertex 31.1769 -18 0
      vertex 22.8203 -20.3615 0
    endloop
  endfacet
  facet normal 0 -0 -1
    outer loop
      vertex 19.6454 7.85938 0
      vertex 36 0 0
      vertex 19.6316 7.71937 0
    endloop
  endfacet
  facet normal 0 0 -1
    outer loop
      vertex 22.6091 -20.2573 0
      vertex 31.1769 -18 0
      vertex 22.7164 -20.3059 0
    endloop
  endfacet
  facet normal 0 -0 -1
    outer loop
      vertex 19.65 8 0
      vertex 36 0 0
      vertex 19.6454 7.85938 0
    endloop
  endfacet
  facet normal -0 0 -1
    outer loop
      vertex 31.1769 -18 0
      vertex 22.6091 -20.2573 0
      vertex 32.2874 -15.9224 0
    endloop
  endfacet
  facet normal 0 0 -1
    outer loop
      vertex 36 0 0
      vertex 23.4792 21.0203 0
      vertex 23.5347 21.1242 0
    endloop
  endfacet
  facet normal 0 0 -1
    outer loop
      vertex 22.4989 -20.2158 0
      vertex 32.2874 -15.9224 0
      vertex 22.6091 -20.2573 0
    endloop
  endfacet
  facet normal 0 0 -1
    outer loop
      vertex 19.6454 8.14062 0
      vertex 36 0 0
      vertex 19.65 8 0
    endloop
  endfacet
  facet normal 0 0 -1
    outer loop
      vertex 22.3862 -20.1816 0
      vertex 32.2874 -15.9224 0
      vertex 22.4989 -20.2158 0
    endloop
  endfacet
  facet normal 0 0 -1
    outer loop
      vertex 36 0 0
      vertex 23.417 20.9203 0
      vertex 23.4792 21.0203 0
    endloop
  endfacet
  facet normal 0 0 -1
    outer loop
      vertex 22.2715 -20.1549 0
      vertex 32.2874 -15.9224 0
      vertex 22.3862 -20.1816 0
    endloop
  endfacet
  facet normal 0 0 -1
    outer loop
      vertex 36 0 0
      vertex 23.3483 20.8245 0
      vertex 23.417 20.9203 0
    endloop
  endfacet
  facet normal -0 0 -1
    outer loop
      vertex 32.2874 -15.9224 0
      vertex 22.2715 -20.1549 0
      vertex 33.2597 -13.7766 0
    endloop
  endfacet
  facet normal 0 0 -1
    outer loop
      vertex 36 0 0
      vertex 23.2736 20.7335 0
      vertex 23.3483 20.8245 0
    endloop
  endfacet
  facet normal 0 0 -1
    outer loop
      vertex 22.1553 -20.1357 0
      vertex 33.2597 -13.7766 0
      vertex 22.2715 -20.1549 0
    endloop
  endfacet
  facet normal 0 0 -1
    outer loop
      vertex 36 0 0
      vertex 23.1931 20.6475 0
      vertex 23.2736 20.7335 0
    endloop
  endfacet
  facet normal 0 0 -1
    outer loop
      vertex 22.038 -20.1242 0
      vertex 33.2597 -13.7766 0
      vertex 22.1553 -20.1357 0
    endloop
  endfacet
  facet normal 0 0 -1
    outer loop
      vertex 36 0 0
      vertex 23.1071 20.567 0
      vertex 23.1931 20.6475 0
    endloop
  endfacet
  facet normal -0 0 -1
    outer loop
      vertex 33.2597 -13.7766 0
      vertex 22.038 -20.1242 0
      vertex 34.0895 -11.5718 0
    endloop
  endfacet
  facet normal 0 0 -1
    outer loop
      vertex 19.6316 8.28063 0
      vertex 36 0 0
      vertex 19.6454 8.14062 0
    endloop
  endfacet
  facet normal 0 0 -1
    outer loop
      vertex 21.9203 -20.1203 0
      vertex 34.0895 -11.5718 0
      vertex 22.038 -20.1242 0
    endloop
  endfacet
  facet normal 0 0 -1
    outer loop
      vertex 19.6087 8.41944 0
      vertex 36 0 0
      vertex 19.6316 8.28063 0
    endloop
  endfacet
  facet normal 0 0 -1
    outer loop
      vertex 18.0565 5.92326 0
      vertex 34.0895 -11.5718 0
      vertex 21.9203 -20.1203 0
    endloop
  endfacet
  facet normal 0 0 -1
    outer loop
      vertex 19.5767 8.55646 0
      vertex 36 0 0
      vertex 19.6087 8.41944 0
    endloop
  endfacet
  facet normal 0 0 -1
    outer loop
      vertex 34.0895 -11.5718 0
      vertex 18.0565 5.92326 0
      vertex 34.7733 -9.31748 0
    endloop
  endfacet
  facet normal 0 0 -1
    outer loop
      vertex 36 0 0
      vertex 19.5767 8.55646 0
      vertex 23.1071 20.567 0
    endloop
  endfacet
  facet normal 0 0 -1
    outer loop
      vertex 34.7733 -9.31748 0
      vertex 18.3228 6.01366 0
      vertex 35.3083 -7.02325 0
    endloop
  endfacet
  facet normal 0 0 -1
    outer loop
      vertex 19.5359 8.69109 0
      vertex 23.1071 20.567 0
      vertex 19.5767 8.55646 0
    endloop
  endfacet
  facet normal 0 0 -1
    outer loop
      vertex 35.3083 -7.02325 0
      vertex 18.575 6.13805 0
      vertex 35.692 -4.69894 0
    endloop
  endfacet
  facet normal 0 0 -1
    outer loop
      vertex 23.1071 20.567 0
      vertex 19.5359 8.69109 0
      vertex 23.0161 20.4923 0
    endloop
  endfacet
  facet normal 0 -0 -1
    outer loop
      vertex 18.575 6.13805 0
      vertex 35.3083 -7.02325 0
      vertex 18.4509 6.07172 0
    endloop
  endfacet
  facet normal 0 0 -1
    outer loop
      vertex 19.4863 8.82277 0
      vertex 23.0161 20.4923 0
      vertex 19.5359 8.69109 0
    endloop
  endfacet
  facet normal 0 -0 -1
    outer loop
      vertex 18.3228 6.01366 0
      vertex 34.7733 -9.31748 0
      vertex 18.1911 5.9641 0
    endloop
  endfacet
  facet normal 0 0 -1
    outer loop
      vertex 19.4283 8.95092 0
      vertex 22.9203 20.4237 0
      vertex 19.4863 8.82277 0
    endloop
  endfacet
  facet normal 0 0 -1
    outer loop
      vertex 18.0565 5.92326 0
      vertex 21.9203 -20.1203 0
      vertex 21.8026 -20.1242 0
    endloop
  endfacet
  facet normal 0 0 -1
    outer loop
      vertex 22.9203 20.4237 0
      vertex 19.4283 8.95092 0
      vertex 22.8203 20.3615 0
    endloop
  endfacet
  facet normal 0 0 -1
    outer loop
      vertex 17.9194 5.89131 0
      vertex 21.8026 -20.1242 0
      vertex 21.6854 -20.1357 0
    endloop
  endfacet
  facet normal 0 0 -1
    outer loop
      vertex 22.8203 20.3615 0
      vertex 19.4283 8.95092 0
      vertex 22.7164 20.3059 0
    endloop
  endfacet
  facet normal 0 0 -1
    outer loop
      vertex 17.7806 5.86839 0
      vertex 21.6854 -20.1357 0
      vertex 21.5691 -20.1549 0
    endloop
  endfacet
  facet normal 0 0 -1
    outer loop
      vertex 19.362 9.075 0
      vertex 22.7164 20.3059 0
      vertex 19.4283 8.95092 0
    endloop
  endfacet
  facet normal 0 0 -1
    outer loop
      vertex 17.6406 5.8546 0
      vertex 21.5691 -20.1549 0
      vertex 21.4544 -20.1816 0
    endloop
  endfacet
  facet normal 0 0 -1
    outer loop
      vertex 22.7164 20.3059 0
      vertex 19.362 9.075 0
      vertex 22.6091 20.2573 0
    endloop
  endfacet
  facet normal 0 0 -1
    outer loop
      vertex 17.5 5.85 0
      vertex 21.4544 -20.1816 0
      vertex 21.3417 -20.2158 0
    endloop
  endfacet
  facet normal 0 0 -1
    outer loop
      vertex 19.2877 9.19448 0
      vertex 22.6091 20.2573 0
      vertex 19.362 9.075 0
    endloop
  endfacet
  facet normal 0 0 -1
    outer loop
      vertex 4.9328 -2.43259 0
      vertex 21.3417 -20.2158 0
      vertex 21.2315 -20.2573 0
    endloop
  endfacet
  facet normal 0 0 -1
    outer loop
      vertex 22.6091 20.2573 0
      vertex 19.2877 9.19448 0
      vertex 22.4989 20.2158 0
    endloop
  endfacet
  facet normal 0 0 -1
    outer loop
      vertex 4.9328 -2.43259 0
      vertex 21.2315 -20.2573 0
      vertex 21.1242 -20.3059 0
    endloop
  endfacet
  facet normal 0 0 -1
    outer loop
      vertex 19.2057 9.30884 0
      vertex 22.4989 20.2158 0
      vertex 19.2877 9.19448 0
    endloop
  endfacet
  facet normal 0 0 -1
    outer loop
      vertex 4.9328 -2.43259 0
      vertex 21.1242 -20.3059 0
      vertex 21.0203 -20.3615 0
    endloop
  endfacet
  facet normal 0 0 -1
    outer loop
      vertex 22.4989 20.2158 0
      vertex 19.2057 9.30884 0
      vertex 22.3862 20.1816 0
    endloop
  endfacet
  facet normal 0 0 -1
    outer loop
      vertex 4.9328 -2.43259 0
      vertex 21.0203 -20.3615 0
      vertex 20.9203 -20.4237 0
    endloop
  endfacet
  facet normal 0 0 -1
    outer loop
      vertex 19.1165 9.41759 0
      vertex 22.3862 20.1816 0
      vertex 19.2057 9.30884 0
    endloop
  endfacet
  facet normal 0 0 -1
    outer loop
      vertex 4.9328 -2.43259 0
      vertex 20.9203 -20.4237 0
      vertex 20.8245 -20.4923 0
    endloop
  endfacet
  facet normal 0 0 -1
    outer loop
      vertex 22.3862 20.1816 0
      vertex 19.1165 9.41759 0
      vertex 22.2715 20.1549 0
    endloop
  endfacet
  facet normal 0 0 -1
    outer loop
      vertex 4.9328 -2.43259 0
      vertex 20.8245 -20.4923 0
      vertex 20.7335 -20.567 0
    endloop
  endfacet
  facet normal 0 0 -1
    outer loop
      vertex 19.0203 9.52028 0
      vertex 22.2715 20.1549 0
      vertex 19.1165 9.41759 0
    endloop
  endfacet
  facet normal 0 0 -1
    outer loop
      vertex 4.9328 -2.43259 0
      vertex 20.7335 -20.567 0
      vertex 20.6475 -20.6475 0
    endloop
  endfacet
  facet normal 0 0 -1
    outer loop
      vertex 22.2715 20.1549 0
      vertex 19.0203 9.52028 0
      vertex 22.1553 20.1357 0
    endloop
  endfacet
  facet normal 0 0 -1
    outer loop
      vertex 4.9328 -2.43259 0
      vertex 20.6475 -20.6475 0
      vertex 20.567 -20.7335 0
    endloop
  endfacet
  facet normal 0 0 -1
    outer loop
      vertex 18.9176 9.61646 0
      vertex 22.1553 20.1357 0
      vertex 19.0203 9.52028 0
    endloop
  endfacet
  facet normal 0 0 -1
    outer loop
      vertex 4.9328 -2.43259 0
      vertex 20.567 -20.7335 0
      vertex 20.4923 -20.8245 0
    endloop
  endfacet
  facet normal 0 0 -1
    outer loop
      vertex 18.8088 9.70571 0
      vertex 22.038 20.1242 0
      vertex 18.9176 9.61646 0
    endloop
  endfacet
  facet normal 0 0 -1
    outer loop
      vertex 4.9328 -2.43259 0
      vertex 20.4923 -20.8245 0
      vertex 20.4237 -20.9203 0
    endloop
  endfacet
  facet normal 0 0 -1
    outer loop
      vertex 22.038 20.1242 0
      vertex 18.8088 9.70571 0
      vertex 21.9203 20.1203 0
    endloop
  endfacet
  facet normal 0 0 -1
    outer loop
      vertex 4.9328 -2.43259 0
      vertex 20.4237 -20.9203 0
      vertex 20.3615 -21.0203 0
    endloop
  endfacet
  facet normal 0 0 -1
    outer loop
      vertex 18.6945 9.78766 0
      vertex 21.9203 20.1203 0
      vertex 18.8088 9.70571 0
    endloop
  endfacet
  facet normal 0 0 -1
    outer loop
      vertex 4.9328 -2.43259 0
      vertex 20.3615 -21.0203 0
      vertex 20.3059 -21.1242 0
    endloop
  endfacet
  facet normal -0 0 -1
    outer loop
      vertex 21.9203 20.1203 0
      vertex 18.6945 9.78766 0
      vertex 21.8026 20.1242 0
    endloop
  endfacet
  facet normal 0 0 -1
    outer loop
      vertex 4.9328 -2.43259 0
      vertex 20.3059 -21.1242 0
      vertex 20.2573 -21.2315 0
    endloop
  endfacet
  facet normal 0 0 -1
    outer loop
      vertex 18.575 9.86195 0
      vertex 21.8026 20.1242 0
      vertex 18.6945 9.78766 0
    endloop
  endfacet
  facet normal 0 0 -1
    outer loop
      vertex 4.9328 -2.43259 0
      vertex 20.2573 -21.2315 0
      vertex 20.2158 -21.3417 0
    endloop
  endfacet
  facet normal -0 0 -1
    outer loop
      vertex 21.8026 20.1242 0
      vertex 18.575 9.86195 0
      vertex 21.6854 20.1357 0
    endloop
  endfacet
  facet normal 0 0 -1
    outer loop
      vertex 4.9328 -2.43259 0
      vertex 20.2158 -21.3417 0
      vertex 20.1816 -21.4544 0
    endloop
  endfacet
  facet normal 0 0 -1
    outer loop
      vertex 18.4509 9.92828 0
      vertex 21.6854 20.1357 0
      vertex 18.575 9.86195 0
    endloop
  endfacet
  facet normal 0 0 -1
    outer loop
      vertex 20.1357 -21.6854 0
      vertex 4.9328 -2.43259 0
      vertex 20.1549 -21.5691 0
    endloop
  endfacet
  facet normal -0 0 -1
    outer loop
      vertex 21.6854 20.1357 0
      vertex 18.4509 9.92828 0
      vertex 21.5691 20.1549 0
    endloop
  endfacet
  facet normal 0 0 -1
    outer loop
      vertex 4.9328 -2.43259 0
      vertex 20.1357 -21.6854 0
      vertex 13.7766 -33.2597 0
    endloop
  endfacet
  facet normal 0 0 -1
    outer loop
      vertex 18.3228 9.98634 0
      vertex 21.5691 20.1549 0
      vertex 18.4509 9.92828 0
    endloop
  endfacet
  facet normal 0 0 -1
    outer loop
      vertex 13.7766 -33.2597 0
      vertex 20.1357 -21.6854 0
      vertex 20.1242 -21.8026 0
    endloop
  endfacet
  facet normal -0 0 -1
    outer loop
      vertex 21.5691 20.1549 0
      vertex 18.3228 9.98634 0
      vertex 21.4544 20.1816 0
    endloop
  endfacet
  facet normal 0 0 -1
    outer loop
      vertex 13.7766 -33.2597 0
      vertex 20.1242 -21.8026 0
      vertex 20.1203 -21.9203 0
    endloop
  endfacet
  facet normal 0 0 -1
    outer loop
      vertex 18.1911 10.0359 0
      vertex 21.4544 20.1816 0
      vertex 18.3228 9.98634 0
    endloop
  endfacet
  facet normal 0 0 -1
    outer loop
      vertex 28.5607 -21.9154 0
      vertex 23.417 -20.9203 0
      vertex 29.9329 -20.0005 0
    endloop
  endfacet
  facet normal 0 0 -1
    outer loop
      vertex 23.417 -20.9203 0
      vertex 28.5607 -21.9154 0
      vertex 23.4792 -21.0203 0
    endloop
  endfacet
  facet normal 0 0 -1
    outer loop
      vertex 23.3483 -20.8245 0
      vertex 29.9329 -20.0005 0
      vertex 23.417 -20.9203 0
    endloop
  endfacet
  facet normal 0 0 -1
    outer loop
      vertex 23.4792 -21.0203 0
      vertex 28.5607 -21.9154 0
      vertex 23.5347 -21.1242 0
    endloop
  endfacet
  facet normal 0 0 -1
    outer loop
      vertex 36 0 0
      vertex 23.7203 21.9203 0
      vertex 35.9229 2.35451 0
    endloop
  endfacet
  facet normal 0 0 -1
    outer loop
      vertex 23.5347 -21.1242 0
      vertex 28.5607 -21.9154 0
      vertex 23.5833 -21.2315 0
    endloop
  endfacet
  facet normal 0 0 -1
    outer loop
      vertex 35.9229 2.35451 0
      vertex 23.7203 21.9203 0
      vertex 35.692 4.69894 0
    endloop
  endfacet
  facet normal 0 0 -1
    outer loop
      vertex 23.5833 -21.2315 0
      vertex 28.5607 -21.9154 0
      vertex 23.6248 -21.3417 0
    endloop
  endfacet
  facet normal 0 0 -1
    outer loop
      vertex 35.692 4.69894 0
      vertex 23.7203 21.9203 0
      vertex 35.3083 7.02325 0
    endloop
  endfacet
  facet normal 0 0 -1
    outer loop
      vertex 23.6248 -21.3417 0
      vertex 28.5607 -21.9154 0
      vertex 23.659 -21.4544 0
    endloop
  endfacet
  facet normal 0 0 -1
    outer loop
      vertex 35.3083 7.02325 0
      vertex 23.7203 21.9203 0
      vertex 34.7733 9.31748 0
    endloop
  endfacet
  facet normal 0 0 -1
    outer loop
      vertex 23.659 -21.4544 0
      vertex 28.5607 -21.9154 0
      vertex 23.6857 -21.5691 0
    endloop
  endfacet
  facet normal 0 0 -1
    outer loop
      vertex 34.7733 9.31748 0
      vertex 23.7203 21.9203 0
      vertex 34.0895 11.5718 0
    endloop
  endfacet
  facet normal 0 0 -1
    outer loop
      vertex 23.6857 -21.5691 0
      vertex 28.5607 -21.9154 0
      vertex 23.7049 -21.6854 0
    endloop
  endfacet
  facet normal 0 0 -1
    outer loop
      vertex 34.0895 11.5718 0
      vertex 23.7203 21.9203 0
      vertex 33.2597 13.7766 0
    endloop
  endfacet
  facet normal 0 0 -1
    outer loop
      vertex 27.0662 -23.7365 0
      vertex 23.7049 -21.6854 0
      vertex 28.5607 -21.9154 0
    endloop
  endfacet
  facet normal 0 0 -1
    outer loop
      vertex 33.2597 13.7766 0
      vertex 23.7203 21.9203 0
      vertex 32.2874 15.9224 0
    endloop
  endfacet
  facet normal 0 0 -1
    outer loop
      vertex 23.7049 -21.6854 0
      vertex 27.0662 -23.7365 0
      vertex 23.7165 -21.8026 0
    endloop
  endfacet
  facet normal 0 0 -1
    outer loop
      vertex 32.2874 15.9224 0
      vertex 23.7203 21.9203 0
      vertex 31.1769 18 0
    endloop
  endfacet
  facet normal 0 0 -1
    outer loop
      vertex 23.7165 -21.8026 0
      vertex 27.0662 -23.7365 0
      vertex 23.7203 -21.9203 0
    endloop
  endfacet
  facet normal 0 0 -1
    outer loop
      vertex 31.1769 18 0
      vertex 23.7203 21.9203 0
      vertex 29.9329 20.0005 0
    endloop
  endfacet
  facet normal 0 0 -1
    outer loop
      vertex 23.5347 -22.7164 0
      vertex 27.0662 -23.7365 0
      vertex 25.4558 -25.4558 0
    endloop
  endfacet
  facet normal 0 0 -1
    outer loop
      vertex 29.9329 20.0005 0
      vertex 23.7203 21.9203 0
      vertex 28.5607 21.9154 0
    endloop
  endfacet
  facet normal 0 0 -1
    outer loop
      vertex 22.7164 -23.5347 0
      vertex 25.4558 -25.4558 0
      vertex 23.7365 -27.0662 0
    endloop
  endfacet
  facet normal 0 0 -1
    outer loop
      vertex 28.5607 21.9154 0
      vertex 23.7203 21.9203 0
      vertex 27.0662 23.7365 0
    endloop
  endfacet
  facet normal 0 0 -1
    outer loop
      vertex 23.7165 22.038 0
      vertex 27.0662 23.7365 0
      vertex 23.7203 21.9203 0
    endloop
  endfacet
  facet normal 0 0 -1
    outer loop
      vertex 27.0662 -23.7365 0
      vertex 23.7165 -22.038 0
      vertex 23.7203 -21.9203 0
    endloop
  endfacet
  facet normal 0 0 -1
    outer loop
      vertex 27.0662 -23.7365 0
      vertex 23.7049 -22.1553 0
      vertex 23.7165 -22.038 0
    endloop
  endfacet
  facet normal 0 0 -1
    outer loop
      vertex 27.0662 -23.7365 0
      vertex 23.6857 -22.2715 0
      vertex 23.7049 -22.1553 0
    endloop
  endfacet
  facet normal 0 0 -1
    outer loop
      vertex 27.0662 -23.7365 0
      vertex 23.659 -22.3862 0
      vertex 23.6857 -22.2715 0
    endloop
  endfacet
  facet normal 0 0 -1
    outer loop
      vertex 27.0662 -23.7365 0
      vertex 23.6248 -22.4989 0
      vertex 23.659 -22.3862 0
    endloop
  endfacet
  facet normal 0 0 -1
    outer loop
      vertex 27.0662 -23.7365 0
      vertex 23.5833 -22.6091 0
      vertex 23.6248 -22.4989 0
    endloop
  endfacet
  facet normal 0 0 -1
    outer loop
      vertex 27.0662 -23.7365 0
      vertex 23.5347 -22.7164 0
      vertex 23.5833 -22.6091 0
    endloop
  endfacet
  facet normal 0 0 -1
    outer loop
      vertex 25.4558 -25.4558 0
      vertex 23.4792 -22.8203 0
      vertex 23.5347 -22.7164 0
    endloop
  endfacet
  facet normal 0 0 -1
    outer loop
      vertex 25.4558 -25.4558 0
      vertex 23.417 -22.9203 0
      vertex 23.4792 -22.8203 0
    endloop
  endfacet
  facet normal 0 0 -1
    outer loop
      vertex 25.4558 -25.4558 0
      vertex 23.3483 -23.0161 0
      vertex 23.417 -22.9203 0
    endloop
  endfacet
  facet normal 0 0 -1
    outer loop
      vertex 25.4558 -25.4558 0
      vertex 23.2736 -23.1071 0
      vertex 23.3483 -23.0161 0
    endloop
  endfacet
  facet normal 0 0 -1
    outer loop
      vertex 25.4558 -25.4558 0
      vertex 23.1931 -23.1931 0
      vertex 23.2736 -23.1071 0
    endloop
  endfacet
  facet normal 0 0 -1
    outer loop
      vertex 25.4558 -25.4558 0
      vertex 23.1071 -23.2736 0
      vertex 23.1931 -23.1931 0
    endloop
  endfacet
  facet normal 0 0 -1
    outer loop
      vertex 25.4558 -25.4558 0
      vertex 23.0161 -23.3483 0
      vertex 23.1071 -23.2736 0
    endloop
  endfacet
  facet normal 0 0 -1
    outer loop
      vertex 25.4558 -25.4558 0
      vertex 22.9203 -23.417 0
      vertex 23.0161 -23.3483 0
    endloop
  endfacet
  facet normal 0 0 -1
    outer loop
      vertex 25.4558 -25.4558 0
      vertex 22.8203 -23.4792 0
      vertex 22.9203 -23.417 0
    endloop
  endfacet
  facet normal 0 0 -1
    outer loop
      vertex 25.4558 -25.4558 0
      vertex 22.7164 -23.5347 0
      vertex 22.8203 -23.4792 0
    endloop
  endfacet
  facet normal 0 0 -1
    outer loop
      vertex 23.7365 -27.0662 0
      vertex 22.6091 -23.5833 0
      vertex 22.7164 -23.5347 0
    endloop
  endfacet
  facet normal 0 0 -1
    outer loop
      vertex 23.7365 -27.0662 0
      vertex 22.4989 -23.6248 0
      vertex 22.6091 -23.5833 0
    endloop
  endfacet
  facet normal 0 0 -1
    outer loop
      vertex 23.7365 -27.0662 0
      vertex 22.3862 -23.659 0
      vertex 22.4989 -23.6248 0
    endloop
  endfacet
  facet normal 0 0 -1
    outer loop
      vertex 23.7365 -27.0662 0
      vertex 22.2715 -23.6857 0
      vertex 22.3862 -23.659 0
    endloop
  endfacet
  facet normal 0 0 -1
    outer loop
      vertex 23.7365 -27.0662 0
      vertex 22.1553 -23.7049 0
      vertex 22.2715 -23.6857 0
    endloop
  endfacet
  facet normal 0 0 -1
    outer loop
      vertex 23.7365 -27.0662 0
      vertex 22.038 -23.7165 0
      vertex 22.1553 -23.7049 0
    endloop
  endfacet
  facet normal 0 0 -1
    outer loop
      vertex 23.7365 -27.0662 0
      vertex 21.9203 -23.7203 0
      vertex 22.038 -23.7165 0
    endloop
  endfacet
  facet normal 0 0 -1
    outer loop
      vertex 21.6854 -23.7049 0
      vertex 23.7365 -27.0662 0
      vertex 21.9154 -28.5607 0
    endloop
  endfacet
  facet normal 0 0 -1
    outer loop
      vertex 23.7365 -27.0662 0
      vertex 21.8026 -23.7165 0
      vertex 21.9203 -23.7203 0
    endloop
  endfacet
  facet normal 0 0 -1
    outer loop
      vertex 23.7365 -27.0662 0
      vertex 21.6854 -23.7049 0
      vertex 21.8026 -23.7165 0
    endloop
  endfacet
  facet normal 0 0 -1
    outer loop
      vertex 21.9154 -28.5607 0
      vertex 21.5691 -23.6857 0
      vertex 21.6854 -23.7049 0
    endloop
  endfacet
  facet normal 0 0 -1
    outer loop
      vertex 21.9154 -28.5607 0
      vertex 21.4544 -23.659 0
      vertex 21.5691 -23.6857 0
    endloop
  endfacet
  facet normal 0 0 -1
    outer loop
      vertex 21.9154 -28.5607 0
      vertex 21.3417 -23.6248 0
      vertex 21.4544 -23.659 0
    endloop
  endfacet
  facet normal 0 0 -1
    outer loop
      vertex 21.9154 -28.5607 0
      vertex 21.2315 -23.5833 0
      vertex 21.3417 -23.6248 0
    endloop
  endfacet
  facet normal 0 0 -1
    outer loop
      vertex 21.9154 -28.5607 0
      vertex 21.1242 -23.5347 0
      vertex 21.2315 -23.5833 0
    endloop
  endfacet
  facet normal 0 0 -1
    outer loop
      vertex 21.9154 -28.5607 0
      vertex 21.0203 -23.4792 0
      vertex 21.1242 -23.5347 0
    endloop
  endfacet
  facet normal 0 0 -1
    outer loop
      vertex 21.9154 -28.5607 0
      vertex 20.9203 -23.417 0
      vertex 21.0203 -23.4792 0
    endloop
  endfacet
  facet normal 0 0 -1
    outer loop
      vertex 20.0005 -29.9329 0
      vertex 20.9203 -23.417 0
      vertex 21.9154 -28.5607 0
    endloop
  endfacet
  facet normal -0 0 -1
    outer loop
      vertex 20.9203 -23.417 0
      vertex 20.0005 -29.9329 0
      vertex 20.8245 -23.3483 0
    endloop
  endfacet
  facet normal -0 0 -1
    outer loop
      vertex 20.8245 -23.3483 0
      vertex 20.0005 -29.9329 0
      vertex 20.7335 -23.2736 0
    endloop
  endfacet
  facet normal -0 0 -1
    outer loop
      vertex 20.7335 -23.2736 0
      vertex 20.0005 -29.9329 0
      vertex 20.6475 -23.1931 0
    endloop
  endfacet
  facet normal -0 0 -1
    outer loop
      vertex 20.6475 -23.1931 0
      vertex 20.0005 -29.9329 0
      vertex 20.567 -23.1071 0
    endloop
  endfacet
  facet normal -0 0 -1
    outer loop
      vertex 20.567 -23.1071 0
      vertex 20.0005 -29.9329 0
      vertex 20.4923 -23.0161 0
    endloop
  endfacet
  facet normal 0 0 -1
    outer loop
      vertex 18 -31.1769 0
      vertex 20.4923 -23.0161 0
      vertex 20.0005 -29.9329 0
    endloop
  endfacet
  facet normal -0 0 -1
    outer loop
      vertex 20.4923 -23.0161 0
      vertex 18 -31.1769 0
      vertex 20.4237 -22.9203 0
    endloop
  endfacet
  facet normal -0 0 -1
    outer loop
      vertex 20.4237 -22.9203 0
      vertex 18 -31.1769 0
      vertex 20.3615 -22.8203 0
    endloop
  endfacet
  facet normal -0 0 -1
    outer loop
      vertex 20.3615 -22.8203 0
      vertex 18 -31.1769 0
      vertex 20.3059 -22.7164 0
    endloop
  endfacet
  facet normal -0 0 -1
    outer loop
      vertex 20.3059 -22.7164 0
      vertex 18 -31.1769 0
      vertex 20.2573 -22.6091 0
    endloop
  endfacet
  facet normal -0 0 -1
    outer loop
      vertex 20.1549 -22.2715 0
      vertex 13.7766 -33.2597 0
      vertex 20.1357 -22.1553 0
    endloop
  endfacet
  facet normal 0 0 -1
    outer loop
      vertex 13.7766 -33.2597 0
      vertex 20.1549 -22.2715 0
      vertex 15.9224 -32.2874 0
    endloop
  endfacet
  facet normal -0 0 -1
    outer loop
      vertex 20.1816 -22.3862 0
      vertex 15.9224 -32.2874 0
      vertex 20.1549 -22.2715 0
    endloop
  endfacet
  facet normal -0 0 -1
    outer loop
      vertex 20.2158 -22.4989 0
      vertex 15.9224 -32.2874 0
      vertex 20.1816 -22.3862 0
    endloop
  endfacet
  facet normal -0 0 -1
    outer loop
      vertex 20.2573 -22.6091 0
      vertex 15.9224 -32.2874 0
      vertex 20.2158 -22.4989 0
    endloop
  endfacet
  facet normal 0 0 -1
    outer loop
      vertex 15.9224 -32.2874 0
      vertex 20.2573 -22.6091 0
      vertex 18 -31.1769 0
    endloop
  endfacet
  facet normal 0 0 -1
    outer loop
      vertex 23.7049 22.1553 0
      vertex 27.0662 23.7365 0
      vertex 23.7165 22.038 0
    endloop
  endfacet
  facet normal 0 0 -1
    outer loop
      vertex 23.6857 22.2715 0
      vertex 27.0662 23.7365 0
      vertex 23.7049 22.1553 0
    endloop
  endfacet
  facet normal 0 0 -1
    outer loop
      vertex 23.659 22.3862 0
      vertex 27.0662 23.7365 0
      vertex 23.6857 22.2715 0
    endloop
  endfacet
  facet normal 0 0 -1
    outer loop
      vertex 23.6248 22.4989 0
      vertex 27.0662 23.7365 0
      vertex 23.659 22.3862 0
    endloop
  endfacet
  facet normal 0 0 -1
    outer loop
      vertex 23.5833 22.6091 0
      vertex 27.0662 23.7365 0
      vertex 23.6248 22.4989 0
    endloop
  endfacet
  facet normal 0 0 -1
    outer loop
      vertex 23.5347 22.7164 0
      vertex 27.0662 23.7365 0
      vertex 23.5833 22.6091 0
    endloop
  endfacet
  facet normal -0 0 -1
    outer loop
      vertex 27.0662 23.7365 0
      vertex 23.5347 22.7164 0
      vertex 25.4558 25.4558 0
    endloop
  endfacet
  facet normal 0 0 -1
    outer loop
      vertex 23.4792 22.8203 0
      vertex 25.4558 25.4558 0
      vertex 23.5347 22.7164 0
    endloop
  endfacet
  facet normal 0 0 -1
    outer loop
      vertex 23.417 22.9203 0
      vertex 25.4558 25.4558 0
      vertex 23.4792 22.8203 0
    endloop
  endfacet
  facet normal 0 0 -1
    outer loop
      vertex 23.3483 23.0161 0
      vertex 25.4558 25.4558 0
      vertex 23.417 22.9203 0
    endloop
  endfacet
  facet normal 0 0 -1
    outer loop
      vertex 23.2736 23.1071 0
      vertex 25.4558 25.4558 0
      vertex 23.3483 23.0161 0
    endloop
  endfacet
  facet normal 0 0 -1
    outer loop
      vertex 23.1931 23.1931 0
      vertex 25.4558 25.4558 0
      vertex 23.2736 23.1071 0
    endloop
  endfacet
  facet normal 0 0 -1
    outer loop
      vertex 23.1071 23.2736 0
      vertex 25.4558 25.4558 0
      vertex 23.1931 23.1931 0
    endloop
  endfacet
  facet normal 0 0 -1
    outer loop
      vertex 23.0161 23.3483 0
      vertex 25.4558 25.4558 0
      vertex 23.1071 23.2736 0
    endloop
  endfacet
  facet normal 0 0 -1
    outer loop
      vertex 22.9203 23.417 0
      vertex 25.4558 25.4558 0
      vertex 23.0161 23.3483 0
    endloop
  endfacet
  facet normal 0 0 -1
    outer loop
      vertex 22.8203 23.4792 0
      vertex 25.4558 25.4558 0
      vertex 22.9203 23.417 0
    endloop
  endfacet
  facet normal 0 0 -1
    outer loop
      vertex 22.7164 23.5347 0
      vertex 25.4558 25.4558 0
      vertex 22.8203 23.4792 0
    endloop
  endfacet
  facet normal -0 0 -1
    outer loop
      vertex 25.4558 25.4558 0
      vertex 22.7164 23.5347 0
      vertex 23.7365 27.0662 0
    endloop
  endfacet
  facet normal 0 0 -1
    outer loop
      vertex 22.6091 23.5833 0
      vertex 23.7365 27.0662 0
      vertex 22.7164 23.5347 0
    endloop
  endfacet
  facet normal 0 0 -1
    outer loop
      vertex 22.4989 23.6248 0
      vertex 23.7365 27.0662 0
      vertex 22.6091 23.5833 0
    endloop
  endfacet
  facet normal 0 0 -1
    outer loop
      vertex 22.3862 23.659 0
      vertex 23.7365 27.0662 0
      vertex 22.4989 23.6248 0
    endloop
  endfacet
  facet normal 0 0 -1
    outer loop
      vertex 22.2715 23.6857 0
      vertex 23.7365 27.0662 0
      vertex 22.3862 23.659 0
    endloop
  endfacet
  facet normal 0 0 -1
    outer loop
      vertex 22.1553 23.7049 0
      vertex 23.7365 27.0662 0
      vertex 22.2715 23.6857 0
    endloop
  endfacet
  facet normal 0 0 -1
    outer loop
      vertex 22.038 23.7165 0
      vertex 23.7365 27.0662 0
      vertex 22.1553 23.7049 0
    endloop
  endfacet
  facet normal 0 0 -1
    outer loop
      vertex 21.9203 23.7203 0
      vertex 23.7365 27.0662 0
      vertex 22.038 23.7165 0
    endloop
  endfacet
  facet normal 0 0 -1
    outer loop
      vertex 21.8026 23.7165 0
      vertex 23.7365 27.0662 0
      vertex 21.9203 23.7203 0
    endloop
  endfacet
  facet normal 0 0 -1
    outer loop
      vertex 21.6854 23.7049 0
      vertex 23.7365 27.0662 0
      vertex 21.8026 23.7165 0
    endloop
  endfacet
  facet normal -0 0 -1
    outer loop
      vertex 23.7365 27.0662 0
      vertex 21.6854 23.7049 0
      vertex 21.9154 28.5607 0
    endloop
  endfacet
  facet normal 0 0 -1
    outer loop
      vertex 21.5691 23.6857 0
      vertex 21.9154 28.5607 0
      vertex 21.6854 23.7049 0
    endloop
  endfacet
  facet normal 0 0 -1
    outer loop
      vertex 21.4544 23.659 0
      vertex 21.9154 28.5607 0
      vertex 21.5691 23.6857 0
    endloop
  endfacet
  facet normal 0 0 -1
    outer loop
      vertex 21.3417 23.6248 0
      vertex 21.9154 28.5607 0
      vertex 21.4544 23.659 0
    endloop
  endfacet
  facet normal 0 0 -1
    outer loop
      vertex 21.2315 23.5833 0
      vertex 21.9154 28.5607 0
      vertex 21.3417 23.6248 0
    endloop
  endfacet
  facet normal 0 0 -1
    outer loop
      vertex 21.1242 23.5347 0
      vertex 21.9154 28.5607 0
      vertex 21.2315 23.5833 0
    endloop
  endfacet
  facet normal 0 0 -1
    outer loop
      vertex 21.0203 23.4792 0
      vertex 21.9154 28.5607 0
      vertex 21.1242 23.5347 0
    endloop
  endfacet
  facet normal 0 0 -1
    outer loop
      vertex 20.9203 23.417 0
      vertex 21.9154 28.5607 0
      vertex 21.0203 23.4792 0
    endloop
  endfacet
  facet normal 0 0 -1
    outer loop
      vertex 20.0005 29.9329 0
      vertex 20.9203 23.417 0
      vertex 20.8245 23.3483 0
    endloop
  endfacet
  facet normal 0 0 -1
    outer loop
      vertex 20.0005 29.9329 0
      vertex 20.8245 23.3483 0
      vertex 20.7335 23.2736 0
    endloop
  endfacet
  facet normal 0 0 -1
    outer loop
      vertex 20.0005 29.9329 0
      vertex 20.7335 23.2736 0
      vertex 20.6475 23.1931 0
    endloop
  endfacet
  facet normal 0 0 -1
    outer loop
      vertex 20.0005 29.9329 0
      vertex 20.6475 23.1931 0
      vertex 20.567 23.1071 0
    endloop
  endfacet
  facet normal 0 0 -1
    outer loop
      vertex 20.0005 29.9329 0
      vertex 20.567 23.1071 0
      vertex 20.4923 23.0161 0
    endloop
  endfacet
  facet normal 0 0 -1
    outer loop
      vertex 20.0005 29.9329 0
      vertex 20.4923 23.0161 0
      vertex 20.4237 22.9203 0
    endloop
  endfacet
  facet normal 0 0 -1
    outer loop
      vertex 20.0005 29.9329 0
      vertex 20.4237 22.9203 0
      vertex 20.3615 22.8203 0
    endloop
  endfacet
  facet normal 0 0 -1
    outer loop
      vertex 20.0005 29.9329 0
      vertex 20.3615 22.8203 0
      vertex 20.3059 22.7164 0
    endloop
  endfacet
  facet normal 0 0 -1
    outer loop
      vertex 20.0005 29.9329 0
      vertex 20.3059 22.7164 0
      vertex 20.2573 22.6091 0
    endloop
  endfacet
  facet normal 0 0 -1
    outer loop
      vertex 20.0005 29.9329 0
      vertex 20.2573 22.6091 0
      vertex 20.2158 22.4989 0
    endloop
  endfacet
  facet normal 0 0 -1
    outer loop
      vertex 20.0005 29.9329 0
      vertex 20.2158 22.4989 0
      vertex 20.1816 22.3862 0
    endloop
  endfacet
  facet normal 0 0 -1
    outer loop
      vertex 20.9203 23.417 0
      vertex 20.0005 29.9329 0
      vertex 21.9154 28.5607 0
    endloop
  endfacet
  facet normal 0 0 -1
    outer loop
      vertex 20.1549 22.2715 0
      vertex 20.0005 29.9329 0
      vertex 20.1816 22.3862 0
    endloop
  endfacet
  facet normal 0 0 -1
    outer loop
      vertex 20.1357 22.1553 0
      vertex 20.0005 29.9329 0
      vertex 20.1549 22.2715 0
    endloop
  endfacet
  facet normal 0 0 -1
    outer loop
      vertex 20.1242 22.038 0
      vertex 20.0005 29.9329 0
      vertex 20.1357 22.1553 0
    endloop
  endfacet
  facet normal 0 0 -1
    outer loop
      vertex 20.1203 21.9203 0
      vertex 20.0005 29.9329 0
      vertex 20.1242 22.038 0
    endloop
  endfacet
  facet normal -0 0 -1
    outer loop
      vertex 21.4544 20.1816 0
      vertex 18.1911 10.0359 0
      vertex 21.3417 20.2158 0
    endloop
  endfacet
  facet normal 0 0 -1
    outer loop
      vertex 18.0565 10.0767 0
      vertex 21.3417 20.2158 0
      vertex 18.1911 10.0359 0
    endloop
  endfacet
  facet normal 0 0 -1
    outer loop
      vertex 22.1553 20.1357 0
      vertex 18.9176 9.61646 0
      vertex 22.038 20.1242 0
    endloop
  endfacet
  facet normal 0 0 -1
    outer loop
      vertex 23.0161 20.4923 0
      vertex 19.4863 8.82277 0
      vertex 22.9203 20.4237 0
    endloop
  endfacet
  facet normal 0 0 -1
    outer loop
      vertex 36 0 0
      vertex 19.6087 7.58055 0
      vertex 19.6316 7.71937 0
    endloop
  endfacet
  facet normal 0 0 -1
    outer loop
      vertex 36 0 0
      vertex 19.5767 7.44354 0
      vertex 19.6087 7.58055 0
    endloop
  endfacet
  facet normal 0 0 -1
    outer loop
      vertex 36 0 0
      vertex 19.5359 7.3089 0
      vertex 19.5767 7.44354 0
    endloop
  endfacet
  facet normal 0 0 -1
    outer loop
      vertex 36 0 0
      vertex 19.4863 7.17723 0
      vertex 19.5359 7.3089 0
    endloop
  endfacet
  facet normal 0 0 -1
    outer loop
      vertex 36 0 0
      vertex 19.4283 7.04908 0
      vertex 19.4863 7.17723 0
    endloop
  endfacet
  facet normal 0 0 -1
    outer loop
      vertex 36 0 0
      vertex 19.362 6.925 0
      vertex 19.4283 7.04908 0
    endloop
  endfacet
  facet normal 0 0 -1
    outer loop
      vertex 36 0 0
      vertex 19.2877 6.80552 0
      vertex 19.362 6.925 0
    endloop
  endfacet
  facet normal 0 0 -1
    outer loop
      vertex 36 0 0
      vertex 19.2057 6.69116 0
      vertex 19.2877 6.80552 0
    endloop
  endfacet
  facet normal 0 0 -1
    outer loop
      vertex 36 0 0
      vertex 19.1165 6.58241 0
      vertex 19.2057 6.69116 0
    endloop
  endfacet
  facet normal 0 0 -1
    outer loop
      vertex 36 0 0
      vertex 19.0203 6.47972 0
      vertex 19.1165 6.58241 0
    endloop
  endfacet
  facet normal 0 0 -1
    outer loop
      vertex 35.9229 -2.35451 0
      vertex 19.0203 6.47972 0
      vertex 36 0 0
    endloop
  endfacet
  facet normal 0 -0 -1
    outer loop
      vertex 19.0203 6.47972 0
      vertex 35.9229 -2.35451 0
      vertex 18.9176 6.38354 0
    endloop
  endfacet
  facet normal 0 -0 -1
    outer loop
      vertex 18.9176 6.38354 0
      vertex 35.9229 -2.35451 0
      vertex 18.8088 6.29429 0
    endloop
  endfacet
  facet normal 0 -0 -1
    outer loop
      vertex 18.8088 6.29429 0
      vertex 35.9229 -2.35451 0
      vertex 18.6945 6.21234 0
    endloop
  endfacet
  facet normal 0 0 -1
    outer loop
      vertex 35.692 -4.69894 0
      vertex 18.6945 6.21234 0
      vertex 35.9229 -2.35451 0
    endloop
  endfacet
  facet normal 0 -0 -1
    outer loop
      vertex 18.6945 6.21234 0
      vertex 35.692 -4.69894 0
      vertex 18.575 6.13805 0
    endloop
  endfacet
  facet normal 0 -0 -1
    outer loop
      vertex 18.4509 6.07172 0
      vertex 35.3083 -7.02325 0
      vertex 18.3228 6.01366 0
    endloop
  endfacet
  facet normal 0 0 -1
    outer loop
      vertex 34.7733 -9.31748 0
      vertex 18.0565 5.92326 0
      vertex 18.1911 5.9641 0
    endloop
  endfacet
  facet normal -0 0 -1
    outer loop
      vertex 20.1357 -22.1553 0
      vertex 13.7766 -33.2597 0
      vertex 20.1242 -22.038 0
    endloop
  endfacet
  facet normal 0 0 -1
    outer loop
      vertex 21.8026 -20.1242 0
      vertex 17.9194 5.89131 0
      vertex 18.0565 5.92326 0
    endloop
  endfacet
  facet normal 0 0 -1
    outer loop
      vertex 21.6854 -20.1357 0
      vertex 17.7806 5.86839 0
      vertex 17.9194 5.89131 0
    endloop
  endfacet
  facet normal 0 0 -1
    outer loop
      vertex 21.5691 -20.1549 0
      vertex 17.6406 5.8546 0
      vertex 17.7806 5.86839 0
    endloop
  endfacet
  facet normal 0 0 -1
    outer loop
      vertex 21.4544 -20.1816 0
      vertex 17.5 5.85 0
      vertex 17.6406 5.8546 0
    endloop
  endfacet
  facet normal 0 -0 -1
    outer loop
      vertex 5.08134 -2.10476 0
      vertex 21.3417 -20.2158 0
      vertex 4.9328 -2.43259 0
    endloop
  endfacet
  facet normal 0 0 -1
    outer loop
      vertex 21.3417 -20.2158 0
      vertex 5.08134 -2.10476 0
      vertex 17.5 5.85 0
    endloop
  endfacet
  facet normal -0 0 -1
    outer loop
      vertex 17.5 5.85 0
      vertex 5.08134 -2.10476 0
      vertex 17.3594 5.8546 0
    endloop
  endfacet
  facet normal 0 -0 -1
    outer loop
      vertex 5.20812 -1.76792 0
      vertex 17.3594 5.8546 0
      vertex 5.08134 -2.10476 0
    endloop
  endfacet
  facet normal -0 0 -1
    outer loop
      vertex 17.3594 5.8546 0
      vertex 5.20812 -1.76792 0
      vertex 17.2194 5.86839 0
    endloop
  endfacet
  facet normal -0 0 -1
    outer loop
      vertex 17.2194 5.86839 0
      vertex 5.20812 -1.76792 0
      vertex 17.0806 5.89131 0
    endloop
  endfacet
  facet normal 0 -0 -1
    outer loop
      vertex 5.31259 -1.4235 0
      vertex 17.0806 5.89131 0
      vertex 5.20812 -1.76792 0
    endloop
  endfacet
  facet normal -0 0 -1
    outer loop
      vertex 20.1242 -22.038 0
      vertex 13.7766 -33.2597 0
      vertex 20.1203 -21.9203 0
    endloop
  endfacet
  facet normal -0 0 -1
    outer loop
      vertex 17.0806 5.89131 0
      vertex 5.31259 -1.4235 0
      vertex 16.9435 5.92326 0
    endloop
  endfacet
  facet normal 0 0 -1
    outer loop
      vertex 20.1549 -21.5691 0
      vertex 4.9328 -2.43259 0
      vertex 20.1816 -21.4544 0
    endloop
  endfacet
  facet normal 0 -0 -1
    outer loop
      vertex 5.39432 -1.073 0
      vertex 16.9435 5.92326 0
      vertex 5.31259 -1.4235 0
    endloop
  endfacet
  facet normal -0 0 -1
    outer loop
      vertex 16.9435 5.92326 0
      vertex 5.39432 -1.073 0
      vertex 16.8089 5.9641 0
    endloop
  endfacet
  facet normal 0 -0 -1
    outer loop
      vertex 5.45295 -0.717894 0
      vertex 16.8089 5.9641 0
      vertex 5.39432 -1.073 0
    endloop
  endfacet
  facet normal -0 0 -1
    outer loop
      vertex 16.8089 5.9641 0
      vertex 5.45295 -0.717894 0
      vertex 16.6772 6.01366 0
    endloop
  endfacet
  facet normal 0 -0 -1
    outer loop
      vertex 5.48822 -0.359716 0
      vertex 16.6772 6.01366 0
      vertex 5.45295 -0.717894 0
    endloop
  endfacet
  facet normal -0 0 -1
    outer loop
      vertex 16.6772 6.01366 0
      vertex 5.48822 -0.359716 0
      vertex 16.5491 6.07172 0
    endloop
  endfacet
  facet normal -0 0 -1
    outer loop
      vertex 16.5491 6.07172 0
      vertex 5.48822 -0.359716 0
      vertex 16.425 6.13805 0
    endloop
  endfacet
  facet normal 0 -0 -1
    outer loop
      vertex 5.5 0 0
      vertex 16.425 6.13805 0
      vertex 5.48822 -0.359716 0
    endloop
  endfacet
  facet normal -0 0 -1
    outer loop
      vertex 16.425 6.13805 0
      vertex 5.5 0 0
      vertex 16.3055 6.21234 0
    endloop
  endfacet
  facet normal 0 0 -1
    outer loop
      vertex 5.48822 0.359716 0
      vertex 16.3055 6.21234 0
      vertex 5.5 0 0
    endloop
  endfacet
  facet normal -0 0 -1
    outer loop
      vertex 16.3055 6.21234 0
      vertex 5.48822 0.359716 0
      vertex 16.1912 6.29429 0
    endloop
  endfacet
  facet normal 0 0 -1
    outer loop
      vertex 5.45295 0.717894 0
      vertex 16.1912 6.29429 0
      vertex 5.48822 0.359716 0
    endloop
  endfacet
  facet normal -0 0 -1
    outer loop
      vertex 16.1912 6.29429 0
      vertex 5.45295 0.717894 0
      vertex 16.0824 6.38354 0
    endloop
  endfacet
  facet normal -0 0 -1
    outer loop
      vertex 16.0824 6.38354 0
      vertex 5.45295 0.717894 0
      vertex 15.9797 6.47972 0
    endloop
  endfacet
  facet normal 0 0 -1
    outer loop
      vertex 5.39432 1.073 0
      vertex 15.9797 6.47972 0
      vertex 5.45295 0.717894 0
    endloop
  endfacet
  facet normal -0 0 -1
    outer loop
      vertex 15.9797 6.47972 0
      vertex 5.39432 1.073 0
      vertex 15.8835 6.58241 0
    endloop
  endfacet
  facet normal -0.995185 -0.0980145 0
    outer loop
      vertex -35.692 -4.69894 0
      vertex -35.9229 -2.35451 4
      vertex -35.9229 -2.35451 0
    endloop
  endfacet
  facet normal -0.995185 -0.0980145 0
    outer loop
      vertex -35.9229 -2.35451 4
      vertex -35.692 -4.69894 0
      vertex -35.692 -4.69894 4
    endloop
  endfacet
  facet normal 0.973871 0.227101 0
    outer loop
      vertex 35.3083 7.02325 4
      vertex 34.7733 9.31748 0
      vertex 34.7733 9.31748 4
    endloop
  endfacet
  facet normal 0.973871 0.227101 0
    outer loop
      vertex 34.7733 9.31748 0
      vertex 35.3083 7.02325 4
      vertex 35.3083 7.02325 0
    endloop
  endfacet
  facet normal 0.812846 0.582478 0
    outer loop
      vertex 29.9329 20.0005 4
      vertex 28.5607 21.9154 0
      vertex 28.5607 21.9154 4
    endloop
  endfacet
  facet normal 0.812846 0.582478 0
    outer loop
      vertex 28.5607 21.9154 0
      vertex 29.9329 20.0005 4
      vertex 29.9329 20.0005 0
    endloop
  endfacet
  facet normal 0.773018 0.634384 0
    outer loop
      vertex 28.5607 21.9154 4
      vertex 27.0662 23.7365 0
      vertex 27.0662 23.7365 4
    endloop
  endfacet
  facet normal 0.773018 0.634384 0
    outer loop
      vertex 27.0662 23.7365 0
      vertex 28.5607 21.9154 4
      vertex 28.5607 21.9154 0
    endloop
  endfacet
  facet normal 0.35224 0.93591 -0
    outer loop
      vertex 13.7766 33.2597 0
      vertex 11.5718 34.0895 4
      vertex 13.7766 33.2597 4
    endloop
  endfacet
  facet normal 0.35224 0.93591 0
    outer loop
      vertex 11.5718 34.0895 4
      vertex 13.7766 33.2597 0
      vertex 11.5718 34.0895 0
    endloop
  endfacet
  facet normal 0.162877 0.986646 -0
    outer loop
      vertex 7.02325 35.3083 0
      vertex 4.69894 35.692 4
      vertex 7.02325 35.3083 4
    endloop
  endfacet
  facet normal 0.162877 0.986646 0
    outer loop
      vertex 4.69894 35.692 4
      vertex 7.02325 35.3083 0
      vertex 4.69894 35.692 0
    endloop
  endfacet
  facet normal 0.528071 0.8492 -0
    outer loop
      vertex 20.0005 29.9329 0
      vertex 18 31.1769 4
      vertex 20.0005 29.9329 4
    endloop
  endfacet
  facet normal 0.528071 0.8492 0
    outer loop
      vertex 18 31.1769 4
      vertex 20.0005 29.9329 0
      vertex 18 31.1769 0
    endloop
  endfacet
  facet normal 0.471397 0.881921 -0
    outer loop
      vertex 18 31.1769 0
      vertex 15.9224 32.2874 4
      vertex 18 31.1769 4
    endloop
  endfacet
  facet normal 0.471397 0.881921 0
    outer loop
      vertex 15.9224 32.2874 4
      vertex 18 31.1769 0
      vertex 15.9224 32.2874 0
    endloop
  endfacet
  facet normal 0.582478 0.812846 -0
    outer loop
      vertex 21.9154 28.5607 0
      vertex 20.0005 29.9329 4
      vertex 21.9154 28.5607 4
    endloop
  endfacet
  facet normal 0.582478 0.812846 0
    outer loop
      vertex 20.0005 29.9329 4
      vertex 21.9154 28.5607 0
      vertex 20.0005 29.9329 0
    endloop
  endfacet
  facet normal -0.93591 0.35224 0
    outer loop
      vertex -34.0895 11.5718 0
      vertex -33.2597 13.7766 4
      vertex -33.2597 13.7766 0
    endloop
  endfacet
  facet normal -0.93591 0.35224 0
    outer loop
      vertex -33.2597 13.7766 4
      vertex -34.0895 11.5718 0
      vertex -34.0895 11.5718 4
    endloop
  endfacet
  facet normal -0.986646 0.162877 0
    outer loop
      vertex -35.692 4.69894 0
      vertex -35.3083 7.02325 4
      vertex -35.3083 7.02325 0
    endloop
  endfacet
  facet normal -0.986646 0.162877 0
    outer loop
      vertex -35.3083 7.02325 4
      vertex -35.692 4.69894 0
      vertex -35.692 4.69894 4
    endloop
  endfacet
  facet normal 0 0 1
    outer loop
      vertex -18.1911 10.0359 4
      vertex -21.4544 20.1816 4
      vertex -18.3228 9.98634 4
    endloop
  endfacet
  facet normal 0 0 1
    outer loop
      vertex -19.65 8 4
      vertex -20.1242 -21.8026 4
      vertex -20.1203 -21.9203 4
    endloop
  endfacet
  facet normal -0 0 1
    outer loop
      vertex -21.5691 20.1549 4
      vertex -18.3228 9.98634 4
      vertex -21.4544 20.1816 4
    endloop
  endfacet
  facet normal 0 0 1
    outer loop
      vertex -19.65 8 4
      vertex -20.1357 -21.6854 4
      vertex -20.1242 -21.8026 4
    endloop
  endfacet
  facet normal 0 0 1
    outer loop
      vertex -18.3228 9.98634 4
      vertex -21.5691 20.1549 4
      vertex -18.4509 9.92828 4
    endloop
  endfacet
  facet normal 0 0 1
    outer loop
      vertex -19.65 8 4
      vertex -20.1549 -21.5691 4
      vertex -20.1357 -21.6854 4
    endloop
  endfacet
  facet normal -0 0 1
    outer loop
      vertex -21.6854 20.1357 4
      vertex -18.4509 9.92828 4
      vertex -21.5691 20.1549 4
    endloop
  endfacet
  facet normal 0 0 1
    outer loop
      vertex -19.65 8 4
      vertex -20.1816 -21.4544 4
      vertex -20.1549 -21.5691 4
    endloop
  endfacet
  facet normal 0 0 1
    outer loop
      vertex -18.4509 9.92828 4
      vertex -21.6854 20.1357 4
      vertex -18.575 9.86195 4
    endloop
  endfacet
  facet normal 0 0 1
    outer loop
      vertex -19.65 8 4
      vertex -20.2158 -21.3417 4
      vertex -20.1816 -21.4544 4
    endloop
  endfacet
  facet normal -0 0 1
    outer loop
      vertex -21.8026 20.1242 4
      vertex -18.575 9.86195 4
      vertex -21.6854 20.1357 4
    endloop
  endfacet
  facet normal 0 0 1
    outer loop
      vertex -19.65 8 4
      vertex -20.2573 -21.2315 4
      vertex -20.2158 -21.3417 4
    endloop
  endfacet
  facet normal 0 0 1
    outer loop
      vertex -18.575 9.86195 4
      vertex -21.8026 20.1242 4
      vertex -18.6945 9.78766 4
    endloop
  endfacet
  facet normal 0 0 1
    outer loop
      vertex -19.65 8 4
      vertex -20.3059 -21.1242 4
      vertex -20.2573 -21.2315 4
    endloop
  endfacet
  facet normal -0 0 1
    outer loop
      vertex -21.9203 20.1203 4
      vertex -18.6945 9.78766 4
      vertex -21.8026 20.1242 4
    endloop
  endfacet
  facet normal 0 0 1
    outer loop
      vertex -19.65 8 4
      vertex -20.3615 -21.0203 4
      vertex -20.3059 -21.1242 4
    endloop
  endfacet
  facet normal 0 0 1
    outer loop
      vertex -18.6945 9.78766 4
      vertex -21.9203 20.1203 4
      vertex -18.8088 9.70571 4
    endloop
  endfacet
  facet normal 0 0 1
    outer loop
      vertex -19.65 8 4
      vertex -20.4237 -20.9203 4
      vertex -20.3615 -21.0203 4
    endloop
  endfacet
  facet normal 0 0 1
    outer loop
      vertex -22.038 20.1242 4
      vertex -18.8088 9.70571 4
      vertex -21.9203 20.1203 4
    endloop
  endfacet
  facet normal 0 0 1
    outer loop
      vertex -19.65 8 4
      vertex -20.4923 -20.8245 4
      vertex -20.4237 -20.9203 4
    endloop
  endfacet
  facet normal 0 0 1
    outer loop
      vertex -18.8088 9.70571 4
      vertex -22.038 20.1242 4
      vertex -18.9176 9.61646 4
    endloop
  endfacet
  facet normal 0 0 1
    outer loop
      vertex -19.65 8 4
      vertex -20.567 -20.7335 4
      vertex -20.4923 -20.8245 4
    endloop
  endfacet
  facet normal 0 0 1
    outer loop
      vertex -22.1553 20.1357 4
      vertex -18.9176 9.61646 4
      vertex -22.038 20.1242 4
    endloop
  endfacet
  facet normal 0 0 1
    outer loop
      vertex -19.65 8 4
      vertex -20.6475 -20.6475 4
      vertex -20.567 -20.7335 4
    endloop
  endfacet
  facet normal 0 0 1
    outer loop
      vertex -18.9176 9.61646 4
      vertex -22.1553 20.1357 4
      vertex -19.0203 9.52028 4
    endloop
  endfacet
  facet normal 0 0 1
    outer loop
      vertex -19.65 8 4
      vertex -20.7335 -20.567 4
      vertex -20.6475 -20.6475 4
    endloop
  endfacet
  facet normal 0 0 1
    outer loop
      vertex -22.2715 20.1549 4
      vertex -19.0203 9.52028 4
      vertex -22.1553 20.1357 4
    endloop
  endfacet
  facet normal 0 0 1
    outer loop
      vertex -19.65 8 4
      vertex -20.8245 -20.4923 4
      vertex -20.7335 -20.567 4
    endloop
  endfacet
  facet normal 0 0 1
    outer loop
      vertex -19.0203 9.52028 4
      vertex -22.2715 20.1549 4
      vertex -19.1165 9.41759 4
    endloop
  endfacet
  facet normal 0 0 1
    outer loop
      vertex -19.65 8 4
      vertex -20.9203 -20.4237 4
      vertex -20.8245 -20.4923 4
    endloop
  endfacet
  facet normal 0 0 1
    outer loop
      vertex -22.3862 20.1816 4
      vertex -19.1165 9.41759 4
      vertex -22.2715 20.1549 4
    endloop
  endfacet
  facet normal 0 0 1
    outer loop
      vertex -19.65 8 4
      vertex -21.0203 -20.3615 4
      vertex -20.9203 -20.4237 4
    endloop
  endfacet
  facet normal 0 0 1
    outer loop
      vertex -19.1165 9.41759 4
      vertex -22.3862 20.1816 4
      vertex -19.2057 9.30884 4
    endloop
  endfacet
  facet normal 0 0 1
    outer loop
      vertex -19.65 8 4
      vertex -21.1242 -20.3059 4
      vertex -21.0203 -20.3615 4
    endloop
  endfacet
  facet normal 0 0 1
    outer loop
      vertex -22.4989 20.2158 4
      vertex -19.2057 9.30884 4
      vertex -22.3862 20.1816 4
    endloop
  endfacet
  facet normal 0 0 1
    outer loop
      vertex -19.65 8 4
      vertex -21.2315 -20.2573 4
      vertex -21.1242 -20.3059 4
    endloop
  endfacet
  facet normal 0 0 1
    outer loop
      vertex -19.2057 9.30884 4
      vertex -22.4989 20.2158 4
      vertex -19.2877 9.19448 4
    endloop
  endfacet
  facet normal 0 0 1
    outer loop
      vertex -19.65 8 4
      vertex -21.3417 -20.2158 4
      vertex -21.2315 -20.2573 4
    endloop
  endfacet
  facet normal 0 0 1
    outer loop
      vertex -22.6091 20.2573 4
      vertex -19.2877 9.19448 4
      vertex -22.4989 20.2158 4
    endloop
  endfacet
  facet normal 0 -0 1
    outer loop
      vertex -35.9229 -2.35451 4
      vertex -19.65 8 4
      vertex -36 0 4
    endloop
  endfacet
  facet normal -0 0 1
    outer loop
      vertex -32.2874 15.9224 4
      vertex -19.2877 9.19448 4
      vertex -22.6091 20.2573 4
    endloop
  endfacet
  facet normal 0 0 1
    outer loop
      vertex -19.65 8 4
      vertex -21.4544 -20.1816 4
      vertex -21.3417 -20.2158 4
    endloop
  endfacet
  facet normal 0 0 1
    outer loop
      vertex -19.2877 9.19448 4
      vertex -32.2874 15.9224 4
      vertex -19.362 9.075 4
    endloop
  endfacet
  facet normal 0 -0 1
    outer loop
      vertex -35.692 -4.69894 4
      vertex -19.65 8 4
      vertex -35.9229 -2.35451 4
    endloop
  endfacet
  facet normal 0 0 1
    outer loop
      vertex -19.362 9.075 4
      vertex -32.2874 15.9224 4
      vertex -19.4283 8.95092 4
    endloop
  endfacet
  facet normal 0 -0 1
    outer loop
      vertex -35.3083 -7.02325 4
      vertex -19.65 8 4
      vertex -35.692 -4.69894 4
    endloop
  endfacet
  facet normal 0 0 1
    outer loop
      vertex -19.4283 8.95092 4
      vertex -32.2874 15.9224 4
      vertex -19.4863 8.82277 4
    endloop
  endfacet
  facet normal 0 0 1
    outer loop
      vertex -19.65 8 4
      vertex -21.5691 -20.1549 4
      vertex -21.4544 -20.1816 4
    endloop
  endfacet
  facet normal -0 0 1
    outer loop
      vertex -33.2597 13.7766 4
      vertex -19.4863 8.82277 4
      vertex -32.2874 15.9224 4
    endloop
  endfacet
  facet normal 0 -0 1
    outer loop
      vertex -34.7733 -9.31748 4
      vertex -19.65 8 4
      vertex -35.3083 -7.02325 4
    endloop
  endfacet
  facet normal 0 0 1
    outer loop
      vertex -19.4863 8.82277 4
      vertex -33.2597 13.7766 4
      vertex -19.5359 8.69109 4
    endloop
  endfacet
  facet normal 0 0 1
    outer loop
      vertex -19.65 8 4
      vertex -21.6854 -20.1357 4
      vertex -21.5691 -20.1549 4
    endloop
  endfacet
  facet normal 0 0 1
    outer loop
      vertex -19.5359 8.69109 4
      vertex -33.2597 13.7766 4
      vertex -19.5767 8.55646 4
    endloop
  endfacet
  facet normal 0 -0 1
    outer loop
      vertex -21.8026 -20.1242 4
      vertex -19.65 8 4
      vertex -34.7733 -9.31748 4
    endloop
  endfacet
  facet normal -0 0 1
    outer loop
      vertex -34.0895 11.5718 4
      vertex -19.6087 8.41944 4
      vertex -33.2597 13.7766 4
    endloop
  endfacet
  facet normal 0 0 1
    outer loop
      vertex -19.65 8 4
      vertex -21.8026 -20.1242 4
      vertex -21.6854 -20.1357 4
    endloop
  endfacet
  facet normal 0 0 1
    outer loop
      vertex -19.6087 8.41944 4
      vertex -34.0895 11.5718 4
      vertex -19.6316 8.28063 4
    endloop
  endfacet
  facet normal 0 0 1
    outer loop
      vertex -21.8026 -20.1242 4
      vertex -34.7733 -9.31748 4
      vertex -21.9203 -20.1203 4
    endloop
  endfacet
  facet normal 0 0 1
    outer loop
      vertex -19.5767 8.55646 4
      vertex -33.2597 13.7766 4
      vertex -19.6087 8.41944 4
    endloop
  endfacet
  facet normal -0 -0 1
    outer loop
      vertex -34.0895 -11.5718 4
      vertex -21.9203 -20.1203 4
      vertex -34.7733 -9.31748 4
    endloop
  endfacet
  facet normal 0 0 1
    outer loop
      vertex -31.1769 18 4
      vertex -22.6091 20.2573 4
      vertex -22.7164 20.3059 4
    endloop
  endfacet
  facet normal 0 0 1
    outer loop
      vertex -21.9203 -20.1203 4
      vertex -34.0895 -11.5718 4
      vertex -22.038 -20.1242 4
    endloop
  endfacet
  facet normal 0 0 1
    outer loop
      vertex -31.1769 18 4
      vertex -22.7164 20.3059 4
      vertex -22.8203 20.3615 4
    endloop
  endfacet
  facet normal -0 -0 1
    outer loop
      vertex -33.2597 -13.7766 4
      vertex -22.038 -20.1242 4
      vertex -34.0895 -11.5718 4
    endloop
  endfacet
  facet normal 0 0 1
    outer loop
      vertex -31.1769 18 4
      vertex -22.8203 20.3615 4
      vertex -22.9203 20.4237 4
    endloop
  endfacet
  facet normal 0 0 1
    outer loop
      vertex -22.038 -20.1242 4
      vertex -33.2597 -13.7766 4
      vertex -22.1553 -20.1357 4
    endloop
  endfacet
  facet normal 0 0 1
    outer loop
      vertex -31.1769 18 4
      vertex -22.9203 20.4237 4
      vertex -23.0161 20.4923 4
    endloop
  endfacet
  facet normal 0 0 1
    outer loop
      vertex -22.1553 -20.1357 4
      vertex -33.2597 -13.7766 4
      vertex -22.2715 -20.1549 4
    endloop
  endfacet
  facet normal 0 0 1
    outer loop
      vertex -29.9329 20.0005 4
      vertex -23.0161 20.4923 4
      vertex -23.1071 20.567 4
    endloop
  endfacet
  facet normal -0 -0 1
    outer loop
      vertex -32.2874 -15.9224 4
      vertex -22.2715 -20.1549 4
      vertex -33.2597 -13.7766 4
    endloop
  endfacet
  facet normal 0 0 1
    outer loop
      vertex -29.9329 20.0005 4
      vertex -23.1071 20.567 4
      vertex -23.1931 20.6475 4
    endloop
  endfacet
  facet normal 0 0 1
    outer loop
      vertex -22.2715 -20.1549 4
      vertex -32.2874 -15.9224 4
      vertex -22.3862 -20.1816 4
    endloop
  endfacet
  facet normal 0 0 1
    outer loop
      vertex -29.9329 20.0005 4
      vertex -23.1931 20.6475 4
      vertex -23.2736 20.7335 4
    endloop
  endfacet
  facet normal 0 0 1
    outer loop
      vertex -22.3862 -20.1816 4
      vertex -32.2874 -15.9224 4
      vertex -22.4989 -20.2158 4
    endloop
  endfacet
  facet normal 0 0 1
    outer loop
      vertex -29.9329 20.0005 4
      vertex -23.2736 20.7335 4
      vertex -23.3483 20.8245 4
    endloop
  endfacet
  facet normal 0 0 1
    outer loop
      vertex -22.4989 -20.2158 4
      vertex -32.2874 -15.9224 4
      vertex -22.6091 -20.2573 4
    endloop
  endfacet
  facet normal 0 0 1
    outer loop
      vertex -29.9329 20.0005 4
      vertex -23.3483 20.8245 4
      vertex -23.417 20.9203 4
    endloop
  endfacet
  facet normal -0 -0 1
    outer loop
      vertex -31.1769 -18 4
      vertex -22.6091 -20.2573 4
      vertex -32.2874 -15.9224 4
    endloop
  endfacet
  facet normal 0 0 1
    outer loop
      vertex -28.5607 21.9154 4
      vertex -23.417 20.9203 4
      vertex -23.4792 21.0203 4
    endloop
  endfacet
  facet normal 0 0 1
    outer loop
      vertex -22.6091 -20.2573 4
      vertex -31.1769 -18 4
      vertex -22.7164 -20.3059 4
    endloop
  endfacet
  facet normal 0 0 1
    outer loop
      vertex -28.5607 21.9154 4
      vertex -23.4792 21.0203 4
      vertex -23.5347 21.1242 4
    endloop
  endfacet
  facet normal 0 0 1
    outer loop
      vertex -22.7164 -20.3059 4
      vertex -31.1769 -18 4
      vertex -22.8203 -20.3615 4
    endloop
  endfacet
  facet normal 0 0 1
    outer loop
      vertex -28.5607 21.9154 4
      vertex -23.5347 21.1242 4
      vertex -23.5833 21.2315 4
    endloop
  endfacet
  facet normal 0 0 1
    outer loop
      vertex -22.8203 -20.3615 4
      vertex -31.1769 -18 4
      vertex -22.9203 -20.4237 4
    endloop
  endfacet
  facet normal 0 0 1
    outer loop
      vertex -28.5607 21.9154 4
      vertex -23.5833 21.2315 4
      vertex -23.6248 21.3417 4
    endloop
  endfacet
  facet normal 0 0 1
    outer loop
      vertex -22.9203 -20.4237 4
      vertex -31.1769 -18 4
      vertex -23.0161 -20.4923 4
    endloop
  endfacet
  facet normal 0 0 1
    outer loop
      vertex -28.5607 21.9154 4
      vertex -23.6248 21.3417 4
      vertex -23.659 21.4544 4
    endloop
  endfacet
  facet normal -0 -0 1
    outer loop
      vertex -29.9329 -20.0005 4
      vertex -23.0161 -20.4923 4
      vertex -31.1769 -18 4
    endloop
  endfacet
  facet normal 0 0 1
    outer loop
      vertex -28.5607 21.9154 4
      vertex -23.659 21.4544 4
      vertex -23.6857 21.5691 4
    endloop
  endfacet
  facet normal 0 0 1
    outer loop
      vertex -23.0161 -20.4923 4
      vertex -29.9329 -20.0005 4
      vertex -23.1071 -20.567 4
    endloop
  endfacet
  facet normal 0 0 1
    outer loop
      vertex -28.5607 21.9154 4
      vertex -23.6857 21.5691 4
      vertex -23.7049 21.6854 4
    endloop
  endfacet
  facet normal 0 0 1
    outer loop
      vertex -23.1071 -20.567 4
      vertex -29.9329 -20.0005 4
      vertex -23.1931 -20.6475 4
    endloop
  endfacet
  facet normal 0 0 1
    outer loop
      vertex -27.0662 23.7365 4
      vertex -23.7049 21.6854 4
      vertex -23.7165 21.8026 4
    endloop
  endfacet
  facet normal 0 0 1
    outer loop
      vertex -23.1931 -20.6475 4
      vertex -29.9329 -20.0005 4
      vertex -23.2736 -20.7335 4
    endloop
  endfacet
  facet normal 0 0 1
    outer loop
      vertex -27.0662 23.7365 4
      vertex -23.7165 21.8026 4
      vertex -23.7203 21.9203 4
    endloop
  endfacet
  facet normal 0 0 1
    outer loop
      vertex -23.2736 -20.7335 4
      vertex -29.9329 -20.0005 4
      vertex -23.3483 -20.8245 4
    endloop
  endfacet
  facet normal -0 0 1
    outer loop
      vertex -20.1549 -22.2715 4
      vertex -13.7766 -33.2597 4
      vertex -20.1357 -22.1553 4
    endloop
  endfacet
  facet normal 0 0 1
    outer loop
      vertex -13.7766 -33.2597 4
      vertex -20.1549 -22.2715 4
      vertex -15.9224 -32.2874 4
    endloop
  endfacet
  facet normal -0 0 1
    outer loop
      vertex -20.1816 -22.3862 4
      vertex -15.9224 -32.2874 4
      vertex -20.1549 -22.2715 4
    endloop
  endfacet
  facet normal -0 0 1
    outer loop
      vertex -20.2158 -22.4989 4
      vertex -15.9224 -32.2874 4
      vertex -20.1816 -22.3862 4
    endloop
  endfacet
  facet normal -0 0 1
    outer loop
      vertex -20.2573 -22.6091 4
      vertex -15.9224 -32.2874 4
      vertex -20.2158 -22.4989 4
    endloop
  endfacet
  facet normal 0 0 1
    outer loop
      vertex -15.9224 -32.2874 4
      vertex -20.2573 -22.6091 4
      vertex -18 -31.1769 4
    endloop
  endfacet
  facet normal -0 0 1
    outer loop
      vertex -20.3059 -22.7164 4
      vertex -18 -31.1769 4
      vertex -20.2573 -22.6091 4
    endloop
  endfacet
  facet normal -0 0 1
    outer loop
      vertex -20.3615 -22.8203 4
      vertex -18 -31.1769 4
      vertex -20.3059 -22.7164 4
    endloop
  endfacet
  facet normal -0 0 1
    outer loop
      vertex -20.4237 -22.9203 4
      vertex -18 -31.1769 4
      vertex -20.3615 -22.8203 4
    endloop
  endfacet
  facet normal -0 0 1
    outer loop
      vertex -20.4923 -23.0161 4
      vertex -18 -31.1769 4
      vertex -20.4237 -22.9203 4
    endloop
  endfacet
  facet normal 0 0 1
    outer loop
      vertex -18 -31.1769 4
      vertex -20.4923 -23.0161 4
      vertex -20.0005 -29.9329 4
    endloop
  endfacet
  facet normal -0 0 1
    outer loop
      vertex -20.567 -23.1071 4
      vertex -20.0005 -29.9329 4
      vertex -20.4923 -23.0161 4
    endloop
  endfacet
  facet normal -0 0 1
    outer loop
      vertex -20.6475 -23.1931 4
      vertex -20.0005 -29.9329 4
      vertex -20.567 -23.1071 4
    endloop
  endfacet
  facet normal -0 0 1
    outer loop
      vertex -20.7335 -23.2736 4
      vertex -20.0005 -29.9329 4
      vertex -20.6475 -23.1931 4
    endloop
  endfacet
  facet normal -0 0 1
    outer loop
      vertex -20.8245 -23.3483 4
      vertex -20.0005 -29.9329 4
      vertex -20.7335 -23.2736 4
    endloop
  endfacet
  facet normal -0 0 1
    outer loop
      vertex -20.9203 -23.417 4
      vertex -20.0005 -29.9329 4
      vertex -20.8245 -23.3483 4
    endloop
  endfacet
  facet normal 0 0 1
    outer loop
      vertex -21.9154 -28.5607 4
      vertex -20.9203 -23.417 4
      vertex -21.0203 -23.4792 4
    endloop
  endfacet
  facet normal 0 0 1
    outer loop
      vertex -21.9154 -28.5607 4
      vertex -21.0203 -23.4792 4
      vertex -21.1242 -23.5347 4
    endloop
  endfacet
  facet normal 0 0 1
    outer loop
      vertex -21.9154 -28.5607 4
      vertex -21.1242 -23.5347 4
      vertex -21.2315 -23.5833 4
    endloop
  endfacet
  facet normal 0 0 1
    outer loop
      vertex -21.9154 -28.5607 4
      vertex -21.2315 -23.5833 4
      vertex -21.3417 -23.6248 4
    endloop
  endfacet
  facet normal 0 0 1
    outer loop
      vertex -21.9154 -28.5607 4
      vertex -21.3417 -23.6248 4
      vertex -21.4544 -23.659 4
    endloop
  endfacet
  facet normal 0 0 1
    outer loop
      vertex -21.9154 -28.5607 4
      vertex -21.4544 -23.659 4
      vertex -21.5691 -23.6857 4
    endloop
  endfacet
  facet normal 0 0 1
    outer loop
      vertex -21.9154 -28.5607 4
      vertex -21.5691 -23.6857 4
      vertex -21.6854 -23.7049 4
    endloop
  endfacet
  facet normal 0 0 1
    outer loop
      vertex -23.7365 -27.0662 4
      vertex -21.6854 -23.7049 4
      vertex -21.8026 -23.7165 4
    endloop
  endfacet
  facet normal 0 0 1
    outer loop
      vertex -20.9203 -23.417 4
      vertex -21.9154 -28.5607 4
      vertex -20.0005 -29.9329 4
    endloop
  endfacet
  facet normal 0 0 1
    outer loop
      vertex -23.7365 -27.0662 4
      vertex -21.8026 -23.7165 4
      vertex -21.9203 -23.7203 4
    endloop
  endfacet
  facet normal 0 0 1
    outer loop
      vertex -23.7365 -27.0662 4
      vertex -21.9203 -23.7203 4
      vertex -22.038 -23.7165 4
    endloop
  endfacet
  facet normal 0 0 1
    outer loop
      vertex -23.7365 -27.0662 4
      vertex -22.038 -23.7165 4
      vertex -22.1553 -23.7049 4
    endloop
  endfacet
  facet normal 0 0 1
    outer loop
      vertex -23.7365 -27.0662 4
      vertex -22.1553 -23.7049 4
      vertex -22.2715 -23.6857 4
    endloop
  endfacet
  facet normal 0 0 1
    outer loop
      vertex -23.7365 -27.0662 4
      vertex -22.2715 -23.6857 4
      vertex -22.3862 -23.659 4
    endloop
  endfacet
  facet normal 0 0 1
    outer loop
      vertex -23.7365 -27.0662 4
      vertex -22.3862 -23.659 4
      vertex -22.4989 -23.6248 4
    endloop
  endfacet
  facet normal 0 0 1
    outer loop
      vertex -23.7365 -27.0662 4
      vertex -22.4989 -23.6248 4
      vertex -22.6091 -23.5833 4
    endloop
  endfacet
  facet normal 0 0 1
    outer loop
      vertex -23.7365 -27.0662 4
      vertex -22.6091 -23.5833 4
      vertex -22.7164 -23.5347 4
    endloop
  endfacet
  facet normal 0 0 1
    outer loop
      vertex -25.4558 -25.4558 4
      vertex -22.7164 -23.5347 4
      vertex -22.8203 -23.4792 4
    endloop
  endfacet
  facet normal 0 0 1
    outer loop
      vertex -25.4558 -25.4558 4
      vertex -22.8203 -23.4792 4
      vertex -22.9203 -23.417 4
    endloop
  endfacet
  facet normal 0 0 1
    outer loop
      vertex -25.4558 -25.4558 4
      vertex -22.9203 -23.417 4
      vertex -23.0161 -23.3483 4
    endloop
  endfacet
  facet normal 0 0 1
    outer loop
      vertex -25.4558 -25.4558 4
      vertex -23.0161 -23.3483 4
      vertex -23.1071 -23.2736 4
    endloop
  endfacet
  facet normal 0 0 1
    outer loop
      vertex -25.4558 -25.4558 4
      vertex -23.1071 -23.2736 4
      vertex -23.1931 -23.1931 4
    endloop
  endfacet
  facet normal 0 0 1
    outer loop
      vertex -25.4558 -25.4558 4
      vertex -23.1931 -23.1931 4
      vertex -23.2736 -23.1071 4
    endloop
  endfacet
  facet normal 0 0 1
    outer loop
      vertex -25.4558 -25.4558 4
      vertex -23.2736 -23.1071 4
      vertex -23.3483 -23.0161 4
    endloop
  endfacet
  facet normal 0 0 1
    outer loop
      vertex -25.4558 -25.4558 4
      vertex -23.3483 -23.0161 4
      vertex -23.417 -22.9203 4
    endloop
  endfacet
  facet normal 0 0 1
    outer loop
      vertex -25.4558 -25.4558 4
      vertex -23.417 -22.9203 4
      vertex -23.4792 -22.8203 4
    endloop
  endfacet
  facet normal 0 0 1
    outer loop
      vertex -25.4558 -25.4558 4
      vertex -23.4792 -22.8203 4
      vertex -23.5347 -22.7164 4
    endloop
  endfacet
  facet normal 0 0 1
    outer loop
      vertex -27.0662 -23.7365 4
      vertex -23.5347 -22.7164 4
      vertex -23.5833 -22.6091 4
    endloop
  endfacet
  facet normal 0 0 1
    outer loop
      vertex -27.0662 -23.7365 4
      vertex -23.5833 -22.6091 4
      vertex -23.6248 -22.4989 4
    endloop
  endfacet
  facet normal 0 0 1
    outer loop
      vertex -27.0662 -23.7365 4
      vertex -23.6248 -22.4989 4
      vertex -23.659 -22.3862 4
    endloop
  endfacet
  facet normal 0 0 1
    outer loop
      vertex -21.6854 -23.7049 4
      vertex -23.7365 -27.0662 4
      vertex -21.9154 -28.5607 4
    endloop
  endfacet
  facet normal 0 0 1
    outer loop
      vertex -27.0662 -23.7365 4
      vertex -23.659 -22.3862 4
      vertex -23.6857 -22.2715 4
    endloop
  endfacet
  facet normal 0 0 1
    outer loop
      vertex -27.0662 -23.7365 4
      vertex -23.6857 -22.2715 4
      vertex -23.7049 -22.1553 4
    endloop
  endfacet
  facet normal 0 0 1
    outer loop
      vertex -27.0662 -23.7365 4
      vertex -23.7049 -22.1553 4
      vertex -23.7165 -22.038 4
    endloop
  endfacet
  facet normal 0 0 1
    outer loop
      vertex -27.0662 -23.7365 4
      vertex -23.7165 -22.038 4
      vertex -23.7203 -21.9203 4
    endloop
  endfacet
  facet normal 0 0 1
    outer loop
      vertex -23.7165 22.038 4
      vertex -27.0662 23.7365 4
      vertex -23.7203 21.9203 4
    endloop
  endfacet
  facet normal 0 0 1
    outer loop
      vertex -23.7049 21.6854 4
      vertex -27.0662 23.7365 4
      vertex -28.5607 21.9154 4
    endloop
  endfacet
  facet normal 0 0 1
    outer loop
      vertex -22.7164 -23.5347 4
      vertex -25.4558 -25.4558 4
      vertex -23.7365 -27.0662 4
    endloop
  endfacet
  facet normal 0 0 1
    outer loop
      vertex -23.417 20.9203 4
      vertex -28.5607 21.9154 4
      vertex -29.9329 20.0005 4
    endloop
  endfacet
  facet normal 0 0 1
    outer loop
      vertex -23.5347 -22.7164 4
      vertex -27.0662 -23.7365 4
      vertex -25.4558 -25.4558 4
    endloop
  endfacet
  facet normal 0 0 1
    outer loop
      vertex -23.0161 20.4923 4
      vertex -29.9329 20.0005 4
      vertex -31.1769 18 4
    endloop
  endfacet
  facet normal 0 0 1
    outer loop
      vertex -23.7165 -21.8026 4
      vertex -27.0662 -23.7365 4
      vertex -23.7203 -21.9203 4
    endloop
  endfacet
  facet normal 0 0 1
    outer loop
      vertex -22.6091 20.2573 4
      vertex -31.1769 18 4
      vertex -32.2874 15.9224 4
    endloop
  endfacet
  facet normal 0 0 1
    outer loop
      vertex -23.7049 -21.6854 4
      vertex -27.0662 -23.7365 4
      vertex -23.7165 -21.8026 4
    endloop
  endfacet
  facet normal 0 0 1
    outer loop
      vertex -19.6316 8.28063 4
      vertex -34.0895 11.5718 4
      vertex -19.6454 8.14062 4
    endloop
  endfacet
  facet normal 0 -0 1
    outer loop
      vertex -27.0662 -23.7365 4
      vertex -23.7049 -21.6854 4
      vertex -28.5607 -21.9154 4
    endloop
  endfacet
  facet normal 0 0 1
    outer loop
      vertex -19.6454 8.14062 4
      vertex -34.0895 11.5718 4
      vertex -19.65 8 4
    endloop
  endfacet
  facet normal 0 0 1
    outer loop
      vertex -23.6857 -21.5691 4
      vertex -28.5607 -21.9154 4
      vertex -23.7049 -21.6854 4
    endloop
  endfacet
  facet normal 0 0 1
    outer loop
      vertex -19.65 8 4
      vertex -34.0895 11.5718 4
      vertex -34.7733 9.31748 4
    endloop
  endfacet
  facet normal 0 0 1
    outer loop
      vertex -23.659 -21.4544 4
      vertex -28.5607 -21.9154 4
      vertex -23.6857 -21.5691 4
    endloop
  endfacet
  facet normal 0 0 1
    outer loop
      vertex -19.65 8 4
      vertex -34.7733 9.31748 4
      vertex -35.3083 7.02325 4
    endloop
  endfacet
  facet normal 0 0 1
    outer loop
      vertex -23.6248 -21.3417 4
      vertex -28.5607 -21.9154 4
      vertex -23.659 -21.4544 4
    endloop
  endfacet
  facet normal 0 0 1
    outer loop
      vertex -19.65 8 4
      vertex -35.3083 7.02325 4
      vertex -35.692 4.69894 4
    endloop
  endfacet
  facet normal 0 0 1
    outer loop
      vertex -23.5833 -21.2315 4
      vertex -28.5607 -21.9154 4
      vertex -23.6248 -21.3417 4
    endloop
  endfacet
  facet normal 0 0 1
    outer loop
      vertex -19.65 8 4
      vertex -35.692 4.69894 4
      vertex -35.9229 2.35451 4
    endloop
  endfacet
  facet normal 0 0 1
    outer loop
      vertex -23.5347 -21.1242 4
      vertex -28.5607 -21.9154 4
      vertex -23.5833 -21.2315 4
    endloop
  endfacet
  facet normal 0 0 1
    outer loop
      vertex -19.65 8 4
      vertex -35.9229 2.35451 4
      vertex -36 0 4
    endloop
  endfacet
  facet normal 0 0 1
    outer loop
      vertex -23.4792 -21.0203 4
      vertex -28.5607 -21.9154 4
      vertex -23.5347 -21.1242 4
    endloop
  endfacet
  facet normal 0 0 1
    outer loop
      vertex -23.3483 -20.8245 4
      vertex -29.9329 -20.0005 4
      vertex -23.417 -20.9203 4
    endloop
  endfacet
  facet normal 0 0 1
    outer loop
      vertex -23.417 -20.9203 4
      vertex -28.5607 -21.9154 4
      vertex -23.4792 -21.0203 4
    endloop
  endfacet
  facet normal 0 -0 1
    outer loop
      vertex -28.5607 -21.9154 4
      vertex -23.417 -20.9203 4
      vertex -29.9329 -20.0005 4
    endloop
  endfacet
  facet normal -0 0 1
    outer loop
      vertex -15.9797 6.47972 4
      vertex -5.39432 1.073 4
      vertex -15.8835 6.58241 4
    endloop
  endfacet
  facet normal 0 0 1
    outer loop
      vertex -5.39432 1.073 4
      vertex -15.9797 6.47972 4
      vertex -5.45295 0.717894 4
    endloop
  endfacet
  facet normal -0 0 1
    outer loop
      vertex -16.0824 6.38354 4
      vertex -5.45295 0.717894 4
      vertex -15.9797 6.47972 4
    endloop
  endfacet
  facet normal -0 0 1
    outer loop
      vertex -16.1912 6.29429 4
      vertex -5.45295 0.717894 4
      vertex -16.0824 6.38354 4
    endloop
  endfacet
  facet normal 0 0 1
    outer loop
      vertex -5.45295 0.717894 4
      vertex -16.1912 6.29429 4
      vertex -5.48822 0.359716 4
    endloop
  endfacet
  facet normal -0 0 1
    outer loop
      vertex -16.3055 6.21234 4
      vertex -5.48822 0.359716 4
      vertex -16.1912 6.29429 4
    endloop
  endfacet
  facet normal 0 0 1
    outer loop
      vertex -5.48822 0.359716 4
      vertex -16.3055 6.21234 4
      vertex -5.5 0 4
    endloop
  endfacet
  facet normal -0 0 1
    outer loop
      vertex -16.425 6.13805 4
      vertex -5.5 0 4
      vertex -16.3055 6.21234 4
    endloop
  endfacet
  facet normal 0 0 1
    outer loop
      vertex -5.5 0 4
      vertex -16.425 6.13805 4
      vertex -5.48822 -0.359716 4
    endloop
  endfacet
  facet normal -0 0 1
    outer loop
      vertex -16.5491 6.07172 4
      vertex -5.48822 -0.359716 4
      vertex -16.425 6.13805 4
    endloop
  endfacet
  facet normal -0 0 1
    outer loop
      vertex -16.6772 6.01366 4
      vertex -5.48822 -0.359716 4
      vertex -16.5491 6.07172 4
    endloop
  endfacet
  facet normal 0 0 1
    outer loop
      vertex -5.48822 -0.359716 4
      vertex -16.6772 6.01366 4
      vertex -5.45295 -0.717894 4
    endloop
  endfacet
  facet normal -0 0 1
    outer loop
      vertex -16.8089 5.9641 4
      vertex -5.45295 -0.717894 4
      vertex -16.6772 6.01366 4
    endloop
  endfacet
  facet normal 0 0 1
    outer loop
      vertex -5.45295 -0.717894 4
      vertex -16.8089 5.9641 4
      vertex -5.39432 -1.073 4
    endloop
  endfacet
  facet normal -0 0 1
    outer loop
      vertex -16.9435 5.92326 4
      vertex -5.39432 -1.073 4
      vertex -16.8089 5.9641 4
    endloop
  endfacet
  facet normal 0 0 1
    outer loop
      vertex -5.39432 -1.073 4
      vertex -16.9435 5.92326 4
      vertex -5.31259 -1.4235 4
    endloop
  endfacet
  facet normal -0 0 1
    outer loop
      vertex -20.1242 -22.038 4
      vertex -11.5718 -34.0895 4
      vertex -20.1203 -21.9203 4
    endloop
  endfacet
  facet normal -0 0 1
    outer loop
      vertex -17.0806 5.89131 4
      vertex -5.31259 -1.4235 4
      vertex -16.9435 5.92326 4
    endloop
  endfacet
  facet normal 0 0 1
    outer loop
      vertex -5.31259 -1.4235 4
      vertex -17.0806 5.89131 4
      vertex -5.20812 -1.76792 4
    endloop
  endfacet
  facet normal -0 0 1
    outer loop
      vertex -17.2194 5.86839 4
      vertex -5.20812 -1.76792 4
      vertex -17.0806 5.89131 4
    endloop
  endfacet
  facet normal -0 0 1
    outer loop
      vertex -17.3594 5.8546 4
      vertex -5.20812 -1.76792 4
      vertex -17.2194 5.86839 4
    endloop
  endfacet
  facet normal 0 0 1
    outer loop
      vertex -5.20812 -1.76792 4
      vertex -17.3594 5.8546 4
      vertex -5.08134 -2.10476 4
    endloop
  endfacet
  facet normal -0 0 1
    outer loop
      vertex -17.5 5.85 4
      vertex -5.08134 -2.10476 4
      vertex -17.3594 5.8546 4
    endloop
  endfacet
  facet normal 0 0 1
    outer loop
      vertex -5.08134 -2.10476 4
      vertex -17.5 5.85 4
      vertex -4.9328 -2.43259 4
    endloop
  endfacet
  facet normal 0 0 1
    outer loop
      vertex -20.1203 -21.9203 4
      vertex -17.5 5.85 4
      vertex -17.6406 5.8546 4
    endloop
  endfacet
  facet normal 0 0 1
    outer loop
      vertex -20.1203 -21.9203 4
      vertex -17.6406 5.8546 4
      vertex -17.7806 5.86839 4
    endloop
  endfacet
  facet normal 0 0 1
    outer loop
      vertex -17.5 5.85 4
      vertex -20.1203 -21.9203 4
      vertex -4.9328 -2.43259 4
    endloop
  endfacet
  facet normal 0 0 1
    outer loop
      vertex -20.1203 -21.9203 4
      vertex -17.7806 5.86839 4
      vertex -17.9194 5.89131 4
    endloop
  endfacet
  facet normal 0 0 1
    outer loop
      vertex -11.5718 -34.0895 4
      vertex -20.1242 -22.038 4
      vertex -13.7766 -33.2597 4
    endloop
  endfacet
  facet normal 0 0 1
    outer loop
      vertex -20.1203 -21.9203 4
      vertex -17.9194 5.89131 4
      vertex -18.0565 5.92326 4
    endloop
  endfacet
  facet normal 0 0 1
    outer loop
      vertex -20.1203 -21.9203 4
      vertex -18.0565 5.92326 4
      vertex -18.1911 5.9641 4
    endloop
  endfacet
  facet normal 0 0 1
    outer loop
      vertex -20.1203 -21.9203 4
      vertex -18.1911 5.9641 4
      vertex -18.3228 6.01366 4
    endloop
  endfacet
  facet normal 0 0 1
    outer loop
      vertex -20.1203 -21.9203 4
      vertex -18.3228 6.01366 4
      vertex -18.4509 6.07172 4
    endloop
  endfacet
  facet normal 0 0 1
    outer loop
      vertex -20.1203 -21.9203 4
      vertex -18.4509 6.07172 4
      vertex -18.575 6.13805 4
    endloop
  endfacet
  facet normal 0 0 1
    outer loop
      vertex -20.1203 -21.9203 4
      vertex -18.575 6.13805 4
      vertex -18.6945 6.21234 4
    endloop
  endfacet
  facet normal 0 0 1
    outer loop
      vertex -20.1203 -21.9203 4
      vertex -18.6945 6.21234 4
      vertex -18.8088 6.29429 4
    endloop
  endfacet
  facet normal 0 0 1
    outer loop
      vertex -20.1203 -21.9203 4
      vertex -18.8088 6.29429 4
      vertex -18.9176 6.38354 4
    endloop
  endfacet
  facet normal 0 0 1
    outer loop
      vertex -20.1203 -21.9203 4
      vertex -18.9176 6.38354 4
      vertex -19.0203 6.47972 4
    endloop
  endfacet
  facet normal 0 0 1
    outer loop
      vertex -20.1203 -21.9203 4
      vertex -19.0203 6.47972 4
      vertex -19.1165 6.58241 4
    endloop
  endfacet
  facet normal 0 0 1
    outer loop
      vertex -20.1203 -21.9203 4
      vertex -19.1165 6.58241 4
      vertex -19.2057 6.69116 4
    endloop
  endfacet
  facet normal 0 0 1
    outer loop
      vertex -20.1203 -21.9203 4
      vertex -19.2057 6.69116 4
      vertex -19.2877 6.80552 4
    endloop
  endfacet
  facet normal 0 0 1
    outer loop
      vertex -20.1203 -21.9203 4
      vertex -19.2877 6.80552 4
      vertex -19.362 6.925 4
    endloop
  endfacet
  facet normal 0 0 1
    outer loop
      vertex -20.1203 -21.9203 4
      vertex -19.362 6.925 4
      vertex -19.4283 7.04908 4
    endloop
  endfacet
  facet normal 0 0 1
    outer loop
      vertex -20.1203 -21.9203 4
      vertex -19.4283 7.04908 4
      vertex -19.4863 7.17723 4
    endloop
  endfacet
  facet normal 0 0 1
    outer loop
      vertex -20.1203 -21.9203 4
      vertex -19.4863 7.17723 4
      vertex -19.5359 7.3089 4
    endloop
  endfacet
  facet normal 0 0 1
    outer loop
      vertex -20.1203 -21.9203 4
      vertex -19.5359 7.3089 4
      vertex -19.5767 7.44354 4
    endloop
  endfacet
  facet normal 0 0 1
    outer loop
      vertex -20.1203 -21.9203 4
      vertex -19.5767 7.44354 4
      vertex -19.6087 7.58055 4
    endloop
  endfacet
  facet normal 0 0 1
    outer loop
      vertex -20.1203 -21.9203 4
      vertex -19.6087 7.58055 4
      vertex -19.6316 7.71937 4
    endloop
  endfacet
  facet normal 0 0 1
    outer loop
      vertex -20.1203 -21.9203 4
      vertex -19.6316 7.71937 4
      vertex -19.6454 7.85938 4
    endloop
  endfacet
  facet normal -0 0 1
    outer loop
      vertex -20.1357 -22.1553 4
      vertex -13.7766 -33.2597 4
      vertex -20.1242 -22.038 4
    endloop
  endfacet
  facet normal 0 0 1
    outer loop
      vertex -20.1203 -21.9203 4
      vertex -19.6454 7.85938 4
      vertex -19.65 8 4
    endloop
  endfacet
  facet normal 0 0 1
    outer loop
      vertex -18.0565 10.0767 4
      vertex -21.3417 20.2158 4
      vertex -18.1911 10.0359 4
    endloop
  endfacet
  facet normal -0 0 1
    outer loop
      vertex -21.4544 20.1816 4
      vertex -18.1911 10.0359 4
      vertex -21.3417 20.2158 4
    endloop
  endfacet
  facet normal 0 0 1
    outer loop
      vertex -20.0005 29.9329 4
      vertex -20.1242 22.038 4
      vertex -20.1203 21.9203 4
    endloop
  endfacet
  facet normal 0 0 1
    outer loop
      vertex -20.0005 29.9329 4
      vertex -20.1357 22.1553 4
      vertex -20.1242 22.038 4
    endloop
  endfacet
  facet normal 0 0 1
    outer loop
      vertex -20.0005 29.9329 4
      vertex -20.1549 22.2715 4
      vertex -20.1357 22.1553 4
    endloop
  endfacet
  facet normal 0 0 1
    outer loop
      vertex -20.0005 29.9329 4
      vertex -20.1816 22.3862 4
      vertex -20.1549 22.2715 4
    endloop
  endfacet
  facet normal 0 0 1
    outer loop
      vertex -20.0005 29.9329 4
      vertex -20.2158 22.4989 4
      vertex -20.1816 22.3862 4
    endloop
  endfacet
  facet normal 0 0 1
    outer loop
      vertex -20.0005 29.9329 4
      vertex -20.2573 22.6091 4
      vertex -20.2158 22.4989 4
    endloop
  endfacet
  facet normal 0 0 1
    outer loop
      vertex -20.0005 29.9329 4
      vertex -20.3059 22.7164 4
      vertex -20.2573 22.6091 4
    endloop
  endfacet
  facet normal 0 0 1
    outer loop
      vertex -20.0005 29.9329 4
      vertex -20.3615 22.8203 4
      vertex -20.3059 22.7164 4
    endloop
  endfacet
  facet normal 0 0 1
    outer loop
      vertex -20.0005 29.9329 4
      vertex -20.4237 22.9203 4
      vertex -20.3615 22.8203 4
    endloop
  endfacet
  facet normal 0 0 1
    outer loop
      vertex -20.0005 29.9329 4
      vertex -20.4923 23.0161 4
      vertex -20.4237 22.9203 4
    endloop
  endfacet
  facet normal 0 0 1
    outer loop
      vertex -20.0005 29.9329 4
      vertex -20.567 23.1071 4
      vertex -20.4923 23.0161 4
    endloop
  endfacet
  facet normal 0 0 1
    outer loop
      vertex -20.0005 29.9329 4
      vertex -20.6475 23.1931 4
      vertex -20.567 23.1071 4
    endloop
  endfacet
  facet normal 0 0 1
    outer loop
      vertex -20.0005 29.9329 4
      vertex -20.7335 23.2736 4
      vertex -20.6475 23.1931 4
    endloop
  endfacet
  facet normal 0 0 1
    outer loop
      vertex -20.0005 29.9329 4
      vertex -20.8245 23.3483 4
      vertex -20.7335 23.2736 4
    endloop
  endfacet
  facet normal 0 0 1
    outer loop
      vertex -20.0005 29.9329 4
      vertex -20.9203 23.417 4
      vertex -20.8245 23.3483 4
    endloop
  endfacet
  facet normal -0 0 1
    outer loop
      vertex -21.9154 28.5607 4
      vertex -20.9203 23.417 4
      vertex -20.0005 29.9329 4
    endloop
  endfacet
  facet normal 0 0 1
    outer loop
      vertex -20.9203 23.417 4
      vertex -21.9154 28.5607 4
      vertex -21.0203 23.4792 4
    endloop
  endfacet
  facet normal 0 0 1
    outer loop
      vertex -21.0203 23.4792 4
      vertex -21.9154 28.5607 4
      vertex -21.1242 23.5347 4
    endloop
  endfacet
  facet normal 0 0 1
    outer loop
      vertex -21.1242 23.5347 4
      vertex -21.9154 28.5607 4
      vertex -21.2315 23.5833 4
    endloop
  endfacet
  facet normal 0 0 1
    outer loop
      vertex -21.2315 23.5833 4
      vertex -21.9154 28.5607 4
      vertex -21.3417 23.6248 4
    endloop
  endfacet
  facet normal 0 0 1
    outer loop
      vertex -21.3417 23.6248 4
      vertex -21.9154 28.5607 4
      vertex -21.4544 23.659 4
    endloop
  endfacet
  facet normal 0 0 1
    outer loop
      vertex -21.4544 23.659 4
      vertex -21.9154 28.5607 4
      vertex -21.5691 23.6857 4
    endloop
  endfacet
  facet normal 0 0 1
    outer loop
      vertex -21.5691 23.6857 4
      vertex -21.9154 28.5607 4
      vertex -21.6854 23.7049 4
    endloop
  endfacet
  facet normal -0 0 1
    outer loop
      vertex -23.7365 27.0662 4
      vertex -21.6854 23.7049 4
      vertex -21.9154 28.5607 4
    endloop
  endfacet
  facet normal 0 0 1
    outer loop
      vertex -21.6854 23.7049 4
      vertex -23.7365 27.0662 4
      vertex -21.8026 23.7165 4
    endloop
  endfacet
  facet normal 0 0 1
    outer loop
      vertex -21.8026 23.7165 4
      vertex -23.7365 27.0662 4
      vertex -21.9203 23.7203 4
    endloop
  endfacet
  facet normal 0 0 1
    outer loop
      vertex -21.9203 23.7203 4
      vertex -23.7365 27.0662 4
      vertex -22.038 23.7165 4
    endloop
  endfacet
  facet normal 0 0 1
    outer loop
      vertex -22.038 23.7165 4
      vertex -23.7365 27.0662 4
      vertex -22.1553 23.7049 4
    endloop
  endfacet
  facet normal 0 0 1
    outer loop
      vertex -22.1553 23.7049 4
      vertex -23.7365 27.0662 4
      vertex -22.2715 23.6857 4
    endloop
  endfacet
  facet normal 0 0 1
    outer loop
      vertex -22.2715 23.6857 4
      vertex -23.7365 27.0662 4
      vertex -22.3862 23.659 4
    endloop
  endfacet
  facet normal 0 0 1
    outer loop
      vertex -22.3862 23.659 4
      vertex -23.7365 27.0662 4
      vertex -22.4989 23.6248 4
    endloop
  endfacet
  facet normal 0 0 1
    outer loop
      vertex -22.4989 23.6248 4
      vertex -23.7365 27.0662 4
      vertex -22.6091 23.5833 4
    endloop
  endfacet
  facet normal 0 0 1
    outer loop
      vertex -22.6091 23.5833 4
      vertex -23.7365 27.0662 4
      vertex -22.7164 23.5347 4
    endloop
  endfacet
  facet normal -0 0 1
    outer loop
      vertex -25.4558 25.4558 4
      vertex -22.7164 23.5347 4
      vertex -23.7365 27.0662 4
    endloop
  endfacet
  facet normal 0 0 1
    outer loop
      vertex -22.7164 23.5347 4
      vertex -25.4558 25.4558 4
      vertex -22.8203 23.4792 4
    endloop
  endfacet
  facet normal 0 0 1
    outer loop
      vertex -22.8203 23.4792 4
      vertex -25.4558 25.4558 4
      vertex -22.9203 23.417 4
    endloop
  endfacet
  facet normal 0 0 1
    outer loop
      vertex -22.9203 23.417 4
      vertex -25.4558 25.4558 4
      vertex -23.0161 23.3483 4
    endloop
  endfacet
  facet normal 0 0 1
    outer loop
      vertex -23.0161 23.3483 4
      vertex -25.4558 25.4558 4
      vertex -23.1071 23.2736 4
    endloop
  endfacet
  facet normal 0 0 1
    outer loop
      vertex -23.1071 23.2736 4
      vertex -25.4558 25.4558 4
      vertex -23.1931 23.1931 4
    endloop
  endfacet
  facet normal 0 0 1
    outer loop
      vertex -23.1931 23.1931 4
      vertex -25.4558 25.4558 4
      vertex -23.2736 23.1071 4
    endloop
  endfacet
  facet normal 0 0 1
    outer loop
      vertex -23.2736 23.1071 4
      vertex -25.4558 25.4558 4
      vertex -23.3483 23.0161 4
    endloop
  endfacet
  facet normal 0 0 1
    outer loop
      vertex -23.3483 23.0161 4
      vertex -25.4558 25.4558 4
      vertex -23.417 22.9203 4
    endloop
  endfacet
  facet normal 0 0 1
    outer loop
      vertex -23.417 22.9203 4
      vertex -25.4558 25.4558 4
      vertex -23.4792 22.8203 4
    endloop
  endfacet
  facet normal 0 0 1
    outer loop
      vertex -23.4792 22.8203 4
      vertex -25.4558 25.4558 4
      vertex -23.5347 22.7164 4
    endloop
  endfacet
  facet normal -0 0 1
    outer loop
      vertex -27.0662 23.7365 4
      vertex -23.5347 22.7164 4
      vertex -25.4558 25.4558 4
    endloop
  endfacet
  facet normal 0 0 1
    outer loop
      vertex -23.7049 22.1553 4
      vertex -27.0662 23.7365 4
      vertex -23.7165 22.038 4
    endloop
  endfacet
  facet normal 0 0 1
    outer loop
      vertex -23.6857 22.2715 4
      vertex -27.0662 23.7365 4
      vertex -23.7049 22.1553 4
    endloop
  endfacet
  facet normal 0 0 1
    outer loop
      vertex -23.659 22.3862 4
      vertex -27.0662 23.7365 4
      vertex -23.6857 22.2715 4
    endloop
  endfacet
  facet normal 0 0 1
    outer loop
      vertex -23.6248 22.4989 4
      vertex -27.0662 23.7365 4
      vertex -23.659 22.3862 4
    endloop
  endfacet
  facet normal 0 0 1
    outer loop
      vertex -23.5833 22.6091 4
      vertex -27.0662 23.7365 4
      vertex -23.6248 22.4989 4
    endloop
  endfacet
  facet normal 0 0 1
    outer loop
      vertex -23.5347 22.7164 4
      vertex -27.0662 23.7365 4
      vertex -23.5833 22.6091 4
    endloop
  endfacet
  facet normal -0 0 1
    outer loop
      vertex 3.88909 -3.88909 4
      vertex 20.7335 -20.567 4
      vertex 4.13512 -3.6264 4
    endloop
  endfacet
  facet normal 0 0 1
    outer loop
      vertex 20.7335 -20.567 4
      vertex 3.88909 -3.88909 4
      vertex 20.6475 -20.6475 4
    endloop
  endfacet
  facet normal 0 0 1
    outer loop
      vertex 20.6475 -20.6475 4
      vertex 3.88909 -3.88909 4
      vertex 20.567 -20.7335 4
    endloop
  endfacet
  facet normal -0 0 1
    outer loop
      vertex 3.6264 -4.13512 4
      vertex 20.567 -20.7335 4
      vertex 3.88909 -3.88909 4
    endloop
  endfacet
  facet normal 0 0 1
    outer loop
      vertex 20.567 -20.7335 4
      vertex 3.6264 -4.13512 4
      vertex 20.4923 -20.8245 4
    endloop
  endfacet
  facet normal -0 0 1
    outer loop
      vertex 3.34819 -4.36344 4
      vertex 20.4923 -20.8245 4
      vertex 3.6264 -4.13512 4
    endloop
  endfacet
  facet normal 0 0 1
    outer loop
      vertex 20.4923 -20.8245 4
      vertex 3.34819 -4.36344 4
      vertex 20.4237 -20.9203 4
    endloop
  endfacet
  facet normal -0 0 1
    outer loop
      vertex 3.05564 -4.57308 4
      vertex 20.4237 -20.9203 4
      vertex 3.34819 -4.36344 4
    endloop
  endfacet
  facet normal 0 0 1
    outer loop
      vertex 20.4237 -20.9203 4
      vertex 3.05564 -4.57308 4
      vertex 20.3615 -21.0203 4
    endloop
  endfacet
  facet normal 0 0 1
    outer loop
      vertex 20.3615 -21.0203 4
      vertex 3.05564 -4.57308 4
      vertex 20.3059 -21.1242 4
    endloop
  endfacet
  facet normal -0 0 1
    outer loop
      vertex 2.75 -4.76314 4
      vertex 20.3059 -21.1242 4
      vertex 3.05564 -4.57308 4
    endloop
  endfacet
  facet normal 0 0 1
    outer loop
      vertex 20.3059 -21.1242 4
      vertex 2.75 -4.76314 4
      vertex 20.2573 -21.2315 4
    endloop
  endfacet
  facet normal -0 0 1
    outer loop
      vertex 2.43259 -4.9328 4
      vertex 20.2573 -21.2315 4
      vertex 2.75 -4.76314 4
    endloop
  endfacet
  facet normal 0 0 1
    outer loop
      vertex 20.2573 -21.2315 4
      vertex 2.43259 -4.9328 4
      vertex 20.2158 -21.3417 4
    endloop
  endfacet
  facet normal -0 0 1
    outer loop
      vertex 2.10476 -5.08134 4
      vertex 20.2158 -21.3417 4
      vertex 2.43259 -4.9328 4
    endloop
  endfacet
  facet normal 0 0 1
    outer loop
      vertex 20.2158 -21.3417 4
      vertex 2.10476 -5.08134 4
      vertex 20.1816 -21.4544 4
    endloop
  endfacet
  facet normal -0 0 1
    outer loop
      vertex 1.76792 -5.20812 4
      vertex 20.1816 -21.4544 4
      vertex 2.10476 -5.08134 4
    endloop
  endfacet
  facet normal 0 0 1
    outer loop
      vertex 20.1816 -21.4544 4
      vertex 1.76792 -5.20812 4
      vertex 20.1549 -21.5691 4
    endloop
  endfacet
  facet normal -0 0 1
    outer loop
      vertex 1.4235 -5.31259 4
      vertex 20.1549 -21.5691 4
      vertex 1.76792 -5.20812 4
    endloop
  endfacet
  facet normal 0 0 1
    outer loop
      vertex 20.1549 -21.5691 4
      vertex 1.4235 -5.31259 4
      vertex 7.02325 -35.3083 4
    endloop
  endfacet
  facet normal -0 0 1
    outer loop
      vertex 1.073 -5.39432 4
      vertex 7.02325 -35.3083 4
      vertex 1.4235 -5.31259 4
    endloop
  endfacet
  facet normal 0 0 1
    outer loop
      vertex 7.02325 -35.3083 4
      vertex 1.073 -5.39432 4
      vertex 4.69894 -35.692 4
    endloop
  endfacet
  facet normal -0 0 1
    outer loop
      vertex 0.717894 -5.45295 4
      vertex 4.69894 -35.692 4
      vertex 1.073 -5.39432 4
    endloop
  endfacet
  facet normal 0 0 1
    outer loop
      vertex 4.69894 -35.692 4
      vertex 0.717894 -5.45295 4
      vertex 2.35451 -35.9229 4
    endloop
  endfacet
  facet normal -0 0 1
    outer loop
      vertex 0.359716 -5.48822 4
      vertex 2.35451 -35.9229 4
      vertex 0.717894 -5.45295 4
    endloop
  endfacet
  facet normal -0 0 1
    outer loop
      vertex 0 -5.5 4
      vertex 2.35451 -35.9229 4
      vertex 0.359716 -5.48822 4
    endloop
  endfacet
  facet normal 0 0 1
    outer loop
      vertex 0 -5.5 4
      vertex 0 -36 4
      vertex 2.35451 -35.9229 4
    endloop
  endfacet
  facet normal 0 0 1
    outer loop
      vertex -0.359716 -5.48822 4
      vertex 0 -36 4
      vertex 0 -5.5 4
    endloop
  endfacet
  facet normal 0 0 1
    outer loop
      vertex -2.35451 -35.9229 4
      vertex -0.359716 -5.48822 4
      vertex -0.717894 -5.45295 4
    endloop
  endfacet
  facet normal 0 0 1
    outer loop
      vertex -4.69894 -35.692 4
      vertex -0.717894 -5.45295 4
      vertex -1.073 -5.39432 4
    endloop
  endfacet
  facet normal 0 0 1
    outer loop
      vertex -7.02325 -35.3083 4
      vertex -1.073 -5.39432 4
      vertex -1.4235 -5.31259 4
    endloop
  endfacet
  facet normal 0 0 1
    outer loop
      vertex -20.1203 -21.9203 4
      vertex -1.4235 -5.31259 4
      vertex -1.76792 -5.20812 4
    endloop
  endfacet
  facet normal 0 0 1
    outer loop
      vertex -20.1203 -21.9203 4
      vertex -1.76792 -5.20812 4
      vertex -2.10476 -5.08134 4
    endloop
  endfacet
  facet normal 0 0 1
    outer loop
      vertex -0.359716 -5.48822 4
      vertex -2.35451 -35.9229 4
      vertex 0 -36 4
    endloop
  endfacet
  facet normal 0 0 1
    outer loop
      vertex -20.1203 -21.9203 4
      vertex -2.10476 -5.08134 4
      vertex -2.43259 -4.9328 4
    endloop
  endfacet
  facet normal 0 0 1
    outer loop
      vertex -20.1203 -21.9203 4
      vertex -2.43259 -4.9328 4
      vertex -2.75 -4.76314 4
    endloop
  endfacet
  facet normal 0 0 1
    outer loop
      vertex -20.1203 -21.9203 4
      vertex -2.75 -4.76314 4
      vertex -3.05564 -4.57308 4
    endloop
  endfacet
  facet normal 0 0 1
    outer loop
      vertex -20.1203 -21.9203 4
      vertex -3.05564 -4.57308 4
      vertex -3.34819 -4.36344 4
    endloop
  endfacet
  facet normal 0 0 1
    outer loop
      vertex -20.1203 -21.9203 4
      vertex -3.34819 -4.36344 4
      vertex -3.6264 -4.13512 4
    endloop
  endfacet
  facet normal 0 0 1
    outer loop
      vertex -20.1203 -21.9203 4
      vertex -3.6264 -4.13512 4
      vertex -3.88909 -3.88909 4
    endloop
  endfacet
  facet normal 0 0 1
    outer loop
      vertex -20.1203 -21.9203 4
      vertex -3.88909 -3.88909 4
      vertex -4.13512 -3.6264 4
    endloop
  endfacet
  facet normal 0 0 1
    outer loop
      vertex -20.1203 -21.9203 4
      vertex -4.13512 -3.6264 4
      vertex -4.36344 -3.34819 4
    endloop
  endfacet
  facet normal 0 0 1
    outer loop
      vertex -20.1203 -21.9203 4
      vertex -4.36344 -3.34819 4
      vertex -4.57308 -3.05564 4
    endloop
  endfacet
  facet normal 0 0 1
    outer loop
      vertex -0.717894 -5.45295 4
      vertex -4.69894 -35.692 4
      vertex -2.35451 -35.9229 4
    endloop
  endfacet
  facet normal 0 0 1
    outer loop
      vertex -20.1203 -21.9203 4
      vertex -4.57308 -3.05564 4
      vertex -4.76314 -2.75 4
    endloop
  endfacet
  facet normal 0 0 1
    outer loop
      vertex -20.1203 -21.9203 4
      vertex -4.76314 -2.75 4
      vertex -4.9328 -2.43259 4
    endloop
  endfacet
  facet normal -0 0 1
    outer loop
      vertex -15.8835 6.58241 4
      vertex -5.31259 1.4235 4
      vertex -15.7943 6.69116 4
    endloop
  endfacet
  facet normal -0 0 1
    outer loop
      vertex -15.7943 6.69116 4
      vertex -5.31259 1.4235 4
      vertex -15.7123 6.80552 4
    endloop
  endfacet
  facet normal 0 0 1
    outer loop
      vertex -5.20812 1.76792 4
      vertex -15.7123 6.80552 4
      vertex -5.31259 1.4235 4
    endloop
  endfacet
  facet normal -0 0 1
    outer loop
      vertex -15.7123 6.80552 4
      vertex -5.20812 1.76792 4
      vertex -15.638 6.925 4
    endloop
  endfacet
  facet normal 0 0 1
    outer loop
      vertex -5.08134 2.10476 4
      vertex -15.638 6.925 4
      vertex -5.20812 1.76792 4
    endloop
  endfacet
  facet normal -0 0 1
    outer loop
      vertex -15.638 6.925 4
      vertex -5.08134 2.10476 4
      vertex -15.5717 7.04908 4
    endloop
  endfacet
  facet normal 0 0 1
    outer loop
      vertex -4.9328 2.43259 4
      vertex -15.5717 7.04908 4
      vertex -5.08134 2.10476 4
    endloop
  endfacet
  facet normal 0 0 1
    outer loop
      vertex -4.36344 3.34819 4
      vertex -15.3684 7.71937 4
      vertex -4.57308 3.05564 4
    endloop
  endfacet
  facet normal 0 0 1
    outer loop
      vertex -5.31259 1.4235 4
      vertex -15.8835 6.58241 4
      vertex -5.39432 1.073 4
    endloop
  endfacet
  facet normal 0 0 1
    outer loop
      vertex -15.8835 9.41759 4
      vertex -7.02325 35.3083 4
      vertex -9.31748 34.7733 4
    endloop
  endfacet
  facet normal 0 0 1
    outer loop
      vertex -1.073 -5.39432 4
      vertex -7.02325 -35.3083 4
      vertex -4.69894 -35.692 4
    endloop
  endfacet
  facet normal 0 0 1
    outer loop
      vertex -20.1203 21.9203 4
      vertex -9.31748 34.7733 4
      vertex -11.5718 34.0895 4
    endloop
  endfacet
  facet normal 0 0 1
    outer loop
      vertex -1.4235 -5.31259 4
      vertex -9.31748 -34.7733 4
      vertex -7.02325 -35.3083 4
    endloop
  endfacet
  facet normal 0 0 1
    outer loop
      vertex -20.1203 21.9203 4
      vertex -11.5718 34.0895 4
      vertex -13.7766 33.2597 4
    endloop
  endfacet
  facet normal 0 0 1
    outer loop
      vertex -1.4235 -5.31259 4
      vertex -20.1203 -21.9203 4
      vertex -9.31748 -34.7733 4
    endloop
  endfacet
  facet normal 0 0 1
    outer loop
      vertex -9.31748 -34.7733 4
      vertex -20.1203 -21.9203 4
      vertex -11.5718 -34.0895 4
    endloop
  endfacet
  facet normal -0 0 1
    outer loop
      vertex -15.5717 7.04908 4
      vertex -4.9328 2.43259 4
      vertex -15.5137 7.17723 4
    endloop
  endfacet
  facet normal -0 0 1
    outer loop
      vertex -15.5137 7.17723 4
      vertex -4.9328 2.43259 4
      vertex -15.4641 7.3089 4
    endloop
  endfacet
  facet normal 0 0 1
    outer loop
      vertex -4.76314 2.75 4
      vertex -15.4641 7.3089 4
      vertex -4.9328 2.43259 4
    endloop
  endfacet
  facet normal -0 0 1
    outer loop
      vertex -15.4641 7.3089 4
      vertex -4.76314 2.75 4
      vertex -15.4233 7.44354 4
    endloop
  endfacet
  facet normal 0 0 1
    outer loop
      vertex -4.57308 3.05564 4
      vertex -15.4233 7.44354 4
      vertex -4.76314 2.75 4
    endloop
  endfacet
  facet normal -0 0 1
    outer loop
      vertex -15.4233 7.44354 4
      vertex -4.57308 3.05564 4
      vertex -15.3913 7.58055 4
    endloop
  endfacet
  facet normal -0 0 1
    outer loop
      vertex -15.3913 7.58055 4
      vertex -4.57308 3.05564 4
      vertex -15.3684 7.71937 4
    endloop
  endfacet
  facet normal 0 0 1
    outer loop
      vertex -7.02325 35.3083 4
      vertex -15.638 9.075 4
      vertex -15.5717 8.95092 4
    endloop
  endfacet
  facet normal 0 0 1
    outer loop
      vertex -7.02325 35.3083 4
      vertex -15.7123 9.19448 4
      vertex -15.638 9.075 4
    endloop
  endfacet
  facet normal 0 0 1
    outer loop
      vertex -7.02325 35.3083 4
      vertex -15.7943 9.30884 4
      vertex -15.7123 9.19448 4
    endloop
  endfacet
  facet normal 0 0 1
    outer loop
      vertex -7.02325 35.3083 4
      vertex -15.8835 9.41759 4
      vertex -15.7943 9.30884 4
    endloop
  endfacet
  facet normal 0 0 1
    outer loop
      vertex -20.1203 21.9203 4
      vertex -13.7766 33.2597 4
      vertex -15.9224 32.2874 4
    endloop
  endfacet
  facet normal 0 0 1
    outer loop
      vertex -9.31748 34.7733 4
      vertex -15.9797 9.52028 4
      vertex -15.8835 9.41759 4
    endloop
  endfacet
  facet normal 0 0 1
    outer loop
      vertex -20.1242 21.8026 4
      vertex -9.31748 34.7733 4
      vertex -20.1203 21.9203 4
    endloop
  endfacet
  facet normal 0 0 1
    outer loop
      vertex -9.31748 34.7733 4
      vertex -20.1242 21.8026 4
      vertex -15.9797 9.52028 4
    endloop
  endfacet
  facet normal -0 0 1
    outer loop
      vertex -20.1357 21.6854 4
      vertex -15.9797 9.52028 4
      vertex -20.1242 21.8026 4
    endloop
  endfacet
  facet normal 0 0 1
    outer loop
      vertex -15.9797 9.52028 4
      vertex -20.1357 21.6854 4
      vertex -16.0824 9.61646 4
    endloop
  endfacet
  facet normal -0 0 1
    outer loop
      vertex -20.1549 21.5691 4
      vertex -16.0824 9.61646 4
      vertex -20.1357 21.6854 4
    endloop
  endfacet
  facet normal 0 0 1
    outer loop
      vertex -20.1203 21.9203 4
      vertex -15.9224 32.2874 4
      vertex -18 31.1769 4
    endloop
  endfacet
  facet normal 0 0 1
    outer loop
      vertex -16.0824 9.61646 4
      vertex -20.1549 21.5691 4
      vertex -16.1912 9.70571 4
    endloop
  endfacet
  facet normal -0 0 1
    outer loop
      vertex -20.1816 21.4544 4
      vertex -16.1912 9.70571 4
      vertex -20.1549 21.5691 4
    endloop
  endfacet
  facet normal 0 0 1
    outer loop
      vertex -20.1203 21.9203 4
      vertex -18 31.1769 4
      vertex -20.0005 29.9329 4
    endloop
  endfacet
  facet normal 0 0 1
    outer loop
      vertex -16.1912 9.70571 4
      vertex -20.1816 21.4544 4
      vertex -16.3055 9.78766 4
    endloop
  endfacet
  facet normal -0 0 1
    outer loop
      vertex -20.2158 21.3417 4
      vertex -16.3055 9.78766 4
      vertex -20.1816 21.4544 4
    endloop
  endfacet
  facet normal 0 0 1
    outer loop
      vertex -16.3055 9.78766 4
      vertex -20.2158 21.3417 4
      vertex -16.425 9.86195 4
    endloop
  endfacet
  facet normal -0 0 1
    outer loop
      vertex -20.2573 21.2315 4
      vertex -16.425 9.86195 4
      vertex -20.2158 21.3417 4
    endloop
  endfacet
  facet normal 0 0 1
    outer loop
      vertex -16.425 9.86195 4
      vertex -20.2573 21.2315 4
      vertex -16.5491 9.92828 4
    endloop
  endfacet
  facet normal -0 0 1
    outer loop
      vertex -20.3059 21.1242 4
      vertex -16.5491 9.92828 4
      vertex -20.2573 21.2315 4
    endloop
  endfacet
  facet normal 0 0 1
    outer loop
      vertex -16.5491 9.92828 4
      vertex -20.3059 21.1242 4
      vertex -16.6772 9.98634 4
    endloop
  endfacet
  facet normal -0 0 1
    outer loop
      vertex -20.3615 21.0203 4
      vertex -16.6772 9.98634 4
      vertex -20.3059 21.1242 4
    endloop
  endfacet
  facet normal -0 0 1
    outer loop
      vertex -20.4237 20.9203 4
      vertex -16.6772 9.98634 4
      vertex -20.3615 21.0203 4
    endloop
  endfacet
  facet normal 0 0 1
    outer loop
      vertex -16.6772 9.98634 4
      vertex -20.4237 20.9203 4
      vertex -16.8089 10.0359 4
    endloop
  endfacet
  facet normal -0 0 1
    outer loop
      vertex -20.4923 20.8245 4
      vertex -16.8089 10.0359 4
      vertex -20.4237 20.9203 4
    endloop
  endfacet
  facet normal 0 0 1
    outer loop
      vertex -16.8089 10.0359 4
      vertex -20.4923 20.8245 4
      vertex -16.9435 10.0767 4
    endloop
  endfacet
  facet normal -0 0 1
    outer loop
      vertex -20.567 20.7335 4
      vertex -16.9435 10.0767 4
      vertex -20.4923 20.8245 4
    endloop
  endfacet
  facet normal 0 0 1
    outer loop
      vertex -16.9435 10.0767 4
      vertex -20.567 20.7335 4
      vertex -17.0806 10.1087 4
    endloop
  endfacet
  facet normal -0 0 1
    outer loop
      vertex -20.6475 20.6475 4
      vertex -17.0806 10.1087 4
      vertex -20.567 20.7335 4
    endloop
  endfacet
  facet normal 0 0 1
    outer loop
      vertex -17.0806 10.1087 4
      vertex -20.6475 20.6475 4
      vertex -17.2194 10.1316 4
    endloop
  endfacet
  facet normal -0 0 1
    outer loop
      vertex -20.7335 20.567 4
      vertex -17.2194 10.1316 4
      vertex -20.6475 20.6475 4
    endloop
  endfacet
  facet normal 0 0 1
    outer loop
      vertex -17.2194 10.1316 4
      vertex -20.7335 20.567 4
      vertex -17.3594 10.1454 4
    endloop
  endfacet
  facet normal -0 0 1
    outer loop
      vertex -20.8245 20.4923 4
      vertex -17.3594 10.1454 4
      vertex -20.7335 20.567 4
    endloop
  endfacet
  facet normal 0 0 1
    outer loop
      vertex -17.3594 10.1454 4
      vertex -20.8245 20.4923 4
      vertex -17.5 10.15 4
    endloop
  endfacet
  facet normal -0 0 1
    outer loop
      vertex -20.9203 20.4237 4
      vertex -17.5 10.15 4
      vertex -20.8245 20.4923 4
    endloop
  endfacet
  facet normal 0 0 1
    outer loop
      vertex -17.5 10.15 4
      vertex -20.9203 20.4237 4
      vertex -17.6406 10.1454 4
    endloop
  endfacet
  facet normal -0 0 1
    outer loop
      vertex -21.0203 20.3615 4
      vertex -17.6406 10.1454 4
      vertex -20.9203 20.4237 4
    endloop
  endfacet
  facet normal 0 0 1
    outer loop
      vertex -17.6406 10.1454 4
      vertex -21.0203 20.3615 4
      vertex -17.7806 10.1316 4
    endloop
  endfacet
  facet normal -0 0 1
    outer loop
      vertex -21.1242 20.3059 4
      vertex -17.7806 10.1316 4
      vertex -21.0203 20.3615 4
    endloop
  endfacet
  facet normal 0 0 1
    outer loop
      vertex -17.7806 10.1316 4
      vertex -21.1242 20.3059 4
      vertex -17.9194 10.1087 4
    endloop
  endfacet
  facet normal -0 0 1
    outer loop
      vertex -21.2315 20.2573 4
      vertex -17.9194 10.1087 4
      vertex -21.1242 20.3059 4
    endloop
  endfacet
  facet normal -0 0 1
    outer loop
      vertex -21.3417 20.2158 4
      vertex -18.0565 10.0767 4
      vertex -21.2315 20.2573 4
    endloop
  endfacet
  facet normal 0 0 1
    outer loop
      vertex -17.9194 10.1087 4
      vertex -21.2315 20.2573 4
      vertex -18.0565 10.0767 4
    endloop
  endfacet
  facet normal -0 0 1
    outer loop
      vertex 17.6406 5.8546 4
      vertex 21.5691 -20.1549 4
      vertex 17.7806 5.86839 4
    endloop
  endfacet
  facet normal 0 0 1
    outer loop
      vertex 21.5691 -20.1549 4
      vertex 17.6406 5.8546 4
      vertex 21.4544 -20.1816 4
    endloop
  endfacet
  facet normal -0 0 1
    outer loop
      vertex 17.5 5.85 4
      vertex 21.4544 -20.1816 4
      vertex 17.6406 5.8546 4
    endloop
  endfacet
  facet normal 0 0 1
    outer loop
      vertex 21.4544 -20.1816 4
      vertex 17.5 5.85 4
      vertex 21.3417 -20.2158 4
    endloop
  endfacet
  facet normal 0 0 1
    outer loop
      vertex 17.2194 5.86839 4
      vertex 5.20812 -1.76792 4
      vertex 17.3594 5.8546 4
    endloop
  endfacet
  facet normal 0 0 1
    outer loop
      vertex 16.9435 5.92326 4
      vertex 5.31259 -1.4235 4
      vertex 17.0806 5.89131 4
    endloop
  endfacet
  facet normal 0 0 1
    outer loop
      vertex 5.31259 -1.4235 4
      vertex 16.9435 5.92326 4
      vertex 5.39432 -1.073 4
    endloop
  endfacet
  facet normal 0 0 1
    outer loop
      vertex 17.0806 5.89131 4
      vertex 5.31259 -1.4235 4
      vertex 17.2194 5.86839 4
    endloop
  endfacet
  facet normal 0 0 1
    outer loop
      vertex 5.20812 -1.76792 4
      vertex 17.2194 5.86839 4
      vertex 5.31259 -1.4235 4
    endloop
  endfacet
  facet normal 0 0 1
    outer loop
      vertex 5.08134 -2.10476 4
      vertex 17.3594 5.8546 4
      vertex 5.20812 -1.76792 4
    endloop
  endfacet
  facet normal 0 0 1
    outer loop
      vertex 17.3594 5.8546 4
      vertex 5.08134 -2.10476 4
      vertex 17.5 5.85 4
    endloop
  endfacet
  facet normal 0 0 1
    outer loop
      vertex 17.5 5.85 4
      vertex 5.08134 -2.10476 4
      vertex 21.3417 -20.2158 4
    endloop
  endfacet
  facet normal -0 0 1
    outer loop
      vertex 4.9328 -2.43259 4
      vertex 21.3417 -20.2158 4
      vertex 5.08134 -2.10476 4
    endloop
  endfacet
  facet normal 0 0 1
    outer loop
      vertex 21.3417 -20.2158 4
      vertex 4.9328 -2.43259 4
      vertex 21.2315 -20.2573 4
    endloop
  endfacet
  facet normal -0 0 1
    outer loop
      vertex 4.76314 -2.75 4
      vertex 21.2315 -20.2573 4
      vertex 4.9328 -2.43259 4
    endloop
  endfacet
  facet normal 0 0 1
    outer loop
      vertex 21.2315 -20.2573 4
      vertex 4.76314 -2.75 4
      vertex 21.1242 -20.3059 4
    endloop
  endfacet
  facet normal 0 0 1
    outer loop
      vertex 21.1242 -20.3059 4
      vertex 4.76314 -2.75 4
      vertex 21.0203 -20.3615 4
    endloop
  endfacet
  facet normal -0 0 1
    outer loop
      vertex 4.57308 -3.05564 4
      vertex 21.0203 -20.3615 4
      vertex 4.76314 -2.75 4
    endloop
  endfacet
  facet normal 0 0 1
    outer loop
      vertex 21.0203 -20.3615 4
      vertex 4.57308 -3.05564 4
      vertex 20.9203 -20.4237 4
    endloop
  endfacet
  facet normal -0 0 1
    outer loop
      vertex 4.36344 -3.34819 4
      vertex 20.9203 -20.4237 4
      vertex 4.57308 -3.05564 4
    endloop
  endfacet
  facet normal -0 0 1
    outer loop
      vertex 4.13512 -3.6264 4
      vertex 20.8245 -20.4923 4
      vertex 4.36344 -3.34819 4
    endloop
  endfacet
  facet normal 0 0 1
    outer loop
      vertex 20.8245 -20.4923 4
      vertex 4.13512 -3.6264 4
      vertex 20.7335 -20.567 4
    endloop
  endfacet
  facet normal 0 0 1
    outer loop
      vertex 20.1549 -21.5691 4
      vertex 7.02325 -35.3083 4
      vertex 20.1357 -21.6854 4
    endloop
  endfacet
  facet normal 0 0 1
    outer loop
      vertex 20.1357 -21.6854 4
      vertex 9.31748 -34.7733 4
      vertex 20.1242 -21.8026 4
    endloop
  endfacet
  facet normal 0 -0 1
    outer loop
      vertex 9.31748 -34.7733 4
      vertex 20.1357 -21.6854 4
      vertex 7.02325 -35.3083 4
    endloop
  endfacet
  facet normal 0 0 1
    outer loop
      vertex 20.9203 -20.4237 4
      vertex 4.36344 -3.34819 4
      vertex 20.8245 -20.4923 4
    endloop
  endfacet
  facet normal 0 0 1
    outer loop
      vertex 16.8089 5.9641 4
      vertex 5.39432 -1.073 4
      vertex 16.9435 5.92326 4
    endloop
  endfacet
  facet normal 0 0 1
    outer loop
      vertex 5.39432 -1.073 4
      vertex 16.8089 5.9641 4
      vertex 5.45295 -0.717894 4
    endloop
  endfacet
  facet normal 0 0 1
    outer loop
      vertex 16.6772 6.01366 4
      vertex 5.45295 -0.717894 4
      vertex 16.8089 5.9641 4
    endloop
  endfacet
  facet normal 0 0 1
    outer loop
      vertex 5.45295 -0.717894 4
      vertex 16.6772 6.01366 4
      vertex 5.48822 -0.359716 4
    endloop
  endfacet
  facet normal 0 0 1
    outer loop
      vertex 16.5491 6.07172 4
      vertex 5.48822 -0.359716 4
      vertex 16.6772 6.01366 4
    endloop
  endfacet
  facet normal 0 0 1
    outer loop
      vertex 5.48822 -0.359716 4
      vertex 16.5491 6.07172 4
      vertex 5.5 0 4
    endloop
  endfacet
  facet normal 0 0 1
    outer loop
      vertex 5.5 0 4
      vertex 16.5491 6.07172 4
      vertex 16.425 6.13805 4
    endloop
  endfacet
  facet normal 0 0 1
    outer loop
      vertex 5.5 0 4
      vertex 16.425 6.13805 4
      vertex 16.3055 6.21234 4
    endloop
  endfacet
  facet normal 0 0 1
    outer loop
      vertex 5.48822 0.359716 4
      vertex 16.3055 6.21234 4
      vertex 16.1912 6.29429 4
    endloop
  endfacet
  facet normal 0 0 1
    outer loop
      vertex 5.45295 0.717894 4
      vertex 16.1912 6.29429 4
      vertex 16.0824 6.38354 4
    endloop
  endfacet
  facet normal 0 0 1
    outer loop
      vertex 5.45295 0.717894 4
      vertex 16.0824 6.38354 4
      vertex 15.9797 6.47972 4
    endloop
  endfacet
  facet normal 0 0 1
    outer loop
      vertex 20.1203 -21.9203 4
      vertex 18 -31.1769 4
      vertex 20.0005 -29.9329 4
    endloop
  endfacet
  facet normal 0 0 1
    outer loop
      vertex 5.39432 1.073 4
      vertex 15.9797 6.47972 4
      vertex 15.8835 6.58241 4
    endloop
  endfacet
  facet normal 0 0 1
    outer loop
      vertex 5.31259 1.4235 4
      vertex 15.8835 6.58241 4
      vertex 15.7943 6.69116 4
    endloop
  endfacet
  facet normal 0 0 1
    outer loop
      vertex 5.31259 1.4235 4
      vertex 15.7943 6.69116 4
      vertex 15.7123 6.80552 4
    endloop
  endfacet
  facet normal 0 0 1
    outer loop
      vertex 5.20812 1.76792 4
      vertex 15.7123 6.80552 4
      vertex 15.638 6.925 4
    endloop
  endfacet
  facet normal 0 0 1
    outer loop
      vertex 5.08134 2.10476 4
      vertex 15.638 6.925 4
      vertex 15.5717 7.04908 4
    endloop
  endfacet
  facet normal 0 0 1
    outer loop
      vertex 4.9328 2.43259 4
      vertex 15.5717 7.04908 4
      vertex 15.5137 7.17723 4
    endloop
  endfacet
  facet normal 0 0 1
    outer loop
      vertex 4.9328 2.43259 4
      vertex 15.5137 7.17723 4
      vertex 15.4641 7.3089 4
    endloop
  endfacet
  facet normal 0 0 1
    outer loop
      vertex 4.76314 2.75 4
      vertex 15.4641 7.3089 4
      vertex 15.4233 7.44354 4
    endloop
  endfacet
  facet normal 0 0 1
    outer loop
      vertex 4.57308 3.05564 4
      vertex 15.4233 7.44354 4
      vertex 15.3913 7.58055 4
    endloop
  endfacet
  facet normal 0 0 1
    outer loop
      vertex 4.57308 3.05564 4
      vertex 15.3913 7.58055 4
      vertex 15.3684 7.71937 4
    endloop
  endfacet
  facet normal 0 0 1
    outer loop
      vertex 4.36344 3.34819 4
      vertex 15.3684 7.71937 4
      vertex 15.3546 7.85938 4
    endloop
  endfacet
  facet normal 0 0 1
    outer loop
      vertex 4.13512 3.6264 4
      vertex 15.3546 7.85938 4
      vertex 15.35 8 4
    endloop
  endfacet
  facet normal 0 0 1
    outer loop
      vertex 15.5717 8.95092 4
      vertex 2.75 4.76314 4
      vertex 15.5137 8.82277 4
    endloop
  endfacet
  facet normal 0 0 1
    outer loop
      vertex 20.1203 -21.9203 4
      vertex 15.9224 -32.2874 4
      vertex 18 -31.1769 4
    endloop
  endfacet
  facet normal 0 -0 1
    outer loop
      vertex 3.05564 4.57308 4
      vertex 15.5137 8.82277 4
      vertex 2.75 4.76314 4
    endloop
  endfacet
  facet normal 0 0 1
    outer loop
      vertex 20.1203 -21.9203 4
      vertex 13.7766 -33.2597 4
      vertex 15.9224 -32.2874 4
    endloop
  endfacet
  facet normal 0 0 1
    outer loop
      vertex 15.5137 8.82277 4
      vertex 3.05564 4.57308 4
      vertex 15.4641 8.69109 4
    endloop
  endfacet
  facet normal 0 0 1
    outer loop
      vertex 20.1203 -21.9203 4
      vertex 11.5718 -34.0895 4
      vertex 13.7766 -33.2597 4
    endloop
  endfacet
  facet normal 0 0 1
    outer loop
      vertex 1.4235 5.31259 4
      vertex 9.31748 34.7733 4
      vertex 7.02325 35.3083 4
    endloop
  endfacet
  facet normal 0 0 1
    outer loop
      vertex 20.1203 -21.9203 4
      vertex 9.31748 -34.7733 4
      vertex 11.5718 -34.0895 4
    endloop
  endfacet
  facet normal 0 0 1
    outer loop
      vertex 20.1242 -21.8026 4
      vertex 9.31748 -34.7733 4
      vertex 20.1203 -21.9203 4
    endloop
  endfacet
  facet normal 0 0 1
    outer loop
      vertex 16.3055 6.21234 4
      vertex 5.48822 0.359716 4
      vertex 5.5 0 4
    endloop
  endfacet
  facet normal 0 0 1
    outer loop
      vertex 16.1912 6.29429 4
      vertex 5.45295 0.717894 4
      vertex 5.48822 0.359716 4
    endloop
  endfacet
  facet normal 0 0 1
    outer loop
      vertex 15.9797 6.47972 4
      vertex 5.39432 1.073 4
      vertex 5.45295 0.717894 4
    endloop
  endfacet
  facet normal 0 0 1
    outer loop
      vertex 15.8835 6.58241 4
      vertex 5.31259 1.4235 4
      vertex 5.39432 1.073 4
    endloop
  endfacet
  facet normal 0 0 1
    outer loop
      vertex 15.7123 6.80552 4
      vertex 5.20812 1.76792 4
      vertex 5.31259 1.4235 4
    endloop
  endfacet
  facet normal 0 0 1
    outer loop
      vertex 15.638 6.925 4
      vertex 5.08134 2.10476 4
      vertex 5.20812 1.76792 4
    endloop
  endfacet
  facet normal 0 0 1
    outer loop
      vertex 15.5717 7.04908 4
      vertex 4.9328 2.43259 4
      vertex 5.08134 2.10476 4
    endloop
  endfacet
  facet normal 0 0 1
    outer loop
      vertex 15.4641 7.3089 4
      vertex 4.76314 2.75 4
      vertex 4.9328 2.43259 4
    endloop
  endfacet
  facet normal 0 0 1
    outer loop
      vertex 1.073 5.39432 4
      vertex 7.02325 35.3083 4
      vertex 4.69894 35.692 4
    endloop
  endfacet
  facet normal 0 0 1
    outer loop
      vertex 15.4233 7.44354 4
      vertex 4.57308 3.05564 4
      vertex 4.76314 2.75 4
    endloop
  endfacet
  facet normal 0 0 1
    outer loop
      vertex 15.3684 7.71937 4
      vertex 4.36344 3.34819 4
      vertex 4.57308 3.05564 4
    endloop
  endfacet
  facet normal 0 0 1
    outer loop
      vertex 15.3546 7.85938 4
      vertex 4.13512 3.6264 4
      vertex 4.36344 3.34819 4
    endloop
  endfacet
  facet normal 0 0 1
    outer loop
      vertex 15.35 8 4
      vertex 3.88909 3.88909 4
      vertex 4.13512 3.6264 4
    endloop
  endfacet
  facet normal 0 0 1
    outer loop
      vertex 15.3546 8.14062 4
      vertex 3.88909 3.88909 4
      vertex 15.35 8 4
    endloop
  endfacet
  facet normal 0 0 1
    outer loop
      vertex 15.3684 8.28063 4
      vertex 3.88909 3.88909 4
      vertex 15.3546 8.14062 4
    endloop
  endfacet
  facet normal 0 -0 1
    outer loop
      vertex 3.88909 3.88909 4
      vertex 15.3684 8.28063 4
      vertex 3.6264 4.13512 4
    endloop
  endfacet
  facet normal 0 0 1
    outer loop
      vertex 15.3913 8.41944 4
      vertex 3.6264 4.13512 4
      vertex 15.3684 8.28063 4
    endloop
  endfacet
  facet normal 0 -0 1
    outer loop
      vertex 3.6264 4.13512 4
      vertex 15.3913 8.41944 4
      vertex 3.34819 4.36344 4
    endloop
  endfacet
  facet normal 0 0 1
    outer loop
      vertex 0.717894 5.45295 4
      vertex 4.69894 35.692 4
      vertex 2.35451 35.9229 4
    endloop
  endfacet
  facet normal 0 0 1
    outer loop
      vertex 15.4233 8.55646 4
      vertex 3.34819 4.36344 4
      vertex 15.3913 8.41944 4
    endloop
  endfacet
  facet normal 0 -0 1
    outer loop
      vertex 3.34819 4.36344 4
      vertex 15.4233 8.55646 4
      vertex 3.05564 4.57308 4
    endloop
  endfacet
  facet normal 0 0 1
    outer loop
      vertex 15.4641 8.69109 4
      vertex 3.05564 4.57308 4
      vertex 15.4233 8.55646 4
    endloop
  endfacet
  facet normal 0 0 1
    outer loop
      vertex 7.02325 35.3083 4
      vertex 1.073 5.39432 4
      vertex 1.4235 5.31259 4
    endloop
  endfacet
  facet normal 0 0 1
    outer loop
      vertex 4.69894 35.692 4
      vertex 0.717894 5.45295 4
      vertex 1.073 5.39432 4
    endloop
  endfacet
  facet normal 0 0 1
    outer loop
      vertex 2.35451 35.9229 4
      vertex 0.359716 5.48822 4
      vertex 0.717894 5.45295 4
    endloop
  endfacet
  facet normal 0 0 1
    outer loop
      vertex 0 36 4
      vertex 0.359716 5.48822 4
      vertex 2.35451 35.9229 4
    endloop
  endfacet
  facet normal 0 0 1
    outer loop
      vertex 0 36 4
      vertex 0 5.5 4
      vertex 0.359716 5.48822 4
    endloop
  endfacet
  facet normal 0 0 1
    outer loop
      vertex 0 36 4
      vertex -0.359716 5.48822 4
      vertex 0 5.5 4
    endloop
  endfacet
  facet normal -0 0 1
    outer loop
      vertex -2.35451 35.9229 4
      vertex -0.359716 5.48822 4
      vertex 0 36 4
    endloop
  endfacet
  facet normal 0 0 1
    outer loop
      vertex -0.359716 5.48822 4
      vertex -2.35451 35.9229 4
      vertex -0.717894 5.45295 4
    endloop
  endfacet
  facet normal -0 0 1
    outer loop
      vertex -4.69894 35.692 4
      vertex -0.717894 5.45295 4
      vertex -2.35451 35.9229 4
    endloop
  endfacet
  facet normal 0 0 1
    outer loop
      vertex -0.717894 5.45295 4
      vertex -4.69894 35.692 4
      vertex -1.073 5.39432 4
    endloop
  endfacet
  facet normal -0 0 1
    outer loop
      vertex -7.02325 35.3083 4
      vertex -1.073 5.39432 4
      vertex -4.69894 35.692 4
    endloop
  endfacet
  facet normal 0 0 1
    outer loop
      vertex -1.073 5.39432 4
      vertex -7.02325 35.3083 4
      vertex -1.4235 5.31259 4
    endloop
  endfacet
  facet normal -0 0 1
    outer loop
      vertex -15.5717 8.95092 4
      vertex -1.4235 5.31259 4
      vertex -7.02325 35.3083 4
    endloop
  endfacet
  facet normal 0 0 1
    outer loop
      vertex -1.4235 5.31259 4
      vertex -15.5717 8.95092 4
      vertex -1.76792 5.20812 4
    endloop
  endfacet
  facet normal 0 0 1
    outer loop
      vertex -1.76792 5.20812 4
      vertex -15.5717 8.95092 4
      vertex -2.10476 5.08134 4
    endloop
  endfacet
  facet normal 0 0 1
    outer loop
      vertex -2.10476 5.08134 4
      vertex -15.5717 8.95092 4
      vertex -2.43259 4.9328 4
    endloop
  endfacet
  facet normal 0 0 1
    outer loop
      vertex -2.43259 4.9328 4
      vertex -15.5717 8.95092 4
      vertex -2.75 4.76314 4
    endloop
  endfacet
  facet normal -0 -0 1
    outer loop
      vertex -15.5137 8.82277 4
      vertex -2.75 4.76314 4
      vertex -15.5717 8.95092 4
    endloop
  endfacet
  facet normal 0 0 1
    outer loop
      vertex -2.75 4.76314 4
      vertex -15.5137 8.82277 4
      vertex -3.05564 4.57308 4
    endloop
  endfacet
  facet normal -0 -0 1
    outer loop
      vertex -15.4641 8.69109 4
      vertex -3.05564 4.57308 4
      vertex -15.5137 8.82277 4
    endloop
  endfacet
  facet normal 0 0 1
    outer loop
      vertex -3.05564 4.57308 4
      vertex -15.4641 8.69109 4
      vertex -3.34819 4.36344 4
    endloop
  endfacet
  facet normal -0 -0 1
    outer loop
      vertex -15.4233 8.55646 4
      vertex -3.34819 4.36344 4
      vertex -15.4641 8.69109 4
    endloop
  endfacet
  facet normal -0 -0 1
    outer loop
      vertex -15.3913 8.41944 4
      vertex -3.34819 4.36344 4
      vertex -15.4233 8.55646 4
    endloop
  endfacet
  facet normal 0 0 1
    outer loop
      vertex -3.34819 4.36344 4
      vertex -15.3913 8.41944 4
      vertex -3.6264 4.13512 4
    endloop
  endfacet
  facet normal -0 -0 1
    outer loop
      vertex -15.3684 8.28063 4
      vertex -3.6264 4.13512 4
      vertex -15.3913 8.41944 4
    endloop
  endfacet
  facet normal 0 0 1
    outer loop
      vertex -3.6264 4.13512 4
      vertex -15.3684 8.28063 4
      vertex -3.88909 3.88909 4
    endloop
  endfacet
  facet normal -0 -0 1
    outer loop
      vertex -15.3546 8.14062 4
      vertex -3.88909 3.88909 4
      vertex -15.3684 8.28063 4
    endloop
  endfacet
  facet normal 0 0 1
    outer loop
      vertex -3.88909 3.88909 4
      vertex -15.3546 8.14062 4
      vertex -4.13512 3.6264 4
    endloop
  endfacet
  facet normal -0 -0 1
    outer loop
      vertex -15.35 8 4
      vertex -4.13512 3.6264 4
      vertex -15.3546 8.14062 4
    endloop
  endfacet
  facet normal -0 0 1
    outer loop
      vertex -15.3546 7.85938 4
      vertex -4.13512 3.6264 4
      vertex -15.35 8 4
    endloop
  endfacet
  facet normal 0 0 1
    outer loop
      vertex -4.13512 3.6264 4
      vertex -15.3546 7.85938 4
      vertex -4.36344 3.34819 4
    endloop
  endfacet
  facet normal -0 0 1
    outer loop
      vertex -15.3684 7.71937 4
      vertex -4.36344 3.34819 4
      vertex -15.3546 7.85938 4
    endloop
  endfacet
  facet normal -0 0 1
    outer loop
      vertex 23.2736 20.7335 4
      vertex 29.9329 20.0005 4
      vertex 23.3483 20.8245 4
    endloop
  endfacet
  facet normal 0 0 1
    outer loop
      vertex 36 0 4
      vertex 23.7165 -21.8026 4
      vertex 23.7203 -21.9203 4
    endloop
  endfacet
  facet normal -0 0 1
    outer loop
      vertex 23.1931 20.6475 4
      vertex 29.9329 20.0005 4
      vertex 23.2736 20.7335 4
    endloop
  endfacet
  facet normal 0 0 1
    outer loop
      vertex 36 0 4
      vertex 23.7049 -21.6854 4
      vertex 23.7165 -21.8026 4
    endloop
  endfacet
  facet normal -0 0 1
    outer loop
      vertex 23.1071 20.567 4
      vertex 29.9329 20.0005 4
      vertex 23.1931 20.6475 4
    endloop
  endfacet
  facet normal 0 0 1
    outer loop
      vertex 36 0 4
      vertex 23.6857 -21.5691 4
      vertex 23.7049 -21.6854 4
    endloop
  endfacet
  facet normal -0 0 1
    outer loop
      vertex 23.0161 20.4923 4
      vertex 29.9329 20.0005 4
      vertex 23.1071 20.567 4
    endloop
  endfacet
  facet normal 0 0 1
    outer loop
      vertex 36 0 4
      vertex 23.659 -21.4544 4
      vertex 23.6857 -21.5691 4
    endloop
  endfacet
  facet normal 0 0 1
    outer loop
      vertex 29.9329 20.0005 4
      vertex 23.0161 20.4923 4
      vertex 31.1769 18 4
    endloop
  endfacet
  facet normal 0 0 1
    outer loop
      vertex 36 0 4
      vertex 23.6248 -21.3417 4
      vertex 23.659 -21.4544 4
    endloop
  endfacet
  facet normal -0 0 1
    outer loop
      vertex 22.9203 20.4237 4
      vertex 31.1769 18 4
      vertex 23.0161 20.4923 4
    endloop
  endfacet
  facet normal 0 0 1
    outer loop
      vertex 36 0 4
      vertex 23.5833 -21.2315 4
      vertex 23.6248 -21.3417 4
    endloop
  endfacet
  facet normal -0 0 1
    outer loop
      vertex 22.8203 20.3615 4
      vertex 31.1769 18 4
      vertex 22.9203 20.4237 4
    endloop
  endfacet
  facet normal 0 0 1
    outer loop
      vertex 36 0 4
      vertex 23.5347 -21.1242 4
      vertex 23.5833 -21.2315 4
    endloop
  endfacet
  facet normal -0 0 1
    outer loop
      vertex 22.7164 20.3059 4
      vertex 31.1769 18 4
      vertex 22.8203 20.3615 4
    endloop
  endfacet
  facet normal -0 0 1
    outer loop
      vertex 19.5767 7.44354 4
      vertex 35.3083 7.02325 4
      vertex 19.6087 7.58055 4
    endloop
  endfacet
  facet normal -0 0 1
    outer loop
      vertex 22.6091 20.2573 4
      vertex 31.1769 18 4
      vertex 22.7164 20.3059 4
    endloop
  endfacet
  facet normal 0 0 1
    outer loop
      vertex 36 0 4
      vertex 23.4792 -21.0203 4
      vertex 23.5347 -21.1242 4
    endloop
  endfacet
  facet normal 0 0 1
    outer loop
      vertex 31.1769 18 4
      vertex 22.6091 20.2573 4
      vertex 32.2874 15.9224 4
    endloop
  endfacet
  facet normal 0 0 1
    outer loop
      vertex 36 0 4
      vertex 23.417 -20.9203 4
      vertex 23.4792 -21.0203 4
    endloop
  endfacet
  facet normal 0 0 1
    outer loop
      vertex 19.2877 9.19448 4
      vertex 32.2874 15.9224 4
      vertex 22.6091 20.2573 4
    endloop
  endfacet
  facet normal 0 0 1
    outer loop
      vertex 36 0 4
      vertex 23.3483 -20.8245 4
      vertex 23.417 -20.9203 4
    endloop
  endfacet
  facet normal 0 -0 1
    outer loop
      vertex 19.65 8 4
      vertex 34.7733 9.31748 4
      vertex 19.6454 8.14062 4
    endloop
  endfacet
  facet normal 0 0 1
    outer loop
      vertex 36 0 4
      vertex 23.2736 -20.7335 4
      vertex 23.3483 -20.8245 4
    endloop
  endfacet
  facet normal 0 0 1
    outer loop
      vertex 34.0895 11.5718 4
      vertex 19.6454 8.14062 4
      vertex 34.7733 9.31748 4
    endloop
  endfacet
  facet normal 0 0 1
    outer loop
      vertex 36 0 4
      vertex 23.1931 -20.6475 4
      vertex 23.2736 -20.7335 4
    endloop
  endfacet
  facet normal 0 -0 1
    outer loop
      vertex 19.6316 8.28063 4
      vertex 34.0895 11.5718 4
      vertex 19.6087 8.41944 4
    endloop
  endfacet
  facet normal 0 0 1
    outer loop
      vertex 36 0 4
      vertex 23.1071 -20.567 4
      vertex 23.1931 -20.6475 4
    endloop
  endfacet
  facet normal 0 -0 1
    outer loop
      vertex 19.6087 8.41944 4
      vertex 33.2597 13.7766 4
      vertex 19.5767 8.55646 4
    endloop
  endfacet
  facet normal 0 0 1
    outer loop
      vertex 36 0 4
      vertex 23.0161 -20.4923 4
      vertex 23.1071 -20.567 4
    endloop
  endfacet
  facet normal 0 -0 1
    outer loop
      vertex 19.5359 8.69109 4
      vertex 33.2597 13.7766 4
      vertex 19.4863 8.82277 4
    endloop
  endfacet
  facet normal 0 0 1
    outer loop
      vertex 36 0 4
      vertex 22.9203 -20.4237 4
      vertex 23.0161 -20.4923 4
    endloop
  endfacet
  facet normal 0 0 1
    outer loop
      vertex 32.2874 15.9224 4
      vertex 19.4283 8.95092 4
      vertex 33.2597 13.7766 4
    endloop
  endfacet
  facet normal 0 0 1
    outer loop
      vertex 36 0 4
      vertex 22.8203 -20.3615 4
      vertex 22.9203 -20.4237 4
    endloop
  endfacet
  facet normal 0 -0 1
    outer loop
      vertex 19.362 9.075 4
      vertex 32.2874 15.9224 4
      vertex 19.2877 9.19448 4
    endloop
  endfacet
  facet normal 0 0 1
    outer loop
      vertex 36 0 4
      vertex 22.7164 -20.3059 4
      vertex 22.8203 -20.3615 4
    endloop
  endfacet
  facet normal 0 0 1
    outer loop
      vertex 19.2877 9.19448 4
      vertex 22.6091 20.2573 4
      vertex 22.4989 20.2158 4
    endloop
  endfacet
  facet normal 0 0 1
    outer loop
      vertex 36 0 4
      vertex 22.6091 -20.2573 4
      vertex 22.7164 -20.3059 4
    endloop
  endfacet
  facet normal 0 0 1
    outer loop
      vertex 19.2057 9.30884 4
      vertex 22.4989 20.2158 4
      vertex 22.3862 20.1816 4
    endloop
  endfacet
  facet normal 0 0 1
    outer loop
      vertex 36 0 4
      vertex 22.4989 -20.2158 4
      vertex 22.6091 -20.2573 4
    endloop
  endfacet
  facet normal 0 0 1
    outer loop
      vertex 19.1165 9.41759 4
      vertex 22.3862 20.1816 4
      vertex 22.2715 20.1549 4
    endloop
  endfacet
  facet normal 0 0 1
    outer loop
      vertex 36 0 4
      vertex 22.3862 -20.1816 4
      vertex 22.4989 -20.2158 4
    endloop
  endfacet
  facet normal 0 0 1
    outer loop
      vertex 19.0203 9.52028 4
      vertex 22.2715 20.1549 4
      vertex 22.1553 20.1357 4
    endloop
  endfacet
  facet normal 0 0 1
    outer loop
      vertex 36 0 4
      vertex 22.2715 -20.1549 4
      vertex 22.3862 -20.1816 4
    endloop
  endfacet
  facet normal 0 0 1
    outer loop
      vertex 18.9176 9.61646 4
      vertex 22.1553 20.1357 4
      vertex 22.038 20.1242 4
    endloop
  endfacet
  facet normal 0 0 1
    outer loop
      vertex 36 0 4
      vertex 22.1553 -20.1357 4
      vertex 22.2715 -20.1549 4
    endloop
  endfacet
  facet normal 0 0 1
    outer loop
      vertex 18.8088 9.70571 4
      vertex 22.038 20.1242 4
      vertex 21.9203 20.1203 4
    endloop
  endfacet
  facet normal -0 0 1
    outer loop
      vertex 19.2057 6.69116 4
      vertex 35.9229 2.35451 4
      vertex 19.2877 6.80552 4
    endloop
  endfacet
  facet normal 0 0 1
    outer loop
      vertex 18.6945 9.78766 4
      vertex 21.9203 20.1203 4
      vertex 21.8026 20.1242 4
    endloop
  endfacet
  facet normal -0 0 1
    outer loop
      vertex 19.5359 7.3089 4
      vertex 35.3083 7.02325 4
      vertex 19.5767 7.44354 4
    endloop
  endfacet
  facet normal 0 0 1
    outer loop
      vertex 18.575 9.86195 4
      vertex 21.8026 20.1242 4
      vertex 21.6854 20.1357 4
    endloop
  endfacet
  facet normal 0 0 1
    outer loop
      vertex 35.3083 7.02325 4
      vertex 19.5359 7.3089 4
      vertex 35.692 4.69894 4
    endloop
  endfacet
  facet normal 0 0 1
    outer loop
      vertex 18.4509 9.92828 4
      vertex 21.6854 20.1357 4
      vertex 21.5691 20.1549 4
    endloop
  endfacet
  facet normal -0 0 1
    outer loop
      vertex 19.4863 7.17723 4
      vertex 35.692 4.69894 4
      vertex 19.5359 7.3089 4
    endloop
  endfacet
  facet normal 0 0 1
    outer loop
      vertex 18.3228 9.98634 4
      vertex 21.5691 20.1549 4
      vertex 21.4544 20.1816 4
    endloop
  endfacet
  facet normal -0 0 1
    outer loop
      vertex 19.4283 7.04908 4
      vertex 35.692 4.69894 4
      vertex 19.4863 7.17723 4
    endloop
  endfacet
  facet normal 0 0 1
    outer loop
      vertex 18.1911 10.0359 4
      vertex 21.4544 20.1816 4
      vertex 21.3417 20.2158 4
    endloop
  endfacet
  facet normal -0 0 1
    outer loop
      vertex 19.362 6.925 4
      vertex 35.692 4.69894 4
      vertex 19.4283 7.04908 4
    endloop
  endfacet
  facet normal 0 0 1
    outer loop
      vertex 18.0565 10.0767 4
      vertex 21.3417 20.2158 4
      vertex 21.2315 20.2573 4
    endloop
  endfacet
  facet normal 0 0 1
    outer loop
      vertex 35.692 4.69894 4
      vertex 19.362 6.925 4
      vertex 35.9229 2.35451 4
    endloop
  endfacet
  facet normal 0 0 1
    outer loop
      vertex 17.9194 10.1087 4
      vertex 21.2315 20.2573 4
      vertex 21.1242 20.3059 4
    endloop
  endfacet
  facet normal -0 0 1
    outer loop
      vertex 19.2877 6.80552 4
      vertex 35.9229 2.35451 4
      vertex 19.362 6.925 4
    endloop
  endfacet
  facet normal 0 0 1
    outer loop
      vertex 17.7806 10.1316 4
      vertex 21.1242 20.3059 4
      vertex 21.0203 20.3615 4
    endloop
  endfacet
  facet normal 0 0 1
    outer loop
      vertex 35.9229 2.35451 4
      vertex 19.2057 6.69116 4
      vertex 36 0 4
    endloop
  endfacet
  facet normal 0 0 1
    outer loop
      vertex 17.6406 10.1454 4
      vertex 21.0203 20.3615 4
      vertex 20.9203 20.4237 4
    endloop
  endfacet
  facet normal -0 0 1
    outer loop
      vertex 19.1165 6.58241 4
      vertex 36 0 4
      vertex 19.2057 6.69116 4
    endloop
  endfacet
  facet normal 0 0 1
    outer loop
      vertex 17.5 10.15 4
      vertex 20.9203 20.4237 4
      vertex 20.8245 20.4923 4
    endloop
  endfacet
  facet normal -0 0 1
    outer loop
      vertex 19.0203 6.47972 4
      vertex 36 0 4
      vertex 19.1165 6.58241 4
    endloop
  endfacet
  facet normal 0 0 1
    outer loop
      vertex 17.3594 10.1454 4
      vertex 20.8245 20.4923 4
      vertex 20.7335 20.567 4
    endloop
  endfacet
  facet normal -0 0 1
    outer loop
      vertex 18.9176 6.38354 4
      vertex 36 0 4
      vertex 19.0203 6.47972 4
    endloop
  endfacet
  facet normal 0 0 1
    outer loop
      vertex 17.2194 10.1316 4
      vertex 20.7335 20.567 4
      vertex 20.6475 20.6475 4
    endloop
  endfacet
  facet normal -0 0 1
    outer loop
      vertex 18.8088 6.29429 4
      vertex 36 0 4
      vertex 18.9176 6.38354 4
    endloop
  endfacet
  facet normal 0 0 1
    outer loop
      vertex 17.0806 10.1087 4
      vertex 20.6475 20.6475 4
      vertex 20.567 20.7335 4
    endloop
  endfacet
  facet normal -0 0 1
    outer loop
      vertex 18.6945 6.21234 4
      vertex 36 0 4
      vertex 18.8088 6.29429 4
    endloop
  endfacet
  facet normal 0 0 1
    outer loop
      vertex 16.9435 10.0767 4
      vertex 20.567 20.7335 4
      vertex 20.4923 20.8245 4
    endloop
  endfacet
  facet normal -0 0 1
    outer loop
      vertex 18.575 6.13805 4
      vertex 36 0 4
      vertex 18.6945 6.21234 4
    endloop
  endfacet
  facet normal 0 0 1
    outer loop
      vertex 16.8089 10.0359 4
      vertex 20.4923 20.8245 4
      vertex 20.4237 20.9203 4
    endloop
  endfacet
  facet normal -0 0 1
    outer loop
      vertex 18.4509 6.07172 4
      vertex 36 0 4
      vertex 18.575 6.13805 4
    endloop
  endfacet
  facet normal 0 0 1
    outer loop
      vertex 16.6772 9.98634 4
      vertex 20.4237 20.9203 4
      vertex 20.3615 21.0203 4
    endloop
  endfacet
  facet normal -0 0 1
    outer loop
      vertex 18.3228 6.01366 4
      vertex 36 0 4
      vertex 18.4509 6.07172 4
    endloop
  endfacet
  facet normal 0 0 1
    outer loop
      vertex 16.6772 9.98634 4
      vertex 20.3615 21.0203 4
      vertex 20.3059 21.1242 4
    endloop
  endfacet
  facet normal 0 0 1
    outer loop
      vertex 36 0 4
      vertex 18.3228 6.01366 4
      vertex 22.1553 -20.1357 4
    endloop
  endfacet
  facet normal 0 0 1
    outer loop
      vertex 16.5491 9.92828 4
      vertex 20.3059 21.1242 4
      vertex 20.2573 21.2315 4
    endloop
  endfacet
  facet normal 0 0 1
    outer loop
      vertex 22.1553 -20.1357 4
      vertex 18.3228 6.01366 4
      vertex 22.038 -20.1242 4
    endloop
  endfacet
  facet normal 0 0 1
    outer loop
      vertex 16.425 9.86195 4
      vertex 20.2573 21.2315 4
      vertex 20.2158 21.3417 4
    endloop
  endfacet
  facet normal -0 0 1
    outer loop
      vertex 18.1911 5.9641 4
      vertex 22.038 -20.1242 4
      vertex 18.3228 6.01366 4
    endloop
  endfacet
  facet normal 0 0 1
    outer loop
      vertex 16.3055 9.78766 4
      vertex 20.2158 21.3417 4
      vertex 20.1816 21.4544 4
    endloop
  endfacet
  facet normal 0 0 1
    outer loop
      vertex 22.038 -20.1242 4
      vertex 18.1911 5.9641 4
      vertex 21.9203 -20.1203 4
    endloop
  endfacet
  facet normal 0 0 1
    outer loop
      vertex 16.1912 9.70571 4
      vertex 20.1816 21.4544 4
      vertex 20.1549 21.5691 4
    endloop
  endfacet
  facet normal -0 0 1
    outer loop
      vertex 18.0565 5.92326 4
      vertex 21.9203 -20.1203 4
      vertex 18.1911 5.9641 4
    endloop
  endfacet
  facet normal 0 0 1
    outer loop
      vertex 16.0824 9.61646 4
      vertex 20.1549 21.5691 4
      vertex 20.1357 21.6854 4
    endloop
  endfacet
  facet normal 0 0 1
    outer loop
      vertex 21.9203 -20.1203 4
      vertex 18.0565 5.92326 4
      vertex 21.8026 -20.1242 4
    endloop
  endfacet
  facet normal 0 0 1
    outer loop
      vertex 15.9797 9.52028 4
      vertex 20.1357 21.6854 4
      vertex 20.1242 21.8026 4
    endloop
  endfacet
  facet normal -0 0 1
    outer loop
      vertex 17.9194 5.89131 4
      vertex 21.8026 -20.1242 4
      vertex 18.0565 5.92326 4
    endloop
  endfacet
  facet normal 0 0 1
    outer loop
      vertex 20.1242 22.038 4
      vertex 11.5718 34.0895 4
      vertex 20.1203 21.9203 4
    endloop
  endfacet
  facet normal 0 0 1
    outer loop
      vertex 21.8026 -20.1242 4
      vertex 17.9194 5.89131 4
      vertex 21.6854 -20.1357 4
    endloop
  endfacet
  facet normal 0 0 1
    outer loop
      vertex 28.5607 21.9154 4
      vertex 23.417 20.9203 4
      vertex 29.9329 20.0005 4
    endloop
  endfacet
  facet normal 0 0 1
    outer loop
      vertex 23.417 20.9203 4
      vertex 28.5607 21.9154 4
      vertex 23.4792 21.0203 4
    endloop
  endfacet
  facet normal -0 0 1
    outer loop
      vertex 23.3483 20.8245 4
      vertex 29.9329 20.0005 4
      vertex 23.417 20.9203 4
    endloop
  endfacet
  facet normal 0 0 1
    outer loop
      vertex 23.4792 21.0203 4
      vertex 28.5607 21.9154 4
      vertex 23.5347 21.1242 4
    endloop
  endfacet
  facet normal 0 0 1
    outer loop
      vertex 36 0 4
      vertex 23.7203 -21.9203 4
      vertex 35.9229 -2.35451 4
    endloop
  endfacet
  facet normal 0 0 1
    outer loop
      vertex 23.5347 21.1242 4
      vertex 28.5607 21.9154 4
      vertex 23.5833 21.2315 4
    endloop
  endfacet
  facet normal 0 0 1
    outer loop
      vertex 35.9229 -2.35451 4
      vertex 23.7203 -21.9203 4
      vertex 35.692 -4.69894 4
    endloop
  endfacet
  facet normal 0 0 1
    outer loop
      vertex 23.5833 21.2315 4
      vertex 28.5607 21.9154 4
      vertex 23.6248 21.3417 4
    endloop
  endfacet
  facet normal 0 0 1
    outer loop
      vertex 35.692 -4.69894 4
      vertex 23.7203 -21.9203 4
      vertex 35.3083 -7.02325 4
    endloop
  endfacet
  facet normal 0 0 1
    outer loop
      vertex 23.6248 21.3417 4
      vertex 28.5607 21.9154 4
      vertex 23.659 21.4544 4
    endloop
  endfacet
  facet normal 0 0 1
    outer loop
      vertex 35.3083 -7.02325 4
      vertex 23.7203 -21.9203 4
      vertex 34.7733 -9.31748 4
    endloop
  endfacet
  facet normal 0 0 1
    outer loop
      vertex 23.659 21.4544 4
      vertex 28.5607 21.9154 4
      vertex 23.6857 21.5691 4
    endloop
  endfacet
  facet normal 0 0 1
    outer loop
      vertex 34.7733 -9.31748 4
      vertex 23.7203 -21.9203 4
      vertex 34.0895 -11.5718 4
    endloop
  endfacet
  facet normal 0 0 1
    outer loop
      vertex 23.6857 21.5691 4
      vertex 28.5607 21.9154 4
      vertex 23.7049 21.6854 4
    endloop
  endfacet
  facet normal 0 0 1
    outer loop
      vertex 34.0895 -11.5718 4
      vertex 23.7203 -21.9203 4
      vertex 33.2597 -13.7766 4
    endloop
  endfacet
  facet normal 0 0 1
    outer loop
      vertex 27.0662 23.7365 4
      vertex 23.7049 21.6854 4
      vertex 28.5607 21.9154 4
    endloop
  endfacet
  facet normal 0 0 1
    outer loop
      vertex 33.2597 -13.7766 4
      vertex 23.7203 -21.9203 4
      vertex 32.2874 -15.9224 4
    endloop
  endfacet
  facet normal 0 0 1
    outer loop
      vertex 23.7049 21.6854 4
      vertex 27.0662 23.7365 4
      vertex 23.7165 21.8026 4
    endloop
  endfacet
  facet normal 0 0 1
    outer loop
      vertex 32.2874 -15.9224 4
      vertex 23.7203 -21.9203 4
      vertex 31.1769 -18 4
    endloop
  endfacet
  facet normal 0 0 1
    outer loop
      vertex 23.7165 21.8026 4
      vertex 27.0662 23.7365 4
      vertex 23.7203 21.9203 4
    endloop
  endfacet
  facet normal 0 0 1
    outer loop
      vertex 31.1769 -18 4
      vertex 23.7203 -21.9203 4
      vertex 29.9329 -20.0005 4
    endloop
  endfacet
  facet normal 0 0 1
    outer loop
      vertex 23.5347 22.7164 4
      vertex 27.0662 23.7365 4
      vertex 25.4558 25.4558 4
    endloop
  endfacet
  facet normal 0 0 1
    outer loop
      vertex 29.9329 -20.0005 4
      vertex 23.7203 -21.9203 4
      vertex 28.5607 -21.9154 4
    endloop
  endfacet
  facet normal 0 0 1
    outer loop
      vertex 22.7164 23.5347 4
      vertex 25.4558 25.4558 4
      vertex 23.7365 27.0662 4
    endloop
  endfacet
  facet normal 0 0 1
    outer loop
      vertex 28.5607 -21.9154 4
      vertex 23.7203 -21.9203 4
      vertex 27.0662 -23.7365 4
    endloop
  endfacet
  facet normal -0 0 1
    outer loop
      vertex 23.7165 -22.038 4
      vertex 27.0662 -23.7365 4
      vertex 23.7203 -21.9203 4
    endloop
  endfacet
  facet normal 0 0 1
    outer loop
      vertex 27.0662 23.7365 4
      vertex 23.7165 22.038 4
      vertex 23.7203 21.9203 4
    endloop
  endfacet
  facet normal 0 0 1
    outer loop
      vertex 27.0662 23.7365 4
      vertex 23.7049 22.1553 4
      vertex 23.7165 22.038 4
    endloop
  endfacet
  facet normal 0 0 1
    outer loop
      vertex 27.0662 23.7365 4
      vertex 23.6857 22.2715 4
      vertex 23.7049 22.1553 4
    endloop
  endfacet
  facet normal 0 0 1
    outer loop
      vertex 27.0662 23.7365 4
      vertex 23.659 22.3862 4
      vertex 23.6857 22.2715 4
    endloop
  endfacet
  facet normal 0 0 1
    outer loop
      vertex 27.0662 23.7365 4
      vertex 23.6248 22.4989 4
      vertex 23.659 22.3862 4
    endloop
  endfacet
  facet normal 0 0 1
    outer loop
      vertex 27.0662 23.7365 4
      vertex 23.5833 22.6091 4
      vertex 23.6248 22.4989 4
    endloop
  endfacet
  facet normal 0 0 1
    outer loop
      vertex 27.0662 23.7365 4
      vertex 23.5347 22.7164 4
      vertex 23.5833 22.6091 4
    endloop
  endfacet
  facet normal 0 0 1
    outer loop
      vertex 25.4558 25.4558 4
      vertex 23.4792 22.8203 4
      vertex 23.5347 22.7164 4
    endloop
  endfacet
  facet normal 0 0 1
    outer loop
      vertex 25.4558 25.4558 4
      vertex 23.417 22.9203 4
      vertex 23.4792 22.8203 4
    endloop
  endfacet
  facet normal 0 0 1
    outer loop
      vertex 25.4558 25.4558 4
      vertex 23.3483 23.0161 4
      vertex 23.417 22.9203 4
    endloop
  endfacet
  facet normal 0 0 1
    outer loop
      vertex 25.4558 25.4558 4
      vertex 23.2736 23.1071 4
      vertex 23.3483 23.0161 4
    endloop
  endfacet
  facet normal 0 0 1
    outer loop
      vertex 25.4558 25.4558 4
      vertex 23.1931 23.1931 4
      vertex 23.2736 23.1071 4
    endloop
  endfacet
  facet normal 0 0 1
    outer loop
      vertex 25.4558 25.4558 4
      vertex 23.1071 23.2736 4
      vertex 23.1931 23.1931 4
    endloop
  endfacet
  facet normal 0 0 1
    outer loop
      vertex 25.4558 25.4558 4
      vertex 23.0161 23.3483 4
      vertex 23.1071 23.2736 4
    endloop
  endfacet
  facet normal 0 0 1
    outer loop
      vertex 25.4558 25.4558 4
      vertex 22.9203 23.417 4
      vertex 23.0161 23.3483 4
    endloop
  endfacet
  facet normal 0 0 1
    outer loop
      vertex 25.4558 25.4558 4
      vertex 22.8203 23.4792 4
      vertex 22.9203 23.417 4
    endloop
  endfacet
  facet normal 0 0 1
    outer loop
      vertex 25.4558 25.4558 4
      vertex 22.7164 23.5347 4
      vertex 22.8203 23.4792 4
    endloop
  endfacet
  facet normal 0 0 1
    outer loop
      vertex 23.7365 27.0662 4
      vertex 22.6091 23.5833 4
      vertex 22.7164 23.5347 4
    endloop
  endfacet
  facet normal 0 0 1
    outer loop
      vertex 23.7365 27.0662 4
      vertex 22.4989 23.6248 4
      vertex 22.6091 23.5833 4
    endloop
  endfacet
  facet normal 0 0 1
    outer loop
      vertex 23.7365 27.0662 4
      vertex 22.3862 23.659 4
      vertex 22.4989 23.6248 4
    endloop
  endfacet
  facet normal 0 0 1
    outer loop
      vertex 23.7365 27.0662 4
      vertex 22.2715 23.6857 4
      vertex 22.3862 23.659 4
    endloop
  endfacet
  facet normal 0 0 1
    outer loop
      vertex 23.7365 27.0662 4
      vertex 22.1553 23.7049 4
      vertex 22.2715 23.6857 4
    endloop
  endfacet
  facet normal 0 0 1
    outer loop
      vertex 23.7365 27.0662 4
      vertex 22.038 23.7165 4
      vertex 22.1553 23.7049 4
    endloop
  endfacet
  facet normal 0 0 1
    outer loop
      vertex 23.7365 27.0662 4
      vertex 21.9203 23.7203 4
      vertex 22.038 23.7165 4
    endloop
  endfacet
  facet normal 0 0 1
    outer loop
      vertex 21.6854 23.7049 4
      vertex 23.7365 27.0662 4
      vertex 21.9154 28.5607 4
    endloop
  endfacet
  facet normal 0 0 1
    outer loop
      vertex 23.7365 27.0662 4
      vertex 21.8026 23.7165 4
      vertex 21.9203 23.7203 4
    endloop
  endfacet
  facet normal 0 0 1
    outer loop
      vertex 23.7365 27.0662 4
      vertex 21.6854 23.7049 4
      vertex 21.8026 23.7165 4
    endloop
  endfacet
  facet normal 0 0 1
    outer loop
      vertex 21.9154 28.5607 4
      vertex 21.5691 23.6857 4
      vertex 21.6854 23.7049 4
    endloop
  endfacet
  facet normal 0 0 1
    outer loop
      vertex 21.9154 28.5607 4
      vertex 21.4544 23.659 4
      vertex 21.5691 23.6857 4
    endloop
  endfacet
  facet normal 0 0 1
    outer loop
      vertex 21.9154 28.5607 4
      vertex 21.3417 23.6248 4
      vertex 21.4544 23.659 4
    endloop
  endfacet
  facet normal 0 0 1
    outer loop
      vertex 21.9154 28.5607 4
      vertex 21.2315 23.5833 4
      vertex 21.3417 23.6248 4
    endloop
  endfacet
  facet normal 0 0 1
    outer loop
      vertex 21.9154 28.5607 4
      vertex 21.1242 23.5347 4
      vertex 21.2315 23.5833 4
    endloop
  endfacet
  facet normal 0 0 1
    outer loop
      vertex 21.9154 28.5607 4
      vertex 21.0203 23.4792 4
      vertex 21.1242 23.5347 4
    endloop
  endfacet
  facet normal 0 0 1
    outer loop
      vertex 21.9154 28.5607 4
      vertex 20.9203 23.417 4
      vertex 21.0203 23.4792 4
    endloop
  endfacet
  facet normal 0 0 1
    outer loop
      vertex 20.0005 29.9329 4
      vertex 20.9203 23.417 4
      vertex 21.9154 28.5607 4
    endloop
  endfacet
  facet normal 0 0 1
    outer loop
      vertex 20.9203 23.417 4
      vertex 20.0005 29.9329 4
      vertex 20.8245 23.3483 4
    endloop
  endfacet
  facet normal 0 0 1
    outer loop
      vertex 20.8245 23.3483 4
      vertex 20.0005 29.9329 4
      vertex 20.7335 23.2736 4
    endloop
  endfacet
  facet normal 0 0 1
    outer loop
      vertex 20.7335 23.2736 4
      vertex 20.0005 29.9329 4
      vertex 20.6475 23.1931 4
    endloop
  endfacet
  facet normal 0 0 1
    outer loop
      vertex 20.6475 23.1931 4
      vertex 20.0005 29.9329 4
      vertex 20.567 23.1071 4
    endloop
  endfacet
  facet normal 0 0 1
    outer loop
      vertex 20.567 23.1071 4
      vertex 20.0005 29.9329 4
      vertex 20.4923 23.0161 4
    endloop
  endfacet
  facet normal 0 0 1
    outer loop
      vertex 18 31.1769 4
      vertex 20.4923 23.0161 4
      vertex 20.0005 29.9329 4
    endloop
  endfacet
  facet normal 0 0 1
    outer loop
      vertex 20.4923 23.0161 4
      vertex 18 31.1769 4
      vertex 20.4237 22.9203 4
    endloop
  endfacet
  facet normal 0 0 1
    outer loop
      vertex 20.4237 22.9203 4
      vertex 18 31.1769 4
      vertex 20.3615 22.8203 4
    endloop
  endfacet
  facet normal 0 0 1
    outer loop
      vertex 20.3615 22.8203 4
      vertex 18 31.1769 4
      vertex 20.3059 22.7164 4
    endloop
  endfacet
  facet normal 0 0 1
    outer loop
      vertex 20.3059 22.7164 4
      vertex 18 31.1769 4
      vertex 20.2573 22.6091 4
    endloop
  endfacet
  facet normal 0 0 1
    outer loop
      vertex 20.1549 22.2715 4
      vertex 13.7766 33.2597 4
      vertex 20.1357 22.1553 4
    endloop
  endfacet
  facet normal 0 0 1
    outer loop
      vertex 13.7766 33.2597 4
      vertex 20.1549 22.2715 4
      vertex 15.9224 32.2874 4
    endloop
  endfacet
  facet normal 0 0 1
    outer loop
      vertex 20.1816 22.3862 4
      vertex 15.9224 32.2874 4
      vertex 20.1549 22.2715 4
    endloop
  endfacet
  facet normal 0 0 1
    outer loop
      vertex 20.2158 22.4989 4
      vertex 15.9224 32.2874 4
      vertex 20.1816 22.3862 4
    endloop
  endfacet
  facet normal 0 0 1
    outer loop
      vertex 20.2573 22.6091 4
      vertex 15.9224 32.2874 4
      vertex 20.2158 22.4989 4
    endloop
  endfacet
  facet normal 0 0 1
    outer loop
      vertex 15.9224 32.2874 4
      vertex 20.2573 22.6091 4
      vertex 18 31.1769 4
    endloop
  endfacet
  facet normal -0 0 1
    outer loop
      vertex 23.7049 -22.1553 4
      vertex 27.0662 -23.7365 4
      vertex 23.7165 -22.038 4
    endloop
  endfacet
  facet normal -0 0 1
    outer loop
      vertex 23.6857 -22.2715 4
      vertex 27.0662 -23.7365 4
      vertex 23.7049 -22.1553 4
    endloop
  endfacet
  facet normal -0 0 1
    outer loop
      vertex 23.659 -22.3862 4
      vertex 27.0662 -23.7365 4
      vertex 23.6857 -22.2715 4
    endloop
  endfacet
  facet normal -0 0 1
    outer loop
      vertex 23.6248 -22.4989 4
      vertex 27.0662 -23.7365 4
      vertex 23.659 -22.3862 4
    endloop
  endfacet
  facet normal -0 0 1
    outer loop
      vertex 23.5833 -22.6091 4
      vertex 27.0662 -23.7365 4
      vertex 23.6248 -22.4989 4
    endloop
  endfacet
  facet normal -0 0 1
    outer loop
      vertex 23.5347 -22.7164 4
      vertex 27.0662 -23.7365 4
      vertex 23.5833 -22.6091 4
    endloop
  endfacet
  facet normal 0 0 1
    outer loop
      vertex 27.0662 -23.7365 4
      vertex 23.5347 -22.7164 4
      vertex 25.4558 -25.4558 4
    endloop
  endfacet
  facet normal -0 0 1
    outer loop
      vertex 23.4792 -22.8203 4
      vertex 25.4558 -25.4558 4
      vertex 23.5347 -22.7164 4
    endloop
  endfacet
  facet normal -0 0 1
    outer loop
      vertex 23.417 -22.9203 4
      vertex 25.4558 -25.4558 4
      vertex 23.4792 -22.8203 4
    endloop
  endfacet
  facet normal -0 0 1
    outer loop
      vertex 23.3483 -23.0161 4
      vertex 25.4558 -25.4558 4
      vertex 23.417 -22.9203 4
    endloop
  endfacet
  facet normal -0 0 1
    outer loop
      vertex 23.2736 -23.1071 4
      vertex 25.4558 -25.4558 4
      vertex 23.3483 -23.0161 4
    endloop
  endfacet
  facet normal -0 0 1
    outer loop
      vertex 23.1931 -23.1931 4
      vertex 25.4558 -25.4558 4
      vertex 23.2736 -23.1071 4
    endloop
  endfacet
  facet normal -0 0 1
    outer loop
      vertex 23.1071 -23.2736 4
      vertex 25.4558 -25.4558 4
      vertex 23.1931 -23.1931 4
    endloop
  endfacet
  facet normal -0 0 1
    outer loop
      vertex 23.0161 -23.3483 4
      vertex 25.4558 -25.4558 4
      vertex 23.1071 -23.2736 4
    endloop
  endfacet
  facet normal -0 0 1
    outer loop
      vertex 22.9203 -23.417 4
      vertex 25.4558 -25.4558 4
      vertex 23.0161 -23.3483 4
    endloop
  endfacet
  facet normal -0 0 1
    outer loop
      vertex 22.8203 -23.4792 4
      vertex 25.4558 -25.4558 4
      vertex 22.9203 -23.417 4
    endloop
  endfacet
  facet normal -0 0 1
    outer loop
      vertex 22.7164 -23.5347 4
      vertex 25.4558 -25.4558 4
      vertex 22.8203 -23.4792 4
    endloop
  endfacet
  facet normal 0 0 1
    outer loop
      vertex 25.4558 -25.4558 4
      vertex 22.7164 -23.5347 4
      vertex 23.7365 -27.0662 4
    endloop
  endfacet
  facet normal -0 0 1
    outer loop
      vertex 22.6091 -23.5833 4
      vertex 23.7365 -27.0662 4
      vertex 22.7164 -23.5347 4
    endloop
  endfacet
  facet normal -0 0 1
    outer loop
      vertex 22.4989 -23.6248 4
      vertex 23.7365 -27.0662 4
      vertex 22.6091 -23.5833 4
    endloop
  endfacet
  facet normal -0 0 1
    outer loop
      vertex 22.3862 -23.659 4
      vertex 23.7365 -27.0662 4
      vertex 22.4989 -23.6248 4
    endloop
  endfacet
  facet normal -0 0 1
    outer loop
      vertex 22.2715 -23.6857 4
      vertex 23.7365 -27.0662 4
      vertex 22.3862 -23.659 4
    endloop
  endfacet
  facet normal -0 0 1
    outer loop
      vertex 22.1553 -23.7049 4
      vertex 23.7365 -27.0662 4
      vertex 22.2715 -23.6857 4
    endloop
  endfacet
  facet normal -0 0 1
    outer loop
      vertex 22.038 -23.7165 4
      vertex 23.7365 -27.0662 4
      vertex 22.1553 -23.7049 4
    endloop
  endfacet
  facet normal -0 0 1
    outer loop
      vertex 21.9203 -23.7203 4
      vertex 23.7365 -27.0662 4
      vertex 22.038 -23.7165 4
    endloop
  endfacet
  facet normal 0 0 1
    outer loop
      vertex 21.8026 -23.7165 4
      vertex 23.7365 -27.0662 4
      vertex 21.9203 -23.7203 4
    endloop
  endfacet
  facet normal 0 0 1
    outer loop
      vertex 21.6854 -23.7049 4
      vertex 23.7365 -27.0662 4
      vertex 21.8026 -23.7165 4
    endloop
  endfacet
  facet normal 0 0 1
    outer loop
      vertex 23.7365 -27.0662 4
      vertex 21.6854 -23.7049 4
      vertex 21.9154 -28.5607 4
    endloop
  endfacet
  facet normal 0 0 1
    outer loop
      vertex 21.5691 -23.6857 4
      vertex 21.9154 -28.5607 4
      vertex 21.6854 -23.7049 4
    endloop
  endfacet
  facet normal 0 0 1
    outer loop
      vertex 21.4544 -23.659 4
      vertex 21.9154 -28.5607 4
      vertex 21.5691 -23.6857 4
    endloop
  endfacet
  facet normal 0 0 1
    outer loop
      vertex 21.3417 -23.6248 4
      vertex 21.9154 -28.5607 4
      vertex 21.4544 -23.659 4
    endloop
  endfacet
  facet normal 0 0 1
    outer loop
      vertex 21.2315 -23.5833 4
      vertex 21.9154 -28.5607 4
      vertex 21.3417 -23.6248 4
    endloop
  endfacet
  facet normal 0 0 1
    outer loop
      vertex 21.1242 -23.5347 4
      vertex 21.9154 -28.5607 4
      vertex 21.2315 -23.5833 4
    endloop
  endfacet
  facet normal 0 0 1
    outer loop
      vertex 21.0203 -23.4792 4
      vertex 21.9154 -28.5607 4
      vertex 21.1242 -23.5347 4
    endloop
  endfacet
  facet normal 0 0 1
    outer loop
      vertex 20.9203 -23.417 4
      vertex 21.9154 -28.5607 4
      vertex 21.0203 -23.4792 4
    endloop
  endfacet
  facet normal 0 0 1
    outer loop
      vertex 20.0005 -29.9329 4
      vertex 20.9203 -23.417 4
      vertex 20.8245 -23.3483 4
    endloop
  endfacet
  facet normal 0 0 1
    outer loop
      vertex 20.0005 -29.9329 4
      vertex 20.8245 -23.3483 4
      vertex 20.7335 -23.2736 4
    endloop
  endfacet
  facet normal 0 0 1
    outer loop
      vertex 20.0005 -29.9329 4
      vertex 20.7335 -23.2736 4
      vertex 20.6475 -23.1931 4
    endloop
  endfacet
  facet normal 0 0 1
    outer loop
      vertex 20.0005 -29.9329 4
      vertex 20.6475 -23.1931 4
      vertex 20.567 -23.1071 4
    endloop
  endfacet
  facet normal 0 0 1
    outer loop
      vertex 20.0005 -29.9329 4
      vertex 20.567 -23.1071 4
      vertex 20.4923 -23.0161 4
    endloop
  endfacet
  facet normal 0 0 1
    outer loop
      vertex 20.0005 -29.9329 4
      vertex 20.4923 -23.0161 4
      vertex 20.4237 -22.9203 4
    endloop
  endfacet
  facet normal 0 0 1
    outer loop
      vertex 20.0005 -29.9329 4
      vertex 20.4237 -22.9203 4
      vertex 20.3615 -22.8203 4
    endloop
  endfacet
  facet normal 0 0 1
    outer loop
      vertex 20.0005 -29.9329 4
      vertex 20.3615 -22.8203 4
      vertex 20.3059 -22.7164 4
    endloop
  endfacet
  facet normal 0 0 1
    outer loop
      vertex 20.0005 -29.9329 4
      vertex 20.3059 -22.7164 4
      vertex 20.2573 -22.6091 4
    endloop
  endfacet
  facet normal 0 0 1
    outer loop
      vertex 20.0005 -29.9329 4
      vertex 20.2573 -22.6091 4
      vertex 20.2158 -22.4989 4
    endloop
  endfacet
  facet normal 0 0 1
    outer loop
      vertex 20.0005 -29.9329 4
      vertex 20.2158 -22.4989 4
      vertex 20.1816 -22.3862 4
    endloop
  endfacet
  facet normal 0 0 1
    outer loop
      vertex 20.9203 -23.417 4
      vertex 20.0005 -29.9329 4
      vertex 21.9154 -28.5607 4
    endloop
  endfacet
  facet normal 0 0 1
    outer loop
      vertex 20.1549 -22.2715 4
      vertex 20.0005 -29.9329 4
      vertex 20.1816 -22.3862 4
    endloop
  endfacet
  facet normal 0 0 1
    outer loop
      vertex 20.1357 -22.1553 4
      vertex 20.0005 -29.9329 4
      vertex 20.1549 -22.2715 4
    endloop
  endfacet
  facet normal 0 0 1
    outer loop
      vertex 20.1242 -22.038 4
      vertex 20.0005 -29.9329 4
      vertex 20.1357 -22.1553 4
    endloop
  endfacet
  facet normal 0 0 1
    outer loop
      vertex 20.1203 -21.9203 4
      vertex 20.0005 -29.9329 4
      vertex 20.1242 -22.038 4
    endloop
  endfacet
  facet normal -0 0 1
    outer loop
      vertex 17.7806 5.86839 4
      vertex 21.6854 -20.1357 4
      vertex 17.9194 5.89131 4
    endloop
  endfacet
  facet normal 0 0 1
    outer loop
      vertex 21.6854 -20.1357 4
      vertex 17.7806 5.86839 4
      vertex 21.5691 -20.1549 4
    endloop
  endfacet
  facet normal -0 0 1
    outer loop
      vertex 19.6087 7.58055 4
      vertex 35.3083 7.02325 4
      vertex 19.6316 7.71937 4
    endloop
  endfacet
  facet normal 0 0 1
    outer loop
      vertex 34.7733 9.31748 4
      vertex 19.6316 7.71937 4
      vertex 35.3083 7.02325 4
    endloop
  endfacet
  facet normal 0 0 1
    outer loop
      vertex 19.6316 7.71937 4
      vertex 34.7733 9.31748 4
      vertex 19.6454 7.85938 4
    endloop
  endfacet
  facet normal 0 0 1
    outer loop
      vertex 19.6454 7.85938 4
      vertex 34.7733 9.31748 4
      vertex 19.65 8 4
    endloop
  endfacet
  facet normal 0 -0 1
    outer loop
      vertex 19.6454 8.14062 4
      vertex 34.0895 11.5718 4
      vertex 19.6316 8.28063 4
    endloop
  endfacet
  facet normal 0 0 1
    outer loop
      vertex 33.2597 13.7766 4
      vertex 19.6087 8.41944 4
      vertex 34.0895 11.5718 4
    endloop
  endfacet
  facet normal 0 -0 1
    outer loop
      vertex 19.5767 8.55646 4
      vertex 33.2597 13.7766 4
      vertex 19.5359 8.69109 4
    endloop
  endfacet
  facet normal 0 -0 1
    outer loop
      vertex 19.4863 8.82277 4
      vertex 33.2597 13.7766 4
      vertex 19.4283 8.95092 4
    endloop
  endfacet
  facet normal 0 -0 1
    outer loop
      vertex 19.4283 8.95092 4
      vertex 32.2874 15.9224 4
      vertex 19.362 9.075 4
    endloop
  endfacet
  facet normal 0 0 1
    outer loop
      vertex 22.4989 20.2158 4
      vertex 19.2057 9.30884 4
      vertex 19.2877 9.19448 4
    endloop
  endfacet
  facet normal 0 0 1
    outer loop
      vertex 22.3862 20.1816 4
      vertex 19.1165 9.41759 4
      vertex 19.2057 9.30884 4
    endloop
  endfacet
  facet normal 0 0 1
    outer loop
      vertex 22.2715 20.1549 4
      vertex 19.0203 9.52028 4
      vertex 19.1165 9.41759 4
    endloop
  endfacet
  facet normal 0 0 1
    outer loop
      vertex 22.1553 20.1357 4
      vertex 18.9176 9.61646 4
      vertex 19.0203 9.52028 4
    endloop
  endfacet
  facet normal 0 0 1
    outer loop
      vertex 22.038 20.1242 4
      vertex 18.8088 9.70571 4
      vertex 18.9176 9.61646 4
    endloop
  endfacet
  facet normal 0 0 1
    outer loop
      vertex 21.9203 20.1203 4
      vertex 18.6945 9.78766 4
      vertex 18.8088 9.70571 4
    endloop
  endfacet
  facet normal 0 0 1
    outer loop
      vertex 21.8026 20.1242 4
      vertex 18.575 9.86195 4
      vertex 18.6945 9.78766 4
    endloop
  endfacet
  facet normal 0 0 1
    outer loop
      vertex 21.6854 20.1357 4
      vertex 18.4509 9.92828 4
      vertex 18.575 9.86195 4
    endloop
  endfacet
  facet normal 0 0 1
    outer loop
      vertex 21.5691 20.1549 4
      vertex 18.3228 9.98634 4
      vertex 18.4509 9.92828 4
    endloop
  endfacet
  facet normal 0 0 1
    outer loop
      vertex 21.4544 20.1816 4
      vertex 18.1911 10.0359 4
      vertex 18.3228 9.98634 4
    endloop
  endfacet
  facet normal 0 0 1
    outer loop
      vertex 21.3417 20.2158 4
      vertex 18.0565 10.0767 4
      vertex 18.1911 10.0359 4
    endloop
  endfacet
  facet normal 0 0 1
    outer loop
      vertex 20.1357 22.1553 4
      vertex 13.7766 33.2597 4
      vertex 20.1242 22.038 4
    endloop
  endfacet
  facet normal 0 0 1
    outer loop
      vertex 21.2315 20.2573 4
      vertex 17.9194 10.1087 4
      vertex 18.0565 10.0767 4
    endloop
  endfacet
  facet normal 0 0 1
    outer loop
      vertex 21.1242 20.3059 4
      vertex 17.7806 10.1316 4
      vertex 17.9194 10.1087 4
    endloop
  endfacet
  facet normal 0 0 1
    outer loop
      vertex 21.0203 20.3615 4
      vertex 17.6406 10.1454 4
      vertex 17.7806 10.1316 4
    endloop
  endfacet
  facet normal 0 0 1
    outer loop
      vertex 20.9203 20.4237 4
      vertex 17.5 10.15 4
      vertex 17.6406 10.1454 4
    endloop
  endfacet
  facet normal 0 0 1
    outer loop
      vertex 20.8245 20.4923 4
      vertex 17.3594 10.1454 4
      vertex 17.5 10.15 4
    endloop
  endfacet
  facet normal 0 0 1
    outer loop
      vertex 20.7335 20.567 4
      vertex 17.2194 10.1316 4
      vertex 17.3594 10.1454 4
    endloop
  endfacet
  facet normal 0 0 1
    outer loop
      vertex 20.6475 20.6475 4
      vertex 17.0806 10.1087 4
      vertex 17.2194 10.1316 4
    endloop
  endfacet
  facet normal 0 0 1
    outer loop
      vertex 20.567 20.7335 4
      vertex 16.9435 10.0767 4
      vertex 17.0806 10.1087 4
    endloop
  endfacet
  facet normal 0 0 1
    outer loop
      vertex 20.4923 20.8245 4
      vertex 16.8089 10.0359 4
      vertex 16.9435 10.0767 4
    endloop
  endfacet
  facet normal 0 0 1
    outer loop
      vertex 20.4237 20.9203 4
      vertex 16.6772 9.98634 4
      vertex 16.8089 10.0359 4
    endloop
  endfacet
  facet normal 0 0 1
    outer loop
      vertex 20.3059 21.1242 4
      vertex 16.5491 9.92828 4
      vertex 16.6772 9.98634 4
    endloop
  endfacet
  facet normal 0 0 1
    outer loop
      vertex 11.5718 34.0895 4
      vertex 20.1242 22.038 4
      vertex 13.7766 33.2597 4
    endloop
  endfacet
  facet normal 0 0 1
    outer loop
      vertex 20.2573 21.2315 4
      vertex 16.425 9.86195 4
      vertex 16.5491 9.92828 4
    endloop
  endfacet
  facet normal 0 0 1
    outer loop
      vertex 20.2158 21.3417 4
      vertex 16.3055 9.78766 4
      vertex 16.425 9.86195 4
    endloop
  endfacet
  facet normal 0 0 1
    outer loop
      vertex 20.1203 21.9203 4
      vertex 11.5718 34.0895 4
      vertex 20.1242 21.8026 4
    endloop
  endfacet
  facet normal 0 0 1
    outer loop
      vertex 20.1816 21.4544 4
      vertex 16.1912 9.70571 4
      vertex 16.3055 9.78766 4
    endloop
  endfacet
  facet normal 0 0 1
    outer loop
      vertex 20.1549 21.5691 4
      vertex 16.0824 9.61646 4
      vertex 16.1912 9.70571 4
    endloop
  endfacet
  facet normal 0 0 1
    outer loop
      vertex 20.1357 21.6854 4
      vertex 15.9797 9.52028 4
      vertex 16.0824 9.61646 4
    endloop
  endfacet
  facet normal 0 0 1
    outer loop
      vertex 9.31748 34.7733 4
      vertex 20.1242 21.8026 4
      vertex 11.5718 34.0895 4
    endloop
  endfacet
  facet normal 0 0 1
    outer loop
      vertex 20.1242 21.8026 4
      vertex 9.31748 34.7733 4
      vertex 15.9797 9.52028 4
    endloop
  endfacet
  facet normal 0 0 1
    outer loop
      vertex 1.4235 5.31259 4
      vertex 15.9797 9.52028 4
      vertex 9.31748 34.7733 4
    endloop
  endfacet
  facet normal 0 0 1
    outer loop
      vertex 15.9797 9.52028 4
      vertex 1.4235 5.31259 4
      vertex 15.8835 9.41759 4
    endloop
  endfacet
  facet normal 0 -0 1
    outer loop
      vertex 1.76792 5.20812 4
      vertex 15.8835 9.41759 4
      vertex 1.4235 5.31259 4
    endloop
  endfacet
  facet normal 0 0 1
    outer loop
      vertex 15.8835 9.41759 4
      vertex 1.76792 5.20812 4
      vertex 15.7943 9.30884 4
    endloop
  endfacet
  facet normal 0 -0 1
    outer loop
      vertex 2.10476 5.08134 4
      vertex 15.7943 9.30884 4
      vertex 1.76792 5.20812 4
    endloop
  endfacet
  facet normal 0 0 1
    outer loop
      vertex 15.7943 9.30884 4
      vertex 2.10476 5.08134 4
      vertex 15.7123 9.19448 4
    endloop
  endfacet
  facet normal 0 0 1
    outer loop
      vertex 15.7123 9.19448 4
      vertex 2.10476 5.08134 4
      vertex 15.638 9.075 4
    endloop
  endfacet
  facet normal 0 -0 1
    outer loop
      vertex 2.43259 4.9328 4
      vertex 15.638 9.075 4
      vertex 2.10476 5.08134 4
    endloop
  endfacet
  facet normal 0 0 1
    outer loop
      vertex 15.638 9.075 4
      vertex 2.43259 4.9328 4
      vertex 15.5717 8.95092 4
    endloop
  endfacet
  facet normal 0 -0 1
    outer loop
      vertex 2.75 4.76314 4
      vertex 15.5717 8.95092 4
      vertex 2.43259 4.9328 4
    endloop
  endfacet
  facet normal -0.582478 0.812846 0
    outer loop
      vertex -20.0005 29.9329 0
      vertex -21.9154 28.5607 4
      vertex -20.0005 29.9329 4
    endloop
  endfacet
  facet normal -0.582478 0.812846 0
    outer loop
      vertex -21.9154 28.5607 4
      vertex -20.0005 29.9329 0
      vertex -21.9154 28.5607 0
    endloop
  endfacet
  facet normal -0.528071 0.8492 0
    outer loop
      vertex -18 31.1769 0
      vertex -20.0005 29.9329 4
      vertex -18 31.1769 4
    endloop
  endfacet
  facet normal -0.528071 0.8492 0
    outer loop
      vertex -20.0005 29.9329 4
      vertex -18 31.1769 0
      vertex -20.0005 29.9329 0
    endloop
  endfacet
  facet normal -0.634384 0.773018 0
    outer loop
      vertex -21.9154 28.5607 0
      vertex -23.7365 27.0662 4
      vertex -21.9154 28.5607 4
    endloop
  endfacet
  facet normal -0.634384 0.773018 0
    outer loop
      vertex -23.7365 27.0662 4
      vertex -21.9154 28.5607 0
      vertex -23.7365 27.0662 0
    endloop
  endfacet
  facet normal -0.35224 0.93591 0
    outer loop
      vertex -11.5718 34.0895 0
      vertex -13.7766 33.2597 4
      vertex -11.5718 34.0895 4
    endloop
  endfacet
  facet normal -0.35224 0.93591 0
    outer loop
      vertex -13.7766 33.2597 4
      vertex -11.5718 34.0895 0
      vertex -13.7766 33.2597 0
    endloop
  endfacet
  facet normal -0.290269 0.956945 0
    outer loop
      vertex -9.31748 34.7733 0
      vertex -11.5718 34.0895 4
      vertex -9.31748 34.7733 4
    endloop
  endfacet
  facet normal -0.290269 0.956945 0
    outer loop
      vertex -11.5718 34.0895 4
      vertex -9.31748 34.7733 0
      vertex -11.5718 34.0895 0
    endloop
  endfacet
  facet normal -0.162877 0.986646 0
    outer loop
      vertex -4.69894 35.692 0
      vertex -7.02325 35.3083 4
      vertex -4.69894 35.692 4
    endloop
  endfacet
  facet normal -0.162877 0.986646 0
    outer loop
      vertex -7.02325 35.3083 4
      vertex -4.69894 35.692 0
      vertex -7.02325 35.3083 0
    endloop
  endfacet
  facet normal -0.0980145 0.995185 0
    outer loop
      vertex -2.35451 35.9229 0
      vertex -4.69894 35.692 4
      vertex -2.35451 35.9229 4
    endloop
  endfacet
  facet normal -0.0980145 0.995185 0
    outer loop
      vertex -4.69894 35.692 4
      vertex -2.35451 35.9229 0
      vertex -4.69894 35.692 0
    endloop
  endfacet
  facet normal 0.290269 -0.956945 0
    outer loop
      vertex 9.31748 -34.7733 0
      vertex 11.5718 -34.0895 4
      vertex 9.31748 -34.7733 4
    endloop
  endfacet
  facet normal 0.290269 -0.956945 0
    outer loop
      vertex 11.5718 -34.0895 4
      vertex 9.31748 -34.7733 0
      vertex 11.5718 -34.0895 0
    endloop
  endfacet
  facet normal 0.582478 -0.812846 0
    outer loop
      vertex 20.0005 -29.9329 0
      vertex 21.9154 -28.5607 4
      vertex 20.0005 -29.9329 4
    endloop
  endfacet
  facet normal 0.582478 -0.812846 0
    outer loop
      vertex 21.9154 -28.5607 4
      vertex 20.0005 -29.9329 0
      vertex 21.9154 -28.5607 0
    endloop
  endfacet
  facet normal 0.729843 -0.683615 0
    outer loop
      vertex 25.4558 -25.4558 4
      vertex 27.0662 -23.7365 0
      vertex 27.0662 -23.7365 4
    endloop
  endfacet
  facet normal 0.729843 -0.683615 0
    outer loop
      vertex 27.0662 -23.7365 0
      vertex 25.4558 -25.4558 4
      vertex 25.4558 -25.4558 0
    endloop
  endfacet
  facet normal 0.910856 -0.412725 0
    outer loop
      vertex 32.2874 -15.9224 4
      vertex 33.2597 -13.7766 0
      vertex 33.2597 -13.7766 4
    endloop
  endfacet
  facet normal 0.910856 -0.412725 0
    outer loop
      vertex 33.2597 -13.7766 0
      vertex 32.2874 -15.9224 4
      vertex 32.2874 -15.9224 0
    endloop
  endfacet
  facet normal 0.999464 -0.0327281 0
    outer loop
      vertex 35.9229 -2.35451 4
      vertex 36 0 0
      vertex 36 0 4
    endloop
  endfacet
  facet normal 0.999464 -0.0327281 0
    outer loop
      vertex 36 0 0
      vertex 35.9229 -2.35451 4
      vertex 35.9229 -2.35451 0
    endloop
  endfacet
  facet normal -0.528071 -0.8492 0
    outer loop
      vertex -20.0005 -29.9329 0
      vertex -18 -31.1769 4
      vertex -20.0005 -29.9329 4
    endloop
  endfacet
  facet normal -0.528071 -0.8492 -0
    outer loop
      vertex -18 -31.1769 4
      vertex -20.0005 -29.9329 0
      vertex -18 -31.1769 0
    endloop
  endfacet
  facet normal -0.412725 -0.910856 0
    outer loop
      vertex -15.9224 -32.2874 0
      vertex -13.7766 -33.2597 4
      vertex -15.9224 -32.2874 4
    endloop
  endfacet
  facet normal -0.412725 -0.910856 -0
    outer loop
      vertex -13.7766 -33.2597 4
      vertex -15.9224 -32.2874 0
      vertex -13.7766 -33.2597 0
    endloop
  endfacet
  facet normal -0.290269 -0.956945 0
    outer loop
      vertex -11.5718 -34.0895 0
      vertex -9.31748 -34.7733 4
      vertex -11.5718 -34.0895 4
    endloop
  endfacet
  facet normal -0.290269 -0.956945 -0
    outer loop
      vertex -9.31748 -34.7733 4
      vertex -11.5718 -34.0895 0
      vertex -9.31748 -34.7733 0
    endloop
  endfacet
  facet normal -0.227101 -0.973871 0
    outer loop
      vertex -9.31748 -34.7733 0
      vertex -7.02325 -35.3083 4
      vertex -9.31748 -34.7733 4
    endloop
  endfacet
  facet normal -0.227101 -0.973871 -0
    outer loop
      vertex -7.02325 -35.3083 4
      vertex -9.31748 -34.7733 0
      vertex -7.02325 -35.3083 0
    endloop
  endfacet
  facet normal -0.0327281 -0.999464 0
    outer loop
      vertex -2.35451 -35.9229 0
      vertex 0 -36 4
      vertex -2.35451 -35.9229 4
    endloop
  endfacet
  facet normal -0.0327281 -0.999464 -0
    outer loop
      vertex 0 -36 4
      vertex -2.35451 -35.9229 0
      vertex 0 -36 0
    endloop
  endfacet
  facet normal -0.773018 -0.634384 0
    outer loop
      vertex -27.0662 -23.7365 0
      vertex -28.5607 -21.9154 4
      vertex -28.5607 -21.9154 0
    endloop
  endfacet
  facet normal -0.773018 -0.634384 0
    outer loop
      vertex -28.5607 -21.9154 4
      vertex -27.0662 -23.7365 0
      vertex -27.0662 -23.7365 4
    endloop
  endfacet
  facet normal -0.812846 -0.582478 0
    outer loop
      vertex -28.5607 -21.9154 0
      vertex -29.9329 -20.0005 4
      vertex -29.9329 -20.0005 0
    endloop
  endfacet
  facet normal -0.812846 -0.582478 0
    outer loop
      vertex -29.9329 -20.0005 4
      vertex -28.5607 -21.9154 0
      vertex -28.5607 -21.9154 4
    endloop
  endfacet
  facet normal -0.956945 -0.290269 0
    outer loop
      vertex -34.0895 -11.5718 0
      vertex -34.7733 -9.31748 4
      vertex -34.7733 -9.31748 0
    endloop
  endfacet
  facet normal -0.956945 -0.290269 0
    outer loop
      vertex -34.7733 -9.31748 4
      vertex -34.0895 -11.5718 0
      vertex -34.0895 -11.5718 4
    endloop
  endfacet
  facet normal 0.93591 0.35224 0
    outer loop
      vertex 34.0895 11.5718 4
      vertex 33.2597 13.7766 0
      vertex 33.2597 13.7766 4
    endloop
  endfacet
  facet normal 0.93591 0.35224 0
    outer loop
      vertex 33.2597 13.7766 0
      vertex 34.0895 11.5718 4
      vertex 34.0895 11.5718 0
    endloop
  endfacet
  facet normal 0.634384 0.773018 -0
    outer loop
      vertex 23.7365 27.0662 0
      vertex 21.9154 28.5607 4
      vertex 23.7365 27.0662 4
    endloop
  endfacet
  facet normal 0.634384 0.773018 0
    outer loop
      vertex 21.9154 28.5607 4
      vertex 23.7365 27.0662 0
      vertex 21.9154 28.5607 0
    endloop
  endfacet
  facet normal -0.812846 0.582478 0
    outer loop
      vertex -29.9329 20.0005 0
      vertex -28.5607 21.9154 4
      vertex -28.5607 21.9154 0
    endloop
  endfacet
  facet normal -0.812846 0.582478 0
    outer loop
      vertex -28.5607 21.9154 4
      vertex -29.9329 20.0005 0
      vertex -29.9329 20.0005 4
    endloop
  endfacet
  facet normal 0.162877 -0.986646 0
    outer loop
      vertex 4.69894 -35.692 0
      vertex 7.02325 -35.3083 4
      vertex 4.69894 -35.692 4
    endloop
  endfacet
  facet normal 0.162877 -0.986646 0
    outer loop
      vertex 7.02325 -35.3083 4
      vertex 4.69894 -35.692 0
      vertex 7.02325 -35.3083 0
    endloop
  endfacet
  facet normal 0.634384 -0.773018 0
    outer loop
      vertex 21.9154 -28.5607 0
      vertex 23.7365 -27.0662 4
      vertex 21.9154 -28.5607 4
    endloop
  endfacet
  facet normal 0.634384 -0.773018 0
    outer loop
      vertex 23.7365 -27.0662 4
      vertex 21.9154 -28.5607 0
      vertex 23.7365 -27.0662 0
    endloop
  endfacet
  facet normal 0.528071 -0.8492 0
    outer loop
      vertex 18 -31.1769 0
      vertex 20.0005 -29.9329 4
      vertex 18 -31.1769 4
    endloop
  endfacet
  facet normal 0.528071 -0.8492 0
    outer loop
      vertex 20.0005 -29.9329 4
      vertex 18 -31.1769 0
      vertex 20.0005 -29.9329 0
    endloop
  endfacet
  facet normal 0.8492 -0.528071 0
    outer loop
      vertex 29.9329 -20.0005 4
      vertex 31.1769 -18 0
      vertex 31.1769 -18 4
    endloop
  endfacet
  facet normal 0.8492 -0.528071 0
    outer loop
      vertex 31.1769 -18 0
      vertex 29.9329 -20.0005 4
      vertex 29.9329 -20.0005 0
    endloop
  endfacet
  facet normal 0.986646 -0.162877 0
    outer loop
      vertex 35.3083 -7.02325 4
      vertex 35.692 -4.69894 0
      vertex 35.692 -4.69894 4
    endloop
  endfacet
  facet normal 0.986646 -0.162877 0
    outer loop
      vertex 35.692 -4.69894 0
      vertex 35.3083 -7.02325 4
      vertex 35.3083 -7.02325 0
    endloop
  endfacet
  facet normal -0.582478 -0.812846 0
    outer loop
      vertex -21.9154 -28.5607 0
      vertex -20.0005 -29.9329 4
      vertex -21.9154 -28.5607 4
    endloop
  endfacet
  facet normal -0.582478 -0.812846 -0
    outer loop
      vertex -20.0005 -29.9329 4
      vertex -21.9154 -28.5607 0
      vertex -20.0005 -29.9329 0
    endloop
  endfacet
  facet normal -0.471397 -0.881921 0
    outer loop
      vertex -18 -31.1769 0
      vertex -15.9224 -32.2874 4
      vertex -18 -31.1769 4
    endloop
  endfacet
  facet normal -0.471397 -0.881921 -0
    outer loop
      vertex -15.9224 -32.2874 4
      vertex -18 -31.1769 0
      vertex -15.9224 -32.2874 0
    endloop
  endfacet
  facet normal -0.0980145 -0.995185 0
    outer loop
      vertex -4.69894 -35.692 0
      vertex -2.35451 -35.9229 4
      vertex -4.69894 -35.692 4
    endloop
  endfacet
  facet normal -0.0980145 -0.995185 -0
    outer loop
      vertex -2.35451 -35.9229 4
      vertex -4.69894 -35.692 0
      vertex -2.35451 -35.9229 0
    endloop
  endfacet
  facet normal -0.8492 -0.528071 0
    outer loop
      vertex -29.9329 -20.0005 0
      vertex -31.1769 -18 4
      vertex -31.1769 -18 0
    endloop
  endfacet
  facet normal -0.8492 -0.528071 0
    outer loop
      vertex -31.1769 -18 4
      vertex -29.9329 -20.0005 0
      vertex -29.9329 -20.0005 4
    endloop
  endfacet
  facet normal -0.986646 -0.162877 0
    outer loop
      vertex -35.3083 -7.02325 0
      vertex -35.692 -4.69894 4
      vertex -35.692 -4.69894 0
    endloop
  endfacet
  facet normal -0.986646 -0.162877 0
    outer loop
      vertex -35.692 -4.69894 4
      vertex -35.3083 -7.02325 0
      vertex -35.3083 -7.02325 4
    endloop
  endfacet
  facet normal 0.812846 -0.582478 0
    outer loop
      vertex 28.5607 -21.9154 4
      vertex 29.9329 -20.0005 0
      vertex 29.9329 -20.0005 4
    endloop
  endfacet
  facet normal 0.812846 -0.582478 0
    outer loop
      vertex 29.9329 -20.0005 0
      vertex 28.5607 -21.9154 4
      vertex 28.5607 -21.9154 0
    endloop
  endfacet
  facet normal -0.999465 -0.0326948 0
    outer loop
      vertex -15.35 8 0
      vertex -15.3546 8.14062 4
      vertex -15.3546 8.14062 0
    endloop
  endfacet
  facet normal -0.999465 -0.0326948 0
    outer loop
      vertex -15.3546 8.14062 4
      vertex -15.35 8 0
      vertex -15.35 8 4
    endloop
  endfacet
  facet normal 0.0326994 -0.999465 0
    outer loop
      vertex -17.6406 10.1454 0
      vertex -17.5 10.15 4
      vertex -17.6406 10.1454 4
    endloop
  endfacet
  facet normal 0.0326994 -0.999465 0
    outer loop
      vertex -17.5 10.15 4
      vertex -17.6406 10.1454 0
      vertex -17.5 10.15 0
    endloop
  endfacet
  facet normal -0.0326994 0.999465 0
    outer loop
      vertex -17.3594 5.8546 0
      vertex -17.5 5.85 4
      vertex -17.3594 5.8546 4
    endloop
  endfacet
  facet normal -0.0326994 0.999465 0
    outer loop
      vertex -17.5 5.85 4
      vertex -17.3594 5.8546 0
      vertex -17.5 5.85 0
    endloop
  endfacet
  facet normal -0.683558 -0.729896 0
    outer loop
      vertex -16.0824 9.61646 0
      vertex -15.9797 9.52028 4
      vertex -16.0824 9.61646 4
    endloop
  endfacet
  facet normal -0.683558 -0.729896 -0
    outer loop
      vertex -15.9797 9.52028 4
      vertex -16.0824 9.61646 0
      vertex -15.9797 9.52028 0
    endloop
  endfacet
  facet normal 0.729792 -0.683669 0
    outer loop
      vertex -19.1165 9.41759 4
      vertex -19.0203 9.52028 0
      vertex -19.0203 9.52028 4
    endloop
  endfacet
  facet normal 0.729792 -0.683669 0
    outer loop
      vertex -19.0203 9.52028 0
      vertex -19.1165 9.41759 4
      vertex -19.1165 9.41759 0
    endloop
  endfacet
  facet normal 0.412817 -0.910814 0
    outer loop
      vertex -18.4509 9.92828 0
      vertex -18.3228 9.98634 4
      vertex -18.4509 9.92828 4
    endloop
  endfacet
  facet normal 0.412817 -0.910814 0
    outer loop
      vertex -18.3228 9.98634 4
      vertex -18.4509 9.92828 0
      vertex -18.3228 9.98634 0
    endloop
  endfacet
  facet normal -0.911035 -0.412329 0
    outer loop
      vertex -15.5137 8.82277 0
      vertex -15.5717 8.95092 4
      vertex -15.5717 8.95092 0
    endloop
  endfacet
  facet normal -0.911035 -0.412329 0
    outer loop
      vertex -15.5717 8.95092 4
      vertex -15.5137 8.82277 0
      vertex -15.5137 8.82277 4
    endloop
  endfacet
  facet normal -0.582683 -0.812699 0
    outer loop
      vertex -16.3055 9.78766 0
      vertex -16.1912 9.70571 4
      vertex -16.3055 9.78766 4
    endloop
  endfacet
  facet normal -0.582683 -0.812699 -0
    outer loop
      vertex -16.1912 9.70571 4
      vertex -16.3055 9.78766 0
      vertex -16.1912 9.70571 0
    endloop
  endfacet
  facet normal 0.881987 -0.471274 0
    outer loop
      vertex -19.4283 8.95092 4
      vertex -19.362 9.075 0
      vertex -19.362 9.075 4
    endloop
  endfacet
  facet normal 0.881987 -0.471274 0
    outer loop
      vertex -19.362 9.075 0
      vertex -19.4283 8.95092 4
      vertex -19.4283 8.95092 0
    endloop
  endfacet
  facet normal 0.162785 -0.986662 0
    outer loop
      vertex -17.9194 10.1087 0
      vertex -17.7806 10.1316 4
      vertex -17.9194 10.1087 4
    endloop
  endfacet
  facet normal 0.162785 -0.986662 0
    outer loop
      vertex -17.7806 10.1316 4
      vertex -17.9194 10.1087 0
      vertex -17.7806 10.1316 0
    endloop
  endfacet
  facet normal -0.986663 -0.162774 0
    outer loop
      vertex -15.3684 8.28063 0
      vertex -15.3913 8.41944 4
      vertex -15.3913 8.41944 0
    endloop
  endfacet
  facet normal -0.986663 -0.162774 0
    outer loop
      vertex -15.3913 8.41944 4
      vertex -15.3684 8.28063 0
      vertex -15.3684 8.28063 4
    endloop
  endfacet
  facet normal -0.995178 -0.0980891 0
    outer loop
      vertex -15.3546 8.14062 0
      vertex -15.3684 8.28063 4
      vertex -15.3684 8.28063 0
    endloop
  endfacet
  facet normal -0.995178 -0.0980891 0
    outer loop
      vertex -15.3684 8.28063 4
      vertex -15.3546 8.14062 0
      vertex -15.3546 8.14062 4
    endloop
  endfacet
  facet normal -0.812676 -0.582716 0
    outer loop
      vertex -15.7123 9.19448 0
      vertex -15.7943 9.30884 4
      vertex -15.7943 9.30884 0
    endloop
  endfacet
  facet normal -0.812676 -0.582716 0
    outer loop
      vertex -15.7943 9.30884 4
      vertex -15.7123 9.19448 0
      vertex -15.7123 9.19448 4
    endloop
  endfacet
  facet normal -0.773181 -0.634186 0
    outer loop
      vertex -15.7943 9.30884 0
      vertex -15.8835 9.41759 4
      vertex -15.8835 9.41759 0
    endloop
  endfacet
  facet normal -0.773181 -0.634186 0
    outer loop
      vertex -15.8835 9.41759 4
      vertex -15.7943 9.30884 0
      vertex -15.7943 9.30884 4
    endloop
  endfacet
  facet normal -0.162785 -0.986662 0
    outer loop
      vertex -17.2194 10.1316 0
      vertex -17.0806 10.1087 4
      vertex -17.2194 10.1316 4
    endloop
  endfacet
  facet normal -0.162785 -0.986662 -0
    outer loop
      vertex -17.0806 10.1087 4
      vertex -17.2194 10.1316 0
      vertex -17.0806 10.1087 0
    endloop
  endfacet
  facet normal -0.290086 -0.957 0
    outer loop
      vertex -16.9435 10.0767 0
      vertex -16.8089 10.0359 4
      vertex -16.9435 10.0767 4
    endloop
  endfacet
  facet normal -0.290086 -0.957 -0
    outer loop
      vertex -16.8089 10.0359 4
      vertex -16.9435 10.0767 0
      vertex -16.8089 10.0359 0
    endloop
  endfacet
  facet normal -0.634224 -0.773149 0
    outer loop
      vertex -16.1912 9.70571 0
      vertex -16.0824 9.61646 4
      vertex -16.1912 9.70571 4
    endloop
  endfacet
  facet normal -0.634224 -0.773149 -0
    outer loop
      vertex -16.0824 9.61646 4
      vertex -16.1912 9.70571 0
      vertex -16.0824 9.61646 0
    endloop
  endfacet
  facet normal 0.986663 -0.162774 0
    outer loop
      vertex -19.6316 8.28063 4
      vertex -19.6087 8.41944 0
      vertex -19.6087 8.41944 4
    endloop
  endfacet
  facet normal 0.986663 -0.162774 0
    outer loop
      vertex -19.6087 8.41944 0
      vertex -19.6316 8.28063 4
      vertex -19.6316 8.28063 0
    endloop
  endfacet
  facet normal 0.957018 -0.290027 0
    outer loop
      vertex -19.5767 8.55646 4
      vertex -19.5359 8.69109 0
      vertex -19.5359 8.69109 4
    endloop
  endfacet
  facet normal 0.957018 -0.290027 0
    outer loop
      vertex -19.5359 8.69109 0
      vertex -19.5767 8.55646 4
      vertex -19.5767 8.55646 0
    endloop
  endfacet
  facet normal 0.582683 -0.812699 0
    outer loop
      vertex -18.8088 9.70571 0
      vertex -18.6945 9.78766 4
      vertex -18.8088 9.70571 4
    endloop
  endfacet
  facet normal 0.582683 -0.812699 0
    outer loop
      vertex -18.6945 9.78766 4
      vertex -18.8088 9.70571 0
      vertex -18.6945 9.78766 0
    endloop
  endfacet
  facet normal 0.098096 -0.995177 0
    outer loop
      vertex -17.7806 10.1316 0
      vertex -17.6406 10.1454 4
      vertex -17.7806 10.1316 4
    endloop
  endfacet
  facet normal 0.098096 -0.995177 0
    outer loop
      vertex -17.6406 10.1454 4
      vertex -17.7806 10.1316 0
      vertex -17.6406 10.1454 0
    endloop
  endfacet
  facet normal -0.683558 0.729896 0
    outer loop
      vertex -15.9797 6.47972 0
      vertex -16.0824 6.38354 4
      vertex -15.9797 6.47972 4
    endloop
  endfacet
  facet normal -0.683558 0.729896 0
    outer loop
      vertex -16.0824 6.38354 4
      vertex -15.9797 6.47972 0
      vertex -16.0824 6.38354 0
    endloop
  endfacet
  facet normal 0.773181 0.634186 0
    outer loop
      vertex -19.1165 6.58241 4
      vertex -19.2057 6.69116 0
      vertex -19.2057 6.69116 4
    endloop
  endfacet
  facet normal 0.773181 0.634186 0
    outer loop
      vertex -19.2057 6.69116 0
      vertex -19.1165 6.58241 4
      vertex -19.1165 6.58241 0
    endloop
  endfacet
  facet normal -0.0980256 0.995184 0
    outer loop
      vertex -17.2194 5.86839 0
      vertex -17.3594 5.8546 4
      vertex -17.2194 5.86839 4
    endloop
  endfacet
  facet normal -0.0980256 0.995184 0
    outer loop
      vertex -17.3594 5.8546 4
      vertex -17.2194 5.86839 0
      vertex -17.3594 5.8546 0
    endloop
  endfacet
  facet normal -0.412817 0.910814 0
    outer loop
      vertex -16.5491 6.07172 0
      vertex -16.6772 6.01366 4
      vertex -16.5491 6.07172 4
    endloop
  endfacet
  facet normal -0.412817 0.910814 0
    outer loop
      vertex -16.6772 6.01366 4
      vertex -16.5491 6.07172 0
      vertex -16.6772 6.01366 0
    endloop
  endfacet
  facet normal -0.973796 -0.227423 0
    outer loop
      vertex -15.3913 8.41944 0
      vertex -15.4233 8.55646 4
      vertex -15.4233 8.55646 0
    endloop
  endfacet
  facet normal -0.973796 -0.227423 0
    outer loop
      vertex -15.4233 8.55646 4
      vertex -15.3913 8.41944 0
      vertex -15.3913 8.41944 4
    endloop
  endfacet
  facet normal -0.957018 -0.290027 0
    outer loop
      vertex -15.4233 8.55646 0
      vertex -15.4641 8.69109 4
      vertex -15.4641 8.69109 0
    endloop
  endfacet
  facet normal -0.957018 -0.290027 0
    outer loop
      vertex -15.4641 8.69109 4
      vertex -15.4233 8.55646 0
      vertex -15.4233 8.55646 4
    endloop
  endfacet
  facet normal -0.935814 -0.352494 0
    outer loop
      vertex -15.4641 8.69109 0
      vertex -15.5137 8.82277 4
      vertex -15.5137 8.82277 0
    endloop
  endfacet
  facet normal -0.935814 -0.352494 0
    outer loop
      vertex -15.5137 8.82277 4
      vertex -15.4641 8.69109 0
      vertex -15.4641 8.69109 4
    endloop
  endfacet
  facet normal -0.729792 -0.683669 0
    outer loop
      vertex -15.8835 9.41759 0
      vertex -15.9797 9.52028 4
      vertex -15.9797 9.52028 0
    endloop
  endfacet
  facet normal -0.729792 -0.683669 0
    outer loop
      vertex -15.9797 9.52028 4
      vertex -15.8835 9.41759 0
      vertex -15.8835 9.41759 4
    endloop
  endfacet
  facet normal -0.849194 -0.528081 0
    outer loop
      vertex -15.638 9.075 0
      vertex -15.7123 9.19448 4
      vertex -15.7123 9.19448 0
    endloop
  endfacet
  facet normal -0.849194 -0.528081 0
    outer loop
      vertex -15.7123 9.19448 4
      vertex -15.638 9.075 0
      vertex -15.638 9.075 4
    endloop
  endfacet
  facet normal -0.881987 -0.471274 0
    outer loop
      vertex -15.5717 8.95092 0
      vertex -15.638 9.075 4
      vertex -15.638 9.075 0
    endloop
  endfacet
  facet normal -0.881987 -0.471274 0
    outer loop
      vertex -15.638 9.075 4
      vertex -15.5717 8.95092 0
      vertex -15.5717 8.95092 4
    endloop
  endfacet
  facet normal -0.227297 -0.973825 0
    outer loop
      vertex -17.0806 10.1087 0
      vertex -16.9435 10.0767 4
      vertex -17.0806 10.1087 4
    endloop
  endfacet
  facet normal -0.227297 -0.973825 -0
    outer loop
      vertex -16.9435 10.0767 4
      vertex -17.0806 10.1087 0
      vertex -16.9435 10.0767 0
    endloop
  endfacet
  facet normal -0.098096 -0.995177 0
    outer loop
      vertex -17.3594 10.1454 0
      vertex -17.2194 10.1316 4
      vertex -17.3594 10.1454 4
    endloop
  endfacet
  facet normal -0.098096 -0.995177 -0
    outer loop
      vertex -17.2194 10.1316 4
      vertex -17.3594 10.1454 0
      vertex -17.2194 10.1316 0
    endloop
  endfacet
  facet normal -0.0326994 -0.999465 0
    outer loop
      vertex -17.5 10.15 0
      vertex -17.3594 10.1454 4
      vertex -17.5 10.15 4
    endloop
  endfacet
  facet normal -0.0326994 -0.999465 -0
    outer loop
      vertex -17.3594 10.1454 4
      vertex -17.5 10.15 0
      vertex -17.3594 10.1454 0
    endloop
  endfacet
  facet normal -0.352198 -0.935926 0
    outer loop
      vertex -16.8089 10.0359 0
      vertex -16.6772 9.98634 4
      vertex -16.8089 10.0359 4
    endloop
  endfacet
  facet normal -0.352198 -0.935926 -0
    outer loop
      vertex -16.6772 9.98634 4
      vertex -16.8089 10.0359 0
      vertex -16.6772 9.98634 0
    endloop
  endfacet
  facet normal -0.471381 -0.88193 0
    outer loop
      vertex -16.5491 9.92828 0
      vertex -16.425 9.86195 4
      vertex -16.5491 9.92828 4
    endloop
  endfacet
  facet normal -0.471381 -0.88193 -0
    outer loop
      vertex -16.425 9.86195 4
      vertex -16.5491 9.92828 0
      vertex -16.425 9.86195 0
    endloop
  endfacet
  facet normal -0.527966 -0.849266 0
    outer loop
      vertex -16.425 9.86195 0
      vertex -16.3055 9.78766 4
      vertex -16.425 9.86195 4
    endloop
  endfacet
  facet normal -0.527966 -0.849266 -0
    outer loop
      vertex -16.3055 9.78766 4
      vertex -16.425 9.86195 0
      vertex -16.3055 9.78766 0
    endloop
  endfacet
  facet normal 0.935814 -0.352494 0
    outer loop
      vertex -19.5359 8.69109 4
      vertex -19.4863 8.82277 0
      vertex -19.4863 8.82277 4
    endloop
  endfacet
  facet normal 0.935814 -0.352494 0
    outer loop
      vertex -19.4863 8.82277 0
      vertex -19.5359 8.69109 4
      vertex -19.5359 8.69109 0
    endloop
  endfacet
  facet normal 0.973796 -0.227423 0
    outer loop
      vertex -19.6087 8.41944 4
      vertex -19.5767 8.55646 0
      vertex -19.5767 8.55646 4
    endloop
  endfacet
  facet normal 0.973796 -0.227423 0
    outer loop
      vertex -19.5767 8.55646 0
      vertex -19.6087 8.41944 4
      vertex -19.6087 8.41944 0
    endloop
  endfacet
  facet normal 0.995178 -0.0980891 0
    outer loop
      vertex -19.6454 8.14062 4
      vertex -19.6316 8.28063 0
      vertex -19.6316 8.28063 4
    endloop
  endfacet
  facet normal 0.995178 -0.0980891 0
    outer loop
      vertex -19.6316 8.28063 0
      vertex -19.6454 8.14062 4
      vertex -19.6454 8.14062 0
    endloop
  endfacet
  facet normal 0.999465 -0.0326948 0
    outer loop
      vertex -19.65 8 4
      vertex -19.6454 8.14062 0
      vertex -19.6454 8.14062 4
    endloop
  endfacet
  facet normal 0.999465 -0.0326948 0
    outer loop
      vertex -19.6454 8.14062 0
      vertex -19.65 8 4
      vertex -19.65 8 0
    endloop
  endfacet
  facet normal 0.999465 0.0326948 0
    outer loop
      vertex -19.6454 7.85938 4
      vertex -19.65 8 0
      vertex -19.65 8 4
    endloop
  endfacet
  facet normal 0.999465 0.0326948 0
    outer loop
      vertex -19.65 8 0
      vertex -19.6454 7.85938 4
      vertex -19.6454 7.85938 0
    endloop
  endfacet
  facet normal 0.634224 -0.773149 0
    outer loop
      vertex -18.9176 9.61646 0
      vertex -18.8088 9.70571 4
      vertex -18.9176 9.61646 4
    endloop
  endfacet
  facet normal 0.634224 -0.773149 0
    outer loop
      vertex -18.8088 9.70571 4
      vertex -18.9176 9.61646 0
      vertex -18.8088 9.70571 0
    endloop
  endfacet
  facet normal 0.527966 -0.849266 0
    outer loop
      vertex -18.6945 9.78766 0
      vertex -18.575 9.86195 4
      vertex -18.6945 9.78766 4
    endloop
  endfacet
  facet normal 0.527966 -0.849266 0
    outer loop
      vertex -18.575 9.86195 4
      vertex -18.6945 9.78766 0
      vertex -18.575 9.86195 0
    endloop
  endfacet
  facet normal 0.290086 -0.957 0
    outer loop
      vertex -18.1911 10.0359 0
      vertex -18.0565 10.0767 4
      vertex -18.1911 10.0359 4
    endloop
  endfacet
  facet normal 0.290086 -0.957 0
    outer loop
      vertex -18.0565 10.0767 4
      vertex -18.1911 10.0359 0
      vertex -18.0565 10.0767 0
    endloop
  endfacet
  facet normal 0.352198 -0.935926 0
    outer loop
      vertex -18.3228 9.98634 0
      vertex -18.1911 10.0359 4
      vertex -18.3228 9.98634 4
    endloop
  endfacet
  facet normal 0.352198 -0.935926 0
    outer loop
      vertex -18.1911 10.0359 4
      vertex -18.3228 9.98634 0
      vertex -18.1911 10.0359 0
    endloop
  endfacet
  facet normal 0.227297 -0.973825 0
    outer loop
      vertex -18.0565 10.0767 0
      vertex -17.9194 10.1087 4
      vertex -18.0565 10.0767 4
    endloop
  endfacet
  facet normal 0.227297 -0.973825 0
    outer loop
      vertex -17.9194 10.1087 4
      vertex -18.0565 10.0767 0
      vertex -17.9194 10.1087 0
    endloop
  endfacet
  facet normal -0.999465 0.0326948 0
    outer loop
      vertex -15.3546 7.85938 0
      vertex -15.35 8 4
      vertex -15.35 8 0
    endloop
  endfacet
  facet normal -0.999465 0.0326948 0
    outer loop
      vertex -15.35 8 4
      vertex -15.3546 7.85938 0
      vertex -15.3546 7.85938 4
    endloop
  endfacet
  facet normal -0.973792 0.227439 0
    outer loop
      vertex -15.4233 7.44354 0
      vertex -15.3913 7.58055 4
      vertex -15.3913 7.58055 0
    endloop
  endfacet
  facet normal -0.973792 0.227439 0
    outer loop
      vertex -15.3913 7.58055 4
      vertex -15.4233 7.44354 0
      vertex -15.4233 7.44354 4
    endloop
  endfacet
  facet normal -0.995178 0.0980891 0
    outer loop
      vertex -15.3684 7.71937 0
      vertex -15.3546 7.85938 4
      vertex -15.3546 7.85938 0
    endloop
  endfacet
  facet normal -0.995178 0.0980891 0
    outer loop
      vertex -15.3546 7.85938 4
      vertex -15.3684 7.71937 0
      vertex -15.3684 7.71937 4
    endloop
  endfacet
  facet normal -0.773181 0.634186 0
    outer loop
      vertex -15.8835 6.58241 0
      vertex -15.7943 6.69116 4
      vertex -15.7943 6.69116 0
    endloop
  endfacet
  facet normal -0.773181 0.634186 0
    outer loop
      vertex -15.7943 6.69116 4
      vertex -15.8835 6.58241 0
      vertex -15.8835 6.58241 4
    endloop
  endfacet
  facet normal 0.290347 0.956922 -0
    outer loop
      vertex -18.0565 5.92326 0
      vertex -18.1911 5.9641 4
      vertex -18.0565 5.92326 4
    endloop
  endfacet
  facet normal 0.290347 0.956922 0
    outer loop
      vertex -18.1911 5.9641 4
      vertex -18.0565 5.92326 0
      vertex -18.1911 5.9641 0
    endloop
  endfacet
  facet normal 0.729792 0.683669 0
    outer loop
      vertex -19.0203 6.47972 4
      vertex -19.1165 6.58241 0
      vertex -19.1165 6.58241 4
    endloop
  endfacet
  facet normal 0.729792 0.683669 0
    outer loop
      vertex -19.1165 6.58241 0
      vertex -19.0203 6.47972 4
      vertex -19.0203 6.47972 0
    endloop
  endfacet
  facet normal 0.957024 0.290007 0
    outer loop
      vertex -19.5359 7.3089 4
      vertex -19.5767 7.44354 0
      vertex -19.5767 7.44354 4
    endloop
  endfacet
  facet normal 0.957024 0.290007 0
    outer loop
      vertex -19.5767 7.44354 0
      vertex -19.5359 7.3089 4
      vertex -19.5359 7.3089 0
    endloop
  endfacet
  facet normal 0.995178 0.0980891 0
    outer loop
      vertex -19.6316 7.71937 4
      vertex -19.6454 7.85938 0
      vertex -19.6454 7.85938 4
    endloop
  endfacet
  facet normal 0.995178 0.0980891 0
    outer loop
      vertex -19.6454 7.85938 0
      vertex -19.6316 7.71937 4
      vertex -19.6316 7.71937 0
    endloop
  endfacet
  facet normal -0.412817 -0.910814 0
    outer loop
      vertex -16.6772 9.98634 0
      vertex -16.5491 9.92828 4
      vertex -16.6772 9.98634 4
    endloop
  endfacet
  facet normal -0.412817 -0.910814 -0
    outer loop
      vertex -16.5491 9.92828 4
      vertex -16.6772 9.98634 0
      vertex -16.5491 9.92828 0
    endloop
  endfacet
  facet normal 0.849194 -0.528081 0
    outer loop
      vertex -19.362 9.075 4
      vertex -19.2877 9.19448 0
      vertex -19.2877 9.19448 4
    endloop
  endfacet
  facet normal 0.849194 -0.528081 0
    outer loop
      vertex -19.2877 9.19448 0
      vertex -19.362 9.075 4
      vertex -19.362 9.075 0
    endloop
  endfacet
  facet normal 0.812676 -0.582716 0
    outer loop
      vertex -19.2877 9.19448 4
      vertex -19.2057 9.30884 0
      vertex -19.2057 9.30884 4
    endloop
  endfacet
  facet normal 0.812676 -0.582716 0
    outer loop
      vertex -19.2057 9.30884 0
      vertex -19.2877 9.19448 4
      vertex -19.2877 9.19448 0
    endloop
  endfacet
  facet normal 0.773181 -0.634186 0
    outer loop
      vertex -19.2057 9.30884 4
      vertex -19.1165 9.41759 0
      vertex -19.1165 9.41759 4
    endloop
  endfacet
  facet normal 0.773181 -0.634186 0
    outer loop
      vertex -19.1165 9.41759 0
      vertex -19.2057 9.30884 4
      vertex -19.2057 9.30884 0
    endloop
  endfacet
  facet normal 0.911035 -0.412329 0
    outer loop
      vertex -19.4863 8.82277 4
      vertex -19.4283 8.95092 0
      vertex -19.4283 8.95092 4
    endloop
  endfacet
  facet normal 0.911035 -0.412329 0
    outer loop
      vertex -19.4283 8.95092 0
      vertex -19.4863 8.82277 4
      vertex -19.4863 8.82277 0
    endloop
  endfacet
  facet normal 0.683558 -0.729896 0
    outer loop
      vertex -19.0203 9.52028 0
      vertex -18.9176 9.61646 4
      vertex -19.0203 9.52028 4
    endloop
  endfacet
  facet normal 0.683558 -0.729896 0
    outer loop
      vertex -18.9176 9.61646 4
      vertex -19.0203 9.52028 0
      vertex -18.9176 9.61646 0
    endloop
  endfacet
  facet normal 0.471381 -0.88193 0
    outer loop
      vertex -18.575 9.86195 0
      vertex -18.4509 9.92828 4
      vertex -18.575 9.86195 4
    endloop
  endfacet
  facet normal 0.471381 -0.88193 0
    outer loop
      vertex -18.4509 9.92828 4
      vertex -18.575 9.86195 0
      vertex -18.4509 9.92828 0
    endloop
  endfacet
  facet normal -0.881987 0.471274 0
    outer loop
      vertex -15.638 6.925 0
      vertex -15.5717 7.04908 4
      vertex -15.5717 7.04908 0
    endloop
  endfacet
  facet normal -0.881987 0.471274 0
    outer loop
      vertex -15.5717 7.04908 4
      vertex -15.638 6.925 0
      vertex -15.638 6.925 4
    endloop
  endfacet
  facet normal -0.957024 0.290007 0
    outer loop
      vertex -15.4641 7.3089 0
      vertex -15.4233 7.44354 4
      vertex -15.4233 7.44354 0
    endloop
  endfacet
  facet normal -0.957024 0.290007 0
    outer loop
      vertex -15.4233 7.44354 4
      vertex -15.4641 7.3089 0
      vertex -15.4641 7.3089 4
    endloop
  endfacet
  facet normal -0.812676 0.582716 0
    outer loop
      vertex -15.7943 6.69116 0
      vertex -15.7123 6.80552 4
      vertex -15.7123 6.80552 0
    endloop
  endfacet
  facet normal -0.812676 0.582716 0
    outer loop
      vertex -15.7123 6.80552 4
      vertex -15.7943 6.69116 0
      vertex -15.7943 6.69116 4
    endloop
  endfacet
  facet normal -0.849194 0.528081 0
    outer loop
      vertex -15.7123 6.80552 0
      vertex -15.638 6.925 4
      vertex -15.638 6.925 0
    endloop
  endfacet
  facet normal -0.849194 0.528081 0
    outer loop
      vertex -15.638 6.925 4
      vertex -15.7123 6.80552 0
      vertex -15.7123 6.80552 4
    endloop
  endfacet
  facet normal -0.471381 0.88193 0
    outer loop
      vertex -16.425 6.13805 0
      vertex -16.5491 6.07172 4
      vertex -16.425 6.13805 4
    endloop
  endfacet
  facet normal -0.471381 0.88193 0
    outer loop
      vertex -16.5491 6.07172 4
      vertex -16.425 6.13805 0
      vertex -16.5491 6.07172 0
    endloop
  endfacet
  facet normal -0.527966 0.849266 0
    outer loop
      vertex -16.3055 6.21234 0
      vertex -16.425 6.13805 4
      vertex -16.3055 6.21234 4
    endloop
  endfacet
  facet normal -0.527966 0.849266 0
    outer loop
      vertex -16.425 6.13805 4
      vertex -16.3055 6.21234 0
      vertex -16.425 6.13805 0
    endloop
  endfacet
  facet normal 0.412817 0.910814 -0
    outer loop
      vertex -18.3228 6.01366 0
      vertex -18.4509 6.07172 4
      vertex -18.3228 6.01366 4
    endloop
  endfacet
  facet normal 0.412817 0.910814 0
    outer loop
      vertex -18.4509 6.07172 4
      vertex -18.3228 6.01366 0
      vertex -18.4509 6.07172 0
    endloop
  endfacet
  facet normal 0.0326994 0.999465 -0
    outer loop
      vertex -17.5 5.85 0
      vertex -17.6406 5.8546 4
      vertex -17.5 5.85 4
    endloop
  endfacet
  facet normal 0.0326994 0.999465 0
    outer loop
      vertex -17.6406 5.8546 4
      vertex -17.5 5.85 0
      vertex -17.6406 5.8546 0
    endloop
  endfacet
  facet normal 0.812676 0.582716 0
    outer loop
      vertex -19.2057 6.69116 4
      vertex -19.2877 6.80552 0
      vertex -19.2877 6.80552 4
    endloop
  endfacet
  facet normal 0.812676 0.582716 0
    outer loop
      vertex -19.2877 6.80552 0
      vertex -19.2057 6.69116 4
      vertex -19.2057 6.69116 0
    endloop
  endfacet
  facet normal 0.881987 0.471274 0
    outer loop
      vertex -19.362 6.925 4
      vertex -19.4283 7.04908 0
      vertex -19.4283 7.04908 4
    endloop
  endfacet
  facet normal 0.881987 0.471274 0
    outer loop
      vertex -19.4283 7.04908 0
      vertex -19.362 6.925 4
      vertex -19.362 6.925 0
    endloop
  endfacet
  facet normal 0.849194 0.528081 0
    outer loop
      vertex -19.2877 6.80552 4
      vertex -19.362 6.925 0
      vertex -19.362 6.925 4
    endloop
  endfacet
  facet normal 0.849194 0.528081 0
    outer loop
      vertex -19.362 6.925 0
      vertex -19.2877 6.80552 4
      vertex -19.2877 6.80552 0
    endloop
  endfacet
  facet normal 0.911035 0.412329 0
    outer loop
      vertex -19.4283 7.04908 4
      vertex -19.4863 7.17723 0
      vertex -19.4863 7.17723 4
    endloop
  endfacet
  facet normal 0.911035 0.412329 0
    outer loop
      vertex -19.4863 7.17723 0
      vertex -19.4283 7.04908 4
      vertex -19.4283 7.04908 0
    endloop
  endfacet
  facet normal 0.986665 0.162762 0
    outer loop
      vertex -19.6087 7.58055 4
      vertex -19.6316 7.71937 0
      vertex -19.6316 7.71937 4
    endloop
  endfacet
  facet normal 0.986665 0.162762 0
    outer loop
      vertex -19.6316 7.71937 0
      vertex -19.6087 7.58055 4
      vertex -19.6087 7.58055 0
    endloop
  endfacet
  facet normal -0.290347 0.956922 0
    outer loop
      vertex -16.8089 5.9641 0
      vertex -16.9435 5.92326 4
      vertex -16.8089 5.9641 4
    endloop
  endfacet
  facet normal -0.290347 0.956922 0
    outer loop
      vertex -16.9435 5.92326 4
      vertex -16.8089 5.9641 0
      vertex -16.9435 5.92326 0
    endloop
  endfacet
  facet normal -0.162923 0.986639 0
    outer loop
      vertex -17.0806 5.89131 0
      vertex -17.2194 5.86839 4
      vertex -17.0806 5.89131 4
    endloop
  endfacet
  facet normal -0.162923 0.986639 0
    outer loop
      vertex -17.2194 5.86839 4
      vertex -17.0806 5.89131 0
      vertex -17.2194 5.86839 0
    endloop
  endfacet
  facet normal -0.911035 0.412329 0
    outer loop
      vertex -15.5717 7.04908 0
      vertex -15.5137 7.17723 4
      vertex -15.5137 7.17723 0
    endloop
  endfacet
  facet normal -0.911035 0.412329 0
    outer loop
      vertex -15.5137 7.17723 4
      vertex -15.5717 7.04908 0
      vertex -15.5717 7.04908 4
    endloop
  endfacet
  facet normal -0.986665 0.162762 0
    outer loop
      vertex -15.3913 7.58055 0
      vertex -15.3684 7.71937 4
      vertex -15.3684 7.71937 0
    endloop
  endfacet
  facet normal -0.986665 0.162762 0
    outer loop
      vertex -15.3684 7.71937 4
      vertex -15.3913 7.58055 0
      vertex -15.3913 7.58055 4
    endloop
  endfacet
  facet normal -0.634224 0.773149 0
    outer loop
      vertex -16.0824 6.38354 0
      vertex -16.1912 6.29429 4
      vertex -16.0824 6.38354 4
    endloop
  endfacet
  facet normal -0.634224 0.773149 0
    outer loop
      vertex -16.1912 6.29429 4
      vertex -16.0824 6.38354 0
      vertex -16.1912 6.29429 0
    endloop
  endfacet
  facet normal -0.582683 0.812699 0
    outer loop
      vertex -16.1912 6.29429 0
      vertex -16.3055 6.21234 4
      vertex -16.1912 6.29429 4
    endloop
  endfacet
  facet normal -0.582683 0.812699 0
    outer loop
      vertex -16.3055 6.21234 4
      vertex -16.1912 6.29429 0
      vertex -16.3055 6.21234 0
    endloop
  endfacet
  facet normal 0.634224 0.773149 -0
    outer loop
      vertex -18.8088 6.29429 0
      vertex -18.9176 6.38354 4
      vertex -18.8088 6.29429 4
    endloop
  endfacet
  facet normal 0.634224 0.773149 0
    outer loop
      vertex -18.9176 6.38354 4
      vertex -18.8088 6.29429 0
      vertex -18.9176 6.38354 0
    endloop
  endfacet
  facet normal 0.0980256 0.995184 -0
    outer loop
      vertex -17.6406 5.8546 0
      vertex -17.7806 5.86839 4
      vertex -17.6406 5.8546 4
    endloop
  endfacet
  facet normal 0.0980256 0.995184 0
    outer loop
      vertex -17.7806 5.86839 4
      vertex -17.6406 5.8546 0
      vertex -17.7806 5.86839 0
    endloop
  endfacet
  facet normal 0.683558 0.729896 -0
    outer loop
      vertex -18.9176 6.38354 0
      vertex -19.0203 6.47972 4
      vertex -18.9176 6.38354 4
    endloop
  endfacet
  facet normal 0.683558 0.729896 0
    outer loop
      vertex -19.0203 6.47972 4
      vertex -18.9176 6.38354 0
      vertex -19.0203 6.47972 0
    endloop
  endfacet
  facet normal 0.935805 0.352517 0
    outer loop
      vertex -19.4863 7.17723 4
      vertex -19.5359 7.3089 0
      vertex -19.5359 7.3089 4
    endloop
  endfacet
  facet normal 0.935805 0.352517 0
    outer loop
      vertex -19.5359 7.3089 0
      vertex -19.4863 7.17723 4
      vertex -19.4863 7.17723 0
    endloop
  endfacet
  facet normal 0.973792 0.227439 0
    outer loop
      vertex -19.5767 7.44354 4
      vertex -19.6087 7.58055 0
      vertex -19.6087 7.58055 4
    endloop
  endfacet
  facet normal 0.973792 0.227439 0
    outer loop
      vertex -19.6087 7.58055 0
      vertex -19.5767 7.44354 4
      vertex -19.5767 7.44354 0
    endloop
  endfacet
  facet normal -0.352198 0.935926 0
    outer loop
      vertex -16.6772 6.01366 0
      vertex -16.8089 5.9641 4
      vertex -16.6772 6.01366 4
    endloop
  endfacet
  facet normal -0.352198 0.935926 0
    outer loop
      vertex -16.8089 5.9641 4
      vertex -16.6772 6.01366 0
      vertex -16.8089 5.9641 0
    endloop
  endfacet
  facet normal -0.22696 0.973904 0
    outer loop
      vertex -16.9435 5.92326 0
      vertex -17.0806 5.89131 4
      vertex -16.9435 5.92326 4
    endloop
  endfacet
  facet normal -0.22696 0.973904 0
    outer loop
      vertex -17.0806 5.89131 4
      vertex -16.9435 5.92326 0
      vertex -17.0806 5.89131 0
    endloop
  endfacet
  facet normal -0.935805 0.352517 0
    outer loop
      vertex -15.5137 7.17723 0
      vertex -15.4641 7.3089 4
      vertex -15.4641 7.3089 0
    endloop
  endfacet
  facet normal -0.935805 0.352517 0
    outer loop
      vertex -15.4641 7.3089 4
      vertex -15.5137 7.17723 0
      vertex -15.5137 7.17723 4
    endloop
  endfacet
  facet normal -0.729792 0.683669 0
    outer loop
      vertex -15.9797 6.47972 0
      vertex -15.8835 6.58241 4
      vertex -15.8835 6.58241 0
    endloop
  endfacet
  facet normal -0.729792 0.683669 0
    outer loop
      vertex -15.8835 6.58241 4
      vertex -15.9797 6.47972 0
      vertex -15.9797 6.47972 4
    endloop
  endfacet
  facet normal 0.352198 0.935926 -0
    outer loop
      vertex -18.1911 5.9641 0
      vertex -18.3228 6.01366 4
      vertex -18.1911 5.9641 4
    endloop
  endfacet
  facet normal 0.352198 0.935926 0
    outer loop
      vertex -18.3228 6.01366 4
      vertex -18.1911 5.9641 0
      vertex -18.3228 6.01366 0
    endloop
  endfacet
  facet normal 0.22696 0.973904 -0
    outer loop
      vertex -17.9194 5.89131 0
      vertex -18.0565 5.92326 4
      vertex -17.9194 5.89131 4
    endloop
  endfacet
  facet normal 0.22696 0.973904 0
    outer loop
      vertex -18.0565 5.92326 4
      vertex -17.9194 5.89131 0
      vertex -18.0565 5.92326 0
    endloop
  endfacet
  facet normal 0.527966 0.849266 -0
    outer loop
      vertex -18.575 6.13805 0
      vertex -18.6945 6.21234 4
      vertex -18.575 6.13805 4
    endloop
  endfacet
  facet normal 0.527966 0.849266 0
    outer loop
      vertex -18.6945 6.21234 4
      vertex -18.575 6.13805 0
      vertex -18.6945 6.21234 0
    endloop
  endfacet
  facet normal 0.471381 0.88193 -0
    outer loop
      vertex -18.4509 6.07172 0
      vertex -18.575 6.13805 4
      vertex -18.4509 6.07172 4
    endloop
  endfacet
  facet normal 0.471381 0.88193 0
    outer loop
      vertex -18.575 6.13805 4
      vertex -18.4509 6.07172 0
      vertex -18.575 6.13805 0
    endloop
  endfacet
  facet normal 0.582683 0.812699 -0
    outer loop
      vertex -18.6945 6.21234 0
      vertex -18.8088 6.29429 4
      vertex -18.6945 6.21234 4
    endloop
  endfacet
  facet normal 0.582683 0.812699 0
    outer loop
      vertex -18.8088 6.29429 4
      vertex -18.6945 6.21234 0
      vertex -18.8088 6.29429 0
    endloop
  endfacet
  facet normal 0.162923 0.986639 -0
    outer loop
      vertex -17.7806 5.86839 0
      vertex -17.9194 5.89131 4
      vertex -17.7806 5.86839 4
    endloop
  endfacet
  facet normal 0.162923 0.986639 0
    outer loop
      vertex -17.9194 5.89131 4
      vertex -17.7806 5.86839 0
      vertex -17.9194 5.89131 0
    endloop
  endfacet
  facet normal -0.999465 -0.0326948 0
    outer loop
      vertex 19.65 8 0
      vertex 19.6454 8.14062 4
      vertex 19.6454 8.14062 0
    endloop
  endfacet
  facet normal -0.999465 -0.0326948 0
    outer loop
      vertex 19.6454 8.14062 4
      vertex 19.65 8 0
      vertex 19.65 8 4
    endloop
  endfacet
  facet normal 0.0326994 -0.999465 0
    outer loop
      vertex 17.3594 10.1454 0
      vertex 17.5 10.15 4
      vertex 17.3594 10.1454 4
    endloop
  endfacet
  facet normal 0.0326994 -0.999465 0
    outer loop
      vertex 17.5 10.15 4
      vertex 17.3594 10.1454 0
      vertex 17.5 10.15 0
    endloop
  endfacet
  facet normal -0.0326994 0.999465 0
    outer loop
      vertex 17.6406 5.8546 0
      vertex 17.5 5.85 4
      vertex 17.6406 5.8546 4
    endloop
  endfacet
  facet normal -0.0326994 0.999465 0
    outer loop
      vertex 17.5 5.85 4
      vertex 17.6406 5.8546 0
      vertex 17.5 5.85 0
    endloop
  endfacet
  facet normal -0.683558 -0.729896 0
    outer loop
      vertex 18.9176 9.61646 0
      vertex 19.0203 9.52028 4
      vertex 18.9176 9.61646 4
    endloop
  endfacet
  facet normal -0.683558 -0.729896 -0
    outer loop
      vertex 19.0203 9.52028 4
      vertex 18.9176 9.61646 0
      vertex 19.0203 9.52028 0
    endloop
  endfacet
  facet normal 0.729792 -0.683669 0
    outer loop
      vertex 15.8835 9.41759 4
      vertex 15.9797 9.52028 0
      vertex 15.9797 9.52028 4
    endloop
  endfacet
  facet normal 0.729792 -0.683669 0
    outer loop
      vertex 15.9797 9.52028 0
      vertex 15.8835 9.41759 4
      vertex 15.8835 9.41759 0
    endloop
  endfacet
  facet normal 0.412817 -0.910814 0
    outer loop
      vertex 16.5491 9.92828 0
      vertex 16.6772 9.98634 4
      vertex 16.5491 9.92828 4
    endloop
  endfacet
  facet normal 0.412817 -0.910814 0
    outer loop
      vertex 16.6772 9.98634 4
      vertex 16.5491 9.92828 0
      vertex 16.6772 9.98634 0
    endloop
  endfacet
  facet normal -0.911035 -0.412329 0
    outer loop
      vertex 19.4863 8.82277 0
      vertex 19.4283 8.95092 4
      vertex 19.4283 8.95092 0
    endloop
  endfacet
  facet normal -0.911035 -0.412329 0
    outer loop
      vertex 19.4283 8.95092 4
      vertex 19.4863 8.82277 0
      vertex 19.4863 8.82277 4
    endloop
  endfacet
  facet normal -0.582683 -0.812699 0
    outer loop
      vertex 18.6945 9.78766 0
      vertex 18.8088 9.70571 4
      vertex 18.6945 9.78766 4
    endloop
  endfacet
  facet normal -0.582683 -0.812699 -0
    outer loop
      vertex 18.8088 9.70571 4
      vertex 18.6945 9.78766 0
      vertex 18.8088 9.70571 0
    endloop
  endfacet
  facet normal 0.881987 -0.471274 0
    outer loop
      vertex 15.5717 8.95092 4
      vertex 15.638 9.075 0
      vertex 15.638 9.075 4
    endloop
  endfacet
  facet normal 0.881987 -0.471274 0
    outer loop
      vertex 15.638 9.075 0
      vertex 15.5717 8.95092 4
      vertex 15.5717 8.95092 0
    endloop
  endfacet
  facet normal 0.162785 -0.986662 0
    outer loop
      vertex 17.0806 10.1087 0
      vertex 17.2194 10.1316 4
      vertex 17.0806 10.1087 4
    endloop
  endfacet
  facet normal 0.162785 -0.986662 0
    outer loop
      vertex 17.2194 10.1316 4
      vertex 17.0806 10.1087 0
      vertex 17.2194 10.1316 0
    endloop
  endfacet
  facet normal -0.986663 -0.162774 0
    outer loop
      vertex 19.6316 8.28063 0
      vertex 19.6087 8.41944 4
      vertex 19.6087 8.41944 0
    endloop
  endfacet
  facet normal -0.986663 -0.162774 0
    outer loop
      vertex 19.6087 8.41944 4
      vertex 19.6316 8.28063 0
      vertex 19.6316 8.28063 4
    endloop
  endfacet
  facet normal -0.995178 -0.0980891 0
    outer loop
      vertex 19.6454 8.14062 0
      vertex 19.6316 8.28063 4
      vertex 19.6316 8.28063 0
    endloop
  endfacet
  facet normal -0.995178 -0.0980891 0
    outer loop
      vertex 19.6316 8.28063 4
      vertex 19.6454 8.14062 0
      vertex 19.6454 8.14062 4
    endloop
  endfacet
  facet normal -0.812676 -0.582716 0
    outer loop
      vertex 19.2877 9.19448 0
      vertex 19.2057 9.30884 4
      vertex 19.2057 9.30884 0
    endloop
  endfacet
  facet normal -0.812676 -0.582716 0
    outer loop
      vertex 19.2057 9.30884 4
      vertex 19.2877 9.19448 0
      vertex 19.2877 9.19448 4
    endloop
  endfacet
  facet normal -0.773181 -0.634186 0
    outer loop
      vertex 19.2057 9.30884 0
      vertex 19.1165 9.41759 4
      vertex 19.1165 9.41759 0
    endloop
  endfacet
  facet normal -0.773181 -0.634186 0
    outer loop
      vertex 19.1165 9.41759 4
      vertex 19.2057 9.30884 0
      vertex 19.2057 9.30884 4
    endloop
  endfacet
  facet normal -0.162785 -0.986662 0
    outer loop
      vertex 17.7806 10.1316 0
      vertex 17.9194 10.1087 4
      vertex 17.7806 10.1316 4
    endloop
  endfacet
  facet normal -0.162785 -0.986662 -0
    outer loop
      vertex 17.9194 10.1087 4
      vertex 17.7806 10.1316 0
      vertex 17.9194 10.1087 0
    endloop
  endfacet
  facet normal -0.290086 -0.957 0
    outer loop
      vertex 18.0565 10.0767 0
      vertex 18.1911 10.0359 4
      vertex 18.0565 10.0767 4
    endloop
  endfacet
  facet normal -0.290086 -0.957 -0
    outer loop
      vertex 18.1911 10.0359 4
      vertex 18.0565 10.0767 0
      vertex 18.1911 10.0359 0
    endloop
  endfacet
  facet normal -0.412817 -0.910814 0
    outer loop
      vertex 18.3228 9.98634 0
      vertex 18.4509 9.92828 4
      vertex 18.3228 9.98634 4
    endloop
  endfacet
  facet normal -0.412817 -0.910814 -0
    outer loop
      vertex 18.4509 9.92828 4
      vertex 18.3228 9.98634 0
      vertex 18.4509 9.92828 0
    endloop
  endfacet
  facet normal -0.634224 -0.773149 0
    outer loop
      vertex 18.8088 9.70571 0
      vertex 18.9176 9.61646 4
      vertex 18.8088 9.70571 4
    endloop
  endfacet
  facet normal -0.634224 -0.773149 -0
    outer loop
      vertex 18.9176 9.61646 4
      vertex 18.8088 9.70571 0
      vertex 18.9176 9.61646 0
    endloop
  endfacet
  facet normal 0.986663 -0.162774 0
    outer loop
      vertex 15.3684 8.28063 4
      vertex 15.3913 8.41944 0
      vertex 15.3913 8.41944 4
    endloop
  endfacet
  facet normal 0.986663 -0.162774 0
    outer loop
      vertex 15.3913 8.41944 0
      vertex 15.3684 8.28063 4
      vertex 15.3684 8.28063 0
    endloop
  endfacet
  facet normal 0.957018 -0.290027 0
    outer loop
      vertex 15.4233 8.55646 4
      vertex 15.4641 8.69109 0
      vertex 15.4641 8.69109 4
    endloop
  endfacet
  facet normal 0.957018 -0.290027 0
    outer loop
      vertex 15.4641 8.69109 0
      vertex 15.4233 8.55646 4
      vertex 15.4233 8.55646 0
    endloop
  endfacet
  facet normal 0.582683 -0.812699 0
    outer loop
      vertex 16.1912 9.70571 0
      vertex 16.3055 9.78766 4
      vertex 16.1912 9.70571 4
    endloop
  endfacet
  facet normal 0.582683 -0.812699 0
    outer loop
      vertex 16.3055 9.78766 4
      vertex 16.1912 9.70571 0
      vertex 16.3055 9.78766 0
    endloop
  endfacet
  facet normal 0.098096 -0.995177 0
    outer loop
      vertex 17.2194 10.1316 0
      vertex 17.3594 10.1454 4
      vertex 17.2194 10.1316 4
    endloop
  endfacet
  facet normal 0.098096 -0.995177 0
    outer loop
      vertex 17.3594 10.1454 4
      vertex 17.2194 10.1316 0
      vertex 17.3594 10.1454 0
    endloop
  endfacet
  facet normal -0.729792 0.683669 0
    outer loop
      vertex 19.0203 6.47972 0
      vertex 19.1165 6.58241 4
      vertex 19.1165 6.58241 0
    endloop
  endfacet
  facet normal -0.729792 0.683669 0
    outer loop
      vertex 19.1165 6.58241 4
      vertex 19.0203 6.47972 0
      vertex 19.0203 6.47972 4
    endloop
  endfacet
  facet normal 0.352198 0.935926 -0
    outer loop
      vertex 16.8089 5.9641 0
      vertex 16.6772 6.01366 4
      vertex 16.8089 5.9641 4
    endloop
  endfacet
  facet normal 0.352198 0.935926 0
    outer loop
      vertex 16.6772 6.01366 4
      vertex 16.8089 5.9641 0
      vertex 16.6772 6.01366 0
    endloop
  endfacet
  facet normal 0.773181 0.634186 0
    outer loop
      vertex 15.8835 6.58241 4
      vertex 15.7943 6.69116 0
      vertex 15.7943 6.69116 4
    endloop
  endfacet
  facet normal 0.773181 0.634186 0
    outer loop
      vertex 15.7943 6.69116 0
      vertex 15.8835 6.58241 4
      vertex 15.8835 6.58241 0
    endloop
  endfacet
  facet normal -0.0980256 0.995184 0
    outer loop
      vertex 17.7806 5.86839 0
      vertex 17.6406 5.8546 4
      vertex 17.7806 5.86839 4
    endloop
  endfacet
  facet normal -0.0980256 0.995184 0
    outer loop
      vertex 17.6406 5.8546 4
      vertex 17.7806 5.86839 0
      vertex 17.6406 5.8546 0
    endloop
  endfacet
  facet normal -0.412817 0.910814 0
    outer loop
      vertex 18.4509 6.07172 0
      vertex 18.3228 6.01366 4
      vertex 18.4509 6.07172 4
    endloop
  endfacet
  facet normal -0.412817 0.910814 0
    outer loop
      vertex 18.3228 6.01366 4
      vertex 18.4509 6.07172 0
      vertex 18.3228 6.01366 0
    endloop
  endfacet
  facet normal -0.973796 -0.227423 0
    outer loop
      vertex 19.6087 8.41944 0
      vertex 19.5767 8.55646 4
      vertex 19.5767 8.55646 0
    endloop
  endfacet
  facet normal -0.973796 -0.227423 0
    outer loop
      vertex 19.5767 8.55646 4
      vertex 19.6087 8.41944 0
      vertex 19.6087 8.41944 4
    endloop
  endfacet
  facet normal -0.957018 -0.290027 0
    outer loop
      vertex 19.5767 8.55646 0
      vertex 19.5359 8.69109 4
      vertex 19.5359 8.69109 0
    endloop
  endfacet
  facet normal -0.957018 -0.290027 0
    outer loop
      vertex 19.5359 8.69109 4
      vertex 19.5767 8.55646 0
      vertex 19.5767 8.55646 4
    endloop
  endfacet
  facet normal -0.935814 -0.352494 0
    outer loop
      vertex 19.5359 8.69109 0
      vertex 19.4863 8.82277 4
      vertex 19.4863 8.82277 0
    endloop
  endfacet
  facet normal -0.935814 -0.352494 0
    outer loop
      vertex 19.4863 8.82277 4
      vertex 19.5359 8.69109 0
      vertex 19.5359 8.69109 4
    endloop
  endfacet
  facet normal -0.729792 -0.683669 0
    outer loop
      vertex 19.1165 9.41759 0
      vertex 19.0203 9.52028 4
      vertex 19.0203 9.52028 0
    endloop
  endfacet
  facet normal -0.729792 -0.683669 0
    outer loop
      vertex 19.0203 9.52028 4
      vertex 19.1165 9.41759 0
      vertex 19.1165 9.41759 4
    endloop
  endfacet
  facet normal -0.849194 -0.528081 0
    outer loop
      vertex 19.362 9.075 0
      vertex 19.2877 9.19448 4
      vertex 19.2877 9.19448 0
    endloop
  endfacet
  facet normal -0.849194 -0.528081 0
    outer loop
      vertex 19.2877 9.19448 4
      vertex 19.362 9.075 0
      vertex 19.362 9.075 4
    endloop
  endfacet
  facet normal -0.881987 -0.471274 0
    outer loop
      vertex 19.4283 8.95092 0
      vertex 19.362 9.075 4
      vertex 19.362 9.075 0
    endloop
  endfacet
  facet normal -0.881987 -0.471274 0
    outer loop
      vertex 19.362 9.075 4
      vertex 19.4283 8.95092 0
      vertex 19.4283 8.95092 4
    endloop
  endfacet
  facet normal -0.227297 -0.973825 0
    outer loop
      vertex 17.9194 10.1087 0
      vertex 18.0565 10.0767 4
      vertex 17.9194 10.1087 4
    endloop
  endfacet
  facet normal -0.227297 -0.973825 -0
    outer loop
      vertex 18.0565 10.0767 4
      vertex 17.9194 10.1087 0
      vertex 18.0565 10.0767 0
    endloop
  endfacet
  facet normal -0.098096 -0.995177 0
    outer loop
      vertex 17.6406 10.1454 0
      vertex 17.7806 10.1316 4
      vertex 17.6406 10.1454 4
    endloop
  endfacet
  facet normal -0.098096 -0.995177 -0
    outer loop
      vertex 17.7806 10.1316 4
      vertex 17.6406 10.1454 0
      vertex 17.7806 10.1316 0
    endloop
  endfacet
  facet normal -0.0326994 -0.999465 0
    outer loop
      vertex 17.5 10.15 0
      vertex 17.6406 10.1454 4
      vertex 17.5 10.15 4
    endloop
  endfacet
  facet normal -0.0326994 -0.999465 -0
    outer loop
      vertex 17.6406 10.1454 4
      vertex 17.5 10.15 0
      vertex 17.6406 10.1454 0
    endloop
  endfacet
  facet normal -0.352198 -0.935926 0
    outer loop
      vertex 18.1911 10.0359 0
      vertex 18.3228 9.98634 4
      vertex 18.1911 10.0359 4
    endloop
  endfacet
  facet normal -0.352198 -0.935926 -0
    outer loop
      vertex 18.3228 9.98634 4
      vertex 18.1911 10.0359 0
      vertex 18.3228 9.98634 0
    endloop
  endfacet
  facet normal -0.471381 -0.88193 0
    outer loop
      vertex 18.4509 9.92828 0
      vertex 18.575 9.86195 4
      vertex 18.4509 9.92828 4
    endloop
  endfacet
  facet normal -0.471381 -0.88193 -0
    outer loop
      vertex 18.575 9.86195 4
      vertex 18.4509 9.92828 0
      vertex 18.575 9.86195 0
    endloop
  endfacet
  facet normal -0.527966 -0.849266 0
    outer loop
      vertex 18.575 9.86195 0
      vertex 18.6945 9.78766 4
      vertex 18.575 9.86195 4
    endloop
  endfacet
  facet normal -0.527966 -0.849266 -0
    outer loop
      vertex 18.6945 9.78766 4
      vertex 18.575 9.86195 0
      vertex 18.6945 9.78766 0
    endloop
  endfacet
  facet normal 0.935814 -0.352494 0
    outer loop
      vertex 15.4641 8.69109 4
      vertex 15.5137 8.82277 0
      vertex 15.5137 8.82277 4
    endloop
  endfacet
  facet normal 0.935814 -0.352494 0
    outer loop
      vertex 15.5137 8.82277 0
      vertex 15.4641 8.69109 4
      vertex 15.4641 8.69109 0
    endloop
  endfacet
  facet normal 0.973796 -0.227423 0
    outer loop
      vertex 15.3913 8.41944 4
      vertex 15.4233 8.55646 0
      vertex 15.4233 8.55646 4
    endloop
  endfacet
  facet normal 0.973796 -0.227423 0
    outer loop
      vertex 15.4233 8.55646 0
      vertex 15.3913 8.41944 4
      vertex 15.3913 8.41944 0
    endloop
  endfacet
  facet normal 0.995178 -0.0980891 0
    outer loop
      vertex 15.3546 8.14062 4
      vertex 15.3684 8.28063 0
      vertex 15.3684 8.28063 4
    endloop
  endfacet
  facet normal 0.995178 -0.0980891 0
    outer loop
      vertex 15.3684 8.28063 0
      vertex 15.3546 8.14062 4
      vertex 15.3546 8.14062 0
    endloop
  endfacet
  facet normal 0.999465 -0.0326948 0
    outer loop
      vertex 15.35 8 4
      vertex 15.3546 8.14062 0
      vertex 15.3546 8.14062 4
    endloop
  endfacet
  facet normal 0.999465 -0.0326948 0
    outer loop
      vertex 15.3546 8.14062 0
      vertex 15.35 8 4
      vertex 15.35 8 0
    endloop
  endfacet
  facet normal 0.999465 0.0326948 0
    outer loop
      vertex 15.3546 7.85938 4
      vertex 15.35 8 0
      vertex 15.35 8 4
    endloop
  endfacet
  facet normal 0.999465 0.0326948 0
    outer loop
      vertex 15.35 8 0
      vertex 15.3546 7.85938 4
      vertex 15.3546 7.85938 0
    endloop
  endfacet
  facet normal 0.471381 -0.88193 0
    outer loop
      vertex 16.425 9.86195 0
      vertex 16.5491 9.92828 4
      vertex 16.425 9.86195 4
    endloop
  endfacet
  facet normal 0.471381 -0.88193 0
    outer loop
      vertex 16.5491 9.92828 4
      vertex 16.425 9.86195 0
      vertex 16.5491 9.92828 0
    endloop
  endfacet
  facet normal 0.634224 -0.773149 0
    outer loop
      vertex 16.0824 9.61646 0
      vertex 16.1912 9.70571 4
      vertex 16.0824 9.61646 4
    endloop
  endfacet
  facet normal 0.634224 -0.773149 0
    outer loop
      vertex 16.1912 9.70571 4
      vertex 16.0824 9.61646 0
      vertex 16.1912 9.70571 0
    endloop
  endfacet
  facet normal 0.527966 -0.849266 0
    outer loop
      vertex 16.3055 9.78766 0
      vertex 16.425 9.86195 4
      vertex 16.3055 9.78766 4
    endloop
  endfacet
  facet normal 0.527966 -0.849266 0
    outer loop
      vertex 16.425 9.86195 4
      vertex 16.3055 9.78766 0
      vertex 16.425 9.86195 0
    endloop
  endfacet
  facet normal 0.290086 -0.957 0
    outer loop
      vertex 16.8089 10.0359 0
      vertex 16.9435 10.0767 4
      vertex 16.8089 10.0359 4
    endloop
  endfacet
  facet normal 0.290086 -0.957 0
    outer loop
      vertex 16.9435 10.0767 4
      vertex 16.8089 10.0359 0
      vertex 16.9435 10.0767 0
    endloop
  endfacet
  facet normal 0.352198 -0.935926 0
    outer loop
      vertex 16.6772 9.98634 0
      vertex 16.8089 10.0359 4
      vertex 16.6772 9.98634 4
    endloop
  endfacet
  facet normal 0.352198 -0.935926 0
    outer loop
      vertex 16.8089 10.0359 4
      vertex 16.6772 9.98634 0
      vertex 16.8089 10.0359 0
    endloop
  endfacet
  facet normal 0.227297 -0.973825 0
    outer loop
      vertex 16.9435 10.0767 0
      vertex 17.0806 10.1087 4
      vertex 16.9435 10.0767 4
    endloop
  endfacet
  facet normal 0.227297 -0.973825 0
    outer loop
      vertex 17.0806 10.1087 4
      vertex 16.9435 10.0767 0
      vertex 17.0806 10.1087 0
    endloop
  endfacet
  facet normal -0.973792 0.227439 0
    outer loop
      vertex 19.5767 7.44354 0
      vertex 19.6087 7.58055 4
      vertex 19.6087 7.58055 0
    endloop
  endfacet
  facet normal -0.973792 0.227439 0
    outer loop
      vertex 19.6087 7.58055 4
      vertex 19.5767 7.44354 0
      vertex 19.5767 7.44354 4
    endloop
  endfacet
  facet normal -0.995178 0.0980891 0
    outer loop
      vertex 19.6316 7.71937 0
      vertex 19.6454 7.85938 4
      vertex 19.6454 7.85938 0
    endloop
  endfacet
  facet normal -0.995178 0.0980891 0
    outer loop
      vertex 19.6454 7.85938 4
      vertex 19.6316 7.71937 0
      vertex 19.6316 7.71937 4
    endloop
  endfacet
  facet normal -0.773181 0.634186 0
    outer loop
      vertex 19.1165 6.58241 0
      vertex 19.2057 6.69116 4
      vertex 19.2057 6.69116 0
    endloop
  endfacet
  facet normal -0.773181 0.634186 0
    outer loop
      vertex 19.2057 6.69116 4
      vertex 19.1165 6.58241 0
      vertex 19.1165 6.58241 4
    endloop
  endfacet
  facet normal 0.290347 0.956922 -0
    outer loop
      vertex 16.9435 5.92326 0
      vertex 16.8089 5.9641 4
      vertex 16.9435 5.92326 4
    endloop
  endfacet
  facet normal 0.290347 0.956922 0
    outer loop
      vertex 16.8089 5.9641 4
      vertex 16.9435 5.92326 0
      vertex 16.8089 5.9641 0
    endloop
  endfacet
  facet normal 0.957024 0.290007 0
    outer loop
      vertex 15.4641 7.3089 4
      vertex 15.4233 7.44354 0
      vertex 15.4233 7.44354 4
    endloop
  endfacet
  facet normal 0.957024 0.290007 0
    outer loop
      vertex 15.4233 7.44354 0
      vertex 15.4641 7.3089 4
      vertex 15.4641 7.3089 0
    endloop
  endfacet
  facet normal 0.911035 0.412329 0
    outer loop
      vertex 15.5717 7.04908 4
      vertex 15.5137 7.17723 0
      vertex 15.5137 7.17723 4
    endloop
  endfacet
  facet normal 0.911035 0.412329 0
    outer loop
      vertex 15.5137 7.17723 0
      vertex 15.5717 7.04908 4
      vertex 15.5717 7.04908 0
    endloop
  endfacet
  facet normal 0.995178 0.0980891 0
    outer loop
      vertex 15.3684 7.71937 4
      vertex 15.3546 7.85938 0
      vertex 15.3546 7.85938 4
    endloop
  endfacet
  facet normal 0.995178 0.0980891 0
    outer loop
      vertex 15.3546 7.85938 0
      vertex 15.3684 7.71937 4
      vertex 15.3684 7.71937 0
    endloop
  endfacet
  facet normal 0.849194 -0.528081 0
    outer loop
      vertex 15.638 9.075 4
      vertex 15.7123 9.19448 0
      vertex 15.7123 9.19448 4
    endloop
  endfacet
  facet normal 0.849194 -0.528081 0
    outer loop
      vertex 15.7123 9.19448 0
      vertex 15.638 9.075 4
      vertex 15.638 9.075 0
    endloop
  endfacet
  facet normal 0.812676 -0.582716 0
    outer loop
      vertex 15.7123 9.19448 4
      vertex 15.7943 9.30884 0
      vertex 15.7943 9.30884 4
    endloop
  endfacet
  facet normal 0.812676 -0.582716 0
    outer loop
      vertex 15.7943 9.30884 0
      vertex 15.7123 9.19448 4
      vertex 15.7123 9.19448 0
    endloop
  endfacet
  facet normal 0.773181 -0.634186 0
    outer loop
      vertex 15.7943 9.30884 4
      vertex 15.8835 9.41759 0
      vertex 15.8835 9.41759 4
    endloop
  endfacet
  facet normal 0.773181 -0.634186 0
    outer loop
      vertex 15.8835 9.41759 0
      vertex 15.7943 9.30884 4
      vertex 15.7943 9.30884 0
    endloop
  endfacet
  facet normal 0.911035 -0.412329 0
    outer loop
      vertex 15.5137 8.82277 4
      vertex 15.5717 8.95092 0
      vertex 15.5717 8.95092 4
    endloop
  endfacet
  facet normal 0.911035 -0.412329 0
    outer loop
      vertex 15.5717 8.95092 0
      vertex 15.5137 8.82277 4
      vertex 15.5137 8.82277 0
    endloop
  endfacet
  facet normal 0.683558 -0.729896 0
    outer loop
      vertex 15.9797 9.52028 0
      vertex 16.0824 9.61646 4
      vertex 15.9797 9.52028 4
    endloop
  endfacet
  facet normal 0.683558 -0.729896 0
    outer loop
      vertex 16.0824 9.61646 4
      vertex 15.9797 9.52028 0
      vertex 16.0824 9.61646 0
    endloop
  endfacet
  facet normal -0.881987 0.471274 0
    outer loop
      vertex 19.362 6.925 0
      vertex 19.4283 7.04908 4
      vertex 19.4283 7.04908 0
    endloop
  endfacet
  facet normal -0.881987 0.471274 0
    outer loop
      vertex 19.4283 7.04908 4
      vertex 19.362 6.925 0
      vertex 19.362 6.925 4
    endloop
  endfacet
  facet normal -0.957024 0.290007 0
    outer loop
      vertex 19.5359 7.3089 0
      vertex 19.5767 7.44354 4
      vertex 19.5767 7.44354 0
    endloop
  endfacet
  facet normal -0.957024 0.290007 0
    outer loop
      vertex 19.5767 7.44354 4
      vertex 19.5359 7.3089 0
      vertex 19.5359 7.3089 4
    endloop
  endfacet
  facet normal -0.999465 0.0326948 0
    outer loop
      vertex 19.6454 7.85938 0
      vertex 19.65 8 4
      vertex 19.65 8 0
    endloop
  endfacet
  facet normal -0.999465 0.0326948 0
    outer loop
      vertex 19.65 8 4
      vertex 19.6454 7.85938 0
      vertex 19.6454 7.85938 4
    endloop
  endfacet
  facet normal -0.812676 0.582716 0
    outer loop
      vertex 19.2057 6.69116 0
      vertex 19.2877 6.80552 4
      vertex 19.2877 6.80552 0
    endloop
  endfacet
  facet normal -0.812676 0.582716 0
    outer loop
      vertex 19.2877 6.80552 4
      vertex 19.2057 6.69116 0
      vertex 19.2057 6.69116 4
    endloop
  endfacet
  facet normal -0.849194 0.528081 0
    outer loop
      vertex 19.2877 6.80552 0
      vertex 19.362 6.925 4
      vertex 19.362 6.925 0
    endloop
  endfacet
  facet normal -0.849194 0.528081 0
    outer loop
      vertex 19.362 6.925 4
      vertex 19.2877 6.80552 0
      vertex 19.2877 6.80552 4
    endloop
  endfacet
  facet normal -0.471381 0.88193 0
    outer loop
      vertex 18.575 6.13805 0
      vertex 18.4509 6.07172 4
      vertex 18.575 6.13805 4
    endloop
  endfacet
  facet normal -0.471381 0.88193 0
    outer loop
      vertex 18.4509 6.07172 4
      vertex 18.575 6.13805 0
      vertex 18.4509 6.07172 0
    endloop
  endfacet
  facet normal 0.812676 0.582716 0
    outer loop
      vertex 15.7943 6.69116 4
      vertex 15.7123 6.80552 0
      vertex 15.7123 6.80552 4
    endloop
  endfacet
  facet normal 0.812676 0.582716 0
    outer loop
      vertex 15.7123 6.80552 0
      vertex 15.7943 6.69116 4
      vertex 15.7943 6.69116 0
    endloop
  endfacet
  facet normal 0.881987 0.471274 0
    outer loop
      vertex 15.638 6.925 4
      vertex 15.5717 7.04908 0
      vertex 15.5717 7.04908 4
    endloop
  endfacet
  facet normal 0.881987 0.471274 0
    outer loop
      vertex 15.5717 7.04908 0
      vertex 15.638 6.925 4
      vertex 15.638 6.925 0
    endloop
  endfacet
  facet normal 0.986665 0.162762 0
    outer loop
      vertex 15.3913 7.58055 4
      vertex 15.3684 7.71937 0
      vertex 15.3684 7.71937 4
    endloop
  endfacet
  facet normal 0.986665 0.162762 0
    outer loop
      vertex 15.3684 7.71937 0
      vertex 15.3913 7.58055 4
      vertex 15.3913 7.58055 0
    endloop
  endfacet
  facet normal 0.973792 0.227439 0
    outer loop
      vertex 15.4233 7.44354 4
      vertex 15.3913 7.58055 0
      vertex 15.3913 7.58055 4
    endloop
  endfacet
  facet normal 0.973792 0.227439 0
    outer loop
      vertex 15.3913 7.58055 0
      vertex 15.4233 7.44354 4
      vertex 15.4233 7.44354 0
    endloop
  endfacet
  facet normal -0.290347 0.956922 0
    outer loop
      vertex 18.1911 5.9641 0
      vertex 18.0565 5.92326 4
      vertex 18.1911 5.9641 4
    endloop
  endfacet
  facet normal -0.290347 0.956922 0
    outer loop
      vertex 18.0565 5.92326 4
      vertex 18.1911 5.9641 0
      vertex 18.0565 5.92326 0
    endloop
  endfacet
  facet normal -0.352198 0.935926 0
    outer loop
      vertex 18.3228 6.01366 0
      vertex 18.1911 5.9641 4
      vertex 18.3228 6.01366 4
    endloop
  endfacet
  facet normal -0.352198 0.935926 0
    outer loop
      vertex 18.1911 5.9641 4
      vertex 18.3228 6.01366 0
      vertex 18.1911 5.9641 0
    endloop
  endfacet
  facet normal -0.162923 0.986639 0
    outer loop
      vertex 17.9194 5.89131 0
      vertex 17.7806 5.86839 4
      vertex 17.9194 5.89131 4
    endloop
  endfacet
  facet normal -0.162923 0.986639 0
    outer loop
      vertex 17.7806 5.86839 4
      vertex 17.9194 5.89131 0
      vertex 17.7806 5.86839 0
    endloop
  endfacet
  facet normal -0.911035 0.412329 0
    outer loop
      vertex 19.4283 7.04908 0
      vertex 19.4863 7.17723 4
      vertex 19.4863 7.17723 0
    endloop
  endfacet
  facet normal -0.911035 0.412329 0
    outer loop
      vertex 19.4863 7.17723 4
      vertex 19.4283 7.04908 0
      vertex 19.4283 7.04908 4
    endloop
  endfacet
  facet normal -0.986665 0.162762 0
    outer loop
      vertex 19.6087 7.58055 0
      vertex 19.6316 7.71937 4
      vertex 19.6316 7.71937 0
    endloop
  endfacet
  facet normal -0.986665 0.162762 0
    outer loop
      vertex 19.6316 7.71937 4
      vertex 19.6087 7.58055 0
      vertex 19.6087 7.58055 4
    endloop
  endfacet
  facet normal -0.683558 0.729896 0
    outer loop
      vertex 19.0203 6.47972 0
      vertex 18.9176 6.38354 4
      vertex 19.0203 6.47972 4
    endloop
  endfacet
  facet normal -0.683558 0.729896 0
    outer loop
      vertex 18.9176 6.38354 4
      vertex 19.0203 6.47972 0
      vertex 18.9176 6.38354 0
    endloop
  endfacet
  facet normal -0.634224 0.773149 0
    outer loop
      vertex 18.9176 6.38354 0
      vertex 18.8088 6.29429 4
      vertex 18.9176 6.38354 4
    endloop
  endfacet
  facet normal -0.634224 0.773149 0
    outer loop
      vertex 18.8088 6.29429 4
      vertex 18.9176 6.38354 0
      vertex 18.8088 6.29429 0
    endloop
  endfacet
  facet normal -0.582683 0.812699 0
    outer loop
      vertex 18.8088 6.29429 0
      vertex 18.6945 6.21234 4
      vertex 18.8088 6.29429 4
    endloop
  endfacet
  facet normal -0.582683 0.812699 0
    outer loop
      vertex 18.6945 6.21234 4
      vertex 18.8088 6.29429 0
      vertex 18.6945 6.21234 0
    endloop
  endfacet
  facet normal 0.634224 0.773149 -0
    outer loop
      vertex 16.1912 6.29429 0
      vertex 16.0824 6.38354 4
      vertex 16.1912 6.29429 4
    endloop
  endfacet
  facet normal 0.634224 0.773149 0
    outer loop
      vertex 16.0824 6.38354 4
      vertex 16.1912 6.29429 0
      vertex 16.0824 6.38354 0
    endloop
  endfacet
  facet normal 0.0980256 0.995184 -0
    outer loop
      vertex 17.3594 5.8546 0
      vertex 17.2194 5.86839 4
      vertex 17.3594 5.8546 4
    endloop
  endfacet
  facet normal 0.0980256 0.995184 0
    outer loop
      vertex 17.2194 5.86839 4
      vertex 17.3594 5.8546 0
      vertex 17.2194 5.86839 0
    endloop
  endfacet
  facet normal 0.683558 0.729896 -0
    outer loop
      vertex 16.0824 6.38354 0
      vertex 15.9797 6.47972 4
      vertex 16.0824 6.38354 4
    endloop
  endfacet
  facet normal 0.683558 0.729896 0
    outer loop
      vertex 15.9797 6.47972 4
      vertex 16.0824 6.38354 0
      vertex 15.9797 6.47972 0
    endloop
  endfacet
  facet normal 0.729792 0.683669 0
    outer loop
      vertex 15.9797 6.47972 4
      vertex 15.8835 6.58241 0
      vertex 15.8835 6.58241 4
    endloop
  endfacet
  facet normal 0.729792 0.683669 0
    outer loop
      vertex 15.8835 6.58241 0
      vertex 15.9797 6.47972 4
      vertex 15.9797 6.47972 0
    endloop
  endfacet
  facet normal 0.849194 0.528081 0
    outer loop
      vertex 15.7123 6.80552 4
      vertex 15.638 6.925 0
      vertex 15.638 6.925 4
    endloop
  endfacet
  facet normal 0.849194 0.528081 0
    outer loop
      vertex 15.638 6.925 0
      vertex 15.7123 6.80552 4
      vertex 15.7123 6.80552 0
    endloop
  endfacet
  facet normal 0.935805 0.352517 0
    outer loop
      vertex 15.5137 7.17723 4
      vertex 15.4641 7.3089 0
      vertex 15.4641 7.3089 4
    endloop
  endfacet
  facet normal 0.935805 0.352517 0
    outer loop
      vertex 15.4641 7.3089 0
      vertex 15.5137 7.17723 4
      vertex 15.5137 7.17723 0
    endloop
  endfacet
  facet normal -0.22696 0.973904 0
    outer loop
      vertex 18.0565 5.92326 0
      vertex 17.9194 5.89131 4
      vertex 18.0565 5.92326 4
    endloop
  endfacet
  facet normal -0.22696 0.973904 0
    outer loop
      vertex 17.9194 5.89131 4
      vertex 18.0565 5.92326 0
      vertex 17.9194 5.89131 0
    endloop
  endfacet
  facet normal -0.935805 0.352517 0
    outer loop
      vertex 19.4863 7.17723 0
      vertex 19.5359 7.3089 4
      vertex 19.5359 7.3089 0
    endloop
  endfacet
  facet normal -0.935805 0.352517 0
    outer loop
      vertex 19.5359 7.3089 4
      vertex 19.4863 7.17723 0
      vertex 19.4863 7.17723 4
    endloop
  endfacet
  facet normal -0.527966 0.849266 0
    outer loop
      vertex 18.6945 6.21234 0
      vertex 18.575 6.13805 4
      vertex 18.6945 6.21234 4
    endloop
  endfacet
  facet normal -0.527966 0.849266 0
    outer loop
      vertex 18.575 6.13805 4
      vertex 18.6945 6.21234 0
      vertex 18.575 6.13805 0
    endloop
  endfacet
  facet normal 0.412817 0.910814 -0
    outer loop
      vertex 16.6772 6.01366 0
      vertex 16.5491 6.07172 4
      vertex 16.6772 6.01366 4
    endloop
  endfacet
  facet normal 0.412817 0.910814 0
    outer loop
      vertex 16.5491 6.07172 4
      vertex 16.6772 6.01366 0
      vertex 16.5491 6.07172 0
    endloop
  endfacet
  facet normal 0.527966 0.849266 -0
    outer loop
      vertex 16.425 6.13805 0
      vertex 16.3055 6.21234 4
      vertex 16.425 6.13805 4
    endloop
  endfacet
  facet normal 0.527966 0.849266 0
    outer loop
      vertex 16.3055 6.21234 4
      vertex 16.425 6.13805 0
      vertex 16.3055 6.21234 0
    endloop
  endfacet
  facet normal 0.471381 0.88193 -0
    outer loop
      vertex 16.5491 6.07172 0
      vertex 16.425 6.13805 4
      vertex 16.5491 6.07172 4
    endloop
  endfacet
  facet normal 0.471381 0.88193 0
    outer loop
      vertex 16.425 6.13805 4
      vertex 16.5491 6.07172 0
      vertex 16.425 6.13805 0
    endloop
  endfacet
  facet normal 0.22696 0.973904 -0
    outer loop
      vertex 17.0806 5.89131 0
      vertex 16.9435 5.92326 4
      vertex 17.0806 5.89131 4
    endloop
  endfacet
  facet normal 0.22696 0.973904 0
    outer loop
      vertex 16.9435 5.92326 4
      vertex 17.0806 5.89131 0
      vertex 16.9435 5.92326 0
    endloop
  endfacet
  facet normal 0.0326994 0.999465 -0
    outer loop
      vertex 17.5 5.85 0
      vertex 17.3594 5.8546 4
      vertex 17.5 5.85 4
    endloop
  endfacet
  facet normal 0.0326994 0.999465 0
    outer loop
      vertex 17.3594 5.8546 4
      vertex 17.5 5.85 0
      vertex 17.3594 5.8546 0
    endloop
  endfacet
  facet normal 0.582683 0.812699 -0
    outer loop
      vertex 16.3055 6.21234 0
      vertex 16.1912 6.29429 4
      vertex 16.3055 6.21234 4
    endloop
  endfacet
  facet normal 0.582683 0.812699 0
    outer loop
      vertex 16.1912 6.29429 4
      vertex 16.3055 6.21234 0
      vertex 16.1912 6.29429 0
    endloop
  endfacet
  facet normal 0.162923 0.986639 -0
    outer loop
      vertex 17.2194 5.86839 0
      vertex 17.0806 5.89131 4
      vertex 17.2194 5.86839 4
    endloop
  endfacet
  facet normal 0.162923 0.986639 0
    outer loop
      vertex 17.0806 5.89131 4
      vertex 17.2194 5.86839 0
      vertex 17.0806 5.89131 0
    endloop
  endfacet
  facet normal -0.999464 -0.0327305 0
    outer loop
      vertex 5.5 0 0
      vertex 5.48822 0.359716 4
      vertex 5.48822 0.359716 0
    endloop
  endfacet
  facet normal -0.999464 -0.0327305 0
    outer loop
      vertex 5.48822 0.359716 4
      vertex 5.5 0 0
      vertex 5.5 0 4
    endloop
  endfacet
  facet normal 0.999464 -0.0327305 0
    outer loop
      vertex -5.5 0 4
      vertex -5.48822 0.359716 0
      vertex -5.48822 0.359716 4
    endloop
  endfacet
  facet normal 0.999464 -0.0327305 0
    outer loop
      vertex -5.48822 0.359716 0
      vertex -5.5 0 4
      vertex -5.5 0 0
    endloop
  endfacet
  facet normal -0.0327305 -0.999464 0
    outer loop
      vertex 0 5.5 0
      vertex 0.359716 5.48822 4
      vertex 0 5.5 4
    endloop
  endfacet
  facet normal -0.0327305 -0.999464 -0
    outer loop
      vertex 0.359716 5.48822 4
      vertex 0 5.5 0
      vertex 0.359716 5.48822 0
    endloop
  endfacet
  facet normal -0.683583 -0.729872 0
    outer loop
      vertex 3.6264 4.13512 0
      vertex 3.88909 3.88909 4
      vertex 3.6264 4.13512 4
    endloop
  endfacet
  facet normal -0.683583 -0.729872 -0
    outer loop
      vertex 3.88909 3.88909 4
      vertex 3.6264 4.13512 0
      vertex 3.88909 3.88909 0
    endloop
  endfacet
  facet normal 0.683583 -0.729872 0
    outer loop
      vertex -3.88909 3.88909 0
      vertex -3.6264 4.13512 4
      vertex -3.88909 3.88909 4
    endloop
  endfacet
  facet normal 0.683583 -0.729872 0
    outer loop
      vertex -3.6264 4.13512 4
      vertex -3.88909 3.88909 0
      vertex -3.6264 4.13512 0
    endloop
  endfacet
  facet normal 0.352256 -0.935904 0
    outer loop
      vertex -2.10476 5.08134 0
      vertex -1.76792 5.20812 4
      vertex -2.10476 5.08134 4
    endloop
  endfacet
  facet normal 0.352256 -0.935904 0
    outer loop
      vertex -1.76792 5.20812 4
      vertex -2.10476 5.08134 0
      vertex -1.76792 5.20812 0
    endloop
  endfacet
  facet normal -0.910862 -0.412712 0
    outer loop
      vertex 5.08134 2.10476 0
      vertex 4.9328 2.43259 4
      vertex 4.9328 2.43259 0
    endloop
  endfacet
  facet normal -0.910862 -0.412712 0
    outer loop
      vertex 4.9328 2.43259 4
      vertex 5.08134 2.10476 0
      vertex 5.08134 2.10476 4
    endloop
  endfacet
  facet normal -0.729872 -0.683583 0
    outer loop
      vertex 4.13512 3.6264 0
      vertex 3.88909 3.88909 4
      vertex 3.88909 3.88909 0
    endloop
  endfacet
  facet normal -0.729872 -0.683583 0
    outer loop
      vertex 3.88909 3.88909 4
      vertex 4.13512 3.6264 0
      vertex 4.13512 3.6264 4
    endloop
  endfacet
  facet normal -0.412712 -0.910862 0
    outer loop
      vertex 2.10476 5.08134 0
      vertex 2.43259 4.9328 4
      vertex 2.10476 5.08134 4
    endloop
  endfacet
  facet normal -0.412712 -0.910862 -0
    outer loop
      vertex 2.43259 4.9328 4
      vertex 2.10476 5.08134 0
      vertex 2.43259 4.9328 0
    endloop
  endfacet
  facet normal 0.849201 -0.52807 0
    outer loop
      vertex -4.76314 2.75 4
      vertex -4.57308 3.05564 0
      vertex -4.57308 3.05564 4
    endloop
  endfacet
  facet normal 0.849201 -0.52807 0
    outer loop
      vertex -4.57308 3.05564 0
      vertex -4.76314 2.75 4
      vertex -4.76314 2.75 0
    endloop
  endfacet
  facet normal 0.1629 -0.986643 0
    outer loop
      vertex -1.073 5.39432 0
      vertex -0.717894 5.45295 4
      vertex -1.073 5.39432 4
    endloop
  endfacet
  facet normal 0.1629 -0.986643 0
    outer loop
      vertex -0.717894 5.45295 4
      vertex -1.073 5.39432 0
      vertex -0.717894 5.45295 0
    endloop
  endfacet
  facet normal -0.88192 0.471399 0
    outer loop
      vertex 4.76314 -2.75 0
      vertex 4.9328 -2.43259 4
      vertex 4.9328 -2.43259 0
    endloop
  endfacet
  facet normal -0.88192 0.471399 0
    outer loop
      vertex 4.9328 -2.43259 4
      vertex 4.76314 -2.75 0
      vertex 4.76314 -2.75 4
    endloop
  endfacet
  facet normal -0.227089 0.973874 0
    outer loop
      vertex 1.4235 -5.31259 0
      vertex 1.073 -5.39432 4
      vertex 1.4235 -5.31259 4
    endloop
  endfacet
  facet normal -0.227089 0.973874 0
    outer loop
      vertex 1.073 -5.39432 4
      vertex 1.4235 -5.31259 0
      vertex 1.073 -5.39432 0
    endloop
  endfacet
  facet normal -0.683583 0.729872 0
    outer loop
      vertex 3.88909 -3.88909 0
      vertex 3.6264 -4.13512 4
      vertex 3.88909 -3.88909 4
    endloop
  endfacet
  facet normal -0.683583 0.729872 0
    outer loop
      vertex 3.6264 -4.13512 4
      vertex 3.88909 -3.88909 0
      vertex 3.6264 -4.13512 0
    endloop
  endfacet
  facet normal 0.352256 0.935904 -0
    outer loop
      vertex -1.76792 -5.20812 0
      vertex -2.10476 -5.08134 4
      vertex -1.76792 -5.20812 4
    endloop
  endfacet
  facet normal 0.352256 0.935904 0
    outer loop
      vertex -2.10476 -5.08134 4
      vertex -1.76792 -5.20812 0
      vertex -2.10476 -5.08134 0
    endloop
  endfacet
  facet normal -0.995187 -0.0979966 0
    outer loop
      vertex 5.48822 0.359716 0
      vertex 5.45295 0.717894 4
      vertex 5.45295 0.717894 0
    endloop
  endfacet
  facet normal -0.995187 -0.0979966 0
    outer loop
      vertex 5.45295 0.717894 4
      vertex 5.48822 0.359716 0
      vertex 5.48822 0.359716 4
    endloop
  endfacet
  facet normal -0.956947 -0.290263 0
    outer loop
      vertex 5.31259 1.4235 0
      vertex 5.20812 1.76792 4
      vertex 5.20812 1.76792 0
    endloop
  endfacet
  facet normal -0.956947 -0.290263 0
    outer loop
      vertex 5.20812 1.76792 4
      vertex 5.31259 1.4235 0
      vertex 5.31259 1.4235 4
    endloop
  endfacet
  facet normal -0.88192 -0.471399 0
    outer loop
      vertex 4.9328 2.43259 0
      vertex 4.76314 2.75 4
      vertex 4.76314 2.75 0
    endloop
  endfacet
  facet normal -0.88192 -0.471399 0
    outer loop
      vertex 4.76314 2.75 4
      vertex 4.9328 2.43259 0
      vertex 4.9328 2.43259 4
    endloop
  endfacet
  facet normal -0.1629 -0.986643 0
    outer loop
      vertex 0.717894 5.45295 0
      vertex 1.073 5.39432 4
      vertex 0.717894 5.45295 4
    endloop
  endfacet
  facet normal -0.1629 -0.986643 -0
    outer loop
      vertex 1.073 5.39432 4
      vertex 0.717894 5.45295 0
      vertex 1.073 5.39432 0
    endloop
  endfacet
  facet normal -0.0979966 -0.995187 0
    outer loop
      vertex 0.359716 5.48822 0
      vertex 0.717894 5.45295 4
      vertex 0.359716 5.48822 4
    endloop
  endfacet
  facet normal -0.0979966 -0.995187 -0
    outer loop
      vertex 0.717894 5.45295 4
      vertex 0.359716 5.48822 0
      vertex 0.717894 5.45295 0
    endloop
  endfacet
  facet normal -0.634392 -0.773012 0
    outer loop
      vertex 3.34819 4.36344 0
      vertex 3.6264 4.13512 4
      vertex 3.34819 4.36344 4
    endloop
  endfacet
  facet normal -0.634392 -0.773012 -0
    outer loop
      vertex 3.6264 4.13512 4
      vertex 3.34819 4.36344 0
      vertex 3.6264 4.13512 0
    endloop
  endfacet
  facet normal 0.729872 -0.683583 0
    outer loop
      vertex -4.13512 3.6264 4
      vertex -3.88909 3.88909 0
      vertex -3.88909 3.88909 4
    endloop
  endfacet
  facet normal 0.729872 -0.683583 0
    outer loop
      vertex -3.88909 3.88909 0
      vertex -4.13512 3.6264 4
      vertex -4.13512 3.6264 0
    endloop
  endfacet
  facet normal 0.973874 -0.227089 0
    outer loop
      vertex -5.39432 1.073 4
      vertex -5.31259 1.4235 0
      vertex -5.31259 1.4235 4
    endloop
  endfacet
  facet normal 0.973874 -0.227089 0
    outer loop
      vertex -5.31259 1.4235 0
      vertex -5.39432 1.073 4
      vertex -5.39432 1.073 0
    endloop
  endfacet
  facet normal 0.935904 -0.352256 0
    outer loop
      vertex -5.20812 1.76792 4
      vertex -5.08134 2.10476 0
      vertex -5.08134 2.10476 4
    endloop
  endfacet
  facet normal 0.935904 -0.352256 0
    outer loop
      vertex -5.08134 2.10476 0
      vertex -5.20812 1.76792 4
      vertex -5.20812 1.76792 0
    endloop
  endfacet
  facet normal 0.986643 -0.1629 0
    outer loop
      vertex -5.45295 0.717894 4
      vertex -5.39432 1.073 0
      vertex -5.39432 1.073 4
    endloop
  endfacet
  facet normal 0.986643 -0.1629 0
    outer loop
      vertex -5.39432 1.073 0
      vertex -5.45295 0.717894 4
      vertex -5.45295 0.717894 0
    endloop
  endfacet
  facet normal 0.52807 -0.849201 0
    outer loop
      vertex -3.05564 4.57308 0
      vertex -2.75 4.76314 4
      vertex -3.05564 4.57308 4
    endloop
  endfacet
  facet normal 0.52807 -0.849201 0
    outer loop
      vertex -2.75 4.76314 4
      vertex -3.05564 4.57308 0
      vertex -2.75 4.76314 0
    endloop
  endfacet
  facet normal 0.634392 -0.773012 0
    outer loop
      vertex -3.6264 4.13512 0
      vertex -3.34819 4.36344 4
      vertex -3.6264 4.13512 4
    endloop
  endfacet
  facet normal 0.634392 -0.773012 0
    outer loop
      vertex -3.34819 4.36344 4
      vertex -3.6264 4.13512 0
      vertex -3.34819 4.36344 0
    endloop
  endfacet
  facet normal 0.0979966 -0.995187 0
    outer loop
      vertex -0.717894 5.45295 0
      vertex -0.359716 5.48822 4
      vertex -0.717894 5.45295 4
    endloop
  endfacet
  facet normal 0.0979966 -0.995187 0
    outer loop
      vertex -0.359716 5.48822 4
      vertex -0.717894 5.45295 0
      vertex -0.359716 5.48822 0
    endloop
  endfacet
  facet normal -0.634392 0.773012 0
    outer loop
      vertex 3.6264 -4.13512 0
      vertex 3.34819 -4.36344 4
      vertex 3.6264 -4.13512 4
    endloop
  endfacet
  facet normal -0.634392 0.773012 0
    outer loop
      vertex 3.34819 -4.36344 4
      vertex 3.6264 -4.13512 0
      vertex 3.34819 -4.36344 0
    endloop
  endfacet
  facet normal -0.773012 0.634392 0
    outer loop
      vertex 4.13512 -3.6264 0
      vertex 4.36344 -3.34819 4
      vertex 4.36344 -3.34819 0
    endloop
  endfacet
  facet normal -0.773012 0.634392 0
    outer loop
      vertex 4.36344 -3.34819 4
      vertex 4.13512 -3.6264 0
      vertex 4.13512 -3.6264 4
    endloop
  endfacet
  facet normal -0.986643 0.1629 0
    outer loop
      vertex 5.39432 -1.073 0
      vertex 5.45295 -0.717894 4
      vertex 5.45295 -0.717894 0
    endloop
  endfacet
  facet normal -0.986643 0.1629 0
    outer loop
      vertex 5.45295 -0.717894 4
      vertex 5.39432 -1.073 0
      vertex 5.39432 -1.073 4
    endloop
  endfacet
  facet normal -0.995187 0.0979966 0
    outer loop
      vertex 5.45295 -0.717894 0
      vertex 5.48822 -0.359716 4
      vertex 5.48822 -0.359716 0
    endloop
  endfacet
  facet normal -0.995187 0.0979966 0
    outer loop
      vertex 5.48822 -0.359716 4
      vertex 5.45295 -0.717894 0
      vertex 5.45295 -0.717894 4
    endloop
  endfacet
  facet normal 0.683583 0.729872 -0
    outer loop
      vertex -3.6264 -4.13512 0
      vertex -3.88909 -3.88909 4
      vertex -3.6264 -4.13512 4
    endloop
  endfacet
  facet normal 0.683583 0.729872 0
    outer loop
      vertex -3.88909 -3.88909 4
      vertex -3.6264 -4.13512 0
      vertex -3.88909 -3.88909 0
    endloop
  endfacet
  facet normal 0.582481 0.812845 -0
    outer loop
      vertex -3.05564 -4.57308 0
      vertex -3.34819 -4.36344 4
      vertex -3.05564 -4.57308 4
    endloop
  endfacet
  facet normal 0.582481 0.812845 0
    outer loop
      vertex -3.34819 -4.36344 4
      vertex -3.05564 -4.57308 0
      vertex -3.34819 -4.36344 0
    endloop
  endfacet
  facet normal 0.52807 0.849201 -0
    outer loop
      vertex -2.75 -4.76314 0
      vertex -3.05564 -4.57308 4
      vertex -2.75 -4.76314 4
    endloop
  endfacet
  facet normal 0.52807 0.849201 0
    outer loop
      vertex -3.05564 -4.57308 4
      vertex -2.75 -4.76314 0
      vertex -3.05564 -4.57308 0
    endloop
  endfacet
  facet normal 0.1629 0.986643 -0
    outer loop
      vertex -0.717894 -5.45295 0
      vertex -1.073 -5.39432 4
      vertex -0.717894 -5.45295 4
    endloop
  endfacet
  facet normal 0.1629 0.986643 0
    outer loop
      vertex -1.073 -5.39432 4
      vertex -0.717894 -5.45295 0
      vertex -1.073 -5.39432 0
    endloop
  endfacet
  facet normal 0.910862 0.412712 0
    outer loop
      vertex -4.9328 -2.43259 4
      vertex -5.08134 -2.10476 0
      vertex -5.08134 -2.10476 4
    endloop
  endfacet
  facet normal 0.910862 0.412712 0
    outer loop
      vertex -5.08134 -2.10476 0
      vertex -4.9328 -2.43259 4
      vertex -4.9328 -2.43259 0
    endloop
  endfacet
  facet normal -0.973874 -0.227089 0
    outer loop
      vertex 5.39432 1.073 0
      vertex 5.31259 1.4235 4
      vertex 5.31259 1.4235 0
    endloop
  endfacet
  facet normal -0.973874 -0.227089 0
    outer loop
      vertex 5.31259 1.4235 4
      vertex 5.39432 1.073 0
      vertex 5.39432 1.073 4
    endloop
  endfacet
  facet normal -0.986643 -0.1629 0
    outer loop
      vertex 5.45295 0.717894 0
      vertex 5.39432 1.073 4
      vertex 5.39432 1.073 0
    endloop
  endfacet
  facet normal -0.986643 -0.1629 0
    outer loop
      vertex 5.39432 1.073 4
      vertex 5.45295 0.717894 0
      vertex 5.45295 0.717894 4
    endloop
  endfacet
  facet normal -0.935904 -0.352256 0
    outer loop
      vertex 5.20812 1.76792 0
      vertex 5.08134 2.10476 4
      vertex 5.08134 2.10476 0
    endloop
  endfacet
  facet normal -0.935904 -0.352256 0
    outer loop
      vertex 5.08134 2.10476 4
      vertex 5.20812 1.76792 0
      vertex 5.20812 1.76792 4
    endloop
  endfacet
  facet normal -0.773012 -0.634392 0
    outer loop
      vertex 4.36344 3.34819 0
      vertex 4.13512 3.6264 4
      vertex 4.13512 3.6264 0
    endloop
  endfacet
  facet normal -0.773012 -0.634392 0
    outer loop
      vertex 4.13512 3.6264 4
      vertex 4.36344 3.34819 0
      vertex 4.36344 3.34819 4
    endloop
  endfacet
  facet normal -0.812845 -0.582481 0
    outer loop
      vertex 4.57308 3.05564 0
      vertex 4.36344 3.34819 4
      vertex 4.36344 3.34819 0
    endloop
  endfacet
  facet normal -0.812845 -0.582481 0
    outer loop
      vertex 4.36344 3.34819 4
      vertex 4.57308 3.05564 0
      vertex 4.57308 3.05564 4
    endloop
  endfacet
  facet normal -0.849201 -0.52807 0
    outer loop
      vertex 4.76314 2.75 0
      vertex 4.57308 3.05564 4
      vertex 4.57308 3.05564 0
    endloop
  endfacet
  facet normal -0.849201 -0.52807 0
    outer loop
      vertex 4.57308 3.05564 4
      vertex 4.76314 2.75 0
      vertex 4.76314 2.75 4
    endloop
  endfacet
  facet normal -0.290263 -0.956947 0
    outer loop
      vertex 1.4235 5.31259 0
      vertex 1.76792 5.20812 4
      vertex 1.4235 5.31259 4
    endloop
  endfacet
  facet normal -0.290263 -0.956947 -0
    outer loop
      vertex 1.76792 5.20812 4
      vertex 1.4235 5.31259 0
      vertex 1.76792 5.20812 0
    endloop
  endfacet
  facet normal -0.227089 -0.973874 0
    outer loop
      vertex 1.073 5.39432 0
      vertex 1.4235 5.31259 4
      vertex 1.073 5.39432 4
    endloop
  endfacet
  facet normal -0.227089 -0.973874 -0
    outer loop
      vertex 1.4235 5.31259 4
      vertex 1.073 5.39432 0
      vertex 1.4235 5.31259 0
    endloop
  endfacet
  facet normal -0.352256 -0.935904 0
    outer loop
      vertex 1.76792 5.20812 0
      vertex 2.10476 5.08134 4
      vertex 1.76792 5.20812 4
    endloop
  endfacet
  facet normal -0.352256 -0.935904 -0
    outer loop
      vertex 2.10476 5.08134 4
      vertex 1.76792 5.20812 0
      vertex 2.10476 5.08134 0
    endloop
  endfacet
  facet normal -0.471399 -0.88192 0
    outer loop
      vertex 2.43259 4.9328 0
      vertex 2.75 4.76314 4
      vertex 2.43259 4.9328 4
    endloop
  endfacet
  facet normal -0.471399 -0.88192 -0
    outer loop
      vertex 2.75 4.76314 4
      vertex 2.43259 4.9328 0
      vertex 2.75 4.76314 0
    endloop
  endfacet
  facet normal -0.52807 -0.849201 0
    outer loop
      vertex 2.75 4.76314 0
      vertex 3.05564 4.57308 4
      vertex 2.75 4.76314 4
    endloop
  endfacet
  facet normal -0.52807 -0.849201 -0
    outer loop
      vertex 3.05564 4.57308 4
      vertex 2.75 4.76314 0
      vertex 3.05564 4.57308 0
    endloop
  endfacet
  facet normal -0.582481 -0.812845 0
    outer loop
      vertex 3.05564 4.57308 0
      vertex 3.34819 4.36344 4
      vertex 3.05564 4.57308 4
    endloop
  endfacet
  facet normal -0.582481 -0.812845 -0
    outer loop
      vertex 3.34819 4.36344 4
      vertex 3.05564 4.57308 0
      vertex 3.34819 4.36344 0
    endloop
  endfacet
  facet normal 0.910862 -0.412712 0
    outer loop
      vertex -5.08134 2.10476 4
      vertex -4.9328 2.43259 0
      vertex -4.9328 2.43259 4
    endloop
  endfacet
  facet normal 0.910862 -0.412712 0
    outer loop
      vertex -4.9328 2.43259 0
      vertex -5.08134 2.10476 4
      vertex -5.08134 2.10476 0
    endloop
  endfacet
  facet normal 0.88192 -0.471399 0
    outer loop
      vertex -4.9328 2.43259 4
      vertex -4.76314 2.75 0
      vertex -4.76314 2.75 4
    endloop
  endfacet
  facet normal 0.88192 -0.471399 0
    outer loop
      vertex -4.76314 2.75 0
      vertex -4.9328 2.43259 4
      vertex -4.9328 2.43259 0
    endloop
  endfacet
  facet normal 0.956947 -0.290263 0
    outer loop
      vertex -5.31259 1.4235 4
      vertex -5.20812 1.76792 0
      vertex -5.20812 1.76792 4
    endloop
  endfacet
  facet normal 0.956947 -0.290263 0
    outer loop
      vertex -5.20812 1.76792 0
      vertex -5.31259 1.4235 4
      vertex -5.31259 1.4235 0
    endloop
  endfacet
  facet normal 0.995187 -0.0979966 0
    outer loop
      vertex -5.48822 0.359716 4
      vertex -5.45295 0.717894 0
      vertex -5.45295 0.717894 4
    endloop
  endfacet
  facet normal 0.995187 -0.0979966 0
    outer loop
      vertex -5.45295 0.717894 0
      vertex -5.48822 0.359716 4
      vertex -5.48822 0.359716 0
    endloop
  endfacet
  facet normal 0.412712 -0.910862 0
    outer loop
      vertex -2.43259 4.9328 0
      vertex -2.10476 5.08134 4
      vertex -2.43259 4.9328 4
    endloop
  endfacet
  facet normal 0.412712 -0.910862 0
    outer loop
      vertex -2.10476 5.08134 4
      vertex -2.43259 4.9328 0
      vertex -2.10476 5.08134 0
    endloop
  endfacet
  facet normal 0.471399 -0.88192 0
    outer loop
      vertex -2.75 4.76314 0
      vertex -2.43259 4.9328 4
      vertex -2.75 4.76314 4
    endloop
  endfacet
  facet normal 0.471399 -0.88192 0
    outer loop
      vertex -2.43259 4.9328 4
      vertex -2.75 4.76314 0
      vertex -2.43259 4.9328 0
    endloop
  endfacet
  facet normal 0.582481 -0.812845 0
    outer loop
      vertex -3.34819 4.36344 0
      vertex -3.05564 4.57308 4
      vertex -3.34819 4.36344 4
    endloop
  endfacet
  facet normal 0.582481 -0.812845 0
    outer loop
      vertex -3.05564 4.57308 4
      vertex -3.34819 4.36344 0
      vertex -3.05564 4.57308 0
    endloop
  endfacet
  facet normal 0.227089 -0.973874 0
    outer loop
      vertex -1.4235 5.31259 0
      vertex -1.073 5.39432 4
      vertex -1.4235 5.31259 4
    endloop
  endfacet
  facet normal 0.227089 -0.973874 0
    outer loop
      vertex -1.073 5.39432 4
      vertex -1.4235 5.31259 0
      vertex -1.073 5.39432 0
    endloop
  endfacet
  facet normal 0.290263 -0.956947 0
    outer loop
      vertex -1.76792 5.20812 0
      vertex -1.4235 5.31259 4
      vertex -1.76792 5.20812 4
    endloop
  endfacet
  facet normal 0.290263 -0.956947 0
    outer loop
      vertex -1.4235 5.31259 4
      vertex -1.76792 5.20812 0
      vertex -1.4235 5.31259 0
    endloop
  endfacet
  facet normal 0.0327305 -0.999464 0
    outer loop
      vertex -0.359716 5.48822 0
      vertex 0 5.5 4
      vertex -0.359716 5.48822 4
    endloop
  endfacet
  facet normal 0.0327305 -0.999464 0
    outer loop
      vertex 0 5.5 4
      vertex -0.359716 5.48822 0
      vertex 0 5.5 0
    endloop
  endfacet
  facet normal -0.999464 0.0327305 0
    outer loop
      vertex 5.48822 -0.359716 0
      vertex 5.5 0 4
      vertex 5.5 0 0
    endloop
  endfacet
  facet normal -0.999464 0.0327305 0
    outer loop
      vertex 5.5 0 4
      vertex 5.48822 -0.359716 0
      vertex 5.48822 -0.359716 4
    endloop
  endfacet
  facet normal -0.0327305 0.999464 0
    outer loop
      vertex 0.359716 -5.48822 0
      vertex 0 -5.5 4
      vertex 0.359716 -5.48822 4
    endloop
  endfacet
  facet normal -0.0327305 0.999464 0
    outer loop
      vertex 0 -5.5 4
      vertex 0.359716 -5.48822 0
      vertex 0 -5.5 0
    endloop
  endfacet
  facet normal -0.1629 0.986643 0
    outer loop
      vertex 1.073 -5.39432 0
      vertex 0.717894 -5.45295 4
      vertex 1.073 -5.39432 4
    endloop
  endfacet
  facet normal -0.1629 0.986643 0
    outer loop
      vertex 0.717894 -5.45295 4
      vertex 1.073 -5.39432 0
      vertex 0.717894 -5.45295 0
    endloop
  endfacet
  facet normal -0.352256 0.935904 0
    outer loop
      vertex 2.10476 -5.08134 0
      vertex 1.76792 -5.20812 4
      vertex 2.10476 -5.08134 4
    endloop
  endfacet
  facet normal -0.352256 0.935904 0
    outer loop
      vertex 1.76792 -5.20812 4
      vertex 2.10476 -5.08134 0
      vertex 1.76792 -5.20812 0
    endloop
  endfacet
  facet normal -0.52807 0.849201 0
    outer loop
      vertex 3.05564 -4.57308 0
      vertex 2.75 -4.76314 4
      vertex 3.05564 -4.57308 4
    endloop
  endfacet
  facet normal -0.52807 0.849201 0
    outer loop
      vertex 2.75 -4.76314 4
      vertex 3.05564 -4.57308 0
      vertex 2.75 -4.76314 0
    endloop
  endfacet
  facet normal -0.412712 0.910862 0
    outer loop
      vertex 2.43259 -4.9328 0
      vertex 2.10476 -5.08134 4
      vertex 2.43259 -4.9328 4
    endloop
  endfacet
  facet normal -0.412712 0.910862 0
    outer loop
      vertex 2.10476 -5.08134 4
      vertex 2.43259 -4.9328 0
      vertex 2.10476 -5.08134 0
    endloop
  endfacet
  facet normal -0.582481 0.812845 0
    outer loop
      vertex 3.34819 -4.36344 0
      vertex 3.05564 -4.57308 4
      vertex 3.34819 -4.36344 4
    endloop
  endfacet
  facet normal -0.582481 0.812845 0
    outer loop
      vertex 3.05564 -4.57308 4
      vertex 3.34819 -4.36344 0
      vertex 3.05564 -4.57308 0
    endloop
  endfacet
  facet normal -0.812845 0.582481 0
    outer loop
      vertex 4.36344 -3.34819 0
      vertex 4.57308 -3.05564 4
      vertex 4.57308 -3.05564 0
    endloop
  endfacet
  facet normal -0.812845 0.582481 0
    outer loop
      vertex 4.57308 -3.05564 4
      vertex 4.36344 -3.34819 0
      vertex 4.36344 -3.34819 4
    endloop
  endfacet
  facet normal -0.910862 0.412712 0
    outer loop
      vertex 4.9328 -2.43259 0
      vertex 5.08134 -2.10476 4
      vertex 5.08134 -2.10476 0
    endloop
  endfacet
  facet normal -0.910862 0.412712 0
    outer loop
      vertex 5.08134 -2.10476 4
      vertex 4.9328 -2.43259 0
      vertex 4.9328 -2.43259 4
    endloop
  endfacet
  facet normal -0.956947 0.290263 0
    outer loop
      vertex 5.20812 -1.76792 0
      vertex 5.31259 -1.4235 4
      vertex 5.31259 -1.4235 0
    endloop
  endfacet
  facet normal -0.956947 0.290263 0
    outer loop
      vertex 5.31259 -1.4235 4
      vertex 5.20812 -1.76792 0
      vertex 5.20812 -1.76792 4
    endloop
  endfacet
  facet normal 0.634392 0.773012 -0
    outer loop
      vertex -3.34819 -4.36344 0
      vertex -3.6264 -4.13512 4
      vertex -3.34819 -4.36344 4
    endloop
  endfacet
  facet normal 0.634392 0.773012 0
    outer loop
      vertex -3.6264 -4.13512 4
      vertex -3.34819 -4.36344 0
      vertex -3.6264 -4.13512 0
    endloop
  endfacet
  facet normal 0.412712 0.910862 -0
    outer loop
      vertex -2.10476 -5.08134 0
      vertex -2.43259 -4.9328 4
      vertex -2.10476 -5.08134 4
    endloop
  endfacet
  facet normal 0.412712 0.910862 0
    outer loop
      vertex -2.43259 -4.9328 4
      vertex -2.10476 -5.08134 0
      vertex -2.43259 -4.9328 0
    endloop
  endfacet
  facet normal 0.471399 0.88192 -0
    outer loop
      vertex -2.43259 -4.9328 0
      vertex -2.75 -4.76314 4
      vertex -2.43259 -4.9328 4
    endloop
  endfacet
  facet normal 0.471399 0.88192 0
    outer loop
      vertex -2.75 -4.76314 4
      vertex -2.43259 -4.9328 0
      vertex -2.75 -4.76314 0
    endloop
  endfacet
  facet normal 0.227089 0.973874 -0
    outer loop
      vertex -1.073 -5.39432 0
      vertex -1.4235 -5.31259 4
      vertex -1.073 -5.39432 4
    endloop
  endfacet
  facet normal 0.227089 0.973874 0
    outer loop
      vertex -1.4235 -5.31259 4
      vertex -1.073 -5.39432 0
      vertex -1.4235 -5.31259 0
    endloop
  endfacet
  facet normal 0.290263 0.956947 -0
    outer loop
      vertex -1.4235 -5.31259 0
      vertex -1.76792 -5.20812 4
      vertex -1.4235 -5.31259 4
    endloop
  endfacet
  facet normal 0.290263 0.956947 0
    outer loop
      vertex -1.76792 -5.20812 4
      vertex -1.4235 -5.31259 0
      vertex -1.76792 -5.20812 0
    endloop
  endfacet
  facet normal 0.0979966 0.995187 -0
    outer loop
      vertex -0.359716 -5.48822 0
      vertex -0.717894 -5.45295 4
      vertex -0.359716 -5.48822 4
    endloop
  endfacet
  facet normal 0.0979966 0.995187 0
    outer loop
      vertex -0.717894 -5.45295 4
      vertex -0.359716 -5.48822 0
      vertex -0.717894 -5.45295 0
    endloop
  endfacet
  facet normal 0.812845 0.582481 0
    outer loop
      vertex -4.36344 -3.34819 4
      vertex -4.57308 -3.05564 0
      vertex -4.57308 -3.05564 4
    endloop
  endfacet
  facet normal 0.812845 0.582481 0
    outer loop
      vertex -4.57308 -3.05564 0
      vertex -4.36344 -3.34819 4
      vertex -4.36344 -3.34819 0
    endloop
  endfacet
  facet normal 0.729872 0.683583 0
    outer loop
      vertex -3.88909 -3.88909 4
      vertex -4.13512 -3.6264 0
      vertex -4.13512 -3.6264 4
    endloop
  endfacet
  facet normal 0.729872 0.683583 0
    outer loop
      vertex -4.13512 -3.6264 0
      vertex -3.88909 -3.88909 4
      vertex -3.88909 -3.88909 0
    endloop
  endfacet
  facet normal 0.849201 0.52807 0
    outer loop
      vertex -4.57308 -3.05564 4
      vertex -4.76314 -2.75 0
      vertex -4.76314 -2.75 4
    endloop
  endfacet
  facet normal 0.849201 0.52807 0
    outer loop
      vertex -4.76314 -2.75 0
      vertex -4.57308 -3.05564 4
      vertex -4.57308 -3.05564 0
    endloop
  endfacet
  facet normal 0.956947 0.290263 0
    outer loop
      vertex -5.20812 -1.76792 4
      vertex -5.31259 -1.4235 0
      vertex -5.31259 -1.4235 4
    endloop
  endfacet
  facet normal 0.956947 0.290263 0
    outer loop
      vertex -5.31259 -1.4235 0
      vertex -5.20812 -1.76792 4
      vertex -5.20812 -1.76792 0
    endloop
  endfacet
  facet normal 0.973874 0.227089 0
    outer loop
      vertex -5.31259 -1.4235 4
      vertex -5.39432 -1.073 0
      vertex -5.39432 -1.073 4
    endloop
  endfacet
  facet normal 0.973874 0.227089 0
    outer loop
      vertex -5.39432 -1.073 0
      vertex -5.31259 -1.4235 4
      vertex -5.31259 -1.4235 0
    endloop
  endfacet
  facet normal 0.935904 0.352256 0
    outer loop
      vertex -5.08134 -2.10476 4
      vertex -5.20812 -1.76792 0
      vertex -5.20812 -1.76792 4
    endloop
  endfacet
  facet normal 0.935904 0.352256 0
    outer loop
      vertex -5.20812 -1.76792 0
      vertex -5.08134 -2.10476 4
      vertex -5.08134 -2.10476 0
    endloop
  endfacet
  facet normal 0.986643 0.1629 0
    outer loop
      vertex -5.39432 -1.073 4
      vertex -5.45295 -0.717894 0
      vertex -5.45295 -0.717894 4
    endloop
  endfacet
  facet normal 0.986643 0.1629 0
    outer loop
      vertex -5.45295 -0.717894 0
      vertex -5.39432 -1.073 4
      vertex -5.39432 -1.073 0
    endloop
  endfacet
  facet normal 0.999464 0.0327305 0
    outer loop
      vertex -5.48822 -0.359716 4
      vertex -5.5 0 0
      vertex -5.5 0 4
    endloop
  endfacet
  facet normal 0.999464 0.0327305 0
    outer loop
      vertex -5.5 0 0
      vertex -5.48822 -0.359716 4
      vertex -5.48822 -0.359716 0
    endloop
  endfacet
  facet normal 0.812845 -0.582481 0
    outer loop
      vertex -4.57308 3.05564 4
      vertex -4.36344 3.34819 0
      vertex -4.36344 3.34819 4
    endloop
  endfacet
  facet normal 0.812845 -0.582481 0
    outer loop
      vertex -4.36344 3.34819 0
      vertex -4.57308 3.05564 4
      vertex -4.57308 3.05564 0
    endloop
  endfacet
  facet normal 0.773012 -0.634392 0
    outer loop
      vertex -4.36344 3.34819 4
      vertex -4.13512 3.6264 0
      vertex -4.13512 3.6264 4
    endloop
  endfacet
  facet normal 0.773012 -0.634392 0
    outer loop
      vertex -4.13512 3.6264 0
      vertex -4.36344 3.34819 4
      vertex -4.36344 3.34819 0
    endloop
  endfacet
  facet normal -0.0979966 0.995187 0
    outer loop
      vertex 0.717894 -5.45295 0
      vertex 0.359716 -5.48822 4
      vertex 0.717894 -5.45295 4
    endloop
  endfacet
  facet normal -0.0979966 0.995187 0
    outer loop
      vertex 0.359716 -5.48822 4
      vertex 0.717894 -5.45295 0
      vertex 0.359716 -5.48822 0
    endloop
  endfacet
  facet normal -0.290263 0.956947 0
    outer loop
      vertex 1.76792 -5.20812 0
      vertex 1.4235 -5.31259 4
      vertex 1.76792 -5.20812 4
    endloop
  endfacet
  facet normal -0.290263 0.956947 0
    outer loop
      vertex 1.4235 -5.31259 4
      vertex 1.76792 -5.20812 0
      vertex 1.4235 -5.31259 0
    endloop
  endfacet
  facet normal -0.729872 0.683583 0
    outer loop
      vertex 3.88909 -3.88909 0
      vertex 4.13512 -3.6264 4
      vertex 4.13512 -3.6264 0
    endloop
  endfacet
  facet normal -0.729872 0.683583 0
    outer loop
      vertex 4.13512 -3.6264 4
      vertex 3.88909 -3.88909 0
      vertex 3.88909 -3.88909 4
    endloop
  endfacet
  facet normal -0.471399 0.88192 0
    outer loop
      vertex 2.75 -4.76314 0
      vertex 2.43259 -4.9328 4
      vertex 2.75 -4.76314 4
    endloop
  endfacet
  facet normal -0.471399 0.88192 0
    outer loop
      vertex 2.43259 -4.9328 4
      vertex 2.75 -4.76314 0
      vertex 2.43259 -4.9328 0
    endloop
  endfacet
  facet normal -0.849201 0.52807 0
    outer loop
      vertex 4.57308 -3.05564 0
      vertex 4.76314 -2.75 4
      vertex 4.76314 -2.75 0
    endloop
  endfacet
  facet normal -0.849201 0.52807 0
    outer loop
      vertex 4.76314 -2.75 4
      vertex 4.57308 -3.05564 0
      vertex 4.57308 -3.05564 4
    endloop
  endfacet
  facet normal -0.935904 0.352256 0
    outer loop
      vertex 5.08134 -2.10476 0
      vertex 5.20812 -1.76792 4
      vertex 5.20812 -1.76792 0
    endloop
  endfacet
  facet normal -0.935904 0.352256 0
    outer loop
      vertex 5.20812 -1.76792 4
      vertex 5.08134 -2.10476 0
      vertex 5.08134 -2.10476 4
    endloop
  endfacet
  facet normal -0.973874 0.227089 0
    outer loop
      vertex 5.31259 -1.4235 0
      vertex 5.39432 -1.073 4
      vertex 5.39432 -1.073 0
    endloop
  endfacet
  facet normal -0.973874 0.227089 0
    outer loop
      vertex 5.39432 -1.073 4
      vertex 5.31259 -1.4235 0
      vertex 5.31259 -1.4235 4
    endloop
  endfacet
  facet normal 0.0327305 0.999464 -0
    outer loop
      vertex 0 -5.5 0
      vertex -0.359716 -5.48822 4
      vertex 0 -5.5 4
    endloop
  endfacet
  facet normal 0.0327305 0.999464 0
    outer loop
      vertex -0.359716 -5.48822 4
      vertex 0 -5.5 0
      vertex -0.359716 -5.48822 0
    endloop
  endfacet
  facet normal 0.773012 0.634392 0
    outer loop
      vertex -4.13512 -3.6264 4
      vertex -4.36344 -3.34819 0
      vertex -4.36344 -3.34819 4
    endloop
  endfacet
  facet normal 0.773012 0.634392 0
    outer loop
      vertex -4.36344 -3.34819 0
      vertex -4.13512 -3.6264 4
      vertex -4.13512 -3.6264 0
    endloop
  endfacet
  facet normal 0.88192 0.471399 0
    outer loop
      vertex -4.76314 -2.75 4
      vertex -4.9328 -2.43259 0
      vertex -4.9328 -2.43259 4
    endloop
  endfacet
  facet normal 0.88192 0.471399 0
    outer loop
      vertex -4.9328 -2.43259 0
      vertex -4.76314 -2.75 4
      vertex -4.76314 -2.75 0
    endloop
  endfacet
  facet normal 0.995187 0.0979966 0
    outer loop
      vertex -5.45295 -0.717894 4
      vertex -5.48822 -0.359716 0
      vertex -5.48822 -0.359716 4
    endloop
  endfacet
  facet normal 0.995187 0.0979966 0
    outer loop
      vertex -5.48822 -0.359716 0
      vertex -5.45295 -0.717894 4
      vertex -5.45295 -0.717894 0
    endloop
  endfacet
endsolid OpenSCAD_Model
