solid OpenSCAD_Model
  facet normal 0.683376 -0.730066 0
    outer loop
      vertex 20.6475 23.1931 0
      vertex 20.7335 23.2736 4
      vertex 20.6475 23.1931 4
    endloop
  endfacet
  facet normal 0.683376 -0.730066 0
    outer loop
      vertex 20.7335 23.2736 4
      vertex 20.6475 23.1931 0
      vertex 20.7335 23.2736 0
    endloop
  endfacet
  facet normal -0.0322687 -0.999479 0
    outer loop
      vertex 21.9203 23.7203 0
      vertex 22.038 23.7165 4
      vertex 21.9203 23.7203 4
    endloop
  endfacet
  facet normal -0.0322687 -0.999479 -0
    outer loop
      vertex 22.038 23.7165 4
      vertex 21.9203 23.7203 0
      vertex 22.038 23.7165 0
    endloop
  endfacet
  facet normal -0.412587 -0.910918 0
    outer loop
      vertex 22.6091 23.5833 0
      vertex 22.7164 23.5347 4
      vertex 22.6091 23.5833 4
    endloop
  endfacet
  facet normal -0.412587 -0.910918 -0
    outer loop
      vertex 22.7164 23.5347 4
      vertex 22.6091 23.5833 0
      vertex 22.7164 23.5347 0
    endloop
  endfacet
  facet normal 0.290384 -0.95691 0
    outer loop
      vertex 21.3417 23.6248 0
      vertex 21.4544 23.659 4
      vertex 21.3417 23.6248 4
    endloop
  endfacet
  facet normal 0.290384 -0.95691 0
    outer loop
      vertex 21.4544 23.659 4
      vertex 21.3417 23.6248 0
      vertex 21.4544 23.659 0
    endloop
  endfacet
  facet normal 0.97396 0.22672 0
    outer loop
      vertex 20.1816 21.4544 4
      vertex 20.1549 21.5691 0
      vertex 20.1549 21.5691 4
    endloop
  endfacet
  facet normal 0.97396 0.22672 0
    outer loop
      vertex 20.1549 21.5691 0
      vertex 20.1816 21.4544 4
      vertex 20.1816 21.4544 0
    endloop
  endfacet
  facet normal 0.772935 0.634486 0
    outer loop
      vertex 20.567 20.7335 4
      vertex 20.4923 20.8245 0
      vertex 20.4923 20.8245 4
    endloop
  endfacet
  facet normal 0.772935 0.634486 0
    outer loop
      vertex 20.4923 20.8245 0
      vertex 20.567 20.7335 4
      vertex 20.567 20.7335 0
    endloop
  endfacet
  facet normal 0.995229 -0.0975714 0
    outer loop
      vertex 20.1242 22.038 4
      vertex 20.1357 22.1553 0
      vertex 20.1357 22.1553 4
    endloop
  endfacet
  facet normal 0.995229 -0.0975714 0
    outer loop
      vertex 20.1357 22.1553 0
      vertex 20.1242 22.038 4
      vertex 20.1242 22.038 0
    endloop
  endfacet
  facet normal 0.881694 -0.471821 0
    outer loop
      vertex 20.3059 22.7164 4
      vertex 20.3615 22.8203 0
      vertex 20.3615 22.8203 4
    endloop
  endfacet
  facet normal 0.881694 -0.471821 0
    outer loop
      vertex 20.3615 22.8203 0
      vertex 20.3059 22.7164 4
      vertex 20.3059 22.7164 0
    endloop
  endfacet
  facet normal -0.582762 -0.812643 0
    outer loop
      vertex 22.9203 23.417 0
      vertex 23.0161 23.3483 4
      vertex 22.9203 23.417 4
    endloop
  endfacet
  facet normal -0.582762 -0.812643 -0
    outer loop
      vertex 23.0161 23.3483 4
      vertex 22.9203 23.417 0
      vertex 23.0161 23.3483 0
    endloop
  endfacet
  facet normal -0.634486 -0.772935 0
    outer loop
      vertex 23.0161 23.3483 0
      vertex 23.1071 23.2736 4
      vertex 23.0161 23.3483 4
    endloop
  endfacet
  facet normal -0.634486 -0.772935 -0
    outer loop
      vertex 23.1071 23.2736 4
      vertex 23.0161 23.3483 0
      vertex 23.1071 23.2736 0
    endloop
  endfacet
  facet normal -0.471161 -0.882047 0
    outer loop
      vertex 22.7164 23.5347 0
      vertex 22.8203 23.4792 4
      vertex 22.7164 23.5347 4
    endloop
  endfacet
  facet normal -0.471161 -0.882047 -0
    outer loop
      vertex 22.8203 23.4792 4
      vertex 22.7164 23.5347 0
      vertex 22.8203 23.4792 0
    endloop
  endfacet
  facet normal -0.22672 -0.97396 0
    outer loop
      vertex 22.2715 23.6857 0
      vertex 22.3862 23.659 4
      vertex 22.2715 23.6857 4
    endloop
  endfacet
  facet normal -0.22672 -0.97396 -0
    outer loop
      vertex 22.3862 23.659 4
      vertex 22.2715 23.6857 0
      vertex 22.3862 23.659 0
    endloop
  endfacet
  facet normal -0.163022 -0.986622 0
    outer loop
      vertex 22.1553 23.7049 0
      vertex 22.2715 23.6857 4
      vertex 22.1553 23.7049 4
    endloop
  endfacet
  facet normal -0.163022 -0.986622 -0
    outer loop
      vertex 22.2715 23.6857 4
      vertex 22.1553 23.7049 0
      vertex 22.2715 23.6857 0
    endloop
  endfacet
  facet normal -0.290384 -0.95691 0
    outer loop
      vertex 22.3862 23.659 0
      vertex 22.4989 23.6248 4
      vertex 22.3862 23.659 4
    endloop
  endfacet
  facet normal -0.290384 -0.95691 -0
    outer loop
      vertex 22.4989 23.6248 4
      vertex 22.3862 23.659 0
      vertex 22.4989 23.6248 0
    endloop
  endfacet
  facet normal 0.528166 -0.849141 0
    outer loop
      vertex 20.9203 23.417 0
      vertex 21.0203 23.4792 4
      vertex 20.9203 23.417 4
    endloop
  endfacet
  facet normal 0.528166 -0.849141 0
    outer loop
      vertex 21.0203 23.4792 4
      vertex 20.9203 23.417 0
      vertex 21.0203 23.4792 0
    endloop
  endfacet
  facet normal 0.634486 -0.772935 0
    outer loop
      vertex 20.7335 23.2736 0
      vertex 20.8245 23.3483 4
      vertex 20.7335 23.2736 4
    endloop
  endfacet
  facet normal 0.634486 -0.772935 0
    outer loop
      vertex 20.8245 23.3483 4
      vertex 20.7335 23.2736 0
      vertex 20.8245 23.3483 0
    endloop
  endfacet
  facet normal 0.0984948 -0.995138 0
    outer loop
      vertex 21.6854 23.7049 0
      vertex 21.8026 23.7165 4
      vertex 21.6854 23.7049 4
    endloop
  endfacet
  facet normal 0.0984948 -0.995138 0
    outer loop
      vertex 21.8026 23.7165 4
      vertex 21.6854 23.7049 0
      vertex 21.8026 23.7165 0
    endloop
  endfacet
  facet normal 0.162885 -0.986645 0
    outer loop
      vertex 21.5691 23.6857 0
      vertex 21.6854 23.7049 4
      vertex 21.5691 23.6857 4
    endloop
  endfacet
  facet normal 0.162885 -0.986645 0
    outer loop
      vertex 21.6854 23.7049 4
      vertex 21.5691 23.6857 0
      vertex 21.6854 23.7049 0
    endloop
  endfacet
  facet normal 0.849141 0.528166 0
    outer loop
      vertex 20.4237 20.9203 4
      vertex 20.3615 21.0203 0
      vertex 20.3615 21.0203 4
    endloop
  endfacet
  facet normal 0.849141 0.528166 0
    outer loop
      vertex 20.3615 21.0203 0
      vertex 20.4237 20.9203 4
      vertex 20.4237 20.9203 0
    endloop
  endfacet
  facet normal 0.999451 0.0331169 0
    outer loop
      vertex 20.1242 21.8026 4
      vertex 20.1203 21.9203 0
      vertex 20.1203 21.9203 4
    endloop
  endfacet
  facet normal 0.999451 0.0331169 0
    outer loop
      vertex 20.1203 21.9203 0
      vertex 20.1242 21.8026 4
      vertex 20.1242 21.8026 0
    endloop
  endfacet
  facet normal 0.813045 0.582201 0
    outer loop
      vertex 20.4923 20.8245 4
      vertex 20.4237 20.9203 0
      vertex 20.4237 20.9203 4
    endloop
  endfacet
  facet normal 0.813045 0.582201 0
    outer loop
      vertex 20.4237 20.9203 0
      vertex 20.4923 20.8245 4
      vertex 20.4923 20.8245 0
    endloop
  endfacet
  facet normal 0.97396 -0.22672 0
    outer loop
      vertex 20.1549 22.2715 4
      vertex 20.1816 22.3862 0
      vertex 20.1816 22.3862 4
    endloop
  endfacet
  facet normal 0.97396 -0.22672 0
    outer loop
      vertex 20.1816 22.3862 0
      vertex 20.1549 22.2715 4
      vertex 20.1549 22.2715 0
    endloop
  endfacet
  facet normal 0.93584 -0.352426 0
    outer loop
      vertex 20.2158 22.4989 4
      vertex 20.2573 22.6091 0
      vertex 20.2573 22.6091 4
    endloop
  endfacet
  facet normal 0.93584 -0.352426 0
    outer loop
      vertex 20.2573 22.6091 0
      vertex 20.2158 22.4989 4
      vertex 20.2158 22.4989 0
    endloop
  endfacet
  facet normal 0.772935 -0.634486 0
    outer loop
      vertex 20.4923 23.0161 4
      vertex 20.567 23.1071 0
      vertex 20.567 23.1071 4
    endloop
  endfacet
  facet normal 0.772935 -0.634486 0
    outer loop
      vertex 20.567 23.1071 0
      vertex 20.4923 23.0161 4
      vertex 20.4923 23.0161 0
    endloop
  endfacet
  facet normal 0.813045 -0.582201 0
    outer loop
      vertex 20.4237 22.9203 4
      vertex 20.4923 23.0161 0
      vertex 20.4923 23.0161 4
    endloop
  endfacet
  facet normal 0.813045 -0.582201 0
    outer loop
      vertex 20.4923 23.0161 0
      vertex 20.4237 22.9203 4
      vertex 20.4237 22.9203 0
    endloop
  endfacet
  facet normal -0.882047 -0.471161 0
    outer loop
      vertex 23.5347 22.7164 0
      vertex 23.4792 22.8203 4
      vertex 23.4792 22.8203 0
    endloop
  endfacet
  facet normal -0.882047 -0.471161 0
    outer loop
      vertex 23.4792 22.8203 4
      vertex 23.5347 22.7164 0
      vertex 23.5347 22.7164 4
    endloop
  endfacet
  facet normal -0.95691 0.290384 0
    outer loop
      vertex 23.6248 21.3417 0
      vertex 23.659 21.4544 4
      vertex 23.659 21.4544 0
    endloop
  endfacet
  facet normal -0.95691 0.290384 0
    outer loop
      vertex 23.659 21.4544 4
      vertex 23.6248 21.3417 0
      vertex 23.6248 21.3417 4
    endloop
  endfacet
  facet normal -0.910918 -0.412587 0
    outer loop
      vertex 23.5833 22.6091 0
      vertex 23.5347 22.7164 4
      vertex 23.5347 22.7164 0
    endloop
  endfacet
  facet normal -0.910918 -0.412587 0
    outer loop
      vertex 23.5347 22.7164 4
      vertex 23.5833 22.6091 0
      vertex 23.5833 22.6091 4
    endloop
  endfacet
  facet normal 0.412587 0.910918 -0
    outer loop
      vertex 21.2315 20.2573 0
      vertex 21.1242 20.3059 4
      vertex 21.2315 20.2573 4
    endloop
  endfacet
  facet normal 0.412587 0.910918 0
    outer loop
      vertex 21.1242 20.3059 4
      vertex 21.2315 20.2573 0
      vertex 21.1242 20.3059 0
    endloop
  endfacet
  facet normal -0.93584 0.352426 0
    outer loop
      vertex 23.5833 21.2315 0
      vertex 23.6248 21.3417 4
      vertex 23.6248 21.3417 0
    endloop
  endfacet
  facet normal -0.93584 0.352426 0
    outer loop
      vertex 23.6248 21.3417 4
      vertex 23.5833 21.2315 0
      vertex 23.5833 21.2315 4
    endloop
  endfacet
  facet normal -0.528166 -0.849141 0
    outer loop
      vertex 22.8203 23.4792 0
      vertex 22.9203 23.417 4
      vertex 22.8203 23.4792 4
    endloop
  endfacet
  facet normal -0.528166 -0.849141 -0
    outer loop
      vertex 22.9203 23.417 4
      vertex 22.8203 23.4792 0
      vertex 22.9203 23.417 0
    endloop
  endfacet
  facet normal -0.352426 -0.93584 0
    outer loop
      vertex 22.4989 23.6248 0
      vertex 22.6091 23.5833 4
      vertex 22.4989 23.6248 4
    endloop
  endfacet
  facet normal -0.352426 -0.93584 -0
    outer loop
      vertex 22.6091 23.5833 4
      vertex 22.4989 23.6248 0
      vertex 22.6091 23.5833 0
    endloop
  endfacet
  facet normal 0.412587 -0.910918 0
    outer loop
      vertex 21.1242 23.5347 0
      vertex 21.2315 23.5833 4
      vertex 21.1242 23.5347 4
    endloop
  endfacet
  facet normal 0.412587 -0.910918 0
    outer loop
      vertex 21.2315 23.5833 4
      vertex 21.1242 23.5347 0
      vertex 21.2315 23.5833 0
    endloop
  endfacet
  facet normal 0.471161 -0.882047 0
    outer loop
      vertex 21.0203 23.4792 0
      vertex 21.1242 23.5347 4
      vertex 21.0203 23.4792 4
    endloop
  endfacet
  facet normal 0.471161 -0.882047 0
    outer loop
      vertex 21.1242 23.5347 4
      vertex 21.0203 23.4792 0
      vertex 21.1242 23.5347 0
    endloop
  endfacet
  facet normal 0.582762 -0.812643 0
    outer loop
      vertex 20.8245 23.3483 0
      vertex 20.9203 23.417 4
      vertex 20.8245 23.3483 4
    endloop
  endfacet
  facet normal 0.582762 -0.812643 0
    outer loop
      vertex 20.9203 23.417 4
      vertex 20.8245 23.3483 0
      vertex 20.9203 23.417 0
    endloop
  endfacet
  facet normal 0.352426 -0.93584 0
    outer loop
      vertex 21.2315 23.5833 0
      vertex 21.3417 23.6248 4
      vertex 21.2315 23.5833 4
    endloop
  endfacet
  facet normal 0.352426 -0.93584 0
    outer loop
      vertex 21.3417 23.6248 4
      vertex 21.2315 23.5833 0
      vertex 21.3417 23.6248 0
    endloop
  endfacet
  facet normal 0.22672 -0.97396 0
    outer loop
      vertex 21.4544 23.659 0
      vertex 21.5691 23.6857 4
      vertex 21.4544 23.659 4
    endloop
  endfacet
  facet normal 0.22672 -0.97396 0
    outer loop
      vertex 21.5691 23.6857 4
      vertex 21.4544 23.659 0
      vertex 21.5691 23.6857 0
    endloop
  endfacet
  facet normal 0.0322687 -0.999479 0
    outer loop
      vertex 21.8026 23.7165 0
      vertex 21.9203 23.7203 4
      vertex 21.8026 23.7165 4
    endloop
  endfacet
  facet normal 0.0322687 -0.999479 0
    outer loop
      vertex 21.9203 23.7203 4
      vertex 21.8026 23.7165 0
      vertex 21.9203 23.7203 0
    endloop
  endfacet
  facet normal 0.730066 0.683376 0
    outer loop
      vertex 20.6475 20.6475 4
      vertex 20.567 20.7335 0
      vertex 20.567 20.7335 4
    endloop
  endfacet
  facet normal 0.730066 0.683376 0
    outer loop
      vertex 20.567 20.7335 0
      vertex 20.6475 20.6475 4
      vertex 20.6475 20.6475 0
    endloop
  endfacet
  facet normal 0.99522 0.0976539 0
    outer loop
      vertex 20.1357 21.6854 4
      vertex 20.1242 21.8026 0
      vertex 20.1242 21.8026 4
    endloop
  endfacet
  facet normal 0.99522 0.0976539 0
    outer loop
      vertex 20.1242 21.8026 0
      vertex 20.1357 21.6854 4
      vertex 20.1357 21.6854 0
    endloop
  endfacet
  facet normal 0.93584 0.352426 0
    outer loop
      vertex 20.2573 21.2315 4
      vertex 20.2158 21.3417 0
      vertex 20.2158 21.3417 4
    endloop
  endfacet
  facet normal 0.93584 0.352426 0
    outer loop
      vertex 20.2158 21.3417 0
      vertex 20.2573 21.2315 4
      vertex 20.2573 21.2315 0
    endloop
  endfacet
  facet normal 0.910918 0.412587 0
    outer loop
      vertex 20.3059 21.1242 4
      vertex 20.2573 21.2315 0
      vertex 20.2573 21.2315 4
    endloop
  endfacet
  facet normal 0.910918 0.412587 0
    outer loop
      vertex 20.2573 21.2315 0
      vertex 20.3059 21.1242 4
      vertex 20.3059 21.1242 0
    endloop
  endfacet
  facet normal 0.999451 -0.0331169 0
    outer loop
      vertex 20.1203 21.9203 4
      vertex 20.1242 22.038 0
      vertex 20.1242 22.038 4
    endloop
  endfacet
  facet normal 0.999451 -0.0331169 0
    outer loop
      vertex 20.1242 22.038 0
      vertex 20.1203 21.9203 4
      vertex 20.1203 21.9203 0
    endloop
  endfacet
  facet normal 0.986622 -0.163022 0
    outer loop
      vertex 20.1357 22.1553 4
      vertex 20.1549 22.2715 0
      vertex 20.1549 22.2715 4
    endloop
  endfacet
  facet normal 0.986622 -0.163022 0
    outer loop
      vertex 20.1549 22.2715 0
      vertex 20.1357 22.1553 4
      vertex 20.1357 22.1553 0
    endloop
  endfacet
  facet normal 0.95691 -0.290384 0
    outer loop
      vertex 20.1816 22.3862 4
      vertex 20.2158 22.4989 0
      vertex 20.2158 22.4989 4
    endloop
  endfacet
  facet normal 0.95691 -0.290384 0
    outer loop
      vertex 20.2158 22.4989 0
      vertex 20.1816 22.3862 4
      vertex 20.1816 22.3862 0
    endloop
  endfacet
  facet normal 0.910918 -0.412587 0
    outer loop
      vertex 20.2573 22.6091 4
      vertex 20.3059 22.7164 0
      vertex 20.3059 22.7164 4
    endloop
  endfacet
  facet normal 0.910918 -0.412587 0
    outer loop
      vertex 20.3059 22.7164 0
      vertex 20.2573 22.6091 4
      vertex 20.2573 22.6091 0
    endloop
  endfacet
  facet normal 0.849141 -0.528166 0
    outer loop
      vertex 20.3615 22.8203 4
      vertex 20.4237 22.9203 0
      vertex 20.4237 22.9203 4
    endloop
  endfacet
  facet normal 0.849141 -0.528166 0
    outer loop
      vertex 20.4237 22.9203 0
      vertex 20.3615 22.8203 4
      vertex 20.3615 22.8203 0
    endloop
  endfacet
  facet normal 0.730066 -0.683376 0
    outer loop
      vertex 20.567 23.1071 4
      vertex 20.6475 23.1931 0
      vertex 20.6475 23.1931 4
    endloop
  endfacet
  facet normal 0.730066 -0.683376 0
    outer loop
      vertex 20.6475 23.1931 0
      vertex 20.567 23.1071 4
      vertex 20.567 23.1071 0
    endloop
  endfacet
  facet normal -0.683376 -0.730066 0
    outer loop
      vertex 23.1071 23.2736 0
      vertex 23.1931 23.1931 4
      vertex 23.1071 23.2736 4
    endloop
  endfacet
  facet normal -0.683376 -0.730066 -0
    outer loop
      vertex 23.1931 23.1931 4
      vertex 23.1071 23.2736 0
      vertex 23.1931 23.1931 0
    endloop
  endfacet
  facet normal -0.730066 -0.683376 0
    outer loop
      vertex 23.2736 23.1071 0
      vertex 23.1931 23.1931 4
      vertex 23.1931 23.1931 0
    endloop
  endfacet
  facet normal -0.730066 -0.683376 0
    outer loop
      vertex 23.1931 23.1931 4
      vertex 23.2736 23.1071 0
      vertex 23.2736 23.1071 4
    endloop
  endfacet
  facet normal -0.772935 -0.634486 0
    outer loop
      vertex 23.3483 23.0161 0
      vertex 23.2736 23.1071 4
      vertex 23.2736 23.1071 0
    endloop
  endfacet
  facet normal -0.772935 -0.634486 0
    outer loop
      vertex 23.2736 23.1071 4
      vertex 23.3483 23.0161 0
      vertex 23.3483 23.0161 4
    endloop
  endfacet
  facet normal -0.849141 -0.528166 0
    outer loop
      vertex 23.4792 22.8203 0
      vertex 23.417 22.9203 4
      vertex 23.417 22.9203 0
    endloop
  endfacet
  facet normal -0.849141 -0.528166 0
    outer loop
      vertex 23.417 22.9203 4
      vertex 23.4792 22.8203 0
      vertex 23.4792 22.8203 4
    endloop
  endfacet
  facet normal -0.730066 0.683376 0
    outer loop
      vertex 23.1931 20.6475 0
      vertex 23.2736 20.7335 4
      vertex 23.2736 20.7335 0
    endloop
  endfacet
  facet normal -0.730066 0.683376 0
    outer loop
      vertex 23.2736 20.7335 4
      vertex 23.1931 20.6475 0
      vertex 23.1931 20.6475 4
    endloop
  endfacet
  facet normal -0.412587 0.910918 0
    outer loop
      vertex 22.7164 20.3059 0
      vertex 22.6091 20.2573 4
      vertex 22.7164 20.3059 4
    endloop
  endfacet
  facet normal -0.412587 0.910918 0
    outer loop
      vertex 22.6091 20.2573 4
      vertex 22.7164 20.3059 0
      vertex 22.6091 20.2573 0
    endloop
  endfacet
  facet normal 0.528166 0.849141 -0
    outer loop
      vertex 21.0203 20.3615 0
      vertex 20.9203 20.4237 4
      vertex 21.0203 20.3615 4
    endloop
  endfacet
  facet normal 0.528166 0.849141 0
    outer loop
      vertex 20.9203 20.4237 4
      vertex 21.0203 20.3615 0
      vertex 20.9203 20.4237 0
    endloop
  endfacet
  facet normal 0.582201 0.813045 -0
    outer loop
      vertex 20.9203 20.4237 0
      vertex 20.8245 20.4923 4
      vertex 20.9203 20.4237 4
    endloop
  endfacet
  facet normal 0.582201 0.813045 0
    outer loop
      vertex 20.8245 20.4923 4
      vertex 20.9203 20.4237 0
      vertex 20.8245 20.4923 0
    endloop
  endfacet
  facet normal -0.772935 0.634486 0
    outer loop
      vertex 23.2736 20.7335 0
      vertex 23.3483 20.8245 4
      vertex 23.3483 20.8245 0
    endloop
  endfacet
  facet normal -0.772935 0.634486 0
    outer loop
      vertex 23.3483 20.8245 4
      vertex 23.2736 20.7335 0
      vertex 23.2736 20.7335 4
    endloop
  endfacet
  facet normal -0.0984117 -0.995146 0
    outer loop
      vertex 22.038 23.7165 0
      vertex 22.1553 23.7049 4
      vertex 22.038 23.7165 4
    endloop
  endfacet
  facet normal -0.0984117 -0.995146 -0
    outer loop
      vertex 22.1553 23.7049 4
      vertex 22.038 23.7165 0
      vertex 22.1553 23.7049 0
    endloop
  endfacet
  facet normal 0.986645 0.162885 0
    outer loop
      vertex 20.1549 21.5691 4
      vertex 20.1357 21.6854 0
      vertex 20.1357 21.6854 4
    endloop
  endfacet
  facet normal 0.986645 0.162885 0
    outer loop
      vertex 20.1357 21.6854 0
      vertex 20.1549 21.5691 4
      vertex 20.1549 21.5691 0
    endloop
  endfacet
  facet normal 0.95691 0.290384 0
    outer loop
      vertex 20.2158 21.3417 4
      vertex 20.1816 21.4544 0
      vertex 20.1816 21.4544 4
    endloop
  endfacet
  facet normal 0.95691 0.290384 0
    outer loop
      vertex 20.1816 21.4544 0
      vertex 20.2158 21.3417 4
      vertex 20.2158 21.3417 0
    endloop
  endfacet
  facet normal 0.881694 0.471821 0
    outer loop
      vertex 20.3615 21.0203 4
      vertex 20.3059 21.1242 0
      vertex 20.3059 21.1242 4
    endloop
  endfacet
  facet normal 0.881694 0.471821 0
    outer loop
      vertex 20.3059 21.1242 0
      vertex 20.3615 21.0203 4
      vertex 20.3615 21.0203 0
    endloop
  endfacet
  facet normal -0.812643 -0.582762 0
    outer loop
      vertex 23.417 22.9203 0
      vertex 23.3483 23.0161 4
      vertex 23.3483 23.0161 0
    endloop
  endfacet
  facet normal -0.812643 -0.582762 0
    outer loop
      vertex 23.3483 23.0161 4
      vertex 23.417 22.9203 0
      vertex 23.417 22.9203 4
    endloop
  endfacet
  facet normal -0.995146 -0.0984117 0
    outer loop
      vertex 23.7165 22.038 0
      vertex 23.7049 22.1553 4
      vertex 23.7049 22.1553 0
    endloop
  endfacet
  facet normal -0.995146 -0.0984117 0
    outer loop
      vertex 23.7049 22.1553 4
      vertex 23.7165 22.038 0
      vertex 23.7165 22.038 4
    endloop
  endfacet
  facet normal -0.97396 -0.22672 0
    outer loop
      vertex 23.6857 22.2715 0
      vertex 23.659 22.3862 4
      vertex 23.659 22.3862 0
    endloop
  endfacet
  facet normal -0.97396 -0.22672 0
    outer loop
      vertex 23.659 22.3862 4
      vertex 23.6857 22.2715 0
      vertex 23.6857 22.2715 4
    endloop
  endfacet
  facet normal -0.986645 0.162885 0
    outer loop
      vertex 23.6857 21.5691 0
      vertex 23.7049 21.6854 4
      vertex 23.7049 21.6854 0
    endloop
  endfacet
  facet normal -0.986645 0.162885 0
    outer loop
      vertex 23.7049 21.6854 4
      vertex 23.6857 21.5691 0
      vertex 23.6857 21.5691 4
    endloop
  endfacet
  facet normal -0.995138 0.0984948 0
    outer loop
      vertex 23.7049 21.6854 0
      vertex 23.7165 21.8026 4
      vertex 23.7165 21.8026 0
    endloop
  endfacet
  facet normal -0.995138 0.0984948 0
    outer loop
      vertex 23.7165 21.8026 4
      vertex 23.7049 21.6854 0
      vertex 23.7049 21.6854 4
    endloop
  endfacet
  facet normal -0.471821 0.881694 0
    outer loop
      vertex 22.8203 20.3615 0
      vertex 22.7164 20.3059 4
      vertex 22.8203 20.3615 4
    endloop
  endfacet
  facet normal -0.471821 0.881694 0
    outer loop
      vertex 22.7164 20.3059 4
      vertex 22.8203 20.3615 0
      vertex 22.7164 20.3059 0
    endloop
  endfacet
  facet normal 0.352426 0.93584 -0
    outer loop
      vertex 21.3417 20.2158 0
      vertex 21.2315 20.2573 4
      vertex 21.3417 20.2158 4
    endloop
  endfacet
  facet normal 0.352426 0.93584 0
    outer loop
      vertex 21.2315 20.2573 4
      vertex 21.3417 20.2158 0
      vertex 21.2315 20.2573 0
    endloop
  endfacet
  facet normal 0.471821 0.881694 -0
    outer loop
      vertex 21.1242 20.3059 0
      vertex 21.0203 20.3615 4
      vertex 21.1242 20.3059 4
    endloop
  endfacet
  facet normal 0.471821 0.881694 0
    outer loop
      vertex 21.0203 20.3615 4
      vertex 21.1242 20.3059 0
      vertex 21.0203 20.3615 0
    endloop
  endfacet
  facet normal -0.882047 0.471161 0
    outer loop
      vertex 23.4792 21.0203 0
      vertex 23.5347 21.1242 4
      vertex 23.5347 21.1242 0
    endloop
  endfacet
  facet normal -0.882047 0.471161 0
    outer loop
      vertex 23.5347 21.1242 4
      vertex 23.4792 21.0203 0
      vertex 23.4792 21.0203 4
    endloop
  endfacet
  facet normal -0.910918 0.412587 0
    outer loop
      vertex 23.5347 21.1242 0
      vertex 23.5833 21.2315 4
      vertex 23.5833 21.2315 0
    endloop
  endfacet
  facet normal -0.910918 0.412587 0
    outer loop
      vertex 23.5833 21.2315 4
      vertex 23.5347 21.1242 0
      vertex 23.5347 21.1242 4
    endloop
  endfacet
  facet normal -0.812643 0.582762 0
    outer loop
      vertex 23.3483 20.8245 0
      vertex 23.417 20.9203 4
      vertex 23.417 20.9203 0
    endloop
  endfacet
  facet normal -0.812643 0.582762 0
    outer loop
      vertex 23.417 20.9203 4
      vertex 23.3483 20.8245 0
      vertex 23.3483 20.8245 4
    endloop
  endfacet
  facet normal -0.93584 -0.352426 0
    outer loop
      vertex 23.6248 22.4989 0
      vertex 23.5833 22.6091 4
      vertex 23.5833 22.6091 0
    endloop
  endfacet
  facet normal -0.93584 -0.352426 0
    outer loop
      vertex 23.5833 22.6091 4
      vertex 23.6248 22.4989 0
      vertex 23.6248 22.4989 4
    endloop
  endfacet
  facet normal -0.95691 -0.290384 0
    outer loop
      vertex 23.659 22.3862 0
      vertex 23.6248 22.4989 4
      vertex 23.6248 22.4989 0
    endloop
  endfacet
  facet normal -0.95691 -0.290384 0
    outer loop
      vertex 23.6248 22.4989 4
      vertex 23.659 22.3862 0
      vertex 23.659 22.3862 4
    endloop
  endfacet
  facet normal -0.986622 -0.163022 0
    outer loop
      vertex 23.7049 22.1553 0
      vertex 23.6857 22.2715 4
      vertex 23.6857 22.2715 0
    endloop
  endfacet
  facet normal -0.986622 -0.163022 0
    outer loop
      vertex 23.6857 22.2715 4
      vertex 23.7049 22.1553 0
      vertex 23.7049 22.1553 4
    endloop
  endfacet
  facet normal -0.999479 -0.0322687 0
    outer loop
      vertex 23.7203 21.9203 0
      vertex 23.7165 22.038 4
      vertex 23.7165 22.038 0
    endloop
  endfacet
  facet normal -0.999479 -0.0322687 0
    outer loop
      vertex 23.7165 22.038 4
      vertex 23.7203 21.9203 0
      vertex 23.7203 21.9203 4
    endloop
  endfacet
  facet normal -0.683376 0.730066 0
    outer loop
      vertex 23.1931 20.6475 0
      vertex 23.1071 20.567 4
      vertex 23.1931 20.6475 4
    endloop
  endfacet
  facet normal -0.683376 0.730066 0
    outer loop
      vertex 23.1071 20.567 4
      vertex 23.1931 20.6475 0
      vertex 23.1071 20.567 0
    endloop
  endfacet
  facet normal -0.634486 0.772935 0
    outer loop
      vertex 23.1071 20.567 0
      vertex 23.0161 20.4923 4
      vertex 23.1071 20.567 4
    endloop
  endfacet
  facet normal -0.634486 0.772935 0
    outer loop
      vertex 23.0161 20.4923 4
      vertex 23.1071 20.567 0
      vertex 23.0161 20.4923 0
    endloop
  endfacet
  facet normal -0.290384 0.95691 0
    outer loop
      vertex 22.4989 20.2158 0
      vertex 22.3862 20.1816 4
      vertex 22.4989 20.2158 4
    endloop
  endfacet
  facet normal -0.290384 0.95691 0
    outer loop
      vertex 22.3862 20.1816 4
      vertex 22.4989 20.2158 0
      vertex 22.3862 20.1816 0
    endloop
  endfacet
  facet normal -0.0331169 0.999451 0
    outer loop
      vertex 22.038 20.1242 0
      vertex 21.9203 20.1203 4
      vertex 22.038 20.1242 4
    endloop
  endfacet
  facet normal -0.0331169 0.999451 0
    outer loop
      vertex 21.9203 20.1203 4
      vertex 22.038 20.1242 0
      vertex 21.9203 20.1203 0
    endloop
  endfacet
  facet normal 0.162885 0.986645 -0
    outer loop
      vertex 21.6854 20.1357 0
      vertex 21.5691 20.1549 4
      vertex 21.6854 20.1357 4
    endloop
  endfacet
  facet normal 0.162885 0.986645 0
    outer loop
      vertex 21.5691 20.1549 4
      vertex 21.6854 20.1357 0
      vertex 21.5691 20.1549 0
    endloop
  endfacet
  facet normal 0.0331169 0.999451 -0
    outer loop
      vertex 21.9203 20.1203 0
      vertex 21.8026 20.1242 4
      vertex 21.9203 20.1203 4
    endloop
  endfacet
  facet normal 0.0331169 0.999451 0
    outer loop
      vertex 21.8026 20.1242 4
      vertex 21.9203 20.1203 0
      vertex 21.8026 20.1242 0
    endloop
  endfacet
  facet normal 0.290384 0.95691 -0
    outer loop
      vertex 21.4544 20.1816 0
      vertex 21.3417 20.2158 4
      vertex 21.4544 20.1816 4
    endloop
  endfacet
  facet normal 0.290384 0.95691 0
    outer loop
      vertex 21.3417 20.2158 4
      vertex 21.4544 20.1816 0
      vertex 21.3417 20.2158 0
    endloop
  endfacet
  facet normal 0.634486 0.772935 -0
    outer loop
      vertex 20.8245 20.4923 0
      vertex 20.7335 20.567 4
      vertex 20.8245 20.4923 4
    endloop
  endfacet
  facet normal 0.634486 0.772935 0
    outer loop
      vertex 20.7335 20.567 4
      vertex 20.8245 20.4923 0
      vertex 20.7335 20.567 0
    endloop
  endfacet
  facet normal 0.683376 0.730066 -0
    outer loop
      vertex 20.7335 20.567 0
      vertex 20.6475 20.6475 4
      vertex 20.7335 20.567 4
    endloop
  endfacet
  facet normal 0.683376 0.730066 0
    outer loop
      vertex 20.6475 20.6475 4
      vertex 20.7335 20.567 0
      vertex 20.6475 20.6475 0
    endloop
  endfacet
  facet normal -0.849141 0.528166 0
    outer loop
      vertex 23.417 20.9203 0
      vertex 23.4792 21.0203 4
      vertex 23.4792 21.0203 0
    endloop
  endfacet
  facet normal -0.849141 0.528166 0
    outer loop
      vertex 23.4792 21.0203 4
      vertex 23.417 20.9203 0
      vertex 23.417 20.9203 4
    endloop
  endfacet
  facet normal -0.97396 0.22672 0
    outer loop
      vertex 23.659 21.4544 0
      vertex 23.6857 21.5691 4
      vertex 23.6857 21.5691 0
    endloop
  endfacet
  facet normal -0.97396 0.22672 0
    outer loop
      vertex 23.6857 21.5691 4
      vertex 23.659 21.4544 0
      vertex 23.659 21.4544 4
    endloop
  endfacet
  facet normal -0.528166 0.849141 0
    outer loop
      vertex 22.9203 20.4237 0
      vertex 22.8203 20.3615 4
      vertex 22.9203 20.4237 4
    endloop
  endfacet
  facet normal -0.528166 0.849141 0
    outer loop
      vertex 22.8203 20.3615 4
      vertex 22.9203 20.4237 0
      vertex 22.8203 20.3615 0
    endloop
  endfacet
  facet normal -0.352426 0.93584 0
    outer loop
      vertex 22.6091 20.2573 0
      vertex 22.4989 20.2158 4
      vertex 22.6091 20.2573 4
    endloop
  endfacet
  facet normal -0.352426 0.93584 0
    outer loop
      vertex 22.4989 20.2158 4
      vertex 22.6091 20.2573 0
      vertex 22.4989 20.2158 0
    endloop
  endfacet
  facet normal -0.22672 0.97396 0
    outer loop
      vertex 22.3862 20.1816 0
      vertex 22.2715 20.1549 4
      vertex 22.3862 20.1816 4
    endloop
  endfacet
  facet normal -0.22672 0.97396 0
    outer loop
      vertex 22.2715 20.1549 4
      vertex 22.3862 20.1816 0
      vertex 22.2715 20.1549 0
    endloop
  endfacet
  facet normal 0.0976539 0.99522 -0
    outer loop
      vertex 21.8026 20.1242 0
      vertex 21.6854 20.1357 4
      vertex 21.8026 20.1242 4
    endloop
  endfacet
  facet normal 0.0976539 0.99522 0
    outer loop
      vertex 21.6854 20.1357 4
      vertex 21.8026 20.1242 0
      vertex 21.6854 20.1357 0
    endloop
  endfacet
  facet normal 0.22672 0.97396 -0
    outer loop
      vertex 21.5691 20.1549 0
      vertex 21.4544 20.1816 4
      vertex 21.5691 20.1549 4
    endloop
  endfacet
  facet normal 0.22672 0.97396 0
    outer loop
      vertex 21.4544 20.1816 4
      vertex 21.5691 20.1549 0
      vertex 21.4544 20.1816 0
    endloop
  endfacet
  facet normal -0.999479 0.0322687 0
    outer loop
      vertex 23.7165 21.8026 0
      vertex 23.7203 21.9203 4
      vertex 23.7203 21.9203 0
    endloop
  endfacet
  facet normal -0.999479 0.0322687 0
    outer loop
      vertex 23.7203 21.9203 4
      vertex 23.7165 21.8026 0
      vertex 23.7165 21.8026 4
    endloop
  endfacet
  facet normal -0.582201 0.813045 0
    outer loop
      vertex 23.0161 20.4923 0
      vertex 22.9203 20.4237 4
      vertex 23.0161 20.4923 4
    endloop
  endfacet
  facet normal -0.582201 0.813045 0
    outer loop
      vertex 22.9203 20.4237 4
      vertex 23.0161 20.4923 0
      vertex 22.9203 20.4237 0
    endloop
  endfacet
  facet normal -0.163022 0.986622 0
    outer loop
      vertex 22.2715 20.1549 0
      vertex 22.1553 20.1357 4
      vertex 22.2715 20.1549 4
    endloop
  endfacet
  facet normal -0.163022 0.986622 0
    outer loop
      vertex 22.1553 20.1357 4
      vertex 22.2715 20.1549 0
      vertex 22.1553 20.1357 0
    endloop
  endfacet
  facet normal -0.0975714 0.995229 0
    outer loop
      vertex 22.1553 20.1357 0
      vertex 22.038 20.1242 4
      vertex 22.1553 20.1357 4
    endloop
  endfacet
  facet normal -0.0975714 0.995229 0
    outer loop
      vertex 22.038 20.1242 4
      vertex 22.1553 20.1357 0
      vertex 22.038 20.1242 0
    endloop
  endfacet
  facet normal 0.93584 -0.352426 0
    outer loop
      vertex -23.6248 22.4989 4
      vertex -23.5833 22.6091 0
      vertex -23.5833 22.6091 4
    endloop
  endfacet
  facet normal 0.93584 -0.352426 0
    outer loop
      vertex -23.5833 22.6091 0
      vertex -23.6248 22.4989 4
      vertex -23.6248 22.4989 0
    endloop
  endfacet
  facet normal -0.582201 0.813045 0
    outer loop
      vertex -20.8245 20.4923 0
      vertex -20.9203 20.4237 4
      vertex -20.8245 20.4923 4
    endloop
  endfacet
  facet normal -0.582201 0.813045 0
    outer loop
      vertex -20.9203 20.4237 4
      vertex -20.8245 20.4923 0
      vertex -20.9203 20.4237 0
    endloop
  endfacet
  facet normal -0.0331169 0.999451 0
    outer loop
      vertex -21.8026 20.1242 0
      vertex -21.9203 20.1203 4
      vertex -21.8026 20.1242 4
    endloop
  endfacet
  facet normal -0.0331169 0.999451 0
    outer loop
      vertex -21.9203 20.1203 4
      vertex -21.8026 20.1242 0
      vertex -21.9203 20.1203 0
    endloop
  endfacet
  facet normal 0.582201 0.813045 -0
    outer loop
      vertex -22.9203 20.4237 0
      vertex -23.0161 20.4923 4
      vertex -22.9203 20.4237 4
    endloop
  endfacet
  facet normal 0.582201 0.813045 0
    outer loop
      vertex -23.0161 20.4923 4
      vertex -22.9203 20.4237 0
      vertex -23.0161 20.4923 0
    endloop
  endfacet
  facet normal -0.634486 -0.772935 0
    outer loop
      vertex -20.8245 23.3483 0
      vertex -20.7335 23.2736 4
      vertex -20.8245 23.3483 4
    endloop
  endfacet
  facet normal -0.634486 -0.772935 -0
    outer loop
      vertex -20.7335 23.2736 4
      vertex -20.8245 23.3483 0
      vertex -20.7335 23.2736 0
    endloop
  endfacet
  facet normal 0.772935 -0.634486 0
    outer loop
      vertex -23.3483 23.0161 4
      vertex -23.2736 23.1071 0
      vertex -23.2736 23.1071 4
    endloop
  endfacet
  facet normal 0.772935 -0.634486 0
    outer loop
      vertex -23.2736 23.1071 0
      vertex -23.3483 23.0161 4
      vertex -23.3483 23.0161 0
    endloop
  endfacet
  facet normal 0.97396 -0.22672 0
    outer loop
      vertex -23.6857 22.2715 4
      vertex -23.659 22.3862 0
      vertex -23.659 22.3862 4
    endloop
  endfacet
  facet normal 0.97396 -0.22672 0
    outer loop
      vertex -23.659 22.3862 0
      vertex -23.6857 22.2715 4
      vertex -23.6857 22.2715 0
    endloop
  endfacet
  facet normal 0.986622 -0.163022 0
    outer loop
      vertex -23.7049 22.1553 4
      vertex -23.6857 22.2715 0
      vertex -23.6857 22.2715 4
    endloop
  endfacet
  facet normal 0.986622 -0.163022 0
    outer loop
      vertex -23.6857 22.2715 0
      vertex -23.7049 22.1553 4
      vertex -23.7049 22.1553 0
    endloop
  endfacet
  facet normal 0.995146 -0.0984117 0
    outer loop
      vertex -23.7165 22.038 4
      vertex -23.7049 22.1553 0
      vertex -23.7049 22.1553 4
    endloop
  endfacet
  facet normal 0.995146 -0.0984117 0
    outer loop
      vertex -23.7049 22.1553 0
      vertex -23.7165 22.038 4
      vertex -23.7165 22.038 0
    endloop
  endfacet
  facet normal 0.730066 0.683376 0
    outer loop
      vertex -23.1931 20.6475 4
      vertex -23.2736 20.7335 0
      vertex -23.2736 20.7335 4
    endloop
  endfacet
  facet normal 0.730066 0.683376 0
    outer loop
      vertex -23.2736 20.7335 0
      vertex -23.1931 20.6475 4
      vertex -23.1931 20.6475 0
    endloop
  endfacet
  facet normal 0.97396 0.22672 0
    outer loop
      vertex -23.659 21.4544 4
      vertex -23.6857 21.5691 0
      vertex -23.6857 21.5691 4
    endloop
  endfacet
  facet normal 0.97396 0.22672 0
    outer loop
      vertex -23.6857 21.5691 0
      vertex -23.659 21.4544 4
      vertex -23.659 21.4544 0
    endloop
  endfacet
  facet normal -0.634486 0.772935 0
    outer loop
      vertex -20.7335 20.567 0
      vertex -20.8245 20.4923 4
      vertex -20.7335 20.567 4
    endloop
  endfacet
  facet normal -0.634486 0.772935 0
    outer loop
      vertex -20.8245 20.4923 4
      vertex -20.7335 20.567 0
      vertex -20.8245 20.4923 0
    endloop
  endfacet
  facet normal -0.162885 0.986645 0
    outer loop
      vertex -21.5691 20.1549 0
      vertex -21.6854 20.1357 4
      vertex -21.5691 20.1549 4
    endloop
  endfacet
  facet normal -0.162885 0.986645 0
    outer loop
      vertex -21.6854 20.1357 4
      vertex -21.5691 20.1549 0
      vertex -21.6854 20.1357 0
    endloop
  endfacet
  facet normal 0.528166 0.849141 -0
    outer loop
      vertex -22.8203 20.3615 0
      vertex -22.9203 20.4237 4
      vertex -22.8203 20.3615 4
    endloop
  endfacet
  facet normal 0.528166 0.849141 0
    outer loop
      vertex -22.9203 20.4237 4
      vertex -22.8203 20.3615 0
      vertex -22.9203 20.4237 0
    endloop
  endfacet
  facet normal 0.22672 0.97396 -0
    outer loop
      vertex -22.2715 20.1549 0
      vertex -22.3862 20.1816 4
      vertex -22.2715 20.1549 4
    endloop
  endfacet
  facet normal 0.22672 0.97396 0
    outer loop
      vertex -22.3862 20.1816 4
      vertex -22.2715 20.1549 0
      vertex -22.3862 20.1816 0
    endloop
  endfacet
  facet normal 0.163022 0.986622 -0
    outer loop
      vertex -22.1553 20.1357 0
      vertex -22.2715 20.1549 4
      vertex -22.1553 20.1357 4
    endloop
  endfacet
  facet normal 0.163022 0.986622 0
    outer loop
      vertex -22.2715 20.1549 4
      vertex -22.1553 20.1357 0
      vertex -22.2715 20.1549 0
    endloop
  endfacet
  facet normal 0.352426 0.93584 -0
    outer loop
      vertex -22.4989 20.2158 0
      vertex -22.6091 20.2573 4
      vertex -22.4989 20.2158 4
    endloop
  endfacet
  facet normal 0.352426 0.93584 0
    outer loop
      vertex -22.6091 20.2573 4
      vertex -22.4989 20.2158 0
      vertex -22.6091 20.2573 0
    endloop
  endfacet
  facet normal 0.634486 -0.772935 0
    outer loop
      vertex -23.1071 23.2736 0
      vertex -23.0161 23.3483 4
      vertex -23.1071 23.2736 4
    endloop
  endfacet
  facet normal 0.634486 -0.772935 0
    outer loop
      vertex -23.0161 23.3483 4
      vertex -23.1071 23.2736 0
      vertex -23.0161 23.3483 0
    endloop
  endfacet
  facet normal -0.93584 0.352426 0
    outer loop
      vertex -20.2573 21.2315 0
      vertex -20.2158 21.3417 4
      vertex -20.2158 21.3417 0
    endloop
  endfacet
  facet normal -0.93584 0.352426 0
    outer loop
      vertex -20.2158 21.3417 4
      vertex -20.2573 21.2315 0
      vertex -20.2573 21.2315 4
    endloop
  endfacet
  facet normal -0.352426 -0.93584 0
    outer loop
      vertex -21.3417 23.6248 0
      vertex -21.2315 23.5833 4
      vertex -21.3417 23.6248 4
    endloop
  endfacet
  facet normal -0.352426 -0.93584 -0
    outer loop
      vertex -21.2315 23.5833 4
      vertex -21.3417 23.6248 0
      vertex -21.2315 23.5833 0
    endloop
  endfacet
  facet normal 0.910918 -0.412587 0
    outer loop
      vertex -23.5833 22.6091 4
      vertex -23.5347 22.7164 0
      vertex -23.5347 22.7164 4
    endloop
  endfacet
  facet normal 0.910918 -0.412587 0
    outer loop
      vertex -23.5347 22.7164 0
      vertex -23.5833 22.6091 4
      vertex -23.5833 22.6091 0
    endloop
  endfacet
  facet normal 0.882047 -0.471161 0
    outer loop
      vertex -23.5347 22.7164 4
      vertex -23.4792 22.8203 0
      vertex -23.4792 22.8203 4
    endloop
  endfacet
  facet normal 0.882047 -0.471161 0
    outer loop
      vertex -23.4792 22.8203 0
      vertex -23.5347 22.7164 4
      vertex -23.5347 22.7164 0
    endloop
  endfacet
  facet normal 0.95691 -0.290384 0
    outer loop
      vertex -23.659 22.3862 4
      vertex -23.6248 22.4989 0
      vertex -23.6248 22.4989 4
    endloop
  endfacet
  facet normal 0.95691 -0.290384 0
    outer loop
      vertex -23.6248 22.4989 0
      vertex -23.659 22.3862 4
      vertex -23.659 22.3862 0
    endloop
  endfacet
  facet normal 0.999479 -0.0322687 0
    outer loop
      vertex -23.7203 21.9203 4
      vertex -23.7165 22.038 0
      vertex -23.7165 22.038 4
    endloop
  endfacet
  facet normal 0.999479 -0.0322687 0
    outer loop
      vertex -23.7165 22.038 0
      vertex -23.7203 21.9203 4
      vertex -23.7203 21.9203 0
    endloop
  endfacet
  facet normal 0.910918 0.412587 0
    outer loop
      vertex -23.5347 21.1242 4
      vertex -23.5833 21.2315 0
      vertex -23.5833 21.2315 4
    endloop
  endfacet
  facet normal 0.910918 0.412587 0
    outer loop
      vertex -23.5833 21.2315 0
      vertex -23.5347 21.1242 4
      vertex -23.5347 21.1242 0
    endloop
  endfacet
  facet normal 0.812643 0.582762 0
    outer loop
      vertex -23.3483 20.8245 4
      vertex -23.417 20.9203 0
      vertex -23.417 20.9203 4
    endloop
  endfacet
  facet normal 0.812643 0.582762 0
    outer loop
      vertex -23.417 20.9203 0
      vertex -23.3483 20.8245 4
      vertex -23.3483 20.8245 0
    endloop
  endfacet
  facet normal 0.849141 0.528166 0
    outer loop
      vertex -23.417 20.9203 4
      vertex -23.4792 21.0203 0
      vertex -23.4792 21.0203 4
    endloop
  endfacet
  facet normal 0.849141 0.528166 0
    outer loop
      vertex -23.4792 21.0203 0
      vertex -23.417 20.9203 4
      vertex -23.417 20.9203 0
    endloop
  endfacet
  facet normal 0.95691 0.290384 0
    outer loop
      vertex -23.6248 21.3417 4
      vertex -23.659 21.4544 0
      vertex -23.659 21.4544 4
    endloop
  endfacet
  facet normal 0.95691 0.290384 0
    outer loop
      vertex -23.659 21.4544 0
      vertex -23.6248 21.3417 4
      vertex -23.6248 21.3417 0
    endloop
  endfacet
  facet normal 0.986645 0.162885 0
    outer loop
      vertex -23.6857 21.5691 4
      vertex -23.7049 21.6854 0
      vertex -23.7049 21.6854 4
    endloop
  endfacet
  facet normal 0.986645 0.162885 0
    outer loop
      vertex -23.7049 21.6854 0
      vertex -23.6857 21.5691 4
      vertex -23.6857 21.5691 0
    endloop
  endfacet
  facet normal 0.999479 0.0322687 0
    outer loop
      vertex -23.7165 21.8026 4
      vertex -23.7203 21.9203 0
      vertex -23.7203 21.9203 4
    endloop
  endfacet
  facet normal 0.999479 0.0322687 0
    outer loop
      vertex -23.7203 21.9203 0
      vertex -23.7165 21.8026 4
      vertex -23.7165 21.8026 0
    endloop
  endfacet
  facet normal -0.683376 0.730066 0
    outer loop
      vertex -20.6475 20.6475 0
      vertex -20.7335 20.567 4
      vertex -20.6475 20.6475 4
    endloop
  endfacet
  facet normal -0.683376 0.730066 0
    outer loop
      vertex -20.7335 20.567 4
      vertex -20.6475 20.6475 0
      vertex -20.7335 20.567 0
    endloop
  endfacet
  facet normal -0.412587 0.910918 0
    outer loop
      vertex -21.1242 20.3059 0
      vertex -21.2315 20.2573 4
      vertex -21.1242 20.3059 4
    endloop
  endfacet
  facet normal -0.412587 0.910918 0
    outer loop
      vertex -21.2315 20.2573 4
      vertex -21.1242 20.3059 0
      vertex -21.2315 20.2573 0
    endloop
  endfacet
  facet normal -0.528166 0.849141 0
    outer loop
      vertex -20.9203 20.4237 0
      vertex -21.0203 20.3615 4
      vertex -20.9203 20.4237 4
    endloop
  endfacet
  facet normal -0.528166 0.849141 0
    outer loop
      vertex -21.0203 20.3615 4
      vertex -20.9203 20.4237 0
      vertex -21.0203 20.3615 0
    endloop
  endfacet
  facet normal -0.22672 0.97396 0
    outer loop
      vertex -21.4544 20.1816 0
      vertex -21.5691 20.1549 4
      vertex -21.4544 20.1816 4
    endloop
  endfacet
  facet normal -0.22672 0.97396 0
    outer loop
      vertex -21.5691 20.1549 4
      vertex -21.4544 20.1816 0
      vertex -21.5691 20.1549 0
    endloop
  endfacet
  facet normal -0.352426 0.93584 0
    outer loop
      vertex -21.2315 20.2573 0
      vertex -21.3417 20.2158 4
      vertex -21.2315 20.2573 4
    endloop
  endfacet
  facet normal -0.352426 0.93584 0
    outer loop
      vertex -21.3417 20.2158 4
      vertex -21.2315 20.2573 0
      vertex -21.3417 20.2158 0
    endloop
  endfacet
  facet normal -0.0976539 0.99522 0
    outer loop
      vertex -21.6854 20.1357 0
      vertex -21.8026 20.1242 4
      vertex -21.6854 20.1357 4
    endloop
  endfacet
  facet normal -0.0976539 0.99522 0
    outer loop
      vertex -21.8026 20.1242 4
      vertex -21.6854 20.1357 0
      vertex -21.8026 20.1242 0
    endloop
  endfacet
  facet normal 0.471821 0.881694 -0
    outer loop
      vertex -22.7164 20.3059 0
      vertex -22.8203 20.3615 4
      vertex -22.7164 20.3059 4
    endloop
  endfacet
  facet normal 0.471821 0.881694 0
    outer loop
      vertex -22.8203 20.3615 4
      vertex -22.7164 20.3059 0
      vertex -22.8203 20.3615 0
    endloop
  endfacet
  facet normal 0.683376 0.730066 -0
    outer loop
      vertex -23.1071 20.567 0
      vertex -23.1931 20.6475 4
      vertex -23.1071 20.567 4
    endloop
  endfacet
  facet normal 0.683376 0.730066 0
    outer loop
      vertex -23.1931 20.6475 4
      vertex -23.1071 20.567 0
      vertex -23.1931 20.6475 0
    endloop
  endfacet
  facet normal 0.290384 0.95691 -0
    outer loop
      vertex -22.3862 20.1816 0
      vertex -22.4989 20.2158 4
      vertex -22.3862 20.1816 4
    endloop
  endfacet
  facet normal 0.290384 0.95691 0
    outer loop
      vertex -22.4989 20.2158 4
      vertex -22.3862 20.1816 0
      vertex -22.4989 20.2158 0
    endloop
  endfacet
  facet normal 0.0975714 0.995229 -0
    outer loop
      vertex -22.038 20.1242 0
      vertex -22.1553 20.1357 4
      vertex -22.038 20.1242 4
    endloop
  endfacet
  facet normal 0.0975714 0.995229 0
    outer loop
      vertex -22.1553 20.1357 4
      vertex -22.038 20.1242 0
      vertex -22.1553 20.1357 0
    endloop
  endfacet
  facet normal 0.730066 -0.683376 0
    outer loop
      vertex -23.2736 23.1071 4
      vertex -23.1931 23.1931 0
      vertex -23.1931 23.1931 4
    endloop
  endfacet
  facet normal 0.730066 -0.683376 0
    outer loop
      vertex -23.1931 23.1931 0
      vertex -23.2736 23.1071 4
      vertex -23.2736 23.1071 0
    endloop
  endfacet
  facet normal 0.683376 -0.730066 0
    outer loop
      vertex -23.1931 23.1931 0
      vertex -23.1071 23.2736 4
      vertex -23.1931 23.1931 4
    endloop
  endfacet
  facet normal 0.683376 -0.730066 0
    outer loop
      vertex -23.1071 23.2736 4
      vertex -23.1931 23.1931 0
      vertex -23.1071 23.2736 0
    endloop
  endfacet
  facet normal 0.582762 -0.812643 0
    outer loop
      vertex -23.0161 23.3483 0
      vertex -22.9203 23.417 4
      vertex -23.0161 23.3483 4
    endloop
  endfacet
  facet normal 0.582762 -0.812643 0
    outer loop
      vertex -22.9203 23.417 4
      vertex -23.0161 23.3483 0
      vertex -22.9203 23.417 0
    endloop
  endfacet
  facet normal 0.471161 -0.882047 0
    outer loop
      vertex -22.8203 23.4792 0
      vertex -22.7164 23.5347 4
      vertex -22.8203 23.4792 4
    endloop
  endfacet
  facet normal 0.471161 -0.882047 0
    outer loop
      vertex -22.7164 23.5347 4
      vertex -22.8203 23.4792 0
      vertex -22.7164 23.5347 0
    endloop
  endfacet
  facet normal 0.412587 -0.910918 0
    outer loop
      vertex -22.7164 23.5347 0
      vertex -22.6091 23.5833 4
      vertex -22.7164 23.5347 4
    endloop
  endfacet
  facet normal 0.412587 -0.910918 0
    outer loop
      vertex -22.6091 23.5833 4
      vertex -22.7164 23.5347 0
      vertex -22.6091 23.5833 0
    endloop
  endfacet
  facet normal -0.0322687 -0.999479 0
    outer loop
      vertex -21.9203 23.7203 0
      vertex -21.8026 23.7165 4
      vertex -21.9203 23.7203 4
    endloop
  endfacet
  facet normal -0.0322687 -0.999479 -0
    outer loop
      vertex -21.8026 23.7165 4
      vertex -21.9203 23.7203 0
      vertex -21.8026 23.7165 0
    endloop
  endfacet
  facet normal -0.683376 -0.730066 0
    outer loop
      vertex -20.7335 23.2736 0
      vertex -20.6475 23.1931 4
      vertex -20.7335 23.2736 4
    endloop
  endfacet
  facet normal -0.683376 -0.730066 -0
    outer loop
      vertex -20.6475 23.1931 4
      vertex -20.7335 23.2736 0
      vertex -20.6475 23.1931 0
    endloop
  endfacet
  facet normal -0.813045 0.582201 0
    outer loop
      vertex -20.4923 20.8245 0
      vertex -20.4237 20.9203 4
      vertex -20.4237 20.9203 0
    endloop
  endfacet
  facet normal -0.813045 0.582201 0
    outer loop
      vertex -20.4237 20.9203 4
      vertex -20.4923 20.8245 0
      vertex -20.4923 20.8245 4
    endloop
  endfacet
  facet normal -0.910918 0.412587 0
    outer loop
      vertex -20.3059 21.1242 0
      vertex -20.2573 21.2315 4
      vertex -20.2573 21.2315 0
    endloop
  endfacet
  facet normal -0.910918 0.412587 0
    outer loop
      vertex -20.2573 21.2315 4
      vertex -20.3059 21.1242 0
      vertex -20.3059 21.1242 4
    endloop
  endfacet
  facet normal -0.849141 0.528166 0
    outer loop
      vertex -20.4237 20.9203 0
      vertex -20.3615 21.0203 4
      vertex -20.3615 21.0203 0
    endloop
  endfacet
  facet normal -0.849141 0.528166 0
    outer loop
      vertex -20.3615 21.0203 4
      vertex -20.4237 20.9203 0
      vertex -20.4237 20.9203 4
    endloop
  endfacet
  facet normal -0.528166 -0.849141 0
    outer loop
      vertex -21.0203 23.4792 0
      vertex -20.9203 23.417 4
      vertex -21.0203 23.4792 4
    endloop
  endfacet
  facet normal -0.528166 -0.849141 -0
    outer loop
      vertex -20.9203 23.417 4
      vertex -21.0203 23.4792 0
      vertex -20.9203 23.417 0
    endloop
  endfacet
  facet normal 0.812643 -0.582762 0
    outer loop
      vertex -23.417 22.9203 4
      vertex -23.3483 23.0161 0
      vertex -23.3483 23.0161 4
    endloop
  endfacet
  facet normal 0.812643 -0.582762 0
    outer loop
      vertex -23.3483 23.0161 0
      vertex -23.417 22.9203 4
      vertex -23.417 22.9203 0
    endloop
  endfacet
  facet normal 0.849141 -0.528166 0
    outer loop
      vertex -23.4792 22.8203 4
      vertex -23.417 22.9203 0
      vertex -23.417 22.9203 4
    endloop
  endfacet
  facet normal 0.849141 -0.528166 0
    outer loop
      vertex -23.417 22.9203 0
      vertex -23.4792 22.8203 4
      vertex -23.4792 22.8203 0
    endloop
  endfacet
  facet normal 0.772935 0.634486 0
    outer loop
      vertex -23.2736 20.7335 4
      vertex -23.3483 20.8245 0
      vertex -23.3483 20.8245 4
    endloop
  endfacet
  facet normal 0.772935 0.634486 0
    outer loop
      vertex -23.3483 20.8245 0
      vertex -23.2736 20.7335 4
      vertex -23.2736 20.7335 0
    endloop
  endfacet
  facet normal 0.882047 0.471161 0
    outer loop
      vertex -23.4792 21.0203 4
      vertex -23.5347 21.1242 0
      vertex -23.5347 21.1242 4
    endloop
  endfacet
  facet normal 0.882047 0.471161 0
    outer loop
      vertex -23.5347 21.1242 0
      vertex -23.4792 21.0203 4
      vertex -23.4792 21.0203 0
    endloop
  endfacet
  facet normal 0.93584 0.352426 0
    outer loop
      vertex -23.5833 21.2315 4
      vertex -23.6248 21.3417 0
      vertex -23.6248 21.3417 4
    endloop
  endfacet
  facet normal 0.93584 0.352426 0
    outer loop
      vertex -23.6248 21.3417 0
      vertex -23.5833 21.2315 4
      vertex -23.5833 21.2315 0
    endloop
  endfacet
  facet normal 0.995138 0.0984948 0
    outer loop
      vertex -23.7049 21.6854 4
      vertex -23.7165 21.8026 0
      vertex -23.7165 21.8026 4
    endloop
  endfacet
  facet normal 0.995138 0.0984948 0
    outer loop
      vertex -23.7165 21.8026 0
      vertex -23.7049 21.6854 4
      vertex -23.7049 21.6854 0
    endloop
  endfacet
  facet normal -0.471821 0.881694 0
    outer loop
      vertex -21.0203 20.3615 0
      vertex -21.1242 20.3059 4
      vertex -21.0203 20.3615 4
    endloop
  endfacet
  facet normal -0.471821 0.881694 0
    outer loop
      vertex -21.1242 20.3059 4
      vertex -21.0203 20.3615 0
      vertex -21.1242 20.3059 0
    endloop
  endfacet
  facet normal -0.290384 0.95691 0
    outer loop
      vertex -21.3417 20.2158 0
      vertex -21.4544 20.1816 4
      vertex -21.3417 20.2158 4
    endloop
  endfacet
  facet normal -0.290384 0.95691 0
    outer loop
      vertex -21.4544 20.1816 4
      vertex -21.3417 20.2158 0
      vertex -21.4544 20.1816 0
    endloop
  endfacet
  facet normal 0.412587 0.910918 -0
    outer loop
      vertex -22.6091 20.2573 0
      vertex -22.7164 20.3059 4
      vertex -22.6091 20.2573 4
    endloop
  endfacet
  facet normal 0.412587 0.910918 0
    outer loop
      vertex -22.7164 20.3059 4
      vertex -22.6091 20.2573 0
      vertex -22.7164 20.3059 0
    endloop
  endfacet
  facet normal 0.634486 0.772935 -0
    outer loop
      vertex -23.0161 20.4923 0
      vertex -23.1071 20.567 4
      vertex -23.0161 20.4923 4
    endloop
  endfacet
  facet normal 0.634486 0.772935 0
    outer loop
      vertex -23.1071 20.567 4
      vertex -23.0161 20.4923 0
      vertex -23.1071 20.567 0
    endloop
  endfacet
  facet normal 0.0331169 0.999451 -0
    outer loop
      vertex -21.9203 20.1203 0
      vertex -22.038 20.1242 4
      vertex -21.9203 20.1203 4
    endloop
  endfacet
  facet normal 0.0331169 0.999451 0
    outer loop
      vertex -22.038 20.1242 4
      vertex -21.9203 20.1203 0
      vertex -22.038 20.1242 0
    endloop
  endfacet
  facet normal 0.528166 -0.849141 0
    outer loop
      vertex -22.9203 23.417 0
      vertex -22.8203 23.4792 4
      vertex -22.9203 23.417 4
    endloop
  endfacet
  facet normal 0.528166 -0.849141 0
    outer loop
      vertex -22.8203 23.4792 4
      vertex -22.9203 23.417 0
      vertex -22.8203 23.4792 0
    endloop
  endfacet
  facet normal -0.162885 -0.986645 0
    outer loop
      vertex -21.6854 23.7049 0
      vertex -21.5691 23.6857 4
      vertex -21.6854 23.7049 4
    endloop
  endfacet
  facet normal -0.162885 -0.986645 -0
    outer loop
      vertex -21.5691 23.6857 4
      vertex -21.6854 23.7049 0
      vertex -21.5691 23.6857 0
    endloop
  endfacet
  facet normal 0.0984117 -0.995146 0
    outer loop
      vertex -22.1553 23.7049 0
      vertex -22.038 23.7165 4
      vertex -22.1553 23.7049 4
    endloop
  endfacet
  facet normal 0.0984117 -0.995146 0
    outer loop
      vertex -22.038 23.7165 4
      vertex -22.1553 23.7049 0
      vertex -22.038 23.7165 0
    endloop
  endfacet
  facet normal 0.22672 -0.97396 0
    outer loop
      vertex -22.3862 23.659 0
      vertex -22.2715 23.6857 4
      vertex -22.3862 23.659 4
    endloop
  endfacet
  facet normal 0.22672 -0.97396 0
    outer loop
      vertex -22.2715 23.6857 4
      vertex -22.3862 23.659 0
      vertex -22.2715 23.6857 0
    endloop
  endfacet
  facet normal -0.910918 -0.412587 0
    outer loop
      vertex -20.2573 22.6091 0
      vertex -20.3059 22.7164 4
      vertex -20.3059 22.7164 0
    endloop
  endfacet
  facet normal -0.910918 -0.412587 0
    outer loop
      vertex -20.3059 22.7164 4
      vertex -20.2573 22.6091 0
      vertex -20.2573 22.6091 4
    endloop
  endfacet
  facet normal -0.97396 -0.22672 0
    outer loop
      vertex -20.1549 22.2715 0
      vertex -20.1816 22.3862 4
      vertex -20.1816 22.3862 0
    endloop
  endfacet
  facet normal -0.97396 -0.22672 0
    outer loop
      vertex -20.1816 22.3862 4
      vertex -20.1549 22.2715 0
      vertex -20.1549 22.2715 4
    endloop
  endfacet
  facet normal -0.772935 -0.634486 0
    outer loop
      vertex -20.4923 23.0161 0
      vertex -20.567 23.1071 4
      vertex -20.567 23.1071 0
    endloop
  endfacet
  facet normal -0.772935 -0.634486 0
    outer loop
      vertex -20.567 23.1071 4
      vertex -20.4923 23.0161 0
      vertex -20.4923 23.0161 4
    endloop
  endfacet
  facet normal -0.730066 0.683376 0
    outer loop
      vertex -20.6475 20.6475 0
      vertex -20.567 20.7335 4
      vertex -20.567 20.7335 0
    endloop
  endfacet
  facet normal -0.730066 0.683376 0
    outer loop
      vertex -20.567 20.7335 4
      vertex -20.6475 20.6475 0
      vertex -20.6475 20.6475 4
    endloop
  endfacet
  facet normal -0.881694 0.471821 0
    outer loop
      vertex -20.3615 21.0203 0
      vertex -20.3059 21.1242 4
      vertex -20.3059 21.1242 0
    endloop
  endfacet
  facet normal -0.881694 0.471821 0
    outer loop
      vertex -20.3059 21.1242 4
      vertex -20.3615 21.0203 0
      vertex -20.3615 21.0203 4
    endloop
  endfacet
  facet normal -0.582762 -0.812643 0
    outer loop
      vertex -20.9203 23.417 0
      vertex -20.8245 23.3483 4
      vertex -20.9203 23.417 4
    endloop
  endfacet
  facet normal -0.582762 -0.812643 -0
    outer loop
      vertex -20.8245 23.3483 4
      vertex -20.9203 23.417 0
      vertex -20.8245 23.3483 0
    endloop
  endfacet
  facet normal 0.352426 -0.93584 0
    outer loop
      vertex -22.6091 23.5833 0
      vertex -22.4989 23.6248 4
      vertex -22.6091 23.5833 4
    endloop
  endfacet
  facet normal 0.352426 -0.93584 0
    outer loop
      vertex -22.4989 23.6248 4
      vertex -22.6091 23.5833 0
      vertex -22.4989 23.6248 0
    endloop
  endfacet
  facet normal 0.290384 -0.95691 0
    outer loop
      vertex -22.4989 23.6248 0
      vertex -22.3862 23.659 4
      vertex -22.4989 23.6248 4
    endloop
  endfacet
  facet normal 0.290384 -0.95691 0
    outer loop
      vertex -22.3862 23.659 4
      vertex -22.4989 23.6248 0
      vertex -22.3862 23.659 0
    endloop
  endfacet
  facet normal 0.0322687 -0.999479 0
    outer loop
      vertex -22.038 23.7165 0
      vertex -21.9203 23.7203 4
      vertex -22.038 23.7165 4
    endloop
  endfacet
  facet normal 0.0322687 -0.999479 0
    outer loop
      vertex -21.9203 23.7203 4
      vertex -22.038 23.7165 0
      vertex -21.9203 23.7203 0
    endloop
  endfacet
  facet normal 0.163022 -0.986622 0
    outer loop
      vertex -22.2715 23.6857 0
      vertex -22.1553 23.7049 4
      vertex -22.2715 23.6857 4
    endloop
  endfacet
  facet normal 0.163022 -0.986622 0
    outer loop
      vertex -22.1553 23.7049 4
      vertex -22.2715 23.6857 0
      vertex -22.1553 23.7049 0
    endloop
  endfacet
  facet normal -0.93584 -0.352426 0
    outer loop
      vertex -20.2158 22.4989 0
      vertex -20.2573 22.6091 4
      vertex -20.2573 22.6091 0
    endloop
  endfacet
  facet normal -0.93584 -0.352426 0
    outer loop
      vertex -20.2573 22.6091 4
      vertex -20.2158 22.4989 0
      vertex -20.2158 22.4989 4
    endloop
  endfacet
  facet normal -0.881694 -0.471821 0
    outer loop
      vertex -20.3059 22.7164 0
      vertex -20.3615 22.8203 4
      vertex -20.3615 22.8203 0
    endloop
  endfacet
  facet normal -0.881694 -0.471821 0
    outer loop
      vertex -20.3615 22.8203 4
      vertex -20.3059 22.7164 0
      vertex -20.3059 22.7164 4
    endloop
  endfacet
  facet normal -0.813045 -0.582201 0
    outer loop
      vertex -20.4237 22.9203 0
      vertex -20.4923 23.0161 4
      vertex -20.4923 23.0161 0
    endloop
  endfacet
  facet normal -0.813045 -0.582201 0
    outer loop
      vertex -20.4923 23.0161 4
      vertex -20.4237 22.9203 0
      vertex -20.4237 22.9203 4
    endloop
  endfacet
  facet normal -0.730066 -0.683376 0
    outer loop
      vertex -20.567 23.1071 0
      vertex -20.6475 23.1931 4
      vertex -20.6475 23.1931 0
    endloop
  endfacet
  facet normal -0.730066 -0.683376 0
    outer loop
      vertex -20.6475 23.1931 4
      vertex -20.567 23.1071 0
      vertex -20.567 23.1071 4
    endloop
  endfacet
  facet normal -0.95691 0.290384 0
    outer loop
      vertex -20.2158 21.3417 0
      vertex -20.1816 21.4544 4
      vertex -20.1816 21.4544 0
    endloop
  endfacet
  facet normal -0.95691 0.290384 0
    outer loop
      vertex -20.1816 21.4544 4
      vertex -20.2158 21.3417 0
      vertex -20.2158 21.3417 4
    endloop
  endfacet
  facet normal -0.97396 0.22672 0
    outer loop
      vertex -20.1816 21.4544 0
      vertex -20.1549 21.5691 4
      vertex -20.1549 21.5691 0
    endloop
  endfacet
  facet normal -0.97396 0.22672 0
    outer loop
      vertex -20.1549 21.5691 4
      vertex -20.1816 21.4544 0
      vertex -20.1816 21.4544 4
    endloop
  endfacet
  facet normal -0.986645 0.162885 0
    outer loop
      vertex -20.1549 21.5691 0
      vertex -20.1357 21.6854 4
      vertex -20.1357 21.6854 0
    endloop
  endfacet
  facet normal -0.986645 0.162885 0
    outer loop
      vertex -20.1357 21.6854 4
      vertex -20.1549 21.5691 0
      vertex -20.1549 21.5691 4
    endloop
  endfacet
  facet normal -0.999451 0.0331169 0
    outer loop
      vertex -20.1242 21.8026 0
      vertex -20.1203 21.9203 4
      vertex -20.1203 21.9203 0
    endloop
  endfacet
  facet normal -0.999451 0.0331169 0
    outer loop
      vertex -20.1203 21.9203 4
      vertex -20.1242 21.8026 0
      vertex -20.1242 21.8026 4
    endloop
  endfacet
  facet normal -0.999451 -0.0331169 0
    outer loop
      vertex -20.1203 21.9203 0
      vertex -20.1242 22.038 4
      vertex -20.1242 22.038 0
    endloop
  endfacet
  facet normal -0.999451 -0.0331169 0
    outer loop
      vertex -20.1242 22.038 4
      vertex -20.1203 21.9203 0
      vertex -20.1203 21.9203 4
    endloop
  endfacet
  facet normal -0.772935 0.634486 0
    outer loop
      vertex -20.567 20.7335 0
      vertex -20.4923 20.8245 4
      vertex -20.4923 20.8245 0
    endloop
  endfacet
  facet normal -0.772935 0.634486 0
    outer loop
      vertex -20.4923 20.8245 4
      vertex -20.567 20.7335 0
      vertex -20.567 20.7335 4
    endloop
  endfacet
  facet normal -0.412587 -0.910918 0
    outer loop
      vertex -21.2315 23.5833 0
      vertex -21.1242 23.5347 4
      vertex -21.2315 23.5833 4
    endloop
  endfacet
  facet normal -0.412587 -0.910918 -0
    outer loop
      vertex -21.1242 23.5347 4
      vertex -21.2315 23.5833 0
      vertex -21.1242 23.5347 0
    endloop
  endfacet
  facet normal -0.471161 -0.882047 0
    outer loop
      vertex -21.1242 23.5347 0
      vertex -21.0203 23.4792 4
      vertex -21.1242 23.5347 4
    endloop
  endfacet
  facet normal -0.471161 -0.882047 -0
    outer loop
      vertex -21.0203 23.4792 4
      vertex -21.1242 23.5347 0
      vertex -21.0203 23.4792 0
    endloop
  endfacet
  facet normal -0.0984948 -0.995138 0
    outer loop
      vertex -21.8026 23.7165 0
      vertex -21.6854 23.7049 4
      vertex -21.8026 23.7165 4
    endloop
  endfacet
  facet normal -0.0984948 -0.995138 -0
    outer loop
      vertex -21.6854 23.7049 4
      vertex -21.8026 23.7165 0
      vertex -21.6854 23.7049 0
    endloop
  endfacet
  facet normal -0.22672 -0.97396 0
    outer loop
      vertex -21.5691 23.6857 0
      vertex -21.4544 23.659 4
      vertex -21.5691 23.6857 4
    endloop
  endfacet
  facet normal -0.22672 -0.97396 -0
    outer loop
      vertex -21.4544 23.659 4
      vertex -21.5691 23.6857 0
      vertex -21.4544 23.659 0
    endloop
  endfacet
  facet normal -0.290384 -0.95691 0
    outer loop
      vertex -21.4544 23.659 0
      vertex -21.3417 23.6248 4
      vertex -21.4544 23.659 4
    endloop
  endfacet
  facet normal -0.290384 -0.95691 -0
    outer loop
      vertex -21.3417 23.6248 4
      vertex -21.4544 23.659 0
      vertex -21.3417 23.6248 0
    endloop
  endfacet
  facet normal -0.95691 -0.290384 0
    outer loop
      vertex -20.1816 22.3862 0
      vertex -20.2158 22.4989 4
      vertex -20.2158 22.4989 0
    endloop
  endfacet
  facet normal -0.95691 -0.290384 0
    outer loop
      vertex -20.2158 22.4989 4
      vertex -20.1816 22.3862 0
      vertex -20.1816 22.3862 4
    endloop
  endfacet
  facet normal -0.986622 -0.163022 0
    outer loop
      vertex -20.1357 22.1553 0
      vertex -20.1549 22.2715 4
      vertex -20.1549 22.2715 0
    endloop
  endfacet
  facet normal -0.986622 -0.163022 0
    outer loop
      vertex -20.1549 22.2715 4
      vertex -20.1357 22.1553 0
      vertex -20.1357 22.1553 4
    endloop
  endfacet
  facet normal -0.995229 -0.0975714 0
    outer loop
      vertex -20.1242 22.038 0
      vertex -20.1357 22.1553 4
      vertex -20.1357 22.1553 0
    endloop
  endfacet
  facet normal -0.995229 -0.0975714 0
    outer loop
      vertex -20.1357 22.1553 4
      vertex -20.1242 22.038 0
      vertex -20.1242 22.038 4
    endloop
  endfacet
  facet normal -0.849141 -0.528166 0
    outer loop
      vertex -20.3615 22.8203 0
      vertex -20.4237 22.9203 4
      vertex -20.4237 22.9203 0
    endloop
  endfacet
  facet normal -0.849141 -0.528166 0
    outer loop
      vertex -20.4237 22.9203 4
      vertex -20.3615 22.8203 0
      vertex -20.3615 22.8203 4
    endloop
  endfacet
  facet normal -0.99522 0.0976539 0
    outer loop
      vertex -20.1357 21.6854 0
      vertex -20.1242 21.8026 4
      vertex -20.1242 21.8026 0
    endloop
  endfacet
  facet normal -0.99522 0.0976539 0
    outer loop
      vertex -20.1242 21.8026 4
      vertex -20.1357 21.6854 0
      vertex -20.1357 21.6854 4
    endloop
  endfacet
  facet normal 0.352426 0.93584 -0
    outer loop
      vertex -22.4989 -23.6248 0
      vertex -22.6091 -23.5833 4
      vertex -22.4989 -23.6248 4
    endloop
  endfacet
  facet normal 0.352426 0.93584 0
    outer loop
      vertex -22.6091 -23.5833 4
      vertex -22.4989 -23.6248 0
      vertex -22.6091 -23.5833 0
    endloop
  endfacet
  facet normal -0.352426 0.93584 0
    outer loop
      vertex -21.2315 -23.5833 0
      vertex -21.3417 -23.6248 4
      vertex -21.2315 -23.5833 4
    endloop
  endfacet
  facet normal -0.352426 0.93584 0
    outer loop
      vertex -21.3417 -23.6248 4
      vertex -21.2315 -23.5833 0
      vertex -21.3417 -23.6248 0
    endloop
  endfacet
  facet normal -0.910918 0.412587 0
    outer loop
      vertex -20.3059 -22.7164 0
      vertex -20.2573 -22.6091 4
      vertex -20.2573 -22.6091 0
    endloop
  endfacet
  facet normal -0.910918 0.412587 0
    outer loop
      vertex -20.2573 -22.6091 4
      vertex -20.3059 -22.7164 0
      vertex -20.3059 -22.7164 4
    endloop
  endfacet
  facet normal -0.93584 -0.352426 0
    outer loop
      vertex -20.2158 -21.3417 0
      vertex -20.2573 -21.2315 4
      vertex -20.2573 -21.2315 0
    endloop
  endfacet
  facet normal -0.93584 -0.352426 0
    outer loop
      vertex -20.2573 -21.2315 4
      vertex -20.2158 -21.3417 0
      vertex -20.2158 -21.3417 4
    endloop
  endfacet
  facet normal 0.730066 0.683376 0
    outer loop
      vertex -23.1931 -23.1931 4
      vertex -23.2736 -23.1071 0
      vertex -23.2736 -23.1071 4
    endloop
  endfacet
  facet normal 0.730066 0.683376 0
    outer loop
      vertex -23.2736 -23.1071 0
      vertex -23.1931 -23.1931 4
      vertex -23.1931 -23.1931 0
    endloop
  endfacet
  facet normal 0.471161 0.882047 -0
    outer loop
      vertex -22.7164 -23.5347 0
      vertex -22.8203 -23.4792 4
      vertex -22.7164 -23.5347 4
    endloop
  endfacet
  facet normal 0.471161 0.882047 0
    outer loop
      vertex -22.8203 -23.4792 4
      vertex -22.7164 -23.5347 0
      vertex -22.8203 -23.4792 0
    endloop
  endfacet
  facet normal -0.813045 -0.582201 0
    outer loop
      vertex -20.4237 -20.9203 0
      vertex -20.4923 -20.8245 4
      vertex -20.4923 -20.8245 0
    endloop
  endfacet
  facet normal -0.813045 -0.582201 0
    outer loop
      vertex -20.4923 -20.8245 4
      vertex -20.4237 -20.9203 0
      vertex -20.4237 -20.9203 4
    endloop
  endfacet
  facet normal -0.999451 -0.0331169 0
    outer loop
      vertex -20.1203 -21.9203 0
      vertex -20.1242 -21.8026 4
      vertex -20.1242 -21.8026 0
    endloop
  endfacet
  facet normal -0.999451 -0.0331169 0
    outer loop
      vertex -20.1242 -21.8026 4
      vertex -20.1203 -21.9203 0
      vertex -20.1203 -21.9203 4
    endloop
  endfacet
  facet normal -0.813045 0.582201 0
    outer loop
      vertex -20.4923 -23.0161 0
      vertex -20.4237 -22.9203 4
      vertex -20.4237 -22.9203 0
    endloop
  endfacet
  facet normal -0.813045 0.582201 0
    outer loop
      vertex -20.4237 -22.9203 4
      vertex -20.4923 -23.0161 0
      vertex -20.4923 -23.0161 4
    endloop
  endfacet
  facet normal 0.772935 -0.634486 0
    outer loop
      vertex -23.3483 -20.8245 4
      vertex -23.2736 -20.7335 0
      vertex -23.2736 -20.7335 4
    endloop
  endfacet
  facet normal 0.772935 -0.634486 0
    outer loop
      vertex -23.2736 -20.7335 0
      vertex -23.3483 -20.8245 4
      vertex -23.3483 -20.8245 0
    endloop
  endfacet
  facet normal 0.634486 0.772935 -0
    outer loop
      vertex -23.0161 -23.3483 0
      vertex -23.1071 -23.2736 4
      vertex -23.0161 -23.3483 4
    endloop
  endfacet
  facet normal 0.634486 0.772935 0
    outer loop
      vertex -23.1071 -23.2736 4
      vertex -23.0161 -23.3483 0
      vertex -23.1071 -23.2736 0
    endloop
  endfacet
  facet normal 0.163022 0.986622 -0
    outer loop
      vertex -22.1553 -23.7049 0
      vertex -22.2715 -23.6857 4
      vertex -22.1553 -23.7049 4
    endloop
  endfacet
  facet normal 0.163022 0.986622 0
    outer loop
      vertex -22.2715 -23.6857 4
      vertex -22.1553 -23.7049 0
      vertex -22.2715 -23.6857 0
    endloop
  endfacet
  facet normal 0.0984117 0.995146 -0
    outer loop
      vertex -22.038 -23.7165 0
      vertex -22.1553 -23.7049 4
      vertex -22.038 -23.7165 4
    endloop
  endfacet
  facet normal 0.0984117 0.995146 0
    outer loop
      vertex -22.1553 -23.7049 4
      vertex -22.038 -23.7165 0
      vertex -22.1553 -23.7049 0
    endloop
  endfacet
  facet normal -0.683376 0.730066 0
    outer loop
      vertex -20.6475 -23.1931 0
      vertex -20.7335 -23.2736 4
      vertex -20.6475 -23.1931 4
    endloop
  endfacet
  facet normal -0.683376 0.730066 0
    outer loop
      vertex -20.7335 -23.2736 4
      vertex -20.6475 -23.1931 0
      vertex -20.7335 -23.2736 0
    endloop
  endfacet
  facet normal -0.22672 0.97396 0
    outer loop
      vertex -21.4544 -23.659 0
      vertex -21.5691 -23.6857 4
      vertex -21.4544 -23.659 4
    endloop
  endfacet
  facet normal -0.22672 0.97396 0
    outer loop
      vertex -21.5691 -23.6857 4
      vertex -21.4544 -23.659 0
      vertex -21.5691 -23.6857 0
    endloop
  endfacet
  facet normal -0.0984948 0.995138 0
    outer loop
      vertex -21.6854 -23.7049 0
      vertex -21.8026 -23.7165 4
      vertex -21.6854 -23.7049 4
    endloop
  endfacet
  facet normal -0.0984948 0.995138 0
    outer loop
      vertex -21.8026 -23.7165 4
      vertex -21.6854 -23.7049 0
      vertex -21.8026 -23.7165 0
    endloop
  endfacet
  facet normal -0.849141 -0.528166 0
    outer loop
      vertex -20.3615 -21.0203 0
      vertex -20.4237 -20.9203 4
      vertex -20.4237 -20.9203 0
    endloop
  endfacet
  facet normal -0.849141 -0.528166 0
    outer loop
      vertex -20.4237 -20.9203 4
      vertex -20.3615 -21.0203 0
      vertex -20.3615 -21.0203 4
    endloop
  endfacet
  facet normal -0.986645 -0.162885 0
    outer loop
      vertex -20.1357 -21.6854 0
      vertex -20.1549 -21.5691 4
      vertex -20.1549 -21.5691 0
    endloop
  endfacet
  facet normal -0.986645 -0.162885 0
    outer loop
      vertex -20.1549 -21.5691 4
      vertex -20.1357 -21.6854 0
      vertex -20.1357 -21.6854 4
    endloop
  endfacet
  facet normal -0.849141 0.528166 0
    outer loop
      vertex -20.4237 -22.9203 0
      vertex -20.3615 -22.8203 4
      vertex -20.3615 -22.8203 0
    endloop
  endfacet
  facet normal -0.849141 0.528166 0
    outer loop
      vertex -20.3615 -22.8203 4
      vertex -20.4237 -22.9203 0
      vertex -20.4237 -22.9203 4
    endloop
  endfacet
  facet normal -0.97396 0.22672 0
    outer loop
      vertex -20.1816 -22.3862 0
      vertex -20.1549 -22.2715 4
      vertex -20.1549 -22.2715 0
    endloop
  endfacet
  facet normal -0.97396 0.22672 0
    outer loop
      vertex -20.1549 -22.2715 4
      vertex -20.1816 -22.3862 0
      vertex -20.1816 -22.3862 4
    endloop
  endfacet
  facet normal -0.986622 0.163022 0
    outer loop
      vertex -20.1549 -22.2715 0
      vertex -20.1357 -22.1553 4
      vertex -20.1357 -22.1553 0
    endloop
  endfacet
  facet normal -0.986622 0.163022 0
    outer loop
      vertex -20.1357 -22.1553 4
      vertex -20.1549 -22.2715 0
      vertex -20.1549 -22.2715 4
    endloop
  endfacet
  facet normal -0.93584 0.352426 0
    outer loop
      vertex -20.2573 -22.6091 0
      vertex -20.2158 -22.4989 4
      vertex -20.2158 -22.4989 0
    endloop
  endfacet
  facet normal -0.93584 0.352426 0
    outer loop
      vertex -20.2158 -22.4989 4
      vertex -20.2573 -22.6091 0
      vertex -20.2573 -22.6091 4
    endloop
  endfacet
  facet normal 0.882047 0.471161 0
    outer loop
      vertex -23.4792 -22.8203 4
      vertex -23.5347 -22.7164 0
      vertex -23.5347 -22.7164 4
    endloop
  endfacet
  facet normal 0.882047 0.471161 0
    outer loop
      vertex -23.5347 -22.7164 0
      vertex -23.4792 -22.8203 4
      vertex -23.4792 -22.8203 0
    endloop
  endfacet
  facet normal -0.352426 -0.93584 0
    outer loop
      vertex -21.3417 -20.2158 0
      vertex -21.2315 -20.2573 4
      vertex -21.3417 -20.2158 4
    endloop
  endfacet
  facet normal -0.352426 -0.93584 -0
    outer loop
      vertex -21.2315 -20.2573 4
      vertex -21.3417 -20.2158 0
      vertex -21.2315 -20.2573 0
    endloop
  endfacet
  facet normal 0.93584 -0.352426 0
    outer loop
      vertex -23.6248 -21.3417 4
      vertex -23.5833 -21.2315 0
      vertex -23.5833 -21.2315 4
    endloop
  endfacet
  facet normal 0.93584 -0.352426 0
    outer loop
      vertex -23.5833 -21.2315 0
      vertex -23.6248 -21.3417 4
      vertex -23.6248 -21.3417 0
    endloop
  endfacet
  facet normal 0.582762 0.812643 -0
    outer loop
      vertex -22.9203 -23.417 0
      vertex -23.0161 -23.3483 4
      vertex -22.9203 -23.417 4
    endloop
  endfacet
  facet normal 0.582762 0.812643 0
    outer loop
      vertex -23.0161 -23.3483 4
      vertex -22.9203 -23.417 0
      vertex -23.0161 -23.3483 0
    endloop
  endfacet
  facet normal 0.412587 0.910918 -0
    outer loop
      vertex -22.6091 -23.5833 0
      vertex -22.7164 -23.5347 4
      vertex -22.6091 -23.5833 4
    endloop
  endfacet
  facet normal 0.412587 0.910918 0
    outer loop
      vertex -22.7164 -23.5347 4
      vertex -22.6091 -23.5833 0
      vertex -22.7164 -23.5347 0
    endloop
  endfacet
  facet normal 0.0322687 0.999479 -0
    outer loop
      vertex -21.9203 -23.7203 0
      vertex -22.038 -23.7165 4
      vertex -21.9203 -23.7203 4
    endloop
  endfacet
  facet normal 0.0322687 0.999479 0
    outer loop
      vertex -22.038 -23.7165 4
      vertex -21.9203 -23.7203 0
      vertex -22.038 -23.7165 0
    endloop
  endfacet
  facet normal 0.22672 0.97396 -0
    outer loop
      vertex -22.2715 -23.6857 0
      vertex -22.3862 -23.659 4
      vertex -22.2715 -23.6857 4
    endloop
  endfacet
  facet normal 0.22672 0.97396 0
    outer loop
      vertex -22.3862 -23.659 4
      vertex -22.2715 -23.6857 0
      vertex -22.3862 -23.659 0
    endloop
  endfacet
  facet normal -0.412587 0.910918 0
    outer loop
      vertex -21.1242 -23.5347 0
      vertex -21.2315 -23.5833 4
      vertex -21.1242 -23.5347 4
    endloop
  endfacet
  facet normal -0.412587 0.910918 0
    outer loop
      vertex -21.2315 -23.5833 4
      vertex -21.1242 -23.5347 0
      vertex -21.2315 -23.5833 0
    endloop
  endfacet
  facet normal -0.582762 0.812643 0
    outer loop
      vertex -20.8245 -23.3483 0
      vertex -20.9203 -23.417 4
      vertex -20.8245 -23.3483 4
    endloop
  endfacet
  facet normal -0.582762 0.812643 0
    outer loop
      vertex -20.9203 -23.417 4
      vertex -20.8245 -23.3483 0
      vertex -20.9203 -23.417 0
    endloop
  endfacet
  facet normal -0.528166 0.849141 0
    outer loop
      vertex -20.9203 -23.417 0
      vertex -21.0203 -23.4792 4
      vertex -20.9203 -23.417 4
    endloop
  endfacet
  facet normal -0.528166 0.849141 0
    outer loop
      vertex -21.0203 -23.4792 4
      vertex -20.9203 -23.417 0
      vertex -21.0203 -23.4792 0
    endloop
  endfacet
  facet normal -0.290384 0.95691 0
    outer loop
      vertex -21.3417 -23.6248 0
      vertex -21.4544 -23.659 4
      vertex -21.3417 -23.6248 4
    endloop
  endfacet
  facet normal -0.290384 0.95691 0
    outer loop
      vertex -21.4544 -23.659 4
      vertex -21.3417 -23.6248 0
      vertex -21.4544 -23.659 0
    endloop
  endfacet
  facet normal -0.162885 0.986645 0
    outer loop
      vertex -21.5691 -23.6857 0
      vertex -21.6854 -23.7049 4
      vertex -21.5691 -23.6857 4
    endloop
  endfacet
  facet normal -0.162885 0.986645 0
    outer loop
      vertex -21.6854 -23.7049 4
      vertex -21.5691 -23.6857 0
      vertex -21.6854 -23.7049 0
    endloop
  endfacet
  facet normal -0.0322687 0.999479 0
    outer loop
      vertex -21.8026 -23.7165 0
      vertex -21.9203 -23.7203 4
      vertex -21.8026 -23.7165 4
    endloop
  endfacet
  facet normal -0.0322687 0.999479 0
    outer loop
      vertex -21.9203 -23.7203 4
      vertex -21.8026 -23.7165 0
      vertex -21.9203 -23.7203 0
    endloop
  endfacet
  facet normal -0.730066 -0.683376 0
    outer loop
      vertex -20.567 -20.7335 0
      vertex -20.6475 -20.6475 4
      vertex -20.6475 -20.6475 0
    endloop
  endfacet
  facet normal -0.730066 -0.683376 0
    outer loop
      vertex -20.6475 -20.6475 4
      vertex -20.567 -20.7335 0
      vertex -20.567 -20.7335 4
    endloop
  endfacet
  facet normal -0.881694 -0.471821 0
    outer loop
      vertex -20.3059 -21.1242 0
      vertex -20.3615 -21.0203 4
      vertex -20.3615 -21.0203 0
    endloop
  endfacet
  facet normal -0.881694 -0.471821 0
    outer loop
      vertex -20.3615 -21.0203 4
      vertex -20.3059 -21.1242 0
      vertex -20.3059 -21.1242 4
    endloop
  endfacet
  facet normal -0.910918 -0.412587 0
    outer loop
      vertex -20.2573 -21.2315 0
      vertex -20.3059 -21.1242 4
      vertex -20.3059 -21.1242 0
    endloop
  endfacet
  facet normal -0.910918 -0.412587 0
    outer loop
      vertex -20.3059 -21.1242 4
      vertex -20.2573 -21.2315 0
      vertex -20.2573 -21.2315 4
    endloop
  endfacet
  facet normal -0.97396 -0.22672 0
    outer loop
      vertex -20.1549 -21.5691 0
      vertex -20.1816 -21.4544 4
      vertex -20.1816 -21.4544 0
    endloop
  endfacet
  facet normal -0.97396 -0.22672 0
    outer loop
      vertex -20.1816 -21.4544 4
      vertex -20.1549 -21.5691 0
      vertex -20.1549 -21.5691 4
    endloop
  endfacet
  facet normal -0.95691 -0.290384 0
    outer loop
      vertex -20.1816 -21.4544 0
      vertex -20.2158 -21.3417 4
      vertex -20.2158 -21.3417 0
    endloop
  endfacet
  facet normal -0.95691 -0.290384 0
    outer loop
      vertex -20.2158 -21.3417 4
      vertex -20.1816 -21.4544 0
      vertex -20.1816 -21.4544 4
    endloop
  endfacet
  facet normal -0.99522 -0.0976539 0
    outer loop
      vertex -20.1242 -21.8026 0
      vertex -20.1357 -21.6854 4
      vertex -20.1357 -21.6854 0
    endloop
  endfacet
  facet normal -0.99522 -0.0976539 0
    outer loop
      vertex -20.1357 -21.6854 4
      vertex -20.1242 -21.8026 0
      vertex -20.1242 -21.8026 4
    endloop
  endfacet
  facet normal -0.881694 0.471821 0
    outer loop
      vertex -20.3615 -22.8203 0
      vertex -20.3059 -22.7164 4
      vertex -20.3059 -22.7164 0
    endloop
  endfacet
  facet normal -0.881694 0.471821 0
    outer loop
      vertex -20.3059 -22.7164 4
      vertex -20.3615 -22.8203 0
      vertex -20.3615 -22.8203 4
    endloop
  endfacet
  facet normal -0.730066 0.683376 0
    outer loop
      vertex -20.6475 -23.1931 0
      vertex -20.567 -23.1071 4
      vertex -20.567 -23.1071 0
    endloop
  endfacet
  facet normal -0.730066 0.683376 0
    outer loop
      vertex -20.567 -23.1071 4
      vertex -20.6475 -23.1931 0
      vertex -20.6475 -23.1931 4
    endloop
  endfacet
  facet normal -0.95691 0.290384 0
    outer loop
      vertex -20.2158 -22.4989 0
      vertex -20.1816 -22.3862 4
      vertex -20.1816 -22.3862 0
    endloop
  endfacet
  facet normal -0.95691 0.290384 0
    outer loop
      vertex -20.1816 -22.3862 4
      vertex -20.2158 -22.4989 0
      vertex -20.2158 -22.4989 4
    endloop
  endfacet
  facet normal -0.995229 0.0975714 0
    outer loop
      vertex -20.1357 -22.1553 0
      vertex -20.1242 -22.038 4
      vertex -20.1242 -22.038 0
    endloop
  endfacet
  facet normal -0.995229 0.0975714 0
    outer loop
      vertex -20.1242 -22.038 4
      vertex -20.1357 -22.1553 0
      vertex -20.1357 -22.1553 4
    endloop
  endfacet
  facet normal 0.683376 0.730066 -0
    outer loop
      vertex -23.1071 -23.2736 0
      vertex -23.1931 -23.1931 4
      vertex -23.1071 -23.2736 4
    endloop
  endfacet
  facet normal 0.683376 0.730066 0
    outer loop
      vertex -23.1931 -23.1931 4
      vertex -23.1071 -23.2736 0
      vertex -23.1931 -23.1931 0
    endloop
  endfacet
  facet normal 0.772935 0.634486 0
    outer loop
      vertex -23.2736 -23.1071 4
      vertex -23.3483 -23.0161 0
      vertex -23.3483 -23.0161 4
    endloop
  endfacet
  facet normal 0.772935 0.634486 0
    outer loop
      vertex -23.3483 -23.0161 0
      vertex -23.2736 -23.1071 4
      vertex -23.2736 -23.1071 0
    endloop
  endfacet
  facet normal 0.95691 0.290384 0
    outer loop
      vertex -23.6248 -22.4989 4
      vertex -23.659 -22.3862 0
      vertex -23.659 -22.3862 4
    endloop
  endfacet
  facet normal 0.95691 0.290384 0
    outer loop
      vertex -23.659 -22.3862 0
      vertex -23.6248 -22.4989 4
      vertex -23.6248 -22.4989 0
    endloop
  endfacet
  facet normal 0.910918 0.412587 0
    outer loop
      vertex -23.5347 -22.7164 4
      vertex -23.5833 -22.6091 0
      vertex -23.5833 -22.6091 4
    endloop
  endfacet
  facet normal 0.910918 0.412587 0
    outer loop
      vertex -23.5833 -22.6091 0
      vertex -23.5347 -22.7164 4
      vertex -23.5347 -22.7164 0
    endloop
  endfacet
  facet normal 0.999479 -0.0322687 0
    outer loop
      vertex -23.7203 -21.9203 4
      vertex -23.7165 -21.8026 0
      vertex -23.7165 -21.8026 4
    endloop
  endfacet
  facet normal 0.999479 -0.0322687 0
    outer loop
      vertex -23.7165 -21.8026 0
      vertex -23.7203 -21.9203 4
      vertex -23.7203 -21.9203 0
    endloop
  endfacet
  facet normal 0.986622 0.163022 0
    outer loop
      vertex -23.6857 -22.2715 4
      vertex -23.7049 -22.1553 0
      vertex -23.7049 -22.1553 4
    endloop
  endfacet
  facet normal 0.986622 0.163022 0
    outer loop
      vertex -23.7049 -22.1553 0
      vertex -23.6857 -22.2715 4
      vertex -23.6857 -22.2715 0
    endloop
  endfacet
  facet normal 0.730066 -0.683376 0
    outer loop
      vertex -23.2736 -20.7335 4
      vertex -23.1931 -20.6475 0
      vertex -23.1931 -20.6475 4
    endloop
  endfacet
  facet normal 0.730066 -0.683376 0
    outer loop
      vertex -23.1931 -20.6475 0
      vertex -23.2736 -20.7335 4
      vertex -23.2736 -20.7335 0
    endloop
  endfacet
  facet normal -0.582201 -0.813045 0
    outer loop
      vertex -20.9203 -20.4237 0
      vertex -20.8245 -20.4923 4
      vertex -20.9203 -20.4237 4
    endloop
  endfacet
  facet normal -0.582201 -0.813045 -0
    outer loop
      vertex -20.8245 -20.4923 4
      vertex -20.9203 -20.4237 0
      vertex -20.8245 -20.4923 0
    endloop
  endfacet
  facet normal -0.412587 -0.910918 0
    outer loop
      vertex -21.2315 -20.2573 0
      vertex -21.1242 -20.3059 4
      vertex -21.2315 -20.2573 4
    endloop
  endfacet
  facet normal -0.412587 -0.910918 -0
    outer loop
      vertex -21.1242 -20.3059 4
      vertex -21.2315 -20.2573 0
      vertex -21.1242 -20.3059 0
    endloop
  endfacet
  facet normal 0.528166 0.849141 -0
    outer loop
      vertex -22.8203 -23.4792 0
      vertex -22.9203 -23.417 4
      vertex -22.8203 -23.4792 4
    endloop
  endfacet
  facet normal 0.528166 0.849141 0
    outer loop
      vertex -22.9203 -23.417 4
      vertex -22.8203 -23.4792 0
      vertex -22.9203 -23.417 0
    endloop
  endfacet
  facet normal 0.290384 0.95691 -0
    outer loop
      vertex -22.3862 -23.659 0
      vertex -22.4989 -23.6248 4
      vertex -22.3862 -23.659 4
    endloop
  endfacet
  facet normal 0.290384 0.95691 0
    outer loop
      vertex -22.4989 -23.6248 4
      vertex -22.3862 -23.659 0
      vertex -22.4989 -23.6248 0
    endloop
  endfacet
  facet normal -0.634486 0.772935 0
    outer loop
      vertex -20.7335 -23.2736 0
      vertex -20.8245 -23.3483 4
      vertex -20.7335 -23.2736 4
    endloop
  endfacet
  facet normal -0.634486 0.772935 0
    outer loop
      vertex -20.8245 -23.3483 4
      vertex -20.7335 -23.2736 0
      vertex -20.8245 -23.3483 0
    endloop
  endfacet
  facet normal -0.471161 0.882047 0
    outer loop
      vertex -21.0203 -23.4792 0
      vertex -21.1242 -23.5347 4
      vertex -21.0203 -23.4792 4
    endloop
  endfacet
  facet normal -0.471161 0.882047 0
    outer loop
      vertex -21.1242 -23.5347 4
      vertex -21.0203 -23.4792 0
      vertex -21.1242 -23.5347 0
    endloop
  endfacet
  facet normal -0.772935 -0.634486 0
    outer loop
      vertex -20.4923 -20.8245 0
      vertex -20.567 -20.7335 4
      vertex -20.567 -20.7335 0
    endloop
  endfacet
  facet normal -0.772935 -0.634486 0
    outer loop
      vertex -20.567 -20.7335 4
      vertex -20.4923 -20.8245 0
      vertex -20.4923 -20.8245 4
    endloop
  endfacet
  facet normal -0.772935 0.634486 0
    outer loop
      vertex -20.567 -23.1071 0
      vertex -20.4923 -23.0161 4
      vertex -20.4923 -23.0161 0
    endloop
  endfacet
  facet normal -0.772935 0.634486 0
    outer loop
      vertex -20.4923 -23.0161 4
      vertex -20.567 -23.1071 0
      vertex -20.567 -23.1071 4
    endloop
  endfacet
  facet normal -0.999451 0.0331169 0
    outer loop
      vertex -20.1242 -22.038 0
      vertex -20.1203 -21.9203 4
      vertex -20.1203 -21.9203 0
    endloop
  endfacet
  facet normal -0.999451 0.0331169 0
    outer loop
      vertex -20.1203 -21.9203 4
      vertex -20.1242 -22.038 0
      vertex -20.1242 -22.038 4
    endloop
  endfacet
  facet normal 0.849141 0.528166 0
    outer loop
      vertex -23.417 -22.9203 4
      vertex -23.4792 -22.8203 0
      vertex -23.4792 -22.8203 4
    endloop
  endfacet
  facet normal 0.849141 0.528166 0
    outer loop
      vertex -23.4792 -22.8203 0
      vertex -23.417 -22.9203 4
      vertex -23.417 -22.9203 0
    endloop
  endfacet
  facet normal 0.986645 -0.162885 0
    outer loop
      vertex -23.7049 -21.6854 4
      vertex -23.6857 -21.5691 0
      vertex -23.6857 -21.5691 4
    endloop
  endfacet
  facet normal 0.986645 -0.162885 0
    outer loop
      vertex -23.6857 -21.5691 0
      vertex -23.7049 -21.6854 4
      vertex -23.7049 -21.6854 0
    endloop
  endfacet
  facet normal 0.995146 0.0984117 0
    outer loop
      vertex -23.7049 -22.1553 4
      vertex -23.7165 -22.038 0
      vertex -23.7165 -22.038 4
    endloop
  endfacet
  facet normal 0.995146 0.0984117 0
    outer loop
      vertex -23.7165 -22.038 0
      vertex -23.7049 -22.1553 4
      vertex -23.7049 -22.1553 0
    endloop
  endfacet
  facet normal 0.97396 0.22672 0
    outer loop
      vertex -23.659 -22.3862 4
      vertex -23.6857 -22.2715 0
      vertex -23.6857 -22.2715 4
    endloop
  endfacet
  facet normal 0.97396 0.22672 0
    outer loop
      vertex -23.6857 -22.2715 0
      vertex -23.659 -22.3862 4
      vertex -23.659 -22.3862 0
    endloop
  endfacet
  facet normal 0.412587 -0.910918 0
    outer loop
      vertex -22.7164 -20.3059 0
      vertex -22.6091 -20.2573 4
      vertex -22.7164 -20.3059 4
    endloop
  endfacet
  facet normal 0.412587 -0.910918 0
    outer loop
      vertex -22.6091 -20.2573 4
      vertex -22.7164 -20.3059 0
      vertex -22.6091 -20.2573 0
    endloop
  endfacet
  facet normal 0.22672 -0.97396 0
    outer loop
      vertex -22.3862 -20.1816 0
      vertex -22.2715 -20.1549 4
      vertex -22.3862 -20.1816 4
    endloop
  endfacet
  facet normal 0.22672 -0.97396 0
    outer loop
      vertex -22.2715 -20.1549 4
      vertex -22.3862 -20.1816 0
      vertex -22.2715 -20.1549 0
    endloop
  endfacet
  facet normal 0.634486 -0.772935 0
    outer loop
      vertex -23.1071 -20.567 0
      vertex -23.0161 -20.4923 4
      vertex -23.1071 -20.567 4
    endloop
  endfacet
  facet normal 0.634486 -0.772935 0
    outer loop
      vertex -23.0161 -20.4923 4
      vertex -23.1071 -20.567 0
      vertex -23.0161 -20.4923 0
    endloop
  endfacet
  facet normal -0.22672 -0.97396 0
    outer loop
      vertex -21.5691 -20.1549 0
      vertex -21.4544 -20.1816 4
      vertex -21.5691 -20.1549 4
    endloop
  endfacet
  facet normal -0.22672 -0.97396 -0
    outer loop
      vertex -21.4544 -20.1816 4
      vertex -21.5691 -20.1549 0
      vertex -21.4544 -20.1816 0
    endloop
  endfacet
  facet normal -0.0331169 -0.999451 0
    outer loop
      vertex -21.9203 -20.1203 0
      vertex -21.8026 -20.1242 4
      vertex -21.9203 -20.1203 4
    endloop
  endfacet
  facet normal -0.0331169 -0.999451 -0
    outer loop
      vertex -21.8026 -20.1242 4
      vertex -21.9203 -20.1203 0
      vertex -21.8026 -20.1242 0
    endloop
  endfacet
  facet normal -0.528166 -0.849141 0
    outer loop
      vertex -21.0203 -20.3615 0
      vertex -20.9203 -20.4237 4
      vertex -21.0203 -20.3615 4
    endloop
  endfacet
  facet normal -0.528166 -0.849141 -0
    outer loop
      vertex -20.9203 -20.4237 4
      vertex -21.0203 -20.3615 0
      vertex -20.9203 -20.4237 0
    endloop
  endfacet
  facet normal 0.812643 -0.582762 0
    outer loop
      vertex -23.417 -20.9203 4
      vertex -23.3483 -20.8245 0
      vertex -23.3483 -20.8245 4
    endloop
  endfacet
  facet normal 0.812643 -0.582762 0
    outer loop
      vertex -23.3483 -20.8245 0
      vertex -23.417 -20.9203 4
      vertex -23.417 -20.9203 0
    endloop
  endfacet
  facet normal 0.812643 0.582762 0
    outer loop
      vertex -23.3483 -23.0161 4
      vertex -23.417 -22.9203 0
      vertex -23.417 -22.9203 4
    endloop
  endfacet
  facet normal 0.812643 0.582762 0
    outer loop
      vertex -23.417 -22.9203 0
      vertex -23.3483 -23.0161 4
      vertex -23.3483 -23.0161 0
    endloop
  endfacet
  facet normal 0.93584 0.352426 0
    outer loop
      vertex -23.5833 -22.6091 4
      vertex -23.6248 -22.4989 0
      vertex -23.6248 -22.4989 4
    endloop
  endfacet
  facet normal 0.93584 0.352426 0
    outer loop
      vertex -23.6248 -22.4989 0
      vertex -23.5833 -22.6091 4
      vertex -23.5833 -22.6091 0
    endloop
  endfacet
  facet normal 0.999479 0.0322687 0
    outer loop
      vertex -23.7165 -22.038 4
      vertex -23.7203 -21.9203 0
      vertex -23.7203 -21.9203 4
    endloop
  endfacet
  facet normal 0.999479 0.0322687 0
    outer loop
      vertex -23.7203 -21.9203 0
      vertex -23.7165 -22.038 4
      vertex -23.7165 -22.038 0
    endloop
  endfacet
  facet normal 0.352426 -0.93584 0
    outer loop
      vertex -22.6091 -20.2573 0
      vertex -22.4989 -20.2158 4
      vertex -22.6091 -20.2573 4
    endloop
  endfacet
  facet normal 0.352426 -0.93584 0
    outer loop
      vertex -22.4989 -20.2158 4
      vertex -22.6091 -20.2573 0
      vertex -22.4989 -20.2158 0
    endloop
  endfacet
  facet normal 0.471821 -0.881694 0
    outer loop
      vertex -22.8203 -20.3615 0
      vertex -22.7164 -20.3059 4
      vertex -22.8203 -20.3615 4
    endloop
  endfacet
  facet normal 0.471821 -0.881694 0
    outer loop
      vertex -22.7164 -20.3059 4
      vertex -22.8203 -20.3615 0
      vertex -22.7164 -20.3059 0
    endloop
  endfacet
  facet normal 0.582201 -0.813045 0
    outer loop
      vertex -23.0161 -20.4923 0
      vertex -22.9203 -20.4237 4
      vertex -23.0161 -20.4923 4
    endloop
  endfacet
  facet normal 0.582201 -0.813045 0
    outer loop
      vertex -22.9203 -20.4237 4
      vertex -23.0161 -20.4923 0
      vertex -22.9203 -20.4237 0
    endloop
  endfacet
  facet normal 0.683376 -0.730066 0
    outer loop
      vertex -23.1931 -20.6475 0
      vertex -23.1071 -20.567 4
      vertex -23.1931 -20.6475 4
    endloop
  endfacet
  facet normal 0.683376 -0.730066 0
    outer loop
      vertex -23.1071 -20.567 4
      vertex -23.1931 -20.6475 0
      vertex -23.1071 -20.567 0
    endloop
  endfacet
  facet normal -0.162885 -0.986645 0
    outer loop
      vertex -21.6854 -20.1357 0
      vertex -21.5691 -20.1549 4
      vertex -21.6854 -20.1357 4
    endloop
  endfacet
  facet normal -0.162885 -0.986645 -0
    outer loop
      vertex -21.5691 -20.1549 4
      vertex -21.6854 -20.1357 0
      vertex -21.5691 -20.1549 0
    endloop
  endfacet
  facet normal -0.0976539 -0.99522 0
    outer loop
      vertex -21.8026 -20.1242 0
      vertex -21.6854 -20.1357 4
      vertex -21.8026 -20.1242 4
    endloop
  endfacet
  facet normal -0.0976539 -0.99522 -0
    outer loop
      vertex -21.6854 -20.1357 4
      vertex -21.8026 -20.1242 0
      vertex -21.6854 -20.1357 0
    endloop
  endfacet
  facet normal 0.0331169 -0.999451 0
    outer loop
      vertex -22.038 -20.1242 0
      vertex -21.9203 -20.1203 4
      vertex -22.038 -20.1242 4
    endloop
  endfacet
  facet normal 0.0331169 -0.999451 0
    outer loop
      vertex -21.9203 -20.1203 4
      vertex -22.038 -20.1242 0
      vertex -21.9203 -20.1203 0
    endloop
  endfacet
  facet normal -0.634486 -0.772935 0
    outer loop
      vertex -20.8245 -20.4923 0
      vertex -20.7335 -20.567 4
      vertex -20.8245 -20.4923 4
    endloop
  endfacet
  facet normal -0.634486 -0.772935 -0
    outer loop
      vertex -20.7335 -20.567 4
      vertex -20.8245 -20.4923 0
      vertex -20.7335 -20.567 0
    endloop
  endfacet
  facet normal -0.683376 -0.730066 0
    outer loop
      vertex -20.7335 -20.567 0
      vertex -20.6475 -20.6475 4
      vertex -20.7335 -20.567 4
    endloop
  endfacet
  facet normal -0.683376 -0.730066 -0
    outer loop
      vertex -20.6475 -20.6475 4
      vertex -20.7335 -20.567 0
      vertex -20.6475 -20.6475 0
    endloop
  endfacet
  facet normal -0.471821 -0.881694 0
    outer loop
      vertex -21.1242 -20.3059 0
      vertex -21.0203 -20.3615 4
      vertex -21.1242 -20.3059 4
    endloop
  endfacet
  facet normal -0.471821 -0.881694 -0
    outer loop
      vertex -21.0203 -20.3615 4
      vertex -21.1242 -20.3059 0
      vertex -21.0203 -20.3615 0
    endloop
  endfacet
  facet normal 0.849141 -0.528166 0
    outer loop
      vertex -23.4792 -21.0203 4
      vertex -23.417 -20.9203 0
      vertex -23.417 -20.9203 4
    endloop
  endfacet
  facet normal 0.849141 -0.528166 0
    outer loop
      vertex -23.417 -20.9203 0
      vertex -23.4792 -21.0203 4
      vertex -23.4792 -21.0203 0
    endloop
  endfacet
  facet normal 0.910918 -0.412587 0
    outer loop
      vertex -23.5833 -21.2315 4
      vertex -23.5347 -21.1242 0
      vertex -23.5347 -21.1242 4
    endloop
  endfacet
  facet normal 0.910918 -0.412587 0
    outer loop
      vertex -23.5347 -21.1242 0
      vertex -23.5833 -21.2315 4
      vertex -23.5833 -21.2315 0
    endloop
  endfacet
  facet normal 0.882047 -0.471161 0
    outer loop
      vertex -23.5347 -21.1242 4
      vertex -23.4792 -21.0203 0
      vertex -23.4792 -21.0203 4
    endloop
  endfacet
  facet normal 0.882047 -0.471161 0
    outer loop
      vertex -23.4792 -21.0203 0
      vertex -23.5347 -21.1242 4
      vertex -23.5347 -21.1242 0
    endloop
  endfacet
  facet normal 0.995138 -0.0984948 0
    outer loop
      vertex -23.7165 -21.8026 4
      vertex -23.7049 -21.6854 0
      vertex -23.7049 -21.6854 4
    endloop
  endfacet
  facet normal 0.995138 -0.0984948 0
    outer loop
      vertex -23.7049 -21.6854 0
      vertex -23.7165 -21.8026 4
      vertex -23.7165 -21.8026 0
    endloop
  endfacet
  facet normal 0.97396 -0.22672 0
    outer loop
      vertex -23.6857 -21.5691 4
      vertex -23.659 -21.4544 0
      vertex -23.659 -21.4544 4
    endloop
  endfacet
  facet normal 0.97396 -0.22672 0
    outer loop
      vertex -23.659 -21.4544 0
      vertex -23.6857 -21.5691 4
      vertex -23.6857 -21.5691 0
    endloop
  endfacet
  facet normal 0.95691 -0.290384 0
    outer loop
      vertex -23.659 -21.4544 4
      vertex -23.6248 -21.3417 0
      vertex -23.6248 -21.3417 4
    endloop
  endfacet
  facet normal 0.95691 -0.290384 0
    outer loop
      vertex -23.6248 -21.3417 0
      vertex -23.659 -21.4544 4
      vertex -23.659 -21.4544 0
    endloop
  endfacet
  facet normal 0.290384 -0.95691 0
    outer loop
      vertex -22.4989 -20.2158 0
      vertex -22.3862 -20.1816 4
      vertex -22.4989 -20.2158 4
    endloop
  endfacet
  facet normal 0.290384 -0.95691 0
    outer loop
      vertex -22.3862 -20.1816 4
      vertex -22.4989 -20.2158 0
      vertex -22.3862 -20.1816 0
    endloop
  endfacet
  facet normal 0.163022 -0.986622 0
    outer loop
      vertex -22.2715 -20.1549 0
      vertex -22.1553 -20.1357 4
      vertex -22.2715 -20.1549 4
    endloop
  endfacet
  facet normal 0.163022 -0.986622 0
    outer loop
      vertex -22.1553 -20.1357 4
      vertex -22.2715 -20.1549 0
      vertex -22.1553 -20.1357 0
    endloop
  endfacet
  facet normal 0.0975714 -0.995229 0
    outer loop
      vertex -22.1553 -20.1357 0
      vertex -22.038 -20.1242 4
      vertex -22.1553 -20.1357 4
    endloop
  endfacet
  facet normal 0.0975714 -0.995229 0
    outer loop
      vertex -22.038 -20.1242 4
      vertex -22.1553 -20.1357 0
      vertex -22.038 -20.1242 0
    endloop
  endfacet
  facet normal 0.528166 -0.849141 0
    outer loop
      vertex -22.9203 -20.4237 0
      vertex -22.8203 -20.3615 4
      vertex -22.9203 -20.4237 4
    endloop
  endfacet
  facet normal 0.528166 -0.849141 0
    outer loop
      vertex -22.8203 -20.3615 4
      vertex -22.9203 -20.4237 0
      vertex -22.8203 -20.3615 0
    endloop
  endfacet
  facet normal -0.290384 -0.95691 0
    outer loop
      vertex -21.4544 -20.1816 0
      vertex -21.3417 -20.2158 4
      vertex -21.4544 -20.1816 4
    endloop
  endfacet
  facet normal -0.290384 -0.95691 -0
    outer loop
      vertex -21.3417 -20.2158 4
      vertex -21.4544 -20.1816 0
      vertex -21.3417 -20.2158 0
    endloop
  endfacet
  facet normal -0.93584 0.352426 0
    outer loop
      vertex 23.5833 -22.6091 0
      vertex 23.6248 -22.4989 4
      vertex 23.6248 -22.4989 0
    endloop
  endfacet
  facet normal -0.93584 0.352426 0
    outer loop
      vertex 23.6248 -22.4989 4
      vertex 23.5833 -22.6091 0
      vertex 23.5833 -22.6091 4
    endloop
  endfacet
  facet normal -0.93584 -0.352426 0
    outer loop
      vertex 23.6248 -21.3417 0
      vertex 23.5833 -21.2315 4
      vertex 23.5833 -21.2315 0
    endloop
  endfacet
  facet normal -0.93584 -0.352426 0
    outer loop
      vertex 23.5833 -21.2315 4
      vertex 23.6248 -21.3417 0
      vertex 23.6248 -21.3417 4
    endloop
  endfacet
  facet normal -0.412587 -0.910918 0
    outer loop
      vertex 22.6091 -20.2573 0
      vertex 22.7164 -20.3059 4
      vertex 22.6091 -20.2573 4
    endloop
  endfacet
  facet normal -0.412587 -0.910918 -0
    outer loop
      vertex 22.7164 -20.3059 4
      vertex 22.6091 -20.2573 0
      vertex 22.7164 -20.3059 0
    endloop
  endfacet
  facet normal 0.352426 -0.93584 0
    outer loop
      vertex 21.2315 -20.2573 0
      vertex 21.3417 -20.2158 4
      vertex 21.2315 -20.2573 4
    endloop
  endfacet
  facet normal 0.352426 -0.93584 0
    outer loop
      vertex 21.3417 -20.2158 4
      vertex 21.2315 -20.2573 0
      vertex 21.3417 -20.2158 0
    endloop
  endfacet
  facet normal -0.683376 0.730066 0
    outer loop
      vertex 23.1931 -23.1931 0
      vertex 23.1071 -23.2736 4
      vertex 23.1931 -23.1931 4
    endloop
  endfacet
  facet normal -0.683376 0.730066 0
    outer loop
      vertex 23.1071 -23.2736 4
      vertex 23.1931 -23.1931 0
      vertex 23.1071 -23.2736 0
    endloop
  endfacet
  facet normal -0.882047 0.471161 0
    outer loop
      vertex 23.4792 -22.8203 0
      vertex 23.5347 -22.7164 4
      vertex 23.5347 -22.7164 0
    endloop
  endfacet
  facet normal -0.882047 0.471161 0
    outer loop
      vertex 23.5347 -22.7164 4
      vertex 23.4792 -22.8203 0
      vertex 23.4792 -22.8203 4
    endloop
  endfacet
  facet normal -0.986645 -0.162885 0
    outer loop
      vertex 23.7049 -21.6854 0
      vertex 23.6857 -21.5691 4
      vertex 23.6857 -21.5691 0
    endloop
  endfacet
  facet normal -0.986645 -0.162885 0
    outer loop
      vertex 23.6857 -21.5691 4
      vertex 23.7049 -21.6854 0
      vertex 23.7049 -21.6854 4
    endloop
  endfacet
  facet normal 0.582201 -0.813045 0
    outer loop
      vertex 20.8245 -20.4923 0
      vertex 20.9203 -20.4237 4
      vertex 20.8245 -20.4923 4
    endloop
  endfacet
  facet normal 0.582201 -0.813045 0
    outer loop
      vertex 20.9203 -20.4237 4
      vertex 20.8245 -20.4923 0
      vertex 20.9203 -20.4237 0
    endloop
  endfacet
  facet normal 0.0331169 -0.999451 0
    outer loop
      vertex 21.8026 -20.1242 0
      vertex 21.9203 -20.1203 4
      vertex 21.8026 -20.1242 4
    endloop
  endfacet
  facet normal 0.0331169 -0.999451 0
    outer loop
      vertex 21.9203 -20.1203 4
      vertex 21.8026 -20.1242 0
      vertex 21.9203 -20.1203 0
    endloop
  endfacet
  facet normal -0.582201 -0.813045 0
    outer loop
      vertex 22.9203 -20.4237 0
      vertex 23.0161 -20.4923 4
      vertex 22.9203 -20.4237 4
    endloop
  endfacet
  facet normal -0.582201 -0.813045 -0
    outer loop
      vertex 23.0161 -20.4923 4
      vertex 22.9203 -20.4237 0
      vertex 23.0161 -20.4923 0
    endloop
  endfacet
  facet normal -0.772935 0.634486 0
    outer loop
      vertex 23.2736 -23.1071 0
      vertex 23.3483 -23.0161 4
      vertex 23.3483 -23.0161 0
    endloop
  endfacet
  facet normal -0.772935 0.634486 0
    outer loop
      vertex 23.3483 -23.0161 4
      vertex 23.2736 -23.1071 0
      vertex 23.2736 -23.1071 4
    endloop
  endfacet
  facet normal -0.986622 0.163022 0
    outer loop
      vertex 23.6857 -22.2715 0
      vertex 23.7049 -22.1553 4
      vertex 23.7049 -22.1553 0
    endloop
  endfacet
  facet normal -0.986622 0.163022 0
    outer loop
      vertex 23.7049 -22.1553 4
      vertex 23.6857 -22.2715 0
      vertex 23.6857 -22.2715 4
    endloop
  endfacet
  facet normal -0.995146 0.0984117 0
    outer loop
      vertex 23.7049 -22.1553 0
      vertex 23.7165 -22.038 4
      vertex 23.7165 -22.038 0
    endloop
  endfacet
  facet normal -0.995146 0.0984117 0
    outer loop
      vertex 23.7165 -22.038 4
      vertex 23.7049 -22.1553 0
      vertex 23.7049 -22.1553 4
    endloop
  endfacet
  facet normal -0.730066 -0.683376 0
    outer loop
      vertex 23.2736 -20.7335 0
      vertex 23.1931 -20.6475 4
      vertex 23.1931 -20.6475 0
    endloop
  endfacet
  facet normal -0.730066 -0.683376 0
    outer loop
      vertex 23.1931 -20.6475 4
      vertex 23.2736 -20.7335 0
      vertex 23.2736 -20.7335 4
    endloop
  endfacet
  facet normal -0.849141 -0.528166 0
    outer loop
      vertex 23.4792 -21.0203 0
      vertex 23.417 -20.9203 4
      vertex 23.417 -20.9203 0
    endloop
  endfacet
  facet normal -0.849141 -0.528166 0
    outer loop
      vertex 23.417 -20.9203 4
      vertex 23.4792 -21.0203 0
      vertex 23.4792 -21.0203 4
    endloop
  endfacet
  facet normal -0.995138 -0.0984948 0
    outer loop
      vertex 23.7165 -21.8026 0
      vertex 23.7049 -21.6854 4
      vertex 23.7049 -21.6854 0
    endloop
  endfacet
  facet normal -0.995138 -0.0984948 0
    outer loop
      vertex 23.7049 -21.6854 4
      vertex 23.7165 -21.8026 0
      vertex 23.7165 -21.8026 4
    endloop
  endfacet
  facet normal -0.97396 -0.22672 0
    outer loop
      vertex 23.6857 -21.5691 0
      vertex 23.659 -21.4544 4
      vertex 23.659 -21.4544 0
    endloop
  endfacet
  facet normal -0.97396 -0.22672 0
    outer loop
      vertex 23.659 -21.4544 4
      vertex 23.6857 -21.5691 0
      vertex 23.6857 -21.5691 4
    endloop
  endfacet
  facet normal 0.683376 -0.730066 0
    outer loop
      vertex 20.6475 -20.6475 0
      vertex 20.7335 -20.567 4
      vertex 20.6475 -20.6475 4
    endloop
  endfacet
  facet normal 0.683376 -0.730066 0
    outer loop
      vertex 20.7335 -20.567 4
      vertex 20.6475 -20.6475 0
      vertex 20.7335 -20.567 0
    endloop
  endfacet
  facet normal 0.528166 -0.849141 0
    outer loop
      vertex 20.9203 -20.4237 0
      vertex 21.0203 -20.3615 4
      vertex 20.9203 -20.4237 4
    endloop
  endfacet
  facet normal 0.528166 -0.849141 0
    outer loop
      vertex 21.0203 -20.3615 4
      vertex 20.9203 -20.4237 0
      vertex 21.0203 -20.3615 0
    endloop
  endfacet
  facet normal 0.162885 -0.986645 0
    outer loop
      vertex 21.5691 -20.1549 0
      vertex 21.6854 -20.1357 4
      vertex 21.5691 -20.1549 4
    endloop
  endfacet
  facet normal 0.162885 -0.986645 0
    outer loop
      vertex 21.6854 -20.1357 4
      vertex 21.5691 -20.1549 0
      vertex 21.6854 -20.1357 0
    endloop
  endfacet
  facet normal -0.634486 -0.772935 0
    outer loop
      vertex 23.0161 -20.4923 0
      vertex 23.1071 -20.567 4
      vertex 23.0161 -20.4923 4
    endloop
  endfacet
  facet normal -0.634486 -0.772935 -0
    outer loop
      vertex 23.1071 -20.567 4
      vertex 23.0161 -20.4923 0
      vertex 23.1071 -20.567 0
    endloop
  endfacet
  facet normal -0.528166 -0.849141 0
    outer loop
      vertex 22.8203 -20.3615 0
      vertex 22.9203 -20.4237 4
      vertex 22.8203 -20.3615 4
    endloop
  endfacet
  facet normal -0.528166 -0.849141 -0
    outer loop
      vertex 22.9203 -20.4237 4
      vertex 22.8203 -20.3615 0
      vertex 22.9203 -20.4237 0
    endloop
  endfacet
  facet normal -0.22672 -0.97396 0
    outer loop
      vertex 22.2715 -20.1549 0
      vertex 22.3862 -20.1816 4
      vertex 22.2715 -20.1549 4
    endloop
  endfacet
  facet normal -0.22672 -0.97396 -0
    outer loop
      vertex 22.3862 -20.1816 4
      vertex 22.2715 -20.1549 0
      vertex 22.3862 -20.1816 0
    endloop
  endfacet
  facet normal -0.163022 -0.986622 0
    outer loop
      vertex 22.1553 -20.1357 0
      vertex 22.2715 -20.1549 4
      vertex 22.1553 -20.1357 4
    endloop
  endfacet
  facet normal -0.163022 -0.986622 -0
    outer loop
      vertex 22.2715 -20.1549 4
      vertex 22.1553 -20.1357 0
      vertex 22.2715 -20.1549 0
    endloop
  endfacet
  facet normal -0.352426 -0.93584 0
    outer loop
      vertex 22.4989 -20.2158 0
      vertex 22.6091 -20.2573 4
      vertex 22.4989 -20.2158 4
    endloop
  endfacet
  facet normal -0.352426 -0.93584 -0
    outer loop
      vertex 22.6091 -20.2573 4
      vertex 22.4989 -20.2158 0
      vertex 22.6091 -20.2573 0
    endloop
  endfacet
  facet normal -0.730066 0.683376 0
    outer loop
      vertex 23.1931 -23.1931 0
      vertex 23.2736 -23.1071 4
      vertex 23.2736 -23.1071 0
    endloop
  endfacet
  facet normal -0.730066 0.683376 0
    outer loop
      vertex 23.2736 -23.1071 4
      vertex 23.1931 -23.1931 0
      vertex 23.1931 -23.1931 4
    endloop
  endfacet
  facet normal -0.471161 0.882047 0
    outer loop
      vertex 22.8203 -23.4792 0
      vertex 22.7164 -23.5347 4
      vertex 22.8203 -23.4792 4
    endloop
  endfacet
  facet normal -0.471161 0.882047 0
    outer loop
      vertex 22.7164 -23.5347 4
      vertex 22.8203 -23.4792 0
      vertex 22.7164 -23.5347 0
    endloop
  endfacet
  facet normal -0.0984117 0.995146 0
    outer loop
      vertex 22.1553 -23.7049 0
      vertex 22.038 -23.7165 4
      vertex 22.1553 -23.7049 4
    endloop
  endfacet
  facet normal -0.0984117 0.995146 0
    outer loop
      vertex 22.038 -23.7165 4
      vertex 22.1553 -23.7049 0
      vertex 22.038 -23.7165 0
    endloop
  endfacet
  facet normal 0.683376 0.730066 -0
    outer loop
      vertex 20.7335 -23.2736 0
      vertex 20.6475 -23.1931 4
      vertex 20.7335 -23.2736 4
    endloop
  endfacet
  facet normal 0.683376 0.730066 0
    outer loop
      vertex 20.6475 -23.1931 4
      vertex 20.7335 -23.2736 0
      vertex 20.6475 -23.1931 0
    endloop
  endfacet
  facet normal 0.93584 -0.352426 0
    outer loop
      vertex 20.2158 -21.3417 4
      vertex 20.2573 -21.2315 0
      vertex 20.2573 -21.2315 4
    endloop
  endfacet
  facet normal 0.93584 -0.352426 0
    outer loop
      vertex 20.2573 -21.2315 0
      vertex 20.2158 -21.3417 4
      vertex 20.2158 -21.3417 0
    endloop
  endfacet
  facet normal 0.634486 0.772935 -0
    outer loop
      vertex 20.8245 -23.3483 0
      vertex 20.7335 -23.2736 4
      vertex 20.8245 -23.3483 4
    endloop
  endfacet
  facet normal 0.634486 0.772935 0
    outer loop
      vertex 20.7335 -23.2736 4
      vertex 20.8245 -23.3483 0
      vertex 20.7335 -23.2736 0
    endloop
  endfacet
  facet normal -0.812643 0.582762 0
    outer loop
      vertex 23.3483 -23.0161 0
      vertex 23.417 -22.9203 4
      vertex 23.417 -22.9203 0
    endloop
  endfacet
  facet normal -0.812643 0.582762 0
    outer loop
      vertex 23.417 -22.9203 4
      vertex 23.3483 -23.0161 0
      vertex 23.3483 -23.0161 4
    endloop
  endfacet
  facet normal -0.910918 0.412587 0
    outer loop
      vertex 23.5347 -22.7164 0
      vertex 23.5833 -22.6091 4
      vertex 23.5833 -22.6091 0
    endloop
  endfacet
  facet normal -0.910918 0.412587 0
    outer loop
      vertex 23.5833 -22.6091 4
      vertex 23.5347 -22.7164 0
      vertex 23.5347 -22.7164 4
    endloop
  endfacet
  facet normal -0.97396 0.22672 0
    outer loop
      vertex 23.659 -22.3862 0
      vertex 23.6857 -22.2715 4
      vertex 23.6857 -22.2715 0
    endloop
  endfacet
  facet normal -0.97396 0.22672 0
    outer loop
      vertex 23.6857 -22.2715 4
      vertex 23.659 -22.3862 0
      vertex 23.659 -22.3862 4
    endloop
  endfacet
  facet normal -0.882047 -0.471161 0
    outer loop
      vertex 23.5347 -21.1242 0
      vertex 23.4792 -21.0203 4
      vertex 23.4792 -21.0203 0
    endloop
  endfacet
  facet normal -0.882047 -0.471161 0
    outer loop
      vertex 23.4792 -21.0203 4
      vertex 23.5347 -21.1242 0
      vertex 23.5347 -21.1242 4
    endloop
  endfacet
  facet normal -0.910918 -0.412587 0
    outer loop
      vertex 23.5833 -21.2315 0
      vertex 23.5347 -21.1242 4
      vertex 23.5347 -21.1242 0
    endloop
  endfacet
  facet normal -0.910918 -0.412587 0
    outer loop
      vertex 23.5347 -21.1242 4
      vertex 23.5833 -21.2315 0
      vertex 23.5833 -21.2315 4
    endloop
  endfacet
  facet normal -0.812643 -0.582762 0
    outer loop
      vertex 23.417 -20.9203 0
      vertex 23.3483 -20.8245 4
      vertex 23.3483 -20.8245 0
    endloop
  endfacet
  facet normal -0.812643 -0.582762 0
    outer loop
      vertex 23.3483 -20.8245 4
      vertex 23.417 -20.9203 0
      vertex 23.417 -20.9203 4
    endloop
  endfacet
  facet normal -0.772935 -0.634486 0
    outer loop
      vertex 23.3483 -20.8245 0
      vertex 23.2736 -20.7335 4
      vertex 23.2736 -20.7335 0
    endloop
  endfacet
  facet normal -0.772935 -0.634486 0
    outer loop
      vertex 23.2736 -20.7335 4
      vertex 23.3483 -20.8245 0
      vertex 23.3483 -20.8245 4
    endloop
  endfacet
  facet normal -0.95691 -0.290384 0
    outer loop
      vertex 23.659 -21.4544 0
      vertex 23.6248 -21.3417 4
      vertex 23.6248 -21.3417 0
    endloop
  endfacet
  facet normal -0.95691 -0.290384 0
    outer loop
      vertex 23.6248 -21.3417 4
      vertex 23.659 -21.4544 0
      vertex 23.659 -21.4544 4
    endloop
  endfacet
  facet normal -0.999479 -0.0322687 0
    outer loop
      vertex 23.7203 -21.9203 0
      vertex 23.7165 -21.8026 4
      vertex 23.7165 -21.8026 0
    endloop
  endfacet
  facet normal -0.999479 -0.0322687 0
    outer loop
      vertex 23.7165 -21.8026 4
      vertex 23.7203 -21.9203 0
      vertex 23.7203 -21.9203 4
    endloop
  endfacet
  facet normal 0.471821 -0.881694 0
    outer loop
      vertex 21.0203 -20.3615 0
      vertex 21.1242 -20.3059 4
      vertex 21.0203 -20.3615 4
    endloop
  endfacet
  facet normal 0.471821 -0.881694 0
    outer loop
      vertex 21.1242 -20.3059 4
      vertex 21.0203 -20.3615 0
      vertex 21.1242 -20.3059 0
    endloop
  endfacet
  facet normal 0.412587 -0.910918 0
    outer loop
      vertex 21.1242 -20.3059 0
      vertex 21.2315 -20.2573 4
      vertex 21.1242 -20.3059 4
    endloop
  endfacet
  facet normal 0.412587 -0.910918 0
    outer loop
      vertex 21.2315 -20.2573 4
      vertex 21.1242 -20.3059 0
      vertex 21.2315 -20.2573 0
    endloop
  endfacet
  facet normal 0.634486 -0.772935 0
    outer loop
      vertex 20.7335 -20.567 0
      vertex 20.8245 -20.4923 4
      vertex 20.7335 -20.567 4
    endloop
  endfacet
  facet normal 0.634486 -0.772935 0
    outer loop
      vertex 20.8245 -20.4923 4
      vertex 20.7335 -20.567 0
      vertex 20.8245 -20.4923 0
    endloop
  endfacet
  facet normal 0.22672 -0.97396 0
    outer loop
      vertex 21.4544 -20.1816 0
      vertex 21.5691 -20.1549 4
      vertex 21.4544 -20.1816 4
    endloop
  endfacet
  facet normal 0.22672 -0.97396 0
    outer loop
      vertex 21.5691 -20.1549 4
      vertex 21.4544 -20.1816 0
      vertex 21.5691 -20.1549 0
    endloop
  endfacet
  facet normal 0.290384 -0.95691 0
    outer loop
      vertex 21.3417 -20.2158 0
      vertex 21.4544 -20.1816 4
      vertex 21.3417 -20.2158 4
    endloop
  endfacet
  facet normal 0.290384 -0.95691 0
    outer loop
      vertex 21.4544 -20.1816 4
      vertex 21.3417 -20.2158 0
      vertex 21.4544 -20.1816 0
    endloop
  endfacet
  facet normal 0.0976539 -0.99522 0
    outer loop
      vertex 21.6854 -20.1357 0
      vertex 21.8026 -20.1242 4
      vertex 21.6854 -20.1357 4
    endloop
  endfacet
  facet normal 0.0976539 -0.99522 0
    outer loop
      vertex 21.8026 -20.1242 4
      vertex 21.6854 -20.1357 0
      vertex 21.8026 -20.1242 0
    endloop
  endfacet
  facet normal -0.471821 -0.881694 0
    outer loop
      vertex 22.7164 -20.3059 0
      vertex 22.8203 -20.3615 4
      vertex 22.7164 -20.3059 4
    endloop
  endfacet
  facet normal -0.471821 -0.881694 -0
    outer loop
      vertex 22.8203 -20.3615 4
      vertex 22.7164 -20.3059 0
      vertex 22.8203 -20.3615 0
    endloop
  endfacet
  facet normal -0.683376 -0.730066 0
    outer loop
      vertex 23.1071 -20.567 0
      vertex 23.1931 -20.6475 4
      vertex 23.1071 -20.567 4
    endloop
  endfacet
  facet normal -0.683376 -0.730066 -0
    outer loop
      vertex 23.1931 -20.6475 4
      vertex 23.1071 -20.567 0
      vertex 23.1931 -20.6475 0
    endloop
  endfacet
  facet normal -0.0975714 -0.995229 0
    outer loop
      vertex 22.038 -20.1242 0
      vertex 22.1553 -20.1357 4
      vertex 22.038 -20.1242 4
    endloop
  endfacet
  facet normal -0.0975714 -0.995229 -0
    outer loop
      vertex 22.1553 -20.1357 4
      vertex 22.038 -20.1242 0
      vertex 22.1553 -20.1357 0
    endloop
  endfacet
  facet normal -0.0331169 -0.999451 0
    outer loop
      vertex 21.9203 -20.1203 0
      vertex 22.038 -20.1242 4
      vertex 21.9203 -20.1203 4
    endloop
  endfacet
  facet normal -0.0331169 -0.999451 -0
    outer loop
      vertex 22.038 -20.1242 4
      vertex 21.9203 -20.1203 0
      vertex 22.038 -20.1242 0
    endloop
  endfacet
  facet normal -0.634486 0.772935 0
    outer loop
      vertex 23.1071 -23.2736 0
      vertex 23.0161 -23.3483 4
      vertex 23.1071 -23.2736 4
    endloop
  endfacet
  facet normal -0.634486 0.772935 0
    outer loop
      vertex 23.0161 -23.3483 4
      vertex 23.1071 -23.2736 0
      vertex 23.0161 -23.3483 0
    endloop
  endfacet
  facet normal -0.290384 0.95691 0
    outer loop
      vertex 22.4989 -23.6248 0
      vertex 22.3862 -23.659 4
      vertex 22.4989 -23.6248 4
    endloop
  endfacet
  facet normal -0.290384 0.95691 0
    outer loop
      vertex 22.3862 -23.659 4
      vertex 22.4989 -23.6248 0
      vertex 22.3862 -23.659 0
    endloop
  endfacet
  facet normal -0.412587 0.910918 0
    outer loop
      vertex 22.7164 -23.5347 0
      vertex 22.6091 -23.5833 4
      vertex 22.7164 -23.5347 4
    endloop
  endfacet
  facet normal -0.412587 0.910918 0
    outer loop
      vertex 22.6091 -23.5833 4
      vertex 22.7164 -23.5347 0
      vertex 22.6091 -23.5833 0
    endloop
  endfacet
  facet normal -0.0322687 0.999479 0
    outer loop
      vertex 22.038 -23.7165 0
      vertex 21.9203 -23.7203 4
      vertex 22.038 -23.7165 4
    endloop
  endfacet
  facet normal -0.0322687 0.999479 0
    outer loop
      vertex 21.9203 -23.7203 4
      vertex 22.038 -23.7165 0
      vertex 21.9203 -23.7203 0
    endloop
  endfacet
  facet normal 0.813045 -0.582201 0
    outer loop
      vertex 20.4237 -20.9203 4
      vertex 20.4923 -20.8245 0
      vertex 20.4923 -20.8245 4
    endloop
  endfacet
  facet normal 0.813045 -0.582201 0
    outer loop
      vertex 20.4923 -20.8245 0
      vertex 20.4237 -20.9203 4
      vertex 20.4237 -20.9203 0
    endloop
  endfacet
  facet normal 0.849141 -0.528166 0
    outer loop
      vertex 20.3615 -21.0203 4
      vertex 20.4237 -20.9203 0
      vertex 20.4237 -20.9203 4
    endloop
  endfacet
  facet normal 0.849141 -0.528166 0
    outer loop
      vertex 20.4237 -20.9203 0
      vertex 20.3615 -21.0203 4
      vertex 20.3615 -21.0203 0
    endloop
  endfacet
  facet normal 0.471161 0.882047 -0
    outer loop
      vertex 21.1242 -23.5347 0
      vertex 21.0203 -23.4792 4
      vertex 21.1242 -23.5347 4
    endloop
  endfacet
  facet normal 0.471161 0.882047 0
    outer loop
      vertex 21.0203 -23.4792 4
      vertex 21.1242 -23.5347 0
      vertex 21.0203 -23.4792 0
    endloop
  endfacet
  facet normal 0.352426 0.93584 -0
    outer loop
      vertex 21.3417 -23.6248 0
      vertex 21.2315 -23.5833 4
      vertex 21.3417 -23.6248 4
    endloop
  endfacet
  facet normal 0.352426 0.93584 0
    outer loop
      vertex 21.2315 -23.5833 4
      vertex 21.3417 -23.6248 0
      vertex 21.2315 -23.5833 0
    endloop
  endfacet
  facet normal -0.849141 0.528166 0
    outer loop
      vertex 23.417 -22.9203 0
      vertex 23.4792 -22.8203 4
      vertex 23.4792 -22.8203 0
    endloop
  endfacet
  facet normal -0.849141 0.528166 0
    outer loop
      vertex 23.4792 -22.8203 4
      vertex 23.417 -22.9203 0
      vertex 23.417 -22.9203 4
    endloop
  endfacet
  facet normal -0.95691 0.290384 0
    outer loop
      vertex 23.6248 -22.4989 0
      vertex 23.659 -22.3862 4
      vertex 23.659 -22.3862 0
    endloop
  endfacet
  facet normal -0.95691 0.290384 0
    outer loop
      vertex 23.659 -22.3862 4
      vertex 23.6248 -22.4989 0
      vertex 23.6248 -22.4989 4
    endloop
  endfacet
  facet normal -0.999479 0.0322687 0
    outer loop
      vertex 23.7165 -22.038 0
      vertex 23.7203 -21.9203 4
      vertex 23.7203 -21.9203 0
    endloop
  endfacet
  facet normal -0.999479 0.0322687 0
    outer loop
      vertex 23.7203 -21.9203 4
      vertex 23.7165 -22.038 0
      vertex 23.7165 -22.038 4
    endloop
  endfacet
  facet normal -0.290384 -0.95691 0
    outer loop
      vertex 22.3862 -20.1816 0
      vertex 22.4989 -20.2158 4
      vertex 22.3862 -20.1816 4
    endloop
  endfacet
  facet normal -0.290384 -0.95691 -0
    outer loop
      vertex 22.4989 -20.2158 4
      vertex 22.3862 -20.1816 0
      vertex 22.4989 -20.2158 0
    endloop
  endfacet
  facet normal -0.528166 0.849141 0
    outer loop
      vertex 22.9203 -23.417 0
      vertex 22.8203 -23.4792 4
      vertex 22.9203 -23.417 4
    endloop
  endfacet
  facet normal -0.528166 0.849141 0
    outer loop
      vertex 22.8203 -23.4792 4
      vertex 22.9203 -23.417 0
      vertex 22.8203 -23.4792 0
    endloop
  endfacet
  facet normal 0.162885 0.986645 -0
    outer loop
      vertex 21.6854 -23.7049 0
      vertex 21.5691 -23.6857 4
      vertex 21.6854 -23.7049 4
    endloop
  endfacet
  facet normal 0.162885 0.986645 0
    outer loop
      vertex 21.5691 -23.6857 4
      vertex 21.6854 -23.7049 0
      vertex 21.5691 -23.6857 0
    endloop
  endfacet
  facet normal 0.95691 0.290384 0
    outer loop
      vertex 20.2158 -22.4989 4
      vertex 20.1816 -22.3862 0
      vertex 20.1816 -22.3862 4
    endloop
  endfacet
  facet normal 0.95691 0.290384 0
    outer loop
      vertex 20.1816 -22.3862 0
      vertex 20.2158 -22.4989 4
      vertex 20.2158 -22.4989 0
    endloop
  endfacet
  facet normal 0.97396 -0.22672 0
    outer loop
      vertex 20.1549 -21.5691 4
      vertex 20.1816 -21.4544 0
      vertex 20.1816 -21.4544 4
    endloop
  endfacet
  facet normal 0.97396 -0.22672 0
    outer loop
      vertex 20.1816 -21.4544 0
      vertex 20.1549 -21.5691 4
      vertex 20.1549 -21.5691 0
    endloop
  endfacet
  facet normal 0.999451 -0.0331169 0
    outer loop
      vertex 20.1203 -21.9203 4
      vertex 20.1242 -21.8026 0
      vertex 20.1242 -21.8026 4
    endloop
  endfacet
  facet normal 0.999451 -0.0331169 0
    outer loop
      vertex 20.1242 -21.8026 0
      vertex 20.1203 -21.9203 4
      vertex 20.1203 -21.9203 0
    endloop
  endfacet
  facet normal 0.910918 -0.412587 0
    outer loop
      vertex 20.2573 -21.2315 4
      vertex 20.3059 -21.1242 0
      vertex 20.3059 -21.1242 4
    endloop
  endfacet
  facet normal 0.910918 -0.412587 0
    outer loop
      vertex 20.3059 -21.1242 0
      vertex 20.2573 -21.2315 4
      vertex 20.2573 -21.2315 0
    endloop
  endfacet
  facet normal 0.881694 -0.471821 0
    outer loop
      vertex 20.3059 -21.1242 4
      vertex 20.3615 -21.0203 0
      vertex 20.3615 -21.0203 4
    endloop
  endfacet
  facet normal 0.881694 -0.471821 0
    outer loop
      vertex 20.3615 -21.0203 0
      vertex 20.3059 -21.1242 4
      vertex 20.3059 -21.1242 0
    endloop
  endfacet
  facet normal 0.412587 0.910918 -0
    outer loop
      vertex 21.2315 -23.5833 0
      vertex 21.1242 -23.5347 4
      vertex 21.2315 -23.5833 4
    endloop
  endfacet
  facet normal 0.412587 0.910918 0
    outer loop
      vertex 21.1242 -23.5347 4
      vertex 21.2315 -23.5833 0
      vertex 21.1242 -23.5347 0
    endloop
  endfacet
  facet normal -0.582762 0.812643 0
    outer loop
      vertex 23.0161 -23.3483 0
      vertex 22.9203 -23.417 4
      vertex 23.0161 -23.3483 4
    endloop
  endfacet
  facet normal -0.582762 0.812643 0
    outer loop
      vertex 22.9203 -23.417 4
      vertex 23.0161 -23.3483 0
      vertex 22.9203 -23.417 0
    endloop
  endfacet
  facet normal -0.352426 0.93584 0
    outer loop
      vertex 22.6091 -23.5833 0
      vertex 22.4989 -23.6248 4
      vertex 22.6091 -23.5833 4
    endloop
  endfacet
  facet normal -0.352426 0.93584 0
    outer loop
      vertex 22.4989 -23.6248 4
      vertex 22.6091 -23.5833 0
      vertex 22.4989 -23.6248 0
    endloop
  endfacet
  facet normal 0.0322687 0.999479 -0
    outer loop
      vertex 21.9203 -23.7203 0
      vertex 21.8026 -23.7165 4
      vertex 21.9203 -23.7203 4
    endloop
  endfacet
  facet normal 0.0322687 0.999479 0
    outer loop
      vertex 21.8026 -23.7165 4
      vertex 21.9203 -23.7203 0
      vertex 21.8026 -23.7165 0
    endloop
  endfacet
  facet normal -0.22672 0.97396 0
    outer loop
      vertex 22.3862 -23.659 0
      vertex 22.2715 -23.6857 4
      vertex 22.3862 -23.659 4
    endloop
  endfacet
  facet normal -0.22672 0.97396 0
    outer loop
      vertex 22.2715 -23.6857 4
      vertex 22.3862 -23.659 0
      vertex 22.2715 -23.6857 0
    endloop
  endfacet
  facet normal -0.163022 0.986622 0
    outer loop
      vertex 22.2715 -23.6857 0
      vertex 22.1553 -23.7049 4
      vertex 22.2715 -23.6857 4
    endloop
  endfacet
  facet normal -0.163022 0.986622 0
    outer loop
      vertex 22.1553 -23.7049 4
      vertex 22.2715 -23.6857 0
      vertex 22.1553 -23.7049 0
    endloop
  endfacet
  facet normal 0.772935 0.634486 0
    outer loop
      vertex 20.567 -23.1071 4
      vertex 20.4923 -23.0161 0
      vertex 20.4923 -23.0161 4
    endloop
  endfacet
  facet normal 0.772935 0.634486 0
    outer loop
      vertex 20.4923 -23.0161 0
      vertex 20.567 -23.1071 4
      vertex 20.567 -23.1071 0
    endloop
  endfacet
  facet normal 0.730066 0.683376 0
    outer loop
      vertex 20.6475 -23.1931 4
      vertex 20.567 -23.1071 0
      vertex 20.567 -23.1071 4
    endloop
  endfacet
  facet normal 0.730066 0.683376 0
    outer loop
      vertex 20.567 -23.1071 0
      vertex 20.6475 -23.1931 4
      vertex 20.6475 -23.1931 0
    endloop
  endfacet
  facet normal 0.95691 -0.290384 0
    outer loop
      vertex 20.1816 -21.4544 4
      vertex 20.2158 -21.3417 0
      vertex 20.2158 -21.3417 4
    endloop
  endfacet
  facet normal 0.95691 -0.290384 0
    outer loop
      vertex 20.2158 -21.3417 0
      vertex 20.1816 -21.4544 4
      vertex 20.1816 -21.4544 0
    endloop
  endfacet
  facet normal 0.99522 -0.0976539 0
    outer loop
      vertex 20.1242 -21.8026 4
      vertex 20.1357 -21.6854 0
      vertex 20.1357 -21.6854 4
    endloop
  endfacet
  facet normal 0.99522 -0.0976539 0
    outer loop
      vertex 20.1357 -21.6854 0
      vertex 20.1242 -21.8026 4
      vertex 20.1242 -21.8026 0
    endloop
  endfacet
  facet normal 0.986645 -0.162885 0
    outer loop
      vertex 20.1357 -21.6854 4
      vertex 20.1549 -21.5691 0
      vertex 20.1549 -21.5691 4
    endloop
  endfacet
  facet normal 0.986645 -0.162885 0
    outer loop
      vertex 20.1549 -21.5691 0
      vertex 20.1357 -21.6854 4
      vertex 20.1357 -21.6854 0
    endloop
  endfacet
  facet normal 0.999451 0.0331169 0
    outer loop
      vertex 20.1242 -22.038 4
      vertex 20.1203 -21.9203 0
      vertex 20.1203 -21.9203 4
    endloop
  endfacet
  facet normal 0.999451 0.0331169 0
    outer loop
      vertex 20.1203 -21.9203 0
      vertex 20.1242 -22.038 4
      vertex 20.1242 -22.038 0
    endloop
  endfacet
  facet normal 0.772935 -0.634486 0
    outer loop
      vertex 20.4923 -20.8245 4
      vertex 20.567 -20.7335 0
      vertex 20.567 -20.7335 4
    endloop
  endfacet
  facet normal 0.772935 -0.634486 0
    outer loop
      vertex 20.567 -20.7335 0
      vertex 20.4923 -20.8245 4
      vertex 20.4923 -20.8245 0
    endloop
  endfacet
  facet normal 0.730066 -0.683376 0
    outer loop
      vertex 20.567 -20.7335 4
      vertex 20.6475 -20.6475 0
      vertex 20.6475 -20.6475 4
    endloop
  endfacet
  facet normal 0.730066 -0.683376 0
    outer loop
      vertex 20.6475 -20.6475 0
      vertex 20.567 -20.7335 4
      vertex 20.567 -20.7335 0
    endloop
  endfacet
  facet normal 0.528166 0.849141 -0
    outer loop
      vertex 21.0203 -23.4792 0
      vertex 20.9203 -23.417 4
      vertex 21.0203 -23.4792 4
    endloop
  endfacet
  facet normal 0.528166 0.849141 0
    outer loop
      vertex 20.9203 -23.417 4
      vertex 21.0203 -23.4792 0
      vertex 20.9203 -23.417 0
    endloop
  endfacet
  facet normal 0.582762 0.812643 -0
    outer loop
      vertex 20.9203 -23.417 0
      vertex 20.8245 -23.3483 4
      vertex 20.9203 -23.417 4
    endloop
  endfacet
  facet normal 0.582762 0.812643 0
    outer loop
      vertex 20.8245 -23.3483 4
      vertex 20.9203 -23.417 0
      vertex 20.8245 -23.3483 0
    endloop
  endfacet
  facet normal 0.0984948 0.995138 -0
    outer loop
      vertex 21.8026 -23.7165 0
      vertex 21.6854 -23.7049 4
      vertex 21.8026 -23.7165 4
    endloop
  endfacet
  facet normal 0.0984948 0.995138 0
    outer loop
      vertex 21.6854 -23.7049 4
      vertex 21.8026 -23.7165 0
      vertex 21.6854 -23.7049 0
    endloop
  endfacet
  facet normal 0.22672 0.97396 -0
    outer loop
      vertex 21.5691 -23.6857 0
      vertex 21.4544 -23.659 4
      vertex 21.5691 -23.6857 4
    endloop
  endfacet
  facet normal 0.22672 0.97396 0
    outer loop
      vertex 21.4544 -23.659 4
      vertex 21.5691 -23.6857 0
      vertex 21.4544 -23.659 0
    endloop
  endfacet
  facet normal 0.290384 0.95691 -0
    outer loop
      vertex 21.4544 -23.659 0
      vertex 21.3417 -23.6248 4
      vertex 21.4544 -23.659 4
    endloop
  endfacet
  facet normal 0.290384 0.95691 0
    outer loop
      vertex 21.3417 -23.6248 4
      vertex 21.4544 -23.659 0
      vertex 21.3417 -23.6248 0
    endloop
  endfacet
  facet normal 0.910918 0.412587 0
    outer loop
      vertex 20.3059 -22.7164 4
      vertex 20.2573 -22.6091 0
      vertex 20.2573 -22.6091 4
    endloop
  endfacet
  facet normal 0.910918 0.412587 0
    outer loop
      vertex 20.2573 -22.6091 0
      vertex 20.3059 -22.7164 4
      vertex 20.3059 -22.7164 0
    endloop
  endfacet
  facet normal 0.97396 0.22672 0
    outer loop
      vertex 20.1816 -22.3862 4
      vertex 20.1549 -22.2715 0
      vertex 20.1549 -22.2715 4
    endloop
  endfacet
  facet normal 0.97396 0.22672 0
    outer loop
      vertex 20.1549 -22.2715 0
      vertex 20.1816 -22.3862 4
      vertex 20.1816 -22.3862 0
    endloop
  endfacet
  facet normal 0.986622 0.163022 0
    outer loop
      vertex 20.1549 -22.2715 4
      vertex 20.1357 -22.1553 0
      vertex 20.1357 -22.1553 4
    endloop
  endfacet
  facet normal 0.986622 0.163022 0
    outer loop
      vertex 20.1357 -22.1553 0
      vertex 20.1549 -22.2715 4
      vertex 20.1549 -22.2715 0
    endloop
  endfacet
  facet normal 0.995229 0.0975714 0
    outer loop
      vertex 20.1357 -22.1553 4
      vertex 20.1242 -22.038 0
      vertex 20.1242 -22.038 4
    endloop
  endfacet
  facet normal 0.995229 0.0975714 0
    outer loop
      vertex 20.1242 -22.038 0
      vertex 20.1357 -22.1553 4
      vertex 20.1357 -22.1553 0
    endloop
  endfacet
  facet normal 0.849141 0.528166 0
    outer loop
      vertex 20.4237 -22.9203 4
      vertex 20.3615 -22.8203 0
      vertex 20.3615 -22.8203 4
    endloop
  endfacet
  facet normal 0.849141 0.528166 0
    outer loop
      vertex 20.3615 -22.8203 0
      vertex 20.4237 -22.9203 4
      vertex 20.4237 -22.9203 0
    endloop
  endfacet
  facet normal 0.93584 0.352426 0
    outer loop
      vertex 20.2573 -22.6091 4
      vertex 20.2158 -22.4989 0
      vertex 20.2158 -22.4989 4
    endloop
  endfacet
  facet normal 0.93584 0.352426 0
    outer loop
      vertex 20.2158 -22.4989 0
      vertex 20.2573 -22.6091 4
      vertex 20.2573 -22.6091 0
    endloop
  endfacet
  facet normal 0.881694 0.471821 0
    outer loop
      vertex 20.3615 -22.8203 4
      vertex 20.3059 -22.7164 0
      vertex 20.3059 -22.7164 4
    endloop
  endfacet
  facet normal 0.881694 0.471821 0
    outer loop
      vertex 20.3059 -22.7164 0
      vertex 20.3615 -22.8203 4
      vertex 20.3615 -22.8203 0
    endloop
  endfacet
  facet normal 0.813045 0.582201 0
    outer loop
      vertex 20.4923 -23.0161 4
      vertex 20.4237 -22.9203 0
      vertex 20.4237 -22.9203 4
    endloop
  endfacet
  facet normal 0.813045 0.582201 0
    outer loop
      vertex 20.4237 -22.9203 0
      vertex 20.4923 -23.0161 4
      vertex 20.4923 -23.0161 0
    endloop
  endfacet
  facet normal 0.683615 0.729843 -0
    outer loop
      vertex 25.4558 25.4558 0
      vertex 23.7365 27.0662 4
      vertex 25.4558 25.4558 4
    endloop
  endfacet
  facet normal 0.683615 0.729843 0
    outer loop
      vertex 23.7365 27.0662 4
      vertex 25.4558 25.4558 0
      vertex 23.7365 27.0662 0
    endloop
  endfacet
  facet normal -0.35224 0.93591 0
    outer loop
      vertex -11.5718 34.0895 0
      vertex -13.7766 33.2597 4
      vertex -11.5718 34.0895 4
    endloop
  endfacet
  facet normal -0.35224 0.93591 0
    outer loop
      vertex -13.7766 33.2597 4
      vertex -11.5718 34.0895 0
      vertex -13.7766 33.2597 0
    endloop
  endfacet
  facet normal -0.910856 0.412725 0
    outer loop
      vertex -33.2597 13.7766 0
      vertex -32.2874 15.9224 4
      vertex -32.2874 15.9224 0
    endloop
  endfacet
  facet normal -0.910856 0.412725 0
    outer loop
      vertex -32.2874 15.9224 4
      vertex -33.2597 13.7766 0
      vertex -33.2597 13.7766 4
    endloop
  endfacet
  facet normal 0.999464 -0.0327281 0
    outer loop
      vertex 35.9229 -2.35451 4
      vertex 36 0 0
      vertex 36 0 4
    endloop
  endfacet
  facet normal 0.999464 -0.0327281 0
    outer loop
      vertex 36 0 0
      vertex 35.9229 -2.35451 4
      vertex 35.9229 -2.35451 0
    endloop
  endfacet
  facet normal 0.881921 0.471397 0
    outer loop
      vertex 32.2874 15.9224 4
      vertex 31.1769 18 0
      vertex 31.1769 18 4
    endloop
  endfacet
  facet normal 0.881921 0.471397 0
    outer loop
      vertex 31.1769 18 0
      vertex 32.2874 15.9224 4
      vertex 32.2874 15.9224 0
    endloop
  endfacet
  facet normal 0.412725 0.910856 -0
    outer loop
      vertex 15.9224 32.2874 0
      vertex 13.7766 33.2597 4
      vertex 15.9224 32.2874 4
    endloop
  endfacet
  facet normal 0.412725 0.910856 0
    outer loop
      vertex 13.7766 33.2597 4
      vertex 15.9224 32.2874 0
      vertex 13.7766 33.2597 0
    endloop
  endfacet
  facet normal -0.729843 0.683615 0
    outer loop
      vertex -27.0662 23.7365 0
      vertex -25.4558 25.4558 4
      vertex -25.4558 25.4558 0
    endloop
  endfacet
  facet normal -0.729843 0.683615 0
    outer loop
      vertex -25.4558 25.4558 4
      vertex -27.0662 23.7365 0
      vertex -27.0662 23.7365 4
    endloop
  endfacet
  facet normal -0.162877 0.986646 0
    outer loop
      vertex -4.69894 35.692 0
      vertex -7.02325 35.3083 4
      vertex -4.69894 35.692 4
    endloop
  endfacet
  facet normal -0.162877 0.986646 0
    outer loop
      vertex -7.02325 35.3083 4
      vertex -4.69894 35.692 0
      vertex -7.02325 35.3083 0
    endloop
  endfacet
  facet normal 0.93591 -0.35224 0
    outer loop
      vertex 33.2597 -13.7766 4
      vertex 34.0895 -11.5718 0
      vertex 34.0895 -11.5718 4
    endloop
  endfacet
  facet normal 0.93591 -0.35224 0
    outer loop
      vertex 34.0895 -11.5718 0
      vertex 33.2597 -13.7766 4
      vertex 33.2597 -13.7766 0
    endloop
  endfacet
  facet normal -0.683615 -0.729843 0
    outer loop
      vertex -25.4558 -25.4558 0
      vertex -23.7365 -27.0662 4
      vertex -25.4558 -25.4558 4
    endloop
  endfacet
  facet normal -0.683615 -0.729843 -0
    outer loop
      vertex -23.7365 -27.0662 4
      vertex -25.4558 -25.4558 0
      vertex -23.7365 -27.0662 0
    endloop
  endfacet
  facet normal 0 0 -1
    outer loop
      vertex 20.3059 -21.1242 0
      vertex -20.3059 -21.1242 0
      vertex 20.3615 -21.0203 0
    endloop
  endfacet
  facet normal 0 0 -1
    outer loop
      vertex 20.6475 20.6475 0
      vertex -20.1242 21.8026 0
      vertex -20.1203 21.9203 0
    endloop
  endfacet
  facet normal 0 0 -1
    outer loop
      vertex -20.3615 -21.0203 0
      vertex 20.3615 -21.0203 0
      vertex -20.3059 -21.1242 0
    endloop
  endfacet
  facet normal 0 0 -1
    outer loop
      vertex 20.6475 20.6475 0
      vertex -20.1357 21.6854 0
      vertex -20.1242 21.8026 0
    endloop
  endfacet
  facet normal 0 0 -1
    outer loop
      vertex 20.3615 -21.0203 0
      vertex -20.3615 -21.0203 0
      vertex 20.4237 -20.9203 0
    endloop
  endfacet
  facet normal 0 0 -1
    outer loop
      vertex 20.6475 20.6475 0
      vertex -20.1549 21.5691 0
      vertex -20.1357 21.6854 0
    endloop
  endfacet
  facet normal 0 0 -1
    outer loop
      vertex -20.4237 -20.9203 0
      vertex 20.4237 -20.9203 0
      vertex -20.3615 -21.0203 0
    endloop
  endfacet
  facet normal 0 0 -1
    outer loop
      vertex 20.6475 20.6475 0
      vertex -20.1816 21.4544 0
      vertex -20.1549 21.5691 0
    endloop
  endfacet
  facet normal 0 0 -1
    outer loop
      vertex 20.4237 -20.9203 0
      vertex -20.4237 -20.9203 0
      vertex 20.4923 -20.8245 0
    endloop
  endfacet
  facet normal 0 0 -1
    outer loop
      vertex 20.6475 20.6475 0
      vertex -20.2158 21.3417 0
      vertex -20.1816 21.4544 0
    endloop
  endfacet
  facet normal 0 0 -1
    outer loop
      vertex -20.4923 -20.8245 0
      vertex 20.4923 -20.8245 0
      vertex -20.4237 -20.9203 0
    endloop
  endfacet
  facet normal 0 0 -1
    outer loop
      vertex 20.6475 20.6475 0
      vertex -20.2573 21.2315 0
      vertex -20.2158 21.3417 0
    endloop
  endfacet
  facet normal 0 0 -1
    outer loop
      vertex 20.4923 -20.8245 0
      vertex -20.4923 -20.8245 0
      vertex 20.567 -20.7335 0
    endloop
  endfacet
  facet normal 0 0 -1
    outer loop
      vertex 20.6475 20.6475 0
      vertex -20.3059 21.1242 0
      vertex -20.2573 21.2315 0
    endloop
  endfacet
  facet normal 0 0 -1
    outer loop
      vertex -20.567 -20.7335 0
      vertex 20.567 -20.7335 0
      vertex -20.4923 -20.8245 0
    endloop
  endfacet
  facet normal 0 0 -1
    outer loop
      vertex 20.6475 20.6475 0
      vertex -20.3615 21.0203 0
      vertex -20.3059 21.1242 0
    endloop
  endfacet
  facet normal 0 0 -1
    outer loop
      vertex 20.567 -20.7335 0
      vertex -20.567 -20.7335 0
      vertex 20.6475 -20.6475 0
    endloop
  endfacet
  facet normal 0 0 -1
    outer loop
      vertex 20.6475 20.6475 0
      vertex -20.4237 20.9203 0
      vertex -20.3615 21.0203 0
    endloop
  endfacet
  facet normal 0 0 -1
    outer loop
      vertex -20.6475 -20.6475 0
      vertex 20.6475 -20.6475 0
      vertex -20.567 -20.7335 0
    endloop
  endfacet
  facet normal 0 0 -1
    outer loop
      vertex 20.6475 20.6475 0
      vertex -20.4923 20.8245 0
      vertex -20.4237 20.9203 0
    endloop
  endfacet
  facet normal 0 0 -1
    outer loop
      vertex 20.6475 -20.6475 0
      vertex -20.6475 -20.6475 0
      vertex 20.6475 20.6475 0
    endloop
  endfacet
  facet normal 0 0 -1
    outer loop
      vertex 20.6475 20.6475 0
      vertex -20.567 20.7335 0
      vertex -20.4923 20.8245 0
    endloop
  endfacet
  facet normal 0 0 -1
    outer loop
      vertex -20.6475 20.6475 0
      vertex 20.6475 20.6475 0
      vertex -20.6475 -20.6475 0
    endloop
  endfacet
  facet normal 0 0 -1
    outer loop
      vertex 20.6475 20.6475 0
      vertex -20.6475 20.6475 0
      vertex -20.567 20.7335 0
    endloop
  endfacet
  facet normal 0 0 -1
    outer loop
      vertex -20.7335 -20.567 0
      vertex -20.6475 20.6475 0
      vertex -20.6475 -20.6475 0
    endloop
  endfacet
  facet normal 0 0 -1
    outer loop
      vertex -20.7335 -20.567 0
      vertex -20.7335 20.567 0
      vertex -20.6475 20.6475 0
    endloop
  endfacet
  facet normal 0 0 -1
    outer loop
      vertex -20.8245 -20.4923 0
      vertex -20.7335 20.567 0
      vertex -20.7335 -20.567 0
    endloop
  endfacet
  facet normal 0 0 -1
    outer loop
      vertex -20.8245 -20.4923 0
      vertex -20.8245 20.4923 0
      vertex -20.7335 20.567 0
    endloop
  endfacet
  facet normal 0 0 -1
    outer loop
      vertex -20.9203 -20.4237 0
      vertex -20.8245 20.4923 0
      vertex -20.8245 -20.4923 0
    endloop
  endfacet
  facet normal 0 0 -1
    outer loop
      vertex -20.9203 -20.4237 0
      vertex -20.9203 20.4237 0
      vertex -20.8245 20.4923 0
    endloop
  endfacet
  facet normal 0 0 -1
    outer loop
      vertex -21.0203 -20.3615 0
      vertex -20.9203 20.4237 0
      vertex -20.9203 -20.4237 0
    endloop
  endfacet
  facet normal 0 0 -1
    outer loop
      vertex -21.0203 -20.3615 0
      vertex -21.0203 20.3615 0
      vertex -20.9203 20.4237 0
    endloop
  endfacet
  facet normal 0 0 -1
    outer loop
      vertex -21.1242 -20.3059 0
      vertex -21.0203 20.3615 0
      vertex -21.0203 -20.3615 0
    endloop
  endfacet
  facet normal 0 0 -1
    outer loop
      vertex -21.1242 -20.3059 0
      vertex -21.1242 20.3059 0
      vertex -21.0203 20.3615 0
    endloop
  endfacet
  facet normal 0 0 -1
    outer loop
      vertex -21.2315 -20.2573 0
      vertex -21.1242 20.3059 0
      vertex -21.1242 -20.3059 0
    endloop
  endfacet
  facet normal 0 0 -1
    outer loop
      vertex -21.2315 -20.2573 0
      vertex -21.2315 20.2573 0
      vertex -21.1242 20.3059 0
    endloop
  endfacet
  facet normal 0 0 -1
    outer loop
      vertex -21.3417 -20.2158 0
      vertex -21.2315 20.2573 0
      vertex -21.2315 -20.2573 0
    endloop
  endfacet
  facet normal 0 0 -1
    outer loop
      vertex -21.3417 -20.2158 0
      vertex -21.3417 20.2158 0
      vertex -21.2315 20.2573 0
    endloop
  endfacet
  facet normal 0 0 -1
    outer loop
      vertex -36 0 0
      vertex -21.3417 -20.2158 0
      vertex -21.4544 -20.1816 0
    endloop
  endfacet
  facet normal 0 0 -1
    outer loop
      vertex -21.3417 -20.2158 0
      vertex -36 0 0
      vertex -21.3417 20.2158 0
    endloop
  endfacet
  facet normal 0 0 -1
    outer loop
      vertex -35.692 -4.69894 0
      vertex -21.4544 -20.1816 0
      vertex -21.5691 -20.1549 0
    endloop
  endfacet
  facet normal 0 0 -1
    outer loop
      vertex -21.3417 20.2158 0
      vertex -36 0 0
      vertex -21.4544 20.1816 0
    endloop
  endfacet
  facet normal 0 0 -1
    outer loop
      vertex -35.3083 -7.02325 0
      vertex -21.5691 -20.1549 0
      vertex -21.6854 -20.1357 0
    endloop
  endfacet
  facet normal 0 -0 -1
    outer loop
      vertex -35.9229 2.35451 0
      vertex -21.4544 20.1816 0
      vertex -36 0 0
    endloop
  endfacet
  facet normal 0 0 -1
    outer loop
      vertex -34.7733 -9.31748 0
      vertex -21.6854 -20.1357 0
      vertex -21.8026 -20.1242 0
    endloop
  endfacet
  facet normal 0 -0 -1
    outer loop
      vertex -35.692 4.69894 0
      vertex -21.4544 20.1816 0
      vertex -35.9229 2.35451 0
    endloop
  endfacet
  facet normal 0 0 -1
    outer loop
      vertex -34.7733 -9.31748 0
      vertex -21.8026 -20.1242 0
      vertex -21.9203 -20.1203 0
    endloop
  endfacet
  facet normal 0 0 -1
    outer loop
      vertex -21.4544 20.1816 0
      vertex -35.692 4.69894 0
      vertex -21.5691 20.1549 0
    endloop
  endfacet
  facet normal 0 0 -1
    outer loop
      vertex -34.0895 -11.5718 0
      vertex -21.9203 -20.1203 0
      vertex -22.038 -20.1242 0
    endloop
  endfacet
  facet normal 0 -0 -1
    outer loop
      vertex -35.3083 7.02325 0
      vertex -21.5691 20.1549 0
      vertex -35.692 4.69894 0
    endloop
  endfacet
  facet normal 0 0 -1
    outer loop
      vertex -33.2597 -13.7766 0
      vertex -22.038 -20.1242 0
      vertex -22.1553 -20.1357 0
    endloop
  endfacet
  facet normal 0 0 -1
    outer loop
      vertex -21.5691 20.1549 0
      vertex -35.3083 7.02325 0
      vertex -21.6854 20.1357 0
    endloop
  endfacet
  facet normal 0 0 -1
    outer loop
      vertex -33.2597 -13.7766 0
      vertex -22.1553 -20.1357 0
      vertex -22.2715 -20.1549 0
    endloop
  endfacet
  facet normal 0 -0 -1
    outer loop
      vertex -34.7733 9.31748 0
      vertex -21.6854 20.1357 0
      vertex -35.3083 7.02325 0
    endloop
  endfacet
  facet normal 0 0 -1
    outer loop
      vertex -32.2874 -15.9224 0
      vertex -22.2715 -20.1549 0
      vertex -22.3862 -20.1816 0
    endloop
  endfacet
  facet normal 0 0 -1
    outer loop
      vertex -21.6854 20.1357 0
      vertex -34.7733 9.31748 0
      vertex -21.8026 20.1242 0
    endloop
  endfacet
  facet normal 0 0 -1
    outer loop
      vertex -32.2874 -15.9224 0
      vertex -22.3862 -20.1816 0
      vertex -22.4989 -20.2158 0
    endloop
  endfacet
  facet normal 0 0 -1
    outer loop
      vertex -21.8026 20.1242 0
      vertex -34.7733 9.31748 0
      vertex -21.9203 20.1203 0
    endloop
  endfacet
  facet normal 0 0 -1
    outer loop
      vertex -32.2874 -15.9224 0
      vertex -22.4989 -20.2158 0
      vertex -22.6091 -20.2573 0
    endloop
  endfacet
  facet normal 0 -0 -1
    outer loop
      vertex -34.0895 11.5718 0
      vertex -21.9203 20.1203 0
      vertex -34.7733 9.31748 0
    endloop
  endfacet
  facet normal 0 0 -1
    outer loop
      vertex -31.1769 -18 0
      vertex -22.6091 -20.2573 0
      vertex -22.7164 -20.3059 0
    endloop
  endfacet
  facet normal -0 0 -1
    outer loop
      vertex -21.9203 20.1203 0
      vertex -34.0895 11.5718 0
      vertex -22.038 20.1242 0
    endloop
  endfacet
  facet normal 0 0 -1
    outer loop
      vertex -31.1769 -18 0
      vertex -22.7164 -20.3059 0
      vertex -22.8203 -20.3615 0
    endloop
  endfacet
  facet normal 0 -0 -1
    outer loop
      vertex -33.2597 13.7766 0
      vertex -22.038 20.1242 0
      vertex -34.0895 11.5718 0
    endloop
  endfacet
  facet normal 0 0 -1
    outer loop
      vertex -31.1769 -18 0
      vertex -22.8203 -20.3615 0
      vertex -22.9203 -20.4237 0
    endloop
  endfacet
  facet normal -0 0 -1
    outer loop
      vertex -22.038 20.1242 0
      vertex -33.2597 13.7766 0
      vertex -22.1553 20.1357 0
    endloop
  endfacet
  facet normal 0 0 -1
    outer loop
      vertex -31.1769 -18 0
      vertex -22.9203 -20.4237 0
      vertex -23.0161 -20.4923 0
    endloop
  endfacet
  facet normal -0 0 -1
    outer loop
      vertex -22.1553 20.1357 0
      vertex -33.2597 13.7766 0
      vertex -22.2715 20.1549 0
    endloop
  endfacet
  facet normal 0 0 -1
    outer loop
      vertex -29.9329 -20.0005 0
      vertex -23.0161 -20.4923 0
      vertex -23.1071 -20.567 0
    endloop
  endfacet
  facet normal 0 -0 -1
    outer loop
      vertex -32.2874 15.9224 0
      vertex -22.2715 20.1549 0
      vertex -33.2597 13.7766 0
    endloop
  endfacet
  facet normal 0 0 -1
    outer loop
      vertex -29.9329 -20.0005 0
      vertex -23.1071 -20.567 0
      vertex -23.1931 -20.6475 0
    endloop
  endfacet
  facet normal -0 0 -1
    outer loop
      vertex -22.2715 20.1549 0
      vertex -32.2874 15.9224 0
      vertex -22.3862 20.1816 0
    endloop
  endfacet
  facet normal 0 0 -1
    outer loop
      vertex -29.9329 -20.0005 0
      vertex -23.1931 -20.6475 0
      vertex -23.2736 -20.7335 0
    endloop
  endfacet
  facet normal -0 0 -1
    outer loop
      vertex -22.3862 20.1816 0
      vertex -32.2874 15.9224 0
      vertex -22.4989 20.2158 0
    endloop
  endfacet
  facet normal 0 0 -1
    outer loop
      vertex -29.9329 -20.0005 0
      vertex -23.2736 -20.7335 0
      vertex -23.3483 -20.8245 0
    endloop
  endfacet
  facet normal -0 0 -1
    outer loop
      vertex -22.4989 20.2158 0
      vertex -32.2874 15.9224 0
      vertex -22.6091 20.2573 0
    endloop
  endfacet
  facet normal 0 0 -1
    outer loop
      vertex -29.9329 -20.0005 0
      vertex -23.3483 -20.8245 0
      vertex -23.417 -20.9203 0
    endloop
  endfacet
  facet normal 0 -0 -1
    outer loop
      vertex -31.1769 18 0
      vertex -22.6091 20.2573 0
      vertex -32.2874 15.9224 0
    endloop
  endfacet
  facet normal 0 0 -1
    outer loop
      vertex -28.5607 -21.9154 0
      vertex -23.417 -20.9203 0
      vertex -23.4792 -21.0203 0
    endloop
  endfacet
  facet normal -0 0 -1
    outer loop
      vertex -22.6091 20.2573 0
      vertex -31.1769 18 0
      vertex -22.7164 20.3059 0
    endloop
  endfacet
  facet normal 0 0 -1
    outer loop
      vertex -28.5607 -21.9154 0
      vertex -23.4792 -21.0203 0
      vertex -23.5347 -21.1242 0
    endloop
  endfacet
  facet normal -0 0 -1
    outer loop
      vertex -22.7164 20.3059 0
      vertex -31.1769 18 0
      vertex -22.8203 20.3615 0
    endloop
  endfacet
  facet normal 0 0 -1
    outer loop
      vertex -28.5607 -21.9154 0
      vertex -23.5347 -21.1242 0
      vertex -23.5833 -21.2315 0
    endloop
  endfacet
  facet normal -0 0 -1
    outer loop
      vertex -22.8203 20.3615 0
      vertex -31.1769 18 0
      vertex -22.9203 20.4237 0
    endloop
  endfacet
  facet normal 0 0 -1
    outer loop
      vertex -28.5607 -21.9154 0
      vertex -23.5833 -21.2315 0
      vertex -23.6248 -21.3417 0
    endloop
  endfacet
  facet normal -0 0 -1
    outer loop
      vertex -22.9203 20.4237 0
      vertex -31.1769 18 0
      vertex -23.0161 20.4923 0
    endloop
  endfacet
  facet normal 0 0 -1
    outer loop
      vertex -28.5607 -21.9154 0
      vertex -23.6248 -21.3417 0
      vertex -23.659 -21.4544 0
    endloop
  endfacet
  facet normal 0 -0 -1
    outer loop
      vertex -29.9329 20.0005 0
      vertex -23.0161 20.4923 0
      vertex -31.1769 18 0
    endloop
  endfacet
  facet normal 0 0 -1
    outer loop
      vertex -28.5607 -21.9154 0
      vertex -23.659 -21.4544 0
      vertex -23.6857 -21.5691 0
    endloop
  endfacet
  facet normal -0 0 -1
    outer loop
      vertex -23.0161 20.4923 0
      vertex -29.9329 20.0005 0
      vertex -23.1071 20.567 0
    endloop
  endfacet
  facet normal 0 0 -1
    outer loop
      vertex -28.5607 -21.9154 0
      vertex -23.6857 -21.5691 0
      vertex -23.7049 -21.6854 0
    endloop
  endfacet
  facet normal -0 0 -1
    outer loop
      vertex -23.1071 20.567 0
      vertex -29.9329 20.0005 0
      vertex -23.1931 20.6475 0
    endloop
  endfacet
  facet normal 0 0 -1
    outer loop
      vertex -27.0662 -23.7365 0
      vertex -23.7049 -21.6854 0
      vertex -23.7165 -21.8026 0
    endloop
  endfacet
  facet normal -0 0 -1
    outer loop
      vertex -23.1931 20.6475 0
      vertex -29.9329 20.0005 0
      vertex -23.2736 20.7335 0
    endloop
  endfacet
  facet normal 0 0 -1
    outer loop
      vertex -27.0662 -23.7365 0
      vertex -23.7165 -21.8026 0
      vertex -23.7203 -21.9203 0
    endloop
  endfacet
  facet normal -0 0 -1
    outer loop
      vertex -23.2736 20.7335 0
      vertex -29.9329 20.0005 0
      vertex -23.3483 20.8245 0
    endloop
  endfacet
  facet normal 0 0 -1
    outer loop
      vertex -20.1549 22.2715 0
      vertex -13.7766 33.2597 0
      vertex -20.1357 22.1553 0
    endloop
  endfacet
  facet normal 0 0 -1
    outer loop
      vertex -13.7766 33.2597 0
      vertex -20.1549 22.2715 0
      vertex -15.9224 32.2874 0
    endloop
  endfacet
  facet normal 0 0 -1
    outer loop
      vertex -20.1816 22.3862 0
      vertex -15.9224 32.2874 0
      vertex -20.1549 22.2715 0
    endloop
  endfacet
  facet normal 0 0 -1
    outer loop
      vertex -20.2158 22.4989 0
      vertex -15.9224 32.2874 0
      vertex -20.1816 22.3862 0
    endloop
  endfacet
  facet normal 0 0 -1
    outer loop
      vertex -20.2573 22.6091 0
      vertex -15.9224 32.2874 0
      vertex -20.2158 22.4989 0
    endloop
  endfacet
  facet normal 0 0 -1
    outer loop
      vertex -15.9224 32.2874 0
      vertex -20.2573 22.6091 0
      vertex -18 31.1769 0
    endloop
  endfacet
  facet normal 0 0 -1
    outer loop
      vertex -20.3059 22.7164 0
      vertex -18 31.1769 0
      vertex -20.2573 22.6091 0
    endloop
  endfacet
  facet normal 0 0 -1
    outer loop
      vertex -20.3615 22.8203 0
      vertex -18 31.1769 0
      vertex -20.3059 22.7164 0
    endloop
  endfacet
  facet normal 0 0 -1
    outer loop
      vertex -20.4237 22.9203 0
      vertex -18 31.1769 0
      vertex -20.3615 22.8203 0
    endloop
  endfacet
  facet normal 0 0 -1
    outer loop
      vertex -20.4923 23.0161 0
      vertex -18 31.1769 0
      vertex -20.4237 22.9203 0
    endloop
  endfacet
  facet normal 0 0 -1
    outer loop
      vertex -18 31.1769 0
      vertex -20.4923 23.0161 0
      vertex -20.0005 29.9329 0
    endloop
  endfacet
  facet normal 0 0 -1
    outer loop
      vertex -20.567 23.1071 0
      vertex -20.0005 29.9329 0
      vertex -20.4923 23.0161 0
    endloop
  endfacet
  facet normal 0 0 -1
    outer loop
      vertex -20.6475 23.1931 0
      vertex -20.0005 29.9329 0
      vertex -20.567 23.1071 0
    endloop
  endfacet
  facet normal 0 0 -1
    outer loop
      vertex -20.7335 23.2736 0
      vertex -20.0005 29.9329 0
      vertex -20.6475 23.1931 0
    endloop
  endfacet
  facet normal 0 0 -1
    outer loop
      vertex -20.8245 23.3483 0
      vertex -20.0005 29.9329 0
      vertex -20.7335 23.2736 0
    endloop
  endfacet
  facet normal 0 0 -1
    outer loop
      vertex -20.9203 23.417 0
      vertex -20.0005 29.9329 0
      vertex -20.8245 23.3483 0
    endloop
  endfacet
  facet normal 0 0 -1
    outer loop
      vertex -21.9154 28.5607 0
      vertex -20.9203 23.417 0
      vertex -21.0203 23.4792 0
    endloop
  endfacet
  facet normal 0 0 -1
    outer loop
      vertex -21.9154 28.5607 0
      vertex -21.0203 23.4792 0
      vertex -21.1242 23.5347 0
    endloop
  endfacet
  facet normal 0 0 -1
    outer loop
      vertex -21.9154 28.5607 0
      vertex -21.1242 23.5347 0
      vertex -21.2315 23.5833 0
    endloop
  endfacet
  facet normal 0 0 -1
    outer loop
      vertex -21.9154 28.5607 0
      vertex -21.2315 23.5833 0
      vertex -21.3417 23.6248 0
    endloop
  endfacet
  facet normal 0 0 -1
    outer loop
      vertex -21.9154 28.5607 0
      vertex -21.3417 23.6248 0
      vertex -21.4544 23.659 0
    endloop
  endfacet
  facet normal 0 0 -1
    outer loop
      vertex -21.9154 28.5607 0
      vertex -21.4544 23.659 0
      vertex -21.5691 23.6857 0
    endloop
  endfacet
  facet normal 0 0 -1
    outer loop
      vertex -21.9154 28.5607 0
      vertex -21.5691 23.6857 0
      vertex -21.6854 23.7049 0
    endloop
  endfacet
  facet normal 0 0 -1
    outer loop
      vertex -23.7365 27.0662 0
      vertex -21.6854 23.7049 0
      vertex -21.8026 23.7165 0
    endloop
  endfacet
  facet normal 0 0 -1
    outer loop
      vertex -20.9203 23.417 0
      vertex -21.9154 28.5607 0
      vertex -20.0005 29.9329 0
    endloop
  endfacet
  facet normal 0 0 -1
    outer loop
      vertex -23.7365 27.0662 0
      vertex -21.8026 23.7165 0
      vertex -21.9203 23.7203 0
    endloop
  endfacet
  facet normal 0 0 -1
    outer loop
      vertex -23.7365 27.0662 0
      vertex -21.9203 23.7203 0
      vertex -22.038 23.7165 0
    endloop
  endfacet
  facet normal 0 0 -1
    outer loop
      vertex -23.7365 27.0662 0
      vertex -22.038 23.7165 0
      vertex -22.1553 23.7049 0
    endloop
  endfacet
  facet normal 0 0 -1
    outer loop
      vertex -23.7365 27.0662 0
      vertex -22.1553 23.7049 0
      vertex -22.2715 23.6857 0
    endloop
  endfacet
  facet normal 0 0 -1
    outer loop
      vertex -23.7365 27.0662 0
      vertex -22.2715 23.6857 0
      vertex -22.3862 23.659 0
    endloop
  endfacet
  facet normal 0 0 -1
    outer loop
      vertex -23.7365 27.0662 0
      vertex -22.3862 23.659 0
      vertex -22.4989 23.6248 0
    endloop
  endfacet
  facet normal 0 0 -1
    outer loop
      vertex -23.7365 27.0662 0
      vertex -22.4989 23.6248 0
      vertex -22.6091 23.5833 0
    endloop
  endfacet
  facet normal 0 0 -1
    outer loop
      vertex -23.7365 27.0662 0
      vertex -22.6091 23.5833 0
      vertex -22.7164 23.5347 0
    endloop
  endfacet
  facet normal 0 0 -1
    outer loop
      vertex -25.4558 25.4558 0
      vertex -22.7164 23.5347 0
      vertex -22.8203 23.4792 0
    endloop
  endfacet
  facet normal 0 0 -1
    outer loop
      vertex -25.4558 25.4558 0
      vertex -22.8203 23.4792 0
      vertex -22.9203 23.417 0
    endloop
  endfacet
  facet normal 0 0 -1
    outer loop
      vertex -25.4558 25.4558 0
      vertex -22.9203 23.417 0
      vertex -23.0161 23.3483 0
    endloop
  endfacet
  facet normal 0 0 -1
    outer loop
      vertex -25.4558 25.4558 0
      vertex -23.0161 23.3483 0
      vertex -23.1071 23.2736 0
    endloop
  endfacet
  facet normal 0 0 -1
    outer loop
      vertex -25.4558 25.4558 0
      vertex -23.1071 23.2736 0
      vertex -23.1931 23.1931 0
    endloop
  endfacet
  facet normal 0 0 -1
    outer loop
      vertex -25.4558 25.4558 0
      vertex -23.1931 23.1931 0
      vertex -23.2736 23.1071 0
    endloop
  endfacet
  facet normal 0 0 -1
    outer loop
      vertex -25.4558 25.4558 0
      vertex -23.2736 23.1071 0
      vertex -23.3483 23.0161 0
    endloop
  endfacet
  facet normal 0 0 -1
    outer loop
      vertex -25.4558 25.4558 0
      vertex -23.3483 23.0161 0
      vertex -23.417 22.9203 0
    endloop
  endfacet
  facet normal 0 0 -1
    outer loop
      vertex -25.4558 25.4558 0
      vertex -23.417 22.9203 0
      vertex -23.4792 22.8203 0
    endloop
  endfacet
  facet normal 0 0 -1
    outer loop
      vertex -25.4558 25.4558 0
      vertex -23.4792 22.8203 0
      vertex -23.5347 22.7164 0
    endloop
  endfacet
  facet normal 0 0 -1
    outer loop
      vertex -27.0662 23.7365 0
      vertex -23.5347 22.7164 0
      vertex -23.5833 22.6091 0
    endloop
  endfacet
  facet normal 0 0 -1
    outer loop
      vertex -27.0662 23.7365 0
      vertex -23.5833 22.6091 0
      vertex -23.6248 22.4989 0
    endloop
  endfacet
  facet normal 0 0 -1
    outer loop
      vertex -27.0662 23.7365 0
      vertex -23.6248 22.4989 0
      vertex -23.659 22.3862 0
    endloop
  endfacet
  facet normal 0 0 -1
    outer loop
      vertex -21.6854 23.7049 0
      vertex -23.7365 27.0662 0
      vertex -21.9154 28.5607 0
    endloop
  endfacet
  facet normal 0 0 -1
    outer loop
      vertex -27.0662 23.7365 0
      vertex -23.659 22.3862 0
      vertex -23.6857 22.2715 0
    endloop
  endfacet
  facet normal 0 0 -1
    outer loop
      vertex -27.0662 23.7365 0
      vertex -23.6857 22.2715 0
      vertex -23.7049 22.1553 0
    endloop
  endfacet
  facet normal 0 0 -1
    outer loop
      vertex -27.0662 23.7365 0
      vertex -23.7049 22.1553 0
      vertex -23.7165 22.038 0
    endloop
  endfacet
  facet normal 0 0 -1
    outer loop
      vertex -27.0662 23.7365 0
      vertex -23.7165 22.038 0
      vertex -23.7203 21.9203 0
    endloop
  endfacet
  facet normal -0 0 -1
    outer loop
      vertex -23.7165 -22.038 0
      vertex -27.0662 -23.7365 0
      vertex -23.7203 -21.9203 0
    endloop
  endfacet
  facet normal 0 0 -1
    outer loop
      vertex -23.7049 -21.6854 0
      vertex -27.0662 -23.7365 0
      vertex -28.5607 -21.9154 0
    endloop
  endfacet
  facet normal 0 0 -1
    outer loop
      vertex -22.7164 23.5347 0
      vertex -25.4558 25.4558 0
      vertex -23.7365 27.0662 0
    endloop
  endfacet
  facet normal -0 0 -1
    outer loop
      vertex -23.417 -20.9203 0
      vertex -28.5607 -21.9154 0
      vertex -29.9329 -20.0005 0
    endloop
  endfacet
  facet normal 0 0 -1
    outer loop
      vertex -23.5347 22.7164 0
      vertex -27.0662 23.7365 0
      vertex -25.4558 25.4558 0
    endloop
  endfacet
  facet normal 0 0 -1
    outer loop
      vertex -23.0161 -20.4923 0
      vertex -29.9329 -20.0005 0
      vertex -31.1769 -18 0
    endloop
  endfacet
  facet normal 0 0 -1
    outer loop
      vertex -23.7165 21.8026 0
      vertex -27.0662 23.7365 0
      vertex -23.7203 21.9203 0
    endloop
  endfacet
  facet normal 0 0 -1
    outer loop
      vertex -22.6091 -20.2573 0
      vertex -31.1769 -18 0
      vertex -32.2874 -15.9224 0
    endloop
  endfacet
  facet normal 0 0 -1
    outer loop
      vertex -23.7049 21.6854 0
      vertex -27.0662 23.7365 0
      vertex -23.7165 21.8026 0
    endloop
  endfacet
  facet normal 0 0 -1
    outer loop
      vertex -22.2715 -20.1549 0
      vertex -32.2874 -15.9224 0
      vertex -33.2597 -13.7766 0
    endloop
  endfacet
  facet normal 0 -0 -1
    outer loop
      vertex -27.0662 23.7365 0
      vertex -23.7049 21.6854 0
      vertex -28.5607 21.9154 0
    endloop
  endfacet
  facet normal 0 0 -1
    outer loop
      vertex -22.038 -20.1242 0
      vertex -33.2597 -13.7766 0
      vertex -34.0895 -11.5718 0
    endloop
  endfacet
  facet normal 0 0 -1
    outer loop
      vertex -23.6857 21.5691 0
      vertex -28.5607 21.9154 0
      vertex -23.7049 21.6854 0
    endloop
  endfacet
  facet normal 0 0 -1
    outer loop
      vertex -21.9203 -20.1203 0
      vertex -34.0895 -11.5718 0
      vertex -34.7733 -9.31748 0
    endloop
  endfacet
  facet normal 0 0 -1
    outer loop
      vertex -23.659 21.4544 0
      vertex -28.5607 21.9154 0
      vertex -23.6857 21.5691 0
    endloop
  endfacet
  facet normal 0 0 -1
    outer loop
      vertex -21.6854 -20.1357 0
      vertex -34.7733 -9.31748 0
      vertex -35.3083 -7.02325 0
    endloop
  endfacet
  facet normal 0 0 -1
    outer loop
      vertex -23.6248 21.3417 0
      vertex -28.5607 21.9154 0
      vertex -23.659 21.4544 0
    endloop
  endfacet
  facet normal 0 0 -1
    outer loop
      vertex -21.5691 -20.1549 0
      vertex -35.3083 -7.02325 0
      vertex -35.692 -4.69894 0
    endloop
  endfacet
  facet normal 0 0 -1
    outer loop
      vertex -23.5833 21.2315 0
      vertex -28.5607 21.9154 0
      vertex -23.6248 21.3417 0
    endloop
  endfacet
  facet normal 0 0 -1
    outer loop
      vertex -21.4544 -20.1816 0
      vertex -35.692 -4.69894 0
      vertex -35.9229 -2.35451 0
    endloop
  endfacet
  facet normal 0 0 -1
    outer loop
      vertex -23.5347 21.1242 0
      vertex -28.5607 21.9154 0
      vertex -23.5833 21.2315 0
    endloop
  endfacet
  facet normal 0 0 -1
    outer loop
      vertex -21.4544 -20.1816 0
      vertex -35.9229 -2.35451 0
      vertex -36 0 0
    endloop
  endfacet
  facet normal 0 0 -1
    outer loop
      vertex -23.4792 21.0203 0
      vertex -28.5607 21.9154 0
      vertex -23.5347 21.1242 0
    endloop
  endfacet
  facet normal -0 0 -1
    outer loop
      vertex -23.3483 20.8245 0
      vertex -29.9329 20.0005 0
      vertex -23.417 20.9203 0
    endloop
  endfacet
  facet normal 0 0 -1
    outer loop
      vertex -23.417 20.9203 0
      vertex -28.5607 21.9154 0
      vertex -23.4792 21.0203 0
    endloop
  endfacet
  facet normal 0 -0 -1
    outer loop
      vertex -28.5607 21.9154 0
      vertex -23.417 20.9203 0
      vertex -29.9329 20.0005 0
    endloop
  endfacet
  facet normal 0 0 -1
    outer loop
      vertex 23.2736 -20.7335 0
      vertex 29.9329 -20.0005 0
      vertex 23.3483 -20.8245 0
    endloop
  endfacet
  facet normal 0 0 -1
    outer loop
      vertex 36 0 0
      vertex 23.7165 21.8026 0
      vertex 23.7203 21.9203 0
    endloop
  endfacet
  facet normal 0 0 -1
    outer loop
      vertex 23.1931 -20.6475 0
      vertex 29.9329 -20.0005 0
      vertex 23.2736 -20.7335 0
    endloop
  endfacet
  facet normal 0 0 -1
    outer loop
      vertex 36 0 0
      vertex 23.7049 21.6854 0
      vertex 23.7165 21.8026 0
    endloop
  endfacet
  facet normal 0 0 -1
    outer loop
      vertex 23.1071 -20.567 0
      vertex 29.9329 -20.0005 0
      vertex 23.1931 -20.6475 0
    endloop
  endfacet
  facet normal 0 0 -1
    outer loop
      vertex 36 0 0
      vertex 23.6857 21.5691 0
      vertex 23.7049 21.6854 0
    endloop
  endfacet
  facet normal 0 0 -1
    outer loop
      vertex 23.0161 -20.4923 0
      vertex 29.9329 -20.0005 0
      vertex 23.1071 -20.567 0
    endloop
  endfacet
  facet normal 0 0 -1
    outer loop
      vertex 36 0 0
      vertex 23.659 21.4544 0
      vertex 23.6857 21.5691 0
    endloop
  endfacet
  facet normal -0 0 -1
    outer loop
      vertex 29.9329 -20.0005 0
      vertex 23.0161 -20.4923 0
      vertex 31.1769 -18 0
    endloop
  endfacet
  facet normal 0 0 -1
    outer loop
      vertex 36 0 0
      vertex 23.6248 21.3417 0
      vertex 23.659 21.4544 0
    endloop
  endfacet
  facet normal 0 0 -1
    outer loop
      vertex 22.9203 -20.4237 0
      vertex 31.1769 -18 0
      vertex 23.0161 -20.4923 0
    endloop
  endfacet
  facet normal 0 0 -1
    outer loop
      vertex 36 0 0
      vertex 23.5833 21.2315 0
      vertex 23.6248 21.3417 0
    endloop
  endfacet
  facet normal 0 0 -1
    outer loop
      vertex 22.8203 -20.3615 0
      vertex 31.1769 -18 0
      vertex 22.9203 -20.4237 0
    endloop
  endfacet
  facet normal 0 0 -1
    outer loop
      vertex 36 0 0
      vertex 23.5347 21.1242 0
      vertex 23.5833 21.2315 0
    endloop
  endfacet
  facet normal 0 0 -1
    outer loop
      vertex 22.7164 -20.3059 0
      vertex 31.1769 -18 0
      vertex 22.8203 -20.3615 0
    endloop
  endfacet
  facet normal 0 0 -1
    outer loop
      vertex 36 0 0
      vertex 23.4792 21.0203 0
      vertex 23.5347 21.1242 0
    endloop
  endfacet
  facet normal 0 0 -1
    outer loop
      vertex 22.6091 -20.2573 0
      vertex 31.1769 -18 0
      vertex 22.7164 -20.3059 0
    endloop
  endfacet
  facet normal 0 0 -1
    outer loop
      vertex 36 0 0
      vertex 23.417 20.9203 0
      vertex 23.4792 21.0203 0
    endloop
  endfacet
  facet normal -0 0 -1
    outer loop
      vertex 31.1769 -18 0
      vertex 22.6091 -20.2573 0
      vertex 32.2874 -15.9224 0
    endloop
  endfacet
  facet normal 0 0 -1
    outer loop
      vertex 36 0 0
      vertex 23.3483 20.8245 0
      vertex 23.417 20.9203 0
    endloop
  endfacet
  facet normal 0 0 -1
    outer loop
      vertex 22.4989 -20.2158 0
      vertex 32.2874 -15.9224 0
      vertex 22.6091 -20.2573 0
    endloop
  endfacet
  facet normal 0 0 -1
    outer loop
      vertex 36 0 0
      vertex 23.2736 20.7335 0
      vertex 23.3483 20.8245 0
    endloop
  endfacet
  facet normal 0 0 -1
    outer loop
      vertex 22.3862 -20.1816 0
      vertex 32.2874 -15.9224 0
      vertex 22.4989 -20.2158 0
    endloop
  endfacet
  facet normal 0 0 -1
    outer loop
      vertex 36 0 0
      vertex 23.1931 20.6475 0
      vertex 23.2736 20.7335 0
    endloop
  endfacet
  facet normal 0 0 -1
    outer loop
      vertex 22.2715 -20.1549 0
      vertex 32.2874 -15.9224 0
      vertex 22.3862 -20.1816 0
    endloop
  endfacet
  facet normal 0 0 -1
    outer loop
      vertex 36 0 0
      vertex 23.1071 20.567 0
      vertex 23.1931 20.6475 0
    endloop
  endfacet
  facet normal -0 0 -1
    outer loop
      vertex 32.2874 -15.9224 0
      vertex 22.2715 -20.1549 0
      vertex 33.2597 -13.7766 0
    endloop
  endfacet
  facet normal 0 0 -1
    outer loop
      vertex 36 0 0
      vertex 23.0161 20.4923 0
      vertex 23.1071 20.567 0
    endloop
  endfacet
  facet normal 0 0 -1
    outer loop
      vertex 22.1553 -20.1357 0
      vertex 33.2597 -13.7766 0
      vertex 22.2715 -20.1549 0
    endloop
  endfacet
  facet normal 0 0 -1
    outer loop
      vertex 36 0 0
      vertex 22.9203 20.4237 0
      vertex 23.0161 20.4923 0
    endloop
  endfacet
  facet normal 0 0 -1
    outer loop
      vertex 22.038 -20.1242 0
      vertex 33.2597 -13.7766 0
      vertex 22.1553 -20.1357 0
    endloop
  endfacet
  facet normal 0 0 -1
    outer loop
      vertex 36 0 0
      vertex 22.8203 20.3615 0
      vertex 22.9203 20.4237 0
    endloop
  endfacet
  facet normal -0 0 -1
    outer loop
      vertex 33.2597 -13.7766 0
      vertex 22.038 -20.1242 0
      vertex 34.0895 -11.5718 0
    endloop
  endfacet
  facet normal 0 0 -1
    outer loop
      vertex 36 0 0
      vertex 22.7164 20.3059 0
      vertex 22.8203 20.3615 0
    endloop
  endfacet
  facet normal 0 0 -1
    outer loop
      vertex 21.9203 -20.1203 0
      vertex 34.0895 -11.5718 0
      vertex 22.038 -20.1242 0
    endloop
  endfacet
  facet normal 0 0 -1
    outer loop
      vertex 36 0 0
      vertex 22.6091 20.2573 0
      vertex 22.7164 20.3059 0
    endloop
  endfacet
  facet normal -0 0 -1
    outer loop
      vertex 34.0895 -11.5718 0
      vertex 21.9203 -20.1203 0
      vertex 34.7733 -9.31748 0
    endloop
  endfacet
  facet normal 0 0 -1
    outer loop
      vertex 36 0 0
      vertex 22.4989 20.2158 0
      vertex 22.6091 20.2573 0
    endloop
  endfacet
  facet normal 0 0 -1
    outer loop
      vertex 21.8026 -20.1242 0
      vertex 34.7733 -9.31748 0
      vertex 21.9203 -20.1203 0
    endloop
  endfacet
  facet normal 0 0 -1
    outer loop
      vertex 36 0 0
      vertex 22.3862 20.1816 0
      vertex 22.4989 20.2158 0
    endloop
  endfacet
  facet normal 0 0 -1
    outer loop
      vertex 21.6854 -20.1357 0
      vertex 34.7733 -9.31748 0
      vertex 21.8026 -20.1242 0
    endloop
  endfacet
  facet normal 0 0 -1
    outer loop
      vertex 36 0 0
      vertex 22.2715 20.1549 0
      vertex 22.3862 20.1816 0
    endloop
  endfacet
  facet normal -0 0 -1
    outer loop
      vertex 34.7733 -9.31748 0
      vertex 21.6854 -20.1357 0
      vertex 35.3083 -7.02325 0
    endloop
  endfacet
  facet normal 0 0 -1
    outer loop
      vertex 36 0 0
      vertex 22.1553 20.1357 0
      vertex 22.2715 20.1549 0
    endloop
  endfacet
  facet normal 0 0 -1
    outer loop
      vertex 21.5691 -20.1549 0
      vertex 35.3083 -7.02325 0
      vertex 21.6854 -20.1357 0
    endloop
  endfacet
  facet normal 0 0 -1
    outer loop
      vertex 36 0 0
      vertex 22.038 20.1242 0
      vertex 22.1553 20.1357 0
    endloop
  endfacet
  facet normal -0 0 -1
    outer loop
      vertex 35.3083 -7.02325 0
      vertex 21.5691 -20.1549 0
      vertex 35.692 -4.69894 0
    endloop
  endfacet
  facet normal 0 0 -1
    outer loop
      vertex 36 0 0
      vertex 21.9203 20.1203 0
      vertex 22.038 20.1242 0
    endloop
  endfacet
  facet normal 0 0 -1
    outer loop
      vertex 21.4544 -20.1816 0
      vertex 35.692 -4.69894 0
      vertex 21.5691 -20.1549 0
    endloop
  endfacet
  facet normal 0 0 -1
    outer loop
      vertex 36 0 0
      vertex 21.8026 20.1242 0
      vertex 21.9203 20.1203 0
    endloop
  endfacet
  facet normal -0 0 -1
    outer loop
      vertex 35.692 -4.69894 0
      vertex 21.4544 -20.1816 0
      vertex 35.9229 -2.35451 0
    endloop
  endfacet
  facet normal 0 0 -1
    outer loop
      vertex 36 0 0
      vertex 21.6854 20.1357 0
      vertex 21.8026 20.1242 0
    endloop
  endfacet
  facet normal -0 0 -1
    outer loop
      vertex 35.9229 -2.35451 0
      vertex 21.4544 -20.1816 0
      vertex 36 0 0
    endloop
  endfacet
  facet normal 0 0 -1
    outer loop
      vertex 36 0 0
      vertex 21.5691 20.1549 0
      vertex 21.6854 20.1357 0
    endloop
  endfacet
  facet normal 0 0 -1
    outer loop
      vertex 21.3417 -20.2158 0
      vertex 36 0 0
      vertex 21.4544 -20.1816 0
    endloop
  endfacet
  facet normal 0 0 -1
    outer loop
      vertex 36 0 0
      vertex 21.4544 20.1816 0
      vertex 21.5691 20.1549 0
    endloop
  endfacet
  facet normal 0 0 -1
    outer loop
      vertex 21.3417 20.2158 0
      vertex 36 0 0
      vertex 21.3417 -20.2158 0
    endloop
  endfacet
  facet normal 0 0 -1
    outer loop
      vertex 36 0 0
      vertex 21.3417 20.2158 0
      vertex 21.4544 20.1816 0
    endloop
  endfacet
  facet normal 0 0 -1
    outer loop
      vertex 21.2315 -20.2573 0
      vertex 21.3417 20.2158 0
      vertex 21.3417 -20.2158 0
    endloop
  endfacet
  facet normal 0 0 -1
    outer loop
      vertex 21.2315 -20.2573 0
      vertex 21.2315 20.2573 0
      vertex 21.3417 20.2158 0
    endloop
  endfacet
  facet normal 0 0 -1
    outer loop
      vertex 21.1242 -20.3059 0
      vertex 21.2315 20.2573 0
      vertex 21.2315 -20.2573 0
    endloop
  endfacet
  facet normal 0 0 -1
    outer loop
      vertex 21.1242 -20.3059 0
      vertex 21.1242 20.3059 0
      vertex 21.2315 20.2573 0
    endloop
  endfacet
  facet normal 0 0 -1
    outer loop
      vertex 21.0203 -20.3615 0
      vertex 21.1242 20.3059 0
      vertex 21.1242 -20.3059 0
    endloop
  endfacet
  facet normal 0 0 -1
    outer loop
      vertex 21.0203 -20.3615 0
      vertex 21.0203 20.3615 0
      vertex 21.1242 20.3059 0
    endloop
  endfacet
  facet normal 0 0 -1
    outer loop
      vertex 20.9203 -20.4237 0
      vertex 21.0203 20.3615 0
      vertex 21.0203 -20.3615 0
    endloop
  endfacet
  facet normal 0 0 -1
    outer loop
      vertex 20.9203 -20.4237 0
      vertex 20.9203 20.4237 0
      vertex 21.0203 20.3615 0
    endloop
  endfacet
  facet normal 0 0 -1
    outer loop
      vertex 20.8245 -20.4923 0
      vertex 20.9203 20.4237 0
      vertex 20.9203 -20.4237 0
    endloop
  endfacet
  facet normal 0 0 -1
    outer loop
      vertex 20.8245 -20.4923 0
      vertex 20.8245 20.4923 0
      vertex 20.9203 20.4237 0
    endloop
  endfacet
  facet normal 0 0 -1
    outer loop
      vertex 20.7335 -20.567 0
      vertex 20.8245 20.4923 0
      vertex 20.8245 -20.4923 0
    endloop
  endfacet
  facet normal 0 0 -1
    outer loop
      vertex 20.7335 -20.567 0
      vertex 20.7335 20.567 0
      vertex 20.8245 20.4923 0
    endloop
  endfacet
  facet normal 0 0 -1
    outer loop
      vertex 20.6475 -20.6475 0
      vertex 20.7335 20.567 0
      vertex 20.7335 -20.567 0
    endloop
  endfacet
  facet normal 0 0 -1
    outer loop
      vertex 20.6475 -20.6475 0
      vertex 20.6475 20.6475 0
      vertex 20.7335 20.567 0
    endloop
  endfacet
  facet normal 0 0 -1
    outer loop
      vertex -20.2573 -21.2315 0
      vertex 20.2573 -21.2315 0
      vertex -20.2158 -21.3417 0
    endloop
  endfacet
  facet normal 0 0 -1
    outer loop
      vertex 20.2573 -21.2315 0
      vertex -20.2573 -21.2315 0
      vertex 20.3059 -21.1242 0
    endloop
  endfacet
  facet normal 0 0 -1
    outer loop
      vertex 20.2158 -21.3417 0
      vertex -20.2158 -21.3417 0
      vertex 20.2573 -21.2315 0
    endloop
  endfacet
  facet normal 0 0 -1
    outer loop
      vertex -20.3059 -21.1242 0
      vertex 20.3059 -21.1242 0
      vertex -20.2573 -21.2315 0
    endloop
  endfacet
  facet normal 0 0 -1
    outer loop
      vertex 0 -36 0
      vertex -20.2158 -21.3417 0
      vertex 20.2158 -21.3417 0
    endloop
  endfacet
  facet normal 0 0 -1
    outer loop
      vertex 20.6475 20.6475 0
      vertex -20.1203 21.9203 0
      vertex 20.567 20.7335 0
    endloop
  endfacet
  facet normal 0 0 -1
    outer loop
      vertex -20.2158 -21.3417 0
      vertex 0 -36 0
      vertex -20.1816 -21.4544 0
    endloop
  endfacet
  facet normal 0 0 -1
    outer loop
      vertex 20.567 20.7335 0
      vertex -20.1203 21.9203 0
      vertex 20.4923 20.8245 0
    endloop
  endfacet
  facet normal 0 0 -1
    outer loop
      vertex -2.35451 -35.9229 0
      vertex -20.1816 -21.4544 0
      vertex 0 -36 0
    endloop
  endfacet
  facet normal 0 0 -1
    outer loop
      vertex 20.4923 20.8245 0
      vertex -20.1203 21.9203 0
      vertex 20.4237 20.9203 0
    endloop
  endfacet
  facet normal 0 0 -1
    outer loop
      vertex -4.69894 -35.692 0
      vertex -20.1816 -21.4544 0
      vertex -2.35451 -35.9229 0
    endloop
  endfacet
  facet normal 0 0 -1
    outer loop
      vertex -20.1203 21.9203 0
      vertex 20.3615 21.0203 0
      vertex 20.4237 20.9203 0
    endloop
  endfacet
  facet normal 0 0 -1
    outer loop
      vertex -20.1816 -21.4544 0
      vertex -4.69894 -35.692 0
      vertex -20.1549 -21.5691 0
    endloop
  endfacet
  facet normal 0 0 -1
    outer loop
      vertex -20.1357 22.1553 0
      vertex -13.7766 33.2597 0
      vertex -20.1242 22.038 0
    endloop
  endfacet
  facet normal 0 0 -1
    outer loop
      vertex 0 -36 0
      vertex 20.2158 -21.3417 0
      vertex 20.1816 -21.4544 0
    endloop
  endfacet
  facet normal 0 0 -1
    outer loop
      vertex -11.5718 34.0895 0
      vertex -20.1242 22.038 0
      vertex -13.7766 33.2597 0
    endloop
  endfacet
  facet normal 0 0 -1
    outer loop
      vertex 4.69894 -35.692 0
      vertex 20.1816 -21.4544 0
      vertex 20.1549 -21.5691 0
    endloop
  endfacet
  facet normal 0 0 -1
    outer loop
      vertex -20.1242 22.038 0
      vertex -11.5718 34.0895 0
      vertex -20.1203 21.9203 0
    endloop
  endfacet
  facet normal 0 0 -1
    outer loop
      vertex 7.02325 -35.3083 0
      vertex 20.1549 -21.5691 0
      vertex 20.1357 -21.6854 0
    endloop
  endfacet
  facet normal 0 0 -1
    outer loop
      vertex -20.1203 21.9203 0
      vertex 20.3059 21.1242 0
      vertex 20.3615 21.0203 0
    endloop
  endfacet
  facet normal 0 0 -1
    outer loop
      vertex 9.31748 -34.7733 0
      vertex 20.1357 -21.6854 0
      vertex 20.1242 -21.8026 0
    endloop
  endfacet
  facet normal 0 0 -1
    outer loop
      vertex -9.31748 34.7733 0
      vertex -20.1203 21.9203 0
      vertex -11.5718 34.0895 0
    endloop
  endfacet
  facet normal 0 0 -1
    outer loop
      vertex 9.31748 -34.7733 0
      vertex 20.1242 -21.8026 0
      vertex 20.1203 -21.9203 0
    endloop
  endfacet
  facet normal 0 0 -1
    outer loop
      vertex -7.02325 35.3083 0
      vertex -20.1203 21.9203 0
      vertex -9.31748 34.7733 0
    endloop
  endfacet
  facet normal 0 0 -1
    outer loop
      vertex 28.5607 -21.9154 0
      vertex 23.417 -20.9203 0
      vertex 29.9329 -20.0005 0
    endloop
  endfacet
  facet normal 0 0 -1
    outer loop
      vertex 23.417 -20.9203 0
      vertex 28.5607 -21.9154 0
      vertex 23.4792 -21.0203 0
    endloop
  endfacet
  facet normal 0 0 -1
    outer loop
      vertex 23.3483 -20.8245 0
      vertex 29.9329 -20.0005 0
      vertex 23.417 -20.9203 0
    endloop
  endfacet
  facet normal 0 0 -1
    outer loop
      vertex 23.4792 -21.0203 0
      vertex 28.5607 -21.9154 0
      vertex 23.5347 -21.1242 0
    endloop
  endfacet
  facet normal 0 0 -1
    outer loop
      vertex 36 0 0
      vertex 23.7203 21.9203 0
      vertex 35.9229 2.35451 0
    endloop
  endfacet
  facet normal 0 0 -1
    outer loop
      vertex 23.5347 -21.1242 0
      vertex 28.5607 -21.9154 0
      vertex 23.5833 -21.2315 0
    endloop
  endfacet
  facet normal 0 0 -1
    outer loop
      vertex 35.9229 2.35451 0
      vertex 23.7203 21.9203 0
      vertex 35.692 4.69894 0
    endloop
  endfacet
  facet normal 0 0 -1
    outer loop
      vertex 23.5833 -21.2315 0
      vertex 28.5607 -21.9154 0
      vertex 23.6248 -21.3417 0
    endloop
  endfacet
  facet normal 0 0 -1
    outer loop
      vertex 35.692 4.69894 0
      vertex 23.7203 21.9203 0
      vertex 35.3083 7.02325 0
    endloop
  endfacet
  facet normal 0 0 -1
    outer loop
      vertex 23.6248 -21.3417 0
      vertex 28.5607 -21.9154 0
      vertex 23.659 -21.4544 0
    endloop
  endfacet
  facet normal 0 0 -1
    outer loop
      vertex 35.3083 7.02325 0
      vertex 23.7203 21.9203 0
      vertex 34.7733 9.31748 0
    endloop
  endfacet
  facet normal 0 0 -1
    outer loop
      vertex 23.659 -21.4544 0
      vertex 28.5607 -21.9154 0
      vertex 23.6857 -21.5691 0
    endloop
  endfacet
  facet normal 0 0 -1
    outer loop
      vertex 34.7733 9.31748 0
      vertex 23.7203 21.9203 0
      vertex 34.0895 11.5718 0
    endloop
  endfacet
  facet normal 0 0 -1
    outer loop
      vertex 23.6857 -21.5691 0
      vertex 28.5607 -21.9154 0
      vertex 23.7049 -21.6854 0
    endloop
  endfacet
  facet normal 0 0 -1
    outer loop
      vertex 34.0895 11.5718 0
      vertex 23.7203 21.9203 0
      vertex 33.2597 13.7766 0
    endloop
  endfacet
  facet normal 0 0 -1
    outer loop
      vertex 27.0662 -23.7365 0
      vertex 23.7049 -21.6854 0
      vertex 28.5607 -21.9154 0
    endloop
  endfacet
  facet normal 0 0 -1
    outer loop
      vertex 33.2597 13.7766 0
      vertex 23.7203 21.9203 0
      vertex 32.2874 15.9224 0
    endloop
  endfacet
  facet normal 0 0 -1
    outer loop
      vertex 23.7049 -21.6854 0
      vertex 27.0662 -23.7365 0
      vertex 23.7165 -21.8026 0
    endloop
  endfacet
  facet normal 0 0 -1
    outer loop
      vertex 32.2874 15.9224 0
      vertex 23.7203 21.9203 0
      vertex 31.1769 18 0
    endloop
  endfacet
  facet normal 0 0 -1
    outer loop
      vertex 23.7165 -21.8026 0
      vertex 27.0662 -23.7365 0
      vertex 23.7203 -21.9203 0
    endloop
  endfacet
  facet normal 0 0 -1
    outer loop
      vertex 31.1769 18 0
      vertex 23.7203 21.9203 0
      vertex 29.9329 20.0005 0
    endloop
  endfacet
  facet normal 0 0 -1
    outer loop
      vertex 23.5347 -22.7164 0
      vertex 27.0662 -23.7365 0
      vertex 25.4558 -25.4558 0
    endloop
  endfacet
  facet normal 0 0 -1
    outer loop
      vertex 29.9329 20.0005 0
      vertex 23.7203 21.9203 0
      vertex 28.5607 21.9154 0
    endloop
  endfacet
  facet normal 0 0 -1
    outer loop
      vertex 22.7164 -23.5347 0
      vertex 25.4558 -25.4558 0
      vertex 23.7365 -27.0662 0
    endloop
  endfacet
  facet normal 0 0 -1
    outer loop
      vertex 28.5607 21.9154 0
      vertex 23.7203 21.9203 0
      vertex 27.0662 23.7365 0
    endloop
  endfacet
  facet normal 0 0 -1
    outer loop
      vertex 23.7165 22.038 0
      vertex 27.0662 23.7365 0
      vertex 23.7203 21.9203 0
    endloop
  endfacet
  facet normal 0 0 -1
    outer loop
      vertex 27.0662 -23.7365 0
      vertex 23.7165 -22.038 0
      vertex 23.7203 -21.9203 0
    endloop
  endfacet
  facet normal 0 0 -1
    outer loop
      vertex 27.0662 -23.7365 0
      vertex 23.7049 -22.1553 0
      vertex 23.7165 -22.038 0
    endloop
  endfacet
  facet normal 0 0 -1
    outer loop
      vertex 27.0662 -23.7365 0
      vertex 23.6857 -22.2715 0
      vertex 23.7049 -22.1553 0
    endloop
  endfacet
  facet normal 0 0 -1
    outer loop
      vertex 27.0662 -23.7365 0
      vertex 23.659 -22.3862 0
      vertex 23.6857 -22.2715 0
    endloop
  endfacet
  facet normal 0 0 -1
    outer loop
      vertex 27.0662 -23.7365 0
      vertex 23.6248 -22.4989 0
      vertex 23.659 -22.3862 0
    endloop
  endfacet
  facet normal 0 0 -1
    outer loop
      vertex 27.0662 -23.7365 0
      vertex 23.5833 -22.6091 0
      vertex 23.6248 -22.4989 0
    endloop
  endfacet
  facet normal 0 0 -1
    outer loop
      vertex 27.0662 -23.7365 0
      vertex 23.5347 -22.7164 0
      vertex 23.5833 -22.6091 0
    endloop
  endfacet
  facet normal 0 0 -1
    outer loop
      vertex 25.4558 -25.4558 0
      vertex 23.4792 -22.8203 0
      vertex 23.5347 -22.7164 0
    endloop
  endfacet
  facet normal 0 0 -1
    outer loop
      vertex 25.4558 -25.4558 0
      vertex 23.417 -22.9203 0
      vertex 23.4792 -22.8203 0
    endloop
  endfacet
  facet normal 0 0 -1
    outer loop
      vertex 25.4558 -25.4558 0
      vertex 23.3483 -23.0161 0
      vertex 23.417 -22.9203 0
    endloop
  endfacet
  facet normal 0 0 -1
    outer loop
      vertex 25.4558 -25.4558 0
      vertex 23.2736 -23.1071 0
      vertex 23.3483 -23.0161 0
    endloop
  endfacet
  facet normal 0 0 -1
    outer loop
      vertex 25.4558 -25.4558 0
      vertex 23.1931 -23.1931 0
      vertex 23.2736 -23.1071 0
    endloop
  endfacet
  facet normal 0 0 -1
    outer loop
      vertex 25.4558 -25.4558 0
      vertex 23.1071 -23.2736 0
      vertex 23.1931 -23.1931 0
    endloop
  endfacet
  facet normal 0 0 -1
    outer loop
      vertex 25.4558 -25.4558 0
      vertex 23.0161 -23.3483 0
      vertex 23.1071 -23.2736 0
    endloop
  endfacet
  facet normal 0 0 -1
    outer loop
      vertex 25.4558 -25.4558 0
      vertex 22.9203 -23.417 0
      vertex 23.0161 -23.3483 0
    endloop
  endfacet
  facet normal 0 0 -1
    outer loop
      vertex 25.4558 -25.4558 0
      vertex 22.8203 -23.4792 0
      vertex 22.9203 -23.417 0
    endloop
  endfacet
  facet normal 0 0 -1
    outer loop
      vertex 25.4558 -25.4558 0
      vertex 22.7164 -23.5347 0
      vertex 22.8203 -23.4792 0
    endloop
  endfacet
  facet normal 0 0 -1
    outer loop
      vertex 23.7365 -27.0662 0
      vertex 22.6091 -23.5833 0
      vertex 22.7164 -23.5347 0
    endloop
  endfacet
  facet normal 0 0 -1
    outer loop
      vertex 23.7365 -27.0662 0
      vertex 22.4989 -23.6248 0
      vertex 22.6091 -23.5833 0
    endloop
  endfacet
  facet normal 0 0 -1
    outer loop
      vertex 23.7365 -27.0662 0
      vertex 22.3862 -23.659 0
      vertex 22.4989 -23.6248 0
    endloop
  endfacet
  facet normal 0 0 -1
    outer loop
      vertex 23.7365 -27.0662 0
      vertex 22.2715 -23.6857 0
      vertex 22.3862 -23.659 0
    endloop
  endfacet
  facet normal 0 0 -1
    outer loop
      vertex 23.7365 -27.0662 0
      vertex 22.1553 -23.7049 0
      vertex 22.2715 -23.6857 0
    endloop
  endfacet
  facet normal 0 0 -1
    outer loop
      vertex 23.7365 -27.0662 0
      vertex 22.038 -23.7165 0
      vertex 22.1553 -23.7049 0
    endloop
  endfacet
  facet normal 0 0 -1
    outer loop
      vertex 23.7365 -27.0662 0
      vertex 21.9203 -23.7203 0
      vertex 22.038 -23.7165 0
    endloop
  endfacet
  facet normal 0 0 -1
    outer loop
      vertex 21.6854 -23.7049 0
      vertex 23.7365 -27.0662 0
      vertex 21.9154 -28.5607 0
    endloop
  endfacet
  facet normal 0 0 -1
    outer loop
      vertex 23.7365 -27.0662 0
      vertex 21.8026 -23.7165 0
      vertex 21.9203 -23.7203 0
    endloop
  endfacet
  facet normal 0 0 -1
    outer loop
      vertex 23.7365 -27.0662 0
      vertex 21.6854 -23.7049 0
      vertex 21.8026 -23.7165 0
    endloop
  endfacet
  facet normal 0 0 -1
    outer loop
      vertex 21.9154 -28.5607 0
      vertex 21.5691 -23.6857 0
      vertex 21.6854 -23.7049 0
    endloop
  endfacet
  facet normal 0 0 -1
    outer loop
      vertex 21.9154 -28.5607 0
      vertex 21.4544 -23.659 0
      vertex 21.5691 -23.6857 0
    endloop
  endfacet
  facet normal 0 0 -1
    outer loop
      vertex 21.9154 -28.5607 0
      vertex 21.3417 -23.6248 0
      vertex 21.4544 -23.659 0
    endloop
  endfacet
  facet normal 0 0 -1
    outer loop
      vertex 21.9154 -28.5607 0
      vertex 21.2315 -23.5833 0
      vertex 21.3417 -23.6248 0
    endloop
  endfacet
  facet normal 0 0 -1
    outer loop
      vertex 21.9154 -28.5607 0
      vertex 21.1242 -23.5347 0
      vertex 21.2315 -23.5833 0
    endloop
  endfacet
  facet normal 0 0 -1
    outer loop
      vertex 21.9154 -28.5607 0
      vertex 21.0203 -23.4792 0
      vertex 21.1242 -23.5347 0
    endloop
  endfacet
  facet normal 0 0 -1
    outer loop
      vertex 21.9154 -28.5607 0
      vertex 20.9203 -23.417 0
      vertex 21.0203 -23.4792 0
    endloop
  endfacet
  facet normal 0 0 -1
    outer loop
      vertex 20.0005 -29.9329 0
      vertex 20.9203 -23.417 0
      vertex 21.9154 -28.5607 0
    endloop
  endfacet
  facet normal -0 0 -1
    outer loop
      vertex 20.9203 -23.417 0
      vertex 20.0005 -29.9329 0
      vertex 20.8245 -23.3483 0
    endloop
  endfacet
  facet normal -0 0 -1
    outer loop
      vertex 20.8245 -23.3483 0
      vertex 20.0005 -29.9329 0
      vertex 20.7335 -23.2736 0
    endloop
  endfacet
  facet normal -0 0 -1
    outer loop
      vertex 20.7335 -23.2736 0
      vertex 20.0005 -29.9329 0
      vertex 20.6475 -23.1931 0
    endloop
  endfacet
  facet normal -0 0 -1
    outer loop
      vertex 20.6475 -23.1931 0
      vertex 20.0005 -29.9329 0
      vertex 20.567 -23.1071 0
    endloop
  endfacet
  facet normal -0 0 -1
    outer loop
      vertex 20.567 -23.1071 0
      vertex 20.0005 -29.9329 0
      vertex 20.4923 -23.0161 0
    endloop
  endfacet
  facet normal 0 0 -1
    outer loop
      vertex 18 -31.1769 0
      vertex 20.4923 -23.0161 0
      vertex 20.0005 -29.9329 0
    endloop
  endfacet
  facet normal -0 0 -1
    outer loop
      vertex 20.4923 -23.0161 0
      vertex 18 -31.1769 0
      vertex 20.4237 -22.9203 0
    endloop
  endfacet
  facet normal -0 0 -1
    outer loop
      vertex 20.4237 -22.9203 0
      vertex 18 -31.1769 0
      vertex 20.3615 -22.8203 0
    endloop
  endfacet
  facet normal -0 0 -1
    outer loop
      vertex 20.3615 -22.8203 0
      vertex 18 -31.1769 0
      vertex 20.3059 -22.7164 0
    endloop
  endfacet
  facet normal -0 0 -1
    outer loop
      vertex 20.3059 -22.7164 0
      vertex 18 -31.1769 0
      vertex 20.2573 -22.6091 0
    endloop
  endfacet
  facet normal -0 0 -1
    outer loop
      vertex 20.1549 -22.2715 0
      vertex 13.7766 -33.2597 0
      vertex 20.1357 -22.1553 0
    endloop
  endfacet
  facet normal 0 0 -1
    outer loop
      vertex 13.7766 -33.2597 0
      vertex 20.1549 -22.2715 0
      vertex 15.9224 -32.2874 0
    endloop
  endfacet
  facet normal -0 0 -1
    outer loop
      vertex 20.1816 -22.3862 0
      vertex 15.9224 -32.2874 0
      vertex 20.1549 -22.2715 0
    endloop
  endfacet
  facet normal -0 0 -1
    outer loop
      vertex 20.2158 -22.4989 0
      vertex 15.9224 -32.2874 0
      vertex 20.1816 -22.3862 0
    endloop
  endfacet
  facet normal -0 0 -1
    outer loop
      vertex 20.2573 -22.6091 0
      vertex 15.9224 -32.2874 0
      vertex 20.2158 -22.4989 0
    endloop
  endfacet
  facet normal 0 0 -1
    outer loop
      vertex 15.9224 -32.2874 0
      vertex 20.2573 -22.6091 0
      vertex 18 -31.1769 0
    endloop
  endfacet
  facet normal 0 0 -1
    outer loop
      vertex 23.7049 22.1553 0
      vertex 27.0662 23.7365 0
      vertex 23.7165 22.038 0
    endloop
  endfacet
  facet normal 0 0 -1
    outer loop
      vertex 23.6857 22.2715 0
      vertex 27.0662 23.7365 0
      vertex 23.7049 22.1553 0
    endloop
  endfacet
  facet normal 0 0 -1
    outer loop
      vertex 23.659 22.3862 0
      vertex 27.0662 23.7365 0
      vertex 23.6857 22.2715 0
    endloop
  endfacet
  facet normal 0 0 -1
    outer loop
      vertex 23.6248 22.4989 0
      vertex 27.0662 23.7365 0
      vertex 23.659 22.3862 0
    endloop
  endfacet
  facet normal 0 0 -1
    outer loop
      vertex 23.5833 22.6091 0
      vertex 27.0662 23.7365 0
      vertex 23.6248 22.4989 0
    endloop
  endfacet
  facet normal 0 0 -1
    outer loop
      vertex 23.5347 22.7164 0
      vertex 27.0662 23.7365 0
      vertex 23.5833 22.6091 0
    endloop
  endfacet
  facet normal -0 0 -1
    outer loop
      vertex 27.0662 23.7365 0
      vertex 23.5347 22.7164 0
      vertex 25.4558 25.4558 0
    endloop
  endfacet
  facet normal 0 0 -1
    outer loop
      vertex 23.4792 22.8203 0
      vertex 25.4558 25.4558 0
      vertex 23.5347 22.7164 0
    endloop
  endfacet
  facet normal 0 0 -1
    outer loop
      vertex 23.417 22.9203 0
      vertex 25.4558 25.4558 0
      vertex 23.4792 22.8203 0
    endloop
  endfacet
  facet normal 0 0 -1
    outer loop
      vertex 23.3483 23.0161 0
      vertex 25.4558 25.4558 0
      vertex 23.417 22.9203 0
    endloop
  endfacet
  facet normal 0 0 -1
    outer loop
      vertex 23.2736 23.1071 0
      vertex 25.4558 25.4558 0
      vertex 23.3483 23.0161 0
    endloop
  endfacet
  facet normal 0 0 -1
    outer loop
      vertex 23.1931 23.1931 0
      vertex 25.4558 25.4558 0
      vertex 23.2736 23.1071 0
    endloop
  endfacet
  facet normal 0 0 -1
    outer loop
      vertex 23.1071 23.2736 0
      vertex 25.4558 25.4558 0
      vertex 23.1931 23.1931 0
    endloop
  endfacet
  facet normal 0 0 -1
    outer loop
      vertex 23.0161 23.3483 0
      vertex 25.4558 25.4558 0
      vertex 23.1071 23.2736 0
    endloop
  endfacet
  facet normal 0 0 -1
    outer loop
      vertex 22.9203 23.417 0
      vertex 25.4558 25.4558 0
      vertex 23.0161 23.3483 0
    endloop
  endfacet
  facet normal 0 0 -1
    outer loop
      vertex 22.8203 23.4792 0
      vertex 25.4558 25.4558 0
      vertex 22.9203 23.417 0
    endloop
  endfacet
  facet normal 0 0 -1
    outer loop
      vertex 22.7164 23.5347 0
      vertex 25.4558 25.4558 0
      vertex 22.8203 23.4792 0
    endloop
  endfacet
  facet normal -0 0 -1
    outer loop
      vertex 25.4558 25.4558 0
      vertex 22.7164 23.5347 0
      vertex 23.7365 27.0662 0
    endloop
  endfacet
  facet normal 0 0 -1
    outer loop
      vertex 22.6091 23.5833 0
      vertex 23.7365 27.0662 0
      vertex 22.7164 23.5347 0
    endloop
  endfacet
  facet normal 0 0 -1
    outer loop
      vertex 22.4989 23.6248 0
      vertex 23.7365 27.0662 0
      vertex 22.6091 23.5833 0
    endloop
  endfacet
  facet normal 0 0 -1
    outer loop
      vertex 22.3862 23.659 0
      vertex 23.7365 27.0662 0
      vertex 22.4989 23.6248 0
    endloop
  endfacet
  facet normal 0 0 -1
    outer loop
      vertex 22.2715 23.6857 0
      vertex 23.7365 27.0662 0
      vertex 22.3862 23.659 0
    endloop
  endfacet
  facet normal 0 0 -1
    outer loop
      vertex 22.1553 23.7049 0
      vertex 23.7365 27.0662 0
      vertex 22.2715 23.6857 0
    endloop
  endfacet
  facet normal 0 0 -1
    outer loop
      vertex 22.038 23.7165 0
      vertex 23.7365 27.0662 0
      vertex 22.1553 23.7049 0
    endloop
  endfacet
  facet normal 0 0 -1
    outer loop
      vertex 21.9203 23.7203 0
      vertex 23.7365 27.0662 0
      vertex 22.038 23.7165 0
    endloop
  endfacet
  facet normal 0 0 -1
    outer loop
      vertex 21.8026 23.7165 0
      vertex 23.7365 27.0662 0
      vertex 21.9203 23.7203 0
    endloop
  endfacet
  facet normal 0 0 -1
    outer loop
      vertex 21.6854 23.7049 0
      vertex 23.7365 27.0662 0
      vertex 21.8026 23.7165 0
    endloop
  endfacet
  facet normal -0 0 -1
    outer loop
      vertex 23.7365 27.0662 0
      vertex 21.6854 23.7049 0
      vertex 21.9154 28.5607 0
    endloop
  endfacet
  facet normal 0 0 -1
    outer loop
      vertex 21.5691 23.6857 0
      vertex 21.9154 28.5607 0
      vertex 21.6854 23.7049 0
    endloop
  endfacet
  facet normal 0 0 -1
    outer loop
      vertex 21.4544 23.659 0
      vertex 21.9154 28.5607 0
      vertex 21.5691 23.6857 0
    endloop
  endfacet
  facet normal 0 0 -1
    outer loop
      vertex 21.3417 23.6248 0
      vertex 21.9154 28.5607 0
      vertex 21.4544 23.659 0
    endloop
  endfacet
  facet normal 0 0 -1
    outer loop
      vertex 21.2315 23.5833 0
      vertex 21.9154 28.5607 0
      vertex 21.3417 23.6248 0
    endloop
  endfacet
  facet normal 0 0 -1
    outer loop
      vertex 21.1242 23.5347 0
      vertex 21.9154 28.5607 0
      vertex 21.2315 23.5833 0
    endloop
  endfacet
  facet normal 0 0 -1
    outer loop
      vertex 21.0203 23.4792 0
      vertex 21.9154 28.5607 0
      vertex 21.1242 23.5347 0
    endloop
  endfacet
  facet normal 0 0 -1
    outer loop
      vertex 20.9203 23.417 0
      vertex 21.9154 28.5607 0
      vertex 21.0203 23.4792 0
    endloop
  endfacet
  facet normal 0 0 -1
    outer loop
      vertex 20.0005 29.9329 0
      vertex 20.9203 23.417 0
      vertex 20.8245 23.3483 0
    endloop
  endfacet
  facet normal 0 0 -1
    outer loop
      vertex 20.0005 29.9329 0
      vertex 20.8245 23.3483 0
      vertex 20.7335 23.2736 0
    endloop
  endfacet
  facet normal 0 0 -1
    outer loop
      vertex 20.0005 29.9329 0
      vertex 20.7335 23.2736 0
      vertex 20.6475 23.1931 0
    endloop
  endfacet
  facet normal 0 0 -1
    outer loop
      vertex 20.0005 29.9329 0
      vertex 20.6475 23.1931 0
      vertex 20.567 23.1071 0
    endloop
  endfacet
  facet normal 0 0 -1
    outer loop
      vertex 20.0005 29.9329 0
      vertex 20.567 23.1071 0
      vertex 20.4923 23.0161 0
    endloop
  endfacet
  facet normal 0 0 -1
    outer loop
      vertex 18 31.1769 0
      vertex 20.4923 23.0161 0
      vertex 20.4237 22.9203 0
    endloop
  endfacet
  facet normal 0 0 -1
    outer loop
      vertex 18 31.1769 0
      vertex 20.4237 22.9203 0
      vertex 20.3615 22.8203 0
    endloop
  endfacet
  facet normal 0 0 -1
    outer loop
      vertex 18 31.1769 0
      vertex 20.3615 22.8203 0
      vertex 20.3059 22.7164 0
    endloop
  endfacet
  facet normal 0 0 -1
    outer loop
      vertex 18 31.1769 0
      vertex 20.3059 22.7164 0
      vertex 20.2573 22.6091 0
    endloop
  endfacet
  facet normal 0 0 -1
    outer loop
      vertex 15.9224 32.2874 0
      vertex 20.2573 22.6091 0
      vertex 20.2158 22.4989 0
    endloop
  endfacet
  facet normal 0 0 -1
    outer loop
      vertex 15.9224 32.2874 0
      vertex 20.2158 22.4989 0
      vertex 20.1816 22.3862 0
    endloop
  endfacet
  facet normal 0 0 -1
    outer loop
      vertex 20.9203 23.417 0
      vertex 20.0005 29.9329 0
      vertex 21.9154 28.5607 0
    endloop
  endfacet
  facet normal 0 0 -1
    outer loop
      vertex 15.9224 32.2874 0
      vertex 20.1816 22.3862 0
      vertex 20.1549 22.2715 0
    endloop
  endfacet
  facet normal 0 0 -1
    outer loop
      vertex 13.7766 33.2597 0
      vertex 20.1549 22.2715 0
      vertex 20.1357 22.1553 0
    endloop
  endfacet
  facet normal 0 0 -1
    outer loop
      vertex 13.7766 33.2597 0
      vertex 20.1357 22.1553 0
      vertex 20.1242 22.038 0
    endloop
  endfacet
  facet normal 0 0 -1
    outer loop
      vertex 11.5718 34.0895 0
      vertex 20.1242 22.038 0
      vertex 20.1203 21.9203 0
    endloop
  endfacet
  facet normal 0 0 -1
    outer loop
      vertex -20.1203 21.9203 0
      vertex 20.2573 21.2315 0
      vertex 20.3059 21.1242 0
    endloop
  endfacet
  facet normal -0 0 -1
    outer loop
      vertex 20.1357 -22.1553 0
      vertex 13.7766 -33.2597 0
      vertex 20.1242 -22.038 0
    endloop
  endfacet
  facet normal 0 0 -1
    outer loop
      vertex -4.69894 35.692 0
      vertex -20.1203 21.9203 0
      vertex -7.02325 35.3083 0
    endloop
  endfacet
  facet normal 0 0 -1
    outer loop
      vertex 11.5718 -34.0895 0
      vertex 20.1242 -22.038 0
      vertex 13.7766 -33.2597 0
    endloop
  endfacet
  facet normal 0 0 -1
    outer loop
      vertex 20.4923 23.0161 0
      vertex 18 31.1769 0
      vertex 20.0005 29.9329 0
    endloop
  endfacet
  facet normal -0 0 -1
    outer loop
      vertex 20.1242 -22.038 0
      vertex 11.5718 -34.0895 0
      vertex 20.1203 -21.9203 0
    endloop
  endfacet
  facet normal 0 0 -1
    outer loop
      vertex 20.2573 22.6091 0
      vertex 15.9224 32.2874 0
      vertex 18 31.1769 0
    endloop
  endfacet
  facet normal 0 0 -1
    outer loop
      vertex 9.31748 -34.7733 0
      vertex 20.1203 -21.9203 0
      vertex 11.5718 -34.0895 0
    endloop
  endfacet
  facet normal 0 0 -1
    outer loop
      vertex 20.1549 22.2715 0
      vertex 13.7766 33.2597 0
      vertex 15.9224 32.2874 0
    endloop
  endfacet
  facet normal 0 0 -1
    outer loop
      vertex 20.1357 -21.6854 0
      vertex 9.31748 -34.7733 0
      vertex 7.02325 -35.3083 0
    endloop
  endfacet
  facet normal 0 0 -1
    outer loop
      vertex 20.1242 22.038 0
      vertex 11.5718 34.0895 0
      vertex 13.7766 33.2597 0
    endloop
  endfacet
  facet normal 0 0 -1
    outer loop
      vertex 20.1549 -21.5691 0
      vertex 7.02325 -35.3083 0
      vertex 4.69894 -35.692 0
    endloop
  endfacet
  facet normal 0 0 -1
    outer loop
      vertex 20.1203 21.9203 0
      vertex 9.31748 34.7733 0
      vertex 11.5718 34.0895 0
    endloop
  endfacet
  facet normal 0 0 -1
    outer loop
      vertex 20.1816 -21.4544 0
      vertex 4.69894 -35.692 0
      vertex 2.35451 -35.9229 0
    endloop
  endfacet
  facet normal 0 0 -1
    outer loop
      vertex 20.1242 21.8026 0
      vertex 9.31748 34.7733 0
      vertex 20.1203 21.9203 0
    endloop
  endfacet
  facet normal 0 0 -1
    outer loop
      vertex 20.1816 -21.4544 0
      vertex 2.35451 -35.9229 0
      vertex 0 -36 0
    endloop
  endfacet
  facet normal 0 0 -1
    outer loop
      vertex 20.1357 21.6854 0
      vertex 9.31748 34.7733 0
      vertex 20.1242 21.8026 0
    endloop
  endfacet
  facet normal 0 0 -1
    outer loop
      vertex -7.02325 -35.3083 0
      vertex -20.1549 -21.5691 0
      vertex -4.69894 -35.692 0
    endloop
  endfacet
  facet normal -0 -0 -1
    outer loop
      vertex 9.31748 34.7733 0
      vertex 20.1357 21.6854 0
      vertex 7.02325 35.3083 0
    endloop
  endfacet
  facet normal 0 0 -1
    outer loop
      vertex -20.1549 -21.5691 0
      vertex -7.02325 -35.3083 0
      vertex -20.1357 -21.6854 0
    endloop
  endfacet
  facet normal 0 0 -1
    outer loop
      vertex 20.1549 21.5691 0
      vertex 7.02325 35.3083 0
      vertex 20.1357 21.6854 0
    endloop
  endfacet
  facet normal 0 0 -1
    outer loop
      vertex -9.31748 -34.7733 0
      vertex -20.1357 -21.6854 0
      vertex -7.02325 -35.3083 0
    endloop
  endfacet
  facet normal -0 -0 -1
    outer loop
      vertex 7.02325 35.3083 0
      vertex 20.1549 21.5691 0
      vertex 4.69894 35.692 0
    endloop
  endfacet
  facet normal 0 0 -1
    outer loop
      vertex -20.1357 -21.6854 0
      vertex -9.31748 -34.7733 0
      vertex -20.1242 -21.8026 0
    endloop
  endfacet
  facet normal 0 0 -1
    outer loop
      vertex 20.1816 21.4544 0
      vertex 4.69894 35.692 0
      vertex 20.1549 21.5691 0
    endloop
  endfacet
  facet normal 0 0 -1
    outer loop
      vertex -20.1242 -21.8026 0
      vertex -9.31748 -34.7733 0
      vertex -20.1203 -21.9203 0
    endloop
  endfacet
  facet normal -0 -0 -1
    outer loop
      vertex 4.69894 35.692 0
      vertex 20.1816 21.4544 0
      vertex 2.35451 35.9229 0
    endloop
  endfacet
  facet normal 0 0 -1
    outer loop
      vertex -20.1203 -21.9203 0
      vertex -9.31748 -34.7733 0
      vertex -11.5718 -34.0895 0
    endloop
  endfacet
  facet normal -0 -0 -1
    outer loop
      vertex 2.35451 35.9229 0
      vertex 20.1816 21.4544 0
      vertex 0 36 0
    endloop
  endfacet
  facet normal 0 0 -1
    outer loop
      vertex -20.1242 -22.038 0
      vertex -11.5718 -34.0895 0
      vertex -13.7766 -33.2597 0
    endloop
  endfacet
  facet normal 0 0 -1
    outer loop
      vertex 20.2158 21.3417 0
      vertex 0 36 0
      vertex 20.1816 21.4544 0
    endloop
  endfacet
  facet normal 0 0 -1
    outer loop
      vertex -20.1549 -22.2715 0
      vertex -13.7766 -33.2597 0
      vertex -15.9224 -32.2874 0
    endloop
  endfacet
  facet normal 0 0 -1
    outer loop
      vertex -20.1203 21.9203 0
      vertex 0 36 0
      vertex 20.2158 21.3417 0
    endloop
  endfacet
  facet normal 0 0 -1
    outer loop
      vertex -20.2573 -22.6091 0
      vertex -15.9224 -32.2874 0
      vertex -18 -31.1769 0
    endloop
  endfacet
  facet normal 0 0 -1
    outer loop
      vertex -20.1203 21.9203 0
      vertex 20.2158 21.3417 0
      vertex 20.2573 21.2315 0
    endloop
  endfacet
  facet normal 0 0 -1
    outer loop
      vertex -20.4923 -23.0161 0
      vertex -18 -31.1769 0
      vertex -20.0005 -29.9329 0
    endloop
  endfacet
  facet normal 0 0 -1
    outer loop
      vertex 0 36 0
      vertex -20.1203 21.9203 0
      vertex -2.35451 35.9229 0
    endloop
  endfacet
  facet normal 0 0 -1
    outer loop
      vertex -2.35451 35.9229 0
      vertex -20.1203 21.9203 0
      vertex -4.69894 35.692 0
    endloop
  endfacet
  facet normal 0 0 -1
    outer loop
      vertex -11.5718 -34.0895 0
      vertex -20.1242 -22.038 0
      vertex -20.1203 -21.9203 0
    endloop
  endfacet
  facet normal 0 0 -1
    outer loop
      vertex -13.7766 -33.2597 0
      vertex -20.1357 -22.1553 0
      vertex -20.1242 -22.038 0
    endloop
  endfacet
  facet normal 0 0 -1
    outer loop
      vertex -13.7766 -33.2597 0
      vertex -20.1549 -22.2715 0
      vertex -20.1357 -22.1553 0
    endloop
  endfacet
  facet normal 0 0 -1
    outer loop
      vertex -15.9224 -32.2874 0
      vertex -20.1816 -22.3862 0
      vertex -20.1549 -22.2715 0
    endloop
  endfacet
  facet normal 0 0 -1
    outer loop
      vertex -15.9224 -32.2874 0
      vertex -20.2158 -22.4989 0
      vertex -20.1816 -22.3862 0
    endloop
  endfacet
  facet normal 0 0 -1
    outer loop
      vertex -15.9224 -32.2874 0
      vertex -20.2573 -22.6091 0
      vertex -20.2158 -22.4989 0
    endloop
  endfacet
  facet normal 0 0 -1
    outer loop
      vertex -18 -31.1769 0
      vertex -20.3059 -22.7164 0
      vertex -20.2573 -22.6091 0
    endloop
  endfacet
  facet normal 0 0 -1
    outer loop
      vertex -18 -31.1769 0
      vertex -20.3615 -22.8203 0
      vertex -20.3059 -22.7164 0
    endloop
  endfacet
  facet normal 0 0 -1
    outer loop
      vertex -18 -31.1769 0
      vertex -20.4237 -22.9203 0
      vertex -20.3615 -22.8203 0
    endloop
  endfacet
  facet normal 0 0 -1
    outer loop
      vertex -18 -31.1769 0
      vertex -20.4923 -23.0161 0
      vertex -20.4237 -22.9203 0
    endloop
  endfacet
  facet normal 0 0 -1
    outer loop
      vertex -20.0005 -29.9329 0
      vertex -20.567 -23.1071 0
      vertex -20.4923 -23.0161 0
    endloop
  endfacet
  facet normal 0 0 -1
    outer loop
      vertex -20.0005 -29.9329 0
      vertex -20.6475 -23.1931 0
      vertex -20.567 -23.1071 0
    endloop
  endfacet
  facet normal 0 0 -1
    outer loop
      vertex -20.0005 -29.9329 0
      vertex -20.7335 -23.2736 0
      vertex -20.6475 -23.1931 0
    endloop
  endfacet
  facet normal 0 0 -1
    outer loop
      vertex -20.0005 -29.9329 0
      vertex -20.8245 -23.3483 0
      vertex -20.7335 -23.2736 0
    endloop
  endfacet
  facet normal 0 0 -1
    outer loop
      vertex -20.0005 -29.9329 0
      vertex -20.9203 -23.417 0
      vertex -20.8245 -23.3483 0
    endloop
  endfacet
  facet normal 0 0 -1
    outer loop
      vertex -21.9154 -28.5607 0
      vertex -20.9203 -23.417 0
      vertex -20.0005 -29.9329 0
    endloop
  endfacet
  facet normal 0 0 -1
    outer loop
      vertex -20.9203 -23.417 0
      vertex -21.9154 -28.5607 0
      vertex -21.0203 -23.4792 0
    endloop
  endfacet
  facet normal 0 0 -1
    outer loop
      vertex -21.0203 -23.4792 0
      vertex -21.9154 -28.5607 0
      vertex -21.1242 -23.5347 0
    endloop
  endfacet
  facet normal 0 0 -1
    outer loop
      vertex -21.1242 -23.5347 0
      vertex -21.9154 -28.5607 0
      vertex -21.2315 -23.5833 0
    endloop
  endfacet
  facet normal 0 0 -1
    outer loop
      vertex -21.2315 -23.5833 0
      vertex -21.9154 -28.5607 0
      vertex -21.3417 -23.6248 0
    endloop
  endfacet
  facet normal 0 0 -1
    outer loop
      vertex -21.3417 -23.6248 0
      vertex -21.9154 -28.5607 0
      vertex -21.4544 -23.659 0
    endloop
  endfacet
  facet normal 0 0 -1
    outer loop
      vertex -21.4544 -23.659 0
      vertex -21.9154 -28.5607 0
      vertex -21.5691 -23.6857 0
    endloop
  endfacet
  facet normal 0 0 -1
    outer loop
      vertex -21.5691 -23.6857 0
      vertex -21.9154 -28.5607 0
      vertex -21.6854 -23.7049 0
    endloop
  endfacet
  facet normal 0 0 -1
    outer loop
      vertex -23.7365 -27.0662 0
      vertex -21.6854 -23.7049 0
      vertex -21.9154 -28.5607 0
    endloop
  endfacet
  facet normal 0 0 -1
    outer loop
      vertex -21.6854 -23.7049 0
      vertex -23.7365 -27.0662 0
      vertex -21.8026 -23.7165 0
    endloop
  endfacet
  facet normal 0 0 -1
    outer loop
      vertex -21.8026 -23.7165 0
      vertex -23.7365 -27.0662 0
      vertex -21.9203 -23.7203 0
    endloop
  endfacet
  facet normal -0 0 -1
    outer loop
      vertex -21.9203 -23.7203 0
      vertex -23.7365 -27.0662 0
      vertex -22.038 -23.7165 0
    endloop
  endfacet
  facet normal -0 0 -1
    outer loop
      vertex -22.038 -23.7165 0
      vertex -23.7365 -27.0662 0
      vertex -22.1553 -23.7049 0
    endloop
  endfacet
  facet normal -0 0 -1
    outer loop
      vertex -22.1553 -23.7049 0
      vertex -23.7365 -27.0662 0
      vertex -22.2715 -23.6857 0
    endloop
  endfacet
  facet normal -0 0 -1
    outer loop
      vertex -22.2715 -23.6857 0
      vertex -23.7365 -27.0662 0
      vertex -22.3862 -23.659 0
    endloop
  endfacet
  facet normal -0 0 -1
    outer loop
      vertex -22.3862 -23.659 0
      vertex -23.7365 -27.0662 0
      vertex -22.4989 -23.6248 0
    endloop
  endfacet
  facet normal -0 0 -1
    outer loop
      vertex -22.4989 -23.6248 0
      vertex -23.7365 -27.0662 0
      vertex -22.6091 -23.5833 0
    endloop
  endfacet
  facet normal -0 0 -1
    outer loop
      vertex -22.6091 -23.5833 0
      vertex -23.7365 -27.0662 0
      vertex -22.7164 -23.5347 0
    endloop
  endfacet
  facet normal 0 0 -1
    outer loop
      vertex -25.4558 -25.4558 0
      vertex -22.7164 -23.5347 0
      vertex -23.7365 -27.0662 0
    endloop
  endfacet
  facet normal -0 0 -1
    outer loop
      vertex -22.7164 -23.5347 0
      vertex -25.4558 -25.4558 0
      vertex -22.8203 -23.4792 0
    endloop
  endfacet
  facet normal -0 0 -1
    outer loop
      vertex -22.8203 -23.4792 0
      vertex -25.4558 -25.4558 0
      vertex -22.9203 -23.417 0
    endloop
  endfacet
  facet normal -0 0 -1
    outer loop
      vertex -22.9203 -23.417 0
      vertex -25.4558 -25.4558 0
      vertex -23.0161 -23.3483 0
    endloop
  endfacet
  facet normal -0 0 -1
    outer loop
      vertex -23.0161 -23.3483 0
      vertex -25.4558 -25.4558 0
      vertex -23.1071 -23.2736 0
    endloop
  endfacet
  facet normal -0 0 -1
    outer loop
      vertex -23.1071 -23.2736 0
      vertex -25.4558 -25.4558 0
      vertex -23.1931 -23.1931 0
    endloop
  endfacet
  facet normal -0 0 -1
    outer loop
      vertex -23.1931 -23.1931 0
      vertex -25.4558 -25.4558 0
      vertex -23.2736 -23.1071 0
    endloop
  endfacet
  facet normal -0 0 -1
    outer loop
      vertex -23.2736 -23.1071 0
      vertex -25.4558 -25.4558 0
      vertex -23.3483 -23.0161 0
    endloop
  endfacet
  facet normal -0 0 -1
    outer loop
      vertex -23.3483 -23.0161 0
      vertex -25.4558 -25.4558 0
      vertex -23.417 -22.9203 0
    endloop
  endfacet
  facet normal -0 0 -1
    outer loop
      vertex -23.417 -22.9203 0
      vertex -25.4558 -25.4558 0
      vertex -23.4792 -22.8203 0
    endloop
  endfacet
  facet normal -0 0 -1
    outer loop
      vertex -23.4792 -22.8203 0
      vertex -25.4558 -25.4558 0
      vertex -23.5347 -22.7164 0
    endloop
  endfacet
  facet normal 0 0 -1
    outer loop
      vertex -27.0662 -23.7365 0
      vertex -23.5347 -22.7164 0
      vertex -25.4558 -25.4558 0
    endloop
  endfacet
  facet normal -0 0 -1
    outer loop
      vertex -23.7049 -22.1553 0
      vertex -27.0662 -23.7365 0
      vertex -23.7165 -22.038 0
    endloop
  endfacet
  facet normal -0 0 -1
    outer loop
      vertex -23.6857 -22.2715 0
      vertex -27.0662 -23.7365 0
      vertex -23.7049 -22.1553 0
    endloop
  endfacet
  facet normal -0 0 -1
    outer loop
      vertex -23.659 -22.3862 0
      vertex -27.0662 -23.7365 0
      vertex -23.6857 -22.2715 0
    endloop
  endfacet
  facet normal -0 0 -1
    outer loop
      vertex -23.6248 -22.4989 0
      vertex -27.0662 -23.7365 0
      vertex -23.659 -22.3862 0
    endloop
  endfacet
  facet normal -0 0 -1
    outer loop
      vertex -23.5833 -22.6091 0
      vertex -27.0662 -23.7365 0
      vertex -23.6248 -22.4989 0
    endloop
  endfacet
  facet normal -0 0 -1
    outer loop
      vertex -23.5347 -22.7164 0
      vertex -27.0662 -23.7365 0
      vertex -23.5833 -22.6091 0
    endloop
  endfacet
  facet normal 0.995185 0.0980145 0
    outer loop
      vertex 35.9229 2.35451 4
      vertex 35.692 4.69894 0
      vertex 35.692 4.69894 4
    endloop
  endfacet
  facet normal 0.995185 0.0980145 0
    outer loop
      vertex 35.692 4.69894 0
      vertex 35.9229 2.35451 4
      vertex 35.9229 2.35451 0
    endloop
  endfacet
  facet normal 0.973871 0.227101 0
    outer loop
      vertex 35.3083 7.02325 4
      vertex 34.7733 9.31748 0
      vertex 34.7733 9.31748 4
    endloop
  endfacet
  facet normal 0.973871 0.227101 0
    outer loop
      vertex 34.7733 9.31748 0
      vertex 35.3083 7.02325 4
      vertex 35.3083 7.02325 0
    endloop
  endfacet
  facet normal 0.956945 0.290269 0
    outer loop
      vertex 34.7733 9.31748 4
      vertex 34.0895 11.5718 0
      vertex 34.0895 11.5718 4
    endloop
  endfacet
  facet normal 0.956945 0.290269 0
    outer loop
      vertex 34.0895 11.5718 0
      vertex 34.7733 9.31748 4
      vertex 34.7733 9.31748 0
    endloop
  endfacet
  facet normal 0.8492 0.528071 0
    outer loop
      vertex 31.1769 18 4
      vertex 29.9329 20.0005 0
      vertex 29.9329 20.0005 4
    endloop
  endfacet
  facet normal 0.8492 0.528071 0
    outer loop
      vertex 29.9329 20.0005 0
      vertex 31.1769 18 4
      vertex 31.1769 18 0
    endloop
  endfacet
  facet normal 0.729843 0.683615 0
    outer loop
      vertex 27.0662 23.7365 4
      vertex 25.4558 25.4558 0
      vertex 25.4558 25.4558 4
    endloop
  endfacet
  facet normal 0.729843 0.683615 0
    outer loop
      vertex 25.4558 25.4558 0
      vertex 27.0662 23.7365 4
      vertex 27.0662 23.7365 0
    endloop
  endfacet
  facet normal 0.582478 0.812846 -0
    outer loop
      vertex 21.9154 28.5607 0
      vertex 20.0005 29.9329 4
      vertex 21.9154 28.5607 4
    endloop
  endfacet
  facet normal 0.582478 0.812846 0
    outer loop
      vertex 20.0005 29.9329 4
      vertex 21.9154 28.5607 0
      vertex 20.0005 29.9329 0
    endloop
  endfacet
  facet normal 0.0327281 0.999464 -0
    outer loop
      vertex 2.35451 35.9229 0
      vertex 0 36 4
      vertex 2.35451 35.9229 4
    endloop
  endfacet
  facet normal 0.0327281 0.999464 0
    outer loop
      vertex 0 36 4
      vertex 2.35451 35.9229 0
      vertex 0 36 0
    endloop
  endfacet
  facet normal 0.227101 0.973871 -0
    outer loop
      vertex 9.31748 34.7733 0
      vertex 7.02325 35.3083 4
      vertex 9.31748 34.7733 4
    endloop
  endfacet
  facet normal 0.227101 0.973871 0
    outer loop
      vertex 7.02325 35.3083 4
      vertex 9.31748 34.7733 0
      vertex 7.02325 35.3083 0
    endloop
  endfacet
  facet normal -0.999464 0.0327281 0
    outer loop
      vertex -36 0 0
      vertex -35.9229 2.35451 4
      vertex -35.9229 2.35451 0
    endloop
  endfacet
  facet normal -0.999464 0.0327281 0
    outer loop
      vertex -35.9229 2.35451 4
      vertex -36 0 0
      vertex -36 0 4
    endloop
  endfacet
  facet normal -0 0 1
    outer loop
      vertex -20.7335 20.567 4
      vertex -2.25552 1.97804 4
      vertex -20.6475 20.6475 4
    endloop
  endfacet
  facet normal 0 0 1
    outer loop
      vertex -3 0 4
      vertex -20.1242 -21.8026 4
      vertex -20.1203 -21.9203 4
    endloop
  endfacet
  facet normal 0 0 1
    outer loop
      vertex -2.25552 1.97804 4
      vertex -20.7335 20.567 4
      vertex -2.38006 1.82628 4
    endloop
  endfacet
  facet normal 0 0 1
    outer loop
      vertex -3 0 4
      vertex -20.1357 -21.6854 4
      vertex -20.1242 -21.8026 4
    endloop
  endfacet
  facet normal -0 0 1
    outer loop
      vertex -20.8245 20.4923 4
      vertex -2.38006 1.82628 4
      vertex -20.7335 20.567 4
    endloop
  endfacet
  facet normal 0 0 1
    outer loop
      vertex -3 0 4
      vertex -20.1549 -21.5691 4
      vertex -20.1357 -21.6854 4
    endloop
  endfacet
  facet normal -0 0 1
    outer loop
      vertex -20.9203 20.4237 4
      vertex -2.38006 1.82628 4
      vertex -20.8245 20.4923 4
    endloop
  endfacet
  facet normal 0 0 1
    outer loop
      vertex -3 0 4
      vertex -20.1816 -21.4544 4
      vertex -20.1549 -21.5691 4
    endloop
  endfacet
  facet normal 0 0 1
    outer loop
      vertex -2.38006 1.82628 4
      vertex -20.9203 20.4237 4
      vertex -2.49441 1.66671 4
    endloop
  endfacet
  facet normal 0 0 1
    outer loop
      vertex -3 0 4
      vertex -20.2158 -21.3417 4
      vertex -20.1816 -21.4544 4
    endloop
  endfacet
  facet normal -0 0 1
    outer loop
      vertex -21.0203 20.3615 4
      vertex -2.49441 1.66671 4
      vertex -20.9203 20.4237 4
    endloop
  endfacet
  facet normal 0 0 1
    outer loop
      vertex -3 0 4
      vertex -20.2573 -21.2315 4
      vertex -20.2158 -21.3417 4
    endloop
  endfacet
  facet normal 0 0 1
    outer loop
      vertex -2.49441 1.66671 4
      vertex -21.0203 20.3615 4
      vertex -2.59808 1.5 4
    endloop
  endfacet
  facet normal 0 0 1
    outer loop
      vertex -3 0 4
      vertex -20.3059 -21.1242 4
      vertex -20.2573 -21.2315 4
    endloop
  endfacet
  facet normal -0 0 1
    outer loop
      vertex -21.1242 20.3059 4
      vertex -2.59808 1.5 4
      vertex -21.0203 20.3615 4
    endloop
  endfacet
  facet normal 0 0 1
    outer loop
      vertex -3 0 4
      vertex -20.3615 -21.0203 4
      vertex -20.3059 -21.1242 4
    endloop
  endfacet
  facet normal 0 0 1
    outer loop
      vertex -2.59808 1.5 4
      vertex -21.1242 20.3059 4
      vertex -2.69062 1.32687 4
    endloop
  endfacet
  facet normal 0 0 1
    outer loop
      vertex -3 0 4
      vertex -20.4237 -20.9203 4
      vertex -20.3615 -21.0203 4
    endloop
  endfacet
  facet normal -0 0 1
    outer loop
      vertex -21.2315 20.2573 4
      vertex -2.69062 1.32687 4
      vertex -21.1242 20.3059 4
    endloop
  endfacet
  facet normal 0 0 1
    outer loop
      vertex -3 0 4
      vertex -20.4923 -20.8245 4
      vertex -20.4237 -20.9203 4
    endloop
  endfacet
  facet normal 0 0 1
    outer loop
      vertex -2.69062 1.32687 4
      vertex -21.2315 20.2573 4
      vertex -2.77164 1.14805 4
    endloop
  endfacet
  facet normal 0 0 1
    outer loop
      vertex -3 0 4
      vertex -20.567 -20.7335 4
      vertex -20.4923 -20.8245 4
    endloop
  endfacet
  facet normal -0 0 1
    outer loop
      vertex -21.3417 20.2158 4
      vertex -2.77164 1.14805 4
      vertex -21.2315 20.2573 4
    endloop
  endfacet
  facet normal 0 0 1
    outer loop
      vertex -3 0 4
      vertex -20.6475 -20.6475 4
      vertex -20.567 -20.7335 4
    endloop
  endfacet
  facet normal 0 0 1
    outer loop
      vertex -2.77164 1.14805 4
      vertex -21.3417 20.2158 4
      vertex -2.84079 0.964318 4
    endloop
  endfacet
  facet normal 0 0 1
    outer loop
      vertex -3 0 4
      vertex -20.7335 -20.567 4
      vertex -20.6475 -20.6475 4
    endloop
  endfacet
  facet normal -0 0 1
    outer loop
      vertex -21.4544 20.1816 4
      vertex -2.84079 0.964318 4
      vertex -21.3417 20.2158 4
    endloop
  endfacet
  facet normal 0 0 1
    outer loop
      vertex -3 0 4
      vertex -20.8245 -20.4923 4
      vertex -20.7335 -20.567 4
    endloop
  endfacet
  facet normal 0 0 1
    outer loop
      vertex -2.84079 0.964318 4
      vertex -21.4544 20.1816 4
      vertex -2.89778 0.776457 4
    endloop
  endfacet
  facet normal 0 0 1
    outer loop
      vertex -3 0 4
      vertex -20.9203 -20.4237 4
      vertex -20.8245 -20.4923 4
    endloop
  endfacet
  facet normal -0 0 1
    outer loop
      vertex -21.5691 20.1549 4
      vertex -2.89778 0.776457 4
      vertex -21.4544 20.1816 4
    endloop
  endfacet
  facet normal 0 0 1
    outer loop
      vertex -3 0 4
      vertex -21.0203 -20.3615 4
      vertex -20.9203 -20.4237 4
    endloop
  endfacet
  facet normal 0 0 1
    outer loop
      vertex -2.89778 0.776457 4
      vertex -21.5691 20.1549 4
      vertex -2.94236 0.585271 4
    endloop
  endfacet
  facet normal 0 0 1
    outer loop
      vertex -3 0 4
      vertex -21.1242 -20.3059 4
      vertex -21.0203 -20.3615 4
    endloop
  endfacet
  facet normal -0 0 1
    outer loop
      vertex -21.6854 20.1357 4
      vertex -2.94236 0.585271 4
      vertex -21.5691 20.1549 4
    endloop
  endfacet
  facet normal 0 0 1
    outer loop
      vertex -3 0 4
      vertex -21.2315 -20.2573 4
      vertex -21.1242 -20.3059 4
    endloop
  endfacet
  facet normal -0 0 1
    outer loop
      vertex -35.3083 7.02325 4
      vertex -2.94236 0.585271 4
      vertex -21.6854 20.1357 4
    endloop
  endfacet
  facet normal 0 0 1
    outer loop
      vertex -3 0 4
      vertex -21.3417 -20.2158 4
      vertex -21.2315 -20.2573 4
    endloop
  endfacet
  facet normal 0 0 1
    outer loop
      vertex -2.94236 0.585271 4
      vertex -35.3083 7.02325 4
      vertex -2.97433 0.391578 4
    endloop
  endfacet
  facet normal 0 -0 1
    outer loop
      vertex -35.9229 -2.35451 4
      vertex -3 0 4
      vertex -36 0 4
    endloop
  endfacet
  facet normal 0 0 1
    outer loop
      vertex -2.97433 0.391578 4
      vertex -35.692 4.69894 4
      vertex -2.99358 0.196209 4
    endloop
  endfacet
  facet normal 0 0 1
    outer loop
      vertex -3 0 4
      vertex -21.4544 -20.1816 4
      vertex -21.3417 -20.2158 4
    endloop
  endfacet
  facet normal -0 0 1
    outer loop
      vertex -35.692 4.69894 4
      vertex -2.97433 0.391578 4
      vertex -35.3083 7.02325 4
    endloop
  endfacet
  facet normal 0 -0 1
    outer loop
      vertex -35.692 -4.69894 4
      vertex -3 0 4
      vertex -35.9229 -2.35451 4
    endloop
  endfacet
  facet normal 0 0 1
    outer loop
      vertex -34.7733 9.31748 4
      vertex -21.6854 20.1357 4
      vertex -21.8026 20.1242 4
    endloop
  endfacet
  facet normal 0 -0 1
    outer loop
      vertex -35.3083 -7.02325 4
      vertex -3 0 4
      vertex -35.692 -4.69894 4
    endloop
  endfacet
  facet normal 0 0 1
    outer loop
      vertex -34.7733 9.31748 4
      vertex -21.8026 20.1242 4
      vertex -21.9203 20.1203 4
    endloop
  endfacet
  facet normal 0 0 1
    outer loop
      vertex -3 0 4
      vertex -21.5691 -20.1549 4
      vertex -21.4544 -20.1816 4
    endloop
  endfacet
  facet normal 0 0 1
    outer loop
      vertex -34.0895 11.5718 4
      vertex -21.9203 20.1203 4
      vertex -22.038 20.1242 4
    endloop
  endfacet
  facet normal 0 0 1
    outer loop
      vertex -3 0 4
      vertex -35.3083 -7.02325 4
      vertex -21.5691 -20.1549 4
    endloop
  endfacet
  facet normal 0 0 1
    outer loop
      vertex -33.2597 13.7766 4
      vertex -22.038 20.1242 4
      vertex -22.1553 20.1357 4
    endloop
  endfacet
  facet normal 0 0 1
    outer loop
      vertex -21.5691 -20.1549 4
      vertex -35.3083 -7.02325 4
      vertex -21.6854 -20.1357 4
    endloop
  endfacet
  facet normal 0 0 1
    outer loop
      vertex -33.2597 13.7766 4
      vertex -22.1553 20.1357 4
      vertex -22.2715 20.1549 4
    endloop
  endfacet
  facet normal -0 -0 1
    outer loop
      vertex -34.7733 -9.31748 4
      vertex -21.6854 -20.1357 4
      vertex -35.3083 -7.02325 4
    endloop
  endfacet
  facet normal 0 0 1
    outer loop
      vertex -32.2874 15.9224 4
      vertex -22.2715 20.1549 4
      vertex -22.3862 20.1816 4
    endloop
  endfacet
  facet normal 0 0 1
    outer loop
      vertex -21.6854 -20.1357 4
      vertex -34.7733 -9.31748 4
      vertex -21.8026 -20.1242 4
    endloop
  endfacet
  facet normal 0 0 1
    outer loop
      vertex -32.2874 15.9224 4
      vertex -22.3862 20.1816 4
      vertex -22.4989 20.2158 4
    endloop
  endfacet
  facet normal 0 0 1
    outer loop
      vertex -21.8026 -20.1242 4
      vertex -34.7733 -9.31748 4
      vertex -21.9203 -20.1203 4
    endloop
  endfacet
  facet normal 0 0 1
    outer loop
      vertex -32.2874 15.9224 4
      vertex -22.4989 20.2158 4
      vertex -22.6091 20.2573 4
    endloop
  endfacet
  facet normal -0 -0 1
    outer loop
      vertex -34.0895 -11.5718 4
      vertex -21.9203 -20.1203 4
      vertex -34.7733 -9.31748 4
    endloop
  endfacet
  facet normal 0 0 1
    outer loop
      vertex -31.1769 18 4
      vertex -22.6091 20.2573 4
      vertex -22.7164 20.3059 4
    endloop
  endfacet
  facet normal 0 0 1
    outer loop
      vertex -21.9203 -20.1203 4
      vertex -34.0895 -11.5718 4
      vertex -22.038 -20.1242 4
    endloop
  endfacet
  facet normal 0 0 1
    outer loop
      vertex -31.1769 18 4
      vertex -22.7164 20.3059 4
      vertex -22.8203 20.3615 4
    endloop
  endfacet
  facet normal -0 -0 1
    outer loop
      vertex -33.2597 -13.7766 4
      vertex -22.038 -20.1242 4
      vertex -34.0895 -11.5718 4
    endloop
  endfacet
  facet normal 0 0 1
    outer loop
      vertex -31.1769 18 4
      vertex -22.8203 20.3615 4
      vertex -22.9203 20.4237 4
    endloop
  endfacet
  facet normal 0 0 1
    outer loop
      vertex -22.038 -20.1242 4
      vertex -33.2597 -13.7766 4
      vertex -22.1553 -20.1357 4
    endloop
  endfacet
  facet normal 0 0 1
    outer loop
      vertex -31.1769 18 4
      vertex -22.9203 20.4237 4
      vertex -23.0161 20.4923 4
    endloop
  endfacet
  facet normal 0 0 1
    outer loop
      vertex -22.1553 -20.1357 4
      vertex -33.2597 -13.7766 4
      vertex -22.2715 -20.1549 4
    endloop
  endfacet
  facet normal 0 0 1
    outer loop
      vertex -29.9329 20.0005 4
      vertex -23.0161 20.4923 4
      vertex -23.1071 20.567 4
    endloop
  endfacet
  facet normal -0 -0 1
    outer loop
      vertex -32.2874 -15.9224 4
      vertex -22.2715 -20.1549 4
      vertex -33.2597 -13.7766 4
    endloop
  endfacet
  facet normal 0 0 1
    outer loop
      vertex -29.9329 20.0005 4
      vertex -23.1071 20.567 4
      vertex -23.1931 20.6475 4
    endloop
  endfacet
  facet normal 0 0 1
    outer loop
      vertex -22.2715 -20.1549 4
      vertex -32.2874 -15.9224 4
      vertex -22.3862 -20.1816 4
    endloop
  endfacet
  facet normal 0 0 1
    outer loop
      vertex -29.9329 20.0005 4
      vertex -23.1931 20.6475 4
      vertex -23.2736 20.7335 4
    endloop
  endfacet
  facet normal 0 0 1
    outer loop
      vertex -22.3862 -20.1816 4
      vertex -32.2874 -15.9224 4
      vertex -22.4989 -20.2158 4
    endloop
  endfacet
  facet normal 0 0 1
    outer loop
      vertex -29.9329 20.0005 4
      vertex -23.2736 20.7335 4
      vertex -23.3483 20.8245 4
    endloop
  endfacet
  facet normal 0 0 1
    outer loop
      vertex -22.4989 -20.2158 4
      vertex -32.2874 -15.9224 4
      vertex -22.6091 -20.2573 4
    endloop
  endfacet
  facet normal 0 0 1
    outer loop
      vertex -29.9329 20.0005 4
      vertex -23.3483 20.8245 4
      vertex -23.417 20.9203 4
    endloop
  endfacet
  facet normal -0 -0 1
    outer loop
      vertex -31.1769 -18 4
      vertex -22.6091 -20.2573 4
      vertex -32.2874 -15.9224 4
    endloop
  endfacet
  facet normal 0 0 1
    outer loop
      vertex -28.5607 21.9154 4
      vertex -23.417 20.9203 4
      vertex -23.4792 21.0203 4
    endloop
  endfacet
  facet normal 0 0 1
    outer loop
      vertex -22.6091 -20.2573 4
      vertex -31.1769 -18 4
      vertex -22.7164 -20.3059 4
    endloop
  endfacet
  facet normal 0 0 1
    outer loop
      vertex -28.5607 21.9154 4
      vertex -23.4792 21.0203 4
      vertex -23.5347 21.1242 4
    endloop
  endfacet
  facet normal 0 0 1
    outer loop
      vertex -22.7164 -20.3059 4
      vertex -31.1769 -18 4
      vertex -22.8203 -20.3615 4
    endloop
  endfacet
  facet normal 0 0 1
    outer loop
      vertex -28.5607 21.9154 4
      vertex -23.5347 21.1242 4
      vertex -23.5833 21.2315 4
    endloop
  endfacet
  facet normal 0 0 1
    outer loop
      vertex -22.8203 -20.3615 4
      vertex -31.1769 -18 4
      vertex -22.9203 -20.4237 4
    endloop
  endfacet
  facet normal 0 0 1
    outer loop
      vertex -28.5607 21.9154 4
      vertex -23.5833 21.2315 4
      vertex -23.6248 21.3417 4
    endloop
  endfacet
  facet normal 0 0 1
    outer loop
      vertex -22.9203 -20.4237 4
      vertex -31.1769 -18 4
      vertex -23.0161 -20.4923 4
    endloop
  endfacet
  facet normal 0 0 1
    outer loop
      vertex -28.5607 21.9154 4
      vertex -23.6248 21.3417 4
      vertex -23.659 21.4544 4
    endloop
  endfacet
  facet normal -0 -0 1
    outer loop
      vertex -29.9329 -20.0005 4
      vertex -23.0161 -20.4923 4
      vertex -31.1769 -18 4
    endloop
  endfacet
  facet normal 0 0 1
    outer loop
      vertex -28.5607 21.9154 4
      vertex -23.659 21.4544 4
      vertex -23.6857 21.5691 4
    endloop
  endfacet
  facet normal 0 0 1
    outer loop
      vertex -23.0161 -20.4923 4
      vertex -29.9329 -20.0005 4
      vertex -23.1071 -20.567 4
    endloop
  endfacet
  facet normal 0 0 1
    outer loop
      vertex -28.5607 21.9154 4
      vertex -23.6857 21.5691 4
      vertex -23.7049 21.6854 4
    endloop
  endfacet
  facet normal 0 0 1
    outer loop
      vertex -23.1071 -20.567 4
      vertex -29.9329 -20.0005 4
      vertex -23.1931 -20.6475 4
    endloop
  endfacet
  facet normal 0 0 1
    outer loop
      vertex -27.0662 23.7365 4
      vertex -23.7049 21.6854 4
      vertex -23.7165 21.8026 4
    endloop
  endfacet
  facet normal 0 0 1
    outer loop
      vertex -23.1931 -20.6475 4
      vertex -29.9329 -20.0005 4
      vertex -23.2736 -20.7335 4
    endloop
  endfacet
  facet normal 0 0 1
    outer loop
      vertex -27.0662 23.7365 4
      vertex -23.7165 21.8026 4
      vertex -23.7203 21.9203 4
    endloop
  endfacet
  facet normal 0 0 1
    outer loop
      vertex -23.2736 -20.7335 4
      vertex -29.9329 -20.0005 4
      vertex -23.3483 -20.8245 4
    endloop
  endfacet
  facet normal -0 0 1
    outer loop
      vertex -20.1549 -22.2715 4
      vertex -13.7766 -33.2597 4
      vertex -20.1357 -22.1553 4
    endloop
  endfacet
  facet normal 0 0 1
    outer loop
      vertex -13.7766 -33.2597 4
      vertex -20.1549 -22.2715 4
      vertex -15.9224 -32.2874 4
    endloop
  endfacet
  facet normal -0 0 1
    outer loop
      vertex -20.1816 -22.3862 4
      vertex -15.9224 -32.2874 4
      vertex -20.1549 -22.2715 4
    endloop
  endfacet
  facet normal -0 0 1
    outer loop
      vertex -20.2158 -22.4989 4
      vertex -15.9224 -32.2874 4
      vertex -20.1816 -22.3862 4
    endloop
  endfacet
  facet normal -0 0 1
    outer loop
      vertex -20.2573 -22.6091 4
      vertex -15.9224 -32.2874 4
      vertex -20.2158 -22.4989 4
    endloop
  endfacet
  facet normal 0 0 1
    outer loop
      vertex -15.9224 -32.2874 4
      vertex -20.2573 -22.6091 4
      vertex -18 -31.1769 4
    endloop
  endfacet
  facet normal -0 0 1
    outer loop
      vertex -20.3059 -22.7164 4
      vertex -18 -31.1769 4
      vertex -20.2573 -22.6091 4
    endloop
  endfacet
  facet normal -0 0 1
    outer loop
      vertex -20.3615 -22.8203 4
      vertex -18 -31.1769 4
      vertex -20.3059 -22.7164 4
    endloop
  endfacet
  facet normal -0 0 1
    outer loop
      vertex -20.4237 -22.9203 4
      vertex -18 -31.1769 4
      vertex -20.3615 -22.8203 4
    endloop
  endfacet
  facet normal -0 0 1
    outer loop
      vertex -20.4923 -23.0161 4
      vertex -18 -31.1769 4
      vertex -20.4237 -22.9203 4
    endloop
  endfacet
  facet normal 0 0 1
    outer loop
      vertex -18 -31.1769 4
      vertex -20.4923 -23.0161 4
      vertex -20.0005 -29.9329 4
    endloop
  endfacet
  facet normal -0 0 1
    outer loop
      vertex -20.567 -23.1071 4
      vertex -20.0005 -29.9329 4
      vertex -20.4923 -23.0161 4
    endloop
  endfacet
  facet normal -0 0 1
    outer loop
      vertex -20.6475 -23.1931 4
      vertex -20.0005 -29.9329 4
      vertex -20.567 -23.1071 4
    endloop
  endfacet
  facet normal -0 0 1
    outer loop
      vertex -20.7335 -23.2736 4
      vertex -20.0005 -29.9329 4
      vertex -20.6475 -23.1931 4
    endloop
  endfacet
  facet normal -0 0 1
    outer loop
      vertex -20.8245 -23.3483 4
      vertex -20.0005 -29.9329 4
      vertex -20.7335 -23.2736 4
    endloop
  endfacet
  facet normal -0 0 1
    outer loop
      vertex -20.9203 -23.417 4
      vertex -20.0005 -29.9329 4
      vertex -20.8245 -23.3483 4
    endloop
  endfacet
  facet normal 0 0 1
    outer loop
      vertex -21.9154 -28.5607 4
      vertex -20.9203 -23.417 4
      vertex -21.0203 -23.4792 4
    endloop
  endfacet
  facet normal 0 0 1
    outer loop
      vertex -21.9154 -28.5607 4
      vertex -21.0203 -23.4792 4
      vertex -21.1242 -23.5347 4
    endloop
  endfacet
  facet normal 0 0 1
    outer loop
      vertex -21.9154 -28.5607 4
      vertex -21.1242 -23.5347 4
      vertex -21.2315 -23.5833 4
    endloop
  endfacet
  facet normal 0 0 1
    outer loop
      vertex -21.9154 -28.5607 4
      vertex -21.2315 -23.5833 4
      vertex -21.3417 -23.6248 4
    endloop
  endfacet
  facet normal 0 0 1
    outer loop
      vertex -21.9154 -28.5607 4
      vertex -21.3417 -23.6248 4
      vertex -21.4544 -23.659 4
    endloop
  endfacet
  facet normal 0 0 1
    outer loop
      vertex -21.9154 -28.5607 4
      vertex -21.4544 -23.659 4
      vertex -21.5691 -23.6857 4
    endloop
  endfacet
  facet normal 0 0 1
    outer loop
      vertex -21.9154 -28.5607 4
      vertex -21.5691 -23.6857 4
      vertex -21.6854 -23.7049 4
    endloop
  endfacet
  facet normal 0 0 1
    outer loop
      vertex -23.7365 -27.0662 4
      vertex -21.6854 -23.7049 4
      vertex -21.8026 -23.7165 4
    endloop
  endfacet
  facet normal 0 0 1
    outer loop
      vertex -20.9203 -23.417 4
      vertex -21.9154 -28.5607 4
      vertex -20.0005 -29.9329 4
    endloop
  endfacet
  facet normal 0 0 1
    outer loop
      vertex -23.7365 -27.0662 4
      vertex -21.8026 -23.7165 4
      vertex -21.9203 -23.7203 4
    endloop
  endfacet
  facet normal 0 0 1
    outer loop
      vertex -23.7365 -27.0662 4
      vertex -21.9203 -23.7203 4
      vertex -22.038 -23.7165 4
    endloop
  endfacet
  facet normal 0 0 1
    outer loop
      vertex -23.7365 -27.0662 4
      vertex -22.038 -23.7165 4
      vertex -22.1553 -23.7049 4
    endloop
  endfacet
  facet normal 0 0 1
    outer loop
      vertex -23.7365 -27.0662 4
      vertex -22.1553 -23.7049 4
      vertex -22.2715 -23.6857 4
    endloop
  endfacet
  facet normal 0 0 1
    outer loop
      vertex -23.7365 -27.0662 4
      vertex -22.2715 -23.6857 4
      vertex -22.3862 -23.659 4
    endloop
  endfacet
  facet normal 0 0 1
    outer loop
      vertex -23.7365 -27.0662 4
      vertex -22.3862 -23.659 4
      vertex -22.4989 -23.6248 4
    endloop
  endfacet
  facet normal 0 0 1
    outer loop
      vertex -23.7365 -27.0662 4
      vertex -22.4989 -23.6248 4
      vertex -22.6091 -23.5833 4
    endloop
  endfacet
  facet normal 0 0 1
    outer loop
      vertex -23.7365 -27.0662 4
      vertex -22.6091 -23.5833 4
      vertex -22.7164 -23.5347 4
    endloop
  endfacet
  facet normal 0 0 1
    outer loop
      vertex -25.4558 -25.4558 4
      vertex -22.7164 -23.5347 4
      vertex -22.8203 -23.4792 4
    endloop
  endfacet
  facet normal 0 0 1
    outer loop
      vertex -25.4558 -25.4558 4
      vertex -22.8203 -23.4792 4
      vertex -22.9203 -23.417 4
    endloop
  endfacet
  facet normal 0 0 1
    outer loop
      vertex -25.4558 -25.4558 4
      vertex -22.9203 -23.417 4
      vertex -23.0161 -23.3483 4
    endloop
  endfacet
  facet normal 0 0 1
    outer loop
      vertex -25.4558 -25.4558 4
      vertex -23.0161 -23.3483 4
      vertex -23.1071 -23.2736 4
    endloop
  endfacet
  facet normal 0 0 1
    outer loop
      vertex -25.4558 -25.4558 4
      vertex -23.1071 -23.2736 4
      vertex -23.1931 -23.1931 4
    endloop
  endfacet
  facet normal 0 0 1
    outer loop
      vertex -25.4558 -25.4558 4
      vertex -23.1931 -23.1931 4
      vertex -23.2736 -23.1071 4
    endloop
  endfacet
  facet normal 0 0 1
    outer loop
      vertex -25.4558 -25.4558 4
      vertex -23.2736 -23.1071 4
      vertex -23.3483 -23.0161 4
    endloop
  endfacet
  facet normal 0 0 1
    outer loop
      vertex -25.4558 -25.4558 4
      vertex -23.3483 -23.0161 4
      vertex -23.417 -22.9203 4
    endloop
  endfacet
  facet normal 0 0 1
    outer loop
      vertex -25.4558 -25.4558 4
      vertex -23.417 -22.9203 4
      vertex -23.4792 -22.8203 4
    endloop
  endfacet
  facet normal 0 0 1
    outer loop
      vertex -25.4558 -25.4558 4
      vertex -23.4792 -22.8203 4
      vertex -23.5347 -22.7164 4
    endloop
  endfacet
  facet normal 0 0 1
    outer loop
      vertex -27.0662 -23.7365 4
      vertex -23.5347 -22.7164 4
      vertex -23.5833 -22.6091 4
    endloop
  endfacet
  facet normal 0 0 1
    outer loop
      vertex -27.0662 -23.7365 4
      vertex -23.5833 -22.6091 4
      vertex -23.6248 -22.4989 4
    endloop
  endfacet
  facet normal 0 0 1
    outer loop
      vertex -27.0662 -23.7365 4
      vertex -23.6248 -22.4989 4
      vertex -23.659 -22.3862 4
    endloop
  endfacet
  facet normal 0 0 1
    outer loop
      vertex -21.6854 -23.7049 4
      vertex -23.7365 -27.0662 4
      vertex -21.9154 -28.5607 4
    endloop
  endfacet
  facet normal 0 0 1
    outer loop
      vertex -27.0662 -23.7365 4
      vertex -23.659 -22.3862 4
      vertex -23.6857 -22.2715 4
    endloop
  endfacet
  facet normal 0 0 1
    outer loop
      vertex -27.0662 -23.7365 4
      vertex -23.6857 -22.2715 4
      vertex -23.7049 -22.1553 4
    endloop
  endfacet
  facet normal 0 0 1
    outer loop
      vertex -27.0662 -23.7365 4
      vertex -23.7049 -22.1553 4
      vertex -23.7165 -22.038 4
    endloop
  endfacet
  facet normal 0 0 1
    outer loop
      vertex -27.0662 -23.7365 4
      vertex -23.7165 -22.038 4
      vertex -23.7203 -21.9203 4
    endloop
  endfacet
  facet normal 0 0 1
    outer loop
      vertex -23.7165 22.038 4
      vertex -27.0662 23.7365 4
      vertex -23.7203 21.9203 4
    endloop
  endfacet
  facet normal 0 0 1
    outer loop
      vertex -23.7049 21.6854 4
      vertex -27.0662 23.7365 4
      vertex -28.5607 21.9154 4
    endloop
  endfacet
  facet normal 0 0 1
    outer loop
      vertex -22.7164 -23.5347 4
      vertex -25.4558 -25.4558 4
      vertex -23.7365 -27.0662 4
    endloop
  endfacet
  facet normal 0 0 1
    outer loop
      vertex -23.417 20.9203 4
      vertex -28.5607 21.9154 4
      vertex -29.9329 20.0005 4
    endloop
  endfacet
  facet normal 0 0 1
    outer loop
      vertex -23.5347 -22.7164 4
      vertex -27.0662 -23.7365 4
      vertex -25.4558 -25.4558 4
    endloop
  endfacet
  facet normal 0 0 1
    outer loop
      vertex -23.0161 20.4923 4
      vertex -29.9329 20.0005 4
      vertex -31.1769 18 4
    endloop
  endfacet
  facet normal 0 0 1
    outer loop
      vertex -23.7165 -21.8026 4
      vertex -27.0662 -23.7365 4
      vertex -23.7203 -21.9203 4
    endloop
  endfacet
  facet normal 0 0 1
    outer loop
      vertex -22.6091 20.2573 4
      vertex -31.1769 18 4
      vertex -32.2874 15.9224 4
    endloop
  endfacet
  facet normal 0 0 1
    outer loop
      vertex -23.7049 -21.6854 4
      vertex -27.0662 -23.7365 4
      vertex -23.7165 -21.8026 4
    endloop
  endfacet
  facet normal 0 0 1
    outer loop
      vertex -22.2715 20.1549 4
      vertex -32.2874 15.9224 4
      vertex -33.2597 13.7766 4
    endloop
  endfacet
  facet normal 0 -0 1
    outer loop
      vertex -27.0662 -23.7365 4
      vertex -23.7049 -21.6854 4
      vertex -28.5607 -21.9154 4
    endloop
  endfacet
  facet normal 0 0 1
    outer loop
      vertex -22.038 20.1242 4
      vertex -33.2597 13.7766 4
      vertex -34.0895 11.5718 4
    endloop
  endfacet
  facet normal 0 0 1
    outer loop
      vertex -23.6857 -21.5691 4
      vertex -28.5607 -21.9154 4
      vertex -23.7049 -21.6854 4
    endloop
  endfacet
  facet normal 0 0 1
    outer loop
      vertex -21.9203 20.1203 4
      vertex -34.0895 11.5718 4
      vertex -34.7733 9.31748 4
    endloop
  endfacet
  facet normal 0 0 1
    outer loop
      vertex -23.659 -21.4544 4
      vertex -28.5607 -21.9154 4
      vertex -23.6857 -21.5691 4
    endloop
  endfacet
  facet normal 0 0 1
    outer loop
      vertex -21.6854 20.1357 4
      vertex -34.7733 9.31748 4
      vertex -35.3083 7.02325 4
    endloop
  endfacet
  facet normal 0 0 1
    outer loop
      vertex -23.6248 -21.3417 4
      vertex -28.5607 -21.9154 4
      vertex -23.659 -21.4544 4
    endloop
  endfacet
  facet normal -0 0 1
    outer loop
      vertex -35.9229 2.35451 4
      vertex -2.99358 0.196209 4
      vertex -35.692 4.69894 4
    endloop
  endfacet
  facet normal 0 0 1
    outer loop
      vertex -23.5833 -21.2315 4
      vertex -28.5607 -21.9154 4
      vertex -23.6248 -21.3417 4
    endloop
  endfacet
  facet normal 0 0 1
    outer loop
      vertex -2.99358 0.196209 4
      vertex -35.9229 2.35451 4
      vertex -3 0 4
    endloop
  endfacet
  facet normal 0 0 1
    outer loop
      vertex -23.5347 -21.1242 4
      vertex -28.5607 -21.9154 4
      vertex -23.5833 -21.2315 4
    endloop
  endfacet
  facet normal 0 0 1
    outer loop
      vertex -3 0 4
      vertex -35.9229 2.35451 4
      vertex -36 0 4
    endloop
  endfacet
  facet normal 0 0 1
    outer loop
      vertex -23.4792 -21.0203 4
      vertex -28.5607 -21.9154 4
      vertex -23.5347 -21.1242 4
    endloop
  endfacet
  facet normal 0 0 1
    outer loop
      vertex -23.3483 -20.8245 4
      vertex -29.9329 -20.0005 4
      vertex -23.417 -20.9203 4
    endloop
  endfacet
  facet normal 0 0 1
    outer loop
      vertex -23.417 -20.9203 4
      vertex -28.5607 -21.9154 4
      vertex -23.4792 -21.0203 4
    endloop
  endfacet
  facet normal 0 -0 1
    outer loop
      vertex -28.5607 -21.9154 4
      vertex -23.417 -20.9203 4
      vertex -29.9329 -20.0005 4
    endloop
  endfacet
  facet normal 0 0 1
    outer loop
      vertex 20.7335 -20.567 4
      vertex 2.25552 -1.97804 4
      vertex 20.6475 -20.6475 4
    endloop
  endfacet
  facet normal -0 0 1
    outer loop
      vertex 2.12132 -2.12132 4
      vertex 20.6475 -20.6475 4
      vertex 2.25552 -1.97804 4
    endloop
  endfacet
  facet normal 0 0 1
    outer loop
      vertex 20.6475 -20.6475 4
      vertex 2.12132 -2.12132 4
      vertex 20.567 -20.7335 4
    endloop
  endfacet
  facet normal -0 0 1
    outer loop
      vertex 1.97804 -2.25552 4
      vertex 20.567 -20.7335 4
      vertex 2.12132 -2.12132 4
    endloop
  endfacet
  facet normal 0 0 1
    outer loop
      vertex 20.567 -20.7335 4
      vertex 1.97804 -2.25552 4
      vertex 20.4923 -20.8245 4
    endloop
  endfacet
  facet normal -0 0 1
    outer loop
      vertex 1.82628 -2.38006 4
      vertex 20.4923 -20.8245 4
      vertex 1.97804 -2.25552 4
    endloop
  endfacet
  facet normal 0 0 1
    outer loop
      vertex 20.4923 -20.8245 4
      vertex 1.82628 -2.38006 4
      vertex 20.4237 -20.9203 4
    endloop
  endfacet
  facet normal -0 0 1
    outer loop
      vertex 1.66671 -2.49441 4
      vertex 20.4237 -20.9203 4
      vertex 1.82628 -2.38006 4
    endloop
  endfacet
  facet normal 0 0 1
    outer loop
      vertex 20.4237 -20.9203 4
      vertex 1.66671 -2.49441 4
      vertex 20.3615 -21.0203 4
    endloop
  endfacet
  facet normal -0 0 1
    outer loop
      vertex 1.5 -2.59808 4
      vertex 20.3615 -21.0203 4
      vertex 1.66671 -2.49441 4
    endloop
  endfacet
  facet normal 0 0 1
    outer loop
      vertex 20.3615 -21.0203 4
      vertex 1.5 -2.59808 4
      vertex 20.3059 -21.1242 4
    endloop
  endfacet
  facet normal -0 0 1
    outer loop
      vertex 1.32687 -2.69062 4
      vertex 20.3059 -21.1242 4
      vertex 1.5 -2.59808 4
    endloop
  endfacet
  facet normal 0 0 1
    outer loop
      vertex 20.3059 -21.1242 4
      vertex 1.32687 -2.69062 4
      vertex 20.2573 -21.2315 4
    endloop
  endfacet
  facet normal -0 0 1
    outer loop
      vertex 1.14805 -2.77164 4
      vertex 20.2573 -21.2315 4
      vertex 1.32687 -2.69062 4
    endloop
  endfacet
  facet normal 0 0 1
    outer loop
      vertex 20.2573 -21.2315 4
      vertex 1.14805 -2.77164 4
      vertex 20.2158 -21.3417 4
    endloop
  endfacet
  facet normal -0 0 1
    outer loop
      vertex 0.964318 -2.84079 4
      vertex 20.2158 -21.3417 4
      vertex 1.14805 -2.77164 4
    endloop
  endfacet
  facet normal 0 0 1
    outer loop
      vertex 20.2158 -21.3417 4
      vertex 0.964318 -2.84079 4
      vertex 20.1816 -21.4544 4
    endloop
  endfacet
  facet normal -0 0 1
    outer loop
      vertex 0.776457 -2.89778 4
      vertex 20.1816 -21.4544 4
      vertex 0.964318 -2.84079 4
    endloop
  endfacet
  facet normal 0 0 1
    outer loop
      vertex 20.1816 -21.4544 4
      vertex 0.776457 -2.89778 4
      vertex 20.1549 -21.5691 4
    endloop
  endfacet
  facet normal -0 0 1
    outer loop
      vertex 0.585271 -2.94236 4
      vertex 20.1549 -21.5691 4
      vertex 0.776457 -2.89778 4
    endloop
  endfacet
  facet normal 0 0 1
    outer loop
      vertex 20.1549 -21.5691 4
      vertex 0.585271 -2.94236 4
      vertex 4.69894 -35.692 4
    endloop
  endfacet
  facet normal -0 0 1
    outer loop
      vertex 0.391578 -2.97433 4
      vertex 4.69894 -35.692 4
      vertex 0.585271 -2.94236 4
    endloop
  endfacet
  facet normal 0 0 1
    outer loop
      vertex 4.69894 -35.692 4
      vertex 0.391578 -2.97433 4
      vertex 2.35451 -35.9229 4
    endloop
  endfacet
  facet normal -0 0 1
    outer loop
      vertex 0.196209 -2.99358 4
      vertex 2.35451 -35.9229 4
      vertex 0.391578 -2.97433 4
    endloop
  endfacet
  facet normal -0 0 1
    outer loop
      vertex 0 -3 4
      vertex 2.35451 -35.9229 4
      vertex 0.196209 -2.99358 4
    endloop
  endfacet
  facet normal 0 0 1
    outer loop
      vertex 0 -3 4
      vertex 0 -36 4
      vertex 2.35451 -35.9229 4
    endloop
  endfacet
  facet normal 0 0 1
    outer loop
      vertex -0.196209 -2.99358 4
      vertex 0 -36 4
      vertex 0 -3 4
    endloop
  endfacet
  facet normal 0 0 1
    outer loop
      vertex -2.35451 -35.9229 4
      vertex -0.196209 -2.99358 4
      vertex -0.391578 -2.97433 4
    endloop
  endfacet
  facet normal 0 0 1
    outer loop
      vertex -4.69894 -35.692 4
      vertex -0.391578 -2.97433 4
      vertex -0.585271 -2.94236 4
    endloop
  endfacet
  facet normal 0 0 1
    outer loop
      vertex -20.1203 -21.9203 4
      vertex -0.585271 -2.94236 4
      vertex -0.776457 -2.89778 4
    endloop
  endfacet
  facet normal 0 0 1
    outer loop
      vertex -20.1203 -21.9203 4
      vertex -0.776457 -2.89778 4
      vertex -0.964318 -2.84079 4
    endloop
  endfacet
  facet normal 0 0 1
    outer loop
      vertex -20.1203 -21.9203 4
      vertex -0.964318 -2.84079 4
      vertex -1.14805 -2.77164 4
    endloop
  endfacet
  facet normal 0 0 1
    outer loop
      vertex -20.1203 -21.9203 4
      vertex -1.14805 -2.77164 4
      vertex -1.32687 -2.69062 4
    endloop
  endfacet
  facet normal 0 0 1
    outer loop
      vertex -20.1203 -21.9203 4
      vertex -1.32687 -2.69062 4
      vertex -1.5 -2.59808 4
    endloop
  endfacet
  facet normal 0 0 1
    outer loop
      vertex -20.1203 -21.9203 4
      vertex -1.5 -2.59808 4
      vertex -1.66671 -2.49441 4
    endloop
  endfacet
  facet normal 0 0 1
    outer loop
      vertex -20.1203 -21.9203 4
      vertex -1.66671 -2.49441 4
      vertex -1.82628 -2.38006 4
    endloop
  endfacet
  facet normal 0 0 1
    outer loop
      vertex -20.1203 -21.9203 4
      vertex -1.82628 -2.38006 4
      vertex -1.97804 -2.25552 4
    endloop
  endfacet
  facet normal 0 0 1
    outer loop
      vertex -20.1203 -21.9203 4
      vertex -1.97804 -2.25552 4
      vertex -2.12132 -2.12132 4
    endloop
  endfacet
  facet normal 0 0 1
    outer loop
      vertex -20.1203 -21.9203 4
      vertex -2.12132 -2.12132 4
      vertex -2.25552 -1.97804 4
    endloop
  endfacet
  facet normal 0 0 1
    outer loop
      vertex -0.196209 -2.99358 4
      vertex -2.35451 -35.9229 4
      vertex 0 -36 4
    endloop
  endfacet
  facet normal 0 0 1
    outer loop
      vertex -20.1203 -21.9203 4
      vertex -2.25552 -1.97804 4
      vertex -2.38006 -1.82628 4
    endloop
  endfacet
  facet normal 0 0 1
    outer loop
      vertex -20.1203 -21.9203 4
      vertex -2.38006 -1.82628 4
      vertex -2.49441 -1.66671 4
    endloop
  endfacet
  facet normal 0 0 1
    outer loop
      vertex -20.1203 -21.9203 4
      vertex -2.49441 -1.66671 4
      vertex -2.59808 -1.5 4
    endloop
  endfacet
  facet normal 0 0 1
    outer loop
      vertex -20.1203 -21.9203 4
      vertex -2.59808 -1.5 4
      vertex -2.69062 -1.32687 4
    endloop
  endfacet
  facet normal 0 0 1
    outer loop
      vertex -20.1203 -21.9203 4
      vertex -2.69062 -1.32687 4
      vertex -2.77164 -1.14805 4
    endloop
  endfacet
  facet normal 0 0 1
    outer loop
      vertex -20.1203 -21.9203 4
      vertex -2.77164 -1.14805 4
      vertex -2.84079 -0.964318 4
    endloop
  endfacet
  facet normal 0 0 1
    outer loop
      vertex -20.1203 -21.9203 4
      vertex -2.84079 -0.964318 4
      vertex -2.89778 -0.776457 4
    endloop
  endfacet
  facet normal 0 0 1
    outer loop
      vertex -20.1203 -21.9203 4
      vertex -2.89778 -0.776457 4
      vertex -2.94236 -0.585271 4
    endloop
  endfacet
  facet normal 0 0 1
    outer loop
      vertex -20.1203 -21.9203 4
      vertex -2.94236 -0.585271 4
      vertex -2.97433 -0.391578 4
    endloop
  endfacet
  facet normal 0 0 1
    outer loop
      vertex -3 0 4
      vertex -20.1203 -21.9203 4
      vertex -2.99358 -0.196209 4
    endloop
  endfacet
  facet normal 0 0 1
    outer loop
      vertex -2.12132 2.12132 4
      vertex -20.6475 20.6475 4
      vertex -2.25552 1.97804 4
    endloop
  endfacet
  facet normal -0 0 1
    outer loop
      vertex -20.6475 20.6475 4
      vertex -2.12132 2.12132 4
      vertex -20.567 20.7335 4
    endloop
  endfacet
  facet normal 0 0 1
    outer loop
      vertex -2.99358 -0.196209 4
      vertex -20.1203 -21.9203 4
      vertex -2.97433 -0.391578 4
    endloop
  endfacet
  facet normal 0 0 1
    outer loop
      vertex -20.1357 21.6854 4
      vertex -9.31748 34.7733 4
      vertex -20.1242 21.8026 4
    endloop
  endfacet
  facet normal 0 0 1
    outer loop
      vertex -0.391578 -2.97433 4
      vertex -4.69894 -35.692 4
      vertex -2.35451 -35.9229 4
    endloop
  endfacet
  facet normal 0 0 1
    outer loop
      vertex -20.1242 21.8026 4
      vertex -9.31748 34.7733 4
      vertex -20.1203 21.9203 4
    endloop
  endfacet
  facet normal 0 0 1
    outer loop
      vertex -0.585271 -2.94236 4
      vertex -7.02325 -35.3083 4
      vertex -4.69894 -35.692 4
    endloop
  endfacet
  facet normal 0 0 1
    outer loop
      vertex -20.1203 21.9203 4
      vertex -9.31748 34.7733 4
      vertex -11.5718 34.0895 4
    endloop
  endfacet
  facet normal 0 0 1
    outer loop
      vertex -0.585271 -2.94236 4
      vertex -20.1203 -21.9203 4
      vertex -7.02325 -35.3083 4
    endloop
  endfacet
  facet normal 0 0 1
    outer loop
      vertex -20.1242 22.038 4
      vertex -11.5718 34.0895 4
      vertex -13.7766 33.2597 4
    endloop
  endfacet
  facet normal 0 0 1
    outer loop
      vertex -7.02325 -35.3083 4
      vertex -20.1203 -21.9203 4
      vertex -9.31748 -34.7733 4
    endloop
  endfacet
  facet normal 0 0 1
    outer loop
      vertex -20.1549 22.2715 4
      vertex -13.7766 33.2597 4
      vertex -15.9224 32.2874 4
    endloop
  endfacet
  facet normal 0 0 1
    outer loop
      vertex -9.31748 -34.7733 4
      vertex -20.1203 -21.9203 4
      vertex -11.5718 -34.0895 4
    endloop
  endfacet
  facet normal 0 0 1
    outer loop
      vertex -20.2573 22.6091 4
      vertex -15.9224 32.2874 4
      vertex -18 31.1769 4
    endloop
  endfacet
  facet normal -0 0 1
    outer loop
      vertex -20.1242 -22.038 4
      vertex -11.5718 -34.0895 4
      vertex -20.1203 -21.9203 4
    endloop
  endfacet
  facet normal 0 0 1
    outer loop
      vertex -20.4923 23.0161 4
      vertex -18 31.1769 4
      vertex -20.0005 29.9329 4
    endloop
  endfacet
  facet normal 0 0 1
    outer loop
      vertex -11.5718 -34.0895 4
      vertex -20.1242 -22.038 4
      vertex -13.7766 -33.2597 4
    endloop
  endfacet
  facet normal -0 0 1
    outer loop
      vertex -20.1357 -22.1553 4
      vertex -13.7766 -33.2597 4
      vertex -20.1242 -22.038 4
    endloop
  endfacet
  facet normal 0 0 1
    outer loop
      vertex -11.5718 34.0895 4
      vertex -20.1242 22.038 4
      vertex -20.1203 21.9203 4
    endloop
  endfacet
  facet normal 0 0 1
    outer loop
      vertex -13.7766 33.2597 4
      vertex -20.1357 22.1553 4
      vertex -20.1242 22.038 4
    endloop
  endfacet
  facet normal 0 0 1
    outer loop
      vertex -13.7766 33.2597 4
      vertex -20.1549 22.2715 4
      vertex -20.1357 22.1553 4
    endloop
  endfacet
  facet normal 0 0 1
    outer loop
      vertex -15.9224 32.2874 4
      vertex -20.1816 22.3862 4
      vertex -20.1549 22.2715 4
    endloop
  endfacet
  facet normal 0 0 1
    outer loop
      vertex -15.9224 32.2874 4
      vertex -20.2158 22.4989 4
      vertex -20.1816 22.3862 4
    endloop
  endfacet
  facet normal 0 0 1
    outer loop
      vertex -15.9224 32.2874 4
      vertex -20.2573 22.6091 4
      vertex -20.2158 22.4989 4
    endloop
  endfacet
  facet normal 0 0 1
    outer loop
      vertex -18 31.1769 4
      vertex -20.3059 22.7164 4
      vertex -20.2573 22.6091 4
    endloop
  endfacet
  facet normal 0 0 1
    outer loop
      vertex -18 31.1769 4
      vertex -20.3615 22.8203 4
      vertex -20.3059 22.7164 4
    endloop
  endfacet
  facet normal 0 0 1
    outer loop
      vertex -18 31.1769 4
      vertex -20.4237 22.9203 4
      vertex -20.3615 22.8203 4
    endloop
  endfacet
  facet normal 0 0 1
    outer loop
      vertex -18 31.1769 4
      vertex -20.4923 23.0161 4
      vertex -20.4237 22.9203 4
    endloop
  endfacet
  facet normal 0 0 1
    outer loop
      vertex -20.0005 29.9329 4
      vertex -20.567 23.1071 4
      vertex -20.4923 23.0161 4
    endloop
  endfacet
  facet normal 0 0 1
    outer loop
      vertex -20.0005 29.9329 4
      vertex -20.6475 23.1931 4
      vertex -20.567 23.1071 4
    endloop
  endfacet
  facet normal 0 0 1
    outer loop
      vertex -20.0005 29.9329 4
      vertex -20.7335 23.2736 4
      vertex -20.6475 23.1931 4
    endloop
  endfacet
  facet normal 0 0 1
    outer loop
      vertex -20.0005 29.9329 4
      vertex -20.8245 23.3483 4
      vertex -20.7335 23.2736 4
    endloop
  endfacet
  facet normal 0 0 1
    outer loop
      vertex -20.0005 29.9329 4
      vertex -20.9203 23.417 4
      vertex -20.8245 23.3483 4
    endloop
  endfacet
  facet normal -0 0 1
    outer loop
      vertex -21.9154 28.5607 4
      vertex -20.9203 23.417 4
      vertex -20.0005 29.9329 4
    endloop
  endfacet
  facet normal 0 0 1
    outer loop
      vertex -20.9203 23.417 4
      vertex -21.9154 28.5607 4
      vertex -21.0203 23.4792 4
    endloop
  endfacet
  facet normal 0 0 1
    outer loop
      vertex -21.0203 23.4792 4
      vertex -21.9154 28.5607 4
      vertex -21.1242 23.5347 4
    endloop
  endfacet
  facet normal 0 0 1
    outer loop
      vertex -21.1242 23.5347 4
      vertex -21.9154 28.5607 4
      vertex -21.2315 23.5833 4
    endloop
  endfacet
  facet normal 0 0 1
    outer loop
      vertex -21.2315 23.5833 4
      vertex -21.9154 28.5607 4
      vertex -21.3417 23.6248 4
    endloop
  endfacet
  facet normal 0 0 1
    outer loop
      vertex -21.3417 23.6248 4
      vertex -21.9154 28.5607 4
      vertex -21.4544 23.659 4
    endloop
  endfacet
  facet normal 0 0 1
    outer loop
      vertex -21.4544 23.659 4
      vertex -21.9154 28.5607 4
      vertex -21.5691 23.6857 4
    endloop
  endfacet
  facet normal 0 0 1
    outer loop
      vertex -21.5691 23.6857 4
      vertex -21.9154 28.5607 4
      vertex -21.6854 23.7049 4
    endloop
  endfacet
  facet normal -0 0 1
    outer loop
      vertex -23.7365 27.0662 4
      vertex -21.6854 23.7049 4
      vertex -21.9154 28.5607 4
    endloop
  endfacet
  facet normal 0 0 1
    outer loop
      vertex -21.6854 23.7049 4
      vertex -23.7365 27.0662 4
      vertex -21.8026 23.7165 4
    endloop
  endfacet
  facet normal 0 0 1
    outer loop
      vertex -21.8026 23.7165 4
      vertex -23.7365 27.0662 4
      vertex -21.9203 23.7203 4
    endloop
  endfacet
  facet normal 0 0 1
    outer loop
      vertex -21.9203 23.7203 4
      vertex -23.7365 27.0662 4
      vertex -22.038 23.7165 4
    endloop
  endfacet
  facet normal 0 0 1
    outer loop
      vertex -22.038 23.7165 4
      vertex -23.7365 27.0662 4
      vertex -22.1553 23.7049 4
    endloop
  endfacet
  facet normal 0 0 1
    outer loop
      vertex -22.1553 23.7049 4
      vertex -23.7365 27.0662 4
      vertex -22.2715 23.6857 4
    endloop
  endfacet
  facet normal 0 0 1
    outer loop
      vertex -22.2715 23.6857 4
      vertex -23.7365 27.0662 4
      vertex -22.3862 23.659 4
    endloop
  endfacet
  facet normal 0 0 1
    outer loop
      vertex -22.3862 23.659 4
      vertex -23.7365 27.0662 4
      vertex -22.4989 23.6248 4
    endloop
  endfacet
  facet normal 0 0 1
    outer loop
      vertex -22.4989 23.6248 4
      vertex -23.7365 27.0662 4
      vertex -22.6091 23.5833 4
    endloop
  endfacet
  facet normal 0 0 1
    outer loop
      vertex -22.6091 23.5833 4
      vertex -23.7365 27.0662 4
      vertex -22.7164 23.5347 4
    endloop
  endfacet
  facet normal -0 0 1
    outer loop
      vertex -25.4558 25.4558 4
      vertex -22.7164 23.5347 4
      vertex -23.7365 27.0662 4
    endloop
  endfacet
  facet normal 0 0 1
    outer loop
      vertex -22.7164 23.5347 4
      vertex -25.4558 25.4558 4
      vertex -22.8203 23.4792 4
    endloop
  endfacet
  facet normal 0 0 1
    outer loop
      vertex -22.8203 23.4792 4
      vertex -25.4558 25.4558 4
      vertex -22.9203 23.417 4
    endloop
  endfacet
  facet normal 0 0 1
    outer loop
      vertex -22.9203 23.417 4
      vertex -25.4558 25.4558 4
      vertex -23.0161 23.3483 4
    endloop
  endfacet
  facet normal 0 0 1
    outer loop
      vertex -23.0161 23.3483 4
      vertex -25.4558 25.4558 4
      vertex -23.1071 23.2736 4
    endloop
  endfacet
  facet normal 0 0 1
    outer loop
      vertex -23.1071 23.2736 4
      vertex -25.4558 25.4558 4
      vertex -23.1931 23.1931 4
    endloop
  endfacet
  facet normal 0 0 1
    outer loop
      vertex -23.1931 23.1931 4
      vertex -25.4558 25.4558 4
      vertex -23.2736 23.1071 4
    endloop
  endfacet
  facet normal 0 0 1
    outer loop
      vertex -23.2736 23.1071 4
      vertex -25.4558 25.4558 4
      vertex -23.3483 23.0161 4
    endloop
  endfacet
  facet normal 0 0 1
    outer loop
      vertex -23.3483 23.0161 4
      vertex -25.4558 25.4558 4
      vertex -23.417 22.9203 4
    endloop
  endfacet
  facet normal 0 0 1
    outer loop
      vertex -23.417 22.9203 4
      vertex -25.4558 25.4558 4
      vertex -23.4792 22.8203 4
    endloop
  endfacet
  facet normal 0 0 1
    outer loop
      vertex -23.4792 22.8203 4
      vertex -25.4558 25.4558 4
      vertex -23.5347 22.7164 4
    endloop
  endfacet
  facet normal -0 0 1
    outer loop
      vertex -27.0662 23.7365 4
      vertex -23.5347 22.7164 4
      vertex -25.4558 25.4558 4
    endloop
  endfacet
  facet normal 0 0 1
    outer loop
      vertex -23.7049 22.1553 4
      vertex -27.0662 23.7365 4
      vertex -23.7165 22.038 4
    endloop
  endfacet
  facet normal 0 0 1
    outer loop
      vertex -23.6857 22.2715 4
      vertex -27.0662 23.7365 4
      vertex -23.7049 22.1553 4
    endloop
  endfacet
  facet normal 0 0 1
    outer loop
      vertex -23.659 22.3862 4
      vertex -27.0662 23.7365 4
      vertex -23.6857 22.2715 4
    endloop
  endfacet
  facet normal 0 0 1
    outer loop
      vertex -23.6248 22.4989 4
      vertex -27.0662 23.7365 4
      vertex -23.659 22.3862 4
    endloop
  endfacet
  facet normal 0 0 1
    outer loop
      vertex -23.5833 22.6091 4
      vertex -27.0662 23.7365 4
      vertex -23.6248 22.4989 4
    endloop
  endfacet
  facet normal 0 0 1
    outer loop
      vertex -23.5347 22.7164 4
      vertex -27.0662 23.7365 4
      vertex -23.5833 22.6091 4
    endloop
  endfacet
  facet normal -0 0 1
    outer loop
      vertex 23.2736 20.7335 4
      vertex 29.9329 20.0005 4
      vertex 23.3483 20.8245 4
    endloop
  endfacet
  facet normal 0 0 1
    outer loop
      vertex 36 0 4
      vertex 23.7165 -21.8026 4
      vertex 23.7203 -21.9203 4
    endloop
  endfacet
  facet normal -0 0 1
    outer loop
      vertex 23.1931 20.6475 4
      vertex 29.9329 20.0005 4
      vertex 23.2736 20.7335 4
    endloop
  endfacet
  facet normal 0 0 1
    outer loop
      vertex 36 0 4
      vertex 23.7049 -21.6854 4
      vertex 23.7165 -21.8026 4
    endloop
  endfacet
  facet normal -0 0 1
    outer loop
      vertex 23.1071 20.567 4
      vertex 29.9329 20.0005 4
      vertex 23.1931 20.6475 4
    endloop
  endfacet
  facet normal 0 0 1
    outer loop
      vertex 36 0 4
      vertex 23.6857 -21.5691 4
      vertex 23.7049 -21.6854 4
    endloop
  endfacet
  facet normal -0 0 1
    outer loop
      vertex 23.0161 20.4923 4
      vertex 29.9329 20.0005 4
      vertex 23.1071 20.567 4
    endloop
  endfacet
  facet normal 0 0 1
    outer loop
      vertex 36 0 4
      vertex 23.659 -21.4544 4
      vertex 23.6857 -21.5691 4
    endloop
  endfacet
  facet normal 0 0 1
    outer loop
      vertex 29.9329 20.0005 4
      vertex 23.0161 20.4923 4
      vertex 31.1769 18 4
    endloop
  endfacet
  facet normal 0 0 1
    outer loop
      vertex 36 0 4
      vertex 23.6248 -21.3417 4
      vertex 23.659 -21.4544 4
    endloop
  endfacet
  facet normal -0 0 1
    outer loop
      vertex 22.9203 20.4237 4
      vertex 31.1769 18 4
      vertex 23.0161 20.4923 4
    endloop
  endfacet
  facet normal 0 0 1
    outer loop
      vertex 36 0 4
      vertex 23.5833 -21.2315 4
      vertex 23.6248 -21.3417 4
    endloop
  endfacet
  facet normal -0 0 1
    outer loop
      vertex 22.8203 20.3615 4
      vertex 31.1769 18 4
      vertex 22.9203 20.4237 4
    endloop
  endfacet
  facet normal 0 0 1
    outer loop
      vertex 36 0 4
      vertex 23.5347 -21.1242 4
      vertex 23.5833 -21.2315 4
    endloop
  endfacet
  facet normal -0 0 1
    outer loop
      vertex 22.7164 20.3059 4
      vertex 31.1769 18 4
      vertex 22.8203 20.3615 4
    endloop
  endfacet
  facet normal 0 0 1
    outer loop
      vertex 36 0 4
      vertex 23.4792 -21.0203 4
      vertex 23.5347 -21.1242 4
    endloop
  endfacet
  facet normal -0 0 1
    outer loop
      vertex 22.6091 20.2573 4
      vertex 31.1769 18 4
      vertex 22.7164 20.3059 4
    endloop
  endfacet
  facet normal 0 0 1
    outer loop
      vertex 36 0 4
      vertex 23.417 -20.9203 4
      vertex 23.4792 -21.0203 4
    endloop
  endfacet
  facet normal 0 0 1
    outer loop
      vertex 31.1769 18 4
      vertex 22.6091 20.2573 4
      vertex 32.2874 15.9224 4
    endloop
  endfacet
  facet normal 0 0 1
    outer loop
      vertex 36 0 4
      vertex 23.3483 -20.8245 4
      vertex 23.417 -20.9203 4
    endloop
  endfacet
  facet normal -0 0 1
    outer loop
      vertex 22.4989 20.2158 4
      vertex 32.2874 15.9224 4
      vertex 22.6091 20.2573 4
    endloop
  endfacet
  facet normal 0 0 1
    outer loop
      vertex 36 0 4
      vertex 23.2736 -20.7335 4
      vertex 23.3483 -20.8245 4
    endloop
  endfacet
  facet normal -0 0 1
    outer loop
      vertex 22.3862 20.1816 4
      vertex 32.2874 15.9224 4
      vertex 22.4989 20.2158 4
    endloop
  endfacet
  facet normal 0 0 1
    outer loop
      vertex 36 0 4
      vertex 23.1931 -20.6475 4
      vertex 23.2736 -20.7335 4
    endloop
  endfacet
  facet normal -0 0 1
    outer loop
      vertex 22.2715 20.1549 4
      vertex 32.2874 15.9224 4
      vertex 22.3862 20.1816 4
    endloop
  endfacet
  facet normal 0 0 1
    outer loop
      vertex 36 0 4
      vertex 23.1071 -20.567 4
      vertex 23.1931 -20.6475 4
    endloop
  endfacet
  facet normal 0 0 1
    outer loop
      vertex 32.2874 15.9224 4
      vertex 22.2715 20.1549 4
      vertex 33.2597 13.7766 4
    endloop
  endfacet
  facet normal 0 0 1
    outer loop
      vertex 36 0 4
      vertex 23.0161 -20.4923 4
      vertex 23.1071 -20.567 4
    endloop
  endfacet
  facet normal -0 0 1
    outer loop
      vertex 22.1553 20.1357 4
      vertex 33.2597 13.7766 4
      vertex 22.2715 20.1549 4
    endloop
  endfacet
  facet normal 0 0 1
    outer loop
      vertex 36 0 4
      vertex 22.9203 -20.4237 4
      vertex 23.0161 -20.4923 4
    endloop
  endfacet
  facet normal -0 0 1
    outer loop
      vertex 22.038 20.1242 4
      vertex 33.2597 13.7766 4
      vertex 22.1553 20.1357 4
    endloop
  endfacet
  facet normal 0 0 1
    outer loop
      vertex 36 0 4
      vertex 22.8203 -20.3615 4
      vertex 22.9203 -20.4237 4
    endloop
  endfacet
  facet normal 0 0 1
    outer loop
      vertex 33.2597 13.7766 4
      vertex 22.038 20.1242 4
      vertex 34.0895 11.5718 4
    endloop
  endfacet
  facet normal 0 0 1
    outer loop
      vertex 36 0 4
      vertex 22.7164 -20.3059 4
      vertex 22.8203 -20.3615 4
    endloop
  endfacet
  facet normal -0 0 1
    outer loop
      vertex 21.9203 20.1203 4
      vertex 34.0895 11.5718 4
      vertex 22.038 20.1242 4
    endloop
  endfacet
  facet normal 0 0 1
    outer loop
      vertex 36 0 4
      vertex 22.6091 -20.2573 4
      vertex 22.7164 -20.3059 4
    endloop
  endfacet
  facet normal 0 0 1
    outer loop
      vertex 34.0895 11.5718 4
      vertex 21.9203 20.1203 4
      vertex 34.7733 9.31748 4
    endloop
  endfacet
  facet normal 0 0 1
    outer loop
      vertex 36 0 4
      vertex 22.4989 -20.2158 4
      vertex 22.6091 -20.2573 4
    endloop
  endfacet
  facet normal 0 0 1
    outer loop
      vertex 21.8026 20.1242 4
      vertex 34.7733 9.31748 4
      vertex 21.9203 20.1203 4
    endloop
  endfacet
  facet normal 0 0 1
    outer loop
      vertex 36 0 4
      vertex 22.3862 -20.1816 4
      vertex 22.4989 -20.2158 4
    endloop
  endfacet
  facet normal 0 0 1
    outer loop
      vertex 21.6854 20.1357 4
      vertex 34.7733 9.31748 4
      vertex 21.8026 20.1242 4
    endloop
  endfacet
  facet normal 0 0 1
    outer loop
      vertex 36 0 4
      vertex 22.2715 -20.1549 4
      vertex 22.3862 -20.1816 4
    endloop
  endfacet
  facet normal 0 0 1
    outer loop
      vertex 34.7733 9.31748 4
      vertex 21.6854 20.1357 4
      vertex 35.3083 7.02325 4
    endloop
  endfacet
  facet normal 0 0 1
    outer loop
      vertex 36 0 4
      vertex 22.1553 -20.1357 4
      vertex 22.2715 -20.1549 4
    endloop
  endfacet
  facet normal 0 0 1
    outer loop
      vertex 2.94236 0.585271 4
      vertex 35.3083 7.02325 4
      vertex 21.6854 20.1357 4
    endloop
  endfacet
  facet normal 0 0 1
    outer loop
      vertex 36 0 4
      vertex 22.038 -20.1242 4
      vertex 22.1553 -20.1357 4
    endloop
  endfacet
  facet normal 0 0 1
    outer loop
      vertex 35.3083 7.02325 4
      vertex 2.94236 0.585271 4
      vertex 35.692 4.69894 4
    endloop
  endfacet
  facet normal 0 0 1
    outer loop
      vertex 2.99358 -0.196209 4
      vertex 36 0 4
      vertex 3 0 4
    endloop
  endfacet
  facet normal 0 -0 1
    outer loop
      vertex 2.97433 0.391578 4
      vertex 35.692 4.69894 4
      vertex 2.94236 0.585271 4
    endloop
  endfacet
  facet normal 0 0 1
    outer loop
      vertex 36 0 4
      vertex 21.9203 -20.1203 4
      vertex 22.038 -20.1242 4
    endloop
  endfacet
  facet normal 0 0 1
    outer loop
      vertex 35.692 4.69894 4
      vertex 2.97433 0.391578 4
      vertex 35.9229 2.35451 4
    endloop
  endfacet
  facet normal 0 0 1
    outer loop
      vertex 36 0 4
      vertex 21.8026 -20.1242 4
      vertex 21.9203 -20.1203 4
    endloop
  endfacet
  facet normal 0 0 1
    outer loop
      vertex 2.94236 0.585271 4
      vertex 21.6854 20.1357 4
      vertex 21.5691 20.1549 4
    endloop
  endfacet
  facet normal 0 0 1
    outer loop
      vertex 36 0 4
      vertex 21.6854 -20.1357 4
      vertex 21.8026 -20.1242 4
    endloop
  endfacet
  facet normal 0 0 1
    outer loop
      vertex 2.89778 0.776457 4
      vertex 21.5691 20.1549 4
      vertex 21.4544 20.1816 4
    endloop
  endfacet
  facet normal 0 0 1
    outer loop
      vertex 2.97433 -0.391578 4
      vertex 36 0 4
      vertex 2.99358 -0.196209 4
    endloop
  endfacet
  facet normal 0 0 1
    outer loop
      vertex 2.84079 0.964318 4
      vertex 21.4544 20.1816 4
      vertex 21.3417 20.2158 4
    endloop
  endfacet
  facet normal 0 0 1
    outer loop
      vertex 2.94236 -0.585271 4
      vertex 36 0 4
      vertex 2.97433 -0.391578 4
    endloop
  endfacet
  facet normal 0 0 1
    outer loop
      vertex 2.77164 1.14805 4
      vertex 21.3417 20.2158 4
      vertex 21.2315 20.2573 4
    endloop
  endfacet
  facet normal 0 0 1
    outer loop
      vertex 36 0 4
      vertex 2.94236 -0.585271 4
      vertex 21.6854 -20.1357 4
    endloop
  endfacet
  facet normal 0 0 1
    outer loop
      vertex 2.69062 1.32687 4
      vertex 21.2315 20.2573 4
      vertex 21.1242 20.3059 4
    endloop
  endfacet
  facet normal 0 0 1
    outer loop
      vertex 21.6854 -20.1357 4
      vertex 2.94236 -0.585271 4
      vertex 21.5691 -20.1549 4
    endloop
  endfacet
  facet normal 0 0 1
    outer loop
      vertex 2.59808 1.5 4
      vertex 21.1242 20.3059 4
      vertex 21.0203 20.3615 4
    endloop
  endfacet
  facet normal -0 0 1
    outer loop
      vertex 2.89778 -0.776457 4
      vertex 21.5691 -20.1549 4
      vertex 2.94236 -0.585271 4
    endloop
  endfacet
  facet normal 0 0 1
    outer loop
      vertex 2.49441 1.66671 4
      vertex 21.0203 20.3615 4
      vertex 20.9203 20.4237 4
    endloop
  endfacet
  facet normal 0 0 1
    outer loop
      vertex 21.5691 -20.1549 4
      vertex 2.89778 -0.776457 4
      vertex 21.4544 -20.1816 4
    endloop
  endfacet
  facet normal 0 0 1
    outer loop
      vertex 2.38006 1.82628 4
      vertex 20.9203 20.4237 4
      vertex 20.8245 20.4923 4
    endloop
  endfacet
  facet normal -0 0 1
    outer loop
      vertex 2.84079 -0.964318 4
      vertex 21.4544 -20.1816 4
      vertex 2.89778 -0.776457 4
    endloop
  endfacet
  facet normal 0 0 1
    outer loop
      vertex 2.38006 1.82628 4
      vertex 20.8245 20.4923 4
      vertex 20.7335 20.567 4
    endloop
  endfacet
  facet normal 0 0 1
    outer loop
      vertex 21.4544 -20.1816 4
      vertex 2.84079 -0.964318 4
      vertex 21.3417 -20.2158 4
    endloop
  endfacet
  facet normal 0 0 1
    outer loop
      vertex 2.25552 1.97804 4
      vertex 20.7335 20.567 4
      vertex 20.6475 20.6475 4
    endloop
  endfacet
  facet normal -0 0 1
    outer loop
      vertex 2.77164 -1.14805 4
      vertex 21.3417 -20.2158 4
      vertex 2.84079 -0.964318 4
    endloop
  endfacet
  facet normal 0 0 1
    outer loop
      vertex 2.12132 2.12132 4
      vertex 20.6475 20.6475 4
      vertex 20.567 20.7335 4
    endloop
  endfacet
  facet normal 0 0 1
    outer loop
      vertex 21.3417 -20.2158 4
      vertex 2.77164 -1.14805 4
      vertex 21.2315 -20.2573 4
    endloop
  endfacet
  facet normal 0 0 1
    outer loop
      vertex 1.97804 2.25552 4
      vertex 20.567 20.7335 4
      vertex 20.4923 20.8245 4
    endloop
  endfacet
  facet normal -0 0 1
    outer loop
      vertex 2.69062 -1.32687 4
      vertex 21.2315 -20.2573 4
      vertex 2.77164 -1.14805 4
    endloop
  endfacet
  facet normal 0 0 1
    outer loop
      vertex 1.82628 2.38006 4
      vertex 20.4923 20.8245 4
      vertex 20.4237 20.9203 4
    endloop
  endfacet
  facet normal 0 0 1
    outer loop
      vertex 21.2315 -20.2573 4
      vertex 2.69062 -1.32687 4
      vertex 21.1242 -20.3059 4
    endloop
  endfacet
  facet normal 0 0 1
    outer loop
      vertex 1.66671 2.49441 4
      vertex 20.4237 20.9203 4
      vertex 20.3615 21.0203 4
    endloop
  endfacet
  facet normal -0 0 1
    outer loop
      vertex 2.59808 -1.5 4
      vertex 21.1242 -20.3059 4
      vertex 2.69062 -1.32687 4
    endloop
  endfacet
  facet normal 0 0 1
    outer loop
      vertex 1.5 2.59808 4
      vertex 20.3615 21.0203 4
      vertex 20.3059 21.1242 4
    endloop
  endfacet
  facet normal 0 0 1
    outer loop
      vertex 21.1242 -20.3059 4
      vertex 2.59808 -1.5 4
      vertex 21.0203 -20.3615 4
    endloop
  endfacet
  facet normal 0 0 1
    outer loop
      vertex 1.32687 2.69062 4
      vertex 20.3059 21.1242 4
      vertex 20.2573 21.2315 4
    endloop
  endfacet
  facet normal -0 0 1
    outer loop
      vertex 2.49441 -1.66671 4
      vertex 21.0203 -20.3615 4
      vertex 2.59808 -1.5 4
    endloop
  endfacet
  facet normal 0 0 1
    outer loop
      vertex 1.14805 2.77164 4
      vertex 20.2573 21.2315 4
      vertex 20.2158 21.3417 4
    endloop
  endfacet
  facet normal 0 0 1
    outer loop
      vertex 21.0203 -20.3615 4
      vertex 2.49441 -1.66671 4
      vertex 20.9203 -20.4237 4
    endloop
  endfacet
  facet normal 0 0 1
    outer loop
      vertex 0.964318 2.84079 4
      vertex 20.2158 21.3417 4
      vertex 20.1816 21.4544 4
    endloop
  endfacet
  facet normal -0 0 1
    outer loop
      vertex 2.38006 -1.82628 4
      vertex 20.9203 -20.4237 4
      vertex 2.49441 -1.66671 4
    endloop
  endfacet
  facet normal 0 0 1
    outer loop
      vertex 0.776457 2.89778 4
      vertex 20.1816 21.4544 4
      vertex 20.1549 21.5691 4
    endloop
  endfacet
  facet normal 0 0 1
    outer loop
      vertex 20.9203 -20.4237 4
      vertex 2.38006 -1.82628 4
      vertex 20.8245 -20.4923 4
    endloop
  endfacet
  facet normal 0 0 1
    outer loop
      vertex 0.585271 2.94236 4
      vertex 20.1549 21.5691 4
      vertex 20.1357 21.6854 4
    endloop
  endfacet
  facet normal 0 0 1
    outer loop
      vertex 20.8245 -20.4923 4
      vertex 2.38006 -1.82628 4
      vertex 20.7335 -20.567 4
    endloop
  endfacet
  facet normal 0 0 1
    outer loop
      vertex 9.31748 34.7733 4
      vertex 20.1357 21.6854 4
      vertex 20.1242 21.8026 4
    endloop
  endfacet
  facet normal -0 0 1
    outer loop
      vertex 2.25552 -1.97804 4
      vertex 20.7335 -20.567 4
      vertex 2.38006 -1.82628 4
    endloop
  endfacet
  facet normal 0 0 1
    outer loop
      vertex 9.31748 34.7733 4
      vertex 20.1242 21.8026 4
      vertex 20.1203 21.9203 4
    endloop
  endfacet
  facet normal 0 -0 1
    outer loop
      vertex 7.02325 -35.3083 4
      vertex 20.1549 -21.5691 4
      vertex 4.69894 -35.692 4
    endloop
  endfacet
  facet normal 0 0 1
    outer loop
      vertex 28.5607 21.9154 4
      vertex 23.417 20.9203 4
      vertex 29.9329 20.0005 4
    endloop
  endfacet
  facet normal 0 0 1
    outer loop
      vertex 23.417 20.9203 4
      vertex 28.5607 21.9154 4
      vertex 23.4792 21.0203 4
    endloop
  endfacet
  facet normal -0 0 1
    outer loop
      vertex 23.3483 20.8245 4
      vertex 29.9329 20.0005 4
      vertex 23.417 20.9203 4
    endloop
  endfacet
  facet normal 0 0 1
    outer loop
      vertex 23.4792 21.0203 4
      vertex 28.5607 21.9154 4
      vertex 23.5347 21.1242 4
    endloop
  endfacet
  facet normal 0 0 1
    outer loop
      vertex 36 0 4
      vertex 23.7203 -21.9203 4
      vertex 35.9229 -2.35451 4
    endloop
  endfacet
  facet normal 0 0 1
    outer loop
      vertex 23.5347 21.1242 4
      vertex 28.5607 21.9154 4
      vertex 23.5833 21.2315 4
    endloop
  endfacet
  facet normal 0 0 1
    outer loop
      vertex 35.9229 -2.35451 4
      vertex 23.7203 -21.9203 4
      vertex 35.692 -4.69894 4
    endloop
  endfacet
  facet normal 0 0 1
    outer loop
      vertex 23.5833 21.2315 4
      vertex 28.5607 21.9154 4
      vertex 23.6248 21.3417 4
    endloop
  endfacet
  facet normal 0 0 1
    outer loop
      vertex 35.692 -4.69894 4
      vertex 23.7203 -21.9203 4
      vertex 35.3083 -7.02325 4
    endloop
  endfacet
  facet normal 0 0 1
    outer loop
      vertex 23.6248 21.3417 4
      vertex 28.5607 21.9154 4
      vertex 23.659 21.4544 4
    endloop
  endfacet
  facet normal 0 0 1
    outer loop
      vertex 35.3083 -7.02325 4
      vertex 23.7203 -21.9203 4
      vertex 34.7733 -9.31748 4
    endloop
  endfacet
  facet normal 0 0 1
    outer loop
      vertex 23.659 21.4544 4
      vertex 28.5607 21.9154 4
      vertex 23.6857 21.5691 4
    endloop
  endfacet
  facet normal 0 0 1
    outer loop
      vertex 34.7733 -9.31748 4
      vertex 23.7203 -21.9203 4
      vertex 34.0895 -11.5718 4
    endloop
  endfacet
  facet normal 0 0 1
    outer loop
      vertex 23.6857 21.5691 4
      vertex 28.5607 21.9154 4
      vertex 23.7049 21.6854 4
    endloop
  endfacet
  facet normal 0 0 1
    outer loop
      vertex 34.0895 -11.5718 4
      vertex 23.7203 -21.9203 4
      vertex 33.2597 -13.7766 4
    endloop
  endfacet
  facet normal 0 0 1
    outer loop
      vertex 27.0662 23.7365 4
      vertex 23.7049 21.6854 4
      vertex 28.5607 21.9154 4
    endloop
  endfacet
  facet normal 0 0 1
    outer loop
      vertex 33.2597 -13.7766 4
      vertex 23.7203 -21.9203 4
      vertex 32.2874 -15.9224 4
    endloop
  endfacet
  facet normal 0 0 1
    outer loop
      vertex 23.7049 21.6854 4
      vertex 27.0662 23.7365 4
      vertex 23.7165 21.8026 4
    endloop
  endfacet
  facet normal 0 0 1
    outer loop
      vertex 32.2874 -15.9224 4
      vertex 23.7203 -21.9203 4
      vertex 31.1769 -18 4
    endloop
  endfacet
  facet normal 0 0 1
    outer loop
      vertex 23.7165 21.8026 4
      vertex 27.0662 23.7365 4
      vertex 23.7203 21.9203 4
    endloop
  endfacet
  facet normal 0 0 1
    outer loop
      vertex 31.1769 -18 4
      vertex 23.7203 -21.9203 4
      vertex 29.9329 -20.0005 4
    endloop
  endfacet
  facet normal 0 0 1
    outer loop
      vertex 23.5347 22.7164 4
      vertex 27.0662 23.7365 4
      vertex 25.4558 25.4558 4
    endloop
  endfacet
  facet normal 0 0 1
    outer loop
      vertex 29.9329 -20.0005 4
      vertex 23.7203 -21.9203 4
      vertex 28.5607 -21.9154 4
    endloop
  endfacet
  facet normal 0 0 1
    outer loop
      vertex 22.7164 23.5347 4
      vertex 25.4558 25.4558 4
      vertex 23.7365 27.0662 4
    endloop
  endfacet
  facet normal 0 0 1
    outer loop
      vertex 28.5607 -21.9154 4
      vertex 23.7203 -21.9203 4
      vertex 27.0662 -23.7365 4
    endloop
  endfacet
  facet normal -0 0 1
    outer loop
      vertex 23.7165 -22.038 4
      vertex 27.0662 -23.7365 4
      vertex 23.7203 -21.9203 4
    endloop
  endfacet
  facet normal 0 0 1
    outer loop
      vertex 27.0662 23.7365 4
      vertex 23.7165 22.038 4
      vertex 23.7203 21.9203 4
    endloop
  endfacet
  facet normal 0 0 1
    outer loop
      vertex 27.0662 23.7365 4
      vertex 23.7049 22.1553 4
      vertex 23.7165 22.038 4
    endloop
  endfacet
  facet normal 0 0 1
    outer loop
      vertex 27.0662 23.7365 4
      vertex 23.6857 22.2715 4
      vertex 23.7049 22.1553 4
    endloop
  endfacet
  facet normal 0 0 1
    outer loop
      vertex 27.0662 23.7365 4
      vertex 23.659 22.3862 4
      vertex 23.6857 22.2715 4
    endloop
  endfacet
  facet normal 0 0 1
    outer loop
      vertex 27.0662 23.7365 4
      vertex 23.6248 22.4989 4
      vertex 23.659 22.3862 4
    endloop
  endfacet
  facet normal 0 0 1
    outer loop
      vertex 27.0662 23.7365 4
      vertex 23.5833 22.6091 4
      vertex 23.6248 22.4989 4
    endloop
  endfacet
  facet normal 0 0 1
    outer loop
      vertex 27.0662 23.7365 4
      vertex 23.5347 22.7164 4
      vertex 23.5833 22.6091 4
    endloop
  endfacet
  facet normal 0 0 1
    outer loop
      vertex 25.4558 25.4558 4
      vertex 23.4792 22.8203 4
      vertex 23.5347 22.7164 4
    endloop
  endfacet
  facet normal 0 0 1
    outer loop
      vertex 25.4558 25.4558 4
      vertex 23.417 22.9203 4
      vertex 23.4792 22.8203 4
    endloop
  endfacet
  facet normal 0 0 1
    outer loop
      vertex 25.4558 25.4558 4
      vertex 23.3483 23.0161 4
      vertex 23.417 22.9203 4
    endloop
  endfacet
  facet normal 0 0 1
    outer loop
      vertex 25.4558 25.4558 4
      vertex 23.2736 23.1071 4
      vertex 23.3483 23.0161 4
    endloop
  endfacet
  facet normal 0 0 1
    outer loop
      vertex 25.4558 25.4558 4
      vertex 23.1931 23.1931 4
      vertex 23.2736 23.1071 4
    endloop
  endfacet
  facet normal 0 0 1
    outer loop
      vertex 25.4558 25.4558 4
      vertex 23.1071 23.2736 4
      vertex 23.1931 23.1931 4
    endloop
  endfacet
  facet normal 0 0 1
    outer loop
      vertex 25.4558 25.4558 4
      vertex 23.0161 23.3483 4
      vertex 23.1071 23.2736 4
    endloop
  endfacet
  facet normal 0 0 1
    outer loop
      vertex 25.4558 25.4558 4
      vertex 22.9203 23.417 4
      vertex 23.0161 23.3483 4
    endloop
  endfacet
  facet normal 0 0 1
    outer loop
      vertex 25.4558 25.4558 4
      vertex 22.8203 23.4792 4
      vertex 22.9203 23.417 4
    endloop
  endfacet
  facet normal 0 0 1
    outer loop
      vertex 25.4558 25.4558 4
      vertex 22.7164 23.5347 4
      vertex 22.8203 23.4792 4
    endloop
  endfacet
  facet normal 0 0 1
    outer loop
      vertex 23.7365 27.0662 4
      vertex 22.6091 23.5833 4
      vertex 22.7164 23.5347 4
    endloop
  endfacet
  facet normal 0 0 1
    outer loop
      vertex 23.7365 27.0662 4
      vertex 22.4989 23.6248 4
      vertex 22.6091 23.5833 4
    endloop
  endfacet
  facet normal 0 0 1
    outer loop
      vertex 23.7365 27.0662 4
      vertex 22.3862 23.659 4
      vertex 22.4989 23.6248 4
    endloop
  endfacet
  facet normal 0 0 1
    outer loop
      vertex 23.7365 27.0662 4
      vertex 22.2715 23.6857 4
      vertex 22.3862 23.659 4
    endloop
  endfacet
  facet normal 0 0 1
    outer loop
      vertex 23.7365 27.0662 4
      vertex 22.1553 23.7049 4
      vertex 22.2715 23.6857 4
    endloop
  endfacet
  facet normal 0 0 1
    outer loop
      vertex 23.7365 27.0662 4
      vertex 22.038 23.7165 4
      vertex 22.1553 23.7049 4
    endloop
  endfacet
  facet normal 0 0 1
    outer loop
      vertex 23.7365 27.0662 4
      vertex 21.9203 23.7203 4
      vertex 22.038 23.7165 4
    endloop
  endfacet
  facet normal 0 0 1
    outer loop
      vertex 21.6854 23.7049 4
      vertex 23.7365 27.0662 4
      vertex 21.9154 28.5607 4
    endloop
  endfacet
  facet normal 0 0 1
    outer loop
      vertex 23.7365 27.0662 4
      vertex 21.8026 23.7165 4
      vertex 21.9203 23.7203 4
    endloop
  endfacet
  facet normal 0 0 1
    outer loop
      vertex 23.7365 27.0662 4
      vertex 21.6854 23.7049 4
      vertex 21.8026 23.7165 4
    endloop
  endfacet
  facet normal 0 0 1
    outer loop
      vertex 21.9154 28.5607 4
      vertex 21.5691 23.6857 4
      vertex 21.6854 23.7049 4
    endloop
  endfacet
  facet normal 0 0 1
    outer loop
      vertex 21.9154 28.5607 4
      vertex 21.4544 23.659 4
      vertex 21.5691 23.6857 4
    endloop
  endfacet
  facet normal 0 0 1
    outer loop
      vertex 21.9154 28.5607 4
      vertex 21.3417 23.6248 4
      vertex 21.4544 23.659 4
    endloop
  endfacet
  facet normal 0 0 1
    outer loop
      vertex 21.9154 28.5607 4
      vertex 21.2315 23.5833 4
      vertex 21.3417 23.6248 4
    endloop
  endfacet
  facet normal 0 0 1
    outer loop
      vertex 21.9154 28.5607 4
      vertex 21.1242 23.5347 4
      vertex 21.2315 23.5833 4
    endloop
  endfacet
  facet normal 0 0 1
    outer loop
      vertex 21.9154 28.5607 4
      vertex 21.0203 23.4792 4
      vertex 21.1242 23.5347 4
    endloop
  endfacet
  facet normal 0 0 1
    outer loop
      vertex 21.9154 28.5607 4
      vertex 20.9203 23.417 4
      vertex 21.0203 23.4792 4
    endloop
  endfacet
  facet normal 0 0 1
    outer loop
      vertex 20.0005 29.9329 4
      vertex 20.9203 23.417 4
      vertex 21.9154 28.5607 4
    endloop
  endfacet
  facet normal 0 0 1
    outer loop
      vertex 20.9203 23.417 4
      vertex 20.0005 29.9329 4
      vertex 20.8245 23.3483 4
    endloop
  endfacet
  facet normal 0 0 1
    outer loop
      vertex 20.8245 23.3483 4
      vertex 20.0005 29.9329 4
      vertex 20.7335 23.2736 4
    endloop
  endfacet
  facet normal 0 0 1
    outer loop
      vertex 20.7335 23.2736 4
      vertex 20.0005 29.9329 4
      vertex 20.6475 23.1931 4
    endloop
  endfacet
  facet normal 0 0 1
    outer loop
      vertex 20.6475 23.1931 4
      vertex 20.0005 29.9329 4
      vertex 20.567 23.1071 4
    endloop
  endfacet
  facet normal 0 0 1
    outer loop
      vertex 20.567 23.1071 4
      vertex 20.0005 29.9329 4
      vertex 20.4923 23.0161 4
    endloop
  endfacet
  facet normal 0 0 1
    outer loop
      vertex 18 31.1769 4
      vertex 20.4923 23.0161 4
      vertex 20.0005 29.9329 4
    endloop
  endfacet
  facet normal 0 0 1
    outer loop
      vertex 20.4923 23.0161 4
      vertex 18 31.1769 4
      vertex 20.4237 22.9203 4
    endloop
  endfacet
  facet normal 0 0 1
    outer loop
      vertex 20.4237 22.9203 4
      vertex 18 31.1769 4
      vertex 20.3615 22.8203 4
    endloop
  endfacet
  facet normal 0 0 1
    outer loop
      vertex 20.3615 22.8203 4
      vertex 18 31.1769 4
      vertex 20.3059 22.7164 4
    endloop
  endfacet
  facet normal 0 0 1
    outer loop
      vertex 20.3059 22.7164 4
      vertex 18 31.1769 4
      vertex 20.2573 22.6091 4
    endloop
  endfacet
  facet normal 0 0 1
    outer loop
      vertex 20.1549 22.2715 4
      vertex 13.7766 33.2597 4
      vertex 20.1357 22.1553 4
    endloop
  endfacet
  facet normal 0 0 1
    outer loop
      vertex 13.7766 33.2597 4
      vertex 20.1549 22.2715 4
      vertex 15.9224 32.2874 4
    endloop
  endfacet
  facet normal 0 0 1
    outer loop
      vertex 20.1816 22.3862 4
      vertex 15.9224 32.2874 4
      vertex 20.1549 22.2715 4
    endloop
  endfacet
  facet normal 0 0 1
    outer loop
      vertex 20.2158 22.4989 4
      vertex 15.9224 32.2874 4
      vertex 20.1816 22.3862 4
    endloop
  endfacet
  facet normal 0 0 1
    outer loop
      vertex 20.2573 22.6091 4
      vertex 15.9224 32.2874 4
      vertex 20.2158 22.4989 4
    endloop
  endfacet
  facet normal 0 0 1
    outer loop
      vertex 15.9224 32.2874 4
      vertex 20.2573 22.6091 4
      vertex 18 31.1769 4
    endloop
  endfacet
  facet normal -0 0 1
    outer loop
      vertex 23.7049 -22.1553 4
      vertex 27.0662 -23.7365 4
      vertex 23.7165 -22.038 4
    endloop
  endfacet
  facet normal -0 0 1
    outer loop
      vertex 23.6857 -22.2715 4
      vertex 27.0662 -23.7365 4
      vertex 23.7049 -22.1553 4
    endloop
  endfacet
  facet normal -0 0 1
    outer loop
      vertex 23.659 -22.3862 4
      vertex 27.0662 -23.7365 4
      vertex 23.6857 -22.2715 4
    endloop
  endfacet
  facet normal -0 0 1
    outer loop
      vertex 23.6248 -22.4989 4
      vertex 27.0662 -23.7365 4
      vertex 23.659 -22.3862 4
    endloop
  endfacet
  facet normal -0 0 1
    outer loop
      vertex 23.5833 -22.6091 4
      vertex 27.0662 -23.7365 4
      vertex 23.6248 -22.4989 4
    endloop
  endfacet
  facet normal -0 0 1
    outer loop
      vertex 23.5347 -22.7164 4
      vertex 27.0662 -23.7365 4
      vertex 23.5833 -22.6091 4
    endloop
  endfacet
  facet normal 0 0 1
    outer loop
      vertex 27.0662 -23.7365 4
      vertex 23.5347 -22.7164 4
      vertex 25.4558 -25.4558 4
    endloop
  endfacet
  facet normal -0 0 1
    outer loop
      vertex 23.4792 -22.8203 4
      vertex 25.4558 -25.4558 4
      vertex 23.5347 -22.7164 4
    endloop
  endfacet
  facet normal -0 0 1
    outer loop
      vertex 23.417 -22.9203 4
      vertex 25.4558 -25.4558 4
      vertex 23.4792 -22.8203 4
    endloop
  endfacet
  facet normal -0 0 1
    outer loop
      vertex 23.3483 -23.0161 4
      vertex 25.4558 -25.4558 4
      vertex 23.417 -22.9203 4
    endloop
  endfacet
  facet normal -0 0 1
    outer loop
      vertex 23.2736 -23.1071 4
      vertex 25.4558 -25.4558 4
      vertex 23.3483 -23.0161 4
    endloop
  endfacet
  facet normal -0 0 1
    outer loop
      vertex 23.1931 -23.1931 4
      vertex 25.4558 -25.4558 4
      vertex 23.2736 -23.1071 4
    endloop
  endfacet
  facet normal -0 0 1
    outer loop
      vertex 23.1071 -23.2736 4
      vertex 25.4558 -25.4558 4
      vertex 23.1931 -23.1931 4
    endloop
  endfacet
  facet normal -0 0 1
    outer loop
      vertex 23.0161 -23.3483 4
      vertex 25.4558 -25.4558 4
      vertex 23.1071 -23.2736 4
    endloop
  endfacet
  facet normal -0 0 1
    outer loop
      vertex 22.9203 -23.417 4
      vertex 25.4558 -25.4558 4
      vertex 23.0161 -23.3483 4
    endloop
  endfacet
  facet normal -0 0 1
    outer loop
      vertex 22.8203 -23.4792 4
      vertex 25.4558 -25.4558 4
      vertex 22.9203 -23.417 4
    endloop
  endfacet
  facet normal -0 0 1
    outer loop
      vertex 22.7164 -23.5347 4
      vertex 25.4558 -25.4558 4
      vertex 22.8203 -23.4792 4
    endloop
  endfacet
  facet normal 0 0 1
    outer loop
      vertex 25.4558 -25.4558 4
      vertex 22.7164 -23.5347 4
      vertex 23.7365 -27.0662 4
    endloop
  endfacet
  facet normal -0 0 1
    outer loop
      vertex 22.6091 -23.5833 4
      vertex 23.7365 -27.0662 4
      vertex 22.7164 -23.5347 4
    endloop
  endfacet
  facet normal -0 0 1
    outer loop
      vertex 22.4989 -23.6248 4
      vertex 23.7365 -27.0662 4
      vertex 22.6091 -23.5833 4
    endloop
  endfacet
  facet normal -0 0 1
    outer loop
      vertex 22.3862 -23.659 4
      vertex 23.7365 -27.0662 4
      vertex 22.4989 -23.6248 4
    endloop
  endfacet
  facet normal -0 0 1
    outer loop
      vertex 22.2715 -23.6857 4
      vertex 23.7365 -27.0662 4
      vertex 22.3862 -23.659 4
    endloop
  endfacet
  facet normal -0 0 1
    outer loop
      vertex 22.1553 -23.7049 4
      vertex 23.7365 -27.0662 4
      vertex 22.2715 -23.6857 4
    endloop
  endfacet
  facet normal -0 0 1
    outer loop
      vertex 22.038 -23.7165 4
      vertex 23.7365 -27.0662 4
      vertex 22.1553 -23.7049 4
    endloop
  endfacet
  facet normal -0 0 1
    outer loop
      vertex 21.9203 -23.7203 4
      vertex 23.7365 -27.0662 4
      vertex 22.038 -23.7165 4
    endloop
  endfacet
  facet normal 0 0 1
    outer loop
      vertex 21.8026 -23.7165 4
      vertex 23.7365 -27.0662 4
      vertex 21.9203 -23.7203 4
    endloop
  endfacet
  facet normal 0 0 1
    outer loop
      vertex 21.6854 -23.7049 4
      vertex 23.7365 -27.0662 4
      vertex 21.8026 -23.7165 4
    endloop
  endfacet
  facet normal 0 0 1
    outer loop
      vertex 23.7365 -27.0662 4
      vertex 21.6854 -23.7049 4
      vertex 21.9154 -28.5607 4
    endloop
  endfacet
  facet normal 0 0 1
    outer loop
      vertex 21.5691 -23.6857 4
      vertex 21.9154 -28.5607 4
      vertex 21.6854 -23.7049 4
    endloop
  endfacet
  facet normal 0 0 1
    outer loop
      vertex 21.4544 -23.659 4
      vertex 21.9154 -28.5607 4
      vertex 21.5691 -23.6857 4
    endloop
  endfacet
  facet normal 0 0 1
    outer loop
      vertex 21.3417 -23.6248 4
      vertex 21.9154 -28.5607 4
      vertex 21.4544 -23.659 4
    endloop
  endfacet
  facet normal 0 0 1
    outer loop
      vertex 21.2315 -23.5833 4
      vertex 21.9154 -28.5607 4
      vertex 21.3417 -23.6248 4
    endloop
  endfacet
  facet normal 0 0 1
    outer loop
      vertex 21.1242 -23.5347 4
      vertex 21.9154 -28.5607 4
      vertex 21.2315 -23.5833 4
    endloop
  endfacet
  facet normal 0 0 1
    outer loop
      vertex 21.0203 -23.4792 4
      vertex 21.9154 -28.5607 4
      vertex 21.1242 -23.5347 4
    endloop
  endfacet
  facet normal 0 0 1
    outer loop
      vertex 20.9203 -23.417 4
      vertex 21.9154 -28.5607 4
      vertex 21.0203 -23.4792 4
    endloop
  endfacet
  facet normal 0 0 1
    outer loop
      vertex 20.0005 -29.9329 4
      vertex 20.9203 -23.417 4
      vertex 20.8245 -23.3483 4
    endloop
  endfacet
  facet normal 0 0 1
    outer loop
      vertex 20.0005 -29.9329 4
      vertex 20.8245 -23.3483 4
      vertex 20.7335 -23.2736 4
    endloop
  endfacet
  facet normal 0 0 1
    outer loop
      vertex 20.0005 -29.9329 4
      vertex 20.7335 -23.2736 4
      vertex 20.6475 -23.1931 4
    endloop
  endfacet
  facet normal 0 0 1
    outer loop
      vertex 20.0005 -29.9329 4
      vertex 20.6475 -23.1931 4
      vertex 20.567 -23.1071 4
    endloop
  endfacet
  facet normal 0 0 1
    outer loop
      vertex 20.0005 -29.9329 4
      vertex 20.567 -23.1071 4
      vertex 20.4923 -23.0161 4
    endloop
  endfacet
  facet normal 0 0 1
    outer loop
      vertex 18 -31.1769 4
      vertex 20.4923 -23.0161 4
      vertex 20.4237 -22.9203 4
    endloop
  endfacet
  facet normal 0 0 1
    outer loop
      vertex 18 -31.1769 4
      vertex 20.4237 -22.9203 4
      vertex 20.3615 -22.8203 4
    endloop
  endfacet
  facet normal 0 0 1
    outer loop
      vertex 18 -31.1769 4
      vertex 20.3615 -22.8203 4
      vertex 20.3059 -22.7164 4
    endloop
  endfacet
  facet normal 0 0 1
    outer loop
      vertex 18 -31.1769 4
      vertex 20.3059 -22.7164 4
      vertex 20.2573 -22.6091 4
    endloop
  endfacet
  facet normal 0 0 1
    outer loop
      vertex 15.9224 -32.2874 4
      vertex 20.2573 -22.6091 4
      vertex 20.2158 -22.4989 4
    endloop
  endfacet
  facet normal 0 0 1
    outer loop
      vertex 15.9224 -32.2874 4
      vertex 20.2158 -22.4989 4
      vertex 20.1816 -22.3862 4
    endloop
  endfacet
  facet normal 0 0 1
    outer loop
      vertex 20.9203 -23.417 4
      vertex 20.0005 -29.9329 4
      vertex 21.9154 -28.5607 4
    endloop
  endfacet
  facet normal 0 0 1
    outer loop
      vertex 15.9224 -32.2874 4
      vertex 20.1816 -22.3862 4
      vertex 20.1549 -22.2715 4
    endloop
  endfacet
  facet normal 0 0 1
    outer loop
      vertex 13.7766 -33.2597 4
      vertex 20.1549 -22.2715 4
      vertex 20.1357 -22.1553 4
    endloop
  endfacet
  facet normal 0 0 1
    outer loop
      vertex 13.7766 -33.2597 4
      vertex 20.1357 -22.1553 4
      vertex 20.1242 -22.038 4
    endloop
  endfacet
  facet normal 0 0 1
    outer loop
      vertex 11.5718 -34.0895 4
      vertex 20.1242 -22.038 4
      vertex 20.1203 -21.9203 4
    endloop
  endfacet
  facet normal 0 0 1
    outer loop
      vertex 35.9229 2.35451 4
      vertex 2.99358 0.196209 4
      vertex 36 0 4
    endloop
  endfacet
  facet normal 0 0 1
    outer loop
      vertex 20.1357 22.1553 4
      vertex 13.7766 33.2597 4
      vertex 20.1242 22.038 4
    endloop
  endfacet
  facet normal 0 -0 1
    outer loop
      vertex 9.31748 -34.7733 4
      vertex 20.1357 -21.6854 4
      vertex 7.02325 -35.3083 4
    endloop
  endfacet
  facet normal 0 0 1
    outer loop
      vertex 11.5718 34.0895 4
      vertex 20.1242 22.038 4
      vertex 13.7766 33.2597 4
    endloop
  endfacet
  facet normal 0 0 1
    outer loop
      vertex 20.4923 -23.0161 4
      vertex 18 -31.1769 4
      vertex 20.0005 -29.9329 4
    endloop
  endfacet
  facet normal 0 0 1
    outer loop
      vertex 20.1242 22.038 4
      vertex 11.5718 34.0895 4
      vertex 20.1203 21.9203 4
    endloop
  endfacet
  facet normal 0 0 1
    outer loop
      vertex 20.2573 -22.6091 4
      vertex 15.9224 -32.2874 4
      vertex 18 -31.1769 4
    endloop
  endfacet
  facet normal 0 0 1
    outer loop
      vertex 9.31748 34.7733 4
      vertex 20.1203 21.9203 4
      vertex 11.5718 34.0895 4
    endloop
  endfacet
  facet normal 0 0 1
    outer loop
      vertex 20.1549 -22.2715 4
      vertex 13.7766 -33.2597 4
      vertex 15.9224 -32.2874 4
    endloop
  endfacet
  facet normal 0 0 1
    outer loop
      vertex 20.1357 21.6854 4
      vertex 9.31748 34.7733 4
      vertex 7.02325 35.3083 4
    endloop
  endfacet
  facet normal 0 0 1
    outer loop
      vertex 20.1242 -22.038 4
      vertex 11.5718 -34.0895 4
      vertex 13.7766 -33.2597 4
    endloop
  endfacet
  facet normal 0 0 1
    outer loop
      vertex 20.1357 21.6854 4
      vertex 7.02325 35.3083 4
      vertex 0.585271 2.94236 4
    endloop
  endfacet
  facet normal 0 0 1
    outer loop
      vertex 20.1203 -21.9203 4
      vertex 9.31748 -34.7733 4
      vertex 11.5718 -34.0895 4
    endloop
  endfacet
  facet normal 0 0 1
    outer loop
      vertex 0.585271 2.94236 4
      vertex 7.02325 35.3083 4
      vertex 4.69894 35.692 4
    endloop
  endfacet
  facet normal 0 0 1
    outer loop
      vertex 20.1242 -21.8026 4
      vertex 9.31748 -34.7733 4
      vertex 20.1203 -21.9203 4
    endloop
  endfacet
  facet normal 0 0 1
    outer loop
      vertex 20.1357 -21.6854 4
      vertex 9.31748 -34.7733 4
      vertex 20.1242 -21.8026 4
    endloop
  endfacet
  facet normal 0 0 1
    outer loop
      vertex 20.1549 -21.5691 4
      vertex 7.02325 -35.3083 4
      vertex 20.1357 -21.6854 4
    endloop
  endfacet
  facet normal 0 0 1
    outer loop
      vertex 36 0 4
      vertex 2.99358 0.196209 4
      vertex 3 0 4
    endloop
  endfacet
  facet normal 0 -0 1
    outer loop
      vertex 2.99358 0.196209 4
      vertex 35.9229 2.35451 4
      vertex 2.97433 0.391578 4
    endloop
  endfacet
  facet normal 0 0 1
    outer loop
      vertex 21.5691 20.1549 4
      vertex 2.89778 0.776457 4
      vertex 2.94236 0.585271 4
    endloop
  endfacet
  facet normal 0 0 1
    outer loop
      vertex 21.4544 20.1816 4
      vertex 2.84079 0.964318 4
      vertex 2.89778 0.776457 4
    endloop
  endfacet
  facet normal 0 0 1
    outer loop
      vertex 21.3417 20.2158 4
      vertex 2.77164 1.14805 4
      vertex 2.84079 0.964318 4
    endloop
  endfacet
  facet normal 0 0 1
    outer loop
      vertex 21.2315 20.2573 4
      vertex 2.69062 1.32687 4
      vertex 2.77164 1.14805 4
    endloop
  endfacet
  facet normal 0 0 1
    outer loop
      vertex 21.1242 20.3059 4
      vertex 2.59808 1.5 4
      vertex 2.69062 1.32687 4
    endloop
  endfacet
  facet normal 0 0 1
    outer loop
      vertex 21.0203 20.3615 4
      vertex 2.49441 1.66671 4
      vertex 2.59808 1.5 4
    endloop
  endfacet
  facet normal 0 0 1
    outer loop
      vertex 20.9203 20.4237 4
      vertex 2.38006 1.82628 4
      vertex 2.49441 1.66671 4
    endloop
  endfacet
  facet normal 0 0 1
    outer loop
      vertex 0.391578 2.97433 4
      vertex 4.69894 35.692 4
      vertex 2.35451 35.9229 4
    endloop
  endfacet
  facet normal 0 0 1
    outer loop
      vertex 20.7335 20.567 4
      vertex 2.25552 1.97804 4
      vertex 2.38006 1.82628 4
    endloop
  endfacet
  facet normal 0 0 1
    outer loop
      vertex 20.6475 20.6475 4
      vertex 2.12132 2.12132 4
      vertex 2.25552 1.97804 4
    endloop
  endfacet
  facet normal 0 0 1
    outer loop
      vertex 20.567 20.7335 4
      vertex 1.97804 2.25552 4
      vertex 2.12132 2.12132 4
    endloop
  endfacet
  facet normal 0 0 1
    outer loop
      vertex 20.4923 20.8245 4
      vertex 1.82628 2.38006 4
      vertex 1.97804 2.25552 4
    endloop
  endfacet
  facet normal 0 0 1
    outer loop
      vertex 20.4237 20.9203 4
      vertex 1.66671 2.49441 4
      vertex 1.82628 2.38006 4
    endloop
  endfacet
  facet normal 0 0 1
    outer loop
      vertex 20.3615 21.0203 4
      vertex 1.5 2.59808 4
      vertex 1.66671 2.49441 4
    endloop
  endfacet
  facet normal 0 0 1
    outer loop
      vertex 20.3059 21.1242 4
      vertex 1.32687 2.69062 4
      vertex 1.5 2.59808 4
    endloop
  endfacet
  facet normal 0 0 1
    outer loop
      vertex 20.2573 21.2315 4
      vertex 1.14805 2.77164 4
      vertex 1.32687 2.69062 4
    endloop
  endfacet
  facet normal 0 0 1
    outer loop
      vertex 20.2158 21.3417 4
      vertex 0.964318 2.84079 4
      vertex 1.14805 2.77164 4
    endloop
  endfacet
  facet normal 0 0 1
    outer loop
      vertex 20.1816 21.4544 4
      vertex 0.776457 2.89778 4
      vertex 0.964318 2.84079 4
    endloop
  endfacet
  facet normal 0 0 1
    outer loop
      vertex 20.1549 21.5691 4
      vertex 0.585271 2.94236 4
      vertex 0.776457 2.89778 4
    endloop
  endfacet
  facet normal 0 0 1
    outer loop
      vertex 4.69894 35.692 4
      vertex 0.391578 2.97433 4
      vertex 0.585271 2.94236 4
    endloop
  endfacet
  facet normal 0 0 1
    outer loop
      vertex 2.35451 35.9229 4
      vertex 0.196209 2.99358 4
      vertex 0.391578 2.97433 4
    endloop
  endfacet
  facet normal 0 0 1
    outer loop
      vertex 0 36 4
      vertex 0.196209 2.99358 4
      vertex 2.35451 35.9229 4
    endloop
  endfacet
  facet normal 0 0 1
    outer loop
      vertex 0 36 4
      vertex 0 3 4
      vertex 0.196209 2.99358 4
    endloop
  endfacet
  facet normal 0 0 1
    outer loop
      vertex 0 36 4
      vertex -0.196209 2.99358 4
      vertex 0 3 4
    endloop
  endfacet
  facet normal -0 0 1
    outer loop
      vertex -2.35451 35.9229 4
      vertex -0.196209 2.99358 4
      vertex 0 36 4
    endloop
  endfacet
  facet normal 0 0 1
    outer loop
      vertex -0.196209 2.99358 4
      vertex -2.35451 35.9229 4
      vertex -0.391578 2.97433 4
    endloop
  endfacet
  facet normal -0 0 1
    outer loop
      vertex -4.69894 35.692 4
      vertex -0.391578 2.97433 4
      vertex -2.35451 35.9229 4
    endloop
  endfacet
  facet normal 0 0 1
    outer loop
      vertex -0.391578 2.97433 4
      vertex -4.69894 35.692 4
      vertex -0.585271 2.94236 4
    endloop
  endfacet
  facet normal -0 0 1
    outer loop
      vertex -9.31748 34.7733 4
      vertex -20.1357 21.6854 4
      vertex -7.02325 35.3083 4
    endloop
  endfacet
  facet normal -0 0 1
    outer loop
      vertex -7.02325 35.3083 4
      vertex -0.585271 2.94236 4
      vertex -4.69894 35.692 4
    endloop
  endfacet
  facet normal 0 0 1
    outer loop
      vertex -7.02325 35.3083 4
      vertex -20.1357 21.6854 4
      vertex -0.585271 2.94236 4
    endloop
  endfacet
  facet normal -0 0 1
    outer loop
      vertex -20.1549 21.5691 4
      vertex -0.585271 2.94236 4
      vertex -20.1357 21.6854 4
    endloop
  endfacet
  facet normal 0 0 1
    outer loop
      vertex -0.585271 2.94236 4
      vertex -20.1549 21.5691 4
      vertex -0.776457 2.89778 4
    endloop
  endfacet
  facet normal -0 0 1
    outer loop
      vertex -20.1816 21.4544 4
      vertex -0.776457 2.89778 4
      vertex -20.1549 21.5691 4
    endloop
  endfacet
  facet normal 0 0 1
    outer loop
      vertex -0.776457 2.89778 4
      vertex -20.1816 21.4544 4
      vertex -0.964318 2.84079 4
    endloop
  endfacet
  facet normal -0 0 1
    outer loop
      vertex -20.2158 21.3417 4
      vertex -0.964318 2.84079 4
      vertex -20.1816 21.4544 4
    endloop
  endfacet
  facet normal 0 0 1
    outer loop
      vertex -0.964318 2.84079 4
      vertex -20.2158 21.3417 4
      vertex -1.14805 2.77164 4
    endloop
  endfacet
  facet normal -0 0 1
    outer loop
      vertex -20.2573 21.2315 4
      vertex -1.14805 2.77164 4
      vertex -20.2158 21.3417 4
    endloop
  endfacet
  facet normal 0 0 1
    outer loop
      vertex -1.14805 2.77164 4
      vertex -20.2573 21.2315 4
      vertex -1.32687 2.69062 4
    endloop
  endfacet
  facet normal -0 0 1
    outer loop
      vertex -20.3059 21.1242 4
      vertex -1.32687 2.69062 4
      vertex -20.2573 21.2315 4
    endloop
  endfacet
  facet normal 0 0 1
    outer loop
      vertex -1.32687 2.69062 4
      vertex -20.3059 21.1242 4
      vertex -1.5 2.59808 4
    endloop
  endfacet
  facet normal -0 0 1
    outer loop
      vertex -20.3615 21.0203 4
      vertex -1.5 2.59808 4
      vertex -20.3059 21.1242 4
    endloop
  endfacet
  facet normal 0 0 1
    outer loop
      vertex -1.5 2.59808 4
      vertex -20.3615 21.0203 4
      vertex -1.66671 2.49441 4
    endloop
  endfacet
  facet normal -0 0 1
    outer loop
      vertex -20.4237 20.9203 4
      vertex -1.66671 2.49441 4
      vertex -20.3615 21.0203 4
    endloop
  endfacet
  facet normal 0 0 1
    outer loop
      vertex -1.66671 2.49441 4
      vertex -20.4237 20.9203 4
      vertex -1.82628 2.38006 4
    endloop
  endfacet
  facet normal -0 0 1
    outer loop
      vertex -20.4923 20.8245 4
      vertex -1.82628 2.38006 4
      vertex -20.4237 20.9203 4
    endloop
  endfacet
  facet normal 0 0 1
    outer loop
      vertex -1.82628 2.38006 4
      vertex -20.4923 20.8245 4
      vertex -1.97804 2.25552 4
    endloop
  endfacet
  facet normal -0 0 1
    outer loop
      vertex -20.567 20.7335 4
      vertex -1.97804 2.25552 4
      vertex -20.4923 20.8245 4
    endloop
  endfacet
  facet normal 0 0 1
    outer loop
      vertex -1.97804 2.25552 4
      vertex -20.567 20.7335 4
      vertex -2.12132 2.12132 4
    endloop
  endfacet
  facet normal -0.973871 0.227101 0
    outer loop
      vertex -35.3083 7.02325 0
      vertex -34.7733 9.31748 4
      vertex -34.7733 9.31748 0
    endloop
  endfacet
  facet normal -0.973871 0.227101 0
    outer loop
      vertex -34.7733 9.31748 4
      vertex -35.3083 7.02325 0
      vertex -35.3083 7.02325 4
    endloop
  endfacet
  facet normal -0.812846 0.582478 0
    outer loop
      vertex -29.9329 20.0005 0
      vertex -28.5607 21.9154 4
      vertex -28.5607 21.9154 0
    endloop
  endfacet
  facet normal -0.812846 0.582478 0
    outer loop
      vertex -28.5607 21.9154 4
      vertex -29.9329 20.0005 0
      vertex -29.9329 20.0005 4
    endloop
  endfacet
  facet normal -0.227101 0.973871 0
    outer loop
      vertex -7.02325 35.3083 0
      vertex -9.31748 34.7733 4
      vertex -7.02325 35.3083 4
    endloop
  endfacet
  facet normal -0.227101 0.973871 0
    outer loop
      vertex -9.31748 34.7733 4
      vertex -7.02325 35.3083 0
      vertex -9.31748 34.7733 0
    endloop
  endfacet
  facet normal -0.0327281 0.999464 0
    outer loop
      vertex 0 36 0
      vertex -2.35451 35.9229 4
      vertex 0 36 4
    endloop
  endfacet
  facet normal -0.0327281 0.999464 0
    outer loop
      vertex -2.35451 35.9229 4
      vertex 0 36 0
      vertex -2.35451 35.9229 0
    endloop
  endfacet
  facet normal -0.528071 0.8492 0
    outer loop
      vertex -18 31.1769 0
      vertex -20.0005 29.9329 4
      vertex -18 31.1769 4
    endloop
  endfacet
  facet normal -0.528071 0.8492 0
    outer loop
      vertex -20.0005 29.9329 4
      vertex -18 31.1769 0
      vertex -20.0005 29.9329 0
    endloop
  endfacet
  facet normal -0.412725 0.910856 0
    outer loop
      vertex -13.7766 33.2597 0
      vertex -15.9224 32.2874 4
      vertex -13.7766 33.2597 4
    endloop
  endfacet
  facet normal -0.412725 0.910856 0
    outer loop
      vertex -15.9224 32.2874 4
      vertex -13.7766 33.2597 0
      vertex -15.9224 32.2874 0
    endloop
  endfacet
  facet normal -0.683615 0.729843 0
    outer loop
      vertex -23.7365 27.0662 0
      vertex -25.4558 25.4558 4
      vertex -23.7365 27.0662 4
    endloop
  endfacet
  facet normal -0.683615 0.729843 0
    outer loop
      vertex -25.4558 25.4558 4
      vertex -23.7365 27.0662 0
      vertex -25.4558 25.4558 0
    endloop
  endfacet
  facet normal 0.999464 0.0327281 0
    outer loop
      vertex 36 0 4
      vertex 35.9229 2.35451 0
      vertex 35.9229 2.35451 4
    endloop
  endfacet
  facet normal 0.999464 0.0327281 0
    outer loop
      vertex 35.9229 2.35451 0
      vertex 36 0 4
      vertex 36 0 0
    endloop
  endfacet
  facet normal 0.0327281 -0.999464 0
    outer loop
      vertex 0 -36 0
      vertex 2.35451 -35.9229 4
      vertex 0 -36 4
    endloop
  endfacet
  facet normal 0.0327281 -0.999464 0
    outer loop
      vertex 2.35451 -35.9229 4
      vertex 0 -36 0
      vertex 2.35451 -35.9229 0
    endloop
  endfacet
  facet normal 0.956945 -0.290269 0
    outer loop
      vertex 34.0895 -11.5718 4
      vertex 34.7733 -9.31748 0
      vertex 34.7733 -9.31748 4
    endloop
  endfacet
  facet normal 0.956945 -0.290269 0
    outer loop
      vertex 34.7733 -9.31748 0
      vertex 34.0895 -11.5718 4
      vertex 34.0895 -11.5718 0
    endloop
  endfacet
  facet normal 0.227101 -0.973871 0
    outer loop
      vertex 7.02325 -35.3083 0
      vertex 9.31748 -34.7733 4
      vertex 7.02325 -35.3083 4
    endloop
  endfacet
  facet normal 0.227101 -0.973871 0
    outer loop
      vertex 9.31748 -34.7733 4
      vertex 7.02325 -35.3083 0
      vertex 9.31748 -34.7733 0
    endloop
  endfacet
  facet normal 0.683615 -0.729843 0
    outer loop
      vertex 23.7365 -27.0662 0
      vertex 25.4558 -25.4558 4
      vertex 23.7365 -27.0662 4
    endloop
  endfacet
  facet normal 0.683615 -0.729843 0
    outer loop
      vertex 25.4558 -25.4558 4
      vertex 23.7365 -27.0662 0
      vertex 25.4558 -25.4558 0
    endloop
  endfacet
  facet normal 0.412725 -0.910856 0
    outer loop
      vertex 13.7766 -33.2597 0
      vertex 15.9224 -32.2874 4
      vertex 13.7766 -33.2597 4
    endloop
  endfacet
  facet normal 0.412725 -0.910856 0
    outer loop
      vertex 15.9224 -32.2874 4
      vertex 13.7766 -33.2597 0
      vertex 15.9224 -32.2874 0
    endloop
  endfacet
  facet normal -0.0327281 -0.999464 0
    outer loop
      vertex -2.35451 -35.9229 0
      vertex 0 -36 4
      vertex -2.35451 -35.9229 4
    endloop
  endfacet
  facet normal -0.0327281 -0.999464 -0
    outer loop
      vertex 0 -36 4
      vertex -2.35451 -35.9229 0
      vertex 0 -36 0
    endloop
  endfacet
  facet normal -0.973871 -0.227101 0
    outer loop
      vertex -34.7733 -9.31748 0
      vertex -35.3083 -7.02325 4
      vertex -35.3083 -7.02325 0
    endloop
  endfacet
  facet normal -0.973871 -0.227101 0
    outer loop
      vertex -35.3083 -7.02325 4
      vertex -34.7733 -9.31748 0
      vertex -34.7733 -9.31748 4
    endloop
  endfacet
  facet normal -0.93591 -0.35224 0
    outer loop
      vertex -33.2597 -13.7766 0
      vertex -34.0895 -11.5718 4
      vertex -34.0895 -11.5718 0
    endloop
  endfacet
  facet normal -0.93591 -0.35224 0
    outer loop
      vertex -34.0895 -11.5718 4
      vertex -33.2597 -13.7766 0
      vertex -33.2597 -13.7766 4
    endloop
  endfacet
  facet normal -0.999464 -0.0327281 0
    outer loop
      vertex -35.9229 -2.35451 0
      vertex -36 0 4
      vertex -36 0 0
    endloop
  endfacet
  facet normal -0.999464 -0.0327281 0
    outer loop
      vertex -36 0 4
      vertex -35.9229 -2.35451 0
      vertex -35.9229 -2.35451 4
    endloop
  endfacet
  facet normal -0.812846 -0.582478 0
    outer loop
      vertex -28.5607 -21.9154 0
      vertex -29.9329 -20.0005 4
      vertex -29.9329 -20.0005 0
    endloop
  endfacet
  facet normal -0.812846 -0.582478 0
    outer loop
      vertex -29.9329 -20.0005 4
      vertex -28.5607 -21.9154 0
      vertex -28.5607 -21.9154 4
    endloop
  endfacet
  facet normal -0.910856 -0.412725 0
    outer loop
      vertex -32.2874 -15.9224 0
      vertex -33.2597 -13.7766 4
      vertex -33.2597 -13.7766 0
    endloop
  endfacet
  facet normal -0.910856 -0.412725 0
    outer loop
      vertex -33.2597 -13.7766 4
      vertex -32.2874 -15.9224 0
      vertex -32.2874 -15.9224 4
    endloop
  endfacet
  facet normal -0.729843 -0.683615 0
    outer loop
      vertex -25.4558 -25.4558 0
      vertex -27.0662 -23.7365 4
      vertex -27.0662 -23.7365 0
    endloop
  endfacet
  facet normal -0.729843 -0.683615 0
    outer loop
      vertex -27.0662 -23.7365 4
      vertex -25.4558 -25.4558 0
      vertex -25.4558 -25.4558 4
    endloop
  endfacet
  facet normal 0.986646 0.162877 0
    outer loop
      vertex 35.692 4.69894 4
      vertex 35.3083 7.02325 0
      vertex 35.3083 7.02325 4
    endloop
  endfacet
  facet normal 0.986646 0.162877 0
    outer loop
      vertex 35.3083 7.02325 0
      vertex 35.692 4.69894 4
      vertex 35.692 4.69894 0
    endloop
  endfacet
  facet normal 0.910856 0.412725 0
    outer loop
      vertex 33.2597 13.7766 4
      vertex 32.2874 15.9224 0
      vertex 32.2874 15.9224 4
    endloop
  endfacet
  facet normal 0.910856 0.412725 0
    outer loop
      vertex 32.2874 15.9224 0
      vertex 33.2597 13.7766 4
      vertex 33.2597 13.7766 0
    endloop
  endfacet
  facet normal 0.93591 0.35224 0
    outer loop
      vertex 34.0895 11.5718 4
      vertex 33.2597 13.7766 0
      vertex 33.2597 13.7766 4
    endloop
  endfacet
  facet normal 0.93591 0.35224 0
    outer loop
      vertex 33.2597 13.7766 0
      vertex 34.0895 11.5718 4
      vertex 34.0895 11.5718 0
    endloop
  endfacet
  facet normal 0.773018 0.634384 0
    outer loop
      vertex 28.5607 21.9154 4
      vertex 27.0662 23.7365 0
      vertex 27.0662 23.7365 4
    endloop
  endfacet
  facet normal 0.773018 0.634384 0
    outer loop
      vertex 27.0662 23.7365 0
      vertex 28.5607 21.9154 4
      vertex 28.5607 21.9154 0
    endloop
  endfacet
  facet normal 0.812846 0.582478 0
    outer loop
      vertex 29.9329 20.0005 4
      vertex 28.5607 21.9154 0
      vertex 28.5607 21.9154 4
    endloop
  endfacet
  facet normal 0.812846 0.582478 0
    outer loop
      vertex 28.5607 21.9154 0
      vertex 29.9329 20.0005 4
      vertex 29.9329 20.0005 0
    endloop
  endfacet
  facet normal 0.634384 0.773018 -0
    outer loop
      vertex 23.7365 27.0662 0
      vertex 21.9154 28.5607 4
      vertex 23.7365 27.0662 4
    endloop
  endfacet
  facet normal 0.634384 0.773018 0
    outer loop
      vertex 21.9154 28.5607 4
      vertex 23.7365 27.0662 0
      vertex 21.9154 28.5607 0
    endloop
  endfacet
  facet normal 0.471397 0.881921 -0
    outer loop
      vertex 18 31.1769 0
      vertex 15.9224 32.2874 4
      vertex 18 31.1769 4
    endloop
  endfacet
  facet normal 0.471397 0.881921 0
    outer loop
      vertex 15.9224 32.2874 4
      vertex 18 31.1769 0
      vertex 15.9224 32.2874 0
    endloop
  endfacet
  facet normal 0.528071 0.8492 -0
    outer loop
      vertex 20.0005 29.9329 0
      vertex 18 31.1769 4
      vertex 20.0005 29.9329 4
    endloop
  endfacet
  facet normal 0.528071 0.8492 0
    outer loop
      vertex 18 31.1769 4
      vertex 20.0005 29.9329 0
      vertex 18 31.1769 0
    endloop
  endfacet
  facet normal 0.290269 0.956945 -0
    outer loop
      vertex 11.5718 34.0895 0
      vertex 9.31748 34.7733 4
      vertex 11.5718 34.0895 4
    endloop
  endfacet
  facet normal 0.290269 0.956945 0
    outer loop
      vertex 9.31748 34.7733 4
      vertex 11.5718 34.0895 0
      vertex 9.31748 34.7733 0
    endloop
  endfacet
  facet normal 0.35224 0.93591 -0
    outer loop
      vertex 13.7766 33.2597 0
      vertex 11.5718 34.0895 4
      vertex 13.7766 33.2597 4
    endloop
  endfacet
  facet normal 0.35224 0.93591 0
    outer loop
      vertex 11.5718 34.0895 4
      vertex 13.7766 33.2597 0
      vertex 11.5718 34.0895 0
    endloop
  endfacet
  facet normal 0.162877 0.986646 -0
    outer loop
      vertex 7.02325 35.3083 0
      vertex 4.69894 35.692 4
      vertex 7.02325 35.3083 4
    endloop
  endfacet
  facet normal 0.162877 0.986646 0
    outer loop
      vertex 4.69894 35.692 4
      vertex 7.02325 35.3083 0
      vertex 4.69894 35.692 0
    endloop
  endfacet
  facet normal 0.0980145 0.995185 -0
    outer loop
      vertex 4.69894 35.692 0
      vertex 2.35451 35.9229 4
      vertex 4.69894 35.692 4
    endloop
  endfacet
  facet normal 0.0980145 0.995185 0
    outer loop
      vertex 2.35451 35.9229 4
      vertex 4.69894 35.692 0
      vertex 2.35451 35.9229 0
    endloop
  endfacet
  facet normal -0.956945 0.290269 0
    outer loop
      vertex -34.7733 9.31748 0
      vertex -34.0895 11.5718 4
      vertex -34.0895 11.5718 0
    endloop
  endfacet
  facet normal -0.956945 0.290269 0
    outer loop
      vertex -34.0895 11.5718 4
      vertex -34.7733 9.31748 0
      vertex -34.7733 9.31748 4
    endloop
  endfacet
  facet normal -0.93591 0.35224 0
    outer loop
      vertex -34.0895 11.5718 0
      vertex -33.2597 13.7766 4
      vertex -33.2597 13.7766 0
    endloop
  endfacet
  facet normal -0.93591 0.35224 0
    outer loop
      vertex -33.2597 13.7766 4
      vertex -34.0895 11.5718 0
      vertex -34.0895 11.5718 4
    endloop
  endfacet
  facet normal -0.986646 0.162877 0
    outer loop
      vertex -35.692 4.69894 0
      vertex -35.3083 7.02325 4
      vertex -35.3083 7.02325 0
    endloop
  endfacet
  facet normal -0.986646 0.162877 0
    outer loop
      vertex -35.3083 7.02325 4
      vertex -35.692 4.69894 0
      vertex -35.692 4.69894 4
    endloop
  endfacet
  facet normal -0.995185 0.0980145 0
    outer loop
      vertex -35.9229 2.35451 0
      vertex -35.692 4.69894 4
      vertex -35.692 4.69894 0
    endloop
  endfacet
  facet normal -0.995185 0.0980145 0
    outer loop
      vertex -35.692 4.69894 4
      vertex -35.9229 2.35451 0
      vertex -35.9229 2.35451 4
    endloop
  endfacet
  facet normal -0.8492 0.528071 0
    outer loop
      vertex -31.1769 18 0
      vertex -29.9329 20.0005 4
      vertex -29.9329 20.0005 0
    endloop
  endfacet
  facet normal -0.8492 0.528071 0
    outer loop
      vertex -29.9329 20.0005 4
      vertex -31.1769 18 0
      vertex -31.1769 18 4
    endloop
  endfacet
  facet normal -0.881921 0.471397 0
    outer loop
      vertex -32.2874 15.9224 0
      vertex -31.1769 18 4
      vertex -31.1769 18 0
    endloop
  endfacet
  facet normal -0.881921 0.471397 0
    outer loop
      vertex -31.1769 18 4
      vertex -32.2874 15.9224 0
      vertex -32.2874 15.9224 4
    endloop
  endfacet
  facet normal -0.773018 0.634384 0
    outer loop
      vertex -28.5607 21.9154 0
      vertex -27.0662 23.7365 4
      vertex -27.0662 23.7365 0
    endloop
  endfacet
  facet normal -0.773018 0.634384 0
    outer loop
      vertex -27.0662 23.7365 4
      vertex -28.5607 21.9154 0
      vertex -28.5607 21.9154 4
    endloop
  endfacet
  facet normal -0.290269 0.956945 0
    outer loop
      vertex -9.31748 34.7733 0
      vertex -11.5718 34.0895 4
      vertex -9.31748 34.7733 4
    endloop
  endfacet
  facet normal -0.290269 0.956945 0
    outer loop
      vertex -11.5718 34.0895 4
      vertex -9.31748 34.7733 0
      vertex -11.5718 34.0895 0
    endloop
  endfacet
  facet normal -0.0980145 0.995185 0
    outer loop
      vertex -2.35451 35.9229 0
      vertex -4.69894 35.692 4
      vertex -2.35451 35.9229 4
    endloop
  endfacet
  facet normal -0.0980145 0.995185 0
    outer loop
      vertex -4.69894 35.692 4
      vertex -2.35451 35.9229 0
      vertex -4.69894 35.692 0
    endloop
  endfacet
  facet normal -0.471397 0.881921 0
    outer loop
      vertex -15.9224 32.2874 0
      vertex -18 31.1769 4
      vertex -15.9224 32.2874 4
    endloop
  endfacet
  facet normal -0.471397 0.881921 0
    outer loop
      vertex -18 31.1769 4
      vertex -15.9224 32.2874 0
      vertex -18 31.1769 0
    endloop
  endfacet
  facet normal -0.634384 0.773018 0
    outer loop
      vertex -21.9154 28.5607 0
      vertex -23.7365 27.0662 4
      vertex -21.9154 28.5607 4
    endloop
  endfacet
  facet normal -0.634384 0.773018 0
    outer loop
      vertex -23.7365 27.0662 4
      vertex -21.9154 28.5607 0
      vertex -23.7365 27.0662 0
    endloop
  endfacet
  facet normal -0.582478 0.812846 0
    outer loop
      vertex -20.0005 29.9329 0
      vertex -21.9154 28.5607 4
      vertex -20.0005 29.9329 4
    endloop
  endfacet
  facet normal -0.582478 0.812846 0
    outer loop
      vertex -21.9154 28.5607 4
      vertex -20.0005 29.9329 0
      vertex -21.9154 28.5607 0
    endloop
  endfacet
  facet normal 0.995185 -0.0980145 0
    outer loop
      vertex 35.692 -4.69894 4
      vertex 35.9229 -2.35451 0
      vertex 35.9229 -2.35451 4
    endloop
  endfacet
  facet normal 0.995185 -0.0980145 0
    outer loop
      vertex 35.9229 -2.35451 0
      vertex 35.692 -4.69894 4
      vertex 35.692 -4.69894 0
    endloop
  endfacet
  facet normal 0.0980145 -0.995185 0
    outer loop
      vertex 2.35451 -35.9229 0
      vertex 4.69894 -35.692 4
      vertex 2.35451 -35.9229 4
    endloop
  endfacet
  facet normal 0.0980145 -0.995185 0
    outer loop
      vertex 4.69894 -35.692 4
      vertex 2.35451 -35.9229 0
      vertex 4.69894 -35.692 0
    endloop
  endfacet
  facet normal 0.290269 -0.956945 0
    outer loop
      vertex 9.31748 -34.7733 0
      vertex 11.5718 -34.0895 4
      vertex 9.31748 -34.7733 4
    endloop
  endfacet
  facet normal 0.290269 -0.956945 0
    outer loop
      vertex 11.5718 -34.0895 4
      vertex 9.31748 -34.7733 0
      vertex 11.5718 -34.0895 0
    endloop
  endfacet
  facet normal 0.634384 -0.773018 0
    outer loop
      vertex 21.9154 -28.5607 0
      vertex 23.7365 -27.0662 4
      vertex 21.9154 -28.5607 4
    endloop
  endfacet
  facet normal 0.634384 -0.773018 0
    outer loop
      vertex 23.7365 -27.0662 4
      vertex 21.9154 -28.5607 0
      vertex 23.7365 -27.0662 0
    endloop
  endfacet
  facet normal 0.582478 -0.812846 0
    outer loop
      vertex 20.0005 -29.9329 0
      vertex 21.9154 -28.5607 4
      vertex 20.0005 -29.9329 4
    endloop
  endfacet
  facet normal 0.582478 -0.812846 0
    outer loop
      vertex 21.9154 -28.5607 4
      vertex 20.0005 -29.9329 0
      vertex 21.9154 -28.5607 0
    endloop
  endfacet
  facet normal 0.471397 -0.881921 0
    outer loop
      vertex 15.9224 -32.2874 0
      vertex 18 -31.1769 4
      vertex 15.9224 -32.2874 4
    endloop
  endfacet
  facet normal 0.471397 -0.881921 0
    outer loop
      vertex 18 -31.1769 4
      vertex 15.9224 -32.2874 0
      vertex 18 -31.1769 0
    endloop
  endfacet
  facet normal 0.528071 -0.8492 0
    outer loop
      vertex 18 -31.1769 0
      vertex 20.0005 -29.9329 4
      vertex 18 -31.1769 4
    endloop
  endfacet
  facet normal 0.528071 -0.8492 0
    outer loop
      vertex 20.0005 -29.9329 4
      vertex 18 -31.1769 0
      vertex 20.0005 -29.9329 0
    endloop
  endfacet
  facet normal -0.35224 -0.93591 0
    outer loop
      vertex -13.7766 -33.2597 0
      vertex -11.5718 -34.0895 4
      vertex -13.7766 -33.2597 4
    endloop
  endfacet
  facet normal -0.35224 -0.93591 -0
    outer loop
      vertex -11.5718 -34.0895 4
      vertex -13.7766 -33.2597 0
      vertex -11.5718 -34.0895 0
    endloop
  endfacet
  facet normal -0.0980145 -0.995185 0
    outer loop
      vertex -4.69894 -35.692 0
      vertex -2.35451 -35.9229 4
      vertex -4.69894 -35.692 4
    endloop
  endfacet
  facet normal -0.0980145 -0.995185 -0
    outer loop
      vertex -2.35451 -35.9229 4
      vertex -4.69894 -35.692 0
      vertex -2.35451 -35.9229 0
    endloop
  endfacet
  facet normal -0.162877 -0.986646 0
    outer loop
      vertex -7.02325 -35.3083 0
      vertex -4.69894 -35.692 4
      vertex -7.02325 -35.3083 4
    endloop
  endfacet
  facet normal -0.162877 -0.986646 -0
    outer loop
      vertex -4.69894 -35.692 4
      vertex -7.02325 -35.3083 0
      vertex -4.69894 -35.692 0
    endloop
  endfacet
  facet normal -0.227101 -0.973871 0
    outer loop
      vertex -9.31748 -34.7733 0
      vertex -7.02325 -35.3083 4
      vertex -9.31748 -34.7733 4
    endloop
  endfacet
  facet normal -0.227101 -0.973871 -0
    outer loop
      vertex -7.02325 -35.3083 4
      vertex -9.31748 -34.7733 0
      vertex -7.02325 -35.3083 0
    endloop
  endfacet
  facet normal -0.471397 -0.881921 0
    outer loop
      vertex -18 -31.1769 0
      vertex -15.9224 -32.2874 4
      vertex -18 -31.1769 4
    endloop
  endfacet
  facet normal -0.471397 -0.881921 -0
    outer loop
      vertex -15.9224 -32.2874 4
      vertex -18 -31.1769 0
      vertex -15.9224 -32.2874 0
    endloop
  endfacet
  facet normal -0.528071 -0.8492 0
    outer loop
      vertex -20.0005 -29.9329 0
      vertex -18 -31.1769 4
      vertex -20.0005 -29.9329 4
    endloop
  endfacet
  facet normal -0.528071 -0.8492 -0
    outer loop
      vertex -18 -31.1769 4
      vertex -20.0005 -29.9329 0
      vertex -18 -31.1769 0
    endloop
  endfacet
  facet normal -0.412725 -0.910856 0
    outer loop
      vertex -15.9224 -32.2874 0
      vertex -13.7766 -33.2597 4
      vertex -15.9224 -32.2874 4
    endloop
  endfacet
  facet normal -0.412725 -0.910856 -0
    outer loop
      vertex -13.7766 -33.2597 4
      vertex -15.9224 -32.2874 0
      vertex -13.7766 -33.2597 0
    endloop
  endfacet
  facet normal -0.634384 -0.773018 0
    outer loop
      vertex -23.7365 -27.0662 0
      vertex -21.9154 -28.5607 4
      vertex -23.7365 -27.0662 4
    endloop
  endfacet
  facet normal -0.634384 -0.773018 -0
    outer loop
      vertex -21.9154 -28.5607 4
      vertex -23.7365 -27.0662 0
      vertex -21.9154 -28.5607 0
    endloop
  endfacet
  facet normal -0.582478 -0.812846 0
    outer loop
      vertex -21.9154 -28.5607 0
      vertex -20.0005 -29.9329 4
      vertex -21.9154 -28.5607 4
    endloop
  endfacet
  facet normal -0.582478 -0.812846 -0
    outer loop
      vertex -20.0005 -29.9329 4
      vertex -21.9154 -28.5607 0
      vertex -20.0005 -29.9329 0
    endloop
  endfacet
  facet normal -0.956945 -0.290269 0
    outer loop
      vertex -34.0895 -11.5718 0
      vertex -34.7733 -9.31748 4
      vertex -34.7733 -9.31748 0
    endloop
  endfacet
  facet normal -0.956945 -0.290269 0
    outer loop
      vertex -34.7733 -9.31748 4
      vertex -34.0895 -11.5718 0
      vertex -34.0895 -11.5718 4
    endloop
  endfacet
  facet normal -0.995185 -0.0980145 0
    outer loop
      vertex -35.692 -4.69894 0
      vertex -35.9229 -2.35451 4
      vertex -35.9229 -2.35451 0
    endloop
  endfacet
  facet normal -0.995185 -0.0980145 0
    outer loop
      vertex -35.9229 -2.35451 4
      vertex -35.692 -4.69894 0
      vertex -35.692 -4.69894 4
    endloop
  endfacet
  facet normal -0.986646 -0.162877 0
    outer loop
      vertex -35.3083 -7.02325 0
      vertex -35.692 -4.69894 4
      vertex -35.692 -4.69894 0
    endloop
  endfacet
  facet normal -0.986646 -0.162877 0
    outer loop
      vertex -35.692 -4.69894 4
      vertex -35.3083 -7.02325 0
      vertex -35.3083 -7.02325 4
    endloop
  endfacet
  facet normal -0.881921 -0.471397 0
    outer loop
      vertex -31.1769 -18 0
      vertex -32.2874 -15.9224 4
      vertex -32.2874 -15.9224 0
    endloop
  endfacet
  facet normal -0.881921 -0.471397 0
    outer loop
      vertex -32.2874 -15.9224 4
      vertex -31.1769 -18 0
      vertex -31.1769 -18 4
    endloop
  endfacet
  facet normal 0.973871 -0.227101 0
    outer loop
      vertex 34.7733 -9.31748 4
      vertex 35.3083 -7.02325 0
      vertex 35.3083 -7.02325 4
    endloop
  endfacet
  facet normal 0.973871 -0.227101 0
    outer loop
      vertex 35.3083 -7.02325 0
      vertex 34.7733 -9.31748 4
      vertex 34.7733 -9.31748 0
    endloop
  endfacet
  facet normal 0.910856 -0.412725 0
    outer loop
      vertex 32.2874 -15.9224 4
      vertex 33.2597 -13.7766 0
      vertex 33.2597 -13.7766 4
    endloop
  endfacet
  facet normal 0.910856 -0.412725 0
    outer loop
      vertex 33.2597 -13.7766 0
      vertex 32.2874 -15.9224 4
      vertex 32.2874 -15.9224 0
    endloop
  endfacet
  facet normal 0.812846 -0.582478 0
    outer loop
      vertex 28.5607 -21.9154 4
      vertex 29.9329 -20.0005 0
      vertex 29.9329 -20.0005 4
    endloop
  endfacet
  facet normal 0.812846 -0.582478 0
    outer loop
      vertex 29.9329 -20.0005 0
      vertex 28.5607 -21.9154 4
      vertex 28.5607 -21.9154 0
    endloop
  endfacet
  facet normal 0.162877 -0.986646 0
    outer loop
      vertex 4.69894 -35.692 0
      vertex 7.02325 -35.3083 4
      vertex 4.69894 -35.692 4
    endloop
  endfacet
  facet normal 0.162877 -0.986646 0
    outer loop
      vertex 7.02325 -35.3083 4
      vertex 4.69894 -35.692 0
      vertex 7.02325 -35.3083 0
    endloop
  endfacet
  facet normal 0.35224 -0.93591 0
    outer loop
      vertex 11.5718 -34.0895 0
      vertex 13.7766 -33.2597 4
      vertex 11.5718 -34.0895 4
    endloop
  endfacet
  facet normal 0.35224 -0.93591 0
    outer loop
      vertex 13.7766 -33.2597 4
      vertex 11.5718 -34.0895 0
      vertex 13.7766 -33.2597 0
    endloop
  endfacet
  facet normal -0.290269 -0.956945 0
    outer loop
      vertex -11.5718 -34.0895 0
      vertex -9.31748 -34.7733 4
      vertex -11.5718 -34.0895 4
    endloop
  endfacet
  facet normal -0.290269 -0.956945 -0
    outer loop
      vertex -9.31748 -34.7733 4
      vertex -11.5718 -34.0895 0
      vertex -9.31748 -34.7733 0
    endloop
  endfacet
  facet normal -0.8492 -0.528071 0
    outer loop
      vertex -29.9329 -20.0005 0
      vertex -31.1769 -18 4
      vertex -31.1769 -18 0
    endloop
  endfacet
  facet normal -0.8492 -0.528071 0
    outer loop
      vertex -31.1769 -18 4
      vertex -29.9329 -20.0005 0
      vertex -29.9329 -20.0005 4
    endloop
  endfacet
  facet normal -0.773018 -0.634384 0
    outer loop
      vertex -27.0662 -23.7365 0
      vertex -28.5607 -21.9154 4
      vertex -28.5607 -21.9154 0
    endloop
  endfacet
  facet normal -0.773018 -0.634384 0
    outer loop
      vertex -28.5607 -21.9154 4
      vertex -27.0662 -23.7365 0
      vertex -27.0662 -23.7365 4
    endloop
  endfacet
  facet normal 0.986646 -0.162877 0
    outer loop
      vertex 35.3083 -7.02325 4
      vertex 35.692 -4.69894 0
      vertex 35.692 -4.69894 4
    endloop
  endfacet
  facet normal 0.986646 -0.162877 0
    outer loop
      vertex 35.692 -4.69894 0
      vertex 35.3083 -7.02325 4
      vertex 35.3083 -7.02325 0
    endloop
  endfacet
  facet normal 0.8492 -0.528071 0
    outer loop
      vertex 29.9329 -20.0005 4
      vertex 31.1769 -18 0
      vertex 31.1769 -18 4
    endloop
  endfacet
  facet normal 0.8492 -0.528071 0
    outer loop
      vertex 31.1769 -18 0
      vertex 29.9329 -20.0005 4
      vertex 29.9329 -20.0005 0
    endloop
  endfacet
  facet normal 0.881921 -0.471397 0
    outer loop
      vertex 31.1769 -18 4
      vertex 32.2874 -15.9224 0
      vertex 32.2874 -15.9224 4
    endloop
  endfacet
  facet normal 0.881921 -0.471397 0
    outer loop
      vertex 32.2874 -15.9224 0
      vertex 31.1769 -18 4
      vertex 31.1769 -18 0
    endloop
  endfacet
  facet normal 0.773018 -0.634384 0
    outer loop
      vertex 27.0662 -23.7365 4
      vertex 28.5607 -21.9154 0
      vertex 28.5607 -21.9154 4
    endloop
  endfacet
  facet normal 0.773018 -0.634384 0
    outer loop
      vertex 28.5607 -21.9154 0
      vertex 27.0662 -23.7365 4
      vertex 27.0662 -23.7365 0
    endloop
  endfacet
  facet normal 0.729843 -0.683615 0
    outer loop
      vertex 25.4558 -25.4558 4
      vertex 27.0662 -23.7365 0
      vertex 27.0662 -23.7365 4
    endloop
  endfacet
  facet normal 0.729843 -0.683615 0
    outer loop
      vertex 27.0662 -23.7365 0
      vertex 25.4558 -25.4558 4
      vertex 25.4558 -25.4558 0
    endloop
  endfacet
  facet normal 0.634374 0.773026 -0
    outer loop
      vertex 1.97804 2.25552 4
      vertex 1.82628 2.38006 11
      vertex 1.97804 2.25552 11
    endloop
  endfacet
  facet normal 0.634374 0.773026 0
    outer loop
      vertex 1.82628 2.38006 11
      vertex 1.97804 2.25552 4
      vertex 1.82628 2.38006 4
    endloop
  endfacet
  facet normal -0.352242 0.935909 0
    outer loop
      vertex -0.964318 2.84079 4
      vertex -1.14805 2.77164 11
      vertex -0.964318 2.84079 11
    endloop
  endfacet
  facet normal -0.352242 0.935909 0
    outer loop
      vertex -1.14805 2.77164 11
      vertex -0.964318 2.84079 4
      vertex -1.14805 2.77164 4
    endloop
  endfacet
  facet normal -0.910868 0.412697 0
    outer loop
      vertex -2.77164 1.14805 4
      vertex -2.69062 1.32687 11
      vertex -2.69062 1.32687 4
    endloop
  endfacet
  facet normal -0.910868 0.412697 0
    outer loop
      vertex -2.69062 1.32687 11
      vertex -2.77164 1.14805 4
      vertex -2.77164 1.14805 11
    endloop
  endfacet
  facet normal 0.58249 -0.812838 0
    outer loop
      vertex 1.66671 -2.49441 4
      vertex 1.82628 -2.38006 11
      vertex 1.66671 -2.49441 11
    endloop
  endfacet
  facet normal 0.58249 -0.812838 0
    outer loop
      vertex 1.82628 -2.38006 11
      vertex 1.66671 -2.49441 4
      vertex 1.82628 -2.38006 4
    endloop
  endfacet
  facet normal -0.412697 -0.910868 0
    outer loop
      vertex -1.32687 -2.69062 4
      vertex -1.14805 -2.77164 11
      vertex -1.32687 -2.69062 11
    endloop
  endfacet
  facet normal -0.412697 -0.910868 -0
    outer loop
      vertex -1.14805 -2.77164 11
      vertex -1.32687 -2.69062 4
      vertex -1.14805 -2.77164 4
    endloop
  endfacet
  facet normal 0.881921 0.471397 0
    outer loop
      vertex 2.69062 1.32687 11
      vertex 2.59808 1.5 4
      vertex 2.59808 1.5 11
    endloop
  endfacet
  facet normal 0.881921 0.471397 0
    outer loop
      vertex 2.59808 1.5 4
      vertex 2.69062 1.32687 11
      vertex 2.69062 1.32687 4
    endloop
  endfacet
  facet normal 0.352242 0.935909 -0
    outer loop
      vertex 1.14805 2.77164 4
      vertex 0.964318 2.84079 11
      vertex 1.14805 2.77164 11
    endloop
  endfacet
  facet normal 0.352242 0.935909 0
    outer loop
      vertex 0.964318 2.84079 11
      vertex 1.14805 2.77164 4
      vertex 0.964318 2.84079 4
    endloop
  endfacet
  facet normal 0.162852 0.986651 -0
    outer loop
      vertex 0.585271 2.94236 4
      vertex 0.391578 2.97433 11
      vertex 0.585271 2.94236 11
    endloop
  endfacet
  facet normal 0.162852 0.986651 0
    outer loop
      vertex 0.391578 2.97433 11
      vertex 0.585271 2.94236 4
      vertex 0.391578 2.97433 4
    endloop
  endfacet
  facet normal -0.986651 0.162852 0
    outer loop
      vertex -2.97433 0.391578 4
      vertex -2.94236 0.585271 11
      vertex -2.94236 0.585271 4
    endloop
  endfacet
  facet normal -0.986651 0.162852 0
    outer loop
      vertex -2.94236 0.585271 11
      vertex -2.97433 0.391578 4
      vertex -2.97433 0.391578 11
    endloop
  endfacet
  facet normal -0.729855 0.683602 0
    outer loop
      vertex -2.25552 1.97804 4
      vertex -2.12132 2.12132 11
      vertex -2.12132 2.12132 4
    endloop
  endfacet
  facet normal -0.729855 0.683602 0
    outer loop
      vertex -2.12132 2.12132 11
      vertex -2.25552 1.97804 4
      vertex -2.25552 1.97804 11
    endloop
  endfacet
  facet normal -0.162852 0.986651 0
    outer loop
      vertex -0.391578 2.97433 4
      vertex -0.585271 2.94236 11
      vertex -0.391578 2.97433 11
    endloop
  endfacet
  facet normal -0.162852 0.986651 0
    outer loop
      vertex -0.585271 2.94236 11
      vertex -0.391578 2.97433 4
      vertex -0.585271 2.94236 4
    endloop
  endfacet
  facet normal 0.995181 -0.0980567 0
    outer loop
      vertex 2.97433 -0.391578 11
      vertex 2.99358 -0.196209 4
      vertex 2.99358 -0.196209 11
    endloop
  endfacet
  facet normal 0.995181 -0.0980567 0
    outer loop
      vertex 2.99358 -0.196209 4
      vertex 2.97433 -0.391578 11
      vertex 2.97433 -0.391578 4
    endloop
  endfacet
  facet normal 0.412697 -0.910868 0
    outer loop
      vertex 1.14805 -2.77164 4
      vertex 1.32687 -2.69062 11
      vertex 1.14805 -2.77164 11
    endloop
  endfacet
  facet normal 0.412697 -0.910868 0
    outer loop
      vertex 1.32687 -2.69062 11
      vertex 1.14805 -2.77164 4
      vertex 1.32687 -2.69062 4
    endloop
  endfacet
  facet normal 0.773026 -0.634374 0
    outer loop
      vertex 2.25552 -1.97804 11
      vertex 2.38006 -1.82628 4
      vertex 2.38006 -1.82628 11
    endloop
  endfacet
  facet normal 0.773026 -0.634374 0
    outer loop
      vertex 2.38006 -1.82628 4
      vertex 2.25552 -1.97804 11
      vertex 2.25552 -1.97804 4
    endloop
  endfacet
  facet normal -0.162852 -0.986651 0
    outer loop
      vertex -0.585271 -2.94236 4
      vertex -0.391578 -2.97433 11
      vertex -0.585271 -2.94236 11
    endloop
  endfacet
  facet normal -0.162852 -0.986651 -0
    outer loop
      vertex -0.391578 -2.97433 11
      vertex -0.585271 -2.94236 4
      vertex -0.391578 -2.97433 4
    endloop
  endfacet
  facet normal -0.683602 -0.729855 0
    outer loop
      vertex -2.12132 -2.12132 4
      vertex -1.97804 -2.25552 11
      vertex -2.12132 -2.12132 11
    endloop
  endfacet
  facet normal -0.683602 -0.729855 -0
    outer loop
      vertex -1.97804 -2.25552 11
      vertex -2.12132 -2.12132 4
      vertex -1.97804 -2.25552 4
    endloop
  endfacet
  facet normal 0.973875 0.227084 0
    outer loop
      vertex 2.94236 0.585271 11
      vertex 2.89778 0.776457 4
      vertex 2.89778 0.776457 11
    endloop
  endfacet
  facet normal 0.973875 0.227084 0
    outer loop
      vertex 2.89778 0.776457 4
      vertex 2.94236 0.585271 11
      vertex 2.94236 0.585271 4
    endloop
  endfacet
  facet normal 0.956936 0.290299 0
    outer loop
      vertex 2.89778 0.776457 11
      vertex 2.84079 0.964318 4
      vertex 2.84079 0.964318 11
    endloop
  endfacet
  facet normal 0.956936 0.290299 0
    outer loop
      vertex 2.84079 0.964318 4
      vertex 2.89778 0.776457 11
      vertex 2.89778 0.776457 4
    endloop
  endfacet
  facet normal 0.773026 0.634374 0
    outer loop
      vertex 2.38006 1.82628 11
      vertex 2.25552 1.97804 4
      vertex 2.25552 1.97804 11
    endloop
  endfacet
  facet normal 0.773026 0.634374 0
    outer loop
      vertex 2.25552 1.97804 4
      vertex 2.38006 1.82628 11
      vertex 2.38006 1.82628 4
    endloop
  endfacet
  facet normal 0.812838 0.58249 0
    outer loop
      vertex 2.49441 1.66671 11
      vertex 2.38006 1.82628 4
      vertex 2.38006 1.82628 11
    endloop
  endfacet
  facet normal 0.812838 0.58249 0
    outer loop
      vertex 2.38006 1.82628 4
      vertex 2.49441 1.66671 11
      vertex 2.49441 1.66671 4
    endloop
  endfacet
  facet normal 0.528079 0.849195 -0
    outer loop
      vertex 1.66671 2.49441 4
      vertex 1.5 2.59808 11
      vertex 1.66671 2.49441 11
    endloop
  endfacet
  facet normal 0.528079 0.849195 0
    outer loop
      vertex 1.5 2.59808 11
      vertex 1.66671 2.49441 4
      vertex 1.5 2.59808 4
    endloop
  endfacet
  facet normal 0.0327027 0.999465 -0
    outer loop
      vertex 0.196209 2.99358 4
      vertex 0 3 11
      vertex 0.196209 2.99358 11
    endloop
  endfacet
  facet normal 0.0327027 0.999465 0
    outer loop
      vertex 0 3 11
      vertex 0.196209 2.99358 4
      vertex 0 3 4
    endloop
  endfacet
  facet normal 0.290299 0.956936 -0
    outer loop
      vertex 0.964318 2.84079 4
      vertex 0.776457 2.89778 11
      vertex 0.964318 2.84079 11
    endloop
  endfacet
  facet normal 0.290299 0.956936 0
    outer loop
      vertex 0.776457 2.89778 11
      vertex 0.964318 2.84079 4
      vertex 0.776457 2.89778 4
    endloop
  endfacet
  facet normal 0.227084 0.973875 -0
    outer loop
      vertex 0.776457 2.89778 4
      vertex 0.585271 2.94236 11
      vertex 0.776457 2.89778 11
    endloop
  endfacet
  facet normal 0.227084 0.973875 0
    outer loop
      vertex 0.585271 2.94236 11
      vertex 0.776457 2.89778 4
      vertex 0.585271 2.94236 4
    endloop
  endfacet
  facet normal -0.999465 0.0327027 0
    outer loop
      vertex -3 0 4
      vertex -2.99358 0.196209 11
      vertex -2.99358 0.196209 4
    endloop
  endfacet
  facet normal -0.999465 0.0327027 0
    outer loop
      vertex -2.99358 0.196209 11
      vertex -3 0 4
      vertex -3 0 11
    endloop
  endfacet
  facet normal -0.935909 0.352242 0
    outer loop
      vertex -2.84079 0.964318 4
      vertex -2.77164 1.14805 11
      vertex -2.77164 1.14805 4
    endloop
  endfacet
  facet normal -0.935909 0.352242 0
    outer loop
      vertex -2.77164 1.14805 11
      vertex -2.84079 0.964318 4
      vertex -2.84079 0.964318 11
    endloop
  endfacet
  facet normal -0.973875 0.227084 0
    outer loop
      vertex -2.94236 0.585271 4
      vertex -2.89778 0.776457 11
      vertex -2.89778 0.776457 4
    endloop
  endfacet
  facet normal -0.973875 0.227084 0
    outer loop
      vertex -2.89778 0.776457 11
      vertex -2.94236 0.585271 4
      vertex -2.94236 0.585271 11
    endloop
  endfacet
  facet normal -0.849195 0.528079 0
    outer loop
      vertex -2.59808 1.5 4
      vertex -2.49441 1.66671 11
      vertex -2.49441 1.66671 4
    endloop
  endfacet
  facet normal -0.849195 0.528079 0
    outer loop
      vertex -2.49441 1.66671 11
      vertex -2.59808 1.5 4
      vertex -2.59808 1.5 11
    endloop
  endfacet
  facet normal -0.812838 0.58249 0
    outer loop
      vertex -2.49441 1.66671 4
      vertex -2.38006 1.82628 11
      vertex -2.38006 1.82628 4
    endloop
  endfacet
  facet normal -0.812838 0.58249 0
    outer loop
      vertex -2.38006 1.82628 11
      vertex -2.49441 1.66671 4
      vertex -2.49441 1.66671 11
    endloop
  endfacet
  facet normal -0.0980567 0.995181 0
    outer loop
      vertex -0.196209 2.99358 4
      vertex -0.391578 2.97433 11
      vertex -0.196209 2.99358 11
    endloop
  endfacet
  facet normal -0.0980567 0.995181 0
    outer loop
      vertex -0.391578 2.97433 11
      vertex -0.196209 2.99358 4
      vertex -0.391578 2.97433 4
    endloop
  endfacet
  facet normal -0.528079 0.849195 0
    outer loop
      vertex -1.5 2.59808 4
      vertex -1.66671 2.49441 11
      vertex -1.5 2.59808 11
    endloop
  endfacet
  facet normal -0.528079 0.849195 0
    outer loop
      vertex -1.66671 2.49441 11
      vertex -1.5 2.59808 4
      vertex -1.66671 2.49441 4
    endloop
  endfacet
  facet normal -0.471397 0.881921 0
    outer loop
      vertex -1.32687 2.69062 4
      vertex -1.5 2.59808 11
      vertex -1.32687 2.69062 11
    endloop
  endfacet
  facet normal -0.471397 0.881921 0
    outer loop
      vertex -1.5 2.59808 11
      vertex -1.32687 2.69062 4
      vertex -1.5 2.59808 4
    endloop
  endfacet
  facet normal -0.683602 0.729855 0
    outer loop
      vertex -1.97804 2.25552 4
      vertex -2.12132 2.12132 11
      vertex -1.97804 2.25552 11
    endloop
  endfacet
  facet normal -0.683602 0.729855 0
    outer loop
      vertex -2.12132 2.12132 11
      vertex -1.97804 2.25552 4
      vertex -2.12132 2.12132 4
    endloop
  endfacet
  facet normal 0.999465 0.0327027 0
    outer loop
      vertex 3 0 11
      vertex 2.99358 0.196209 4
      vertex 2.99358 0.196209 11
    endloop
  endfacet
  facet normal 0.999465 0.0327027 0
    outer loop
      vertex 2.99358 0.196209 4
      vertex 3 0 11
      vertex 3 0 4
    endloop
  endfacet
  facet normal 0.634374 -0.773026 0
    outer loop
      vertex 1.82628 -2.38006 4
      vertex 1.97804 -2.25552 11
      vertex 1.82628 -2.38006 11
    endloop
  endfacet
  facet normal 0.634374 -0.773026 0
    outer loop
      vertex 1.97804 -2.25552 11
      vertex 1.82628 -2.38006 4
      vertex 1.97804 -2.25552 4
    endloop
  endfacet
  facet normal 0.471397 -0.881921 0
    outer loop
      vertex 1.32687 -2.69062 4
      vertex 1.5 -2.59808 11
      vertex 1.32687 -2.69062 11
    endloop
  endfacet
  facet normal 0.471397 -0.881921 0
    outer loop
      vertex 1.5 -2.59808 11
      vertex 1.32687 -2.69062 4
      vertex 1.5 -2.59808 4
    endloop
  endfacet
  facet normal -0.352242 -0.935909 0
    outer loop
      vertex -1.14805 -2.77164 4
      vertex -0.964318 -2.84079 11
      vertex -1.14805 -2.77164 11
    endloop
  endfacet
  facet normal -0.352242 -0.935909 -0
    outer loop
      vertex -0.964318 -2.84079 11
      vertex -1.14805 -2.77164 4
      vertex -0.964318 -2.84079 4
    endloop
  endfacet
  facet normal -0.528079 -0.849195 0
    outer loop
      vertex -1.66671 -2.49441 4
      vertex -1.5 -2.59808 11
      vertex -1.66671 -2.49441 11
    endloop
  endfacet
  facet normal -0.528079 -0.849195 -0
    outer loop
      vertex -1.5 -2.59808 11
      vertex -1.66671 -2.49441 4
      vertex -1.5 -2.59808 4
    endloop
  endfacet
  facet normal -0.729855 -0.683602 0
    outer loop
      vertex -2.12132 -2.12132 4
      vertex -2.25552 -1.97804 11
      vertex -2.25552 -1.97804 4
    endloop
  endfacet
  facet normal -0.729855 -0.683602 0
    outer loop
      vertex -2.25552 -1.97804 11
      vertex -2.12132 -2.12132 4
      vertex -2.12132 -2.12132 11
    endloop
  endfacet
  facet normal 0.986651 0.162852 0
    outer loop
      vertex 2.97433 0.391578 11
      vertex 2.94236 0.585271 4
      vertex 2.94236 0.585271 11
    endloop
  endfacet
  facet normal 0.986651 0.162852 0
    outer loop
      vertex 2.94236 0.585271 4
      vertex 2.97433 0.391578 11
      vertex 2.97433 0.391578 4
    endloop
  endfacet
  facet normal 0.995181 0.0980567 0
    outer loop
      vertex 2.99358 0.196209 11
      vertex 2.97433 0.391578 4
      vertex 2.97433 0.391578 11
    endloop
  endfacet
  facet normal 0.995181 0.0980567 0
    outer loop
      vertex 2.97433 0.391578 4
      vertex 2.99358 0.196209 11
      vertex 2.99358 0.196209 4
    endloop
  endfacet
  facet normal 0.910868 0.412697 0
    outer loop
      vertex 2.77164 1.14805 11
      vertex 2.69062 1.32687 4
      vertex 2.69062 1.32687 11
    endloop
  endfacet
  facet normal 0.910868 0.412697 0
    outer loop
      vertex 2.69062 1.32687 4
      vertex 2.77164 1.14805 11
      vertex 2.77164 1.14805 4
    endloop
  endfacet
  facet normal 0.935909 0.352242 0
    outer loop
      vertex 2.84079 0.964318 11
      vertex 2.77164 1.14805 4
      vertex 2.77164 1.14805 11
    endloop
  endfacet
  facet normal 0.935909 0.352242 0
    outer loop
      vertex 2.77164 1.14805 4
      vertex 2.84079 0.964318 11
      vertex 2.84079 0.964318 4
    endloop
  endfacet
  facet normal 0.849195 0.528079 0
    outer loop
      vertex 2.59808 1.5 11
      vertex 2.49441 1.66671 4
      vertex 2.49441 1.66671 11
    endloop
  endfacet
  facet normal 0.849195 0.528079 0
    outer loop
      vertex 2.49441 1.66671 4
      vertex 2.59808 1.5 11
      vertex 2.59808 1.5 4
    endloop
  endfacet
  facet normal 0.729855 0.683602 0
    outer loop
      vertex 2.25552 1.97804 11
      vertex 2.12132 2.12132 4
      vertex 2.12132 2.12132 11
    endloop
  endfacet
  facet normal 0.729855 0.683602 0
    outer loop
      vertex 2.12132 2.12132 4
      vertex 2.25552 1.97804 11
      vertex 2.25552 1.97804 4
    endloop
  endfacet
  facet normal 0.683602 0.729855 -0
    outer loop
      vertex 2.12132 2.12132 4
      vertex 1.97804 2.25552 11
      vertex 2.12132 2.12132 11
    endloop
  endfacet
  facet normal 0.683602 0.729855 0
    outer loop
      vertex 1.97804 2.25552 11
      vertex 2.12132 2.12132 4
      vertex 1.97804 2.25552 4
    endloop
  endfacet
  facet normal 0.58249 0.812838 -0
    outer loop
      vertex 1.82628 2.38006 4
      vertex 1.66671 2.49441 11
      vertex 1.82628 2.38006 11
    endloop
  endfacet
  facet normal 0.58249 0.812838 0
    outer loop
      vertex 1.66671 2.49441 11
      vertex 1.82628 2.38006 4
      vertex 1.66671 2.49441 4
    endloop
  endfacet
  facet normal 0.412697 0.910868 -0
    outer loop
      vertex 1.32687 2.69062 4
      vertex 1.14805 2.77164 11
      vertex 1.32687 2.69062 11
    endloop
  endfacet
  facet normal 0.412697 0.910868 0
    outer loop
      vertex 1.14805 2.77164 11
      vertex 1.32687 2.69062 4
      vertex 1.14805 2.77164 4
    endloop
  endfacet
  facet normal 0.471397 0.881921 -0
    outer loop
      vertex 1.5 2.59808 4
      vertex 1.32687 2.69062 11
      vertex 1.5 2.59808 11
    endloop
  endfacet
  facet normal 0.471397 0.881921 0
    outer loop
      vertex 1.32687 2.69062 11
      vertex 1.5 2.59808 4
      vertex 1.32687 2.69062 4
    endloop
  endfacet
  facet normal 0.0980567 0.995181 -0
    outer loop
      vertex 0.391578 2.97433 4
      vertex 0.196209 2.99358 11
      vertex 0.391578 2.97433 11
    endloop
  endfacet
  facet normal 0.0980567 0.995181 0
    outer loop
      vertex 0.196209 2.99358 11
      vertex 0.391578 2.97433 4
      vertex 0.196209 2.99358 4
    endloop
  endfacet
  facet normal -0.995181 0.0980567 0
    outer loop
      vertex -2.99358 0.196209 4
      vertex -2.97433 0.391578 11
      vertex -2.97433 0.391578 4
    endloop
  endfacet
  facet normal -0.995181 0.0980567 0
    outer loop
      vertex -2.97433 0.391578 11
      vertex -2.99358 0.196209 4
      vertex -2.99358 0.196209 11
    endloop
  endfacet
  facet normal 0 0 1
    outer loop
      vertex 2.99358 0.196209 11
      vertex 2.99358 -0.196209 11
      vertex 3 0 11
    endloop
  endfacet
  facet normal 0 0 1
    outer loop
      vertex 2.97433 0.391578 11
      vertex 2.99358 -0.196209 11
      vertex 2.99358 0.196209 11
    endloop
  endfacet
  facet normal 0 0 1
    outer loop
      vertex 2.97433 0.391578 11
      vertex 2.97433 -0.391578 11
      vertex 2.99358 -0.196209 11
    endloop
  endfacet
  facet normal 0 0 1
    outer loop
      vertex 2.94236 0.585271 11
      vertex 2.97433 -0.391578 11
      vertex 2.97433 0.391578 11
    endloop
  endfacet
  facet normal 0 0 1
    outer loop
      vertex 2.94236 0.585271 11
      vertex 2.94236 -0.585271 11
      vertex 2.97433 -0.391578 11
    endloop
  endfacet
  facet normal 0 0 1
    outer loop
      vertex 2.89778 0.776457 11
      vertex 2.94236 -0.585271 11
      vertex 2.94236 0.585271 11
    endloop
  endfacet
  facet normal 0 0 1
    outer loop
      vertex 2.89778 0.776457 11
      vertex 2.89778 -0.776457 11
      vertex 2.94236 -0.585271 11
    endloop
  endfacet
  facet normal 0 0 1
    outer loop
      vertex 2.84079 0.964318 11
      vertex 2.89778 -0.776457 11
      vertex 2.89778 0.776457 11
    endloop
  endfacet
  facet normal 0 0 1
    outer loop
      vertex 2.84079 0.964318 11
      vertex 2.84079 -0.964318 11
      vertex 2.89778 -0.776457 11
    endloop
  endfacet
  facet normal 0 0 1
    outer loop
      vertex 2.77164 1.14805 11
      vertex 2.84079 -0.964318 11
      vertex 2.84079 0.964318 11
    endloop
  endfacet
  facet normal 0 0 1
    outer loop
      vertex 2.77164 1.14805 11
      vertex 2.77164 -1.14805 11
      vertex 2.84079 -0.964318 11
    endloop
  endfacet
  facet normal 0 0 1
    outer loop
      vertex 2.69062 1.32687 11
      vertex 2.77164 -1.14805 11
      vertex 2.77164 1.14805 11
    endloop
  endfacet
  facet normal 0 0 1
    outer loop
      vertex 2.69062 1.32687 11
      vertex 2.69062 -1.32687 11
      vertex 2.77164 -1.14805 11
    endloop
  endfacet
  facet normal 0 0 1
    outer loop
      vertex 2.59808 1.5 11
      vertex 2.69062 -1.32687 11
      vertex 2.69062 1.32687 11
    endloop
  endfacet
  facet normal 0 0 1
    outer loop
      vertex 2.59808 1.5 11
      vertex 2.59808 -1.5 11
      vertex 2.69062 -1.32687 11
    endloop
  endfacet
  facet normal 0 0 1
    outer loop
      vertex 2.49441 1.66671 11
      vertex 2.59808 -1.5 11
      vertex 2.59808 1.5 11
    endloop
  endfacet
  facet normal 0 0 1
    outer loop
      vertex 2.49441 1.66671 11
      vertex 2.49441 -1.66671 11
      vertex 2.59808 -1.5 11
    endloop
  endfacet
  facet normal 0 0 1
    outer loop
      vertex 2.38006 1.82628 11
      vertex 2.49441 -1.66671 11
      vertex 2.49441 1.66671 11
    endloop
  endfacet
  facet normal 0 0 1
    outer loop
      vertex 2.38006 1.82628 11
      vertex 2.38006 -1.82628 11
      vertex 2.49441 -1.66671 11
    endloop
  endfacet
  facet normal 0 0 1
    outer loop
      vertex 2.25552 1.97804 11
      vertex 2.38006 -1.82628 11
      vertex 2.38006 1.82628 11
    endloop
  endfacet
  facet normal 0 0 1
    outer loop
      vertex 2.25552 1.97804 11
      vertex 2.25552 -1.97804 11
      vertex 2.38006 -1.82628 11
    endloop
  endfacet
  facet normal 0 0 1
    outer loop
      vertex 2.12132 2.12132 11
      vertex 2.25552 -1.97804 11
      vertex 2.25552 1.97804 11
    endloop
  endfacet
  facet normal 0 0 1
    outer loop
      vertex 2.12132 2.12132 11
      vertex 2.12132 -2.12132 11
      vertex 2.25552 -1.97804 11
    endloop
  endfacet
  facet normal 0 0 1
    outer loop
      vertex 1.97804 2.25552 11
      vertex 2.12132 -2.12132 11
      vertex 2.12132 2.12132 11
    endloop
  endfacet
  facet normal 0 0 1
    outer loop
      vertex 1.97804 2.25552 11
      vertex 1.97804 -2.25552 11
      vertex 2.12132 -2.12132 11
    endloop
  endfacet
  facet normal 0 0 1
    outer loop
      vertex 1.82628 2.38006 11
      vertex 1.97804 -2.25552 11
      vertex 1.97804 2.25552 11
    endloop
  endfacet
  facet normal 0 0 1
    outer loop
      vertex 1.82628 2.38006 11
      vertex 1.82628 -2.38006 11
      vertex 1.97804 -2.25552 11
    endloop
  endfacet
  facet normal 0 0 1
    outer loop
      vertex 1.66671 2.49441 11
      vertex 1.82628 -2.38006 11
      vertex 1.82628 2.38006 11
    endloop
  endfacet
  facet normal 0 0 1
    outer loop
      vertex 1.66671 2.49441 11
      vertex 1.66671 -2.49441 11
      vertex 1.82628 -2.38006 11
    endloop
  endfacet
  facet normal 0 0 1
    outer loop
      vertex 1.5 2.59808 11
      vertex 1.66671 -2.49441 11
      vertex 1.66671 2.49441 11
    endloop
  endfacet
  facet normal 0 0 1
    outer loop
      vertex 1.5 2.59808 11
      vertex 1.5 -2.59808 11
      vertex 1.66671 -2.49441 11
    endloop
  endfacet
  facet normal 0 0 1
    outer loop
      vertex 1.32687 2.69062 11
      vertex 1.5 -2.59808 11
      vertex 1.5 2.59808 11
    endloop
  endfacet
  facet normal 0 0 1
    outer loop
      vertex 1.32687 2.69062 11
      vertex 1.32687 -2.69062 11
      vertex 1.5 -2.59808 11
    endloop
  endfacet
  facet normal 0 0 1
    outer loop
      vertex 1.14805 2.77164 11
      vertex 1.32687 -2.69062 11
      vertex 1.32687 2.69062 11
    endloop
  endfacet
  facet normal 0 0 1
    outer loop
      vertex 1.14805 2.77164 11
      vertex 1.14805 -2.77164 11
      vertex 1.32687 -2.69062 11
    endloop
  endfacet
  facet normal 0 0 1
    outer loop
      vertex 0.964318 2.84079 11
      vertex 1.14805 -2.77164 11
      vertex 1.14805 2.77164 11
    endloop
  endfacet
  facet normal 0 0 1
    outer loop
      vertex 0.964318 2.84079 11
      vertex 0.964318 -2.84079 11
      vertex 1.14805 -2.77164 11
    endloop
  endfacet
  facet normal 0 0 1
    outer loop
      vertex 0.776457 2.89778 11
      vertex 0.964318 -2.84079 11
      vertex 0.964318 2.84079 11
    endloop
  endfacet
  facet normal 0 0 1
    outer loop
      vertex 0.776457 2.89778 11
      vertex 0.776457 -2.89778 11
      vertex 0.964318 -2.84079 11
    endloop
  endfacet
  facet normal 0 0 1
    outer loop
      vertex 0.585271 2.94236 11
      vertex 0.776457 -2.89778 11
      vertex 0.776457 2.89778 11
    endloop
  endfacet
  facet normal 0 0 1
    outer loop
      vertex 0.585271 2.94236 11
      vertex 0.585271 -2.94236 11
      vertex 0.776457 -2.89778 11
    endloop
  endfacet
  facet normal 0 0 1
    outer loop
      vertex 0.391578 2.97433 11
      vertex 0.585271 -2.94236 11
      vertex 0.585271 2.94236 11
    endloop
  endfacet
  facet normal 0 0 1
    outer loop
      vertex 0.391578 2.97433 11
      vertex 0.391578 -2.97433 11
      vertex 0.585271 -2.94236 11
    endloop
  endfacet
  facet normal 0 0 1
    outer loop
      vertex 0.196209 2.99358 11
      vertex 0.391578 -2.97433 11
      vertex 0.391578 2.97433 11
    endloop
  endfacet
  facet normal 0 0 1
    outer loop
      vertex 0.196209 2.99358 11
      vertex 0.196209 -2.99358 11
      vertex 0.391578 -2.97433 11
    endloop
  endfacet
  facet normal 0 0 1
    outer loop
      vertex 0 3 11
      vertex 0.196209 -2.99358 11
      vertex 0.196209 2.99358 11
    endloop
  endfacet
  facet normal 0 0 1
    outer loop
      vertex 0 3 11
      vertex 0 -3 11
      vertex 0.196209 -2.99358 11
    endloop
  endfacet
  facet normal -0 0 1
    outer loop
      vertex -0.196209 2.99358 11
      vertex 0 -3 11
      vertex 0 3 11
    endloop
  endfacet
  facet normal 0 0 1
    outer loop
      vertex -0.196209 2.99358 11
      vertex -0.196209 -2.99358 11
      vertex 0 -3 11
    endloop
  endfacet
  facet normal -0 0 1
    outer loop
      vertex -0.391578 2.97433 11
      vertex -0.196209 -2.99358 11
      vertex -0.196209 2.99358 11
    endloop
  endfacet
  facet normal 0 0 1
    outer loop
      vertex -0.391578 2.97433 11
      vertex -0.391578 -2.97433 11
      vertex -0.196209 -2.99358 11
    endloop
  endfacet
  facet normal -0 0 1
    outer loop
      vertex -0.585271 2.94236 11
      vertex -0.391578 -2.97433 11
      vertex -0.391578 2.97433 11
    endloop
  endfacet
  facet normal 0 0 1
    outer loop
      vertex -0.585271 2.94236 11
      vertex -0.585271 -2.94236 11
      vertex -0.391578 -2.97433 11
    endloop
  endfacet
  facet normal -0 0 1
    outer loop
      vertex -0.776457 2.89778 11
      vertex -0.585271 -2.94236 11
      vertex -0.585271 2.94236 11
    endloop
  endfacet
  facet normal 0 0 1
    outer loop
      vertex -0.776457 2.89778 11
      vertex -0.776457 -2.89778 11
      vertex -0.585271 -2.94236 11
    endloop
  endfacet
  facet normal -0 0 1
    outer loop
      vertex -0.964318 2.84079 11
      vertex -0.776457 -2.89778 11
      vertex -0.776457 2.89778 11
    endloop
  endfacet
  facet normal 0 0 1
    outer loop
      vertex -0.964318 2.84079 11
      vertex -0.964318 -2.84079 11
      vertex -0.776457 -2.89778 11
    endloop
  endfacet
  facet normal -0 0 1
    outer loop
      vertex -1.14805 2.77164 11
      vertex -0.964318 -2.84079 11
      vertex -0.964318 2.84079 11
    endloop
  endfacet
  facet normal 0 0 1
    outer loop
      vertex -1.14805 2.77164 11
      vertex -1.14805 -2.77164 11
      vertex -0.964318 -2.84079 11
    endloop
  endfacet
  facet normal -0 0 1
    outer loop
      vertex -1.32687 2.69062 11
      vertex -1.14805 -2.77164 11
      vertex -1.14805 2.77164 11
    endloop
  endfacet
  facet normal 0 0 1
    outer loop
      vertex -1.32687 2.69062 11
      vertex -1.32687 -2.69062 11
      vertex -1.14805 -2.77164 11
    endloop
  endfacet
  facet normal -0 0 1
    outer loop
      vertex -1.5 2.59808 11
      vertex -1.32687 -2.69062 11
      vertex -1.32687 2.69062 11
    endloop
  endfacet
  facet normal 0 0 1
    outer loop
      vertex -1.5 2.59808 11
      vertex -1.5 -2.59808 11
      vertex -1.32687 -2.69062 11
    endloop
  endfacet
  facet normal -0 0 1
    outer loop
      vertex -1.66671 2.49441 11
      vertex -1.5 -2.59808 11
      vertex -1.5 2.59808 11
    endloop
  endfacet
  facet normal 0 0 1
    outer loop
      vertex -1.66671 2.49441 11
      vertex -1.66671 -2.49441 11
      vertex -1.5 -2.59808 11
    endloop
  endfacet
  facet normal -0 0 1
    outer loop
      vertex -1.82628 2.38006 11
      vertex -1.66671 -2.49441 11
      vertex -1.66671 2.49441 11
    endloop
  endfacet
  facet normal 0 0 1
    outer loop
      vertex -1.82628 2.38006 11
      vertex -1.82628 -2.38006 11
      vertex -1.66671 -2.49441 11
    endloop
  endfacet
  facet normal -0 0 1
    outer loop
      vertex -1.97804 2.25552 11
      vertex -1.82628 -2.38006 11
      vertex -1.82628 2.38006 11
    endloop
  endfacet
  facet normal 0 0 1
    outer loop
      vertex -1.97804 2.25552 11
      vertex -1.97804 -2.25552 11
      vertex -1.82628 -2.38006 11
    endloop
  endfacet
  facet normal -0 0 1
    outer loop
      vertex -2.12132 2.12132 11
      vertex -1.97804 -2.25552 11
      vertex -1.97804 2.25552 11
    endloop
  endfacet
  facet normal 0 0 1
    outer loop
      vertex -2.12132 2.12132 11
      vertex -2.12132 -2.12132 11
      vertex -1.97804 -2.25552 11
    endloop
  endfacet
  facet normal -0 0 1
    outer loop
      vertex -2.25552 1.97804 11
      vertex -2.12132 -2.12132 11
      vertex -2.12132 2.12132 11
    endloop
  endfacet
  facet normal 0 0 1
    outer loop
      vertex -2.25552 1.97804 11
      vertex -2.25552 -1.97804 11
      vertex -2.12132 -2.12132 11
    endloop
  endfacet
  facet normal -0 0 1
    outer loop
      vertex -2.38006 1.82628 11
      vertex -2.25552 -1.97804 11
      vertex -2.25552 1.97804 11
    endloop
  endfacet
  facet normal 0 0 1
    outer loop
      vertex -2.38006 1.82628 11
      vertex -2.38006 -1.82628 11
      vertex -2.25552 -1.97804 11
    endloop
  endfacet
  facet normal -0 0 1
    outer loop
      vertex -2.49441 1.66671 11
      vertex -2.38006 -1.82628 11
      vertex -2.38006 1.82628 11
    endloop
  endfacet
  facet normal 0 0 1
    outer loop
      vertex -2.49441 1.66671 11
      vertex -2.49441 -1.66671 11
      vertex -2.38006 -1.82628 11
    endloop
  endfacet
  facet normal -0 0 1
    outer loop
      vertex -2.59808 1.5 11
      vertex -2.49441 -1.66671 11
      vertex -2.49441 1.66671 11
    endloop
  endfacet
  facet normal 0 0 1
    outer loop
      vertex -2.59808 1.5 11
      vertex -2.59808 -1.5 11
      vertex -2.49441 -1.66671 11
    endloop
  endfacet
  facet normal -0 0 1
    outer loop
      vertex -2.69062 1.32687 11
      vertex -2.59808 -1.5 11
      vertex -2.59808 1.5 11
    endloop
  endfacet
  facet normal 0 0 1
    outer loop
      vertex -2.69062 1.32687 11
      vertex -2.69062 -1.32687 11
      vertex -2.59808 -1.5 11
    endloop
  endfacet
  facet normal -0 0 1
    outer loop
      vertex -2.77164 1.14805 11
      vertex -2.69062 -1.32687 11
      vertex -2.69062 1.32687 11
    endloop
  endfacet
  facet normal 0 0 1
    outer loop
      vertex -2.77164 1.14805 11
      vertex -2.77164 -1.14805 11
      vertex -2.69062 -1.32687 11
    endloop
  endfacet
  facet normal -0 0 1
    outer loop
      vertex -2.84079 0.964318 11
      vertex -2.77164 -1.14805 11
      vertex -2.77164 1.14805 11
    endloop
  endfacet
  facet normal 0 0 1
    outer loop
      vertex -2.84079 0.964318 11
      vertex -2.84079 -0.964318 11
      vertex -2.77164 -1.14805 11
    endloop
  endfacet
  facet normal -0 0 1
    outer loop
      vertex -2.89778 0.776457 11
      vertex -2.84079 -0.964318 11
      vertex -2.84079 0.964318 11
    endloop
  endfacet
  facet normal 0 0 1
    outer loop
      vertex -2.89778 0.776457 11
      vertex -2.89778 -0.776457 11
      vertex -2.84079 -0.964318 11
    endloop
  endfacet
  facet normal -0 0 1
    outer loop
      vertex -2.94236 0.585271 11
      vertex -2.89778 -0.776457 11
      vertex -2.89778 0.776457 11
    endloop
  endfacet
  facet normal 0 0 1
    outer loop
      vertex -2.94236 0.585271 11
      vertex -2.94236 -0.585271 11
      vertex -2.89778 -0.776457 11
    endloop
  endfacet
  facet normal -0 0 1
    outer loop
      vertex -2.97433 0.391578 11
      vertex -2.94236 -0.585271 11
      vertex -2.94236 0.585271 11
    endloop
  endfacet
  facet normal 0 0 1
    outer loop
      vertex -2.97433 0.391578 11
      vertex -2.97433 -0.391578 11
      vertex -2.94236 -0.585271 11
    endloop
  endfacet
  facet normal -0 0 1
    outer loop
      vertex -2.99358 0.196209 11
      vertex -2.97433 -0.391578 11
      vertex -2.97433 0.391578 11
    endloop
  endfacet
  facet normal 0 0 1
    outer loop
      vertex -2.99358 0.196209 11
      vertex -2.99358 -0.196209 11
      vertex -2.97433 -0.391578 11
    endloop
  endfacet
  facet normal 0 -0 1
    outer loop
      vertex -2.99358 -0.196209 11
      vertex -2.99358 0.196209 11
      vertex -3 0 11
    endloop
  endfacet
  facet normal -0.956936 0.290299 0
    outer loop
      vertex -2.89778 0.776457 4
      vertex -2.84079 0.964318 11
      vertex -2.84079 0.964318 4
    endloop
  endfacet
  facet normal -0.956936 0.290299 0
    outer loop
      vertex -2.84079 0.964318 11
      vertex -2.89778 0.776457 4
      vertex -2.89778 0.776457 11
    endloop
  endfacet
  facet normal -0.881921 0.471397 0
    outer loop
      vertex -2.69062 1.32687 4
      vertex -2.59808 1.5 11
      vertex -2.59808 1.5 4
    endloop
  endfacet
  facet normal -0.881921 0.471397 0
    outer loop
      vertex -2.59808 1.5 11
      vertex -2.69062 1.32687 4
      vertex -2.69062 1.32687 11
    endloop
  endfacet
  facet normal -0.773026 0.634374 0
    outer loop
      vertex -2.38006 1.82628 4
      vertex -2.25552 1.97804 11
      vertex -2.25552 1.97804 4
    endloop
  endfacet
  facet normal -0.773026 0.634374 0
    outer loop
      vertex -2.25552 1.97804 11
      vertex -2.38006 1.82628 4
      vertex -2.38006 1.82628 11
    endloop
  endfacet
  facet normal -0.227084 0.973875 0
    outer loop
      vertex -0.585271 2.94236 4
      vertex -0.776457 2.89778 11
      vertex -0.585271 2.94236 11
    endloop
  endfacet
  facet normal -0.227084 0.973875 0
    outer loop
      vertex -0.776457 2.89778 11
      vertex -0.585271 2.94236 4
      vertex -0.776457 2.89778 4
    endloop
  endfacet
  facet normal -0.290299 0.956936 0
    outer loop
      vertex -0.776457 2.89778 4
      vertex -0.964318 2.84079 11
      vertex -0.776457 2.89778 11
    endloop
  endfacet
  facet normal -0.290299 0.956936 0
    outer loop
      vertex -0.964318 2.84079 11
      vertex -0.776457 2.89778 4
      vertex -0.964318 2.84079 4
    endloop
  endfacet
  facet normal -0.0327027 0.999465 0
    outer loop
      vertex 0 3 4
      vertex -0.196209 2.99358 11
      vertex 0 3 11
    endloop
  endfacet
  facet normal -0.0327027 0.999465 0
    outer loop
      vertex -0.196209 2.99358 11
      vertex 0 3 4
      vertex -0.196209 2.99358 4
    endloop
  endfacet
  facet normal -0.412697 0.910868 0
    outer loop
      vertex -1.14805 2.77164 4
      vertex -1.32687 2.69062 11
      vertex -1.14805 2.77164 11
    endloop
  endfacet
  facet normal -0.412697 0.910868 0
    outer loop
      vertex -1.32687 2.69062 11
      vertex -1.14805 2.77164 4
      vertex -1.32687 2.69062 4
    endloop
  endfacet
  facet normal -0.634374 0.773026 0
    outer loop
      vertex -1.82628 2.38006 4
      vertex -1.97804 2.25552 11
      vertex -1.82628 2.38006 11
    endloop
  endfacet
  facet normal -0.634374 0.773026 0
    outer loop
      vertex -1.97804 2.25552 11
      vertex -1.82628 2.38006 4
      vertex -1.97804 2.25552 4
    endloop
  endfacet
  facet normal -0.58249 0.812838 0
    outer loop
      vertex -1.66671 2.49441 4
      vertex -1.82628 2.38006 11
      vertex -1.66671 2.49441 11
    endloop
  endfacet
  facet normal -0.58249 0.812838 0
    outer loop
      vertex -1.82628 2.38006 11
      vertex -1.66671 2.49441 4
      vertex -1.82628 2.38006 4
    endloop
  endfacet
  facet normal 0.0327027 -0.999465 0
    outer loop
      vertex 0 -3 4
      vertex 0.196209 -2.99358 11
      vertex 0 -3 11
    endloop
  endfacet
  facet normal 0.0327027 -0.999465 0
    outer loop
      vertex 0.196209 -2.99358 11
      vertex 0 -3 4
      vertex 0.196209 -2.99358 4
    endloop
  endfacet
  facet normal 0.986651 -0.162852 0
    outer loop
      vertex 2.94236 -0.585271 11
      vertex 2.97433 -0.391578 4
      vertex 2.97433 -0.391578 11
    endloop
  endfacet
  facet normal 0.986651 -0.162852 0
    outer loop
      vertex 2.97433 -0.391578 4
      vertex 2.94236 -0.585271 11
      vertex 2.94236 -0.585271 4
    endloop
  endfacet
  facet normal 0.956936 -0.290299 0
    outer loop
      vertex 2.84079 -0.964318 11
      vertex 2.89778 -0.776457 4
      vertex 2.89778 -0.776457 11
    endloop
  endfacet
  facet normal 0.956936 -0.290299 0
    outer loop
      vertex 2.89778 -0.776457 4
      vertex 2.84079 -0.964318 11
      vertex 2.84079 -0.964318 4
    endloop
  endfacet
  facet normal 0.162852 -0.986651 0
    outer loop
      vertex 0.391578 -2.97433 4
      vertex 0.585271 -2.94236 11
      vertex 0.391578 -2.97433 11
    endloop
  endfacet
  facet normal 0.162852 -0.986651 0
    outer loop
      vertex 0.585271 -2.94236 11
      vertex 0.391578 -2.97433 4
      vertex 0.585271 -2.94236 4
    endloop
  endfacet
  facet normal 0.352242 -0.935909 0
    outer loop
      vertex 0.964318 -2.84079 4
      vertex 1.14805 -2.77164 11
      vertex 0.964318 -2.84079 11
    endloop
  endfacet
  facet normal 0.352242 -0.935909 0
    outer loop
      vertex 1.14805 -2.77164 11
      vertex 0.964318 -2.84079 4
      vertex 1.14805 -2.77164 4
    endloop
  endfacet
  facet normal 0.227084 -0.973875 0
    outer loop
      vertex 0.585271 -2.94236 4
      vertex 0.776457 -2.89778 11
      vertex 0.585271 -2.94236 11
    endloop
  endfacet
  facet normal 0.227084 -0.973875 0
    outer loop
      vertex 0.776457 -2.89778 11
      vertex 0.585271 -2.94236 4
      vertex 0.776457 -2.89778 4
    endloop
  endfacet
  facet normal 0.683602 -0.729855 0
    outer loop
      vertex 1.97804 -2.25552 4
      vertex 2.12132 -2.12132 11
      vertex 1.97804 -2.25552 11
    endloop
  endfacet
  facet normal 0.683602 -0.729855 0
    outer loop
      vertex 2.12132 -2.12132 11
      vertex 1.97804 -2.25552 4
      vertex 2.12132 -2.12132 4
    endloop
  endfacet
  facet normal 0.528079 -0.849195 0
    outer loop
      vertex 1.5 -2.59808 4
      vertex 1.66671 -2.49441 11
      vertex 1.5 -2.59808 11
    endloop
  endfacet
  facet normal 0.528079 -0.849195 0
    outer loop
      vertex 1.66671 -2.49441 11
      vertex 1.5 -2.59808 4
      vertex 1.66671 -2.49441 4
    endloop
  endfacet
  facet normal 0.881921 -0.471397 0
    outer loop
      vertex 2.59808 -1.5 11
      vertex 2.69062 -1.32687 4
      vertex 2.69062 -1.32687 11
    endloop
  endfacet
  facet normal 0.881921 -0.471397 0
    outer loop
      vertex 2.69062 -1.32687 4
      vertex 2.59808 -1.5 11
      vertex 2.59808 -1.5 4
    endloop
  endfacet
  facet normal 0.935909 -0.352242 0
    outer loop
      vertex 2.77164 -1.14805 11
      vertex 2.84079 -0.964318 4
      vertex 2.84079 -0.964318 11
    endloop
  endfacet
  facet normal 0.935909 -0.352242 0
    outer loop
      vertex 2.84079 -0.964318 4
      vertex 2.77164 -1.14805 11
      vertex 2.77164 -1.14805 4
    endloop
  endfacet
  facet normal 0.849195 -0.528079 0
    outer loop
      vertex 2.49441 -1.66671 11
      vertex 2.59808 -1.5 4
      vertex 2.59808 -1.5 11
    endloop
  endfacet
  facet normal 0.849195 -0.528079 0
    outer loop
      vertex 2.59808 -1.5 4
      vertex 2.49441 -1.66671 11
      vertex 2.49441 -1.66671 4
    endloop
  endfacet
  facet normal -0.0980567 -0.995181 0
    outer loop
      vertex -0.391578 -2.97433 4
      vertex -0.196209 -2.99358 11
      vertex -0.391578 -2.97433 11
    endloop
  endfacet
  facet normal -0.0980567 -0.995181 -0
    outer loop
      vertex -0.196209 -2.99358 11
      vertex -0.391578 -2.97433 4
      vertex -0.196209 -2.99358 4
    endloop
  endfacet
  facet normal -0.290299 -0.956936 0
    outer loop
      vertex -0.964318 -2.84079 4
      vertex -0.776457 -2.89778 11
      vertex -0.964318 -2.84079 11
    endloop
  endfacet
  facet normal -0.290299 -0.956936 -0
    outer loop
      vertex -0.776457 -2.89778 11
      vertex -0.964318 -2.84079 4
      vertex -0.776457 -2.89778 4
    endloop
  endfacet
  facet normal -0.471397 -0.881921 0
    outer loop
      vertex -1.5 -2.59808 4
      vertex -1.32687 -2.69062 11
      vertex -1.5 -2.59808 11
    endloop
  endfacet
  facet normal -0.471397 -0.881921 -0
    outer loop
      vertex -1.32687 -2.69062 11
      vertex -1.5 -2.59808 4
      vertex -1.32687 -2.69062 4
    endloop
  endfacet
  facet normal -0.634374 -0.773026 0
    outer loop
      vertex -1.97804 -2.25552 4
      vertex -1.82628 -2.38006 11
      vertex -1.97804 -2.25552 11
    endloop
  endfacet
  facet normal -0.634374 -0.773026 -0
    outer loop
      vertex -1.82628 -2.38006 11
      vertex -1.97804 -2.25552 4
      vertex -1.82628 -2.38006 4
    endloop
  endfacet
  facet normal -0.973875 -0.227084 0
    outer loop
      vertex -2.89778 -0.776457 4
      vertex -2.94236 -0.585271 11
      vertex -2.94236 -0.585271 4
    endloop
  endfacet
  facet normal -0.973875 -0.227084 0
    outer loop
      vertex -2.94236 -0.585271 11
      vertex -2.89778 -0.776457 4
      vertex -2.89778 -0.776457 11
    endloop
  endfacet
  facet normal -0.935909 -0.352242 0
    outer loop
      vertex -2.77164 -1.14805 4
      vertex -2.84079 -0.964318 11
      vertex -2.84079 -0.964318 4
    endloop
  endfacet
  facet normal -0.935909 -0.352242 0
    outer loop
      vertex -2.84079 -0.964318 11
      vertex -2.77164 -1.14805 4
      vertex -2.77164 -1.14805 11
    endloop
  endfacet
  facet normal -0.986651 -0.162852 0
    outer loop
      vertex -2.94236 -0.585271 4
      vertex -2.97433 -0.391578 11
      vertex -2.97433 -0.391578 4
    endloop
  endfacet
  facet normal -0.986651 -0.162852 0
    outer loop
      vertex -2.97433 -0.391578 11
      vertex -2.94236 -0.585271 4
      vertex -2.94236 -0.585271 11
    endloop
  endfacet
  facet normal -0.999465 -0.0327027 0
    outer loop
      vertex -2.99358 -0.196209 4
      vertex -3 0 11
      vertex -3 0 4
    endloop
  endfacet
  facet normal -0.999465 -0.0327027 0
    outer loop
      vertex -3 0 11
      vertex -2.99358 -0.196209 4
      vertex -2.99358 -0.196209 11
    endloop
  endfacet
  facet normal -0.849195 -0.528079 0
    outer loop
      vertex -2.49441 -1.66671 4
      vertex -2.59808 -1.5 11
      vertex -2.59808 -1.5 4
    endloop
  endfacet
  facet normal -0.849195 -0.528079 0
    outer loop
      vertex -2.59808 -1.5 11
      vertex -2.49441 -1.66671 4
      vertex -2.49441 -1.66671 11
    endloop
  endfacet
  facet normal -0.910868 -0.412697 0
    outer loop
      vertex -2.69062 -1.32687 4
      vertex -2.77164 -1.14805 11
      vertex -2.77164 -1.14805 4
    endloop
  endfacet
  facet normal -0.910868 -0.412697 0
    outer loop
      vertex -2.77164 -1.14805 11
      vertex -2.69062 -1.32687 4
      vertex -2.69062 -1.32687 11
    endloop
  endfacet
  facet normal -0.812838 -0.58249 0
    outer loop
      vertex -2.38006 -1.82628 4
      vertex -2.49441 -1.66671 11
      vertex -2.49441 -1.66671 4
    endloop
  endfacet
  facet normal -0.812838 -0.58249 0
    outer loop
      vertex -2.49441 -1.66671 11
      vertex -2.38006 -1.82628 4
      vertex -2.38006 -1.82628 11
    endloop
  endfacet
  facet normal 0.973875 -0.227084 0
    outer loop
      vertex 2.89778 -0.776457 11
      vertex 2.94236 -0.585271 4
      vertex 2.94236 -0.585271 11
    endloop
  endfacet
  facet normal 0.973875 -0.227084 0
    outer loop
      vertex 2.94236 -0.585271 4
      vertex 2.89778 -0.776457 11
      vertex 2.89778 -0.776457 4
    endloop
  endfacet
  facet normal 0.0980567 -0.995181 0
    outer loop
      vertex 0.196209 -2.99358 4
      vertex 0.391578 -2.97433 11
      vertex 0.196209 -2.99358 11
    endloop
  endfacet
  facet normal 0.0980567 -0.995181 0
    outer loop
      vertex 0.391578 -2.97433 11
      vertex 0.196209 -2.99358 4
      vertex 0.391578 -2.97433 4
    endloop
  endfacet
  facet normal 0.290299 -0.956936 0
    outer loop
      vertex 0.776457 -2.89778 4
      vertex 0.964318 -2.84079 11
      vertex 0.776457 -2.89778 11
    endloop
  endfacet
  facet normal 0.290299 -0.956936 0
    outer loop
      vertex 0.964318 -2.84079 11
      vertex 0.776457 -2.89778 4
      vertex 0.964318 -2.84079 4
    endloop
  endfacet
  facet normal 0.729855 -0.683602 0
    outer loop
      vertex 2.12132 -2.12132 11
      vertex 2.25552 -1.97804 4
      vertex 2.25552 -1.97804 11
    endloop
  endfacet
  facet normal 0.729855 -0.683602 0
    outer loop
      vertex 2.25552 -1.97804 4
      vertex 2.12132 -2.12132 11
      vertex 2.12132 -2.12132 4
    endloop
  endfacet
  facet normal 0.910868 -0.412697 0
    outer loop
      vertex 2.69062 -1.32687 11
      vertex 2.77164 -1.14805 4
      vertex 2.77164 -1.14805 11
    endloop
  endfacet
  facet normal 0.910868 -0.412697 0
    outer loop
      vertex 2.77164 -1.14805 4
      vertex 2.69062 -1.32687 11
      vertex 2.69062 -1.32687 4
    endloop
  endfacet
  facet normal 0.812838 -0.58249 0
    outer loop
      vertex 2.38006 -1.82628 11
      vertex 2.49441 -1.66671 4
      vertex 2.49441 -1.66671 11
    endloop
  endfacet
  facet normal 0.812838 -0.58249 0
    outer loop
      vertex 2.49441 -1.66671 4
      vertex 2.38006 -1.82628 11
      vertex 2.38006 -1.82628 4
    endloop
  endfacet
  facet normal -0.0327027 -0.999465 0
    outer loop
      vertex -0.196209 -2.99358 4
      vertex 0 -3 11
      vertex -0.196209 -2.99358 11
    endloop
  endfacet
  facet normal -0.0327027 -0.999465 -0
    outer loop
      vertex 0 -3 11
      vertex -0.196209 -2.99358 4
      vertex 0 -3 4
    endloop
  endfacet
  facet normal -0.227084 -0.973875 0
    outer loop
      vertex -0.776457 -2.89778 4
      vertex -0.585271 -2.94236 11
      vertex -0.776457 -2.89778 11
    endloop
  endfacet
  facet normal -0.227084 -0.973875 -0
    outer loop
      vertex -0.585271 -2.94236 11
      vertex -0.776457 -2.89778 4
      vertex -0.585271 -2.94236 4
    endloop
  endfacet
  facet normal -0.58249 -0.812838 0
    outer loop
      vertex -1.82628 -2.38006 4
      vertex -1.66671 -2.49441 11
      vertex -1.82628 -2.38006 11
    endloop
  endfacet
  facet normal -0.58249 -0.812838 -0
    outer loop
      vertex -1.66671 -2.49441 11
      vertex -1.82628 -2.38006 4
      vertex -1.66671 -2.49441 4
    endloop
  endfacet
  facet normal -0.956936 -0.290299 0
    outer loop
      vertex -2.84079 -0.964318 4
      vertex -2.89778 -0.776457 11
      vertex -2.89778 -0.776457 4
    endloop
  endfacet
  facet normal -0.956936 -0.290299 0
    outer loop
      vertex -2.89778 -0.776457 11
      vertex -2.84079 -0.964318 4
      vertex -2.84079 -0.964318 11
    endloop
  endfacet
  facet normal -0.995181 -0.0980567 0
    outer loop
      vertex -2.97433 -0.391578 4
      vertex -2.99358 -0.196209 11
      vertex -2.99358 -0.196209 4
    endloop
  endfacet
  facet normal -0.995181 -0.0980567 0
    outer loop
      vertex -2.99358 -0.196209 11
      vertex -2.97433 -0.391578 4
      vertex -2.97433 -0.391578 11
    endloop
  endfacet
  facet normal -0.881921 -0.471397 0
    outer loop
      vertex -2.59808 -1.5 4
      vertex -2.69062 -1.32687 11
      vertex -2.69062 -1.32687 4
    endloop
  endfacet
  facet normal -0.881921 -0.471397 0
    outer loop
      vertex -2.69062 -1.32687 11
      vertex -2.59808 -1.5 4
      vertex -2.59808 -1.5 11
    endloop
  endfacet
  facet normal -0.773026 -0.634374 0
    outer loop
      vertex -2.25552 -1.97804 4
      vertex -2.38006 -1.82628 11
      vertex -2.38006 -1.82628 4
    endloop
  endfacet
  facet normal -0.773026 -0.634374 0
    outer loop
      vertex -2.38006 -1.82628 11
      vertex -2.25552 -1.97804 4
      vertex -2.25552 -1.97804 11
    endloop
  endfacet
  facet normal 0.999465 -0.0327027 0
    outer loop
      vertex 2.99358 -0.196209 11
      vertex 3 0 4
      vertex 3 0 11
    endloop
  endfacet
  facet normal 0.999465 -0.0327027 0
    outer loop
      vertex 3 0 4
      vertex 2.99358 -0.196209 11
      vertex 2.99358 -0.196209 4
    endloop
  endfacet
endsolid OpenSCAD_Model
