solid OpenSCAD_Model
  facet normal 0.162912 -0.854456 -0.49332
    outer loop
      vertex 43.6078 -33.5943 24.0769
      vertex 44.0791 -29.5269 17.1876
      vertex 44.0791 -33.5269 24.1158
    endloop
  endfacet
  facet normal 0.162912 -0.854456 -0.49332
    outer loop
      vertex 44.0791 -29.5269 17.1876
      vertex 43.6078 -33.5943 24.0769
      vertex 43.6078 -29.5943 17.1487
    endloop
  endfacet
  facet normal 0.097916 -0.861864 -0.497598
    outer loop
      vertex 43.1324 -33.6348 24.0535
      vertex 43.6078 -29.5943 17.1487
      vertex 43.6078 -33.5943 24.0769
    endloop
  endfacet
  facet normal 0.097916 -0.861864 -0.497598
    outer loop
      vertex 43.6078 -29.5943 17.1487
      vertex 43.1324 -33.6348 24.0535
      vertex 43.1324 -29.6348 17.1253
    endloop
  endfacet
  facet normal -0.99946 0.0284621 0.0164326
    outer loop
      vertex -49.955 23.2764 47.7891
      vertex -49.9393 19.7399 54.8694
      vertex -49.9393 23.6899 48.0278
    endloop
  endfacet
  facet normal -0.99946 0.0284621 0.0164326
    outer loop
      vertex -49.9393 19.7399 54.8694
      vertex -49.955 23.2764 47.7891
      vertex -49.955 19.3264 54.6307
    endloop
  endfacet
  facet normal 0.0328226 -0.865559 -0.499731
    outer loop
      vertex 42.655 -33.6484 24.0457
      vertex 43.1324 -29.6348 17.1253
      vertex 43.1324 -33.6348 24.0535
    endloop
  endfacet
  facet normal 0.0328226 -0.865559 -0.499731
    outer loop
      vertex 43.1324 -29.6348 17.1253
      vertex 42.655 -33.6484 24.0457
      vertex 42.655 -29.6484 17.1175
    endloop
  endfacet
  facet normal 0.582561 0.703894 0.406394
    outer loop
      vertex 47.0989 24.3419 57.5264
      vertex 46.7106 28.5829 50.7374
      vertex 46.7106 24.5829 57.6656
    endloop
  endfacet
  facet normal 0.582561 0.703894 0.406394
    outer loop
      vertex 46.7106 28.5829 50.7374
      vertex 47.0989 24.3419 57.5264
      vertex 47.0989 28.3419 50.5982
    endloop
  endfacet
  facet normal 0 -0.866025 -0.5
    outer loop
      vertex -42.655 -29.6484 17.1175
      vertex 42.655 -33.6484 24.0457
      vertex -42.655 -33.6484 24.0457
    endloop
  endfacet
  facet normal 0 -0.866025 -0.5
    outer loop
      vertex 42.655 -33.6484 24.0457
      vertex -42.655 -29.6484 17.1175
      vertex 42.655 -29.6484 17.1175
    endloop
  endfacet
  facet normal -0.0328226 0.865559 0.499731
    outer loop
      vertex -42.655 29.6484 51.3525
      vertex -43.1324 25.6348 58.2729
      vertex -42.655 25.6484 58.2807
    endloop
  endfacet
  facet normal -0.0328226 0.865559 0.499731
    outer loop
      vertex -43.1324 25.6348 58.2729
      vertex -42.655 29.6484 51.3525
      vertex -43.1324 29.6348 51.3447
    endloop
  endfacet
  facet normal -0.097916 0.861864 0.497598
    outer loop
      vertex -43.1324 29.6348 51.3447
      vertex -43.6078 25.5943 58.2495
      vertex -43.1324 25.6348 58.2729
    endloop
  endfacet
  facet normal -0.097916 0.861864 0.497598
    outer loop
      vertex -43.6078 25.5943 58.2495
      vertex -43.1324 29.6348 51.3447
      vertex -43.6078 29.5943 51.3213
    endloop
  endfacet
  facet normal 0.352323 0.810494 0.467939
    outer loop
      vertex 45.4486 25.1671 58.0029
      vertex 45.0015 29.3129 51.1588
      vertex 45.0015 25.3129 58.087
    endloop
  endfacet
  facet normal 0.352323 0.810494 0.467939
    outer loop
      vertex 45.0015 29.3129 51.1588
      vertex 45.4486 25.1671 58.0029
      vertex 45.4486 29.1671 51.0747
    endloop
  endfacet
  facet normal 0.162912 0.854456 0.49332
    outer loop
      vertex 44.0791 25.5269 58.2106
      vertex 43.6078 29.5943 51.3213
      vertex 43.6078 25.5943 58.2495
    endloop
  endfacet
  facet normal 0.162912 0.854456 0.49332
    outer loop
      vertex 43.6078 29.5943 51.3213
      vertex 44.0791 25.5269 58.2106
      vertex 44.0791 29.5269 51.2824
    endloop
  endfacet
  facet normal 0 0.866025 0.5
    outer loop
      vertex 42.655 29.6484 51.3525
      vertex -42.655 25.6484 58.2807
      vertex 42.655 25.6484 58.2807
    endloop
  endfacet
  facet normal 0 0.866025 0.5
    outer loop
      vertex -42.655 25.6484 58.2807
      vertex 42.655 29.6484 51.3525
      vertex -42.655 29.6484 51.3525
    endloop
  endfacet
  facet normal 0.99946 0.0284621 0.0164326
    outer loop
      vertex 49.9393 19.7399 54.8694
      vertex 49.955 23.2764 47.7891
      vertex 49.9393 23.6899 48.0278
    endloop
  endfacet
  facet normal 0.99946 0.0284621 0.0164326
    outer loop
      vertex 49.955 23.2764 47.7891
      vertex 49.9393 19.7399 54.8694
      vertex 49.955 19.3264 54.6307
    endloop
  endfacet
  facet normal 0.99946 -0.0284621 -0.0164326
    outer loop
      vertex 49.955 -27.3264 27.6957
      vertex 49.9393 -23.7899 20.6154
      vertex 49.955 -23.3764 20.8541
    endloop
  endfacet
  facet normal 0.99946 -0.0284621 -0.0164326
    outer loop
      vertex 49.9393 -23.7899 20.6154
      vertex 49.955 -27.3264 27.6957
      vertex 49.9393 -27.7399 27.457
    endloop
  endfacet
  facet normal -0.582561 0.703894 0.406394
    outer loop
      vertex -46.7106 28.5829 50.7374
      vertex -47.0989 24.3419 57.5264
      vertex -46.7106 24.5829 57.6656
    endloop
  endfacet
  facet normal -0.582561 0.703894 0.406394
    outer loop
      vertex -47.0989 24.3419 57.5264
      vertex -46.7106 28.5829 50.7374
      vertex -47.0989 28.3419 50.5982
    endloop
  endfacet
  facet normal -1.05367e-05 -0.499946 0.866056
    outer loop
      vertex 47.3062 18.8842 54.3754
      vertex 49.955 19.3264 54.6307
      vertex 49.9393 19.7399 54.8694
    endloop
  endfacet
  facet normal 8.02472e-06 -0.5 0.866025
    outer loop
      vertex 49.955 19.3264 54.6307
      vertex 47.555 17.2479 53.4307
      vertex 49.955 -27.3264 27.6957
    endloop
  endfacet
  facet normal 2.18102e-05 -0.500006 0.866022
    outer loop
      vertex 47.1676 19.2801 54.604
      vertex 49.9393 19.7399 54.8694
      vertex 49.8925 20.1516 55.1071
    endloop
  endfacet
  facet normal -8.8097e-06 -0.500001 0.866025
    outer loop
      vertex 47.555 -25.2479 28.8957
      vertex 49.955 -27.3264 27.6957
      vertex 47.555 17.2479 53.4307
    endloop
  endfacet
  facet normal 4.8557e-05 -0.500126 0.865953
    outer loop
      vertex 46.9993 19.6672 54.8275
      vertex 49.8925 20.1516 55.1071
      vertex 49.8147 20.5597 55.3428
    endloop
  endfacet
  facet normal 5.2437e-05 -0.499948 0.866056
    outer loop
      vertex 47.5394 -25.6614 28.657
      vertex 49.955 -27.3264 27.6957
      vertex 47.555 -25.2479 28.8957
    endloop
  endfacet
  facet normal -1.32738e-05 -0.499979 0.866037
    outer loop
      vertex 46.9993 19.6672 54.8275
      vertex 49.8147 20.5597 55.3428
      vertex 49.7062 20.9626 55.5754
    endloop
  endfacet
  facet normal -2.65638e-06 -0.500007 0.866021
    outer loop
      vertex 47.4925 -26.0731 28.4193
      vertex 49.955 -27.3264 27.6957
      vertex 47.5394 -25.6614 28.657
    endloop
  endfacet
  facet normal 1.58214e-05 -0.50004 0.866002
    outer loop
      vertex 46.8022 20.0441 55.0451
      vertex 49.7062 20.9626 55.5754
      vertex 49.5676 21.3585 55.804
    endloop
  endfacet
  facet normal -2.30029e-05 -0.500037 0.866004
    outer loop
      vertex 47.4147 -26.4813 28.1836
      vertex 49.955 -27.3264 27.6957
      vertex 47.4925 -26.0731 28.4193
    endloop
  endfacet
  facet normal -5.2072e-05 -0.499933 0.866064
    outer loop
      vertex 46.8022 20.0441 55.0451
      vertex 49.5676 21.3585 55.804
      vertex 49.3993 21.7457 56.0275
    endloop
  endfacet
  facet normal 3.61115e-06 -0.499977 0.866038
    outer loop
      vertex 47.3062 -26.8842 27.951
      vertex 49.955 -27.3264 27.6957
      vertex 47.4147 -26.4813 28.1836
    endloop
  endfacet
  facet normal 4.79238e-05 -0.500075 0.865982
    outer loop
      vertex 46.577 20.4089 55.2557
      vertex 49.3993 21.7457 56.0275
      vertex 49.2021 22.1225 56.2451
    endloop
  endfacet
  facet normal 1.05367e-05 -0.499946 0.866056
    outer loop
      vertex 49.955 -27.3264 27.6957
      vertex 47.3062 -26.8842 27.951
      vertex 49.9393 -27.7399 27.457
    endloop
  endfacet
  facet normal -9.53334e-05 -0.49991 0.866077
    outer loop
      vertex 46.577 20.4089 55.2557
      vertex 49.2021 22.1225 56.2451
      vertex 48.977 22.4874 56.4557
    endloop
  endfacet
  facet normal 3.51719e-05 -0.49989 0.866089
    outer loop
      vertex 47.1676 -27.2801 27.7225
      vertex 49.9393 -27.7399 27.457
      vertex 47.3062 -26.8842 27.951
    endloop
  endfacet
  facet normal -2.54583e-05 -0.499971 0.866042
    outer loop
      vertex 46.3247 20.7602 55.4585
      vertex 48.977 22.4874 56.4557
      vertex 48.7247 22.8387 56.6585
    endloop
  endfacet
  facet normal 8.85665e-06 -0.500008 0.866021
    outer loop
      vertex 49.9393 -27.7399 27.457
      vertex 47.1676 -27.2801 27.7225
      vertex 49.8925 -28.1516 27.2193
    endloop
  endfacet
  facet normal 5.29469e-05 -0.500039 0.866003
    outer loop
      vertex 46.0465 21.0965 55.6527
      vertex 48.7247 22.8387 56.6585
      vertex 48.4465 23.175 56.8527
    endloop
  endfacet
  facet normal -5.67062e-05 -0.500162 0.865932
    outer loop
      vertex 46.9993 -27.6672 27.4989
      vertex 49.8925 -28.1516 27.2193
      vertex 47.1676 -27.2801 27.7225
    endloop
  endfacet
  facet normal 3.16712e-05 -0.50002 0.866014
    outer loop
      vertex 46.0465 21.0965 55.6527
      vertex 48.4465 23.175 56.8527
      vertex 48.1434 23.4947 57.0373
    endloop
  endfacet
  facet normal -4.8557e-05 -0.500126 0.865953
    outer loop
      vertex 49.8925 -28.1516 27.2193
      vertex 46.9993 -27.6672 27.4989
      vertex 49.8147 -28.5597 26.9836
    endloop
  endfacet
  facet normal -8.32368e-05 -0.499939 0.866061
    outer loop
      vertex 45.7434 21.4163 55.8373
      vertex 48.1434 23.4947 57.0373
      vertex 47.8169 23.7967 57.2116
    endloop
  endfacet
  facet normal 1.32738e-05 -0.499979 0.866037
    outer loop
      vertex 49.8147 -28.5597 26.9836
      vertex 46.9993 -27.6672 27.4989
      vertex 49.7062 -28.9626 26.751
    endloop
  endfacet
  facet normal 9.09935e-05 -0.499858 0.866108
    outer loop
      vertex 46.8022 -28.0441 27.2814
      vertex 49.7062 -28.9626 26.751
      vertex 46.9993 -27.6672 27.4989
    endloop
  endfacet
  facet normal -5.2437e-05 -0.499948 0.866056
    outer loop
      vertex 49.955 19.3264 54.6307
      vertex 47.5394 17.6614 53.6694
      vertex 47.555 17.2479 53.4307
    endloop
  endfacet
  facet normal 2.65638e-06 -0.500007 0.866021
    outer loop
      vertex 49.955 19.3264 54.6307
      vertex 47.4925 18.0731 53.9071
      vertex 47.5394 17.6614 53.6694
    endloop
  endfacet
  facet normal 4.11354e-05 -0.50002 0.866014
    outer loop
      vertex 45.7434 21.4163 55.8373
      vertex 47.8169 23.7967 57.2116
      vertex 47.4682 24.0795 57.3749
    endloop
  endfacet
  facet normal 2.30029e-05 -0.500037 0.866004
    outer loop
      vertex 49.955 19.3264 54.6307
      vertex 47.4147 18.4813 54.1428
      vertex 47.4925 18.0731 53.9071
    endloop
  endfacet
  facet normal -3.61115e-06 -0.499977 0.866038
    outer loop
      vertex 49.955 19.3264 54.6307
      vertex 47.3062 18.8842 54.3754
      vertex 47.4147 18.4813 54.1428
    endloop
  endfacet
  facet normal 2.86569e-05 -0.500037 0.866004
    outer loop
      vertex 49.9393 19.7399 54.8694
      vertex 47.1676 19.2801 54.604
      vertex 47.3062 18.8842 54.3754
    endloop
  endfacet
  facet normal 4.31695e-06 -0.500004 0.866023
    outer loop
      vertex 45.4169 21.7182 56.0116
      vertex 47.4682 24.0795 57.3749
      vertex 47.0989 24.3419 57.5264
    endloop
  endfacet
  facet normal 2.17968e-05 -0.500006 0.866022
    outer loop
      vertex 49.8925 20.1516 55.1071
      vertex 46.9993 19.6672 54.8275
      vertex 47.1676 19.2801 54.604
    endloop
  endfacet
  facet normal -3.03487e-06 -0.499995 0.866028
    outer loop
      vertex 49.7062 20.9626 55.5754
      vertex 46.8022 20.0441 55.0451
      vertex 46.9993 19.6672 54.8275
    endloop
  endfacet
  facet normal 8.78028e-05 -0.500052 0.865996
    outer loop
      vertex 45.0682 22.001 56.1749
      vertex 47.0989 24.3419 57.5264
      vertex 46.7106 24.5829 57.6656
    endloop
  endfacet
  facet normal -1.46832e-05 -0.499976 0.866039
    outer loop
      vertex 49.3993 21.7457 56.0275
      vertex 46.577 20.4089 55.2557
      vertex 46.8022 20.0441 55.0451
    endloop
  endfacet
  facet normal -2.54583e-05 -0.499971 0.866042
    outer loop
      vertex 48.977 22.4874 56.4557
      vertex 46.3247 20.7602 55.4585
      vertex 46.577 20.4089 55.2557
    endloop
  endfacet
  facet normal -8.64514e-05 -0.499969 0.866043
    outer loop
      vertex 45.0682 22.001 56.1749
      vertex 46.7106 24.5829 57.6656
      vertex 46.305 24.8014 57.7917
    endloop
  endfacet
  facet normal 5.29469e-05 -0.500039 0.866003
    outer loop
      vertex 48.7247 22.8387 56.6585
      vertex 46.0465 21.0965 55.6527
      vertex 46.3247 20.7602 55.4585
    endloop
  endfacet
  facet normal 2.13245e-05 -0.500021 0.866013
    outer loop
      vertex 44.6989 22.2635 56.3264
      vertex 46.305 24.8014 57.7917
      vertex 45.8837 24.9964 57.9043
    endloop
  endfacet
  facet normal -5.41386e-05 -0.499964 0.866046
    outer loop
      vertex 48.1434 23.4947 57.0373
      vertex 45.7434 21.4163 55.8373
      vertex 46.0465 21.0965 55.6527
    endloop
  endfacet
  facet normal 7.37816e-05 -0.500035 0.866005
    outer loop
      vertex 44.3107 22.5045 56.4656
      vertex 45.8837 24.9964 57.9043
      vertex 45.4486 25.1671 58.0029
    endloop
  endfacet
  facet normal -3.53823e-06 -0.499998 0.866026
    outer loop
      vertex 47.4682 24.0795 57.3749
      vertex 45.4169 21.7182 56.0116
      vertex 45.7434 21.4163 55.8373
    endloop
  endfacet
  facet normal 4.03377e-05 -0.500021 0.866013
    outer loop
      vertex 47.0989 24.3419 57.5264
      vertex 45.0682 22.001 56.1749
      vertex 45.4169 21.7182 56.0116
    endloop
  endfacet
  facet normal -0.000136437 -0.499968 0.866044
    outer loop
      vertex 44.3107 22.5045 56.4656
      vertex 45.4486 25.1671 58.0029
      vertex 45.0015 25.3129 58.087
    endloop
  endfacet
  facet normal -9.52183e-05 -0.499966 0.866045
    outer loop
      vertex 46.305 24.8014 57.7917
      vertex 44.6989 22.2635 56.3264
      vertex 45.0682 22.001 56.1749
    endloop
  endfacet
  facet normal 3.35753e-05 -0.500001 0.866025
    outer loop
      vertex 43.905 22.7229 56.5917
      vertex 45.0015 25.3129 58.087
      vertex 44.5444 25.4329 58.1563
    endloop
  endfacet
  facet normal 9.37618e-05 -0.500045 0.866
    outer loop
      vertex 45.8837 24.9964 57.9043
      vertex 44.3107 22.5045 56.4656
      vertex 44.6989 22.2635 56.3264
    endloop
  endfacet
  facet normal 5.21685e-05 -0.500007 0.866021
    outer loop
      vertex 43.4837 22.9179 56.7043
      vertex 44.5444 25.4329 58.1563
      vertex 44.0791 25.5269 58.2106
    endloop
  endfacet
  facet normal 1.71026e-05 -0.499996 0.866028
    outer loop
      vertex 45.0015 25.3129 58.087
      vertex 43.905 22.7229 56.5917
      vertex 44.3107 22.5045 56.4656
    endloop
  endfacet
  facet normal -2.34527e-05 -0.499994 0.866029
    outer loop
      vertex 43.0486 23.0887 56.8029
      vertex 44.0791 25.5269 58.2106
      vertex 43.6078 25.5943 58.2495
    endloop
  endfacet
  facet normal 3.35084e-05 -0.500001 0.866025
    outer loop
      vertex 44.5444 25.4329 58.1563
      vertex 43.4837 22.9179 56.7043
      vertex 43.905 22.7229 56.5917
    endloop
  endfacet
  facet normal 3.12074e-05 -0.500003 0.866024
    outer loop
      vertex 43.0486 23.0887 56.8029
      vertex 43.6078 25.5943 58.2495
      vertex 43.1324 25.6348 58.2729
    endloop
  endfacet
  facet normal -2.00531e-05 -0.499995 0.866028
    outer loop
      vertex 44.0791 25.5269 58.2106
      vertex 43.0486 23.0887 56.8029
      vertex 43.4837 22.9179 56.7043
    endloop
  endfacet
  facet normal -9.39649e-05 -0.499992 0.86603
    outer loop
      vertex 42.6015 23.2344 56.887
      vertex 43.1324 25.6348 58.2729
      vertex 42.655 25.6484 58.2807
    endloop
  endfacet
  facet normal -3.91324e-05 -0.500001 0.866025
    outer loop
      vertex 43.1324 25.6348 58.2729
      vertex 42.6015 23.2344 56.887
      vertex 43.0486 23.0887 56.8029
    endloop
  endfacet
  facet normal -7.27007e-05 -0.499992 0.86603
    outer loop
      vertex 42.655 25.6484 58.2807
      vertex 42.1444 23.3545 56.9563
      vertex 42.6015 23.2344 56.887
    endloop
  endfacet
  facet normal 0.000153472 -0.50003 0.866008
    outer loop
      vertex 42.655 25.6484 58.2807
      vertex 41.6792 23.4484 57.0106
      vertex 42.1444 23.3545 56.9563
    endloop
  endfacet
  facet normal -1.94277e-05 -0.499973 0.866041
    outer loop
      vertex 42.655 25.6484 58.2807
      vertex 41.2078 23.5158 57.0495
      vertex 41.6792 23.4484 57.0106
    endloop
  endfacet
  facet normal -6.7728e-05 -0.499948 0.866055
    outer loop
      vertex 42.655 25.6484 58.2807
      vertex 40.7324 23.5564 57.0729
      vertex 41.2078 23.5158 57.0495
    endloop
  endfacet
  facet normal 1.03956e-05 -0.500002 0.866024
    outer loop
      vertex 42.655 25.6484 58.2807
      vertex 40.255 23.5699 57.0807
      vertex 40.7324 23.5564 57.0729
    endloop
  endfacet
  facet normal 0 -0.499993 0.866029
    outer loop
      vertex 42.655 25.6484 58.2807
      vertex -40.255 23.5699 57.0807
      vertex 40.255 23.5699 57.0807
    endloop
  endfacet
  facet normal 0 -0.499993 0.866029
    outer loop
      vertex -42.655 25.6484 58.2807
      vertex -40.255 23.5699 57.0807
      vertex 42.655 25.6484 58.2807
    endloop
  endfacet
  facet normal -1.03956e-05 -0.500002 0.866024
    outer loop
      vertex -42.655 25.6484 58.2807
      vertex -40.7324 23.5564 57.0729
      vertex -40.255 23.5699 57.0807
    endloop
  endfacet
  facet normal 6.7728e-05 -0.499948 0.866055
    outer loop
      vertex -42.655 25.6484 58.2807
      vertex -41.2078 23.5158 57.0495
      vertex -40.7324 23.5564 57.0729
    endloop
  endfacet
  facet normal 1.94277e-05 -0.499973 0.866041
    outer loop
      vertex -42.655 25.6484 58.2807
      vertex -41.6792 23.4484 57.0106
      vertex -41.2078 23.5158 57.0495
    endloop
  endfacet
  facet normal -0.000153472 -0.50003 0.866008
    outer loop
      vertex -42.655 25.6484 58.2807
      vertex -42.1444 23.3545 56.9563
      vertex -41.6792 23.4484 57.0106
    endloop
  endfacet
  facet normal 7.27007e-05 -0.499992 0.86603
    outer loop
      vertex -42.655 25.6484 58.2807
      vertex -42.6015 23.2344 56.887
      vertex -42.1444 23.3545 56.9563
    endloop
  endfacet
  facet normal 9.39649e-05 -0.499992 0.86603
    outer loop
      vertex -43.1324 25.6348 58.2729
      vertex -42.6015 23.2344 56.887
      vertex -42.655 25.6484 58.2807
    endloop
  endfacet
  facet normal 3.91324e-05 -0.500001 0.866025
    outer loop
      vertex -42.6015 23.2344 56.887
      vertex -43.1324 25.6348 58.2729
      vertex -43.0486 23.0887 56.8029
    endloop
  endfacet
  facet normal -3.12074e-05 -0.500003 0.866024
    outer loop
      vertex -43.6078 25.5943 58.2495
      vertex -43.0486 23.0887 56.8029
      vertex -43.1324 25.6348 58.2729
    endloop
  endfacet
  facet normal 2.34527e-05 -0.499994 0.866029
    outer loop
      vertex -44.0791 25.5269 58.2106
      vertex -43.0486 23.0887 56.8029
      vertex -43.6078 25.5943 58.2495
    endloop
  endfacet
  facet normal 2.00531e-05 -0.499995 0.866028
    outer loop
      vertex -43.0486 23.0887 56.8029
      vertex -44.0791 25.5269 58.2106
      vertex -43.4837 22.9179 56.7043
    endloop
  endfacet
  facet normal -5.21685e-05 -0.500007 0.866021
    outer loop
      vertex -44.5444 25.4329 58.1563
      vertex -43.4837 22.9179 56.7043
      vertex -44.0791 25.5269 58.2106
    endloop
  endfacet
  facet normal -3.35084e-05 -0.500001 0.866025
    outer loop
      vertex -43.4837 22.9179 56.7043
      vertex -44.5444 25.4329 58.1563
      vertex -43.905 22.7229 56.5917
    endloop
  endfacet
  facet normal -3.35753e-05 -0.500001 0.866025
    outer loop
      vertex -45.0015 25.3129 58.087
      vertex -43.905 22.7229 56.5917
      vertex -44.5444 25.4329 58.1563
    endloop
  endfacet
  facet normal -1.71026e-05 -0.499996 0.866028
    outer loop
      vertex -43.905 22.7229 56.5917
      vertex -45.0015 25.3129 58.087
      vertex -44.3107 22.5045 56.4656
    endloop
  endfacet
  facet normal 0.000136437 -0.499968 0.866044
    outer loop
      vertex -45.4486 25.1671 58.0029
      vertex -44.3107 22.5045 56.4656
      vertex -45.0015 25.3129 58.087
    endloop
  endfacet
  facet normal -7.37816e-05 -0.500035 0.866005
    outer loop
      vertex -45.8837 24.9964 57.9043
      vertex -44.3107 22.5045 56.4656
      vertex -45.4486 25.1671 58.0029
    endloop
  endfacet
  facet normal -9.37618e-05 -0.500045 0.866
    outer loop
      vertex -44.3107 22.5045 56.4656
      vertex -45.8837 24.9964 57.9043
      vertex -44.6989 22.2635 56.3264
    endloop
  endfacet
  facet normal -2.13245e-05 -0.500021 0.866013
    outer loop
      vertex -46.305 24.8014 57.7917
      vertex -44.6989 22.2635 56.3264
      vertex -45.8837 24.9964 57.9043
    endloop
  endfacet
  facet normal 9.52183e-05 -0.499966 0.866045
    outer loop
      vertex -44.6989 22.2635 56.3264
      vertex -46.305 24.8014 57.7917
      vertex -45.0682 22.001 56.1749
    endloop
  endfacet
  facet normal 8.64514e-05 -0.499969 0.866043
    outer loop
      vertex -46.7106 24.5829 57.6656
      vertex -45.0682 22.001 56.1749
      vertex -46.305 24.8014 57.7917
    endloop
  endfacet
  facet normal -8.78028e-05 -0.500052 0.865996
    outer loop
      vertex -47.0989 24.3419 57.5264
      vertex -45.0682 22.001 56.1749
      vertex -46.7106 24.5829 57.6656
    endloop
  endfacet
  facet normal -4.03377e-05 -0.500021 0.866013
    outer loop
      vertex -45.0682 22.001 56.1749
      vertex -47.0989 24.3419 57.5264
      vertex -45.4169 21.7182 56.0116
    endloop
  endfacet
  facet normal -4.31695e-06 -0.500004 0.866023
    outer loop
      vertex -47.4682 24.0795 57.3749
      vertex -45.4169 21.7182 56.0116
      vertex -47.0989 24.3419 57.5264
    endloop
  endfacet
  facet normal 3.53823e-06 -0.499998 0.866026
    outer loop
      vertex -45.4169 21.7182 56.0116
      vertex -47.4682 24.0795 57.3749
      vertex -45.7434 21.4163 55.8373
    endloop
  endfacet
  facet normal -4.11354e-05 -0.50002 0.866014
    outer loop
      vertex -47.8169 23.7967 57.2116
      vertex -45.7434 21.4163 55.8373
      vertex -47.4682 24.0795 57.3749
    endloop
  endfacet
  facet normal 8.32368e-05 -0.499939 0.866061
    outer loop
      vertex -48.1434 23.4947 57.0373
      vertex -45.7434 21.4163 55.8373
      vertex -47.8169 23.7967 57.2116
    endloop
  endfacet
  facet normal 5.41386e-05 -0.499964 0.866046
    outer loop
      vertex -45.7434 21.4163 55.8373
      vertex -48.1434 23.4947 57.0373
      vertex -46.0465 21.0965 55.6527
    endloop
  endfacet
  facet normal -3.16712e-05 -0.50002 0.866014
    outer loop
      vertex -48.4465 23.175 56.8527
      vertex -46.0465 21.0965 55.6527
      vertex -48.1434 23.4947 57.0373
    endloop
  endfacet
  facet normal -5.29469e-05 -0.500039 0.866003
    outer loop
      vertex -48.7247 22.8387 56.6585
      vertex -46.0465 21.0965 55.6527
      vertex -48.4465 23.175 56.8527
    endloop
  endfacet
  facet normal -5.29469e-05 -0.500039 0.866003
    outer loop
      vertex -46.0465 21.0965 55.6527
      vertex -48.7247 22.8387 56.6585
      vertex -46.3247 20.7602 55.4585
    endloop
  endfacet
  facet normal 2.54583e-05 -0.499971 0.866042
    outer loop
      vertex -48.977 22.4874 56.4557
      vertex -46.3247 20.7602 55.4585
      vertex -48.7247 22.8387 56.6585
    endloop
  endfacet
  facet normal 2.54583e-05 -0.499971 0.866042
    outer loop
      vertex -46.3247 20.7602 55.4585
      vertex -48.977 22.4874 56.4557
      vertex -46.577 20.4089 55.2557
    endloop
  endfacet
  facet normal 9.53334e-05 -0.49991 0.866077
    outer loop
      vertex -49.2021 22.1225 56.2451
      vertex -46.577 20.4089 55.2557
      vertex -48.977 22.4874 56.4557
    endloop
  endfacet
  facet normal -4.79238e-05 -0.500075 0.865982
    outer loop
      vertex -49.3993 21.7457 56.0275
      vertex -46.577 20.4089 55.2557
      vertex -49.2021 22.1225 56.2451
    endloop
  endfacet
  facet normal 1.46832e-05 -0.499976 0.866039
    outer loop
      vertex -46.577 20.4089 55.2557
      vertex -49.3993 21.7457 56.0275
      vertex -46.8022 20.0441 55.0451
    endloop
  endfacet
  facet normal -1.58214e-05 -0.50004 0.866002
    outer loop
      vertex -49.7062 20.9626 55.5754
      vertex -46.8022 20.0441 55.0451
      vertex -49.5676 21.3585 55.804
    endloop
  endfacet
  facet normal 5.2072e-05 -0.499933 0.866064
    outer loop
      vertex -49.5676 21.3585 55.804
      vertex -46.8022 20.0441 55.0451
      vertex -49.3993 21.7457 56.0275
    endloop
  endfacet
  facet normal 7.33222e-05 -0.4999 0.866083
    outer loop
      vertex 49.7062 -28.9626 26.751
      vertex 46.8022 -28.0441 27.2814
      vertex 49.5676 -29.3585 26.5225
    endloop
  endfacet
  facet normal -3.60342e-05 -0.500072 0.865984
    outer loop
      vertex 49.5676 -29.3585 26.5225
      vertex 46.8022 -28.0441 27.2814
      vertex 49.3993 -29.7457 26.2989
    endloop
  endfacet
  facet normal -7.23161e-05 -0.500114 0.86596
    outer loop
      vertex 46.577 -28.4089 27.0707
      vertex 49.3993 -29.7457 26.2989
      vertex 46.8022 -28.0441 27.2814
    endloop
  endfacet
  facet normal 3.93137e-05 -0.499937 0.866062
    outer loop
      vertex 49.3993 -29.7457 26.2989
      vertex 46.577 -28.4089 27.0707
      vertex 49.2021 -30.1225 26.0814
    endloop
  endfacet
  facet normal -3.86396e-05 -0.500026 0.86601
    outer loop
      vertex 49.2021 -30.1225 26.0814
      vertex 46.577 -28.4089 27.0707
      vertex 48.977 -30.4874 25.8707
    endloop
  endfacet
  facet normal 2.54583e-05 -0.499971 0.866042
    outer loop
      vertex 46.3247 -28.7602 26.8679
      vertex 48.977 -30.4874 25.8707
      vertex 46.577 -28.4089 27.0707
    endloop
  endfacet
  facet normal 2.54583e-05 -0.499971 0.866042
    outer loop
      vertex 48.977 -30.4874 25.8707
      vertex 46.3247 -28.7602 26.8679
      vertex 48.7247 -30.8387 25.6679
    endloop
  endfacet
  facet normal -5.29469e-05 -0.500039 0.866003
    outer loop
      vertex 46.0465 -29.0965 26.6737
      vertex 48.7247 -30.8387 25.6679
      vertex 46.3247 -28.7602 26.8679
    endloop
  endfacet
  facet normal -5.29469e-05 -0.500039 0.866003
    outer loop
      vertex 48.7247 -30.8387 25.6679
      vertex 46.0465 -29.0965 26.6737
      vertex 48.4465 -31.175 25.4737
    endloop
  endfacet
  facet normal -3.16712e-05 -0.50002 0.866014
    outer loop
      vertex 48.4465 -31.175 25.4737
      vertex 46.0465 -29.0965 26.6737
      vertex 48.1434 -31.4947 25.2891
    endloop
  endfacet
  facet normal 5.41386e-05 -0.499964 0.866046
    outer loop
      vertex 45.7434 -29.4163 26.4891
      vertex 48.1434 -31.4947 25.2891
      vertex 46.0465 -29.0965 26.6737
    endloop
  endfacet
  facet normal 8.32368e-05 -0.499939 0.866061
    outer loop
      vertex 48.1434 -31.4947 25.2891
      vertex 45.7434 -29.4163 26.4891
      vertex 47.8169 -31.7967 25.1148
    endloop
  endfacet
  facet normal -4.11354e-05 -0.50002 0.866014
    outer loop
      vertex 47.8169 -31.7967 25.1148
      vertex 45.7434 -29.4163 26.4891
      vertex 47.4682 -32.0795 24.9515
    endloop
  endfacet
  facet normal 3.53823e-06 -0.499998 0.866026
    outer loop
      vertex 45.4169 -29.7182 26.3148
      vertex 47.4682 -32.0795 24.9515
      vertex 45.7434 -29.4163 26.4891
    endloop
  endfacet
  facet normal -4.31695e-06 -0.500004 0.866023
    outer loop
      vertex 47.4682 -32.0795 24.9515
      vertex 45.4169 -29.7182 26.3148
      vertex 47.0989 -32.3419 24.8
    endloop
  endfacet
  facet normal -4.03377e-05 -0.500021 0.866013
    outer loop
      vertex 45.0682 -30.001 26.1515
      vertex 47.0989 -32.3419 24.8
      vertex 45.4169 -29.7182 26.3148
    endloop
  endfacet
  facet normal -8.78028e-05 -0.500052 0.865996
    outer loop
      vertex 47.0989 -32.3419 24.8
      vertex 45.0682 -30.001 26.1515
      vertex 46.7106 -32.5829 24.6608
    endloop
  endfacet
  facet normal 8.64514e-05 -0.499969 0.866043
    outer loop
      vertex 46.7106 -32.5829 24.6608
      vertex 45.0682 -30.001 26.1515
      vertex 46.305 -32.8014 24.5347
    endloop
  endfacet
  facet normal 9.52183e-05 -0.499966 0.866045
    outer loop
      vertex 44.6989 -30.2635 26
      vertex 46.305 -32.8014 24.5347
      vertex 45.0682 -30.001 26.1515
    endloop
  endfacet
  facet normal -2.13245e-05 -0.500021 0.866013
    outer loop
      vertex 46.305 -32.8014 24.5347
      vertex 44.6989 -30.2635 26
      vertex 45.8837 -32.9964 24.4221
    endloop
  endfacet
  facet normal -9.37618e-05 -0.500045 0.866
    outer loop
      vertex 44.3107 -30.5045 25.8608
      vertex 45.8837 -32.9964 24.4221
      vertex 44.6989 -30.2635 26
    endloop
  endfacet
  facet normal -7.37816e-05 -0.500035 0.866005
    outer loop
      vertex 45.8837 -32.9964 24.4221
      vertex 44.3107 -30.5045 25.8608
      vertex 45.4486 -33.1671 24.3235
    endloop
  endfacet
  facet normal 0.000136437 -0.499968 0.866044
    outer loop
      vertex 45.4486 -33.1671 24.3235
      vertex 44.3107 -30.5045 25.8608
      vertex 45.0015 -33.3129 24.2394
    endloop
  endfacet
  facet normal -1.71026e-05 -0.499996 0.866028
    outer loop
      vertex 43.905 -30.7229 25.7347
      vertex 45.0015 -33.3129 24.2394
      vertex 44.3107 -30.5045 25.8608
    endloop
  endfacet
  facet normal -3.35753e-05 -0.500001 0.866025
    outer loop
      vertex 45.0015 -33.3129 24.2394
      vertex 43.905 -30.7229 25.7347
      vertex 44.5444 -33.4329 24.1701
    endloop
  endfacet
  facet normal -3.35084e-05 -0.500001 0.866025
    outer loop
      vertex 43.4837 -30.9179 25.6221
      vertex 44.5444 -33.4329 24.1701
      vertex 43.905 -30.7229 25.7347
    endloop
  endfacet
  facet normal -5.21685e-05 -0.500007 0.866021
    outer loop
      vertex 44.5444 -33.4329 24.1701
      vertex 43.4837 -30.9179 25.6221
      vertex 44.0791 -33.5269 24.1158
    endloop
  endfacet
  facet normal 2.00531e-05 -0.499995 0.866028
    outer loop
      vertex 43.0486 -31.0887 25.5235
      vertex 44.0791 -33.5269 24.1158
      vertex 43.4837 -30.9179 25.6221
    endloop
  endfacet
  facet normal 2.34527e-05 -0.499994 0.866029
    outer loop
      vertex 44.0791 -33.5269 24.1158
      vertex 43.0486 -31.0887 25.5235
      vertex 43.6078 -33.5943 24.0769
    endloop
  endfacet
  facet normal -3.12074e-05 -0.500003 0.866024
    outer loop
      vertex 43.6078 -33.5943 24.0769
      vertex 43.0486 -31.0887 25.5235
      vertex 43.1324 -33.6348 24.0535
    endloop
  endfacet
  facet normal 3.91324e-05 -0.500001 0.866025
    outer loop
      vertex 42.6015 -31.2344 25.4394
      vertex 43.1324 -33.6348 24.0535
      vertex 43.0486 -31.0887 25.5235
    endloop
  endfacet
  facet normal 9.39649e-05 -0.499992 0.86603
    outer loop
      vertex 43.1324 -33.6348 24.0535
      vertex 42.6015 -31.2344 25.4394
      vertex 42.655 -33.6484 24.0457
    endloop
  endfacet
  facet normal 7.27007e-05 -0.499992 0.86603
    outer loop
      vertex 42.1444 -31.3545 25.3701
      vertex 42.655 -33.6484 24.0457
      vertex 42.6015 -31.2344 25.4394
    endloop
  endfacet
  facet normal -0.000153472 -0.50003 0.866008
    outer loop
      vertex 41.6792 -31.4484 25.3158
      vertex 42.655 -33.6484 24.0457
      vertex 42.1444 -31.3545 25.3701
    endloop
  endfacet
  facet normal 1.94277e-05 -0.499973 0.866041
    outer loop
      vertex 41.2078 -31.5158 25.2769
      vertex 42.655 -33.6484 24.0457
      vertex 41.6792 -31.4484 25.3158
    endloop
  endfacet
  facet normal 6.7728e-05 -0.499948 0.866055
    outer loop
      vertex 40.7324 -31.5564 25.2535
      vertex 42.655 -33.6484 24.0457
      vertex 41.2078 -31.5158 25.2769
    endloop
  endfacet
  facet normal -1.03956e-05 -0.500002 0.866024
    outer loop
      vertex 40.255 -31.5699 25.2457
      vertex 42.655 -33.6484 24.0457
      vertex 40.7324 -31.5564 25.2535
    endloop
  endfacet
  facet normal 0 -0.499993 0.866029
    outer loop
      vertex -40.255 -31.5699 25.2457
      vertex 42.655 -33.6484 24.0457
      vertex 40.255 -31.5699 25.2457
    endloop
  endfacet
  facet normal 0 -0.499993 0.866029
    outer loop
      vertex -40.255 -31.5699 25.2457
      vertex -42.655 -33.6484 24.0457
      vertex 42.655 -33.6484 24.0457
    endloop
  endfacet
  facet normal 1.03956e-05 -0.500002 0.866024
    outer loop
      vertex -40.7324 -31.5564 25.2535
      vertex -42.655 -33.6484 24.0457
      vertex -40.255 -31.5699 25.2457
    endloop
  endfacet
  facet normal -6.7728e-05 -0.499948 0.866055
    outer loop
      vertex -41.2078 -31.5158 25.2769
      vertex -42.655 -33.6484 24.0457
      vertex -40.7324 -31.5564 25.2535
    endloop
  endfacet
  facet normal -1.94277e-05 -0.499973 0.866041
    outer loop
      vertex -41.6792 -31.4484 25.3158
      vertex -42.655 -33.6484 24.0457
      vertex -41.2078 -31.5158 25.2769
    endloop
  endfacet
  facet normal 0.000153472 -0.50003 0.866008
    outer loop
      vertex -42.1444 -31.3545 25.3701
      vertex -42.655 -33.6484 24.0457
      vertex -41.6792 -31.4484 25.3158
    endloop
  endfacet
  facet normal -7.27007e-05 -0.499992 0.86603
    outer loop
      vertex -42.6015 -31.2344 25.4394
      vertex -42.655 -33.6484 24.0457
      vertex -42.1444 -31.3545 25.3701
    endloop
  endfacet
  facet normal -3.91324e-05 -0.500001 0.866025
    outer loop
      vertex -43.1324 -33.6348 24.0535
      vertex -42.6015 -31.2344 25.4394
      vertex -43.0486 -31.0887 25.5235
    endloop
  endfacet
  facet normal -9.39649e-05 -0.499992 0.86603
    outer loop
      vertex -42.6015 -31.2344 25.4394
      vertex -43.1324 -33.6348 24.0535
      vertex -42.655 -33.6484 24.0457
    endloop
  endfacet
  facet normal -2.00531e-05 -0.499995 0.866028
    outer loop
      vertex -44.0791 -33.5269 24.1158
      vertex -43.0486 -31.0887 25.5235
      vertex -43.4837 -30.9179 25.6221
    endloop
  endfacet
  facet normal 3.12074e-05 -0.500003 0.866024
    outer loop
      vertex -43.0486 -31.0887 25.5235
      vertex -43.6078 -33.5943 24.0769
      vertex -43.1324 -33.6348 24.0535
    endloop
  endfacet
  facet normal 3.35084e-05 -0.500001 0.866025
    outer loop
      vertex -44.5444 -33.4329 24.1701
      vertex -43.4837 -30.9179 25.6221
      vertex -43.905 -30.7229 25.7347
    endloop
  endfacet
  facet normal -2.34527e-05 -0.499994 0.866029
    outer loop
      vertex -43.0486 -31.0887 25.5235
      vertex -44.0791 -33.5269 24.1158
      vertex -43.6078 -33.5943 24.0769
    endloop
  endfacet
  facet normal 1.71026e-05 -0.499996 0.866028
    outer loop
      vertex -45.0015 -33.3129 24.2394
      vertex -43.905 -30.7229 25.7347
      vertex -44.3107 -30.5045 25.8608
    endloop
  endfacet
  facet normal 5.21685e-05 -0.500007 0.866021
    outer loop
      vertex -43.4837 -30.9179 25.6221
      vertex -44.5444 -33.4329 24.1701
      vertex -44.0791 -33.5269 24.1158
    endloop
  endfacet
  facet normal 9.37618e-05 -0.500045 0.866
    outer loop
      vertex -45.8837 -32.9964 24.4221
      vertex -44.3107 -30.5045 25.8608
      vertex -44.6989 -30.2635 26
    endloop
  endfacet
  facet normal 3.35753e-05 -0.500001 0.866025
    outer loop
      vertex -43.905 -30.7229 25.7347
      vertex -45.0015 -33.3129 24.2394
      vertex -44.5444 -33.4329 24.1701
    endloop
  endfacet
  facet normal -9.52183e-05 -0.499966 0.866045
    outer loop
      vertex -46.305 -32.8014 24.5347
      vertex -44.6989 -30.2635 26
      vertex -45.0682 -30.001 26.1515
    endloop
  endfacet
  facet normal 4.03377e-05 -0.500021 0.866013
    outer loop
      vertex -47.0989 -32.3419 24.8
      vertex -45.0682 -30.001 26.1515
      vertex -45.4169 -29.7182 26.3148
    endloop
  endfacet
  facet normal -0.000136437 -0.499968 0.866044
    outer loop
      vertex -44.3107 -30.5045 25.8608
      vertex -45.4486 -33.1671 24.3235
      vertex -45.0015 -33.3129 24.2394
    endloop
  endfacet
  facet normal -3.53823e-06 -0.499998 0.866026
    outer loop
      vertex -47.4682 -32.0795 24.9515
      vertex -45.4169 -29.7182 26.3148
      vertex -45.7434 -29.4163 26.4891
    endloop
  endfacet
  facet normal 7.37816e-05 -0.500035 0.866005
    outer loop
      vertex -44.3107 -30.5045 25.8608
      vertex -45.8837 -32.9964 24.4221
      vertex -45.4486 -33.1671 24.3235
    endloop
  endfacet
  facet normal -5.41386e-05 -0.499964 0.866046
    outer loop
      vertex -48.1434 -31.4947 25.2891
      vertex -45.7434 -29.4163 26.4891
      vertex -46.0465 -29.0965 26.6737
    endloop
  endfacet
  facet normal 2.13245e-05 -0.500021 0.866013
    outer loop
      vertex -44.6989 -30.2635 26
      vertex -46.305 -32.8014 24.5347
      vertex -45.8837 -32.9964 24.4221
    endloop
  endfacet
  facet normal 5.29469e-05 -0.500039 0.866003
    outer loop
      vertex -48.7247 -30.8387 25.6679
      vertex -46.0465 -29.0965 26.6737
      vertex -46.3247 -28.7602 26.8679
    endloop
  endfacet
  facet normal -2.54583e-05 -0.499971 0.866042
    outer loop
      vertex -48.977 -30.4874 25.8707
      vertex -46.3247 -28.7602 26.8679
      vertex -46.577 -28.4089 27.0707
    endloop
  endfacet
  facet normal -8.64514e-05 -0.499969 0.866043
    outer loop
      vertex -45.0682 -30.001 26.1515
      vertex -46.7106 -32.5829 24.6608
      vertex -46.305 -32.8014 24.5347
    endloop
  endfacet
  facet normal 7.23161e-05 -0.500114 0.86596
    outer loop
      vertex -49.3993 -29.7457 26.2989
      vertex -46.577 -28.4089 27.0707
      vertex -46.8022 -28.0441 27.2814
    endloop
  endfacet
  facet normal -9.09935e-05 -0.499858 0.866108
    outer loop
      vertex -49.7062 -28.9626 26.751
      vertex -46.8022 -28.0441 27.2814
      vertex -46.9993 -27.6672 27.4989
    endloop
  endfacet
  facet normal 8.78028e-05 -0.500052 0.865996
    outer loop
      vertex -45.0682 -30.001 26.1515
      vertex -47.0989 -32.3419 24.8
      vertex -46.7106 -32.5829 24.6608
    endloop
  endfacet
  facet normal 5.67062e-05 -0.500162 0.865932
    outer loop
      vertex -49.8925 -28.1516 27.2193
      vertex -46.9993 -27.6672 27.4989
      vertex -47.1676 -27.2801 27.7225
    endloop
  endfacet
  facet normal -3.51719e-05 -0.49989 0.866089
    outer loop
      vertex -49.9393 -27.7399 27.457
      vertex -47.1676 -27.2801 27.7225
      vertex -47.3062 -26.8842 27.951
    endloop
  endfacet
  facet normal -3.61115e-06 -0.499977 0.866038
    outer loop
      vertex -49.955 -27.3264 27.6957
      vertex -47.3062 -26.8842 27.951
      vertex -47.4147 -26.4813 28.1836
    endloop
  endfacet
  facet normal 4.31695e-06 -0.500004 0.866023
    outer loop
      vertex -45.4169 -29.7182 26.3148
      vertex -47.4682 -32.0795 24.9515
      vertex -47.0989 -32.3419 24.8
    endloop
  endfacet
  facet normal 2.30029e-05 -0.500037 0.866004
    outer loop
      vertex -49.955 -27.3264 27.6957
      vertex -47.4147 -26.4813 28.1836
      vertex -47.4925 -26.0731 28.4193
    endloop
  endfacet
  facet normal 2.65638e-06 -0.500007 0.866021
    outer loop
      vertex -49.955 -27.3264 27.6957
      vertex -47.4925 -26.0731 28.4193
      vertex -47.5394 -25.6614 28.657
    endloop
  endfacet
  facet normal -5.2437e-05 -0.499948 0.866056
    outer loop
      vertex -49.955 -27.3264 27.6957
      vertex -47.5394 -25.6614 28.657
      vertex -47.555 -25.2479 28.8957
    endloop
  endfacet
  facet normal 4.11354e-05 -0.50002 0.866014
    outer loop
      vertex -45.7434 -29.4163 26.4891
      vertex -47.8169 -31.7967 25.1148
      vertex -47.4682 -32.0795 24.9515
    endloop
  endfacet
  facet normal -8.8097e-06 -0.500001 0.866025
    outer loop
      vertex -47.555 17.2479 53.4307
      vertex -49.955 19.3264 54.6307
      vertex -47.555 -25.2479 28.8957
    endloop
  endfacet
  facet normal 3.03487e-06 -0.499995 0.866028
    outer loop
      vertex -46.8022 20.0441 55.0451
      vertex -49.7062 20.9626 55.5754
      vertex -46.9993 19.6672 54.8275
    endloop
  endfacet
  facet normal 8.02472e-06 -0.5 0.866025
    outer loop
      vertex -49.955 -27.3264 27.6957
      vertex -47.555 -25.2479 28.8957
      vertex -49.955 19.3264 54.6307
    endloop
  endfacet
  facet normal 1.32738e-05 -0.499979 0.866037
    outer loop
      vertex -49.8147 20.5597 55.3428
      vertex -46.9993 19.6672 54.8275
      vertex -49.7062 20.9626 55.5754
    endloop
  endfacet
  facet normal -1.05367e-05 -0.499946 0.866056
    outer loop
      vertex -47.3062 -26.8842 27.951
      vertex -49.955 -27.3264 27.6957
      vertex -49.9393 -27.7399 27.457
    endloop
  endfacet
  facet normal -4.8557e-05 -0.500126 0.865953
    outer loop
      vertex -49.8925 20.1516 55.1071
      vertex -46.9993 19.6672 54.8275
      vertex -49.8147 20.5597 55.3428
    endloop
  endfacet
  facet normal -8.32368e-05 -0.499939 0.866061
    outer loop
      vertex -45.7434 -29.4163 26.4891
      vertex -48.1434 -31.4947 25.2891
      vertex -47.8169 -31.7967 25.1148
    endloop
  endfacet
  facet normal -2.17968e-05 -0.500006 0.866022
    outer loop
      vertex -46.9993 19.6672 54.8275
      vertex -49.8925 20.1516 55.1071
      vertex -47.1676 19.2801 54.604
    endloop
  endfacet
  facet normal 3.16712e-05 -0.50002 0.866014
    outer loop
      vertex -46.0465 -29.0965 26.6737
      vertex -48.4465 -31.175 25.4737
      vertex -48.1434 -31.4947 25.2891
    endloop
  endfacet
  facet normal -2.18102e-05 -0.500006 0.866022
    outer loop
      vertex -49.9393 19.7399 54.8694
      vertex -47.1676 19.2801 54.604
      vertex -49.8925 20.1516 55.1071
    endloop
  endfacet
  facet normal 5.29469e-05 -0.500039 0.866003
    outer loop
      vertex -46.0465 -29.0965 26.6737
      vertex -48.7247 -30.8387 25.6679
      vertex -48.4465 -31.175 25.4737
    endloop
  endfacet
  facet normal -2.86569e-05 -0.500037 0.866004
    outer loop
      vertex -47.1676 19.2801 54.604
      vertex -49.9393 19.7399 54.8694
      vertex -47.3062 18.8842 54.3754
    endloop
  endfacet
  facet normal -2.54583e-05 -0.499971 0.866042
    outer loop
      vertex -46.3247 -28.7602 26.8679
      vertex -48.977 -30.4874 25.8707
      vertex -48.7247 -30.8387 25.6679
    endloop
  endfacet
  facet normal 1.05367e-05 -0.499946 0.866056
    outer loop
      vertex -49.955 19.3264 54.6307
      vertex -47.3062 18.8842 54.3754
      vertex -49.9393 19.7399 54.8694
    endloop
  endfacet
  facet normal 3.86396e-05 -0.500026 0.86601
    outer loop
      vertex -46.577 -28.4089 27.0707
      vertex -49.2021 -30.1225 26.0814
      vertex -48.977 -30.4874 25.8707
    endloop
  endfacet
  facet normal 3.61115e-06 -0.499977 0.866038
    outer loop
      vertex -47.3062 18.8842 54.3754
      vertex -49.955 19.3264 54.6307
      vertex -47.4147 18.4813 54.1428
    endloop
  endfacet
  facet normal -3.93137e-05 -0.499937 0.866062
    outer loop
      vertex -46.577 -28.4089 27.0707
      vertex -49.3993 -29.7457 26.2989
      vertex -49.2021 -30.1225 26.0814
    endloop
  endfacet
  facet normal -2.30029e-05 -0.500037 0.866004
    outer loop
      vertex -47.4147 18.4813 54.1428
      vertex -49.955 19.3264 54.6307
      vertex -47.4925 18.0731 53.9071
    endloop
  endfacet
  facet normal 3.60342e-05 -0.500072 0.865984
    outer loop
      vertex -46.8022 -28.0441 27.2814
      vertex -49.5676 -29.3585 26.5225
      vertex -49.3993 -29.7457 26.2989
    endloop
  endfacet
  facet normal -2.65638e-06 -0.500007 0.866021
    outer loop
      vertex -47.4925 18.0731 53.9071
      vertex -49.955 19.3264 54.6307
      vertex -47.5394 17.6614 53.6694
    endloop
  endfacet
  facet normal -7.33222e-05 -0.4999 0.866083
    outer loop
      vertex -46.8022 -28.0441 27.2814
      vertex -49.7062 -28.9626 26.751
      vertex -49.5676 -29.3585 26.5225
    endloop
  endfacet
  facet normal 5.2437e-05 -0.499948 0.866056
    outer loop
      vertex -47.5394 17.6614 53.6694
      vertex -49.955 19.3264 54.6307
      vertex -47.555 17.2479 53.4307
    endloop
  endfacet
  facet normal -1.32738e-05 -0.499979 0.866037
    outer loop
      vertex -46.9993 -27.6672 27.4989
      vertex -49.8147 -28.5597 26.9836
      vertex -49.7062 -28.9626 26.751
    endloop
  endfacet
  facet normal 4.8557e-05 -0.500126 0.865953
    outer loop
      vertex -46.9993 -27.6672 27.4989
      vertex -49.8925 -28.1516 27.2193
      vertex -49.8147 -28.5597 26.9836
    endloop
  endfacet
  facet normal -8.85665e-06 -0.500008 0.866021
    outer loop
      vertex -47.1676 -27.2801 27.7225
      vertex -49.9393 -27.7399 27.457
      vertex -49.8925 -28.1516 27.2193
    endloop
  endfacet
  facet normal -1 0 0
    outer loop
      vertex -49.955 -23.3764 20.8541
      vertex -49.955 19.3264 54.6307
      vertex -49.955 23.2764 47.7891
    endloop
  endfacet
  facet normal -1 0 0
    outer loop
      vertex -49.955 19.3264 54.6307
      vertex -49.955 -23.3764 20.8541
      vertex -49.955 -27.3264 27.6957
    endloop
  endfacet
  facet normal -2.52916e-05 0.499983 -0.866035
    outer loop
      vertex 20 -15.5885 25.235
      vertex 6.98501 -0.396485 34.0061
      vertex 7 0 34.235
    endloop
  endfacet
  facet normal -6.91629e-05 0.499955 -0.866051
    outer loop
      vertex 20 -15.5885 25.235
      vertex 6.94011 -0.791273 33.7782
      vertex 6.98501 -0.396485 34.0061
    endloop
  endfacet
  facet normal 5.44005e-05 0.500037 -0.866004
    outer loop
      vertex 20 -15.5885 25.235
      vertex 6.8655 -1.18267 33.5522
      vertex 6.94011 -0.791273 33.7782
    endloop
  endfacet
  facet normal 8.87515e-05 0.50006 -0.865991
    outer loop
      vertex 20 -15.5885 25.235
      vertex 6.76148 -1.56901 33.3291
      vertex 6.8655 -1.18267 33.5522
    endloop
  endfacet
  facet normal -0.000117038 0.499914 -0.866075
    outer loop
      vertex 20 -15.5885 25.235
      vertex 6.62851 -1.94862 33.11
      vertex 6.76148 -1.56901 33.3291
    endloop
  endfacet
  facet normal 7.72325e-05 0.500057 -0.865992
    outer loop
      vertex 20 -15.5885 25.235
      vertex 6.46716 -2.31989 32.8956
      vertex 6.62851 -1.94862 33.11
    endloop
  endfacet
  facet normal -2.91659e-05 0.499976 -0.866039
    outer loop
      vertex 20 -15.5885 25.235
      vertex 6.27811 -2.68123 32.687
      vertex 6.46716 -2.31989 32.8956
    endloop
  endfacet
  facet normal 1.27624e-05 0.500009 -0.86602
    outer loop
      vertex 20 -15.5885 25.235
      vertex 6.06218 -3.03109 32.485
      vertex 6.27811 -2.68123 32.687
    endloop
  endfacet
  facet normal 4.05916e-06 0.500002 -0.866024
    outer loop
      vertex 20 -15.5885 25.235
      vertex 5.82029 -3.36797 32.2905
      vertex 6.06218 -3.03109 32.485
    endloop
  endfacet
  facet normal 4.60713e-05 0.500039 -0.866003
    outer loop
      vertex 20 -15.5885 25.235
      vertex 5.55347 -3.69042 32.1043
      vertex 5.82029 -3.36797 32.2905
    endloop
  endfacet
  facet normal -5.60739e-05 0.499946 -0.866057
    outer loop
      vertex 20 -15.5885 25.235
      vertex 5.26288 -3.99707 31.9273
      vertex 5.55347 -3.69042 32.1043
    endloop
  endfacet
  facet normal 4.37084e-05 0.500041 -0.866002
    outer loop
      vertex 20 -15.5885 25.235
      vertex 4.94975 -4.28661 31.7601
      vertex 5.26288 -3.99707 31.9273
    endloop
  endfacet
  facet normal -8.05298e-05 0.499917 -0.866073
    outer loop
      vertex 20 -15.5885 25.235
      vertex 4.61542 -4.55779 31.6036
      vertex 4.94975 -4.28661 31.7601
    endloop
  endfacet
  facet normal 4.48592e-06 0.500006 -0.866022
    outer loop
      vertex 20 -15.5885 25.235
      vertex 4.26133 -4.80945 31.4583
      vertex 4.61542 -4.55779 31.6036
    endloop
  endfacet
  facet normal -1.04896e-05 0.499989 -0.866032
    outer loop
      vertex 20 -15.5885 25.235
      vertex 3.88899 -5.04052 31.3249
      vertex 4.26133 -4.80945 31.4583
    endloop
  endfacet
  facet normal 6.87096e-05 0.50008 -0.865979
    outer loop
      vertex 20 -15.5885 25.235
      vertex 3.5 -5.25 31.2039
      vertex 3.88899 -5.04052 31.3249
    endloop
  endfacet
  facet normal 4.45636e-05 0.500051 -0.865996
    outer loop
      vertex 20 -15.5885 25.235
      vertex 3.09602 -5.437 31.0959
      vertex 3.5 -5.25 31.2039
    endloop
  endfacet
  facet normal -2.84182e-05 0.49996 -0.866049
    outer loop
      vertex 20 -15.5885 25.235
      vertex 2.67878 -5.60072 31.0014
      vertex 3.09602 -5.437 31.0959
    endloop
  endfacet
  facet normal 2.80531e-05 0.500033 -0.866006
    outer loop
      vertex 20 -15.5885 25.235
      vertex 2.25008 -5.74046 30.9207
      vertex 2.67878 -5.60072 31.0014
    endloop
  endfacet
  facet normal -0.000108727 0.499848 -0.866113
    outer loop
      vertex 20 -15.5885 25.235
      vertex 1.81173 -5.85561 30.8543
      vertex 2.25008 -5.74046 30.9207
    endloop
  endfacet
  facet normal -1.10442e-05 0.499985 -0.866034
    outer loop
      vertex 20 -15.5885 25.235
      vertex 1.36563 -5.94569 30.8023
      vertex 1.81173 -5.85561 30.8543
    endloop
  endfacet
  facet normal 0.000137334 0.5002 -0.86591
    outer loop
      vertex 20 -15.5885 25.235
      vertex 0.913683 -6.01031 30.7649
      vertex 1.36563 -5.94569 30.8023
    endloop
  endfacet
  facet normal -8.58466e-05 0.499867 -0.866102
    outer loop
      vertex 20 -15.5885 25.235
      vertex 0.457822 -6.0492 30.7425
      vertex 0.913683 -6.01031 30.7649
    endloop
  endfacet
  facet normal 1.07574e-05 0.500015 -0.866017
    outer loop
      vertex 20 -15.5885 25.235
      vertex 0 -6.06218 30.735
      vertex 0.457822 -6.0492 30.7425
    endloop
  endfacet
  facet normal 0 0.499998 -0.866026
    outer loop
      vertex -20 -15.5885 25.235
      vertex 0 -6.06218 30.735
      vertex 20 -15.5885 25.235
    endloop
  endfacet
  facet normal -1.07574e-05 0.500015 -0.866017
    outer loop
      vertex 0 -6.06218 30.735
      vertex -20 -15.5885 25.235
      vertex -0.457822 -6.0492 30.7425
    endloop
  endfacet
  facet normal 8.58466e-05 0.499867 -0.866102
    outer loop
      vertex -0.457822 -6.0492 30.7425
      vertex -20 -15.5885 25.235
      vertex -0.913683 -6.01031 30.7649
    endloop
  endfacet
  facet normal -0.000137334 0.5002 -0.86591
    outer loop
      vertex -0.913683 -6.01031 30.7649
      vertex -20 -15.5885 25.235
      vertex -1.36563 -5.94569 30.8023
    endloop
  endfacet
  facet normal 1.10442e-05 0.499985 -0.866034
    outer loop
      vertex -1.36563 -5.94569 30.8023
      vertex -20 -15.5885 25.235
      vertex -1.81173 -5.85561 30.8543
    endloop
  endfacet
  facet normal 0.000108727 0.499848 -0.866113
    outer loop
      vertex -1.81173 -5.85561 30.8543
      vertex -20 -15.5885 25.235
      vertex -2.25008 -5.74046 30.9207
    endloop
  endfacet
  facet normal -2.80531e-05 0.500033 -0.866006
    outer loop
      vertex -2.25008 -5.74046 30.9207
      vertex -20 -15.5885 25.235
      vertex -2.67878 -5.60072 31.0014
    endloop
  endfacet
  facet normal 2.52916e-05 0.499983 -0.866035
    outer loop
      vertex -6.98501 -0.396485 34.0061
      vertex -20 -15.5885 25.235
      vertex -7 0 34.235
    endloop
  endfacet
  facet normal 6.91629e-05 0.499955 -0.866051
    outer loop
      vertex -6.94011 -0.791273 33.7782
      vertex -20 -15.5885 25.235
      vertex -6.98501 -0.396485 34.0061
    endloop
  endfacet
  facet normal -5.44005e-05 0.500037 -0.866004
    outer loop
      vertex -6.8655 -1.18267 33.5522
      vertex -20 -15.5885 25.235
      vertex -6.94011 -0.791273 33.7782
    endloop
  endfacet
  facet normal -8.87515e-05 0.50006 -0.865991
    outer loop
      vertex -6.76148 -1.56901 33.3291
      vertex -20 -15.5885 25.235
      vertex -6.8655 -1.18267 33.5522
    endloop
  endfacet
  facet normal 0.000117038 0.499914 -0.866075
    outer loop
      vertex -6.62851 -1.94862 33.11
      vertex -20 -15.5885 25.235
      vertex -6.76148 -1.56901 33.3291
    endloop
  endfacet
  facet normal -7.72325e-05 0.500057 -0.865992
    outer loop
      vertex -6.46716 -2.31989 32.8956
      vertex -20 -15.5885 25.235
      vertex -6.62851 -1.94862 33.11
    endloop
  endfacet
  facet normal 2.91659e-05 0.499976 -0.866039
    outer loop
      vertex -6.27811 -2.68123 32.687
      vertex -20 -15.5885 25.235
      vertex -6.46716 -2.31989 32.8956
    endloop
  endfacet
  facet normal -1.27624e-05 0.500009 -0.86602
    outer loop
      vertex -6.06218 -3.03109 32.485
      vertex -20 -15.5885 25.235
      vertex -6.27811 -2.68123 32.687
    endloop
  endfacet
  facet normal -4.05916e-06 0.500002 -0.866024
    outer loop
      vertex -5.82029 -3.36797 32.2905
      vertex -20 -15.5885 25.235
      vertex -6.06218 -3.03109 32.485
    endloop
  endfacet
  facet normal -4.60713e-05 0.500039 -0.866003
    outer loop
      vertex -5.55347 -3.69042 32.1043
      vertex -20 -15.5885 25.235
      vertex -5.82029 -3.36797 32.2905
    endloop
  endfacet
  facet normal 5.60739e-05 0.499946 -0.866057
    outer loop
      vertex -5.26288 -3.99707 31.9273
      vertex -20 -15.5885 25.235
      vertex -5.55347 -3.69042 32.1043
    endloop
  endfacet
  facet normal -4.37084e-05 0.500041 -0.866002
    outer loop
      vertex -4.94975 -4.28661 31.7601
      vertex -20 -15.5885 25.235
      vertex -5.26288 -3.99707 31.9273
    endloop
  endfacet
  facet normal 8.05298e-05 0.499917 -0.866073
    outer loop
      vertex -4.61542 -4.55779 31.6036
      vertex -20 -15.5885 25.235
      vertex -4.94975 -4.28661 31.7601
    endloop
  endfacet
  facet normal -4.48592e-06 0.500006 -0.866022
    outer loop
      vertex -4.26133 -4.80945 31.4583
      vertex -20 -15.5885 25.235
      vertex -4.61542 -4.55779 31.6036
    endloop
  endfacet
  facet normal 1.04896e-05 0.499989 -0.866032
    outer loop
      vertex -3.88899 -5.04052 31.3249
      vertex -20 -15.5885 25.235
      vertex -4.26133 -4.80945 31.4583
    endloop
  endfacet
  facet normal -6.87096e-05 0.50008 -0.865979
    outer loop
      vertex -3.5 -5.25 31.2039
      vertex -20 -15.5885 25.235
      vertex -3.88899 -5.04052 31.3249
    endloop
  endfacet
  facet normal -4.45636e-05 0.500051 -0.865996
    outer loop
      vertex -3.09602 -5.437 31.0959
      vertex -20 -15.5885 25.235
      vertex -3.5 -5.25 31.2039
    endloop
  endfacet
  facet normal 2.84182e-05 0.49996 -0.866049
    outer loop
      vertex -2.67878 -5.60072 31.0014
      vertex -20 -15.5885 25.235
      vertex -3.09602 -5.437 31.0959
    endloop
  endfacet
  facet normal 0.00327549 0.496544 -0.868005
    outer loop
      vertex 47.0989 -28.3419 17.8718
      vertex 47.555 -28.0091 18.0639
      vertex 47.4682 -28.0795 18.0233
    endloop
  endfacet
  facet normal -1.45014e-06 0.500001 -0.866025
    outer loop
      vertex 47.555 -28.0091 18.0639
      vertex 20 -15.5885 25.235
      vertex 47.555 28.0091 50.4061
    endloop
  endfacet
  facet normal 5.13854e-05 0.499865 -0.866103
    outer loop
      vertex 47.555 -28.0091 18.0639
      vertex 47.0989 -28.3419 17.8718
      vertex 42.655 -29.6484 17.1175
    endloop
  endfacet
  facet normal 7.41409e-06 0.499997 -0.866027
    outer loop
      vertex 42.655 29.6484 51.3525
      vertex 47.555 28.0091 50.4061
      vertex 20 -15.5885 25.235
    endloop
  endfacet
  facet normal -0.000120584 0.500304 -0.86585
    outer loop
      vertex 42.655 -29.6484 17.1175
      vertex 47.0989 -28.3419 17.8718
      vertex 46.7106 -28.5829 17.7326
    endloop
  endfacet
  facet normal -5.13854e-05 0.499865 -0.866103
    outer loop
      vertex 47.0989 28.3419 50.5982
      vertex 47.555 28.0091 50.4061
      vertex 42.655 29.6484 51.3525
    endloop
  endfacet
  facet normal 7.59364e-05 0.499743 -0.866174
    outer loop
      vertex 42.655 -29.6484 17.1175
      vertex 46.7106 -28.5829 17.7326
      vertex 46.305 -28.8014 17.6065
    endloop
  endfacet
  facet normal -0.00327549 0.496544 -0.868005
    outer loop
      vertex 47.555 28.0091 50.4061
      vertex 47.0989 28.3419 50.5982
      vertex 47.4682 28.0795 50.4467
    endloop
  endfacet
  facet normal -4.19669e-05 0.500124 -0.865954
    outer loop
      vertex 42.655 -29.6484 17.1175
      vertex 46.305 -28.8014 17.6065
      vertex 45.8837 -28.9964 17.4939
    endloop
  endfacet
  facet normal 0.000120584 0.500304 -0.86585
    outer loop
      vertex 47.0989 28.3419 50.5982
      vertex 42.655 29.6484 51.3525
      vertex 46.7106 28.5829 50.7374
    endloop
  endfacet
  facet normal -0.000115632 0.500397 -0.865796
    outer loop
      vertex 42.655 -29.6484 17.1175
      vertex 45.8837 -28.9964 17.4939
      vertex 45.4486 -29.1671 17.3953
    endloop
  endfacet
  facet normal -7.59364e-05 0.499743 -0.866174
    outer loop
      vertex 46.7106 28.5829 50.7374
      vertex 42.655 29.6484 51.3525
      vertex 46.305 28.8014 50.8635
    endloop
  endfacet
  facet normal 0.000116845 0.499385 -0.86638
    outer loop
      vertex 42.655 -29.6484 17.1175
      vertex 45.4486 -29.1671 17.3953
      vertex 45.0015 -29.3129 17.3112
    endloop
  endfacet
  facet normal 4.19669e-05 0.500124 -0.865954
    outer loop
      vertex 46.305 28.8014 50.8635
      vertex 42.655 29.6484 51.3525
      vertex 45.8837 28.9964 50.9761
    endloop
  endfacet
  facet normal -4.15315e-05 0.500216 -0.865901
    outer loop
      vertex 42.655 -29.6484 17.1175
      vertex 45.0015 -29.3129 17.3112
      vertex 44.5444 -29.4329 17.2419
    endloop
  endfacet
  facet normal 0.000115632 0.500397 -0.865796
    outer loop
      vertex 45.8837 28.9964 50.9761
      vertex 42.655 29.6484 51.3525
      vertex 45.4486 29.1671 51.0747
    endloop
  endfacet
  facet normal -9.01188e-05 0.500535 -0.865716
    outer loop
      vertex 42.655 -29.6484 17.1175
      vertex 44.5444 -29.4329 17.2419
      vertex 44.0791 -29.5269 17.1876
    endloop
  endfacet
  facet normal -0.000116845 0.499385 -0.86638
    outer loop
      vertex 45.4486 29.1671 51.0747
      vertex 42.655 29.6484 51.3525
      vertex 45.0015 29.3129 51.1588
    endloop
  endfacet
  facet normal -3.60071e-05 0.50006 -0.865991
    outer loop
      vertex 42.655 -29.6484 17.1175
      vertex 44.0791 -29.5269 17.1876
      vertex 43.6078 -29.5943 17.1487
    endloop
  endfacet
  facet normal 4.15315e-05 0.500216 -0.865901
    outer loop
      vertex 45.0015 29.3129 51.1588
      vertex 42.655 29.6484 51.3525
      vertex 44.5444 29.4329 51.2281
    endloop
  endfacet
  facet normal -0.000157293 0.501661 -0.865064
    outer loop
      vertex 42.655 -29.6484 17.1175
      vertex 43.6078 -29.5943 17.1487
      vertex 43.1324 -29.6348 17.1253
    endloop
  endfacet
  facet normal 9.01188e-05 0.500535 -0.865716
    outer loop
      vertex 44.5444 29.4329 51.2281
      vertex 42.655 29.6484 51.3525
      vertex 44.0791 29.5269 51.2824
    endloop
  endfacet
  facet normal -5.94922e-06 0.499993 -0.866029
    outer loop
      vertex 47.555 -28.0091 18.0639
      vertex 42.655 -29.6484 17.1175
      vertex 20 -15.5885 25.235
    endloop
  endfacet
  facet normal 3.60071e-05 0.50006 -0.865991
    outer loop
      vertex 44.0791 29.5269 51.2824
      vertex 42.655 29.6484 51.3525
      vertex 43.6078 29.5943 51.3213
    endloop
  endfacet
  facet normal -3.50364e-07 0.5 -0.866025
    outer loop
      vertex 20 -15.5885 25.235
      vertex 42.655 -29.6484 17.1175
      vertex 20 -22.5167 21.235
    endloop
  endfacet
  facet normal 0 0.500001 -0.866025
    outer loop
      vertex 42.655 -29.6484 17.1175
      vertex -20 -22.5167 21.235
      vertex 20 -22.5167 21.235
    endloop
  endfacet
  facet normal 3.50364e-07 0.5 -0.866025
    outer loop
      vertex -20 -22.5167 21.235
      vertex -42.655 -29.6484 17.1175
      vertex -20 -15.5885 25.235
    endloop
  endfacet
  facet normal 0 0.500001 -0.866025
    outer loop
      vertex -42.655 -29.6484 17.1175
      vertex -20 -22.5167 21.235
      vertex 42.655 -29.6484 17.1175
    endloop
  endfacet
  facet normal 0.000157293 0.501661 -0.865064
    outer loop
      vertex 43.6078 29.5943 51.3213
      vertex 42.655 29.6484 51.3525
      vertex 43.1324 29.6348 51.3447
    endloop
  endfacet
  facet normal -2.76937e-05 0.499982 -0.866036
    outer loop
      vertex 6.98501 0.396485 34.4639
      vertex 20 -15.5885 25.235
      vertex 7 0 34.235
    endloop
  endfacet
  facet normal -9.42171e-05 0.499941 -0.866059
    outer loop
      vertex 6.94011 0.791273 34.6918
      vertex 20 -15.5885 25.235
      vertex 6.98501 0.396485 34.4639
    endloop
  endfacet
  facet normal 0.000103653 0.500059 -0.865991
    outer loop
      vertex 6.8655 1.18267 34.9178
      vertex 20 -15.5885 25.235
      vertex 6.94011 0.791273 34.6918
    endloop
  endfacet
  facet normal 1.04654e-06 0.499999 -0.866026
    outer loop
      vertex 20 -15.5885 25.235
      vertex 6.8655 1.18267 34.9178
      vertex 42.655 29.6484 51.3525
    endloop
  endfacet
  facet normal -6.82129e-05 0.500064 -0.865988
    outer loop
      vertex 6.76148 1.56901 35.1409
      vertex 42.655 29.6484 51.3525
      vertex 6.8655 1.18267 34.9178
    endloop
  endfacet
  facet normal 9.4351e-05 0.499909 -0.866078
    outer loop
      vertex 6.62851 1.94862 35.36
      vertex 42.655 29.6484 51.3525
      vertex 6.76148 1.56901 35.1409
    endloop
  endfacet
  facet normal -6.2959e-05 0.500062 -0.86599
    outer loop
      vertex 6.46716 2.31989 35.5744
      vertex 42.655 29.6484 51.3525
      vertex 6.62851 1.94862 35.36
    endloop
  endfacet
  facet normal 2.52307e-05 0.499974 -0.86604
    outer loop
      vertex 6.27811 2.68123 35.783
      vertex 42.655 29.6484 51.3525
      vertex 6.46716 2.31989 35.5744
    endloop
  endfacet
  facet normal -1.04143e-05 0.50001 -0.866019
    outer loop
      vertex 6.06218 3.03109 35.985
      vertex 42.655 29.6484 51.3525
      vertex 6.27811 2.68123 35.783
    endloop
  endfacet
  facet normal -2.92561e-06 0.500003 -0.866024
    outer loop
      vertex 5.82029 3.36797 36.1795
      vertex 42.655 29.6484 51.3525
      vertex 6.06218 3.03109 35.985
    endloop
  endfacet
  facet normal -4.04458e-05 0.500042 -0.866001
    outer loop
      vertex 5.55347 3.69042 36.3657
      vertex 42.655 29.6484 51.3525
      vertex 5.82029 3.36797 36.1795
    endloop
  endfacet
  facet normal 5.21714e-05 0.499943 -0.866058
    outer loop
      vertex 5.26288 3.99707 36.5427
      vertex 42.655 29.6484 51.3525
      vertex 5.55347 3.69042 36.3657
    endloop
  endfacet
  facet normal -4.00832e-05 0.500044 -0.866
    outer loop
      vertex 4.94975 4.28661 36.7099
      vertex 42.655 29.6484 51.3525
      vertex 5.26288 3.99707 36.5427
    endloop
  endfacet
  facet normal 7.68708e-05 0.499913 -0.866075
    outer loop
      vertex 4.61542 4.55779 36.8664
      vertex 42.655 29.6484 51.3525
      vertex 4.94975 4.28661 36.7099
    endloop
  endfacet
  facet normal -4.39674e-06 0.500006 -0.866022
    outer loop
      vertex 4.26133 4.80945 37.0117
      vertex 42.655 29.6484 51.3525
      vertex 4.61542 4.55779 36.8664
    endloop
  endfacet
  facet normal 1.0167e-05 0.499989 -0.866032
    outer loop
      vertex 3.88899 5.04052 37.1451
      vertex 42.655 29.6484 51.3525
      vertex 4.26133 4.80945 37.0117
    endloop
  endfacet
  facet normal -6.79026e-05 0.500081 -0.865979
    outer loop
      vertex 3.5 5.25 37.2661
      vertex 42.655 29.6484 51.3525
      vertex 3.88899 5.04052 37.1451
    endloop
  endfacet
  facet normal -4.38784e-05 0.500052 -0.865995
    outer loop
      vertex 3.09602 5.437 37.3741
      vertex 42.655 29.6484 51.3525
      vertex 3.5 5.25 37.2661
    endloop
  endfacet
  facet normal 2.95854e-05 0.499962 -0.866047
    outer loop
      vertex 2.67878 5.60072 37.4686
      vertex 42.655 29.6484 51.3525
      vertex 3.09602 5.437 37.3741
    endloop
  endfacet
  facet normal -2.7872e-05 0.500034 -0.866006
    outer loop
      vertex 2.25008 5.74046 37.5493
      vertex 42.655 29.6484 51.3525
      vertex 2.67878 5.60072 37.4686
    endloop
  endfacet
  facet normal 0.000111679 0.499857 -0.866108
    outer loop
      vertex 1.81173 5.85561 37.6157
      vertex 42.655 29.6484 51.3525
      vertex 2.25008 5.74046 37.5493
    endloop
  endfacet
  facet normal 1.12617e-05 0.499986 -0.866033
    outer loop
      vertex 1.36563 5.94569 37.6677
      vertex 42.655 29.6484 51.3525
      vertex 1.81173 5.85561 37.6157
    endloop
  endfacet
  facet normal -0.000140404 0.500184 -0.865919
    outer loop
      vertex 0.913683 6.01031 37.7051
      vertex 42.655 29.6484 51.3525
      vertex 1.36563 5.94569 37.6677
    endloop
  endfacet
  facet normal 8.76061e-05 0.499882 -0.866093
    outer loop
      vertex 0.457822 6.0492 37.7275
      vertex 42.655 29.6484 51.3525
      vertex 0.913683 6.01031 37.7051
    endloop
  endfacet
  facet normal -1.07947e-05 0.500014 -0.866017
    outer loop
      vertex 0 6.06218 37.735
      vertex 42.655 29.6484 51.3525
      vertex 0.457822 6.0492 37.7275
    endloop
  endfacet
  facet normal 1.07947e-05 0.500014 -0.866017
    outer loop
      vertex -42.655 29.6484 51.3525
      vertex 0 6.06218 37.735
      vertex -0.457822 6.0492 37.7275
    endloop
  endfacet
  facet normal -8.76061e-05 0.499882 -0.866093
    outer loop
      vertex -42.655 29.6484 51.3525
      vertex -0.457822 6.0492 37.7275
      vertex -0.913683 6.01031 37.7051
    endloop
  endfacet
  facet normal 0.000140404 0.500184 -0.865919
    outer loop
      vertex -42.655 29.6484 51.3525
      vertex -0.913683 6.01031 37.7051
      vertex -1.36563 5.94569 37.6677
    endloop
  endfacet
  facet normal -1.12617e-05 0.499986 -0.866033
    outer loop
      vertex -42.655 29.6484 51.3525
      vertex -1.36563 5.94569 37.6677
      vertex -1.81173 5.85561 37.6157
    endloop
  endfacet
  facet normal -0.000111679 0.499857 -0.866108
    outer loop
      vertex -42.655 29.6484 51.3525
      vertex -1.81173 5.85561 37.6157
      vertex -2.25008 5.74046 37.5493
    endloop
  endfacet
  facet normal 2.7872e-05 0.500034 -0.866006
    outer loop
      vertex -42.655 29.6484 51.3525
      vertex -2.25008 5.74046 37.5493
      vertex -2.67878 5.60072 37.4686
    endloop
  endfacet
  facet normal -2.95854e-05 0.499962 -0.866047
    outer loop
      vertex -42.655 29.6484 51.3525
      vertex -2.67878 5.60072 37.4686
      vertex -3.09602 5.437 37.3741
    endloop
  endfacet
  facet normal 4.38784e-05 0.500052 -0.865995
    outer loop
      vertex -42.655 29.6484 51.3525
      vertex -3.09602 5.437 37.3741
      vertex -3.5 5.25 37.2661
    endloop
  endfacet
  facet normal 2.76937e-05 0.499982 -0.866036
    outer loop
      vertex -20 -15.5885 25.235
      vertex -6.98501 0.396485 34.4639
      vertex -7 0 34.235
    endloop
  endfacet
  facet normal 9.42171e-05 0.499941 -0.866059
    outer loop
      vertex -20 -15.5885 25.235
      vertex -6.94011 0.791273 34.6918
      vertex -6.98501 0.396485 34.4639
    endloop
  endfacet
  facet normal -0.000103653 0.500059 -0.865991
    outer loop
      vertex -20 -15.5885 25.235
      vertex -6.8655 1.18267 34.9178
      vertex -6.94011 0.791273 34.6918
    endloop
  endfacet
  facet normal -1.04654e-06 0.499999 -0.866026
    outer loop
      vertex -42.655 29.6484 51.3525
      vertex -6.8655 1.18267 34.9178
      vertex -20 -15.5885 25.235
    endloop
  endfacet
  facet normal 6.82129e-05 0.500064 -0.865988
    outer loop
      vertex -6.8655 1.18267 34.9178
      vertex -42.655 29.6484 51.3525
      vertex -6.76148 1.56901 35.1409
    endloop
  endfacet
  facet normal -9.4351e-05 0.499909 -0.866078
    outer loop
      vertex -6.76148 1.56901 35.1409
      vertex -42.655 29.6484 51.3525
      vertex -6.62851 1.94862 35.36
    endloop
  endfacet
  facet normal 6.2959e-05 0.500062 -0.86599
    outer loop
      vertex -6.62851 1.94862 35.36
      vertex -42.655 29.6484 51.3525
      vertex -6.46716 2.31989 35.5744
    endloop
  endfacet
  facet normal -2.52307e-05 0.499974 -0.86604
    outer loop
      vertex -6.46716 2.31989 35.5744
      vertex -42.655 29.6484 51.3525
      vertex -6.27811 2.68123 35.783
    endloop
  endfacet
  facet normal 1.04143e-05 0.50001 -0.866019
    outer loop
      vertex -6.27811 2.68123 35.783
      vertex -42.655 29.6484 51.3525
      vertex -6.06218 3.03109 35.985
    endloop
  endfacet
  facet normal 5.94922e-06 0.499993 -0.866029
    outer loop
      vertex -47.555 -28.0091 18.0639
      vertex -20 -15.5885 25.235
      vertex -42.655 -29.6484 17.1175
    endloop
  endfacet
  facet normal 1.45014e-06 0.500001 -0.866025
    outer loop
      vertex -47.555 28.0091 50.4061
      vertex -20 -15.5885 25.235
      vertex -47.555 -28.0091 18.0639
    endloop
  endfacet
  facet normal 4.04458e-05 0.500042 -0.866001
    outer loop
      vertex -5.82029 3.36797 36.1795
      vertex -42.655 29.6484 51.3525
      vertex -5.55347 3.69042 36.3657
    endloop
  endfacet
  facet normal -5.21714e-05 0.499943 -0.866058
    outer loop
      vertex -5.55347 3.69042 36.3657
      vertex -42.655 29.6484 51.3525
      vertex -5.26288 3.99707 36.5427
    endloop
  endfacet
  facet normal 0 0.5 -0.866026
    outer loop
      vertex 0 6.06218 37.735
      vertex -42.655 29.6484 51.3525
      vertex 42.655 29.6484 51.3525
    endloop
  endfacet
  facet normal 6.79026e-05 0.500081 -0.865979
    outer loop
      vertex -3.88899 5.04052 37.1451
      vertex -42.655 29.6484 51.3525
      vertex -3.5 5.25 37.2661
    endloop
  endfacet
  facet normal -1.0167e-05 0.499989 -0.866032
    outer loop
      vertex -4.26133 4.80945 37.0117
      vertex -42.655 29.6484 51.3525
      vertex -3.88899 5.04052 37.1451
    endloop
  endfacet
  facet normal 4.39674e-06 0.500006 -0.866022
    outer loop
      vertex -4.61542 4.55779 36.8664
      vertex -42.655 29.6484 51.3525
      vertex -4.26133 4.80945 37.0117
    endloop
  endfacet
  facet normal -7.68708e-05 0.499913 -0.866075
    outer loop
      vertex -4.94975 4.28661 36.7099
      vertex -42.655 29.6484 51.3525
      vertex -4.61542 4.55779 36.8664
    endloop
  endfacet
  facet normal 4.00832e-05 0.500044 -0.866
    outer loop
      vertex -5.26288 3.99707 36.5427
      vertex -42.655 29.6484 51.3525
      vertex -4.94975 4.28661 36.7099
    endloop
  endfacet
  facet normal 0.000102197 0.500209 -0.865905
    outer loop
      vertex -47.555 -28.0091 18.0639
      vertex -42.655 -29.6484 17.1175
      vertex -43.1324 -29.6348 17.1253
    endloop
  endfacet
  facet normal -7.41409e-06 0.499997 -0.866027
    outer loop
      vertex -42.655 29.6484 51.3525
      vertex -20 -15.5885 25.235
      vertex -47.555 28.0091 50.4061
    endloop
  endfacet
  facet normal -4.09594e-05 0.499917 -0.866073
    outer loop
      vertex -47.555 -28.0091 18.0639
      vertex -43.1324 -29.6348 17.1253
      vertex -43.6078 -29.5943 17.1487
    endloop
  endfacet
  facet normal 2.92561e-06 0.500003 -0.866024
    outer loop
      vertex -6.06218 3.03109 35.985
      vertex -42.655 29.6484 51.3525
      vertex -5.82029 3.36797 36.1795
    endloop
  endfacet
  facet normal 3.63632e-05 0.500061 -0.86599
    outer loop
      vertex -47.555 -28.0091 18.0639
      vertex -43.6078 -29.5943 17.1487
      vertex -44.0791 -29.5269 17.1876
    endloop
  endfacet
  facet normal -0.000102197 0.500209 -0.865905
    outer loop
      vertex -42.655 29.6484 51.3525
      vertex -47.555 28.0091 50.4061
      vertex -43.1324 29.6348 51.3447
    endloop
  endfacet
  facet normal -0.000101197 0.499825 -0.866126
    outer loop
      vertex -47.555 -28.0091 18.0639
      vertex -44.0791 -29.5269 17.1876
      vertex -44.5444 -29.4329 17.2419
    endloop
  endfacet
  facet normal 4.09594e-05 0.499917 -0.866073
    outer loop
      vertex -43.1324 29.6348 51.3447
      vertex -47.555 28.0091 50.4061
      vertex -43.6078 29.5943 51.3213
    endloop
  endfacet
  facet normal -8.77639e-05 0.499847 -0.866114
    outer loop
      vertex -47.555 -28.0091 18.0639
      vertex -44.5444 -29.4329 17.2419
      vertex -45.0015 -29.3129 17.3112
    endloop
  endfacet
  facet normal -3.63632e-05 0.500061 -0.86599
    outer loop
      vertex -43.6078 29.5943 51.3213
      vertex -47.555 28.0091 50.4061
      vertex -44.0791 29.5269 51.2824
    endloop
  endfacet
  facet normal 0.000386681 0.500543 -0.865711
    outer loop
      vertex -47.555 -28.0091 18.0639
      vertex -45.0015 -29.3129 17.3112
      vertex -45.4486 -29.1671 17.3953
    endloop
  endfacet
  facet normal 0.000101197 0.499825 -0.866126
    outer loop
      vertex -44.0791 29.5269 51.2824
      vertex -47.555 28.0091 50.4061
      vertex -44.5444 29.4329 51.2281
    endloop
  endfacet
  facet normal -0.000292865 0.499616 -0.866247
    outer loop
      vertex -47.555 -28.0091 18.0639
      vertex -45.4486 -29.1671 17.3953
      vertex -45.8837 -28.9964 17.4939
    endloop
  endfacet
  facet normal 8.77639e-05 0.499847 -0.866114
    outer loop
      vertex -44.5444 29.4329 51.2281
      vertex -47.555 28.0091 50.4061
      vertex -45.0015 29.3129 51.1588
    endloop
  endfacet
  facet normal -0.000192192 0.499744 -0.866173
    outer loop
      vertex -47.555 -28.0091 18.0639
      vertex -45.8837 -28.9964 17.4939
      vertex -46.305 -28.8014 17.6065
    endloop
  endfacet
  facet normal -0.000386681 0.500543 -0.865711
    outer loop
      vertex -45.0015 29.3129 51.1588
      vertex -47.555 28.0091 50.4061
      vertex -45.4486 29.1671 51.0747
    endloop
  endfacet
  facet normal 0.000589932 0.500669 -0.865638
    outer loop
      vertex -47.555 -28.0091 18.0639
      vertex -46.305 -28.8014 17.6065
      vertex -46.7106 -28.5829 17.7326
    endloop
  endfacet
  facet normal 0.000292865 0.499616 -0.866247
    outer loop
      vertex -45.4486 29.1671 51.0747
      vertex -47.555 28.0091 50.4061
      vertex -45.8837 28.9964 50.9761
    endloop
  endfacet
  facet normal -0.00133176 0.498548 -0.866861
    outer loop
      vertex -47.555 -28.0091 18.0639
      vertex -46.7106 -28.5829 17.7326
      vertex -47.0989 -28.3419 17.8718
    endloop
  endfacet
  facet normal 0.000192192 0.499744 -0.866173
    outer loop
      vertex -45.8837 28.9964 50.9761
      vertex -47.555 28.0091 50.4061
      vertex -46.305 28.8014 50.8635
    endloop
  endfacet
  facet normal -0.00327549 0.496544 -0.868005
    outer loop
      vertex -47.555 -28.0091 18.0639
      vertex -47.0989 -28.3419 17.8718
      vertex -47.4682 -28.0795 18.0233
    endloop
  endfacet
  facet normal -0.000589932 0.500669 -0.865638
    outer loop
      vertex -46.305 28.8014 50.8635
      vertex -47.555 28.0091 50.4061
      vertex -46.7106 28.5829 50.7374
    endloop
  endfacet
  facet normal 0.00133176 0.498548 -0.866861
    outer loop
      vertex -46.7106 28.5829 50.7374
      vertex -47.555 28.0091 50.4061
      vertex -47.0989 28.3419 50.5982
    endloop
  endfacet
  facet normal 0.00327549 0.496544 -0.868005
    outer loop
      vertex -47.0989 28.3419 50.5982
      vertex -47.555 28.0091 50.4061
      vertex -47.4682 28.0795 50.4467
    endloop
  endfacet
  facet normal -0.729951 -0.591928 -0.34175
    outer loop
      vertex -47.8169 -27.8467 18.2732
      vertex -48.1434 -31.4947 25.2891
      vertex -48.1434 -27.5447 18.4475
    endloop
  endfacet
  facet normal -0.729951 -0.591928 -0.34175
    outer loop
      vertex -48.1434 -31.4947 25.2891
      vertex -47.8169 -27.8467 18.2732
      vertex -47.8169 -31.7967 25.1148
    endloop
  endfacet
  facet normal -0.582561 -0.703894 -0.406394
    outer loop
      vertex -47.0989 -28.3419 17.8718
      vertex -46.7106 -32.5829 24.6608
      vertex -47.0989 -32.3419 24.8
    endloop
  endfacet
  facet normal -0.582561 -0.703894 -0.406394
    outer loop
      vertex -46.7106 -32.5829 24.6608
      vertex -47.0989 -28.3419 17.8718
      vertex -46.7106 -28.5829 17.7326
    endloop
  endfacet
  facet normal -0.528156 -0.735383 -0.424574
    outer loop
      vertex -46.7106 -28.5829 17.7326
      vertex -46.305 -32.8014 24.5347
      vertex -46.7106 -32.5829 24.6608
    endloop
  endfacet
  facet normal -0.528156 -0.735383 -0.424574
    outer loop
      vertex -46.305 -32.8014 24.5347
      vertex -46.7106 -28.5829 17.7326
      vertex -46.305 -28.8014 17.6065
    endloop
  endfacet
  facet normal -0.0328226 -0.865559 -0.499731
    outer loop
      vertex -43.1324 -29.6348 17.1253
      vertex -42.655 -33.6484 24.0457
      vertex -43.1324 -33.6348 24.0535
    endloop
  endfacet
  facet normal -0.0328226 -0.865559 -0.499731
    outer loop
      vertex -42.655 -33.6484 24.0457
      vertex -43.1324 -29.6348 17.1253
      vertex -42.655 -29.6484 17.1175
    endloop
  endfacet
  facet normal -0.097916 -0.861864 -0.497598
    outer loop
      vertex -43.6078 -29.5943 17.1487
      vertex -43.1324 -33.6348 24.0535
      vertex -43.6078 -33.5943 24.0769
    endloop
  endfacet
  facet normal -0.097916 -0.861864 -0.497598
    outer loop
      vertex -43.1324 -33.6348 24.0535
      vertex -43.6078 -29.5943 17.1487
      vertex -43.1324 -29.6348 17.1253
    endloop
  endfacet
  facet normal 0.528156 0.735383 0.424574
    outer loop
      vertex 46.7106 24.5829 57.6656
      vertex 46.305 28.8014 50.8635
      vertex 46.305 24.8014 57.7917
    endloop
  endfacet
  facet normal 0.528156 0.735383 0.424574
    outer loop
      vertex 46.305 28.8014 50.8635
      vertex 46.7106 24.5829 57.6656
      vertex 46.7106 28.5829 50.7374
    endloop
  endfacet
  facet normal 0.0328226 0.865559 0.499731
    outer loop
      vertex 43.1324 25.6348 58.2729
      vertex 42.655 29.6484 51.3525
      vertex 42.655 25.6484 58.2807
    endloop
  endfacet
  facet normal 0.0328226 0.865559 0.499731
    outer loop
      vertex 42.655 29.6484 51.3525
      vertex 43.1324 25.6348 58.2729
      vertex 43.1324 29.6348 51.3447
    endloop
  endfacet
  facet normal 0.097916 0.861864 0.497598
    outer loop
      vertex 43.6078 25.5943 58.2495
      vertex 43.1324 29.6348 51.3447
      vertex 43.1324 25.6348 58.2729
    endloop
  endfacet
  facet normal 0.097916 0.861864 0.497598
    outer loop
      vertex 43.1324 29.6348 51.3447
      vertex 43.6078 25.5943 58.2495
      vertex 43.6078 29.5943 51.3213
    endloop
  endfacet
  facet normal 0.227203 0.843377 0.486924
    outer loop
      vertex 44.5444 25.4329 58.1563
      vertex 44.0791 29.5269 51.2824
      vertex 44.0791 25.5269 58.2106
    endloop
  endfacet
  facet normal 0.227203 0.843377 0.486924
    outer loop
      vertex 44.0791 29.5269 51.2824
      vertex 44.5444 25.4329 58.1563
      vertex 44.5444 29.4329 51.2281
    endloop
  endfacet
  facet normal 1 0 0
    outer loop
      vertex 49.955 19.3264 54.6307
      vertex 49.955 -23.3764 20.8541
      vertex 49.955 23.2764 47.7891
    endloop
  endfacet
  facet normal 1 0 -0
    outer loop
      vertex 49.955 -23.3764 20.8541
      vertex 49.955 19.3264 54.6307
      vertex 49.955 -27.3264 27.6957
    endloop
  endfacet
  facet normal 0.882005 0.408106 0.23562
    outer loop
      vertex 48.977 22.4874 56.4557
      vertex 49.2021 26.0725 49.4035
      vertex 48.977 26.4374 49.6141
    endloop
  endfacet
  facet normal 0.882005 0.408106 0.23562
    outer loop
      vertex 49.2021 26.0725 49.4035
      vertex 48.977 22.4874 56.4557
      vertex 49.2021 22.1225 56.2451
    endloop
  endfacet
  facet normal 0.973865 0.196698 0.113563
    outer loop
      vertex 49.7062 20.9626 55.5754
      vertex 49.8147 24.5097 48.5012
      vertex 49.7062 24.9126 48.7338
    endloop
  endfacet
  facet normal 0.973865 0.196698 0.113563
    outer loop
      vertex 49.8147 24.5097 48.5012
      vertex 49.7062 20.9626 55.5754
      vertex 49.8147 20.5597 55.3428
    endloop
  endfacet
  facet normal -0.162912 0.854456 0.49332
    outer loop
      vertex -43.6078 29.5943 51.3213
      vertex -44.0791 25.5269 58.2106
      vertex -43.6078 25.5943 58.2495
    endloop
  endfacet
  facet normal -0.162912 0.854456 0.49332
    outer loop
      vertex -44.0791 25.5269 58.2106
      vertex -43.6078 29.5943 51.3213
      vertex -44.0791 29.5269 51.2824
    endloop
  endfacet
  facet normal -0.849146 0.457399 0.264079
    outer loop
      vertex -48.977 26.4374 49.6141
      vertex -48.7247 22.8387 56.6585
      vertex -48.7247 26.7887 49.8169
    endloop
  endfacet
  facet normal -0.849146 0.457399 0.264079
    outer loop
      vertex -48.7247 22.8387 56.6585
      vertex -48.977 26.4374 49.6141
      vertex -48.977 22.4874 56.4557
    endloop
  endfacet
  facet normal -0.99946 -0.0284621 -0.0164326
    outer loop
      vertex -49.9393 -23.7899 20.6154
      vertex -49.955 -27.3264 27.6957
      vertex -49.955 -23.3764 20.8541
    endloop
  endfacet
  facet normal -0.99946 -0.0284621 -0.0164326
    outer loop
      vertex -49.955 -27.3264 27.6957
      vertex -49.9393 -23.7899 20.6154
      vertex -49.9393 -27.7399 27.457
    endloop
  endfacet
  facet normal -0.995189 -0.0848457 -0.0489857
    outer loop
      vertex -49.8925 -24.2016 20.3777
      vertex -49.9393 -27.7399 27.457
      vertex -49.9393 -23.7899 20.6154
    endloop
  endfacet
  facet normal -0.995189 -0.0848457 -0.0489857
    outer loop
      vertex -49.9393 -27.7399 27.457
      vertex -49.8925 -24.2016 20.3777
      vertex -49.8925 -28.1516 27.2193
    endloop
  endfacet
  facet normal -0.683463 -0.632181 -0.365001
    outer loop
      vertex -47.555 -28.0091 18.0639
      vertex -47.4682 -28.0795 18.0233
      vertex -47.555 -28.0591 18.1505
    endloop
  endfacet
  facet normal -0.683589 -0.632084 -0.364934
    outer loop
      vertex -47.555 -28.0591 18.1505
      vertex -47.8169 -31.7967 25.1148
      vertex -47.8169 -27.8467 18.2732
    endloop
  endfacet
  facet normal -0.683457 -0.63219 -0.364995
    outer loop
      vertex -47.4682 -32.0795 24.9515
      vertex -47.555 -28.0591 18.1505
      vertex -47.4682 -28.0795 18.0233
    endloop
  endfacet
  facet normal -0.683558 -0.63211 -0.364947
    outer loop
      vertex -47.555 -28.0591 18.1505
      vertex -47.4682 -32.0795 24.9515
      vertex -47.8169 -31.7967 25.1148
    endloop
  endfacet
  facet normal -0.849146 -0.457399 -0.264079
    outer loop
      vertex -48.7247 -26.8887 18.8263
      vertex -48.977 -30.4874 25.8707
      vertex -48.977 -26.5374 19.0291
    endloop
  endfacet
  facet normal -0.849146 -0.457399 -0.264079
    outer loop
      vertex -48.977 -30.4874 25.8707
      vertex -48.7247 -26.8887 18.8263
      vertex -48.7247 -30.8387 25.6679
    endloop
  endfacet
  facet normal -0.352323 -0.810494 -0.467939
    outer loop
      vertex -45.4486 -29.1671 17.3953
      vertex -45.0015 -33.3129 24.2394
      vertex -45.4486 -33.1671 24.3235
    endloop
  endfacet
  facet normal -0.352323 -0.810494 -0.467939
    outer loop
      vertex -45.0015 -33.3129 24.2394
      vertex -45.4486 -29.1671 17.3953
      vertex -45.0015 -29.3129 17.3112
    endloop
  endfacet
  facet normal -0.471373 -0.763777 -0.440967
    outer loop
      vertex -46.305 -28.8014 17.6065
      vertex -45.8837 -32.9964 24.4221
      vertex -46.305 -32.8014 24.5347
    endloop
  endfacet
  facet normal -0.471373 -0.763777 -0.440967
    outer loop
      vertex -45.8837 -32.9964 24.4221
      vertex -46.305 -28.8014 17.6065
      vertex -45.8837 -28.9964 17.4939
    endloop
  endfacet
  facet normal -0.162912 -0.854456 -0.49332
    outer loop
      vertex -44.0791 -29.5269 17.1876
      vertex -43.6078 -33.5943 24.0769
      vertex -44.0791 -33.5269 24.1158
    endloop
  endfacet
  facet normal -0.162912 -0.854456 -0.49332
    outer loop
      vertex -43.6078 -33.5943 24.0769
      vertex -44.0791 -29.5269 17.1876
      vertex -43.6078 -29.5943 17.1487
    endloop
  endfacet
  facet normal -0.290118 -0.828778 -0.478496
    outer loop
      vertex -45.0015 -29.3129 17.3112
      vertex -44.5444 -33.4329 24.1701
      vertex -45.0015 -33.3129 24.2394
    endloop
  endfacet
  facet normal -0.290118 -0.828778 -0.478496
    outer loop
      vertex -44.5444 -33.4329 24.1701
      vertex -45.0015 -29.3129 17.3112
      vertex -44.5444 -29.4329 17.2419
    endloop
  endfacet
  facet normal 0.412688 0.788838 0.455436
    outer loop
      vertex 45.8837 24.9964 57.9043
      vertex 45.4486 29.1671 51.0747
      vertex 45.4486 25.1671 58.0029
    endloop
  endfacet
  facet normal 0.412688 0.788838 0.455436
    outer loop
      vertex 45.4486 29.1671 51.0747
      vertex 45.8837 24.9964 57.9043
      vertex 45.8837 28.9964 50.9761
    endloop
  endfacet
  facet normal 0.471373 0.763777 0.440967
    outer loop
      vertex 46.305 24.8014 57.7917
      vertex 45.8837 28.9964 50.9761
      vertex 45.8837 24.9964 57.9043
    endloop
  endfacet
  facet normal 0.471373 0.763777 0.440967
    outer loop
      vertex 45.8837 28.9964 50.9761
      vertex 46.305 24.8014 57.7917
      vertex 46.305 28.8014 50.8635
    endloop
  endfacet
  facet normal 0.290118 0.828778 0.478496
    outer loop
      vertex 45.0015 25.3129 58.087
      vertex 44.5444 29.4329 51.2281
      vertex 44.5444 25.4329 58.1563
    endloop
  endfacet
  facet normal 0.290118 0.828778 0.478496
    outer loop
      vertex 44.5444 29.4329 51.2281
      vertex 45.0015 25.3129 58.087
      vertex 45.0015 29.3129 51.1588
    endloop
  endfacet
  facet normal 0.772876 -0.549543 -0.317279
    outer loop
      vertex 48.4465 -31.175 25.4737
      vertex 48.1434 -27.5447 18.4475
      vertex 48.4465 -27.225 18.6321
    endloop
  endfacet
  facet normal 0.772876 -0.549543 -0.317279
    outer loop
      vertex 48.1434 -27.5447 18.4475
      vertex 48.4465 -31.175 25.4737
      vertex 48.1434 -31.4947 25.2891
    endloop
  endfacet
  facet normal 0.849146 -0.457399 -0.264079
    outer loop
      vertex 48.977 -30.4874 25.8707
      vertex 48.7247 -26.8887 18.8263
      vertex 48.977 -26.5374 19.0291
    endloop
  endfacet
  facet normal 0.849146 -0.457399 -0.264079
    outer loop
      vertex 48.7247 -26.8887 18.8263
      vertex 48.977 -30.4874 25.8707
      vertex 48.7247 -30.8387 25.6679
    endloop
  endfacet
  facet normal 0.986646 -0.141058 -0.0814398
    outer loop
      vertex 49.8925 -28.1516 27.2193
      vertex 49.8147 -24.6097 20.142
      vertex 49.8925 -24.2016 20.3777
    endloop
  endfacet
  facet normal 0.986646 -0.141058 -0.0814398
    outer loop
      vertex 49.8147 -24.6097 20.142
      vertex 49.8925 -28.1516 27.2193
      vertex 49.8147 -28.5597 26.9836
    endloop
  endfacet
  facet normal 0.528156 -0.735383 -0.424574
    outer loop
      vertex 46.305 -32.8014 24.5347
      vertex 46.7106 -28.5829 17.7326
      vertex 46.7106 -32.5829 24.6608
    endloop
  endfacet
  facet normal 0.528156 -0.735383 -0.424574
    outer loop
      vertex 46.7106 -28.5829 17.7326
      vertex 46.305 -32.8014 24.5347
      vertex 46.305 -28.8014 17.6065
    endloop
  endfacet
  facet normal 0.683589 -0.632084 -0.364934
    outer loop
      vertex 47.8169 -31.7967 25.1148
      vertex 47.555 -28.0591 18.1505
      vertex 47.8169 -27.8467 18.2732
    endloop
  endfacet
  facet normal 0.683558 -0.63211 -0.364947
    outer loop
      vertex 47.4682 -32.0795 24.9515
      vertex 47.555 -28.0591 18.1505
      vertex 47.8169 -31.7967 25.1148
    endloop
  endfacet
  facet normal 0.683457 -0.63219 -0.364995
    outer loop
      vertex 47.555 -28.0591 18.1505
      vertex 47.4682 -32.0795 24.9515
      vertex 47.4682 -28.0795 18.0233
    endloop
  endfacet
  facet normal 0.683463 -0.632181 -0.365001
    outer loop
      vertex 47.555 -28.0091 18.0639
      vertex 47.555 -28.0591 18.1505
      vertex 47.4682 -28.0795 18.0233
    endloop
  endfacet
  facet normal 0.412688 -0.788838 -0.455436
    outer loop
      vertex 45.4486 -33.1671 24.3235
      vertex 45.8837 -28.9964 17.4939
      vertex 45.8837 -32.9964 24.4221
    endloop
  endfacet
  facet normal 0.412688 -0.788838 -0.455436
    outer loop
      vertex 45.8837 -28.9964 17.4939
      vertex 45.4486 -33.1671 24.3235
      vertex 45.4486 -29.1671 17.3953
    endloop
  endfacet
  facet normal 0.227203 -0.843377 -0.486924
    outer loop
      vertex 44.0791 -33.5269 24.1158
      vertex 44.5444 -29.4329 17.2419
      vertex 44.5444 -33.4329 24.1701
    endloop
  endfacet
  facet normal 0.227203 -0.843377 -0.486924
    outer loop
      vertex 44.5444 -29.4329 17.2419
      vertex 44.0791 -33.5269 24.1158
      vertex 44.0791 -29.5269 17.1876
    endloop
  endfacet
  facet normal 0.995189 0.0848457 0.0489857
    outer loop
      vertex 49.8925 20.1516 55.1071
      vertex 49.9393 23.6899 48.0278
      vertex 49.8925 24.1016 48.2655
    endloop
  endfacet
  facet normal 0.995189 0.0848457 0.0489857
    outer loop
      vertex 49.9393 23.6899 48.0278
      vertex 49.8925 20.1516 55.1071
      vertex 49.9393 19.7399 54.8694
    endloop
  endfacet
  facet normal 0.772876 0.549543 0.317279
    outer loop
      vertex 48.1434 23.4947 57.0373
      vertex 48.4465 27.125 50.0111
      vertex 48.1434 27.4447 50.1957
    endloop
  endfacet
  facet normal 0.772876 0.549543 0.317279
    outer loop
      vertex 48.4465 27.125 50.0111
      vertex 48.1434 23.4947 57.0373
      vertex 48.4465 23.175 56.8527
    endloop
  endfacet
  facet normal 0.729951 0.591928 0.34175
    outer loop
      vertex 47.8169 23.7967 57.2116
      vertex 48.1434 27.4447 50.1957
      vertex 47.8169 27.7467 50.37
    endloop
  endfacet
  facet normal 0.729951 0.591928 0.34175
    outer loop
      vertex 48.1434 27.4447 50.1957
      vertex 47.8169 23.7967 57.2116
      vertex 48.1434 23.4947 57.0373
    endloop
  endfacet
  facet normal 0.849146 0.457399 0.264079
    outer loop
      vertex 48.7247 22.8387 56.6585
      vertex 48.977 26.4374 49.6141
      vertex 48.7247 26.7887 49.8169
    endloop
  endfacet
  facet normal 0.849146 0.457399 0.264079
    outer loop
      vertex 48.977 26.4374 49.6141
      vertex 48.7247 22.8387 56.6585
      vertex 48.977 22.4874 56.4557
    endloop
  endfacet
  facet normal -0.352323 0.810494 0.467939
    outer loop
      vertex -45.0015 29.3129 51.1588
      vertex -45.4486 25.1671 58.0029
      vertex -45.0015 25.3129 58.087
    endloop
  endfacet
  facet normal -0.352323 0.810494 0.467939
    outer loop
      vertex -45.4486 25.1671 58.0029
      vertex -45.0015 29.3129 51.1588
      vertex -45.4486 29.1671 51.0747
    endloop
  endfacet
  facet normal -0.412688 0.788838 0.455436
    outer loop
      vertex -45.4486 29.1671 51.0747
      vertex -45.8837 24.9964 57.9043
      vertex -45.4486 25.1671 58.0029
    endloop
  endfacet
  facet normal -0.412688 0.788838 0.455436
    outer loop
      vertex -45.8837 24.9964 57.9043
      vertex -45.4486 29.1671 51.0747
      vertex -45.8837 28.9964 50.9761
    endloop
  endfacet
  facet normal -0.973865 0.196698 0.113563
    outer loop
      vertex -49.8147 24.5097 48.5012
      vertex -49.7062 20.9626 55.5754
      vertex -49.7062 24.9126 48.7338
    endloop
  endfacet
  facet normal -0.973865 0.196698 0.113563
    outer loop
      vertex -49.7062 20.9626 55.5754
      vertex -49.8147 24.5097 48.5012
      vertex -49.8147 20.5597 55.3428
    endloop
  endfacet
  facet normal -0.995189 0.0848457 0.0489857
    outer loop
      vertex -49.9393 23.6899 48.0278
      vertex -49.8925 20.1516 55.1071
      vertex -49.8925 24.1016 48.2655
    endloop
  endfacet
  facet normal -0.995189 0.0848457 0.0489857
    outer loop
      vertex -49.8925 20.1516 55.1071
      vertex -49.9393 23.6899 48.0278
      vertex -49.9393 19.7399 54.8694
    endloop
  endfacet
  facet normal -0.986646 0.141058 0.0814398
    outer loop
      vertex -49.8925 24.1016 48.2655
      vertex -49.8147 20.5597 55.3428
      vertex -49.8147 24.5097 48.5012
    endloop
  endfacet
  facet normal -0.986646 0.141058 0.0814398
    outer loop
      vertex -49.8147 20.5597 55.3428
      vertex -49.8925 24.1016 48.2655
      vertex -49.8925 20.1516 55.1071
    endloop
  endfacet
  facet normal -0.634291 -0.669519 -0.386547
    outer loop
      vertex -47.4682 -28.0795 18.0233
      vertex -47.0989 -32.3419 24.8
      vertex -47.4682 -32.0795 24.9515
    endloop
  endfacet
  facet normal -0.634291 -0.669519 -0.386547
    outer loop
      vertex -47.0989 -32.3419 24.8
      vertex -47.4682 -28.0795 18.0233
      vertex -47.0989 -28.3419 17.8718
    endloop
  endfacet
  facet normal -0.81293 -0.50434 -0.291181
    outer loop
      vertex -48.4465 -27.225 18.6321
      vertex -48.7247 -30.8387 25.6679
      vertex -48.7247 -26.8887 18.8263
    endloop
  endfacet
  facet normal -0.81293 -0.50434 -0.291181
    outer loop
      vertex -48.7247 -30.8387 25.6679
      vertex -48.4465 -27.225 18.6321
      vertex -48.4465 -31.175 25.4737
    endloop
  endfacet
  facet normal -0.986646 -0.141058 -0.0814398
    outer loop
      vertex -49.8147 -24.6097 20.142
      vertex -49.8925 -28.1516 27.2193
      vertex -49.8925 -24.2016 20.3777
    endloop
  endfacet
  facet normal -0.986646 -0.141058 -0.0814398
    outer loop
      vertex -49.8925 -28.1516 27.2193
      vertex -49.8147 -24.6097 20.142
      vertex -49.8147 -28.5597 26.9836
    endloop
  endfacet
  facet normal -0.910806 -0.357525 -0.206417
    outer loop
      vertex -49.2021 -26.1725 19.2398
      vertex -49.3993 -29.7457 26.2989
      vertex -49.3993 -25.7957 19.4573
    endloop
  endfacet
  facet normal -0.910806 -0.357525 -0.206417
    outer loop
      vertex -49.3993 -29.7457 26.2989
      vertex -49.2021 -26.1725 19.2398
      vertex -49.2021 -30.1225 26.0814
    endloop
  endfacet
  facet normal -0.956977 -0.25129 -0.145082
    outer loop
      vertex -49.5676 -25.4085 19.6809
      vertex -49.7062 -28.9626 26.751
      vertex -49.7062 -25.0126 19.9094
    endloop
  endfacet
  facet normal -0.956977 -0.25129 -0.145082
    outer loop
      vertex -49.7062 -28.9626 26.751
      vertex -49.5676 -25.4085 19.6809
      vertex -49.5676 -29.3585 26.5225
    endloop
  endfacet
  facet normal -0.412688 -0.788838 -0.455436
    outer loop
      vertex -45.8837 -28.9964 17.4939
      vertex -45.4486 -33.1671 24.3235
      vertex -45.8837 -32.9964 24.4221
    endloop
  endfacet
  facet normal -0.412688 -0.788838 -0.455436
    outer loop
      vertex -45.4486 -33.1671 24.3235
      vertex -45.8837 -28.9964 17.4939
      vertex -45.4486 -29.1671 17.3953
    endloop
  endfacet
  facet normal -0.227203 -0.843377 -0.486924
    outer loop
      vertex -44.5444 -29.4329 17.2419
      vertex -44.0791 -33.5269 24.1158
      vertex -44.5444 -33.4329 24.1701
    endloop
  endfacet
  facet normal -0.227203 -0.843377 -0.486924
    outer loop
      vertex -44.0791 -33.5269 24.1158
      vertex -44.5444 -29.4329 17.2419
      vertex -44.0791 -29.5269 17.1876
    endloop
  endfacet
  facet normal 0.81293 -0.50434 -0.291181
    outer loop
      vertex 48.7247 -30.8387 25.6679
      vertex 48.4465 -27.225 18.6321
      vertex 48.7247 -26.8887 18.8263
    endloop
  endfacet
  facet normal 0.81293 -0.50434 -0.291181
    outer loop
      vertex 48.4465 -27.225 18.6321
      vertex 48.7247 -30.8387 25.6679
      vertex 48.4465 -31.175 25.4737
    endloop
  endfacet
  facet normal 0.882028 -0.408068 -0.235598
    outer loop
      vertex 49.2021 -30.1225 26.0814
      vertex 48.977 -26.5374 19.0291
      vertex 49.2021 -26.1725 19.2398
    endloop
  endfacet
  facet normal 0.882028 -0.408068 -0.235598
    outer loop
      vertex 48.977 -26.5374 19.0291
      vertex 49.2021 -30.1225 26.0814
      vertex 48.977 -30.4874 25.8707
    endloop
  endfacet
  facet normal 0.935896 -0.30508 -0.176138
    outer loop
      vertex 49.5676 -29.3585 26.5225
      vertex 49.3993 -25.7957 19.4573
      vertex 49.5676 -25.4085 19.6809
    endloop
  endfacet
  facet normal 0.935896 -0.30508 -0.176138
    outer loop
      vertex 49.3993 -25.7957 19.4573
      vertex 49.5676 -29.3585 26.5225
      vertex 49.3993 -29.7457 26.2989
    endloop
  endfacet
  facet normal 0.973865 -0.196698 -0.113563
    outer loop
      vertex 49.8147 -28.5597 26.9836
      vertex 49.7062 -25.0126 19.9094
      vertex 49.8147 -24.6097 20.142
    endloop
  endfacet
  facet normal 0.973865 -0.196698 -0.113563
    outer loop
      vertex 49.7062 -25.0126 19.9094
      vertex 49.8147 -28.5597 26.9836
      vertex 49.7062 -28.9626 26.751
    endloop
  endfacet
  facet normal 0.995189 -0.0848457 -0.0489857
    outer loop
      vertex 49.9393 -27.7399 27.457
      vertex 49.8925 -24.2016 20.3777
      vertex 49.9393 -23.7899 20.6154
    endloop
  endfacet
  facet normal 0.995189 -0.0848457 -0.0489857
    outer loop
      vertex 49.8925 -24.2016 20.3777
      vertex 49.9393 -27.7399 27.457
      vertex 49.8925 -28.1516 27.2193
    endloop
  endfacet
  facet normal 0.582561 -0.703894 -0.406394
    outer loop
      vertex 46.7106 -32.5829 24.6608
      vertex 47.0989 -28.3419 17.8718
      vertex 47.0989 -32.3419 24.8
    endloop
  endfacet
  facet normal 0.582561 -0.703894 -0.406394
    outer loop
      vertex 47.0989 -28.3419 17.8718
      vertex 46.7106 -32.5829 24.6608
      vertex 46.7106 -28.5829 17.7326
    endloop
  endfacet
  facet normal 0.729951 -0.591928 -0.34175
    outer loop
      vertex 48.1434 -31.4947 25.2891
      vertex 47.8169 -27.8467 18.2732
      vertex 48.1434 -27.5447 18.4475
    endloop
  endfacet
  facet normal 0.729951 -0.591928 -0.34175
    outer loop
      vertex 47.8169 -27.8467 18.2732
      vertex 48.1434 -31.4947 25.2891
      vertex 47.8169 -31.7967 25.1148
    endloop
  endfacet
  facet normal 0.471373 -0.763777 -0.440967
    outer loop
      vertex 45.8837 -32.9964 24.4221
      vertex 46.305 -28.8014 17.6065
      vertex 46.305 -32.8014 24.5347
    endloop
  endfacet
  facet normal 0.471373 -0.763777 -0.440967
    outer loop
      vertex 46.305 -28.8014 17.6065
      vertex 45.8837 -32.9964 24.4221
      vertex 45.8837 -28.9964 17.4939
    endloop
  endfacet
  facet normal 0.290118 -0.828778 -0.478496
    outer loop
      vertex 44.5444 -33.4329 24.1701
      vertex 45.0015 -29.3129 17.3112
      vertex 45.0015 -33.3129 24.2394
    endloop
  endfacet
  facet normal 0.290118 -0.828778 -0.478496
    outer loop
      vertex 45.0015 -29.3129 17.3112
      vertex 44.5444 -33.4329 24.1701
      vertex 44.5444 -29.4329 17.2419
    endloop
  endfacet
  facet normal 0.935896 0.30508 0.176138
    outer loop
      vertex 49.3993 21.7457 56.0275
      vertex 49.5676 25.3085 48.9623
      vertex 49.3993 25.6957 49.1859
    endloop
  endfacet
  facet normal 0.935883 0.305111 0.176153
    outer loop
      vertex 49.5676 25.3085 48.9623
      vertex 49.3993 21.7457 56.0275
      vertex 49.5676 21.3585 55.804
    endloop
  endfacet
  facet normal 0.956977 0.251291 0.145081
    outer loop
      vertex 49.5676 21.3585 55.804
      vertex 49.7062 24.9126 48.7338
      vertex 49.5676 25.3085 48.9623
    endloop
  endfacet
  facet normal 0.956986 0.251265 0.145068
    outer loop
      vertex 49.7062 24.9126 48.7338
      vertex 49.5676 21.3585 55.804
      vertex 49.7062 20.9626 55.5754
    endloop
  endfacet
  facet normal 0.910824 0.357491 0.206397
    outer loop
      vertex 49.2021 22.1225 56.2451
      vertex 49.3993 25.6957 49.1859
      vertex 49.2021 26.0725 49.4035
    endloop
  endfacet
  facet normal 0.910824 0.357491 0.206397
    outer loop
      vertex 49.3993 25.6957 49.1859
      vertex 49.2021 22.1225 56.2451
      vertex 49.3993 21.7457 56.0275
    endloop
  endfacet
  facet normal 0.986646 0.141058 0.0814398
    outer loop
      vertex 49.8147 20.5597 55.3428
      vertex 49.8925 24.1016 48.2655
      vertex 49.8147 24.5097 48.5012
    endloop
  endfacet
  facet normal 0.986646 0.141058 0.0814398
    outer loop
      vertex 49.8925 24.1016 48.2655
      vertex 49.8147 20.5597 55.3428
      vertex 49.8925 20.1516 55.1071
    endloop
  endfacet
  facet normal 0.81293 0.50434 0.291181
    outer loop
      vertex 48.4465 23.175 56.8527
      vertex 48.7247 26.7887 49.8169
      vertex 48.4465 27.125 50.0111
    endloop
  endfacet
  facet normal 0.81293 0.50434 0.291181
    outer loop
      vertex 48.7247 26.7887 49.8169
      vertex 48.4465 23.175 56.8527
      vertex 48.7247 22.8387 56.6585
    endloop
  endfacet
  facet normal 0.683463 0.632181 0.365001
    outer loop
      vertex 47.4682 28.0795 50.4467
      vertex 47.555 27.9591 50.4927
      vertex 47.555 28.0091 50.4061
    endloop
  endfacet
  facet normal 0.683468 0.632181 0.36499
    outer loop
      vertex 47.4682 24.0795 57.3749
      vertex 47.555 27.9591 50.4927
      vertex 47.4682 28.0795 50.4467
    endloop
  endfacet
  facet normal 0.683558 0.632108 0.36495
    outer loop
      vertex 47.8169 23.7967 57.2116
      vertex 47.555 27.9591 50.4927
      vertex 47.4682 24.0795 57.3749
    endloop
  endfacet
  facet normal 0.683589 0.632084 0.364934
    outer loop
      vertex 47.555 27.9591 50.4927
      vertex 47.8169 23.7967 57.2116
      vertex 47.8169 27.7467 50.37
    endloop
  endfacet
  facet normal 0.634291 0.669519 0.386547
    outer loop
      vertex 47.4682 24.0795 57.3749
      vertex 47.0989 28.3419 50.5982
      vertex 47.0989 24.3419 57.5264
    endloop
  endfacet
  facet normal 0.634291 0.669519 0.386547
    outer loop
      vertex 47.0989 28.3419 50.5982
      vertex 47.4682 24.0795 57.3749
      vertex 47.4682 28.0795 50.4467
    endloop
  endfacet
  facet normal -0.634291 0.669519 0.386547
    outer loop
      vertex -47.0989 28.3419 50.5982
      vertex -47.4682 24.0795 57.3749
      vertex -47.0989 24.3419 57.5264
    endloop
  endfacet
  facet normal -0.634291 0.669519 0.386547
    outer loop
      vertex -47.4682 24.0795 57.3749
      vertex -47.0989 28.3419 50.5982
      vertex -47.4682 28.0795 50.4467
    endloop
  endfacet
  facet normal -0.528156 0.735383 0.424574
    outer loop
      vertex -46.305 28.8014 50.8635
      vertex -46.7106 24.5829 57.6656
      vertex -46.305 24.8014 57.7917
    endloop
  endfacet
  facet normal -0.528156 0.735383 0.424574
    outer loop
      vertex -46.7106 24.5829 57.6656
      vertex -46.305 28.8014 50.8635
      vertex -46.7106 28.5829 50.7374
    endloop
  endfacet
  facet normal -0.290118 0.828778 0.478496
    outer loop
      vertex -44.5444 29.4329 51.2281
      vertex -45.0015 25.3129 58.087
      vertex -44.5444 25.4329 58.1563
    endloop
  endfacet
  facet normal -0.290118 0.828778 0.478496
    outer loop
      vertex -45.0015 25.3129 58.087
      vertex -44.5444 29.4329 51.2281
      vertex -45.0015 29.3129 51.1588
    endloop
  endfacet
  facet normal -0.910824 0.357491 0.206397
    outer loop
      vertex -49.3993 25.6957 49.1859
      vertex -49.2021 22.1225 56.2451
      vertex -49.2021 26.0725 49.4035
    endloop
  endfacet
  facet normal -0.910824 0.357491 0.206397
    outer loop
      vertex -49.2021 22.1225 56.2451
      vertex -49.3993 25.6957 49.1859
      vertex -49.3993 21.7457 56.0275
    endloop
  endfacet
  facet normal -0.882005 0.408106 0.23562
    outer loop
      vertex -49.2021 26.0725 49.4035
      vertex -48.977 22.4874 56.4557
      vertex -48.977 26.4374 49.6141
    endloop
  endfacet
  facet normal -0.882005 0.408106 0.23562
    outer loop
      vertex -48.977 22.4874 56.4557
      vertex -49.2021 26.0725 49.4035
      vertex -49.2021 22.1225 56.2451
    endloop
  endfacet
  facet normal -0.956977 0.251291 0.145081
    outer loop
      vertex -49.7062 24.9126 48.7338
      vertex -49.5676 21.3585 55.804
      vertex -49.5676 25.3085 48.9623
    endloop
  endfacet
  facet normal -0.956986 0.251265 0.145068
    outer loop
      vertex -49.5676 21.3585 55.804
      vertex -49.7062 24.9126 48.7338
      vertex -49.7062 20.9626 55.5754
    endloop
  endfacet
  facet normal -0.935896 0.30508 0.176138
    outer loop
      vertex -49.5676 25.3085 48.9623
      vertex -49.3993 21.7457 56.0275
      vertex -49.3993 25.6957 49.1859
    endloop
  endfacet
  facet normal -0.935883 0.305111 0.176153
    outer loop
      vertex -49.3993 21.7457 56.0275
      vertex -49.5676 25.3085 48.9623
      vertex -49.5676 21.3585 55.804
    endloop
  endfacet
  facet normal -0.772876 -0.549543 -0.317279
    outer loop
      vertex -48.1434 -27.5447 18.4475
      vertex -48.4465 -31.175 25.4737
      vertex -48.4465 -27.225 18.6321
    endloop
  endfacet
  facet normal -0.772876 -0.549543 -0.317279
    outer loop
      vertex -48.4465 -31.175 25.4737
      vertex -48.1434 -27.5447 18.4475
      vertex -48.1434 -31.4947 25.2891
    endloop
  endfacet
  facet normal -0.973865 -0.196698 -0.113563
    outer loop
      vertex -49.7062 -25.0126 19.9094
      vertex -49.8147 -28.5597 26.9836
      vertex -49.8147 -24.6097 20.142
    endloop
  endfacet
  facet normal -0.973865 -0.196698 -0.113563
    outer loop
      vertex -49.8147 -28.5597 26.9836
      vertex -49.7062 -25.0126 19.9094
      vertex -49.7062 -28.9626 26.751
    endloop
  endfacet
  facet normal -0.882028 -0.408068 -0.235598
    outer loop
      vertex -48.977 -26.5374 19.0291
      vertex -49.2021 -30.1225 26.0814
      vertex -49.2021 -26.1725 19.2398
    endloop
  endfacet
  facet normal -0.882028 -0.408068 -0.235598
    outer loop
      vertex -49.2021 -30.1225 26.0814
      vertex -48.977 -26.5374 19.0291
      vertex -48.977 -30.4874 25.8707
    endloop
  endfacet
  facet normal -0.935896 -0.30508 -0.176138
    outer loop
      vertex -49.3993 -25.7957 19.4573
      vertex -49.5676 -29.3585 26.5225
      vertex -49.5676 -25.4085 19.6809
    endloop
  endfacet
  facet normal -0.935896 -0.30508 -0.176138
    outer loop
      vertex -49.5676 -29.3585 26.5225
      vertex -49.3993 -25.7957 19.4573
      vertex -49.3993 -29.7457 26.2989
    endloop
  endfacet
  facet normal 0.910806 -0.357525 -0.206417
    outer loop
      vertex 49.3993 -29.7457 26.2989
      vertex 49.2021 -26.1725 19.2398
      vertex 49.3993 -25.7957 19.4573
    endloop
  endfacet
  facet normal 0.910806 -0.357525 -0.206417
    outer loop
      vertex 49.2021 -26.1725 19.2398
      vertex 49.3993 -29.7457 26.2989
      vertex 49.2021 -30.1225 26.0814
    endloop
  endfacet
  facet normal 0.956977 -0.25129 -0.145082
    outer loop
      vertex 49.7062 -28.9626 26.751
      vertex 49.5676 -25.4085 19.6809
      vertex 49.7062 -25.0126 19.9094
    endloop
  endfacet
  facet normal 0.956977 -0.25129 -0.145082
    outer loop
      vertex 49.5676 -25.4085 19.6809
      vertex 49.7062 -28.9626 26.751
      vertex 49.5676 -29.3585 26.5225
    endloop
  endfacet
  facet normal 0.634291 -0.669519 -0.386547
    outer loop
      vertex 47.0989 -32.3419 24.8
      vertex 47.4682 -28.0795 18.0233
      vertex 47.4682 -32.0795 24.9515
    endloop
  endfacet
  facet normal 0.634291 -0.669519 -0.386547
    outer loop
      vertex 47.4682 -28.0795 18.0233
      vertex 47.0989 -32.3419 24.8
      vertex 47.0989 -28.3419 17.8718
    endloop
  endfacet
  facet normal 0.352323 -0.810494 -0.467939
    outer loop
      vertex 45.0015 -33.3129 24.2394
      vertex 45.4486 -29.1671 17.3953
      vertex 45.4486 -33.1671 24.3235
    endloop
  endfacet
  facet normal 0.352323 -0.810494 -0.467939
    outer loop
      vertex 45.4486 -29.1671 17.3953
      vertex 45.0015 -33.3129 24.2394
      vertex 45.0015 -29.3129 17.3112
    endloop
  endfacet
  facet normal -0.471373 0.763777 0.440967
    outer loop
      vertex -45.8837 28.9964 50.9761
      vertex -46.305 24.8014 57.7917
      vertex -45.8837 24.9964 57.9043
    endloop
  endfacet
  facet normal -0.471373 0.763777 0.440967
    outer loop
      vertex -46.305 24.8014 57.7917
      vertex -45.8837 28.9964 50.9761
      vertex -46.305 28.8014 50.8635
    endloop
  endfacet
  facet normal -0.729951 0.591928 0.34175
    outer loop
      vertex -48.1434 27.4447 50.1957
      vertex -47.8169 23.7967 57.2116
      vertex -47.8169 27.7467 50.37
    endloop
  endfacet
  facet normal -0.729951 0.591928 0.34175
    outer loop
      vertex -47.8169 23.7967 57.2116
      vertex -48.1434 27.4447 50.1957
      vertex -48.1434 23.4947 57.0373
    endloop
  endfacet
  facet normal -0.81293 0.50434 0.291181
    outer loop
      vertex -48.7247 26.7887 49.8169
      vertex -48.4465 23.175 56.8527
      vertex -48.4465 27.125 50.0111
    endloop
  endfacet
  facet normal -0.81293 0.50434 0.291181
    outer loop
      vertex -48.4465 23.175 56.8527
      vertex -48.7247 26.7887 49.8169
      vertex -48.7247 22.8387 56.6585
    endloop
  endfacet
  facet normal -0.683463 0.632181 0.365001
    outer loop
      vertex -47.555 27.9591 50.4927
      vertex -47.4682 28.0795 50.4467
      vertex -47.555 28.0091 50.4061
    endloop
  endfacet
  facet normal -0.683468 0.632181 0.36499
    outer loop
      vertex -47.555 27.9591 50.4927
      vertex -47.4682 24.0795 57.3749
      vertex -47.4682 28.0795 50.4467
    endloop
  endfacet
  facet normal -0.683589 0.632084 0.364934
    outer loop
      vertex -47.8169 23.7967 57.2116
      vertex -47.555 27.9591 50.4927
      vertex -47.8169 27.7467 50.37
    endloop
  endfacet
  facet normal -0.683558 0.632108 0.36495
    outer loop
      vertex -47.555 27.9591 50.4927
      vertex -47.8169 23.7967 57.2116
      vertex -47.4682 24.0795 57.3749
    endloop
  endfacet
  facet normal -0.227203 0.843377 0.486924
    outer loop
      vertex -44.0791 29.5269 51.2824
      vertex -44.5444 25.4329 58.1563
      vertex -44.0791 25.5269 58.2106
    endloop
  endfacet
  facet normal -0.227203 0.843377 0.486924
    outer loop
      vertex -44.5444 25.4329 58.1563
      vertex -44.0791 29.5269 51.2824
      vertex -44.5444 29.4329 51.2281
    endloop
  endfacet
  facet normal -0.772876 0.549543 0.317279
    outer loop
      vertex -48.4465 27.125 50.0111
      vertex -48.1434 23.4947 57.0373
      vertex -48.1434 27.4447 50.1957
    endloop
  endfacet
  facet normal -0.772876 0.549543 0.317279
    outer loop
      vertex -48.1434 23.4947 57.0373
      vertex -48.4465 27.125 50.0111
      vertex -48.4465 23.175 56.8527
    endloop
  endfacet
  facet normal -0.162878 0.854459 0.493325
    outer loop
      vertex 41.6792 -28.9484 20.9857
      vertex 41.2078 -31.5158 25.2769
      vertex 41.6792 -31.4484 25.3158
    endloop
  endfacet
  facet normal -0.162878 0.854459 0.493325
    outer loop
      vertex 41.2078 -31.5158 25.2769
      vertex 41.6792 -28.9484 20.9857
      vertex 41.2078 -29.0158 20.9468
    endloop
  endfacet
  facet normal 0.0980955 -0.861847 -0.497591
    outer loop
      vertex -41.2078 23.5158 57.0495
      vertex -40.7324 26.0564 52.7428
      vertex -40.7324 23.5564 57.0729
    endloop
  endfacet
  facet normal 0.0981992 -0.861843 -0.497577
    outer loop
      vertex -40.7324 26.0564 52.7428
      vertex -41.2078 23.5158 57.0495
      vertex -41.2078 26.0158 52.7193
    endloop
  endfacet
  facet normal -0.0980955 0.861847 0.497591
    outer loop
      vertex 41.2078 -29.0158 20.9468
      vertex 40.7324 -31.5564 25.2535
      vertex 41.2078 -31.5158 25.2769
    endloop
  endfacet
  facet normal -0.0980955 0.861847 0.497591
    outer loop
      vertex 40.7324 -31.5564 25.2535
      vertex 41.2078 -29.0158 20.9468
      vertex 40.7324 -29.0564 20.9234
    endloop
  endfacet
  facet normal -0.6344 -0.669441 -0.386504
    outer loop
      vertex 44.6989 24.7635 51.9963
      vertex 45.0682 22.001 56.1749
      vertex 44.6989 22.2635 56.3264
    endloop
  endfacet
  facet normal -0.6344 -0.669441 -0.386504
    outer loop
      vertex 45.0682 22.001 56.1749
      vertex 44.6989 24.7635 51.9963
      vertex 45.0682 24.501 51.8448
    endloop
  endfacet
  facet normal 0.995169 -0.0850251 -0.0490896
    outer loop
      vertex -47.4925 18.0731 53.9071
      vertex -47.5394 20.1614 49.3393
      vertex -47.4925 20.5731 49.577
    endloop
  endfacet
  facet normal 0.995169 -0.0850251 -0.0490896
    outer loop
      vertex -47.5394 20.1614 49.3393
      vertex -47.4925 18.0731 53.9071
      vertex -47.5394 17.6614 53.6694
    endloop
  endfacet
  facet normal 0 0.866024 0.500002
    outer loop
      vertex 40.255 -29.0699 20.9156
      vertex -40.255 -31.5699 25.2457
      vertex 40.255 -31.5699 25.2457
    endloop
  endfacet
  facet normal 0 0.866024 0.500002
    outer loop
      vertex -40.255 -31.5699 25.2457
      vertex 40.255 -29.0699 20.9156
      vertex -40.255 -29.0699 20.9156
    endloop
  endfacet
  facet normal -0.0326415 -0.865563 -0.499736
    outer loop
      vertex 40.255 26.0699 52.7506
      vertex 40.7324 23.5564 57.0729
      vertex 40.255 23.5699 57.0807
    endloop
  endfacet
  facet normal -0.0326415 -0.865563 -0.499736
    outer loop
      vertex 40.7324 23.5564 57.0729
      vertex 40.255 26.0699 52.7506
      vertex 40.7324 26.0564 52.7428
    endloop
  endfacet
  facet normal 0 -0.866024 -0.500002
    outer loop
      vertex -40.255 26.0699 52.7506
      vertex 40.255 23.5699 57.0807
      vertex -40.255 23.5699 57.0807
    endloop
  endfacet
  facet normal 0 -0.866024 -0.500002
    outer loop
      vertex 40.255 23.5699 57.0807
      vertex -40.255 26.0699 52.7506
      vertex 40.255 26.0699 52.7506
    endloop
  endfacet
  facet normal -0.729915 0.59196 0.34177
    outer loop
      vertex 45.4169 -27.2182 21.9846
      vertex 45.7434 -29.4163 26.4891
      vertex 45.7434 -26.9163 22.159
    endloop
  endfacet
  facet normal -0.729867 0.592008 0.34179
    outer loop
      vertex 45.7434 -29.4163 26.4891
      vertex 45.4169 -27.2182 21.9846
      vertex 45.4169 -29.7182 26.3148
    endloop
  endfacet
  facet normal 0.683558 -0.632108 -0.36495
    outer loop
      vertex -45.0682 22.001 56.1749
      vertex -45.4169 24.2182 51.6815
      vertex -45.0682 24.501 51.8448
    endloop
  endfacet
  facet normal 0.683558 -0.632108 -0.36495
    outer loop
      vertex -45.4169 24.2182 51.6815
      vertex -45.0682 22.001 56.1749
      vertex -45.4169 21.7182 56.0116
    endloop
  endfacet
  facet normal 0.999467 -0.0282809 -0.0163281
    outer loop
      vertex -47.5394 17.6614 53.6694
      vertex -47.555 19.7479 49.1006
      vertex -47.5394 20.1614 49.3393
    endloop
  endfacet
  facet normal 0.999467 -0.0282809 -0.0163281
    outer loop
      vertex -47.555 19.7479 49.1006
      vertex -47.5394 17.6614 53.6694
      vertex -47.555 17.2479 53.4307
    endloop
  endfacet
  facet normal -0.0326415 0.865563 0.499736
    outer loop
      vertex 40.7324 -29.0564 20.9234
      vertex 40.255 -31.5699 25.2457
      vertex 40.7324 -31.5564 25.2535
    endloop
  endfacet
  facet normal -0.0326415 0.865563 0.499736
    outer loop
      vertex 40.255 -31.5699 25.2457
      vertex 40.7324 -29.0564 20.9234
      vertex 40.255 -29.0699 20.9156
    endloop
  endfacet
  facet normal -0.352165 -0.810545 -0.467971
    outer loop
      vertex 42.6015 25.7344 52.5569
      vertex 43.0486 23.0887 56.8029
      vertex 42.6015 23.2344 56.887
    endloop
  endfacet
  facet normal -0.352256 -0.81052 -0.467946
    outer loop
      vertex 43.0486 23.0887 56.8029
      vertex 42.6015 25.7344 52.5569
      vertex 43.0486 25.5887 52.4727
    endloop
  endfacet
  facet normal 0.0326415 -0.865563 -0.499736
    outer loop
      vertex -40.7324 23.5564 57.0729
      vertex -40.255 26.0699 52.7506
      vertex -40.255 23.5699 57.0807
    endloop
  endfacet
  facet normal 0.0326415 -0.865563 -0.499736
    outer loop
      vertex -40.255 26.0699 52.7506
      vertex -40.7324 23.5564 57.0729
      vertex -40.7324 26.0564 52.7428
    endloop
  endfacet
  facet normal -0.999467 -0.0282809 -0.0163281
    outer loop
      vertex 47.555 19.7479 49.1006
      vertex 47.5394 17.6614 53.6694
      vertex 47.5394 20.1614 49.3393
    endloop
  endfacet
  facet normal -0.999467 -0.0282809 -0.0163281
    outer loop
      vertex 47.5394 17.6614 53.6694
      vertex 47.555 19.7479 49.1006
      vertex 47.555 17.2479 53.4307
    endloop
  endfacet
  facet normal -0.999467 0.0282809 0.0163281
    outer loop
      vertex 47.5394 -23.1614 24.3269
      vertex 47.555 -25.2479 28.8957
      vertex 47.555 -22.7479 24.5656
    endloop
  endfacet
  facet normal -0.999467 0.0282809 0.0163281
    outer loop
      vertex 47.555 -25.2479 28.8957
      vertex 47.5394 -23.1614 24.3269
      vertex 47.5394 -25.6614 28.657
    endloop
  endfacet
  facet normal -0.471373 0.763776 0.440969
    outer loop
      vertex 43.905 -28.2229 21.4046
      vertex 43.4837 -30.9179 25.6221
      vertex 43.905 -30.7229 25.7347
    endloop
  endfacet
  facet normal -0.471373 0.763776 0.440969
    outer loop
      vertex 43.4837 -30.9179 25.6221
      vertex 43.905 -28.2229 21.4046
      vertex 43.4837 -28.4179 21.292
    endloop
  endfacet
  facet normal 0.412839 -0.788783 -0.455396
    outer loop
      vertex -43.4837 22.9179 56.7043
      vertex -43.0486 25.5887 52.4727
      vertex -43.0486 23.0887 56.8029
    endloop
  endfacet
  facet normal 0.412752 -0.788812 -0.455424
    outer loop
      vertex -43.0486 25.5887 52.4727
      vertex -43.4837 22.9179 56.7043
      vertex -43.4837 25.4179 52.3742
    endloop
  endfacet
  facet normal 0.910916 -0.357317 -0.206293
    outer loop
      vertex -46.8022 20.0441 55.0451
      vertex -46.9993 22.1672 50.4974
      vertex -46.8022 22.5441 50.7149
    endloop
  endfacet
  facet normal 0.910934 -0.357281 -0.206277
    outer loop
      vertex -46.9993 22.1672 50.4974
      vertex -46.8022 20.0441 55.0451
      vertex -46.9993 19.6672 54.8275
    endloop
  endfacet
  facet normal 0.812894 -0.504385 -0.291202
    outer loop
      vertex -46.0465 21.0965 55.6527
      vertex -46.3247 23.2602 51.1284
      vertex -46.0465 23.5965 51.3225
    endloop
  endfacet
  facet normal 0.81293 -0.50434 -0.291182
    outer loop
      vertex -46.3247 23.2602 51.1284
      vertex -46.0465 21.0965 55.6527
      vertex -46.3247 20.7602 55.4585
    endloop
  endfacet
  facet normal 0.881878 0.408314 0.235736
    outer loop
      vertex -46.8022 -28.0441 27.2814
      vertex -46.577 -25.9089 22.7406
      vertex -46.8022 -25.5441 22.9512
    endloop
  endfacet
  facet normal 0.881901 0.408274 0.235718
    outer loop
      vertex -46.577 -25.9089 22.7406
      vertex -46.8022 -28.0441 27.2814
      vertex -46.577 -28.4089 27.0707
    endloop
  endfacet
  facet normal 1 0 0
    outer loop
      vertex -47.555 17.2479 53.4307
      vertex -47.555 -22.7479 24.5656
      vertex -47.555 19.7479 49.1006
    endloop
  endfacet
  facet normal 1 0 -0
    outer loop
      vertex -47.555 -22.7479 24.5656
      vertex -47.555 17.2479 53.4307
      vertex -47.555 -25.2479 28.8957
    endloop
  endfacet
  facet normal -0.000117703 -0.500139 0.865945
    outer loop
      vertex -32.6741 17.5766 47.8469
      vertex -6.27811 1.18123 38.3811
      vertex -32.5359 17.7691 47.9581
    endloop
  endfacet
  facet normal 4.87344e-05 -0.500085 0.865976
    outer loop
      vertex -20 -17.0885 27.8331
      vertex -32.0086 -22.2746 24.8389
      vertex -32 -22.5011 24.7081
    endloop
  endfacet
  facet normal 1.78265e-05 -0.499976 0.866039
    outer loop
      vertex -6.27811 1.18123 38.3811
      vertex -32.6741 17.5766 47.8469
      vertex -6.46716 0.819894 38.1725
    endloop
  endfacet
  facet normal -7.96344e-05 -0.499862 0.866105
    outer loop
      vertex -20 -17.0885 27.8331
      vertex -32.0342 -22.049 24.9691
      vertex -32.0086 -22.2746 24.8389
    endloop
  endfacet
  facet normal 0.000205721 -0.499755 0.866167
    outer loop
      vertex -32.8266 17.3923 47.7406
      vertex -6.46716 0.819894 38.1725
      vertex -32.6741 17.5766 47.8469
    endloop
  endfacet
  facet normal 6.55459e-05 -0.500126 0.865952
    outer loop
      vertex -20 -17.0885 27.8331
      vertex -32.0769 -21.8253 25.0983
      vertex -32.0342 -22.049 24.9691
    endloop
  endfacet
  facet normal -5.25566e-05 -0.500063 0.865989
    outer loop
      vertex -6.46716 0.819894 38.1725
      vertex -32.8266 17.3923 47.7406
      vertex -6.62851 0.448622 37.9581
    endloop
  endfacet
  facet normal -0.000110333 -0.49979 0.866147
    outer loop
      vertex -20 -17.0885 27.8331
      vertex -32.1363 -21.6045 25.2257
      vertex -32.0769 -21.8253 25.0983
    endloop
  endfacet
  facet normal -9.43119e-05 -0.500112 0.865961
    outer loop
      vertex -32.9926 17.2171 47.6394
      vertex -6.62851 0.448622 37.9581
      vertex -32.8266 17.3923 47.7406
    endloop
  endfacet
  facet normal 9.01364e-05 -0.500194 0.865913
    outer loop
      vertex -20 -17.0885 27.8331
      vertex -32.2123 -21.3876 25.351
      vertex -32.1363 -21.6045 25.2257
    endloop
  endfacet
  facet normal -3.42269e-05 -0.500041 0.866002
    outer loop
      vertex -6.62851 0.448622 37.9581
      vertex -32.9926 17.2171 47.6394
      vertex -6.76148 0.069007 37.7389
    endloop
  endfacet
  facet normal -7.06349e-05 -0.499852 0.866111
    outer loop
      vertex -20 -17.0885 27.8331
      vertex -32.3045 -21.1755 25.4734
      vertex -32.2123 -21.3876 25.351
    endloop
  endfacet
  facet normal 0.000103999 -0.499882 0.866093
    outer loop
      vertex -33.1716 17.0516 47.5439
      vertex -6.76148 0.069007 37.7389
      vertex -32.9926 17.2171 47.6394
    endloop
  endfacet
  facet normal 8.741e-05 -0.500208 0.865905
    outer loop
      vertex -20 -17.0885 27.8331
      vertex -32.4125 -20.969 25.5927
      vertex -32.3045 -21.1755 25.4734
    endloop
  endfacet
  facet normal 6.48617e-05 -0.499928 0.866067
    outer loop
      vertex -6.76148 0.069007 37.7389
      vertex -33.1716 17.0516 47.5439
      vertex -6.8655 -0.317328 37.5159
    endloop
  endfacet
  facet normal -1.35344e-05 -0.499966 0.866045
    outer loop
      vertex -20 -17.0885 27.8331
      vertex -32.5359 -20.7691 25.7081
      vertex -32.4125 -20.969 25.5927
    endloop
  endfacet
  facet normal -0.000138443 -0.500159 0.865934
    outer loop
      vertex -33.3626 16.8967 47.4544
      vertex -6.8655 -0.317328 37.5159
      vertex -33.1716 17.0516 47.5439
    endloop
  endfacet
  facet normal -4.38229e-05 -0.499889 0.86609
    outer loop
      vertex -20 -17.0885 27.8331
      vertex -32.6741 -20.5766 25.8192
      vertex -32.5359 -20.7691 25.7081
    endloop
  endfacet
  facet normal 4.65389e-05 -0.499945 0.866057
    outer loop
      vertex -33.565 16.7529 47.3714
      vertex -6.8655 -0.317328 37.5159
      vertex -33.3626 16.8967 47.4544
    endloop
  endfacet
  facet normal -8.43454e-06 -0.499985 0.866034
    outer loop
      vertex -20 -17.0885 27.8331
      vertex -32.8266 -20.3923 25.9256
      vertex -32.6741 -20.5766 25.8192
    endloop
  endfacet
  facet normal -3.24044e-05 -0.500038 0.866003
    outer loop
      vertex -6.8655 -0.317328 37.5159
      vertex -33.565 16.7529 47.3714
      vertex -6.94011 -0.708727 37.2899
    endloop
  endfacet
  facet normal 4.66353e-05 -0.500146 0.865941
    outer loop
      vertex -20 -17.0885 27.8331
      vertex -32.9926 -20.2171 26.0268
      vertex -32.8266 -20.3923 25.9256
    endloop
  endfacet
  facet normal -6.65829e-05 -0.500077 0.865981
    outer loop
      vertex -33.7777 16.6208 47.2951
      vertex -6.94011 -0.708727 37.2899
      vertex -33.565 16.7529 47.3714
    endloop
  endfacet
  facet normal -5.1562e-05 -0.49984 0.866118
    outer loop
      vertex -20 -17.0885 27.8331
      vertex -33.1716 -20.0516 26.1223
      vertex -32.9926 -20.2171 26.0268
    endloop
  endfacet
  facet normal 3.68308e-05 -0.499957 0.86605
    outer loop
      vertex -6.94011 -0.708727 37.2899
      vertex -33.7777 16.6208 47.2951
      vertex -6.98501 -1.10351 37.062
    endloop
  endfacet
  facet normal 6.46306e-05 -0.500227 0.865894
    outer loop
      vertex -20 -17.0885 27.8331
      vertex -33.3626 -19.8967 26.2118
      vertex -33.1716 -20.0516 26.1223
    endloop
  endfacet
  facet normal 1.53252e-07 -0.499999 0.866026
    outer loop
      vertex -6.98501 -1.10351 37.062
      vertex -33.7777 16.6208 47.2951
      vertex -20 -17.0885 27.8331
    endloop
  endfacet
  facet normal -2.16838e-05 -0.499919 0.866072
    outer loop
      vertex -20 -17.0885 27.8331
      vertex -33.565 -19.7529 26.2948
      vertex -33.3626 -19.8967 26.2118
    endloop
  endfacet
  facet normal 2.73532e-05 -0.49999 0.866031
    outer loop
      vertex -34 16.5011 47.226
      vertex -20 -17.0885 27.8331
      vertex -33.7777 16.6208 47.2951
    endloop
  endfacet
  facet normal -6.68912e-05 -0.499746 0.866172
    outer loop
      vertex -20 -17.0885 27.8331
      vertex -33.7777 -19.6208 26.371
      vertex -33.565 -19.7529 26.2948
    endloop
  endfacet
  facet normal -0.000123294 -0.500037 0.866004
    outer loop
      vertex -34.2308 16.3943 47.1643
      vertex -20 -17.0885 27.8331
      vertex -34 16.5011 47.226
    endloop
  endfacet
  facet normal -1.23087e-05 -0.499969 0.866043
    outer loop
      vertex -20 -17.0885 27.8331
      vertex -34 -19.5011 26.4401
      vertex -33.7777 -19.6208 26.371
    endloop
  endfacet
  facet normal 0.000123538 -0.499959 0.866049
    outer loop
      vertex -34.4693 16.3007 47.1103
      vertex -20 -17.0885 27.8331
      vertex -34.2308 16.3943 47.1643
    endloop
  endfacet
  facet normal 3.5877e-05 -0.500179 0.865922
    outer loop
      vertex -20 -17.0885 27.8331
      vertex -34.2308 -19.3943 26.5018
      vertex -34 -19.5011 26.4401
    endloop
  endfacet
  facet normal -8.55239e-05 -0.500027 0.86601
    outer loop
      vertex -34.7142 16.2209 47.0642
      vertex -20 -17.0885 27.8331
      vertex -34.4693 16.3007 47.1103
    endloop
  endfacet
  facet normal -4.44037e-05 -0.499807 0.866137
    outer loop
      vertex -20 -17.0885 27.8331
      vertex -34.4693 -19.3007 26.5558
      vertex -34.2308 -19.3943 26.5018
    endloop
  endfacet
  facet normal -3.54655e-06 -0.499999 0.866026
    outer loop
      vertex -34.7142 -19.2209 26.6019
      vertex -20 -17.0885 27.8331
      vertex -34.7142 16.2209 47.0642
    endloop
  endfacet
  facet normal 2.75029e-05 -0.50016 0.865933
    outer loop
      vertex -20 -17.0885 27.8331
      vertex -34.7142 -19.2209 26.6019
      vertex -34.4693 -19.3007 26.5558
    endloop
  endfacet
  facet normal -3.60001e-05 -0.499999 0.866026
    outer loop
      vertex -34.9647 16.1551 47.0262
      vertex -34.7142 -19.2209 26.6019
      vertex -34.7142 16.2209 47.0642
    endloop
  endfacet
  facet normal 3.61343e-05 -0.499999 0.866026
    outer loop
      vertex -34.9647 16.1551 47.0262
      vertex -34.9647 -19.1551 26.6399
      vertex -34.7142 -19.2209 26.6019
    endloop
  endfacet
  facet normal 0.000113684 -0.499999 0.866026
    outer loop
      vertex -35.2196 16.1036 46.9965
      vertex -34.9647 -19.1551 26.6399
      vertex -34.9647 16.1551 47.0262
    endloop
  endfacet
  facet normal -0.000114016 -0.5 0.866025
    outer loop
      vertex -35.2196 16.1036 46.9965
      vertex -35.2196 -19.1036 26.6696
      vertex -34.9647 -19.1551 26.6399
    endloop
  endfacet
  facet normal 1.42131e-05 -0.5 0.866025
    outer loop
      vertex -35.4779 16.0667 46.9752
      vertex -35.2196 -19.1036 26.6696
      vertex -35.2196 16.1036 46.9965
    endloop
  endfacet
  facet normal 0.000321388 -0.499999 0.866026
    outer loop
      vertex -35.4779 16.0667 46.9752
      vertex -35.4779 -19.0667 26.691
      vertex -35.2196 -19.1036 26.6696
    endloop
  endfacet
  facet normal 0.000248875 -0.499999 0.866026
    outer loop
      vertex -35.7384 16.0444 46.9624
      vertex -35.4779 -19.0667 26.691
      vertex -35.4779 16.0667 46.9752
    endloop
  endfacet
  facet normal -0.000249191 -0.500001 0.866025
    outer loop
      vertex -35.7384 16.0444 46.9624
      vertex -35.7384 -19.0444 26.7038
      vertex -35.4779 -19.0667 26.691
    endloop
  endfacet
  facet normal -9.13459e-05 -0.500001 0.866025
    outer loop
      vertex -36 16.037 46.9581
      vertex -35.7384 -19.0444 26.7038
      vertex -35.7384 16.0444 46.9624
    endloop
  endfacet
  facet normal 9.13845e-05 -0.5 0.866025
    outer loop
      vertex -36 16.037 46.9581
      vertex -36 -19.037 26.7081
      vertex -35.7384 -19.0444 26.7038
    endloop
  endfacet
  facet normal 9.13845e-05 -0.5 0.866025
    outer loop
      vertex -36.2616 16.0444 46.9624
      vertex -36 -19.037 26.7081
      vertex -36 16.037 46.9581
    endloop
  endfacet
  facet normal -9.13459e-05 -0.500001 0.866025
    outer loop
      vertex -36.2616 16.0444 46.9624
      vertex -36.2616 -19.0444 26.7038
      vertex -36 -19.037 26.7081
    endloop
  endfacet
  facet normal -0.000249191 -0.500001 0.866025
    outer loop
      vertex -36.5221 16.0667 46.9752
      vertex -36.2616 -19.0444 26.7038
      vertex -36.2616 16.0444 46.9624
    endloop
  endfacet
  facet normal 0.000248875 -0.499999 0.866026
    outer loop
      vertex -36.5221 16.0667 46.9752
      vertex -36.5221 -19.0667 26.691
      vertex -36.2616 -19.0444 26.7038
    endloop
  endfacet
  facet normal -1.38908e-05 -0.499999 0.866026
    outer loop
      vertex -36.7804 16.1036 46.9965
      vertex -36.5221 -19.0667 26.691
      vertex -36.5221 16.0667 46.9752
    endloop
  endfacet
  facet normal -0.000321066 -0.5 0.866025
    outer loop
      vertex -36.7804 16.1036 46.9965
      vertex -36.7804 -19.1036 26.6696
      vertex -36.5221 -19.0667 26.691
    endloop
  endfacet
  facet normal -0.000114016 -0.5 0.866025
    outer loop
      vertex -37.0353 16.1551 47.0262
      vertex -36.7804 -19.1036 26.6696
      vertex -36.7804 16.1036 46.9965
    endloop
  endfacet
  facet normal 0.000113684 -0.499999 0.866026
    outer loop
      vertex -37.0353 16.1551 47.0262
      vertex -37.0353 -19.1551 26.6399
      vertex -36.7804 -19.1036 26.6696
    endloop
  endfacet
  facet normal 3.61343e-05 -0.499999 0.866026
    outer loop
      vertex -37.2858 16.2209 47.0642
      vertex -37.0353 -19.1551 26.6399
      vertex -37.0353 16.1551 47.0262
    endloop
  endfacet
  facet normal -3.60001e-05 -0.499999 0.866026
    outer loop
      vertex -37.2858 16.2209 47.0642
      vertex -37.2858 -19.2209 26.6019
      vertex -37.0353 -19.1551 26.6399
    endloop
  endfacet
  facet normal 9.73255e-05 -0.499999 0.866026
    outer loop
      vertex -37.5307 16.3007 47.1103
      vertex -37.2858 -19.2209 26.6019
      vertex -37.2858 16.2209 47.0642
    endloop
  endfacet
  facet normal -9.68892e-05 -0.5 0.866025
    outer loop
      vertex -37.5307 16.3007 47.1103
      vertex -37.5307 -19.3007 26.5558
      vertex -37.2858 -19.2209 26.6019
    endloop
  endfacet
  facet normal -0.000145403 -0.5 0.866025
    outer loop
      vertex -37.7692 16.3943 47.1643
      vertex -37.5307 -19.3007 26.5558
      vertex -37.5307 16.3007 47.1103
    endloop
  endfacet
  facet normal 0.000144642 -0.499999 0.866026
    outer loop
      vertex -37.7692 16.3943 47.1643
      vertex -37.7692 -19.3943 26.5018
      vertex -37.5307 -19.3007 26.5558
    endloop
  endfacet
  facet normal 0.000146954 -0.499999 0.866026
    outer loop
      vertex -38 16.5011 47.226
      vertex -37.7692 -19.3943 26.5018
      vertex -37.7692 16.3943 47.1643
    endloop
  endfacet
  facet normal -0.000146082 -0.5 0.866025
    outer loop
      vertex -38 16.5011 47.226
      vertex -38 -19.5011 26.4401
      vertex -37.7692 -19.3943 26.5018
    endloop
  endfacet
  facet normal -3.46495e-05 -0.5 0.866025
    outer loop
      vertex -38.2223 16.6208 47.2951
      vertex -38 -19.5011 26.4401
      vertex -38 16.5011 47.226
    endloop
  endfacet
  facet normal 3.44206e-05 -0.5 0.866025
    outer loop
      vertex -38.2223 16.6208 47.2951
      vertex -38.2223 -19.6208 26.371
      vertex -38 -19.5011 26.4401
    endloop
  endfacet
  facet normal 0.000130374 -0.5 0.866025
    outer loop
      vertex -38.435 16.7529 47.3714
      vertex -38.2223 -19.6208 26.371
      vertex -38.2223 16.6208 47.2951
    endloop
  endfacet
  facet normal 0.000276255 -0.499999 0.866026
    outer loop
      vertex -38.435 16.7529 47.3714
      vertex -38.435 -19.7529 26.2948
      vertex -38.2223 -19.6208 26.371
    endloop
  endfacet
  facet normal 9.08304e-05 -0.4998 0.866141
    outer loop
      vertex -47.555 19.7479 49.1006
      vertex -38.435 16.7529 47.3714
      vertex -38.6374 16.8967 47.4544
    endloop
  endfacet
  facet normal 3.67383e-06 -0.499999 0.866026
    outer loop
      vertex -38.435 16.7529 47.3714
      vertex -47.555 19.7479 49.1006
      vertex -38.435 -19.7529 26.2948
    endloop
  endfacet
  facet normal -0.000192467 -0.500465 0.865757
    outer loop
      vertex -47.555 19.7479 49.1006
      vertex -38.6374 16.8967 47.4544
      vertex -38.8284 17.0516 47.5439
    endloop
  endfacet
  facet normal -3.15599e-06 -0.500001 0.866025
    outer loop
      vertex -47.555 -22.7479 24.5656
      vertex -38.435 -19.7529 26.2948
      vertex -47.555 19.7479 49.1006
    endloop
  endfacet
  facet normal 0.000123587 -0.499698 0.8662
    outer loop
      vertex -47.555 19.7479 49.1006
      vertex -38.8284 17.0516 47.5439
      vertex -39.0074 17.2171 47.6394
    endloop
  endfacet
  facet normal -9.08304e-05 -0.4998 0.866141
    outer loop
      vertex -38.435 -19.7529 26.2948
      vertex -47.555 -22.7479 24.5656
      vertex -38.6374 -19.8967 26.2118
    endloop
  endfacet
  facet normal -9.21958e-05 -0.500244 0.865884
    outer loop
      vertex -47.555 19.7479 49.1006
      vertex -39.0074 17.2171 47.6394
      vertex -39.1734 17.3923 47.7406
    endloop
  endfacet
  facet normal 0.000192467 -0.500465 0.865757
    outer loop
      vertex -38.6374 -19.8967 26.2118
      vertex -47.555 -22.7479 24.5656
      vertex -38.8284 -20.0516 26.1223
    endloop
  endfacet
  facet normal 0.000181022 -0.499515 0.866305
    outer loop
      vertex -47.555 19.7479 49.1006
      vertex -39.1734 17.3923 47.7406
      vertex -39.3259 17.5766 47.8469
    endloop
  endfacet
  facet normal -0.000123587 -0.499698 0.8662
    outer loop
      vertex -38.8284 -20.0516 26.1223
      vertex -47.555 -22.7479 24.5656
      vertex -39.0074 -20.2171 26.0268
    endloop
  endfacet
  facet normal -7.5062e-05 -0.500243 0.865885
    outer loop
      vertex -47.555 19.7479 49.1006
      vertex -39.3259 17.5766 47.8469
      vertex -39.4641 17.7691 47.9581
    endloop
  endfacet
  facet normal 9.21958e-05 -0.500244 0.865884
    outer loop
      vertex -39.0074 -20.2171 26.0268
      vertex -47.555 -22.7479 24.5656
      vertex -39.1734 -20.3923 25.9256
    endloop
  endfacet
  facet normal 2.03271e-05 -0.499951 0.866054
    outer loop
      vertex -47.555 19.7479 49.1006
      vertex -39.4641 17.7691 47.9581
      vertex -39.5875 17.969 48.0735
    endloop
  endfacet
  facet normal -8.88321e-06 -0.499975 0.86604
    outer loop
      vertex -39.1734 -20.3923 25.9256
      vertex -47.555 -22.7479 24.5656
      vertex -39.3259 -20.5766 25.8192
    endloop
  endfacet
  facet normal 3.05564e-05 -0.499916 0.866074
    outer loop
      vertex -47.555 19.7479 49.1006
      vertex -39.5875 17.969 48.0735
      vertex -39.6955 18.1755 48.1927
    endloop
  endfacet
  facet normal -5.83945e-05 -0.499834 0.866121
    outer loop
      vertex -39.3259 -20.5766 25.8192
      vertex -47.555 -22.7479 24.5656
      vertex -39.4641 -20.7691 25.7081
    endloop
  endfacet
  facet normal -3.03871e-05 -0.500145 0.865942
    outer loop
      vertex -47.555 19.7479 49.1006
      vertex -39.6955 18.1755 48.1927
      vertex -39.7877 18.3876 48.3152
    endloop
  endfacet
  facet normal -2.03271e-05 -0.499951 0.866054
    outer loop
      vertex -39.4641 -20.7691 25.7081
      vertex -47.555 -22.7479 24.5656
      vertex -39.5875 -20.969 25.5927
    endloop
  endfacet
  facet normal 2.39338e-05 -0.499912 0.866076
    outer loop
      vertex -47.555 19.7479 49.1006
      vertex -39.7877 18.3876 48.3152
      vertex -39.8637 18.6045 48.4404
    endloop
  endfacet
  facet normal 7.54464e-05 -0.500272 0.865868
    outer loop
      vertex -39.5875 -20.969 25.5927
      vertex -47.555 -22.7479 24.5656
      vertex -39.6955 -21.1755 25.4734
    endloop
  endfacet
  facet normal -6.02355e-06 -0.500063 0.865989
    outer loop
      vertex -47.555 19.7479 49.1006
      vertex -39.8637 18.6045 48.4404
      vertex -39.9231 18.8253 48.5679
    endloop
  endfacet
  facet normal -4.70163e-05 -0.499813 0.866133
    outer loop
      vertex -39.6955 -21.1755 25.4734
      vertex -47.555 -22.7479 24.5656
      vertex -39.7877 -21.3876 25.351
    endloop
  endfacet
  facet normal 2.97714e-05 -0.499841 0.866117
    outer loop
      vertex -47.555 19.7479 49.1006
      vertex -39.9231 18.8253 48.5679
      vertex -39.9658 19.049 48.697
    endloop
  endfacet
  facet normal 5.05569e-05 -0.500231 0.865892
    outer loop
      vertex -39.7877 -21.3876 25.351
      vertex -47.555 -22.7479 24.5656
      vertex -39.8637 -21.6045 25.2257
    endloop
  endfacet
  facet normal -7.41624e-06 -0.500144 0.865942
    outer loop
      vertex -47.555 19.7479 49.1006
      vertex -39.9658 19.049 48.697
      vertex -39.9914 19.2746 48.8273
    endloop
  endfacet
  facet normal -4.29915e-05 -0.499759 0.866164
    outer loop
      vertex -39.8637 -21.6045 25.2257
      vertex -47.555 -22.7479 24.5656
      vertex -39.9231 -21.8253 25.0983
    endloop
  endfacet
  facet normal -2.62972e-06 -0.500087 0.865975
    outer loop
      vertex -47.555 19.7479 49.1006
      vertex -39.9914 19.2746 48.8273
      vertex -40 19.5011 48.9581
    endloop
  endfacet
  facet normal 1.81355e-05 -0.500138 0.865946
    outer loop
      vertex -39.9231 -21.8253 25.0983
      vertex -47.555 -22.7479 24.5656
      vertex -39.9658 -22.049 24.9691
    endloop
  endfacet
  facet normal -2.97714e-05 -0.499841 0.866117
    outer loop
      vertex 39.9231 18.8253 48.5679
      vertex 47.555 19.7479 49.1006
      vertex 39.9658 19.049 48.697
    endloop
  endfacet
  facet normal -2.62972e-06 -0.500087 0.865975
    outer loop
      vertex 47.555 -22.7479 24.5656
      vertex 39.9914 -22.2746 24.8389
      vertex 40 -22.5011 24.7081
    endloop
  endfacet
  facet normal 6.02355e-06 -0.500063 0.865989
    outer loop
      vertex 39.8637 18.6045 48.4404
      vertex 47.555 19.7479 49.1006
      vertex 39.9231 18.8253 48.5679
    endloop
  endfacet
  facet normal 1.67779e-05 -0.499854 0.86611
    outer loop
      vertex 47.555 -22.7479 24.5656
      vertex 39.9658 -22.049 24.9691
      vertex 39.9914 -22.2746 24.8389
    endloop
  endfacet
  facet normal -2.39338e-05 -0.499912 0.866076
    outer loop
      vertex 39.7877 18.3876 48.3152
      vertex 47.555 19.7479 49.1006
      vertex 39.8637 18.6045 48.4404
    endloop
  endfacet
  facet normal -1.81355e-05 -0.500138 0.865946
    outer loop
      vertex 47.555 -22.7479 24.5656
      vertex 39.9231 -21.8253 25.0983
      vertex 39.9658 -22.049 24.9691
    endloop
  endfacet
  facet normal 3.03871e-05 -0.500145 0.865942
    outer loop
      vertex 39.6955 18.1755 48.1927
      vertex 47.555 19.7479 49.1006
      vertex 39.7877 18.3876 48.3152
    endloop
  endfacet
  facet normal 4.29915e-05 -0.499759 0.866164
    outer loop
      vertex 47.555 -22.7479 24.5656
      vertex 39.8637 -21.6045 25.2257
      vertex 39.9231 -21.8253 25.0983
    endloop
  endfacet
  facet normal -3.05564e-05 -0.499916 0.866074
    outer loop
      vertex 39.5875 17.969 48.0735
      vertex 47.555 19.7479 49.1006
      vertex 39.6955 18.1755 48.1927
    endloop
  endfacet
  facet normal -5.05569e-05 -0.500231 0.865892
    outer loop
      vertex 47.555 -22.7479 24.5656
      vertex 39.7877 -21.3876 25.351
      vertex 39.8637 -21.6045 25.2257
    endloop
  endfacet
  facet normal -2.03271e-05 -0.499951 0.866054
    outer loop
      vertex 39.4641 17.7691 47.9581
      vertex 47.555 19.7479 49.1006
      vertex 39.5875 17.969 48.0735
    endloop
  endfacet
  facet normal 4.70163e-05 -0.499813 0.866133
    outer loop
      vertex 47.555 -22.7479 24.5656
      vertex 39.6955 -21.1755 25.4734
      vertex 39.7877 -21.3876 25.351
    endloop
  endfacet
  facet normal 7.5062e-05 -0.500243 0.865885
    outer loop
      vertex 39.3259 17.5766 47.8469
      vertex 47.555 19.7479 49.1006
      vertex 39.4641 17.7691 47.9581
    endloop
  endfacet
  facet normal -7.54464e-05 -0.500272 0.865868
    outer loop
      vertex 47.555 -22.7479 24.5656
      vertex 39.5875 -20.969 25.5927
      vertex 39.6955 -21.1755 25.4734
    endloop
  endfacet
  facet normal -0.000181022 -0.499515 0.866305
    outer loop
      vertex 39.1734 17.3923 47.7406
      vertex 47.555 19.7479 49.1006
      vertex 39.3259 17.5766 47.8469
    endloop
  endfacet
  facet normal 2.03271e-05 -0.499951 0.866054
    outer loop
      vertex 47.555 -22.7479 24.5656
      vertex 39.4641 -20.7691 25.7081
      vertex 39.5875 -20.969 25.5927
    endloop
  endfacet
  facet normal 9.21958e-05 -0.500244 0.865884
    outer loop
      vertex 39.0074 17.2171 47.6394
      vertex 47.555 19.7479 49.1006
      vertex 39.1734 17.3923 47.7406
    endloop
  endfacet
  facet normal 5.83945e-05 -0.499834 0.866121
    outer loop
      vertex 47.555 -22.7479 24.5656
      vertex 39.3259 -20.5766 25.8192
      vertex 39.4641 -20.7691 25.7081
    endloop
  endfacet
  facet normal -0.000123587 -0.499698 0.8662
    outer loop
      vertex 38.8284 17.0516 47.5439
      vertex 47.555 19.7479 49.1006
      vertex 39.0074 17.2171 47.6394
    endloop
  endfacet
  facet normal 8.88321e-06 -0.499975 0.86604
    outer loop
      vertex 47.555 -22.7479 24.5656
      vertex 39.1734 -20.3923 25.9256
      vertex 39.3259 -20.5766 25.8192
    endloop
  endfacet
  facet normal 0.000192467 -0.500465 0.865757
    outer loop
      vertex 38.6374 16.8967 47.4544
      vertex 47.555 19.7479 49.1006
      vertex 38.8284 17.0516 47.5439
    endloop
  endfacet
  facet normal -9.21958e-05 -0.500244 0.865884
    outer loop
      vertex 47.555 -22.7479 24.5656
      vertex 39.0074 -20.2171 26.0268
      vertex 39.1734 -20.3923 25.9256
    endloop
  endfacet
  facet normal -9.08304e-05 -0.4998 0.866141
    outer loop
      vertex 38.435 16.7529 47.3714
      vertex 47.555 19.7479 49.1006
      vertex 38.6374 16.8967 47.4544
    endloop
  endfacet
  facet normal 0.000123587 -0.499698 0.8662
    outer loop
      vertex 47.555 -22.7479 24.5656
      vertex 38.8284 -20.0516 26.1223
      vertex 39.0074 -20.2171 26.0268
    endloop
  endfacet
  facet normal -3.15599e-06 -0.500001 0.866025
    outer loop
      vertex 47.555 19.7479 49.1006
      vertex 38.435 16.7529 47.3714
      vertex 47.555 -22.7479 24.5656
    endloop
  endfacet
  facet normal -0.000192467 -0.500465 0.865757
    outer loop
      vertex 47.555 -22.7479 24.5656
      vertex 38.6374 -19.8967 26.2118
      vertex 38.8284 -20.0516 26.1223
    endloop
  endfacet
  facet normal 3.67383e-06 -0.499999 0.866026
    outer loop
      vertex 38.435 -19.7529 26.2948
      vertex 47.555 -22.7479 24.5656
      vertex 38.435 16.7529 47.3714
    endloop
  endfacet
  facet normal 9.08304e-05 -0.4998 0.866141
    outer loop
      vertex 47.555 -22.7479 24.5656
      vertex 38.435 -19.7529 26.2948
      vertex 38.6374 -19.8967 26.2118
    endloop
  endfacet
  facet normal -0.000130903 -0.499999 0.866026
    outer loop
      vertex 38.2223 16.6208 47.2951
      vertex 38.435 -19.7529 26.2948
      vertex 38.435 16.7529 47.3714
    endloop
  endfacet
  facet normal -0.000276785 -0.5 0.866025
    outer loop
      vertex 38.2223 16.6208 47.2951
      vertex 38.2223 -19.6208 26.371
      vertex 38.435 -19.7529 26.2948
    endloop
  endfacet
  facet normal 3.44206e-05 -0.5 0.866025
    outer loop
      vertex 38 16.5011 47.226
      vertex 38.2223 -19.6208 26.371
      vertex 38.2223 16.6208 47.2951
    endloop
  endfacet
  facet normal -3.46495e-05 -0.5 0.866025
    outer loop
      vertex 38 16.5011 47.226
      vertex 38 -19.5011 26.4401
      vertex 38.2223 -19.6208 26.371
    endloop
  endfacet
  facet normal -0.000146082 -0.5 0.866025
    outer loop
      vertex 37.7692 16.3943 47.1643
      vertex 38 -19.5011 26.4401
      vertex 38 16.5011 47.226
    endloop
  endfacet
  facet normal 0.000146954 -0.499999 0.866026
    outer loop
      vertex 37.7692 16.3943 47.1643
      vertex 37.7692 -19.3943 26.5018
      vertex 38 -19.5011 26.4401
    endloop
  endfacet
  facet normal 0.000144642 -0.499999 0.866026
    outer loop
      vertex 37.5307 16.3007 47.1103
      vertex 37.7692 -19.3943 26.5018
      vertex 37.7692 16.3943 47.1643
    endloop
  endfacet
  facet normal -0.000145403 -0.5 0.866025
    outer loop
      vertex 37.5307 16.3007 47.1103
      vertex 37.5307 -19.3007 26.5558
      vertex 37.7692 -19.3943 26.5018
    endloop
  endfacet
  facet normal -9.68892e-05 -0.5 0.866025
    outer loop
      vertex 37.2858 16.2209 47.0642
      vertex 37.5307 -19.3007 26.5558
      vertex 37.5307 16.3007 47.1103
    endloop
  endfacet
  facet normal 9.73255e-05 -0.499999 0.866026
    outer loop
      vertex 37.2858 16.2209 47.0642
      vertex 37.2858 -19.2209 26.6019
      vertex 37.5307 -19.3007 26.5558
    endloop
  endfacet
  facet normal -3.60001e-05 -0.499999 0.866026
    outer loop
      vertex 37.0353 16.1551 47.0262
      vertex 37.2858 -19.2209 26.6019
      vertex 37.2858 16.2209 47.0642
    endloop
  endfacet
  facet normal 3.61343e-05 -0.499999 0.866026
    outer loop
      vertex 37.0353 16.1551 47.0262
      vertex 37.0353 -19.1551 26.6399
      vertex 37.2858 -19.2209 26.6019
    endloop
  endfacet
  facet normal 0.000113684 -0.499999 0.866026
    outer loop
      vertex 36.7804 16.1036 46.9965
      vertex 37.0353 -19.1551 26.6399
      vertex 37.0353 16.1551 47.0262
    endloop
  endfacet
  facet normal -0.000114016 -0.5 0.866025
    outer loop
      vertex 36.7804 16.1036 46.9965
      vertex 36.7804 -19.1036 26.6696
      vertex 37.0353 -19.1551 26.6399
    endloop
  endfacet
  facet normal 1.42131e-05 -0.5 0.866025
    outer loop
      vertex 36.5221 16.0667 46.9752
      vertex 36.7804 -19.1036 26.6696
      vertex 36.7804 16.1036 46.9965
    endloop
  endfacet
  facet normal 0.000321388 -0.499999 0.866026
    outer loop
      vertex 36.5221 16.0667 46.9752
      vertex 36.5221 -19.0667 26.691
      vertex 36.7804 -19.1036 26.6696
    endloop
  endfacet
  facet normal 0.000248875 -0.499999 0.866026
    outer loop
      vertex 36.2616 16.0444 46.9624
      vertex 36.5221 -19.0667 26.691
      vertex 36.5221 16.0667 46.9752
    endloop
  endfacet
  facet normal -0.000249191 -0.500001 0.866025
    outer loop
      vertex 36.2616 16.0444 46.9624
      vertex 36.2616 -19.0444 26.7038
      vertex 36.5221 -19.0667 26.691
    endloop
  endfacet
  facet normal -9.13459e-05 -0.500001 0.866025
    outer loop
      vertex 36 16.037 46.9581
      vertex 36.2616 -19.0444 26.7038
      vertex 36.2616 16.0444 46.9624
    endloop
  endfacet
  facet normal 9.13845e-05 -0.5 0.866025
    outer loop
      vertex 36 16.037 46.9581
      vertex 36 -19.037 26.7081
      vertex 36.2616 -19.0444 26.7038
    endloop
  endfacet
  facet normal 9.13845e-05 -0.5 0.866025
    outer loop
      vertex 35.7384 16.0444 46.9624
      vertex 36 -19.037 26.7081
      vertex 36 16.037 46.9581
    endloop
  endfacet
  facet normal -9.13459e-05 -0.500001 0.866025
    outer loop
      vertex 35.7384 16.0444 46.9624
      vertex 35.7384 -19.0444 26.7038
      vertex 36 -19.037 26.7081
    endloop
  endfacet
  facet normal -0.000249191 -0.500001 0.866025
    outer loop
      vertex 35.4779 16.0667 46.9752
      vertex 35.7384 -19.0444 26.7038
      vertex 35.7384 16.0444 46.9624
    endloop
  endfacet
  facet normal 0.000248875 -0.499999 0.866026
    outer loop
      vertex 35.4779 16.0667 46.9752
      vertex 35.4779 -19.0667 26.691
      vertex 35.7384 -19.0444 26.7038
    endloop
  endfacet
  facet normal -1.38908e-05 -0.499999 0.866026
    outer loop
      vertex 35.2196 16.1036 46.9965
      vertex 35.4779 -19.0667 26.691
      vertex 35.4779 16.0667 46.9752
    endloop
  endfacet
  facet normal -0.000321066 -0.5 0.866025
    outer loop
      vertex 35.2196 16.1036 46.9965
      vertex 35.2196 -19.1036 26.6696
      vertex 35.4779 -19.0667 26.691
    endloop
  endfacet
  facet normal -0.000114016 -0.5 0.866025
    outer loop
      vertex 34.9647 16.1551 47.0262
      vertex 35.2196 -19.1036 26.6696
      vertex 35.2196 16.1036 46.9965
    endloop
  endfacet
  facet normal 0.000113684 -0.499999 0.866026
    outer loop
      vertex 34.9647 16.1551 47.0262
      vertex 34.9647 -19.1551 26.6399
      vertex 35.2196 -19.1036 26.6696
    endloop
  endfacet
  facet normal 3.61343e-05 -0.499999 0.866026
    outer loop
      vertex 34.7142 16.2209 47.0642
      vertex 34.9647 -19.1551 26.6399
      vertex 34.9647 16.1551 47.0262
    endloop
  endfacet
  facet normal -3.60001e-05 -0.499999 0.866026
    outer loop
      vertex 34.7142 16.2209 47.0642
      vertex 34.7142 -19.2209 26.6019
      vertex 34.9647 -19.1551 26.6399
    endloop
  endfacet
  facet normal 8.55239e-05 -0.500027 0.86601
    outer loop
      vertex 20 -17.0885 27.8331
      vertex 34.7142 16.2209 47.0642
      vertex 34.4693 16.3007 47.1103
    endloop
  endfacet
  facet normal 3.54655e-06 -0.499999 0.866026
    outer loop
      vertex 34.7142 16.2209 47.0642
      vertex 20 -17.0885 27.8331
      vertex 34.7142 -19.2209 26.6019
    endloop
  endfacet
  facet normal -0.000123538 -0.499959 0.866049
    outer loop
      vertex 20 -17.0885 27.8331
      vertex 34.4693 16.3007 47.1103
      vertex 34.2308 16.3943 47.1643
    endloop
  endfacet
  facet normal -2.75029e-05 -0.50016 0.865933
    outer loop
      vertex 34.7142 -19.2209 26.6019
      vertex 20 -17.0885 27.8331
      vertex 34.4693 -19.3007 26.5558
    endloop
  endfacet
  facet normal 0.000123294 -0.500037 0.866004
    outer loop
      vertex 20 -17.0885 27.8331
      vertex 34.2308 16.3943 47.1643
      vertex 34 16.5011 47.226
    endloop
  endfacet
  facet normal 4.44037e-05 -0.499807 0.866137
    outer loop
      vertex 34.4693 -19.3007 26.5558
      vertex 20 -17.0885 27.8331
      vertex 34.2308 -19.3943 26.5018
    endloop
  endfacet
  facet normal -2.73532e-05 -0.49999 0.866031
    outer loop
      vertex 20 -17.0885 27.8331
      vertex 34 16.5011 47.226
      vertex 33.7777 16.6208 47.2951
    endloop
  endfacet
  facet normal -3.5877e-05 -0.500179 0.865922
    outer loop
      vertex 34.2308 -19.3943 26.5018
      vertex 20 -17.0885 27.8331
      vertex 34 -19.5011 26.4401
    endloop
  endfacet
  facet normal 6.65829e-05 -0.500077 0.865981
    outer loop
      vertex 6.94011 -0.708727 37.2899
      vertex 33.7777 16.6208 47.2951
      vertex 33.565 16.7529 47.3714
    endloop
  endfacet
  facet normal 1.23087e-05 -0.499969 0.866043
    outer loop
      vertex 34 -19.5011 26.4401
      vertex 20 -17.0885 27.8331
      vertex 33.7777 -19.6208 26.371
    endloop
  endfacet
  facet normal -4.65389e-05 -0.499945 0.866057
    outer loop
      vertex 6.8655 -0.317328 37.5159
      vertex 33.565 16.7529 47.3714
      vertex 33.3626 16.8967 47.4544
    endloop
  endfacet
  facet normal 6.68912e-05 -0.499746 0.866172
    outer loop
      vertex 33.7777 -19.6208 26.371
      vertex 20 -17.0885 27.8331
      vertex 33.565 -19.7529 26.2948
    endloop
  endfacet
  facet normal 0.000138443 -0.500159 0.865934
    outer loop
      vertex 6.8655 -0.317328 37.5159
      vertex 33.3626 16.8967 47.4544
      vertex 33.1716 17.0516 47.5439
    endloop
  endfacet
  facet normal 2.16838e-05 -0.499919 0.866072
    outer loop
      vertex 33.565 -19.7529 26.2948
      vertex 20 -17.0885 27.8331
      vertex 33.3626 -19.8967 26.2118
    endloop
  endfacet
  facet normal -0.000103999 -0.499882 0.866093
    outer loop
      vertex 6.76148 0.069007 37.7389
      vertex 33.1716 17.0516 47.5439
      vertex 32.9926 17.2171 47.6394
    endloop
  endfacet
  facet normal -6.46306e-05 -0.500227 0.865894
    outer loop
      vertex 33.3626 -19.8967 26.2118
      vertex 20 -17.0885 27.8331
      vertex 33.1716 -20.0516 26.1223
    endloop
  endfacet
  facet normal 9.43119e-05 -0.500112 0.865961
    outer loop
      vertex 6.62851 0.448622 37.9581
      vertex 32.9926 17.2171 47.6394
      vertex 32.8266 17.3923 47.7406
    endloop
  endfacet
  facet normal 5.1562e-05 -0.49984 0.866118
    outer loop
      vertex 33.1716 -20.0516 26.1223
      vertex 20 -17.0885 27.8331
      vertex 32.9926 -20.2171 26.0268
    endloop
  endfacet
  facet normal -0.000205721 -0.499755 0.866167
    outer loop
      vertex 6.46716 0.819894 38.1725
      vertex 32.8266 17.3923 47.7406
      vertex 32.6741 17.5766 47.8469
    endloop
  endfacet
  facet normal -4.66353e-05 -0.500146 0.865941
    outer loop
      vertex 32.9926 -20.2171 26.0268
      vertex 20 -17.0885 27.8331
      vertex 32.8266 -20.3923 25.9256
    endloop
  endfacet
  facet normal 0.000117703 -0.500139 0.865945
    outer loop
      vertex 6.27811 1.18123 38.3811
      vertex 32.6741 17.5766 47.8469
      vertex 32.5359 17.7691 47.9581
    endloop
  endfacet
  facet normal 8.43454e-06 -0.499985 0.866034
    outer loop
      vertex 32.8266 -20.3923 25.9256
      vertex 20 -17.0885 27.8331
      vertex 32.6741 -20.5766 25.8192
    endloop
  endfacet
  facet normal -2.32831e-05 -0.499971 0.866042
    outer loop
      vertex 6.06218 1.53109 38.5831
      vertex 32.5359 17.7691 47.9581
      vertex 32.4125 17.969 48.0735
    endloop
  endfacet
  facet normal 4.38229e-05 -0.499889 0.86609
    outer loop
      vertex 32.6741 -20.5766 25.8192
      vertex 20 -17.0885 27.8331
      vertex 32.5359 -20.7691 25.7081
    endloop
  endfacet
  facet normal -4.42505e-05 -0.499946 0.866057
    outer loop
      vertex 6.06218 1.53109 38.5831
      vertex 32.4125 17.969 48.0735
      vertex 32.3045 18.1755 48.1927
    endloop
  endfacet
  facet normal 1.35344e-05 -0.499966 0.866045
    outer loop
      vertex 32.5359 -20.7691 25.7081
      vertex 20 -17.0885 27.8331
      vertex 32.4125 -20.969 25.5927
    endloop
  endfacet
  facet normal 8.87403e-05 -0.500106 0.865964
    outer loop
      vertex 5.82029 1.86797 38.7776
      vertex 32.3045 18.1755 48.1927
      vertex 32.2123 18.3876 48.3152
    endloop
  endfacet
  facet normal -8.741e-05 -0.500208 0.865905
    outer loop
      vertex 32.4125 -20.969 25.5927
      vertex 20 -17.0885 27.8331
      vertex 32.3045 -21.1755 25.4734
    endloop
  endfacet
  facet normal -5.59917e-05 -0.499933 0.866064
    outer loop
      vertex 5.55347 2.19042 38.9637
      vertex 32.2123 18.3876 48.3152
      vertex 32.1363 18.6045 48.4404
    endloop
  endfacet
  facet normal 7.06349e-05 -0.499852 0.866111
    outer loop
      vertex 32.3045 -21.1755 25.4734
      vertex 20 -17.0885 27.8331
      vertex 32.2123 -21.3876 25.351
    endloop
  endfacet
  facet normal 4.34409e-05 -0.500053 0.865995
    outer loop
      vertex 5.26288 2.49707 39.1408
      vertex 32.1363 18.6045 48.4404
      vertex 32.0769 18.8253 48.5679
    endloop
  endfacet
  facet normal -9.01364e-05 -0.500194 0.865913
    outer loop
      vertex 32.2123 -21.3876 25.351
      vertex 20 -17.0885 27.8331
      vertex 32.1363 -21.6045 25.2257
    endloop
  endfacet
  facet normal -0.000111209 -0.499861 0.866105
    outer loop
      vertex 4.94975 2.78661 39.3079
      vertex 32.0769 18.8253 48.5679
      vertex 32.0342 19.049 48.697
    endloop
  endfacet
  facet normal 0.000110333 -0.49979 0.866147
    outer loop
      vertex 32.1363 -21.6045 25.2257
      vertex 20 -17.0885 27.8331
      vertex 32.0769 -21.8253 25.0983
    endloop
  endfacet
  facet normal 0.000105392 -0.500134 0.865948
    outer loop
      vertex 4.61542 3.05779 39.4645
      vertex 32.0342 19.049 48.697
      vertex 32.0086 19.2746 48.8273
    endloop
  endfacet
  facet normal 4.2809e-07 -0.5 0.866025
    outer loop
      vertex 20 -24.0167 23.8331
      vertex 32.0769 -21.8253 25.0983
      vertex 20 -17.0885 27.8331
    endloop
  endfacet
  facet normal 6.4438e-05 -0.500085 0.865977
    outer loop
      vertex 4.26133 3.30945 39.6098
      vertex 32.0086 19.2746 48.8273
      vertex 32 19.5011 48.9581
    endloop
  endfacet
  facet normal 3.44116e-05 -0.500141 0.865944
    outer loop
      vertex 32.0769 -21.8253 25.0983
      vertex 20 -24.0167 23.8331
      vertex 32.0342 -22.049 24.9691
    endloop
  endfacet
  facet normal -4.4883e-06 -0.499946 0.866056
    outer loop
      vertex 39.9914 19.7277 49.0889
      vertex 47.555 19.7479 49.1006
      vertex 47.5394 20.1614 49.3393
    endloop
  endfacet
  facet normal 2.62972e-06 -0.500087 0.865975
    outer loop
      vertex 39.9914 19.2746 48.8273
      vertex 47.555 19.7479 49.1006
      vertex 40 19.5011 48.9581
    endloop
  endfacet
  facet normal 2.24268e-07 -0.500008 0.866021
    outer loop
      vertex 39.9914 19.7277 49.0889
      vertex 47.5394 20.1614 49.3393
      vertex 47.4925 20.5731 49.577
    endloop
  endfacet
  facet normal 7.41624e-06 -0.500144 0.865942
    outer loop
      vertex 39.9658 19.049 48.697
      vertex 47.555 19.7479 49.1006
      vertex 39.9914 19.2746 48.8273
    endloop
  endfacet
  facet normal 5.08351e-06 -0.50004 0.866002
    outer loop
      vertex 39.9914 19.7277 49.0889
      vertex 47.4925 20.5731 49.577
      vertex 47.4147 20.9813 49.8127
    endloop
  endfacet
  facet normal 4.57772e-06 -0.499921 0.866071
    outer loop
      vertex 39.9914 -22.7277 24.5773
      vertex 47.555 -22.7479 24.5656
      vertex 40 -22.5011 24.7081
    endloop
  endfacet
  facet normal -8.76877e-06 -0.499979 0.866038
    outer loop
      vertex 39.9914 19.7277 49.0889
      vertex 47.4147 20.9813 49.8127
      vertex 47.3062 21.3842 50.0453
    endloop
  endfacet
  facet normal 4.4883e-06 -0.499946 0.866056
    outer loop
      vertex 47.555 -22.7479 24.5656
      vertex 39.9914 -22.7277 24.5773
      vertex 47.5394 -23.1614 24.3269
    endloop
  endfacet
  facet normal -3.6807e-05 -0.49989 0.866089
    outer loop
      vertex 39.9658 19.9533 49.2191
      vertex 47.3062 21.3842 50.0453
      vertex 47.1676 21.7801 50.2738
    endloop
  endfacet
  facet normal -2.24268e-07 -0.500008 0.866021
    outer loop
      vertex 47.5394 -23.1614 24.3269
      vertex 39.9914 -22.7277 24.5773
      vertex 47.4925 -23.5731 24.0892
    endloop
  endfacet
  facet normal 5.54232e-05 -0.500163 0.865931
    outer loop
      vertex 39.9658 19.9533 49.2191
      vertex 47.1676 21.7801 50.2738
      vertex 46.9993 22.1672 50.4974
    endloop
  endfacet
  facet normal -5.08351e-06 -0.50004 0.866002
    outer loop
      vertex 47.4925 -23.5731 24.0892
      vertex 39.9914 -22.7277 24.5773
      vertex 47.4147 -23.9813 23.8535
    endloop
  endfacet
  facet normal -7.51907e-05 -0.499851 0.866111
    outer loop
      vertex 39.9658 19.9533 49.2191
      vertex 46.9993 22.1672 50.4974
      vertex 46.8022 22.5441 50.7149
    endloop
  endfacet
  facet normal 8.76877e-06 -0.499979 0.866038
    outer loop
      vertex 47.4147 -23.9813 23.8535
      vertex 39.9914 -22.7277 24.5773
      vertex 47.3062 -24.3842 23.6209
    endloop
  endfacet
  facet normal 6.64171e-05 -0.500116 0.865958
    outer loop
      vertex 39.9231 20.1769 49.3483
      vertex 46.8022 22.5441 50.7149
      vertex 46.577 22.9089 50.9256
    endloop
  endfacet
  facet normal -3.9961e-05 -0.50014 0.865945
    outer loop
      vertex 39.9658 -22.9533 24.447
      vertex 47.3062 -24.3842 23.6209
      vertex 39.9914 -22.7277 24.5773
    endloop
  endfacet
  facet normal -1.59916e-05 -0.499966 0.866045
    outer loop
      vertex 39.9231 20.1769 49.3483
      vertex 46.577 22.9089 50.9256
      vertex 46.3247 23.2602 51.1284
    endloop
  endfacet
  facet normal -1.41573e-05 -0.500041 0.866002
    outer loop
      vertex 47.3062 -24.3842 23.6209
      vertex 39.9658 -22.9533 24.447
      vertex 47.1676 -24.7801 23.3923
    endloop
  endfacet
  facet normal -5.15222e-05 -0.49991 0.866077
    outer loop
      vertex 39.9231 20.1769 49.3483
      vertex 46.3247 23.2602 51.1284
      vertex 46.0465 23.5965 51.3225
    endloop
  endfacet
  facet normal -4.31713e-06 -0.500012 0.866019
    outer loop
      vertex 47.1676 -24.7801 23.3923
      vertex 39.9658 -22.9533 24.447
      vertex 46.9993 -25.1672 23.1688
    endloop
  endfacet
  facet normal 6.22179e-05 -0.500084 0.865977
    outer loop
      vertex 39.8637 20.3977 49.4757
      vertex 46.0465 23.5965 51.3225
      vertex 45.7434 23.9163 51.5072
    endloop
  endfacet
  facet normal 2.5078e-06 -0.499995 0.866028
    outer loop
      vertex 46.9993 -25.1672 23.1688
      vertex 39.9658 -22.9533 24.447
      vertex 46.8022 -25.5441 22.9512
    endloop
  endfacet
  facet normal -5.29288e-06 -0.5 0.866025
    outer loop
      vertex 39.8637 20.3977 49.4757
      vertex 45.7434 23.9163 51.5072
      vertex 45.4169 24.2182 51.6815
    endloop
  endfacet
  facet normal -6.02265e-06 -0.500012 0.866018
    outer loop
      vertex 39.9231 -23.1769 24.3179
      vertex 46.8022 -25.5441 22.9512
      vertex 39.9658 -22.9533 24.447
    endloop
  endfacet
  facet normal 3.11561e-05 -0.500029 0.866008
    outer loop
      vertex 39.7877 20.6146 49.601
      vertex 45.4169 24.2182 51.6815
      vertex 45.0682 24.501 51.8448
    endloop
  endfacet
  facet normal 1.134e-05 -0.499974 0.86604
    outer loop
      vertex 46.8022 -25.5441 22.9512
      vertex 39.9231 -23.1769 24.3179
      vertex 46.577 -25.9089 22.7406
    endloop
  endfacet
  facet normal -6.3818e-05 -0.499933 0.866064
    outer loop
      vertex 39.7877 20.6146 49.601
      vertex 45.0682 24.501 51.8448
      vertex 44.6989 24.7635 51.9963
    endloop
  endfacet
  facet normal 1.59916e-05 -0.499966 0.866045
    outer loop
      vertex 46.577 -25.9089 22.7406
      vertex 39.9231 -23.1769 24.3179
      vertex 46.3247 -26.2602 22.5378
    endloop
  endfacet
  facet normal -5.5095e-05 -0.499955 0.866051
    outer loop
      vertex 39.6955 20.8268 49.7234
      vertex 44.6989 24.7635 51.9963
      vertex 44.3107 25.0045 52.1354
    endloop
  endfacet
  facet normal -3.71725e-05 -0.500049 0.865997
    outer loop
      vertex 46.3247 -26.2602 22.5378
      vertex 39.9231 -23.1769 24.3179
      vertex 46.0465 -26.5965 22.3436
    endloop
  endfacet
  facet normal 0.000142553 -0.500119 0.865957
    outer loop
      vertex 39.6955 20.8268 49.7234
      vertex 44.3107 25.0045 52.1354
      vertex 43.905 25.2229 52.2616
    endloop
  endfacet
  facet normal -4.09618e-05 -0.500054 0.865994
    outer loop
      vertex 39.8637 -23.3977 24.1904
      vertex 46.0465 -26.5965 22.3436
      vertex 39.9231 -23.1769 24.3179
    endloop
  endfacet
  facet normal 2.48208e-05 -0.500015 0.866017
    outer loop
      vertex 39.5875 21.0332 49.8427
      vertex 43.905 25.2229 52.2616
      vertex 43.4837 25.4179 52.3742
    endloop
  endfacet
  facet normal 3.17877e-05 -0.499948 0.866055
    outer loop
      vertex 46.0465 -26.5965 22.3436
      vertex 39.8637 -23.3977 24.1904
      vertex 45.7434 -26.9163 22.159
    endloop
  endfacet
  facet normal -0.000163995 -0.49989 0.866089
    outer loop
      vertex 39.5875 21.0332 49.8427
      vertex 43.4837 25.4179 52.3742
      vertex 43.0486 25.5887 52.4727
    endloop
  endfacet
  facet normal -0.000107857 -0.500123 0.865954
    outer loop
      vertex 45.7434 -26.9163 22.159
      vertex 39.8637 -23.3977 24.1904
      vertex 45.4169 -27.2182 21.9846
    endloop
  endfacet
  facet normal 0.000124792 -0.50007 0.865985
    outer loop
      vertex 39.4641 21.2332 49.9581
      vertex 43.0486 25.5887 52.4727
      vertex 42.6015 25.7344 52.5569
    endloop
  endfacet
  facet normal 6.45529e-05 -0.499935 0.866063
    outer loop
      vertex 39.7877 -23.6146 24.0652
      vertex 45.4169 -27.2182 21.9846
      vertex 39.8637 -23.3977 24.1904
    endloop
  endfacet
  facet normal -6.59214e-05 -0.499973 0.866041
    outer loop
      vertex 39.3259 21.4257 50.0692
      vertex 42.6015 25.7344 52.5569
      vertex 42.1444 25.8545 52.6262
    endloop
  endfacet
  facet normal 8.70057e-05 -0.499909 0.866078
    outer loop
      vertex 45.4169 -27.2182 21.9846
      vertex 39.7877 -23.6146 24.0652
      vertex 45.0682 -27.501 21.8214
    endloop
  endfacet
  facet normal -2.28489e-05 -0.499994 0.866029
    outer loop
      vertex 39.3259 21.4257 50.0692
      vertex 42.1444 25.8545 52.6262
      vertex 41.6792 25.9484 52.6804
    endloop
  endfacet
  facet normal -5.54763e-05 -0.500054 0.865994
    outer loop
      vertex 45.0682 -27.501 21.8214
      vertex 39.7877 -23.6146 24.0652
      vertex 44.6989 -27.7635 21.6698
    endloop
  endfacet
  facet normal -2.18537e-05 -0.499985 0.866034
    outer loop
      vertex 39.1734 21.6099 50.1756
      vertex 41.6792 25.9484 52.6804
      vertex 41.2078 26.0158 52.7193
    endloop
  endfacet
  facet normal 3.86796e-05 -0.499971 0.866042
    outer loop
      vertex 39.6955 -23.8268 23.9427
      vertex 44.6989 -27.7635 21.6698
      vertex 39.7877 -23.6146 24.0652
    endloop
  endfacet
  facet normal 0.000104552 -0.500035 0.866005
    outer loop
      vertex 39.0074 21.7852 50.2768
      vertex 41.2078 26.0158 52.7193
      vertex 40.7324 26.0564 52.7428
    endloop
  endfacet
  facet normal 5.5095e-05 -0.499955 0.866051
    outer loop
      vertex 44.6989 -27.7635 21.6698
      vertex 39.6955 -23.8268 23.9427
      vertex 44.3107 -28.0045 21.5307
    endloop
  endfacet
  facet normal 1.02441e-05 -0.500006 0.866022
    outer loop
      vertex 38.8284 21.9506 50.3723
      vertex 40.7324 26.0564 52.7428
      vertex 40.255 26.0699 52.7506
    endloop
  endfacet
  facet normal -8.70554e-06 -0.500008 0.866021
    outer loop
      vertex 44.3107 -28.0045 21.5307
      vertex 39.6955 -23.8268 23.9427
      vertex 43.905 -28.2229 21.4046
    endloop
  endfacet
  facet normal -9.75024e-05 -0.500072 0.865984
    outer loop
      vertex 39.5875 -24.0332 23.8235
      vertex 43.905 -28.2229 21.4046
      vertex 39.6955 -23.8268 23.9427
    endloop
  endfacet
  facet normal -4.57772e-06 -0.499921 0.866071
    outer loop
      vertex 47.555 19.7479 49.1006
      vertex 39.9914 19.7277 49.0889
      vertex 40 19.5011 48.9581
    endloop
  endfacet
  facet normal -4.47937e-05 -0.499859 0.866107
    outer loop
      vertex 47.3062 21.3842 50.0453
      vertex 39.9658 19.9533 49.2191
      vertex 39.9914 19.7277 49.0889
    endloop
  endfacet
  facet normal 0.00014287 -0.500283 0.865862
    outer loop
      vertex 46.8022 22.5441 50.7149
      vertex 39.9231 20.1769 49.3483
      vertex 39.9658 19.9533 49.2191
    endloop
  endfacet
  facet normal -0.000137187 -0.499795 0.866143
    outer loop
      vertex 46.0465 23.5965 51.3225
      vertex 39.8637 20.3977 49.4757
      vertex 39.9231 20.1769 49.3483
    endloop
  endfacet
  facet normal 0.000156768 -0.500177 0.865923
    outer loop
      vertex 45.4169 24.2182 51.6815
      vertex 39.7877 20.6146 49.601
      vertex 39.8637 20.3977 49.4757
    endloop
  endfacet
  facet normal -0.000278027 -0.499742 0.866174
    outer loop
      vertex 44.6989 24.7635 51.9963
      vertex 39.6955 20.8268 49.7234
      vertex 39.7877 20.6146 49.601
    endloop
  endfacet
  facet normal 0.000367484 -0.50028 0.865864
    outer loop
      vertex 43.905 25.2229 52.2616
      vertex 39.5875 21.0332 49.8427
      vertex 39.6955 20.8268 49.7234
    endloop
  endfacet
  facet normal -0.000203895 -0.499867 0.866102
    outer loop
      vertex 43.0486 25.5887 52.4727
      vertex 39.4641 21.2332 49.9581
      vertex 39.5875 21.0332 49.8427
    endloop
  endfacet
  facet normal -0.000131165 -0.499936 0.866062
    outer loop
      vertex 42.6015 25.7344 52.5569
      vertex 39.3259 21.4257 50.0692
      vertex 39.4641 21.2332 49.9581
    endloop
  endfacet
  facet normal 0.000179058 -0.500072 0.865984
    outer loop
      vertex 41.6792 25.9484 52.6804
      vertex 39.1734 21.6099 50.1756
      vertex 39.3259 21.4257 50.0692
    endloop
  endfacet
  facet normal -2.66892e-05 -0.499984 0.866035
    outer loop
      vertex 41.2078 26.0158 52.7193
      vertex 39.0074 21.7852 50.2768
      vertex 39.1734 21.6099 50.1756
    endloop
  endfacet
  facet normal 1.91375e-05 -0.500009 0.86602
    outer loop
      vertex 40.7324 26.0564 52.7428
      vertex 38.8284 21.9506 50.3723
      vertex 39.0074 21.7852 50.2768
    endloop
  endfacet
  facet normal 3.50992e-05 -0.500012 0.866018
    outer loop
      vertex 40.255 26.0699 52.7506
      vertex 38.6374 22.1056 50.4618
      vertex 38.8284 21.9506 50.3723
    endloop
  endfacet
  facet normal -7.74341e-05 -0.499978 0.866038
    outer loop
      vertex 40.255 26.0699 52.7506
      vertex 38.435 22.2494 50.5448
      vertex 38.6374 22.1056 50.4618
    endloop
  endfacet
  facet normal -3.57809e-05 -0.499993 0.86603
    outer loop
      vertex 40.255 26.0699 52.7506
      vertex 38.2223 22.3814 50.621
      vertex 38.435 22.2494 50.5448
    endloop
  endfacet
  facet normal -3.07635e-05 -0.499995 0.866028
    outer loop
      vertex 40.255 26.0699 52.7506
      vertex 38 22.5011 50.6901
      vertex 38.2223 22.3814 50.621
    endloop
  endfacet
  facet normal -5.89618e-05 -0.499982 0.866036
    outer loop
      vertex 40.255 26.0699 52.7506
      vertex 37.7692 22.608 50.7518
      vertex 38 22.5011 50.6901
    endloop
  endfacet
  facet normal 4.48518e-05 -0.500037 0.866004
    outer loop
      vertex 40.255 26.0699 52.7506
      vertex 37.5307 22.7015 50.8058
      vertex 37.7692 22.608 50.7518
    endloop
  endfacet
  facet normal -8.82836e-05 -0.499957 0.86605
    outer loop
      vertex 40.255 26.0699 52.7506
      vertex 37.2858 22.7814 50.8519
      vertex 37.5307 22.7015 50.8058
    endloop
  endfacet
  facet normal 2.42516e-05 -0.500033 0.866006
    outer loop
      vertex 40.255 26.0699 52.7506
      vertex 37.0353 22.8472 50.8899
      vertex 37.2858 22.7814 50.8519
    endloop
  endfacet
  facet normal -9.81255e-05 -0.499941 0.866059
    outer loop
      vertex 40.255 26.0699 52.7506
      vertex 36.7804 22.8987 50.9196
      vertex 37.0353 22.8472 50.8899
    endloop
  endfacet
  facet normal 0.000274005 -0.500247 0.865883
    outer loop
      vertex 40.255 26.0699 52.7506
      vertex 36.5221 22.9356 50.941
      vertex 36.7804 22.8987 50.9196
    endloop
  endfacet
  facet normal -5.20773e-05 -0.499956 0.866051
    outer loop
      vertex 40.255 26.0699 52.7506
      vertex 36.2616 22.9578 50.9538
      vertex 36.5221 22.9356 50.941
    endloop
  endfacet
  facet normal 8.79751e-05 -0.500091 0.865973
    outer loop
      vertex 40.255 26.0699 52.7506
      vertex 36 22.9652 50.9581
      vertex 36.2616 22.9578 50.9538
    endloop
  endfacet
  facet normal -9.50834e-05 -0.499902 0.866082
    outer loop
      vertex 40.255 26.0699 52.7506
      vertex 35.7384 22.9578 50.9538
      vertex 36 22.9652 50.9581
    endloop
  endfacet
  facet normal 6.59206e-05 -0.500078 0.865981
    outer loop
      vertex 40.255 26.0699 52.7506
      vertex 35.4779 22.9356 50.941
      vertex 35.7384 22.9578 50.9538
    endloop
  endfacet
  facet normal -0.000410061 -0.499533 0.866295
    outer loop
      vertex 40.255 26.0699 52.7506
      vertex 35.2196 22.8987 50.9196
      vertex 35.4779 22.9356 50.941
    endloop
  endfacet
  facet normal 0.000176422 -0.500232 0.865891
    outer loop
      vertex 40.255 26.0699 52.7506
      vertex 34.9647 22.8472 50.8899
      vertex 35.2196 22.8987 50.9196
    endloop
  endfacet
  facet normal -5.38285e-05 -0.499948 0.866055
    outer loop
      vertex 40.255 26.0699 52.7506
      vertex 34.7142 22.7814 50.8519
      vertex 34.9647 22.8472 50.8899
    endloop
  endfacet
  facet normal 0.000253749 -0.500337 0.865831
    outer loop
      vertex 40.255 26.0699 52.7506
      vertex 34.4693 22.7015 50.8058
      vertex 34.7142 22.7814 50.8519
    endloop
  endfacet
  facet normal -0.000180889 -0.499777 0.866154
    outer loop
      vertex 40.255 26.0699 52.7506
      vertex 34.2308 22.608 50.7518
      vertex 34.4693 22.7015 50.8058
    endloop
  endfacet
  facet normal 0.000404823 -0.500542 0.865712
    outer loop
      vertex 40.255 26.0699 52.7506
      vertex 34 22.5011 50.6901
      vertex 34.2308 22.608 50.7518
    endloop
  endfacet
  facet normal 0 -0.50001 0.86602
    outer loop
      vertex -34 22.5011 50.6901
      vertex 34 22.5011 50.6901
      vertex 40.255 26.0699 52.7506
    endloop
  endfacet
  facet normal -2.82989e-05 -0.499853 0.86611
    outer loop
      vertex 32.0342 -22.049 24.9691
      vertex 20 -24.0167 23.8331
      vertex 32.0086 -22.2746 24.8389
    endloop
  endfacet
  facet normal -6.28744e-05 -0.499919 0.866072
    outer loop
      vertex 3.88899 3.54052 39.7432
      vertex 32 19.5011 48.9581
      vertex 32.0086 19.7277 49.0889
    endloop
  endfacet
  facet normal -0.000114443 -0.499846 0.866114
    outer loop
      vertex 3.5 3.75 39.8642
      vertex 32.0086 19.7277 49.0889
      vertex 32.0342 19.9533 49.2191
    endloop
  endfacet
  facet normal 0.000250884 -0.500339 0.865829
    outer loop
      vertex 3.09602 3.937 39.9721
      vertex 32.0342 19.9533 49.2191
      vertex 32.0769 20.1769 49.3483
    endloop
  endfacet
  facet normal -0.000199007 -0.499728 0.866183
    outer loop
      vertex 2.67878 4.10072 40.0667
      vertex 32.0769 20.1769 49.3483
      vertex 32.1363 20.3977 49.4757
    endloop
  endfacet
  facet normal -1.53252e-07 -0.499999 0.866026
    outer loop
      vertex 33.7777 16.6208 47.2951
      vertex 6.98501 -1.10351 37.062
      vertex 20 -17.0885 27.8331
    endloop
  endfacet
  facet normal 0.000193169 -0.500268 0.86587
    outer loop
      vertex 2.25008 4.24046 40.1473
      vertex 32.1363 20.3977 49.4757
      vertex 32.2123 20.6146 49.601
    endloop
  endfacet
  facet normal -0.000317878 -0.499548 0.866286
    outer loop
      vertex 1.36563 4.44569 40.2658
      vertex 32.2123 20.6146 49.601
      vertex 32.3045 20.8268 49.7234
    endloop
  endfacet
  facet normal 0.000405112 -0.500583 0.865688
    outer loop
      vertex 0.913683 4.51031 40.3031
      vertex 32.3045 20.8268 49.7234
      vertex 32.4125 21.0332 49.8427
    endloop
  endfacet
  facet normal -0.000231903 -0.499665 0.866219
    outer loop
      vertex 0.457822 4.5492 40.3256
      vertex 32.4125 21.0332 49.8427
      vertex 32.5359 21.2332 49.9581
    endloop
  endfacet
  facet normal -0.000144863 -0.499787 0.866148
    outer loop
      vertex 0 4.56218 40.3331
      vertex 32.5359 21.2332 49.9581
      vertex 32.6741 21.4257 50.0692
    endloop
  endfacet
  facet normal 0 -0.500184 0.865919
    outer loop
      vertex -32.6741 21.4257 50.0692
      vertex 32.6741 21.4257 50.0692
      vertex 32.8266 21.6099 50.1756
    endloop
  endfacet
  facet normal 0 -0.499965 0.866046
    outer loop
      vertex -32.8266 21.6099 50.1756
      vertex 32.8266 21.6099 50.1756
      vertex 32.9926 21.7852 50.2768
    endloop
  endfacet
  facet normal 0 -0.500025 0.866011
    outer loop
      vertex -32.9926 21.7852 50.2768
      vertex 32.9926 21.7852 50.2768
      vertex 33.1716 21.9506 50.3723
    endloop
  endfacet
  facet normal 3.56134e-05 -0.499977 0.866039
    outer loop
      vertex 20 -17.0885 27.8331
      vertex 6.98501 -1.10351 37.062
      vertex 7 -1.5 36.8331
    endloop
  endfacet
  facet normal -3.68308e-05 -0.499957 0.86605
    outer loop
      vertex 33.7777 16.6208 47.2951
      vertex 6.94011 -0.708727 37.2899
      vertex 6.98501 -1.10351 37.062
    endloop
  endfacet
  facet normal 3.24044e-05 -0.500038 0.866003
    outer loop
      vertex 33.565 16.7529 47.3714
      vertex 6.8655 -0.317328 37.5159
      vertex 6.94011 -0.708727 37.2899
    endloop
  endfacet
  facet normal -6.48617e-05 -0.499928 0.866067
    outer loop
      vertex 33.1716 17.0516 47.5439
      vertex 6.76148 0.069007 37.7389
      vertex 6.8655 -0.317328 37.5159
    endloop
  endfacet
  facet normal 3.42269e-05 -0.500041 0.866002
    outer loop
      vertex 32.9926 17.2171 47.6394
      vertex 6.62851 0.448622 37.9581
      vertex 6.76148 0.069007 37.7389
    endloop
  endfacet
  facet normal 0 -0.500045 0.865999
    outer loop
      vertex -33.1716 21.9506 50.3723
      vertex 33.1716 21.9506 50.3723
      vertex 33.3626 22.1056 50.4618
    endloop
  endfacet
  facet normal 5.25566e-05 -0.500063 0.865989
    outer loop
      vertex 32.8266 17.3923 47.7406
      vertex 6.46716 0.819894 38.1725
      vertex 6.62851 0.448622 37.9581
    endloop
  endfacet
  facet normal -1.78265e-05 -0.499976 0.866039
    outer loop
      vertex 32.6741 17.5766 47.8469
      vertex 6.27811 1.18123 38.3811
      vertex 6.46716 0.819894 38.1725
    endloop
  endfacet
  facet normal 9.53082e-06 -0.500011 0.866019
    outer loop
      vertex 32.5359 17.7691 47.9581
      vertex 6.06218 1.53109 38.5831
      vertex 6.27811 1.18123 38.3811
    endloop
  endfacet
  facet normal 3.74884e-06 -0.500002 0.866024
    outer loop
      vertex 32.3045 18.1755 48.1927
      vertex 5.82029 1.86797 38.7776
      vertex 6.06218 1.53109 38.5831
    endloop
  endfacet
  facet normal -7.34796e-05 -0.499911 0.866077
    outer loop
      vertex 32.2123 18.3876 48.3152
      vertex 5.55347 2.19042 38.9637
      vertex 5.82029 1.86797 38.7776
    endloop
  endfacet
  facet normal 6.05528e-05 -0.500075 0.865982
    outer loop
      vertex 32.1363 18.6045 48.4404
      vertex 5.26288 2.49707 39.1408
      vertex 5.55347 2.19042 38.9637
    endloop
  endfacet
  facet normal 0 -0.499896 0.866085
    outer loop
      vertex -33.3626 22.1056 50.4618
      vertex 33.3626 22.1056 50.4618
      vertex 33.565 22.2494 50.5448
    endloop
  endfacet
  facet normal -7.23245e-05 -0.499911 0.866077
    outer loop
      vertex 32.0769 18.8253 48.5679
      vertex 4.94975 2.78661 39.3079
      vertex 5.26288 2.49707 39.1408
    endloop
  endfacet
  facet normal 3.75442e-05 -0.500047 0.865998
    outer loop
      vertex 32.0342 19.049 48.697
      vertex 4.61542 3.05779 39.4645
      vertex 4.94975 2.78661 39.3079
    endloop
  endfacet
  facet normal 4.12896e-06 -0.500006 0.866022
    outer loop
      vertex 32.0086 19.2746 48.8273
      vertex 4.26133 3.30945 39.6098
      vertex 4.61542 3.05779 39.4645
    endloop
  endfacet
  facet normal -1.01355e-05 -0.499989 0.866032
    outer loop
      vertex 32 19.5011 48.9581
      vertex 3.88899 3.54052 39.7432
      vertex 4.26133 3.30945 39.6098
    endloop
  endfacet
  facet normal 6.47711e-05 -0.500085 0.865976
    outer loop
      vertex 32.0086 19.7277 49.0889
      vertex 3.5 3.75 39.8642
      vertex 3.88899 3.54052 39.7432
    endloop
  endfacet
  facet normal 0 -0.49995 0.866054
    outer loop
      vertex -33.565 22.2494 50.5448
      vertex 33.565 22.2494 50.5448
      vertex 33.7777 22.3814 50.621
    endloop
  endfacet
  facet normal -7.50958e-05 -0.499898 0.866085
    outer loop
      vertex 32.0342 19.9533 49.2191
      vertex 3.09602 3.937 39.9721
      vertex 3.5 3.75 39.8642
    endloop
  endfacet
  facet normal 9.19325e-05 -0.500127 0.865952
    outer loop
      vertex 32.0769 20.1769 49.3483
      vertex 2.67878 4.10072 40.0667
      vertex 3.09602 3.937 39.9721
    endloop
  endfacet
  facet normal -9.96206e-05 -0.499862 0.866105
    outer loop
      vertex 32.1363 20.3977 49.4757
      vertex 2.25008 4.24046 40.1473
      vertex 2.67878 4.10072 40.0667
    endloop
  endfacet
  facet normal 2.33663e-05 -0.500035 0.866005
    outer loop
      vertex 32.2123 20.6146 49.601
      vertex 1.81173 4.35561 40.2138
      vertex 2.25008 4.24046 40.1473
    endloop
  endfacet
  facet normal 0 -0.499952 0.866053
    outer loop
      vertex 34 22.5011 50.6901
      vertex -34 22.5011 50.6901
      vertex 33.7777 22.3814 50.621
    endloop
  endfacet
  facet normal -1.13975e-05 -0.499987 0.866033
    outer loop
      vertex 32.2123 20.6146 49.601
      vertex 1.36563 4.44569 40.2658
      vertex 1.81173 4.35561 40.2138
    endloop
  endfacet
  facet normal -1.24074e-05 -0.499981 0.866036
    outer loop
      vertex 32.3045 20.8268 49.7234
      vertex 0.913683 4.51031 40.3031
      vertex 1.36563 4.44569 40.2658
    endloop
  endfacet
  facet normal 7.61406e-05 -0.500113 0.86596
    outer loop
      vertex 32.4125 21.0332 49.8427
      vertex 0.457822 4.5492 40.3256
      vertex 0.913683 4.51031 40.3031
    endloop
  endfacet
  facet normal 0 -0.499998 0.866027
    outer loop
      vertex 32.6741 21.4257 50.0692
      vertex -32.6741 21.4257 50.0692
      vertex 0 4.56218 40.3331
    endloop
  endfacet
  facet normal 1.07679e-05 -0.500015 0.866017
    outer loop
      vertex 32.5359 21.2332 49.9581
      vertex 0 4.56218 40.3331
      vertex 0.457822 4.5492 40.3256
    endloop
  endfacet
  facet normal 0.000144863 -0.499787 0.866148
    outer loop
      vertex -32.5359 21.2332 49.9581
      vertex 0 4.56218 40.3331
      vertex -32.6741 21.4257 50.0692
    endloop
  endfacet
  facet normal -1.07679e-05 -0.500015 0.866017
    outer loop
      vertex 0 4.56218 40.3331
      vertex -32.5359 21.2332 49.9581
      vertex -0.457822 4.5492 40.3256
    endloop
  endfacet
  facet normal 0.000231903 -0.499665 0.866219
    outer loop
      vertex -32.4125 21.0332 49.8427
      vertex -0.457822 4.5492 40.3256
      vertex -32.5359 21.2332 49.9581
    endloop
  endfacet
  facet normal -7.61406e-05 -0.500113 0.86596
    outer loop
      vertex -0.457822 4.5492 40.3256
      vertex -32.4125 21.0332 49.8427
      vertex -0.913683 4.51031 40.3031
    endloop
  endfacet
  facet normal -0.000405112 -0.500583 0.865688
    outer loop
      vertex -32.3045 20.8268 49.7234
      vertex -0.913683 4.51031 40.3031
      vertex -32.4125 21.0332 49.8427
    endloop
  endfacet
  facet normal 1.24074e-05 -0.499981 0.866036
    outer loop
      vertex -0.913683 4.51031 40.3031
      vertex -32.3045 20.8268 49.7234
      vertex -1.36563 4.44569 40.2658
    endloop
  endfacet
  facet normal 1.13975e-05 -0.499987 0.866033
    outer loop
      vertex -1.36563 4.44569 40.2658
      vertex -32.2123 20.6146 49.601
      vertex -1.81173 4.35561 40.2138
    endloop
  endfacet
  facet normal -3.56134e-05 -0.499977 0.866039
    outer loop
      vertex -6.98501 -1.10351 37.062
      vertex -20 -17.0885 27.8331
      vertex -7 -1.5 36.8331
    endloop
  endfacet
  facet normal -9.53082e-06 -0.500011 0.866019
    outer loop
      vertex -6.06218 1.53109 38.5831
      vertex -32.5359 17.7691 47.9581
      vertex -6.27811 1.18123 38.3811
    endloop
  endfacet
  facet normal -3.74884e-06 -0.500002 0.866024
    outer loop
      vertex -5.82029 1.86797 38.7776
      vertex -32.3045 18.1755 48.1927
      vertex -6.06218 1.53109 38.5831
    endloop
  endfacet
  facet normal -8.87403e-05 -0.500106 0.865964
    outer loop
      vertex -32.3045 18.1755 48.1927
      vertex -5.82029 1.86797 38.7776
      vertex -32.2123 18.3876 48.3152
    endloop
  endfacet
  facet normal 7.34796e-05 -0.499911 0.866077
    outer loop
      vertex -5.55347 2.19042 38.9637
      vertex -32.2123 18.3876 48.3152
      vertex -5.82029 1.86797 38.7776
    endloop
  endfacet
  facet normal 5.59917e-05 -0.499933 0.866064
    outer loop
      vertex -32.2123 18.3876 48.3152
      vertex -5.55347 2.19042 38.9637
      vertex -32.1363 18.6045 48.4404
    endloop
  endfacet
  facet normal -6.05528e-05 -0.500075 0.865982
    outer loop
      vertex -5.26288 2.49707 39.1408
      vertex -32.1363 18.6045 48.4404
      vertex -5.55347 2.19042 38.9637
    endloop
  endfacet
  facet normal -4.34409e-05 -0.500053 0.865995
    outer loop
      vertex -32.1363 18.6045 48.4404
      vertex -5.26288 2.49707 39.1408
      vertex -32.0769 18.8253 48.5679
    endloop
  endfacet
  facet normal 7.23245e-05 -0.499911 0.866077
    outer loop
      vertex -4.94975 2.78661 39.3079
      vertex -32.0769 18.8253 48.5679
      vertex -5.26288 2.49707 39.1408
    endloop
  endfacet
  facet normal 2.32831e-05 -0.499971 0.866042
    outer loop
      vertex -32.5359 17.7691 47.9581
      vertex -6.06218 1.53109 38.5831
      vertex -32.4125 17.969 48.0735
    endloop
  endfacet
  facet normal 4.42505e-05 -0.499946 0.866057
    outer loop
      vertex -32.4125 17.969 48.0735
      vertex -6.06218 1.53109 38.5831
      vertex -32.3045 18.1755 48.1927
    endloop
  endfacet
  facet normal 0.000111209 -0.499861 0.866105
    outer loop
      vertex -32.0769 18.8253 48.5679
      vertex -4.94975 2.78661 39.3079
      vertex -32.0342 19.049 48.697
    endloop
  endfacet
  facet normal -3.75442e-05 -0.500047 0.865998
    outer loop
      vertex -4.61542 3.05779 39.4645
      vertex -32.0342 19.049 48.697
      vertex -4.94975 2.78661 39.3079
    endloop
  endfacet
  facet normal -0.000105392 -0.500134 0.865948
    outer loop
      vertex -32.0342 19.049 48.697
      vertex -4.61542 3.05779 39.4645
      vertex -32.0086 19.2746 48.8273
    endloop
  endfacet
  facet normal -4.12896e-06 -0.500006 0.866022
    outer loop
      vertex -4.26133 3.30945 39.6098
      vertex -32.0086 19.2746 48.8273
      vertex -4.61542 3.05779 39.4645
    endloop
  endfacet
  facet normal -6.4438e-05 -0.500085 0.865977
    outer loop
      vertex -32.0086 19.2746 48.8273
      vertex -4.26133 3.30945 39.6098
      vertex -32 19.5011 48.9581
    endloop
  endfacet
  facet normal 1.01355e-05 -0.499989 0.866032
    outer loop
      vertex -3.88899 3.54052 39.7432
      vertex -32 19.5011 48.9581
      vertex -4.26133 3.30945 39.6098
    endloop
  endfacet
  facet normal -6.47711e-05 -0.500085 0.865976
    outer loop
      vertex -32.0086 19.7277 49.0889
      vertex -3.88899 3.54052 39.7432
      vertex -3.5 3.75 39.8642
    endloop
  endfacet
  facet normal -2.33663e-05 -0.500035 0.866005
    outer loop
      vertex -1.81173 4.35561 40.2138
      vertex -32.2123 20.6146 49.601
      vertex -2.25008 4.24046 40.1473
    endloop
  endfacet
  facet normal 6.28744e-05 -0.499919 0.866072
    outer loop
      vertex -3.88899 3.54052 39.7432
      vertex -32.0086 19.7277 49.0889
      vertex -32 19.5011 48.9581
    endloop
  endfacet
  facet normal 0.000114443 -0.499846 0.866114
    outer loop
      vertex -3.5 3.75 39.8642
      vertex -32.0342 19.9533 49.2191
      vertex -32.0086 19.7277 49.0889
    endloop
  endfacet
  facet normal 7.50958e-05 -0.499898 0.866085
    outer loop
      vertex -3.09602 3.937 39.9721
      vertex -32.0342 19.9533 49.2191
      vertex -3.5 3.75 39.8642
    endloop
  endfacet
  facet normal -0.000250884 -0.500339 0.865829
    outer loop
      vertex -32.0342 19.9533 49.2191
      vertex -3.09602 3.937 39.9721
      vertex -32.0769 20.1769 49.3483
    endloop
  endfacet
  facet normal -9.19325e-05 -0.500127 0.865952
    outer loop
      vertex -2.67878 4.10072 40.0667
      vertex -32.0769 20.1769 49.3483
      vertex -3.09602 3.937 39.9721
    endloop
  endfacet
  facet normal 0.000199007 -0.499728 0.866183
    outer loop
      vertex -32.0769 20.1769 49.3483
      vertex -2.67878 4.10072 40.0667
      vertex -32.1363 20.3977 49.4757
    endloop
  endfacet
  facet normal 9.96206e-05 -0.499862 0.866105
    outer loop
      vertex -2.25008 4.24046 40.1473
      vertex -32.1363 20.3977 49.4757
      vertex -2.67878 4.10072 40.0667
    endloop
  endfacet
  facet normal -0.000193169 -0.500268 0.86587
    outer loop
      vertex -32.1363 20.3977 49.4757
      vertex -2.25008 4.24046 40.1473
      vertex -32.2123 20.6146 49.601
    endloop
  endfacet
  facet normal 0.000317878 -0.499548 0.866286
    outer loop
      vertex -32.2123 20.6146 49.601
      vertex -1.36563 4.44569 40.2658
      vertex -32.3045 20.8268 49.7234
    endloop
  endfacet
  facet normal 0 -0.500184 0.865919
    outer loop
      vertex 32.8266 21.6099 50.1756
      vertex -32.8266 21.6099 50.1756
      vertex -32.6741 21.4257 50.0692
    endloop
  endfacet
  facet normal 0 -0.499965 0.866046
    outer loop
      vertex 32.9926 21.7852 50.2768
      vertex -32.9926 21.7852 50.2768
      vertex -32.8266 21.6099 50.1756
    endloop
  endfacet
  facet normal 0 -0.500025 0.866011
    outer loop
      vertex 33.1716 21.9506 50.3723
      vertex -33.1716 21.9506 50.3723
      vertex -32.9926 21.7852 50.2768
    endloop
  endfacet
  facet normal 0 -0.500045 0.865999
    outer loop
      vertex 33.3626 22.1056 50.4618
      vertex -33.3626 22.1056 50.4618
      vertex -33.1716 21.9506 50.3723
    endloop
  endfacet
  facet normal 0 -0.499896 0.866085
    outer loop
      vertex 33.565 22.2494 50.5448
      vertex -33.565 22.2494 50.5448
      vertex -33.3626 22.1056 50.4618
    endloop
  endfacet
  facet normal 0 -0.49995 0.866054
    outer loop
      vertex 33.7777 22.3814 50.621
      vertex -33.7777 22.3814 50.621
      vertex -33.565 22.2494 50.5448
    endloop
  endfacet
  facet normal 0 -0.499952 0.866053
    outer loop
      vertex 33.7777 22.3814 50.621
      vertex -34 22.5011 50.6901
      vertex -33.7777 22.3814 50.621
    endloop
  endfacet
  facet normal 0 -0.50001 0.86602
    outer loop
      vertex -40.255 26.0699 52.7506
      vertex -34 22.5011 50.6901
      vertex 40.255 26.0699 52.7506
    endloop
  endfacet
  facet normal -0.000404823 -0.500542 0.865712
    outer loop
      vertex -34 22.5011 50.6901
      vertex -40.255 26.0699 52.7506
      vertex -34.2308 22.608 50.7518
    endloop
  endfacet
  facet normal 0.000180889 -0.499777 0.866154
    outer loop
      vertex -34.2308 22.608 50.7518
      vertex -40.255 26.0699 52.7506
      vertex -34.4693 22.7015 50.8058
    endloop
  endfacet
  facet normal -0.000253749 -0.500337 0.865831
    outer loop
      vertex -34.4693 22.7015 50.8058
      vertex -40.255 26.0699 52.7506
      vertex -34.7142 22.7814 50.8519
    endloop
  endfacet
  facet normal 5.38285e-05 -0.499948 0.866055
    outer loop
      vertex -34.7142 22.7814 50.8519
      vertex -40.255 26.0699 52.7506
      vertex -34.9647 22.8472 50.8899
    endloop
  endfacet
  facet normal -0.000176422 -0.500232 0.865891
    outer loop
      vertex -34.9647 22.8472 50.8899
      vertex -40.255 26.0699 52.7506
      vertex -35.2196 22.8987 50.9196
    endloop
  endfacet
  facet normal 0.000410061 -0.499533 0.866295
    outer loop
      vertex -35.2196 22.8987 50.9196
      vertex -40.255 26.0699 52.7506
      vertex -35.4779 22.9356 50.941
    endloop
  endfacet
  facet normal -6.59206e-05 -0.500078 0.865981
    outer loop
      vertex -35.4779 22.9356 50.941
      vertex -40.255 26.0699 52.7506
      vertex -35.7384 22.9578 50.9538
    endloop
  endfacet
  facet normal 9.50834e-05 -0.499902 0.866082
    outer loop
      vertex -35.7384 22.9578 50.9538
      vertex -40.255 26.0699 52.7506
      vertex -36 22.9652 50.9581
    endloop
  endfacet
  facet normal -2.48208e-05 -0.500015 0.866017
    outer loop
      vertex -43.905 25.2229 52.2616
      vertex -39.5875 21.0332 49.8427
      vertex -43.4837 25.4179 52.3742
    endloop
  endfacet
  facet normal 0.000163995 -0.49989 0.866089
    outer loop
      vertex -43.4837 25.4179 52.3742
      vertex -39.5875 21.0332 49.8427
      vertex -43.0486 25.5887 52.4727
    endloop
  endfacet
  facet normal 0.000203895 -0.499867 0.866102
    outer loop
      vertex -39.4641 21.2332 49.9581
      vertex -43.0486 25.5887 52.4727
      vertex -39.5875 21.0332 49.8427
    endloop
  endfacet
  facet normal -0.000124792 -0.50007 0.865985
    outer loop
      vertex -43.0486 25.5887 52.4727
      vertex -39.4641 21.2332 49.9581
      vertex -42.6015 25.7344 52.5569
    endloop
  endfacet
  facet normal 0.000131165 -0.499936 0.866062
    outer loop
      vertex -39.3259 21.4257 50.0692
      vertex -42.6015 25.7344 52.5569
      vertex -39.4641 21.2332 49.9581
    endloop
  endfacet
  facet normal 6.59214e-05 -0.499973 0.866041
    outer loop
      vertex -42.6015 25.7344 52.5569
      vertex -39.3259 21.4257 50.0692
      vertex -42.1444 25.8545 52.6262
    endloop
  endfacet
  facet normal 2.28489e-05 -0.499994 0.866029
    outer loop
      vertex -42.1444 25.8545 52.6262
      vertex -39.3259 21.4257 50.0692
      vertex -41.6792 25.9484 52.6804
    endloop
  endfacet
  facet normal -0.000179058 -0.500072 0.865984
    outer loop
      vertex -39.1734 21.6099 50.1756
      vertex -41.6792 25.9484 52.6804
      vertex -39.3259 21.4257 50.0692
    endloop
  endfacet
  facet normal 2.18537e-05 -0.499985 0.866034
    outer loop
      vertex -41.6792 25.9484 52.6804
      vertex -39.1734 21.6099 50.1756
      vertex -41.2078 26.0158 52.7193
    endloop
  endfacet
  facet normal 2.66892e-05 -0.499984 0.866035
    outer loop
      vertex -39.0074 21.7852 50.2768
      vertex -41.2078 26.0158 52.7193
      vertex -39.1734 21.6099 50.1756
    endloop
  endfacet
  facet normal -0.000104552 -0.500035 0.866005
    outer loop
      vertex -41.2078 26.0158 52.7193
      vertex -39.0074 21.7852 50.2768
      vertex -40.7324 26.0564 52.7428
    endloop
  endfacet
  facet normal -1.91375e-05 -0.500009 0.86602
    outer loop
      vertex -38.8284 21.9506 50.3723
      vertex -40.7324 26.0564 52.7428
      vertex -39.0074 21.7852 50.2768
    endloop
  endfacet
  facet normal -1.02441e-05 -0.500006 0.866022
    outer loop
      vertex -40.7324 26.0564 52.7428
      vertex -38.8284 21.9506 50.3723
      vertex -40.255 26.0699 52.7506
    endloop
  endfacet
  facet normal -3.50992e-05 -0.500012 0.866018
    outer loop
      vertex -38.6374 22.1056 50.4618
      vertex -40.255 26.0699 52.7506
      vertex -38.8284 21.9506 50.3723
    endloop
  endfacet
  facet normal 7.74341e-05 -0.499978 0.866038
    outer loop
      vertex -38.435 22.2494 50.5448
      vertex -40.255 26.0699 52.7506
      vertex -38.6374 22.1056 50.4618
    endloop
  endfacet
  facet normal 3.57809e-05 -0.499993 0.86603
    outer loop
      vertex -38.2223 22.3814 50.621
      vertex -40.255 26.0699 52.7506
      vertex -38.435 22.2494 50.5448
    endloop
  endfacet
  facet normal 3.07635e-05 -0.499995 0.866028
    outer loop
      vertex -38 22.5011 50.6901
      vertex -40.255 26.0699 52.7506
      vertex -38.2223 22.3814 50.621
    endloop
  endfacet
  facet normal 5.89618e-05 -0.499982 0.866036
    outer loop
      vertex -37.7692 22.608 50.7518
      vertex -40.255 26.0699 52.7506
      vertex -38 22.5011 50.6901
    endloop
  endfacet
  facet normal -4.48518e-05 -0.500037 0.866004
    outer loop
      vertex -37.5307 22.7015 50.8058
      vertex -40.255 26.0699 52.7506
      vertex -37.7692 22.608 50.7518
    endloop
  endfacet
  facet normal 8.82836e-05 -0.499957 0.86605
    outer loop
      vertex -37.2858 22.7814 50.8519
      vertex -40.255 26.0699 52.7506
      vertex -37.5307 22.7015 50.8058
    endloop
  endfacet
  facet normal -2.42516e-05 -0.500033 0.866006
    outer loop
      vertex -37.0353 22.8472 50.8899
      vertex -40.255 26.0699 52.7506
      vertex -37.2858 22.7814 50.8519
    endloop
  endfacet
  facet normal 9.81255e-05 -0.499941 0.866059
    outer loop
      vertex -36.7804 22.8987 50.9196
      vertex -40.255 26.0699 52.7506
      vertex -37.0353 22.8472 50.8899
    endloop
  endfacet
  facet normal -0.000274005 -0.500247 0.865883
    outer loop
      vertex -36.5221 22.9356 50.941
      vertex -40.255 26.0699 52.7506
      vertex -36.7804 22.8987 50.9196
    endloop
  endfacet
  facet normal 5.20773e-05 -0.499956 0.866051
    outer loop
      vertex -36.2616 22.9578 50.9538
      vertex -40.255 26.0699 52.7506
      vertex -36.5221 22.9356 50.941
    endloop
  endfacet
  facet normal -8.79751e-05 -0.500091 0.865973
    outer loop
      vertex -36 22.9652 50.9581
      vertex -40.255 26.0699 52.7506
      vertex -36.2616 22.9578 50.9538
    endloop
  endfacet
  facet normal -2.48208e-05 -0.500015 0.866017
    outer loop
      vertex 43.905 -28.2229 21.4046
      vertex 39.5875 -24.0332 23.8235
      vertex 43.4837 -28.4179 21.292
    endloop
  endfacet
  facet normal 1.6417e-05 -0.499988 0.866032
    outer loop
      vertex 43.4837 -28.4179 21.292
      vertex 39.5875 -24.0332 23.8235
      vertex 43.0486 -28.5887 21.1934
    endloop
  endfacet
  facet normal 0.000217704 -0.499873 0.866099
    outer loop
      vertex 39.4641 -24.2332 23.7081
      vertex 43.0486 -28.5887 21.1934
      vertex 39.5875 -24.0332 23.8235
    endloop
  endfacet
  facet normal 3.30478e-05 -0.499987 0.866033
    outer loop
      vertex 43.0486 -28.5887 21.1934
      vertex 39.4641 -24.2332 23.7081
      vertex 42.6015 -28.7344 21.1093
    endloop
  endfacet
  facet normal -0.000186781 -0.500102 0.865966
    outer loop
      vertex 39.3259 -24.4257 23.5969
      vertex 42.6015 -28.7344 21.1093
      vertex 39.4641 -24.2332 23.7081
    endloop
  endfacet
  facet normal 6.15201e-05 -0.499961 0.866048
    outer loop
      vertex 42.6015 -28.7344 21.1093
      vertex 39.3259 -24.4257 23.5969
      vertex 42.1444 -28.8545 21.04
    endloop
  endfacet
  facet normal -0.000145613 -0.500059 0.865991
    outer loop
      vertex 42.1444 -28.8545 21.04
      vertex 39.3259 -24.4257 23.5969
      vertex 41.6792 -28.9484 20.9857
    endloop
  endfacet
  facet normal 0.000169659 -0.499936 0.866062
    outer loop
      vertex 39.1734 -24.6099 23.4906
      vertex 41.6792 -28.9484 20.9857
      vertex 39.3259 -24.4257 23.5969
    endloop
  endfacet
  facet normal 2.44898e-05 -0.499999 0.866026
    outer loop
      vertex 41.6792 -28.9484 20.9857
      vertex 39.1734 -24.6099 23.4906
      vertex 41.2078 -29.0158 20.9468
    endloop
  endfacet
  facet normal 4.06425e-05 -0.499994 0.866029
    outer loop
      vertex 39.0074 -24.7852 23.3894
      vertex 41.2078 -29.0158 20.9468
      vertex 39.1734 -24.6099 23.4906
    endloop
  endfacet
  facet normal 7.15401e-05 -0.499982 0.866036
    outer loop
      vertex 41.2078 -29.0158 20.9468
      vertex 39.0074 -24.7852 23.3894
      vertex 40.7324 -29.0564 20.9234
    endloop
  endfacet
  facet normal -1.91375e-05 -0.500009 0.86602
    outer loop
      vertex 38.8284 -24.9506 23.2939
      vertex 40.7324 -29.0564 20.9234
      vertex 39.0074 -24.7852 23.3894
    endloop
  endfacet
  facet normal -1.02441e-05 -0.500006 0.866022
    outer loop
      vertex 40.7324 -29.0564 20.9234
      vertex 38.8284 -24.9506 23.2939
      vertex 40.255 -29.0699 20.9156
    endloop
  endfacet
  facet normal -3.50992e-05 -0.500012 0.866018
    outer loop
      vertex 38.6374 -25.1056 23.2044
      vertex 40.255 -29.0699 20.9156
      vertex 38.8284 -24.9506 23.2939
    endloop
  endfacet
  facet normal 7.74341e-05 -0.499978 0.866038
    outer loop
      vertex 38.435 -25.2494 23.1214
      vertex 40.255 -29.0699 20.9156
      vertex 38.6374 -25.1056 23.2044
    endloop
  endfacet
  facet normal -0.000278453 -0.500105 0.865965
    outer loop
      vertex 38.2223 -25.3814 23.0451
      vertex 40.255 -29.0699 20.9156
      vertex 38.435 -25.2494 23.1214
    endloop
  endfacet
  facet normal 2.10142e-05 -0.499981 0.866036
    outer loop
      vertex 38 -25.5011 22.976
      vertex 40.255 -29.0699 20.9156
      vertex 38.2223 -25.3814 23.0451
    endloop
  endfacet
  facet normal 5.02673e-05 -0.499968 0.866044
    outer loop
      vertex 37.7692 -25.608 22.9143
      vertex 40.255 -29.0699 20.9156
      vertex 38 -25.5011 22.976
    endloop
  endfacet
  facet normal -5.25049e-05 -0.500023 0.866012
    outer loop
      vertex 37.5307 -25.7015 22.8603
      vertex 40.255 -29.0699 20.9156
      vertex 37.7692 -25.608 22.9143
    endloop
  endfacet
  facet normal 8.16474e-05 -0.499941 0.866059
    outer loop
      vertex 37.2858 -25.7814 22.8142
      vertex 40.255 -29.0699 20.9156
      vertex 37.5307 -25.7015 22.8603
    endloop
  endfacet
  facet normal -2.98432e-05 -0.500017 0.866016
    outer loop
      vertex 37.0353 -25.8472 22.7762
      vertex 40.255 -29.0699 20.9156
      vertex 37.2858 -25.7814 22.8142
    endloop
  endfacet
  facet normal 9.36089e-05 -0.499924 0.866069
    outer loop
      vertex 36.7804 -25.8987 22.7465
      vertex 40.255 -29.0699 20.9156
      vertex 37.0353 -25.8472 22.7762
    endloop
  endfacet
  facet normal 1.24785e-05 -0.499991 0.866031
    outer loop
      vertex 36.5221 -25.9356 22.7252
      vertex 40.255 -29.0699 20.9156
      vertex 36.7804 -25.8987 22.7465
    endloop
  endfacet
  facet normal 5.20773e-05 -0.499956 0.866051
    outer loop
      vertex 36.2616 -25.9578 22.7124
      vertex 40.255 -29.0699 20.9156
      vertex 36.5221 -25.9356 22.7252
    endloop
  endfacet
  facet normal -8.79751e-05 -0.500091 0.865973
    outer loop
      vertex 36 -25.9652 22.7081
      vertex 40.255 -29.0699 20.9156
      vertex 36.2616 -25.9578 22.7124
    endloop
  endfacet
  facet normal 9.50834e-05 -0.499902 0.866082
    outer loop
      vertex 35.7384 -25.9578 22.7124
      vertex 40.255 -29.0699 20.9156
      vertex 36 -25.9652 22.7081
    endloop
  endfacet
  facet normal -6.59206e-05 -0.500078 0.865981
    outer loop
      vertex 35.4779 -25.9356 22.7252
      vertex 40.255 -29.0699 20.9156
      vertex 35.7384 -25.9578 22.7124
    endloop
  endfacet
  facet normal -1.86654e-05 -0.500024 0.866012
    outer loop
      vertex 35.2196 -25.8987 22.7465
      vertex 40.255 -29.0699 20.9156
      vertex 35.4779 -25.9356 22.7252
    endloop
  endfacet
  facet normal -0.000168303 -0.500202 0.865909
    outer loop
      vertex 34.9647 -25.8472 22.7762
      vertex 40.255 -29.0699 20.9156
      vertex 35.2196 -25.8987 22.7465
    endloop
  endfacet
  facet normal 6.62404e-05 -0.499913 0.866076
    outer loop
      vertex 34.7142 -25.7814 22.8142
      vertex 40.255 -29.0699 20.9156
      vertex 34.9647 -25.8472 22.7762
    endloop
  endfacet
  facet normal -0.000234679 -0.500293 0.865856
    outer loop
      vertex 34.4693 -25.7015 22.8603
      vertex 40.255 -29.0699 20.9156
      vertex 34.7142 -25.7814 22.8142
    endloop
  endfacet
  facet normal 0.00021176 -0.499718 0.866188
    outer loop
      vertex 34.2308 -25.608 22.9143
      vertex 40.255 -29.0699 20.9156
      vertex 34.4693 -25.7015 22.8603
    endloop
  endfacet
  facet normal 2.7402e-05 -0.499842 0.866117
    outer loop
      vertex 20 -24.0167 23.8331
      vertex 34.2308 -25.608 22.9143
      vertex 34 -25.5011 22.976
    endloop
  endfacet
  facet normal 1.46916e-05 -0.499932 0.866065
    outer loop
      vertex 20 -24.0167 23.8331
      vertex 34 -25.5011 22.976
      vertex 33.7777 -25.3814 23.0451
    endloop
  endfacet
  facet normal 1.69612e-05 -0.500087 0.865975
    outer loop
      vertex 32.0086 -22.2746 24.8389
      vertex 20 -24.0167 23.8331
      vertex 32 -22.5011 24.7081
    endloop
  endfacet
  facet normal -1.09422e-05 -0.499921 0.866071
    outer loop
      vertex 32 -22.5011 24.7081
      vertex 20 -24.0167 23.8331
      vertex 32.0086 -22.7277 24.5773
    endloop
  endfacet
  facet normal 2.05833e-05 -0.500142 0.865944
    outer loop
      vertex 32.0086 -22.7277 24.5773
      vertex 20 -24.0167 23.8331
      vertex 32.0342 -22.9533 24.447
    endloop
  endfacet
  facet normal 5.34881e-06 -0.500012 0.866018
    outer loop
      vertex 32.0342 -22.9533 24.447
      vertex 20 -24.0167 23.8331
      vertex 32.0769 -23.1769 24.3179
    endloop
  endfacet
  facet normal 9.77421e-06 -0.50006 0.865991
    outer loop
      vertex 32.0769 -23.1769 24.3179
      vertex 20 -24.0167 23.8331
      vertex 32.1363 -23.3977 24.1904
    endloop
  endfacet
  facet normal 1.3899e-07 -0.499918 0.866073
    outer loop
      vertex 32.1363 -23.3977 24.1904
      vertex 20 -24.0167 23.8331
      vertex 32.2123 -23.6146 24.0652
    endloop
  endfacet
  facet normal 1.85498e-06 -0.499957 0.86605
    outer loop
      vertex 32.2123 -23.6146 24.0652
      vertex 20 -24.0167 23.8331
      vertex 32.3045 -23.8268 23.9427
    endloop
  endfacet
  facet normal 4.95192e-06 -0.500108 0.865963
    outer loop
      vertex 32.3045 -23.8268 23.9427
      vertex 20 -24.0167 23.8331
      vertex 32.4125 -24.0332 23.8235
    endloop
  endfacet
  facet normal 5.55215e-06 -0.49977 0.866158
    outer loop
      vertex 32.4125 -24.0332 23.8235
      vertex 20 -24.0167 23.8331
      vertex 32.5359 -24.2332 23.7081
    endloop
  endfacet
  facet normal -4.46898e-06 -0.500205 0.865907
    outer loop
      vertex 32.5359 -24.2332 23.7081
      vertex 20 -24.0167 23.8331
      vertex 32.6741 -24.4257 23.5969
    endloop
  endfacet
  facet normal 1.19463e-05 -0.499824 0.866127
    outer loop
      vertex 32.6741 -24.4257 23.5969
      vertex 20 -24.0167 23.8331
      vertex 32.8266 -24.6099 23.4906
    endloop
  endfacet
  facet normal 3.3876e-06 -0.499962 0.866047
    outer loop
      vertex 32.8266 -24.6099 23.4906
      vertex 20 -24.0167 23.8331
      vertex 32.9926 -24.7852 23.3894
    endloop
  endfacet
  facet normal -1.62317e-06 -0.500026 0.86601
    outer loop
      vertex 32.9926 -24.7852 23.3894
      vertex 20 -24.0167 23.8331
      vertex 33.1716 -24.9506 23.2939
    endloop
  endfacet
  facet normal -3.74152e-06 -0.500048 0.865997
    outer loop
      vertex 33.1716 -24.9506 23.2939
      vertex 20 -24.0167 23.8331
      vertex 33.3626 -25.1056 23.2044
    endloop
  endfacet
  facet normal 1.44387e-05 -0.499881 0.866094
    outer loop
      vertex 33.3626 -25.1056 23.2044
      vertex 20 -24.0167 23.8331
      vertex 33.565 -25.2494 23.1214
    endloop
  endfacet
  facet normal -6.26531e-05 -0.500517 0.865727
    outer loop
      vertex 33.565 -25.2494 23.1214
      vertex 20 -24.0167 23.8331
      vertex 33.7777 -25.3814 23.0451
    endloop
  endfacet
  facet normal 5.72731e-06 -0.499987 0.866033
    outer loop
      vertex 34.2308 -25.608 22.9143
      vertex 20 -24.0167 23.8331
      vertex 40.255 -29.0699 20.9156
    endloop
  endfacet
  facet normal 0 -0.500004 0.866023
    outer loop
      vertex -20 -24.0167 23.8331
      vertex 40.255 -29.0699 20.9156
      vertex 20 -24.0167 23.8331
    endloop
  endfacet
  facet normal -2.34375e-06 -0.5 0.866025
    outer loop
      vertex -20 -17.0885 27.8331
      vertex -32 -22.5011 24.7081
      vertex -20 -24.0167 23.8331
    endloop
  endfacet
  facet normal 1.09422e-05 -0.499921 0.866071
    outer loop
      vertex -32.0086 -22.7277 24.5773
      vertex -20 -24.0167 23.8331
      vertex -32 -22.5011 24.7081
    endloop
  endfacet
  facet normal -2.05833e-05 -0.500142 0.865944
    outer loop
      vertex -32.0342 -22.9533 24.447
      vertex -20 -24.0167 23.8331
      vertex -32.0086 -22.7277 24.5773
    endloop
  endfacet
  facet normal -5.34881e-06 -0.500012 0.866018
    outer loop
      vertex -32.0769 -23.1769 24.3179
      vertex -20 -24.0167 23.8331
      vertex -32.0342 -22.9533 24.447
    endloop
  endfacet
  facet normal -9.77421e-06 -0.50006 0.865991
    outer loop
      vertex -32.1363 -23.3977 24.1904
      vertex -20 -24.0167 23.8331
      vertex -32.0769 -23.1769 24.3179
    endloop
  endfacet
  facet normal -1.3899e-07 -0.499918 0.866073
    outer loop
      vertex -32.2123 -23.6146 24.0652
      vertex -20 -24.0167 23.8331
      vertex -32.1363 -23.3977 24.1904
    endloop
  endfacet
  facet normal -1.85498e-06 -0.499957 0.86605
    outer loop
      vertex -32.3045 -23.8268 23.9427
      vertex -20 -24.0167 23.8331
      vertex -32.2123 -23.6146 24.0652
    endloop
  endfacet
  facet normal -4.95192e-06 -0.500108 0.865963
    outer loop
      vertex -32.4125 -24.0332 23.8235
      vertex -20 -24.0167 23.8331
      vertex -32.3045 -23.8268 23.9427
    endloop
  endfacet
  facet normal -5.55215e-06 -0.49977 0.866158
    outer loop
      vertex -32.5359 -24.2332 23.7081
      vertex -20 -24.0167 23.8331
      vertex -32.4125 -24.0332 23.8235
    endloop
  endfacet
  facet normal 4.46898e-06 -0.500205 0.865907
    outer loop
      vertex -32.6741 -24.4257 23.5969
      vertex -20 -24.0167 23.8331
      vertex -32.5359 -24.2332 23.7081
    endloop
  endfacet
  facet normal -1.19463e-05 -0.499824 0.866127
    outer loop
      vertex -32.8266 -24.6099 23.4906
      vertex -20 -24.0167 23.8331
      vertex -32.6741 -24.4257 23.5969
    endloop
  endfacet
  facet normal -3.3876e-06 -0.499962 0.866047
    outer loop
      vertex -32.9926 -24.7852 23.3894
      vertex -20 -24.0167 23.8331
      vertex -32.8266 -24.6099 23.4906
    endloop
  endfacet
  facet normal 1.62317e-06 -0.500026 0.86601
    outer loop
      vertex -33.1716 -24.9506 23.2939
      vertex -20 -24.0167 23.8331
      vertex -32.9926 -24.7852 23.3894
    endloop
  endfacet
  facet normal 3.74152e-06 -0.500048 0.865997
    outer loop
      vertex -33.3626 -25.1056 23.2044
      vertex -20 -24.0167 23.8331
      vertex -33.1716 -24.9506 23.2939
    endloop
  endfacet
  facet normal -1.44387e-05 -0.499881 0.866094
    outer loop
      vertex -33.565 -25.2494 23.1214
      vertex -20 -24.0167 23.8331
      vertex -33.3626 -25.1056 23.2044
    endloop
  endfacet
  facet normal 6.26531e-05 -0.500517 0.865727
    outer loop
      vertex -33.7777 -25.3814 23.0451
      vertex -20 -24.0167 23.8331
      vertex -33.565 -25.2494 23.1214
    endloop
  endfacet
  facet normal -1.46916e-05 -0.499932 0.866065
    outer loop
      vertex -34 -25.5011 22.976
      vertex -20 -24.0167 23.8331
      vertex -33.7777 -25.3814 23.0451
    endloop
  endfacet
  facet normal -2.7402e-05 -0.499842 0.866117
    outer loop
      vertex -34.2308 -25.608 22.9143
      vertex -20 -24.0167 23.8331
      vertex -34 -25.5011 22.976
    endloop
  endfacet
  facet normal -5.72731e-06 -0.499987 0.866033
    outer loop
      vertex -20 -24.0167 23.8331
      vertex -34.2308 -25.608 22.9143
      vertex -40.255 -29.0699 20.9156
    endloop
  endfacet
  facet normal -0.00021176 -0.499718 0.866188
    outer loop
      vertex -40.255 -29.0699 20.9156
      vertex -34.2308 -25.608 22.9143
      vertex -34.4693 -25.7015 22.8603
    endloop
  endfacet
  facet normal 0.000234679 -0.500293 0.865856
    outer loop
      vertex -40.255 -29.0699 20.9156
      vertex -34.4693 -25.7015 22.8603
      vertex -34.7142 -25.7814 22.8142
    endloop
  endfacet
  facet normal -6.62404e-05 -0.499913 0.866076
    outer loop
      vertex -40.255 -29.0699 20.9156
      vertex -34.7142 -25.7814 22.8142
      vertex -34.9647 -25.8472 22.7762
    endloop
  endfacet
  facet normal 0.000168303 -0.500202 0.865909
    outer loop
      vertex -40.255 -29.0699 20.9156
      vertex -34.9647 -25.8472 22.7762
      vertex -35.2196 -25.8987 22.7465
    endloop
  endfacet
  facet normal 1.86654e-05 -0.500024 0.866012
    outer loop
      vertex -40.255 -29.0699 20.9156
      vertex -35.2196 -25.8987 22.7465
      vertex -35.4779 -25.9356 22.7252
    endloop
  endfacet
  facet normal 6.59206e-05 -0.500078 0.865981
    outer loop
      vertex -40.255 -29.0699 20.9156
      vertex -35.4779 -25.9356 22.7252
      vertex -35.7384 -25.9578 22.7124
    endloop
  endfacet
  facet normal -9.50834e-05 -0.499902 0.866082
    outer loop
      vertex -40.255 -29.0699 20.9156
      vertex -35.7384 -25.9578 22.7124
      vertex -36 -25.9652 22.7081
    endloop
  endfacet
  facet normal 8.79751e-05 -0.500091 0.865973
    outer loop
      vertex -40.255 -29.0699 20.9156
      vertex -36 -25.9652 22.7081
      vertex -36.2616 -25.9578 22.7124
    endloop
  endfacet
  facet normal 0 -0.500004 0.866023
    outer loop
      vertex -20 -24.0167 23.8331
      vertex -40.255 -29.0699 20.9156
      vertex 40.255 -29.0699 20.9156
    endloop
  endfacet
  facet normal -5.20773e-05 -0.499956 0.866051
    outer loop
      vertex -36.5221 -25.9356 22.7252
      vertex -40.255 -29.0699 20.9156
      vertex -36.2616 -25.9578 22.7124
    endloop
  endfacet
  facet normal -1.24785e-05 -0.499991 0.866031
    outer loop
      vertex -36.7804 -25.8987 22.7465
      vertex -40.255 -29.0699 20.9156
      vertex -36.5221 -25.9356 22.7252
    endloop
  endfacet
  facet normal -9.36089e-05 -0.499924 0.866069
    outer loop
      vertex -37.0353 -25.8472 22.7762
      vertex -40.255 -29.0699 20.9156
      vertex -36.7804 -25.8987 22.7465
    endloop
  endfacet
  facet normal 2.98432e-05 -0.500017 0.866016
    outer loop
      vertex -37.2858 -25.7814 22.8142
      vertex -40.255 -29.0699 20.9156
      vertex -37.0353 -25.8472 22.7762
    endloop
  endfacet
  facet normal -8.16474e-05 -0.499941 0.866059
    outer loop
      vertex -37.5307 -25.7015 22.8603
      vertex -40.255 -29.0699 20.9156
      vertex -37.2858 -25.7814 22.8142
    endloop
  endfacet
  facet normal 5.25049e-05 -0.500023 0.866012
    outer loop
      vertex -37.7692 -25.608 22.9143
      vertex -40.255 -29.0699 20.9156
      vertex -37.5307 -25.7015 22.8603
    endloop
  endfacet
  facet normal -5.02673e-05 -0.499968 0.866044
    outer loop
      vertex -38 -25.5011 22.976
      vertex -40.255 -29.0699 20.9156
      vertex -37.7692 -25.608 22.9143
    endloop
  endfacet
  facet normal -2.10142e-05 -0.499981 0.866036
    outer loop
      vertex -38.2223 -25.3814 23.0451
      vertex -40.255 -29.0699 20.9156
      vertex -38 -25.5011 22.976
    endloop
  endfacet
  facet normal 0.000278453 -0.500105 0.865965
    outer loop
      vertex -38.435 -25.2494 23.1214
      vertex -40.255 -29.0699 20.9156
      vertex -38.2223 -25.3814 23.0451
    endloop
  endfacet
  facet normal -7.74341e-05 -0.499978 0.866038
    outer loop
      vertex -38.6374 -25.1056 23.2044
      vertex -40.255 -29.0699 20.9156
      vertex -38.435 -25.2494 23.1214
    endloop
  endfacet
  facet normal 3.50992e-05 -0.500012 0.866018
    outer loop
      vertex -38.8284 -24.9506 23.2939
      vertex -40.255 -29.0699 20.9156
      vertex -38.6374 -25.1056 23.2044
    endloop
  endfacet
  facet normal 1.91375e-05 -0.500009 0.86602
    outer loop
      vertex -40.7324 -29.0564 20.9234
      vertex -38.8284 -24.9506 23.2939
      vertex -39.0074 -24.7852 23.3894
    endloop
  endfacet
  facet normal -4.06425e-05 -0.499994 0.866029
    outer loop
      vertex -41.2078 -29.0158 20.9468
      vertex -39.0074 -24.7852 23.3894
      vertex -39.1734 -24.6099 23.4906
    endloop
  endfacet
  facet normal -0.000169659 -0.499936 0.866062
    outer loop
      vertex -41.6792 -28.9484 20.9857
      vertex -39.1734 -24.6099 23.4906
      vertex -39.3259 -24.4257 23.5969
    endloop
  endfacet
  facet normal 0.000186781 -0.500102 0.865966
    outer loop
      vertex -42.6015 -28.7344 21.1093
      vertex -39.3259 -24.4257 23.5969
      vertex -39.4641 -24.2332 23.7081
    endloop
  endfacet
  facet normal -0.000217704 -0.499873 0.866099
    outer loop
      vertex -43.0486 -28.5887 21.1934
      vertex -39.4641 -24.2332 23.7081
      vertex -39.5875 -24.0332 23.8235
    endloop
  endfacet
  facet normal 9.75024e-05 -0.500072 0.865984
    outer loop
      vertex -43.905 -28.2229 21.4046
      vertex -39.5875 -24.0332 23.8235
      vertex -39.6955 -23.8268 23.9427
    endloop
  endfacet
  facet normal -3.86796e-05 -0.499971 0.866042
    outer loop
      vertex -44.6989 -27.7635 21.6698
      vertex -39.6955 -23.8268 23.9427
      vertex -39.7877 -23.6146 24.0652
    endloop
  endfacet
  facet normal -6.45529e-05 -0.499935 0.866063
    outer loop
      vertex -45.4169 -27.2182 21.9846
      vertex -39.7877 -23.6146 24.0652
      vertex -39.8637 -23.3977 24.1904
    endloop
  endfacet
  facet normal 4.09618e-05 -0.500054 0.865994
    outer loop
      vertex -46.0465 -26.5965 22.3436
      vertex -39.8637 -23.3977 24.1904
      vertex -39.9231 -23.1769 24.3179
    endloop
  endfacet
  facet normal 6.02265e-06 -0.500012 0.866018
    outer loop
      vertex -46.8022 -25.5441 22.9512
      vertex -39.9231 -23.1769 24.3179
      vertex -39.9658 -22.9533 24.447
    endloop
  endfacet
  facet normal 3.9961e-05 -0.50014 0.865945
    outer loop
      vertex -47.3062 -24.3842 23.6209
      vertex -39.9658 -22.9533 24.447
      vertex -39.9914 -22.7277 24.5773
    endloop
  endfacet
  facet normal -4.57772e-06 -0.499921 0.866071
    outer loop
      vertex -47.555 -22.7479 24.5656
      vertex -39.9914 -22.7277 24.5773
      vertex -40 -22.5011 24.7081
    endloop
  endfacet
  facet normal -1.67779e-05 -0.499854 0.86611
    outer loop
      vertex -39.9658 -22.049 24.9691
      vertex -47.555 -22.7479 24.5656
      vertex -39.9914 -22.2746 24.8389
    endloop
  endfacet
  facet normal -0.000367484 -0.50028 0.865864
    outer loop
      vertex -39.5875 21.0332 49.8427
      vertex -43.905 25.2229 52.2616
      vertex -39.6955 20.8268 49.7234
    endloop
  endfacet
  facet normal 2.62972e-06 -0.500087 0.865975
    outer loop
      vertex -39.9914 -22.2746 24.8389
      vertex -47.555 -22.7479 24.5656
      vertex -40 -22.5011 24.7081
    endloop
  endfacet
  facet normal -0.000142553 -0.500119 0.865957
    outer loop
      vertex -44.3107 25.0045 52.1354
      vertex -39.6955 20.8268 49.7234
      vertex -43.905 25.2229 52.2616
    endloop
  endfacet
  facet normal -4.4883e-06 -0.499946 0.866056
    outer loop
      vertex -39.9914 -22.7277 24.5773
      vertex -47.555 -22.7479 24.5656
      vertex -47.5394 -23.1614 24.3269
    endloop
  endfacet
  facet normal 5.5095e-05 -0.499955 0.866051
    outer loop
      vertex -44.6989 24.7635 51.9963
      vertex -39.6955 20.8268 49.7234
      vertex -44.3107 25.0045 52.1354
    endloop
  endfacet
  facet normal 1.02441e-05 -0.500006 0.866022
    outer loop
      vertex -38.8284 -24.9506 23.2939
      vertex -40.7324 -29.0564 20.9234
      vertex -40.255 -29.0699 20.9156
    endloop
  endfacet
  facet normal 0.000278027 -0.499742 0.866174
    outer loop
      vertex -39.6955 20.8268 49.7234
      vertex -44.6989 24.7635 51.9963
      vertex -39.7877 20.6146 49.601
    endloop
  endfacet
  facet normal -7.15401e-05 -0.499982 0.866036
    outer loop
      vertex -39.0074 -24.7852 23.3894
      vertex -41.2078 -29.0158 20.9468
      vertex -40.7324 -29.0564 20.9234
    endloop
  endfacet
  facet normal 6.3818e-05 -0.499933 0.866064
    outer loop
      vertex -45.0682 24.501 51.8448
      vertex -39.7877 20.6146 49.601
      vertex -44.6989 24.7635 51.9963
    endloop
  endfacet
  facet normal -2.44898e-05 -0.499999 0.866026
    outer loop
      vertex -39.1734 -24.6099 23.4906
      vertex -41.6792 -28.9484 20.9857
      vertex -41.2078 -29.0158 20.9468
    endloop
  endfacet
  facet normal -3.11561e-05 -0.500029 0.866008
    outer loop
      vertex -45.4169 24.2182 51.6815
      vertex -39.7877 20.6146 49.601
      vertex -45.0682 24.501 51.8448
    endloop
  endfacet
  facet normal 0.000145613 -0.500059 0.865991
    outer loop
      vertex -39.3259 -24.4257 23.5969
      vertex -42.1444 -28.8545 21.04
      vertex -41.6792 -28.9484 20.9857
    endloop
  endfacet
  facet normal -0.000156768 -0.500177 0.865923
    outer loop
      vertex -39.7877 20.6146 49.601
      vertex -45.4169 24.2182 51.6815
      vertex -39.8637 20.3977 49.4757
    endloop
  endfacet
  facet normal -6.15201e-05 -0.499961 0.866048
    outer loop
      vertex -39.3259 -24.4257 23.5969
      vertex -42.6015 -28.7344 21.1093
      vertex -42.1444 -28.8545 21.04
    endloop
  endfacet
  facet normal 5.29288e-06 -0.5 0.866025
    outer loop
      vertex -45.7434 23.9163 51.5072
      vertex -39.8637 20.3977 49.4757
      vertex -45.4169 24.2182 51.6815
    endloop
  endfacet
  facet normal -3.30478e-05 -0.499987 0.866033
    outer loop
      vertex -39.4641 -24.2332 23.7081
      vertex -43.0486 -28.5887 21.1934
      vertex -42.6015 -28.7344 21.1093
    endloop
  endfacet
  facet normal -6.22179e-05 -0.500084 0.865977
    outer loop
      vertex -46.0465 23.5965 51.3225
      vertex -39.8637 20.3977 49.4757
      vertex -45.7434 23.9163 51.5072
    endloop
  endfacet
  facet normal -1.6417e-05 -0.499988 0.866032
    outer loop
      vertex -39.5875 -24.0332 23.8235
      vertex -43.4837 -28.4179 21.292
      vertex -43.0486 -28.5887 21.1934
    endloop
  endfacet
  facet normal 0.000137187 -0.499795 0.866143
    outer loop
      vertex -39.8637 20.3977 49.4757
      vertex -46.0465 23.5965 51.3225
      vertex -39.9231 20.1769 49.3483
    endloop
  endfacet
  facet normal 2.48208e-05 -0.500015 0.866017
    outer loop
      vertex -39.5875 -24.0332 23.8235
      vertex -43.905 -28.2229 21.4046
      vertex -43.4837 -28.4179 21.292
    endloop
  endfacet
  facet normal 5.15222e-05 -0.49991 0.866077
    outer loop
      vertex -46.3247 23.2602 51.1284
      vertex -39.9231 20.1769 49.3483
      vertex -46.0465 23.5965 51.3225
    endloop
  endfacet
  facet normal 8.70554e-06 -0.500008 0.866021
    outer loop
      vertex -39.6955 -23.8268 23.9427
      vertex -44.3107 -28.0045 21.5307
      vertex -43.905 -28.2229 21.4046
    endloop
  endfacet
  facet normal 1.59916e-05 -0.499966 0.866045
    outer loop
      vertex -46.577 22.9089 50.9256
      vertex -39.9231 20.1769 49.3483
      vertex -46.3247 23.2602 51.1284
    endloop
  endfacet
  facet normal -5.5095e-05 -0.499955 0.866051
    outer loop
      vertex -39.6955 -23.8268 23.9427
      vertex -44.6989 -27.7635 21.6698
      vertex -44.3107 -28.0045 21.5307
    endloop
  endfacet
  facet normal -6.64171e-05 -0.500116 0.865958
    outer loop
      vertex -46.8022 22.5441 50.7149
      vertex -39.9231 20.1769 49.3483
      vertex -46.577 22.9089 50.9256
    endloop
  endfacet
  facet normal 5.54763e-05 -0.500054 0.865994
    outer loop
      vertex -39.7877 -23.6146 24.0652
      vertex -45.0682 -27.501 21.8214
      vertex -44.6989 -27.7635 21.6698
    endloop
  endfacet
  facet normal -0.00014287 -0.500283 0.865862
    outer loop
      vertex -39.9231 20.1769 49.3483
      vertex -46.8022 22.5441 50.7149
      vertex -39.9658 19.9533 49.2191
    endloop
  endfacet
  facet normal -8.70057e-05 -0.499909 0.866078
    outer loop
      vertex -39.7877 -23.6146 24.0652
      vertex -45.4169 -27.2182 21.9846
      vertex -45.0682 -27.501 21.8214
    endloop
  endfacet
  facet normal 7.51907e-05 -0.499851 0.866111
    outer loop
      vertex -46.9993 22.1672 50.4974
      vertex -39.9658 19.9533 49.2191
      vertex -46.8022 22.5441 50.7149
    endloop
  endfacet
  facet normal 0.000107857 -0.500123 0.865954
    outer loop
      vertex -39.8637 -23.3977 24.1904
      vertex -45.7434 -26.9163 22.159
      vertex -45.4169 -27.2182 21.9846
    endloop
  endfacet
  facet normal -5.54232e-05 -0.500163 0.865931
    outer loop
      vertex -47.1676 21.7801 50.2738
      vertex -39.9658 19.9533 49.2191
      vertex -46.9993 22.1672 50.4974
    endloop
  endfacet
  facet normal -3.17877e-05 -0.499948 0.866055
    outer loop
      vertex -39.8637 -23.3977 24.1904
      vertex -46.0465 -26.5965 22.3436
      vertex -45.7434 -26.9163 22.159
    endloop
  endfacet
  facet normal 3.6807e-05 -0.49989 0.866089
    outer loop
      vertex -47.3062 21.3842 50.0453
      vertex -39.9658 19.9533 49.2191
      vertex -47.1676 21.7801 50.2738
    endloop
  endfacet
  facet normal 3.71725e-05 -0.500049 0.865997
    outer loop
      vertex -39.9231 -23.1769 24.3179
      vertex -46.3247 -26.2602 22.5378
      vertex -46.0465 -26.5965 22.3436
    endloop
  endfacet
  facet normal 4.47937e-05 -0.499859 0.866107
    outer loop
      vertex -39.9658 19.9533 49.2191
      vertex -47.3062 21.3842 50.0453
      vertex -39.9914 19.7277 49.0889
    endloop
  endfacet
  facet normal -1.59916e-05 -0.499966 0.866045
    outer loop
      vertex -39.9231 -23.1769 24.3179
      vertex -46.577 -25.9089 22.7406
      vertex -46.3247 -26.2602 22.5378
    endloop
  endfacet
  facet normal 8.76877e-06 -0.499979 0.866038
    outer loop
      vertex -47.4147 20.9813 49.8127
      vertex -39.9914 19.7277 49.0889
      vertex -47.3062 21.3842 50.0453
    endloop
  endfacet
  facet normal -1.134e-05 -0.499974 0.86604
    outer loop
      vertex -39.9231 -23.1769 24.3179
      vertex -46.8022 -25.5441 22.9512
      vertex -46.577 -25.9089 22.7406
    endloop
  endfacet
  facet normal -5.08351e-06 -0.50004 0.866002
    outer loop
      vertex -47.4925 20.5731 49.577
      vertex -39.9914 19.7277 49.0889
      vertex -47.4147 20.9813 49.8127
    endloop
  endfacet
  facet normal -2.5078e-06 -0.499995 0.866028
    outer loop
      vertex -39.9658 -22.9533 24.447
      vertex -46.9993 -25.1672 23.1688
      vertex -46.8022 -25.5441 22.9512
    endloop
  endfacet
  facet normal -2.24268e-07 -0.500008 0.866021
    outer loop
      vertex -47.5394 20.1614 49.3393
      vertex -39.9914 19.7277 49.0889
      vertex -47.4925 20.5731 49.577
    endloop
  endfacet
  facet normal 4.31713e-06 -0.500012 0.866019
    outer loop
      vertex -39.9658 -22.9533 24.447
      vertex -47.1676 -24.7801 23.3923
      vertex -46.9993 -25.1672 23.1688
    endloop
  endfacet
  facet normal 4.4883e-06 -0.499946 0.866056
    outer loop
      vertex -47.555 19.7479 49.1006
      vertex -39.9914 19.7277 49.0889
      vertex -47.5394 20.1614 49.3393
    endloop
  endfacet
  facet normal 1.41573e-05 -0.500041 0.866002
    outer loop
      vertex -39.9658 -22.9533 24.447
      vertex -47.3062 -24.3842 23.6209
      vertex -47.1676 -24.7801 23.3923
    endloop
  endfacet
  facet normal 4.57772e-06 -0.499921 0.866071
    outer loop
      vertex -39.9914 19.7277 49.0889
      vertex -47.555 19.7479 49.1006
      vertex -40 19.5011 48.9581
    endloop
  endfacet
  facet normal -8.76877e-06 -0.499979 0.866038
    outer loop
      vertex -39.9914 -22.7277 24.5773
      vertex -47.4147 -23.9813 23.8535
      vertex -47.3062 -24.3842 23.6209
    endloop
  endfacet
  facet normal 5.08351e-06 -0.50004 0.866002
    outer loop
      vertex -39.9914 -22.7277 24.5773
      vertex -47.4925 -23.5731 24.0892
      vertex -47.4147 -23.9813 23.8535
    endloop
  endfacet
  facet normal 2.24268e-07 -0.500008 0.866021
    outer loop
      vertex -39.9914 -22.7277 24.5773
      vertex -47.5394 -23.1614 24.3269
      vertex -47.4925 -23.5731 24.0892
    endloop
  endfacet
  facet normal 3.25244e-05 -0.499979 0.866038
    outer loop
      vertex 6.98501 -1.89649 36.6042
      vertex 20 -17.0885 27.8331
      vertex 7 -1.5 36.8331
    endloop
  endfacet
  facet normal -0.00016715 -0.500107 0.865964
    outer loop
      vertex 6.94011 -2.29127 36.3762
      vertex 20 -17.0885 27.8331
      vertex 6.98501 -1.89649 36.6042
    endloop
  endfacet
  facet normal 0.000149801 -0.499897 0.866085
    outer loop
      vertex 6.8655 -2.68267 36.1503
      vertex 20 -17.0885 27.8331
      vertex 6.94011 -2.29127 36.3762
    endloop
  endfacet
  facet normal -8.87515e-05 -0.50006 0.865991
    outer loop
      vertex 6.76148 -3.06901 35.9272
      vertex 20 -17.0885 27.8331
      vertex 6.8655 -2.68267 36.1503
    endloop
  endfacet
  facet normal -5.91912e-05 -0.500039 0.866003
    outer loop
      vertex 6.62851 -3.44862 35.708
      vertex 20 -17.0885 27.8331
      vertex 6.76148 -3.06901 35.9272
    endloop
  endfacet
  facet normal 8.31393e-05 -0.499935 0.866063
    outer loop
      vertex 6.46716 -3.81989 35.4937
      vertex 20 -17.0885 27.8331
      vertex 6.62851 -3.44862 35.708
    endloop
  endfacet
  facet normal 2.91659e-05 -0.499976 0.866039
    outer loop
      vertex 6.27811 -4.18123 35.2851
      vertex 20 -17.0885 27.8331
      vertex 6.46716 -3.81989 35.4937
    endloop
  endfacet
  facet normal -1.27624e-05 -0.500009 0.86602
    outer loop
      vertex 6.06218 -4.53109 35.0831
      vertex 20 -17.0885 27.8331
      vertex 6.27811 -4.18123 35.2851
    endloop
  endfacet
  facet normal -4.05916e-06 -0.500002 0.866024
    outer loop
      vertex 5.82029 -4.86797 34.8886
      vertex 20 -17.0885 27.8331
      vertex 6.06218 -4.53109 35.0831
    endloop
  endfacet
  facet normal -4.60713e-05 -0.500039 0.866003
    outer loop
      vertex 5.55347 -5.19042 34.7024
      vertex 20 -17.0885 27.8331
      vertex 5.82029 -4.86797 34.8886
    endloop
  endfacet
  facet normal 5.60739e-05 -0.499946 0.866057
    outer loop
      vertex 5.26288 -5.49707 34.5254
      vertex 20 -17.0885 27.8331
      vertex 5.55347 -5.19042 34.7024
    endloop
  endfacet
  facet normal -4.37084e-05 -0.500041 0.866002
    outer loop
      vertex 4.94975 -5.78661 34.3582
      vertex 20 -17.0885 27.8331
      vertex 5.26288 -5.49707 34.5254
    endloop
  endfacet
  facet normal -4.4001e-05 -0.500041 0.866002
    outer loop
      vertex 4.61542 -6.05779 34.2016
      vertex 20 -17.0885 27.8331
      vertex 4.94975 -5.78661 34.3582
    endloop
  endfacet
  facet normal -7.28814e-06 -0.500003 0.866024
    outer loop
      vertex 4.26133 -6.30945 34.0563
      vertex 20 -17.0885 27.8331
      vertex 4.61542 -6.05779 34.2016
    endloop
  endfacet
  facet normal 7.87379e-06 -0.499986 0.866033
    outer loop
      vertex 3.88899 -6.54052 33.9229
      vertex 20 -17.0885 27.8331
      vertex 4.26133 -6.30945 34.0563
    endloop
  endfacet
  facet normal 5.10189e-05 -0.499937 0.866062
    outer loop
      vertex 3.5 -6.75 33.802
      vertex 20 -17.0885 27.8331
      vertex 3.88899 -6.54052 33.9229
    endloop
  endfacet
  facet normal -4.45636e-05 -0.500051 0.865996
    outer loop
      vertex 3.09602 -6.937 33.694
      vertex 20 -17.0885 27.8331
      vertex 3.5 -6.75 33.802
    endloop
  endfacet
  facet normal 2.84182e-05 -0.49996 0.866049
    outer loop
      vertex 2.67878 -7.10072 33.5995
      vertex 20 -17.0885 27.8331
      vertex 3.09602 -6.937 33.694
    endloop
  endfacet
  facet normal -2.80531e-05 -0.500033 0.866006
    outer loop
      vertex 2.25008 -7.24046 33.5188
      vertex 20 -17.0885 27.8331
      vertex 2.67878 -7.10072 33.5995
    endloop
  endfacet
  facet normal -2.5365e-05 -0.50003 0.866008
    outer loop
      vertex 1.81173 -7.35561 33.4523
      vertex 20 -17.0885 27.8331
      vertex 2.25008 -7.24046 33.5188
    endloop
  endfacet
  facet normal 9.73977e-06 -0.499981 0.866037
    outer loop
      vertex 1.36563 -7.44569 33.4003
      vertex 20 -17.0885 27.8331
      vertex 1.81173 -7.35561 33.4523
    endloop
  endfacet
  facet normal 1.17789e-05 -0.499978 0.866038
    outer loop
      vertex 0.913683 -7.51031 33.363
      vertex 20 -17.0885 27.8331
      vertex 1.36563 -7.44569 33.4003
    endloop
  endfacet
  facet normal 8.58466e-05 -0.499867 0.866102
    outer loop
      vertex 0.457822 -7.5492 33.3406
      vertex 20 -17.0885 27.8331
      vertex 0.913683 -7.51031 33.363
    endloop
  endfacet
  facet normal -1.07574e-05 -0.500015 0.866017
    outer loop
      vertex 0 -7.56218 33.3331
      vertex 20 -17.0885 27.8331
      vertex 0.457822 -7.5492 33.3406
    endloop
  endfacet
  facet normal 1.07574e-05 -0.500015 0.866017
    outer loop
      vertex -20 -17.0885 27.8331
      vertex 0 -7.56218 33.3331
      vertex -0.457822 -7.5492 33.3406
    endloop
  endfacet
  facet normal -8.58466e-05 -0.499867 0.866102
    outer loop
      vertex -20 -17.0885 27.8331
      vertex -0.457822 -7.5492 33.3406
      vertex -0.913683 -7.51031 33.363
    endloop
  endfacet
  facet normal -1.17789e-05 -0.499978 0.866038
    outer loop
      vertex -20 -17.0885 27.8331
      vertex -0.913683 -7.51031 33.363
      vertex -1.36563 -7.44569 33.4003
    endloop
  endfacet
  facet normal -9.73977e-06 -0.499981 0.866037
    outer loop
      vertex -20 -17.0885 27.8331
      vertex -1.36563 -7.44569 33.4003
      vertex -1.81173 -7.35561 33.4523
    endloop
  endfacet
  facet normal 2.5365e-05 -0.50003 0.866008
    outer loop
      vertex -20 -17.0885 27.8331
      vertex -1.81173 -7.35561 33.4523
      vertex -2.25008 -7.24046 33.5188
    endloop
  endfacet
  facet normal 2.80531e-05 -0.500033 0.866006
    outer loop
      vertex -20 -17.0885 27.8331
      vertex -2.25008 -7.24046 33.5188
      vertex -2.67878 -7.10072 33.5995
    endloop
  endfacet
  facet normal -2.84182e-05 -0.49996 0.866049
    outer loop
      vertex -20 -17.0885 27.8331
      vertex -2.67878 -7.10072 33.5995
      vertex -3.09602 -6.937 33.694
    endloop
  endfacet
  facet normal 0 -0.499998 0.866026
    outer loop
      vertex 0 -7.56218 33.3331
      vertex -20 -17.0885 27.8331
      vertex 20 -17.0885 27.8331
    endloop
  endfacet
  facet normal 4.45636e-05 -0.500051 0.865996
    outer loop
      vertex -3.5 -6.75 33.802
      vertex -20 -17.0885 27.8331
      vertex -3.09602 -6.937 33.694
    endloop
  endfacet
  facet normal -5.10189e-05 -0.499937 0.866062
    outer loop
      vertex -3.88899 -6.54052 33.9229
      vertex -20 -17.0885 27.8331
      vertex -3.5 -6.75 33.802
    endloop
  endfacet
  facet normal -7.87379e-06 -0.499986 0.866033
    outer loop
      vertex -4.26133 -6.30945 34.0563
      vertex -20 -17.0885 27.8331
      vertex -3.88899 -6.54052 33.9229
    endloop
  endfacet
  facet normal 7.28814e-06 -0.500003 0.866024
    outer loop
      vertex -4.61542 -6.05779 34.2016
      vertex -20 -17.0885 27.8331
      vertex -4.26133 -6.30945 34.0563
    endloop
  endfacet
  facet normal 4.4001e-05 -0.500041 0.866002
    outer loop
      vertex -4.94975 -5.78661 34.3582
      vertex -20 -17.0885 27.8331
      vertex -4.61542 -6.05779 34.2016
    endloop
  endfacet
  facet normal 4.37084e-05 -0.500041 0.866002
    outer loop
      vertex -5.26288 -5.49707 34.5254
      vertex -20 -17.0885 27.8331
      vertex -4.94975 -5.78661 34.3582
    endloop
  endfacet
  facet normal -5.60739e-05 -0.499946 0.866057
    outer loop
      vertex -5.55347 -5.19042 34.7024
      vertex -20 -17.0885 27.8331
      vertex -5.26288 -5.49707 34.5254
    endloop
  endfacet
  facet normal 4.60713e-05 -0.500039 0.866003
    outer loop
      vertex -5.82029 -4.86797 34.8886
      vertex -20 -17.0885 27.8331
      vertex -5.55347 -5.19042 34.7024
    endloop
  endfacet
  facet normal 4.05916e-06 -0.500002 0.866024
    outer loop
      vertex -6.06218 -4.53109 35.0831
      vertex -20 -17.0885 27.8331
      vertex -5.82029 -4.86797 34.8886
    endloop
  endfacet
  facet normal 1.27624e-05 -0.500009 0.86602
    outer loop
      vertex -6.27811 -4.18123 35.2851
      vertex -20 -17.0885 27.8331
      vertex -6.06218 -4.53109 35.0831
    endloop
  endfacet
  facet normal -2.91659e-05 -0.499976 0.866039
    outer loop
      vertex -6.46716 -3.81989 35.4937
      vertex -20 -17.0885 27.8331
      vertex -6.27811 -4.18123 35.2851
    endloop
  endfacet
  facet normal -8.31393e-05 -0.499935 0.866063
    outer loop
      vertex -6.62851 -3.44862 35.708
      vertex -20 -17.0885 27.8331
      vertex -6.46716 -3.81989 35.4937
    endloop
  endfacet
  facet normal 5.91912e-05 -0.500039 0.866003
    outer loop
      vertex -6.76148 -3.06901 35.9272
      vertex -20 -17.0885 27.8331
      vertex -6.62851 -3.44862 35.708
    endloop
  endfacet
  facet normal 8.87515e-05 -0.50006 0.865991
    outer loop
      vertex -6.8655 -2.68267 36.1503
      vertex -20 -17.0885 27.8331
      vertex -6.76148 -3.06901 35.9272
    endloop
  endfacet
  facet normal -0.000149801 -0.499897 0.866085
    outer loop
      vertex -6.94011 -2.29127 36.3762
      vertex -20 -17.0885 27.8331
      vertex -6.8655 -2.68267 36.1503
    endloop
  endfacet
  facet normal 0.00016715 -0.500107 0.865964
    outer loop
      vertex -6.98501 -1.89649 36.6042
      vertex -20 -17.0885 27.8331
      vertex -6.94011 -2.29127 36.3762
    endloop
  endfacet
  facet normal -3.25244e-05 -0.499979 0.866038
    outer loop
      vertex -20 -17.0885 27.8331
      vertex -6.98501 -1.89649 36.6042
      vertex -7 -1.5 36.8331
    endloop
  endfacet
  facet normal 0.58266 0.703836 0.406353
    outer loop
      vertex -44.3107 -30.5045 25.8608
      vertex -44.6989 -27.7635 21.6698
      vertex -44.6989 -30.2635 26
    endloop
  endfacet
  facet normal 0.582591 0.703874 0.406385
    outer loop
      vertex -44.6989 -27.7635 21.6698
      vertex -44.3107 -30.5045 25.8608
      vertex -44.3107 -28.0045 21.5307
    endloop
  endfacet
  facet normal 0.0980955 0.861847 0.497591
    outer loop
      vertex -40.7324 -31.5564 25.2535
      vertex -41.2078 -29.0158 20.9468
      vertex -41.2078 -31.5158 25.2769
    endloop
  endfacet
  facet normal 0.0980955 0.861847 0.497591
    outer loop
      vertex -41.2078 -29.0158 20.9468
      vertex -40.7324 -31.5564 25.2535
      vertex -40.7324 -29.0564 20.9234
    endloop
  endfacet
  facet normal -0.527931 -0.735503 -0.424646
    outer loop
      vertex 43.905 25.2229 52.2616
      vertex 44.3107 22.5045 56.4656
      vertex 43.905 22.7229 56.5917
    endloop
  endfacet
  facet normal -0.528007 -0.735467 -0.424615
    outer loop
      vertex 44.3107 22.5045 56.4656
      vertex 43.905 25.2229 52.2616
      vertex 44.3107 25.0045 52.1354
    endloop
  endfacet
  facet normal -0.58266 -0.703836 -0.406353
    outer loop
      vertex 44.3107 25.0045 52.1354
      vertex 44.6989 22.2635 56.3264
      vertex 44.3107 22.5045 56.4656
    endloop
  endfacet
  facet normal -0.582591 -0.703874 -0.406385
    outer loop
      vertex 44.6989 22.2635 56.3264
      vertex 44.3107 25.0045 52.1354
      vertex 44.6989 24.7635 51.9963
    endloop
  endfacet
  facet normal -0.162878 -0.854464 -0.493317
    outer loop
      vertex 41.2078 26.0158 52.7193
      vertex 41.6792 23.4484 57.0106
      vertex 41.2078 23.5158 57.0495
    endloop
  endfacet
  facet normal -0.162878 -0.854464 -0.493317
    outer loop
      vertex 41.6792 23.4484 57.0106
      vertex 41.2078 26.0158 52.7193
      vertex 41.6792 25.9484 52.6804
    endloop
  endfacet
  facet normal -0.0980955 -0.861847 -0.497591
    outer loop
      vertex 40.7324 26.0564 52.7428
      vertex 41.2078 23.5158 57.0495
      vertex 40.7324 23.5564 57.0729
    endloop
  endfacet
  facet normal -0.0981992 -0.861843 -0.497577
    outer loop
      vertex 41.2078 23.5158 57.0495
      vertex 40.7324 26.0564 52.7428
      vertex 41.2078 26.0158 52.7193
    endloop
  endfacet
  facet normal -0.227077 -0.843406 -0.486932
    outer loop
      vertex 41.6792 25.9484 52.6804
      vertex 42.1444 23.3545 56.9563
      vertex 41.6792 23.4484 57.0106
    endloop
  endfacet
  facet normal -0.226978 -0.843421 -0.486952
    outer loop
      vertex 42.1444 23.3545 56.9563
      vertex 41.6792 25.9484 52.6804
      vertex 42.1444 25.8545 52.6262
    endloop
  endfacet
  facet normal -0.881901 -0.408274 -0.235718
    outer loop
      vertex 46.8022 22.5441 50.7149
      vertex 46.577 20.4089 55.2557
      vertex 46.577 22.9089 50.9256
    endloop
  endfacet
  facet normal -0.881878 -0.408314 -0.235736
    outer loop
      vertex 46.577 20.4089 55.2557
      vertex 46.8022 22.5441 50.7149
      vertex 46.8022 20.0441 55.0451
    endloop
  endfacet
  facet normal -1 0 0
    outer loop
      vertex 47.555 -22.7479 24.5656
      vertex 47.555 17.2479 53.4307
      vertex 47.555 19.7479 49.1006
    endloop
  endfacet
  facet normal -1 0 0
    outer loop
      vertex 47.555 17.2479 53.4307
      vertex 47.555 -22.7479 24.5656
      vertex 47.555 -25.2479 28.8957
    endloop
  endfacet
  facet normal 0.290284 -0.828733 -0.478472
    outer loop
      vertex -42.6015 23.2344 56.887
      vertex -42.1444 25.8545 52.6262
      vertex -42.1444 23.3545 56.9563
    endloop
  endfacet
  facet normal 0.290284 -0.828733 -0.478472
    outer loop
      vertex -42.1444 25.8545 52.6262
      vertex -42.6015 23.2344 56.887
      vertex -42.6015 25.7344 52.5569
    endloop
  endfacet
  facet normal 0.162878 -0.854464 -0.493317
    outer loop
      vertex -41.6792 23.4484 57.0106
      vertex -41.2078 26.0158 52.7193
      vertex -41.2078 23.5158 57.0495
    endloop
  endfacet
  facet normal 0.162878 -0.854464 -0.493317
    outer loop
      vertex -41.2078 26.0158 52.7193
      vertex -41.6792 23.4484 57.0106
      vertex -41.6792 25.9484 52.6804
    endloop
  endfacet
  facet normal 0.352165 -0.810545 -0.467971
    outer loop
      vertex -43.0486 23.0887 56.8029
      vertex -42.6015 25.7344 52.5569
      vertex -42.6015 23.2344 56.887
    endloop
  endfacet
  facet normal 0.352256 -0.81052 -0.467946
    outer loop
      vertex -42.6015 25.7344 52.5569
      vertex -43.0486 23.0887 56.8029
      vertex -43.0486 25.5887 52.4727
    endloop
  endfacet
  facet normal 0.527931 -0.735503 -0.424646
    outer loop
      vertex -44.3107 22.5045 56.4656
      vertex -43.905 25.2229 52.2616
      vertex -43.905 22.7229 56.5917
    endloop
  endfacet
  facet normal 0.528007 -0.735467 -0.424615
    outer loop
      vertex -43.905 25.2229 52.2616
      vertex -44.3107 22.5045 56.4656
      vertex -44.3107 25.0045 52.1354
    endloop
  endfacet
  facet normal 0.471373 -0.763776 -0.440969
    outer loop
      vertex -43.905 22.7229 56.5917
      vertex -43.4837 25.4179 52.3742
      vertex -43.4837 22.9179 56.7043
    endloop
  endfacet
  facet normal 0.471373 -0.763776 -0.440969
    outer loop
      vertex -43.4837 25.4179 52.3742
      vertex -43.905 22.7229 56.5917
      vertex -43.905 25.2229 52.2616
    endloop
  endfacet
  facet normal 0.973865 -0.196697 -0.113564
    outer loop
      vertex -47.3062 18.8842 54.3754
      vertex -47.4147 20.9813 49.8127
      vertex -47.3062 21.3842 50.0453
    endloop
  endfacet
  facet normal 0.973865 -0.196697 -0.113564
    outer loop
      vertex -47.4147 20.9813 49.8127
      vertex -47.3062 18.8842 54.3754
      vertex -47.4147 18.4813 54.1428
    endloop
  endfacet
  facet normal 0.986651 -0.141032 -0.0814256
    outer loop
      vertex -47.4147 18.4813 54.1428
      vertex -47.4925 20.5731 49.577
      vertex -47.4147 20.9813 49.8127
    endloop
  endfacet
  facet normal 0.986651 -0.141032 -0.0814256
    outer loop
      vertex -47.4925 20.5731 49.577
      vertex -47.4147 18.4813 54.1428
      vertex -47.4925 18.0731 53.9071
    endloop
  endfacet
  facet normal 0.849146 -0.457398 -0.264081
    outer loop
      vertex -46.3247 20.7602 55.4585
      vertex -46.577 22.9089 50.9256
      vertex -46.3247 23.2602 51.1284
    endloop
  endfacet
  facet normal 0.849146 -0.457398 -0.264081
    outer loop
      vertex -46.577 22.9089 50.9256
      vertex -46.3247 20.7602 55.4585
      vertex -46.577 20.4089 55.2557
    endloop
  endfacet
  facet normal 0.729867 -0.592005 -0.341796
    outer loop
      vertex -45.4169 21.7182 56.0116
      vertex -45.7434 23.9163 51.5072
      vertex -45.4169 24.2182 51.6815
    endloop
  endfacet
  facet normal 0.729867 -0.592005 -0.341796
    outer loop
      vertex -45.7434 23.9163 51.5072
      vertex -45.4169 21.7182 56.0116
      vertex -45.7434 21.4163 55.8373
    endloop
  endfacet
  facet normal 0.81293 0.50434 0.291182
    outer loop
      vertex -46.3247 -28.7602 26.8679
      vertex -46.0465 -26.5965 22.3436
      vertex -46.3247 -26.2602 22.5378
    endloop
  endfacet
  facet normal 0.81293 0.50434 0.291182
    outer loop
      vertex -46.0465 -26.5965 22.3436
      vertex -46.3247 -28.7602 26.8679
      vertex -46.0465 -29.0965 26.6737
    endloop
  endfacet
  facet normal 0.995169 0.0850251 0.0490896
    outer loop
      vertex -47.5394 -25.6614 28.657
      vertex -47.4925 -23.5731 24.0892
      vertex -47.5394 -23.1614 24.3269
    endloop
  endfacet
  facet normal 0.995169 0.0850251 0.0490896
    outer loop
      vertex -47.4925 -23.5731 24.0892
      vertex -47.5394 -25.6614 28.657
      vertex -47.4925 -26.0731 28.4193
    endloop
  endfacet
  facet normal 0.849146 0.457398 0.264081
    outer loop
      vertex -46.577 -28.4089 27.0707
      vertex -46.3247 -26.2602 22.5378
      vertex -46.577 -25.9089 22.7406
    endloop
  endfacet
  facet normal 0.849146 0.457398 0.264081
    outer loop
      vertex -46.3247 -26.2602 22.5378
      vertex -46.577 -28.4089 27.0707
      vertex -46.3247 -28.7602 26.8679
    endloop
  endfacet
  facet normal 0.729915 0.59196 0.34177
    outer loop
      vertex -45.7434 -29.4163 26.4891
      vertex -45.4169 -27.2182 21.9846
      vertex -45.7434 -26.9163 22.159
    endloop
  endfacet
  facet normal 0.729867 0.592008 0.34179
    outer loop
      vertex -45.4169 -27.2182 21.9846
      vertex -45.7434 -29.4163 26.4891
      vertex -45.4169 -29.7182 26.3148
    endloop
  endfacet
  facet normal 0.999467 0.0282809 0.0163281
    outer loop
      vertex -47.555 -25.2479 28.8957
      vertex -47.5394 -23.1614 24.3269
      vertex -47.555 -22.7479 24.5656
    endloop
  endfacet
  facet normal 0.999467 0.0282809 0.0163281
    outer loop
      vertex -47.5394 -23.1614 24.3269
      vertex -47.555 -25.2479 28.8957
      vertex -47.5394 -25.6614 28.657
    endloop
  endfacet
  facet normal 0.527931 0.735503 0.424646
    outer loop
      vertex -43.905 -30.7229 25.7347
      vertex -44.3107 -28.0045 21.5307
      vertex -44.3107 -30.5045 25.8608
    endloop
  endfacet
  facet normal 0.527931 0.735503 0.424646
    outer loop
      vertex -44.3107 -28.0045 21.5307
      vertex -43.905 -30.7229 25.7347
      vertex -43.905 -28.2229 21.4046
    endloop
  endfacet
  facet normal 0.352165 0.810545 0.467971
    outer loop
      vertex -42.6015 -31.2344 25.4394
      vertex -43.0486 -28.5887 21.1934
      vertex -43.0486 -31.0887 25.5235
    endloop
  endfacet
  facet normal 0.352165 0.810545 0.467971
    outer loop
      vertex -43.0486 -28.5887 21.1934
      vertex -42.6015 -31.2344 25.4394
      vertex -42.6015 -28.7344 21.1093
    endloop
  endfacet
  facet normal 0.471373 0.763776 0.440969
    outer loop
      vertex -43.4837 -30.9179 25.6221
      vertex -43.905 -28.2229 21.4046
      vertex -43.905 -30.7229 25.7347
    endloop
  endfacet
  facet normal 0.471373 0.763776 0.440969
    outer loop
      vertex -43.905 -28.2229 21.4046
      vertex -43.4837 -30.9179 25.6221
      vertex -43.4837 -28.4179 21.292
    endloop
  endfacet
  facet normal 0.0326415 0.865563 0.499736
    outer loop
      vertex -40.255 -31.5699 25.2457
      vertex -40.7324 -29.0564 20.9234
      vertex -40.7324 -31.5564 25.2535
    endloop
  endfacet
  facet normal 0.0326415 0.865563 0.499736
    outer loop
      vertex -40.7324 -29.0564 20.9234
      vertex -40.255 -31.5699 25.2457
      vertex -40.255 -29.0699 20.9156
    endloop
  endfacet
  facet normal 0.162878 0.854459 0.493325
    outer loop
      vertex -41.2078 -31.5158 25.2769
      vertex -41.6792 -28.9484 20.9857
      vertex -41.6792 -31.4484 25.3158
    endloop
  endfacet
  facet normal 0.162878 0.854459 0.493325
    outer loop
      vertex -41.6792 -28.9484 20.9857
      vertex -41.2078 -31.5158 25.2769
      vertex -41.2078 -29.0158 20.9468
    endloop
  endfacet
  facet normal 0.290284 0.828733 0.478472
    outer loop
      vertex -42.1444 -31.3545 25.3701
      vertex -42.6015 -28.7344 21.1093
      vertex -42.6015 -31.2344 25.4394
    endloop
  endfacet
  facet normal 0.290284 0.828733 0.478472
    outer loop
      vertex -42.6015 -28.7344 21.1093
      vertex -42.1444 -31.3545 25.3701
      vertex -42.1444 -28.8545 21.04
    endloop
  endfacet
  facet normal -0.412839 -0.788783 -0.455396
    outer loop
      vertex 43.0486 25.5887 52.4727
      vertex 43.4837 22.9179 56.7043
      vertex 43.0486 23.0887 56.8029
    endloop
  endfacet
  facet normal -0.412752 -0.788812 -0.455424
    outer loop
      vertex 43.4837 22.9179 56.7043
      vertex 43.0486 25.5887 52.4727
      vertex 43.4837 25.4179 52.3742
    endloop
  endfacet
  facet normal -0.471373 -0.763776 -0.440969
    outer loop
      vertex 43.4837 25.4179 52.3742
      vertex 43.905 22.7229 56.5917
      vertex 43.4837 22.9179 56.7043
    endloop
  endfacet
  facet normal -0.471373 -0.763776 -0.440969
    outer loop
      vertex 43.905 22.7229 56.5917
      vertex 43.4837 25.4179 52.3742
      vertex 43.905 25.2229 52.2616
    endloop
  endfacet
  facet normal -0.290284 -0.828733 -0.478472
    outer loop
      vertex 42.1444 25.8545 52.6262
      vertex 42.6015 23.2344 56.887
      vertex 42.1444 23.3545 56.9563
    endloop
  endfacet
  facet normal -0.290284 -0.828733 -0.478472
    outer loop
      vertex 42.6015 23.2344 56.887
      vertex 42.1444 25.8545 52.6262
      vertex 42.6015 25.7344 52.5569
    endloop
  endfacet
  facet normal -0.812894 -0.504385 -0.291202
    outer loop
      vertex 46.3247 23.2602 51.1284
      vertex 46.0465 21.0965 55.6527
      vertex 46.0465 23.5965 51.3225
    endloop
  endfacet
  facet normal -0.81293 -0.50434 -0.291182
    outer loop
      vertex 46.0465 21.0965 55.6527
      vertex 46.3247 23.2602 51.1284
      vertex 46.3247 20.7602 55.4585
    endloop
  endfacet
  facet normal -0.986651 -0.141032 -0.0814256
    outer loop
      vertex 47.4925 20.5731 49.577
      vertex 47.4147 18.4813 54.1428
      vertex 47.4147 20.9813 49.8127
    endloop
  endfacet
  facet normal -0.986651 -0.141032 -0.0814256
    outer loop
      vertex 47.4147 18.4813 54.1428
      vertex 47.4925 20.5731 49.577
      vertex 47.4925 18.0731 53.9071
    endloop
  endfacet
  facet normal -0.995169 -0.0850251 -0.0490896
    outer loop
      vertex 47.5394 20.1614 49.3393
      vertex 47.4925 18.0731 53.9071
      vertex 47.4925 20.5731 49.577
    endloop
  endfacet
  facet normal -0.995169 -0.0850251 -0.0490896
    outer loop
      vertex 47.4925 18.0731 53.9071
      vertex 47.5394 20.1614 49.3393
      vertex 47.5394 17.6614 53.6694
    endloop
  endfacet
  facet normal -0.849146 -0.457398 -0.264081
    outer loop
      vertex 46.577 22.9089 50.9256
      vertex 46.3247 20.7602 55.4585
      vertex 46.3247 23.2602 51.1284
    endloop
  endfacet
  facet normal -0.849146 -0.457398 -0.264081
    outer loop
      vertex 46.3247 20.7602 55.4585
      vertex 46.577 22.9089 50.9256
      vertex 46.577 20.4089 55.2557
    endloop
  endfacet
  facet normal -0.729867 -0.592005 -0.341796
    outer loop
      vertex 45.7434 23.9163 51.5072
      vertex 45.4169 21.7182 56.0116
      vertex 45.4169 24.2182 51.6815
    endloop
  endfacet
  facet normal -0.729867 -0.592005 -0.341796
    outer loop
      vertex 45.4169 21.7182 56.0116
      vertex 45.7434 23.9163 51.5072
      vertex 45.7434 21.4163 55.8373
    endloop
  endfacet
  facet normal -0.772949 0.549465 0.317236
    outer loop
      vertex 45.7434 -26.9163 22.159
      vertex 46.0465 -29.0965 26.6737
      vertex 46.0465 -26.5965 22.3436
    endloop
  endfacet
  facet normal -0.772949 0.549465 0.317236
    outer loop
      vertex 46.0465 -29.0965 26.6737
      vertex 45.7434 -26.9163 22.159
      vertex 45.7434 -29.4163 26.4891
    endloop
  endfacet
  facet normal -0.910934 0.357281 0.206277
    outer loop
      vertex 46.8022 -25.5441 22.9512
      vertex 46.9993 -27.6672 27.4989
      vertex 46.9993 -25.1672 23.1688
    endloop
  endfacet
  facet normal -0.910916 0.357317 0.206293
    outer loop
      vertex 46.9993 -27.6672 27.4989
      vertex 46.8022 -25.5441 22.9512
      vertex 46.8022 -28.0441 27.2814
    endloop
  endfacet
  facet normal -0.849146 0.457398 0.264081
    outer loop
      vertex 46.3247 -26.2602 22.5378
      vertex 46.577 -28.4089 27.0707
      vertex 46.577 -25.9089 22.7406
    endloop
  endfacet
  facet normal -0.849146 0.457398 0.264081
    outer loop
      vertex 46.577 -28.4089 27.0707
      vertex 46.3247 -26.2602 22.5378
      vertex 46.3247 -28.7602 26.8679
    endloop
  endfacet
  facet normal -0.986651 0.141032 0.0814256
    outer loop
      vertex 47.4147 -23.9813 23.8535
      vertex 47.4925 -26.0731 28.4193
      vertex 47.4925 -23.5731 24.0892
    endloop
  endfacet
  facet normal -0.986651 0.141032 0.0814256
    outer loop
      vertex 47.4925 -26.0731 28.4193
      vertex 47.4147 -23.9813 23.8535
      vertex 47.4147 -26.4813 28.1836
    endloop
  endfacet
  facet normal -0.58266 0.703836 0.406353
    outer loop
      vertex 44.6989 -27.7635 21.6698
      vertex 44.3107 -30.5045 25.8608
      vertex 44.6989 -30.2635 26
    endloop
  endfacet
  facet normal -0.582591 0.703874 0.406385
    outer loop
      vertex 44.3107 -30.5045 25.8608
      vertex 44.6989 -27.7635 21.6698
      vertex 44.3107 -28.0045 21.5307
    endloop
  endfacet
  facet normal -0.527931 0.735503 0.424646
    outer loop
      vertex 44.3107 -28.0045 21.5307
      vertex 43.905 -30.7229 25.7347
      vertex 44.3107 -30.5045 25.8608
    endloop
  endfacet
  facet normal -0.527931 0.735503 0.424646
    outer loop
      vertex 43.905 -30.7229 25.7347
      vertex 44.3107 -28.0045 21.5307
      vertex 43.905 -28.2229 21.4046
    endloop
  endfacet
  facet normal -0.683502 0.632157 0.36497
    outer loop
      vertex 45.0682 -27.501 21.8214
      vertex 45.4169 -29.7182 26.3148
      vertex 45.4169 -27.2182 21.9846
    endloop
  endfacet
  facet normal -0.683558 0.632108 0.36495
    outer loop
      vertex 45.4169 -29.7182 26.3148
      vertex 45.0682 -27.501 21.8214
      vertex 45.0682 -30.001 26.1515
    endloop
  endfacet
  facet normal -0.412839 0.788778 0.455404
    outer loop
      vertex 43.4837 -28.4179 21.292
      vertex 43.0486 -31.0887 25.5235
      vertex 43.4837 -30.9179 25.6221
    endloop
  endfacet
  facet normal -0.412839 0.788778 0.455404
    outer loop
      vertex 43.0486 -31.0887 25.5235
      vertex 43.4837 -28.4179 21.292
      vertex 43.0486 -28.5887 21.1934
    endloop
  endfacet
  facet normal -0.352165 0.810545 0.467971
    outer loop
      vertex 43.0486 -28.5887 21.1934
      vertex 42.6015 -31.2344 25.4394
      vertex 43.0486 -31.0887 25.5235
    endloop
  endfacet
  facet normal -0.352165 0.810545 0.467971
    outer loop
      vertex 42.6015 -31.2344 25.4394
      vertex 43.0486 -28.5887 21.1934
      vertex 42.6015 -28.7344 21.1093
    endloop
  endfacet
  facet normal -0.227077 0.843401 0.486941
    outer loop
      vertex 42.1444 -28.8545 21.04
      vertex 41.6792 -31.4484 25.3158
      vertex 42.1444 -31.3545 25.3701
    endloop
  endfacet
  facet normal -0.227077 0.843401 0.486941
    outer loop
      vertex 41.6792 -31.4484 25.3158
      vertex 42.1444 -28.8545 21.04
      vertex 41.6792 -28.9484 20.9857
    endloop
  endfacet
  facet normal 0.227077 -0.843406 -0.486932
    outer loop
      vertex -42.1444 23.3545 56.9563
      vertex -41.6792 25.9484 52.6804
      vertex -41.6792 23.4484 57.0106
    endloop
  endfacet
  facet normal 0.226978 -0.843421 -0.486952
    outer loop
      vertex -41.6792 25.9484 52.6804
      vertex -42.1444 23.3545 56.9563
      vertex -42.1444 25.8545 52.6262
    endloop
  endfacet
  facet normal 0.58266 -0.703836 -0.406353
    outer loop
      vertex -44.6989 22.2635 56.3264
      vertex -44.3107 25.0045 52.1354
      vertex -44.3107 22.5045 56.4656
    endloop
  endfacet
  facet normal 0.582591 -0.703874 -0.406385
    outer loop
      vertex -44.3107 25.0045 52.1354
      vertex -44.6989 22.2635 56.3264
      vertex -44.6989 24.7635 51.9963
    endloop
  endfacet
  facet normal 0.6344 -0.669441 -0.386504
    outer loop
      vertex -45.0682 22.001 56.1749
      vertex -44.6989 24.7635 51.9963
      vertex -44.6989 22.2635 56.3264
    endloop
  endfacet
  facet normal 0.6344 -0.669441 -0.386504
    outer loop
      vertex -44.6989 24.7635 51.9963
      vertex -45.0682 22.001 56.1749
      vertex -45.0682 24.501 51.8448
    endloop
  endfacet
  facet normal 0.956977 -0.251291 -0.14508
    outer loop
      vertex -47.1676 19.2801 54.604
      vertex -47.3062 21.3842 50.0453
      vertex -47.1676 21.7801 50.2738
    endloop
  endfacet
  facet normal 0.956986 -0.251264 -0.145068
    outer loop
      vertex -47.3062 21.3842 50.0453
      vertex -47.1676 19.2801 54.604
      vertex -47.3062 18.8842 54.3754
    endloop
  endfacet
  facet normal 0.935874 -0.305131 -0.176169
    outer loop
      vertex -46.9993 19.6672 54.8275
      vertex -47.1676 21.7801 50.2738
      vertex -46.9993 22.1672 50.4974
    endloop
  endfacet
  facet normal 0.935861 -0.305163 -0.176183
    outer loop
      vertex -47.1676 21.7801 50.2738
      vertex -46.9993 19.6672 54.8275
      vertex -47.1676 19.2801 54.604
    endloop
  endfacet
  facet normal 0.881901 -0.408274 -0.235718
    outer loop
      vertex -46.577 20.4089 55.2557
      vertex -46.8022 22.5441 50.7149
      vertex -46.577 22.9089 50.9256
    endloop
  endfacet
  facet normal 0.881878 -0.408314 -0.235736
    outer loop
      vertex -46.8022 22.5441 50.7149
      vertex -46.577 20.4089 55.2557
      vertex -46.8022 20.0441 55.0451
    endloop
  endfacet
  facet normal 0.772991 -0.549421 -0.31721
    outer loop
      vertex -45.7434 21.4163 55.8373
      vertex -46.0465 23.5965 51.3225
      vertex -45.7434 23.9163 51.5072
    endloop
  endfacet
  facet normal 0.772949 -0.549468 -0.31723
    outer loop
      vertex -46.0465 23.5965 51.3225
      vertex -45.7434 21.4163 55.8373
      vertex -46.0465 21.0965 55.6527
    endloop
  endfacet
  facet normal 0.986651 0.141032 0.0814256
    outer loop
      vertex -47.4925 -26.0731 28.4193
      vertex -47.4147 -23.9813 23.8535
      vertex -47.4925 -23.5731 24.0892
    endloop
  endfacet
  facet normal 0.986651 0.141032 0.0814256
    outer loop
      vertex -47.4147 -23.9813 23.8535
      vertex -47.4925 -26.0731 28.4193
      vertex -47.4147 -26.4813 28.1836
    endloop
  endfacet
  facet normal 0.910934 0.357281 0.206277
    outer loop
      vertex -46.9993 -27.6672 27.4989
      vertex -46.8022 -25.5441 22.9512
      vertex -46.9993 -25.1672 23.1688
    endloop
  endfacet
  facet normal 0.910916 0.357317 0.206293
    outer loop
      vertex -46.8022 -25.5441 22.9512
      vertex -46.9993 -27.6672 27.4989
      vertex -46.8022 -28.0441 27.2814
    endloop
  endfacet
  facet normal 0.935861 0.305163 0.176183
    outer loop
      vertex -47.1676 -27.2801 27.7225
      vertex -46.9993 -25.1672 23.1688
      vertex -47.1676 -24.7801 23.3923
    endloop
  endfacet
  facet normal 0.935874 0.305131 0.176169
    outer loop
      vertex -46.9993 -25.1672 23.1688
      vertex -47.1676 -27.2801 27.7225
      vertex -46.9993 -27.6672 27.4989
    endloop
  endfacet
  facet normal 0.956986 0.251264 0.145068
    outer loop
      vertex -47.3062 -26.8842 27.951
      vertex -47.1676 -24.7801 23.3923
      vertex -47.3062 -24.3842 23.6209
    endloop
  endfacet
  facet normal 0.956977 0.251291 0.14508
    outer loop
      vertex -47.1676 -24.7801 23.3923
      vertex -47.3062 -26.8842 27.951
      vertex -47.1676 -27.2801 27.7225
    endloop
  endfacet
  facet normal 0.683502 0.632157 0.36497
    outer loop
      vertex -45.4169 -29.7182 26.3148
      vertex -45.0682 -27.501 21.8214
      vertex -45.4169 -27.2182 21.9846
    endloop
  endfacet
  facet normal 0.683558 0.632108 0.36495
    outer loop
      vertex -45.0682 -27.501 21.8214
      vertex -45.4169 -29.7182 26.3148
      vertex -45.0682 -30.001 26.1515
    endloop
  endfacet
  facet normal 0.412839 0.788778 0.455404
    outer loop
      vertex -43.0486 -31.0887 25.5235
      vertex -43.4837 -28.4179 21.292
      vertex -43.4837 -30.9179 25.6221
    endloop
  endfacet
  facet normal 0.412839 0.788778 0.455404
    outer loop
      vertex -43.4837 -28.4179 21.292
      vertex -43.0486 -31.0887 25.5235
      vertex -43.0486 -28.5887 21.1934
    endloop
  endfacet
  facet normal 0.227077 0.843401 0.486941
    outer loop
      vertex -41.6792 -31.4484 25.3158
      vertex -42.1444 -28.8545 21.04
      vertex -42.1444 -31.3545 25.3701
    endloop
  endfacet
  facet normal 0.227077 0.843401 0.486941
    outer loop
      vertex -42.1444 -28.8545 21.04
      vertex -41.6792 -31.4484 25.3158
      vertex -41.6792 -28.9484 20.9857
    endloop
  endfacet
  facet normal -0.973865 -0.196697 -0.113564
    outer loop
      vertex 47.4147 20.9813 49.8127
      vertex 47.3062 18.8842 54.3754
      vertex 47.3062 21.3842 50.0453
    endloop
  endfacet
  facet normal -0.973865 -0.196697 -0.113564
    outer loop
      vertex 47.3062 18.8842 54.3754
      vertex 47.4147 20.9813 49.8127
      vertex 47.4147 18.4813 54.1428
    endloop
  endfacet
  facet normal -0.956977 -0.251291 -0.14508
    outer loop
      vertex 47.3062 21.3842 50.0453
      vertex 47.1676 19.2801 54.604
      vertex 47.1676 21.7801 50.2738
    endloop
  endfacet
  facet normal -0.956986 -0.251264 -0.145068
    outer loop
      vertex 47.1676 19.2801 54.604
      vertex 47.3062 21.3842 50.0453
      vertex 47.3062 18.8842 54.3754
    endloop
  endfacet
  facet normal -0.935874 -0.305131 -0.176169
    outer loop
      vertex 47.1676 21.7801 50.2738
      vertex 46.9993 19.6672 54.8275
      vertex 46.9993 22.1672 50.4974
    endloop
  endfacet
  facet normal -0.935861 -0.305163 -0.176183
    outer loop
      vertex 46.9993 19.6672 54.8275
      vertex 47.1676 21.7801 50.2738
      vertex 47.1676 19.2801 54.604
    endloop
  endfacet
  facet normal -0.772991 -0.549421 -0.31721
    outer loop
      vertex 46.0465 23.5965 51.3225
      vertex 45.7434 21.4163 55.8373
      vertex 45.7434 23.9163 51.5072
    endloop
  endfacet
  facet normal -0.772949 -0.549468 -0.31723
    outer loop
      vertex 45.7434 21.4163 55.8373
      vertex 46.0465 23.5965 51.3225
      vertex 46.0465 21.0965 55.6527
    endloop
  endfacet
  facet normal -0.683558 -0.632108 -0.36495
    outer loop
      vertex 45.4169 24.2182 51.6815
      vertex 45.0682 22.001 56.1749
      vertex 45.0682 24.501 51.8448
    endloop
  endfacet
  facet normal -0.683558 -0.632108 -0.36495
    outer loop
      vertex 45.0682 22.001 56.1749
      vertex 45.4169 24.2182 51.6815
      vertex 45.4169 21.7182 56.0116
    endloop
  endfacet
  facet normal -0.81293 0.50434 0.291182
    outer loop
      vertex 46.0465 -26.5965 22.3436
      vertex 46.3247 -28.7602 26.8679
      vertex 46.3247 -26.2602 22.5378
    endloop
  endfacet
  facet normal -0.81293 0.50434 0.291182
    outer loop
      vertex 46.3247 -28.7602 26.8679
      vertex 46.0465 -26.5965 22.3436
      vertex 46.0465 -29.0965 26.6737
    endloop
  endfacet
  facet normal -0.881878 0.408314 0.235736
    outer loop
      vertex 46.577 -25.9089 22.7406
      vertex 46.8022 -28.0441 27.2814
      vertex 46.8022 -25.5441 22.9512
    endloop
  endfacet
  facet normal -0.881901 0.408274 0.235718
    outer loop
      vertex 46.8022 -28.0441 27.2814
      vertex 46.577 -25.9089 22.7406
      vertex 46.577 -28.4089 27.0707
    endloop
  endfacet
  facet normal -0.973865 0.196697 0.113564
    outer loop
      vertex 47.3062 -24.3842 23.6209
      vertex 47.4147 -26.4813 28.1836
      vertex 47.4147 -23.9813 23.8535
    endloop
  endfacet
  facet normal -0.973865 0.196697 0.113564
    outer loop
      vertex 47.4147 -26.4813 28.1836
      vertex 47.3062 -24.3842 23.6209
      vertex 47.3062 -26.8842 27.951
    endloop
  endfacet
  facet normal -0.935861 0.305163 0.176183
    outer loop
      vertex 46.9993 -25.1672 23.1688
      vertex 47.1676 -27.2801 27.7225
      vertex 47.1676 -24.7801 23.3923
    endloop
  endfacet
  facet normal -0.935874 0.305131 0.176169
    outer loop
      vertex 47.1676 -27.2801 27.7225
      vertex 46.9993 -25.1672 23.1688
      vertex 46.9993 -27.6672 27.4989
    endloop
  endfacet
  facet normal -0.956986 0.251264 0.145068
    outer loop
      vertex 47.1676 -24.7801 23.3923
      vertex 47.3062 -26.8842 27.951
      vertex 47.3062 -24.3842 23.6209
    endloop
  endfacet
  facet normal -0.956977 0.251291 0.14508
    outer loop
      vertex 47.3062 -26.8842 27.951
      vertex 47.1676 -24.7801 23.3923
      vertex 47.1676 -27.2801 27.7225
    endloop
  endfacet
  facet normal -0.995169 0.0850251 0.0490896
    outer loop
      vertex 47.4925 -23.5731 24.0892
      vertex 47.5394 -25.6614 28.657
      vertex 47.5394 -23.1614 24.3269
    endloop
  endfacet
  facet normal -0.995169 0.0850251 0.0490896
    outer loop
      vertex 47.5394 -25.6614 28.657
      vertex 47.4925 -23.5731 24.0892
      vertex 47.4925 -26.0731 28.4193
    endloop
  endfacet
  facet normal -0.290284 0.828733 0.478472
    outer loop
      vertex 42.6015 -28.7344 21.1093
      vertex 42.1444 -31.3545 25.3701
      vertex 42.6015 -31.2344 25.4394
    endloop
  endfacet
  facet normal -0.290284 0.828733 0.478472
    outer loop
      vertex 42.1444 -31.3545 25.3701
      vertex 42.6015 -28.7344 21.1093
      vertex 42.1444 -28.8545 21.04
    endloop
  endfacet
  facet normal 0.973865 0.196697 0.113564
    outer loop
      vertex -47.4147 -26.4813 28.1836
      vertex -47.3062 -24.3842 23.6209
      vertex -47.4147 -23.9813 23.8535
    endloop
  endfacet
  facet normal 0.973865 0.196697 0.113564
    outer loop
      vertex -47.3062 -24.3842 23.6209
      vertex -47.4147 -26.4813 28.1836
      vertex -47.3062 -26.8842 27.951
    endloop
  endfacet
  facet normal 0.772949 0.549465 0.317236
    outer loop
      vertex -46.0465 -29.0965 26.6737
      vertex -45.7434 -26.9163 22.159
      vertex -46.0465 -26.5965 22.3436
    endloop
  endfacet
  facet normal 0.772949 0.549465 0.317236
    outer loop
      vertex -45.7434 -26.9163 22.159
      vertex -46.0465 -29.0965 26.6737
      vertex -45.7434 -29.4163 26.4891
    endloop
  endfacet
  facet normal 0.6344 0.669441 0.386504
    outer loop
      vertex -44.6989 -30.2635 26
      vertex -45.0682 -27.501 21.8214
      vertex -45.0682 -30.001 26.1515
    endloop
  endfacet
  facet normal 0.634462 0.669401 0.386472
    outer loop
      vertex -45.0682 -27.501 21.8214
      vertex -44.6989 -30.2635 26
      vertex -44.6989 -27.7635 21.6698
    endloop
  endfacet
  facet normal -0.910916 -0.357317 -0.206293
    outer loop
      vertex 46.9993 22.1672 50.4974
      vertex 46.8022 20.0441 55.0451
      vertex 46.8022 22.5441 50.7149
    endloop
  endfacet
  facet normal -0.910934 -0.357281 -0.206277
    outer loop
      vertex 46.8022 20.0441 55.0451
      vertex 46.9993 22.1672 50.4974
      vertex 46.9993 19.6672 54.8275
    endloop
  endfacet
  facet normal -0.6344 0.669441 0.386504
    outer loop
      vertex 45.0682 -27.501 21.8214
      vertex 44.6989 -30.2635 26
      vertex 45.0682 -30.001 26.1515
    endloop
  endfacet
  facet normal -0.634462 0.669401 0.386472
    outer loop
      vertex 44.6989 -30.2635 26
      vertex 45.0682 -27.501 21.8214
      vertex 44.6989 -27.7635 21.6698
    endloop
  endfacet
  facet normal 0.99946 0.0284598 0.0164313
    outer loop
      vertex -32.0086 -28.2746 35.2312
      vertex -32 -22.5011 24.7081
      vertex -32.0086 -22.2746 24.8389
    endloop
  endfacet
  facet normal 0.99946 0.0284598 0.0164313
    outer loop
      vertex -32 -22.5011 24.7081
      vertex -32.0086 -28.2746 35.2312
      vertex -32 -28.5011 35.1004
    endloop
  endfacet
  facet normal -0.99946 0.0284598 0.0164313
    outer loop
      vertex -40 -22.5011 24.7081
      vertex -39.9914 -28.2746 35.2312
      vertex -39.9914 -22.2746 24.8389
    endloop
  endfacet
  facet normal -0.99946 0.0284598 0.0164313
    outer loop
      vertex -39.9914 -28.2746 35.2312
      vertex -40 -22.5011 24.7081
      vertex -40 -28.5011 35.1004
    endloop
  endfacet
  facet normal -0.0326988 0.865562 0.499733
    outer loop
      vertex -36 -19.037 26.7081
      vertex -36.2616 -25.0444 37.0961
      vertex -36 -25.037 37.1004
    endloop
  endfacet
  facet normal -0.0326988 0.865562 0.499733
    outer loop
      vertex -36.2616 -25.0444 37.0961
      vertex -36 -19.037 26.7081
      vertex -36.2616 -19.0444 26.7038
    endloop
  endfacet
  facet normal -0.0326988 -0.865562 -0.499733
    outer loop
      vertex -36.2616 -25.9578 22.7124
      vertex -36 -31.9652 33.1004
      vertex -36.2616 -31.9578 33.1047
    endloop
  endfacet
  facet normal -0.0326988 -0.865562 -0.499733
    outer loop
      vertex -36 -31.9652 33.1004
      vertex -36.2616 -25.9578 22.7124
      vertex -36 -25.9652 22.7081
    endloop
  endfacet
  facet normal 0.683605 0.63207 0.364926
    outer loop
      vertex -33.3626 -25.8967 36.6041
      vertex -33.1716 -20.0516 26.1223
      vertex -33.3626 -19.8967 26.2118
    endloop
  endfacet
  facet normal 0.683605 0.63207 0.364926
    outer loop
      vertex -33.1716 -20.0516 26.1223
      vertex -33.3626 -25.8967 36.6041
      vertex -33.1716 -26.0516 36.5146
    endloop
  endfacet
  facet normal -0.729794 0.592073 0.341834
    outer loop
      vertex -39.0074 -20.2171 26.0268
      vertex -38.8284 -26.0516 36.5146
      vertex -38.8284 -20.0516 26.1223
    endloop
  endfacet
  facet normal -0.729794 0.592073 0.341834
    outer loop
      vertex -38.8284 -26.0516 36.5146
      vertex -39.0074 -20.2171 26.0268
      vertex -39.0074 -26.2171 36.4191
    endloop
  endfacet
  facet normal -0.412698 0.788835 0.455434
    outer loop
      vertex -37.5307 -19.3007 26.5558
      vertex -37.7692 -25.3943 36.8941
      vertex -37.5307 -25.3007 36.9481
    endloop
  endfacet
  facet normal -0.412698 0.788835 0.455434
    outer loop
      vertex -37.7692 -25.3943 36.8941
      vertex -37.5307 -19.3007 26.5558
      vertex -37.7692 -19.3943 26.5018
    endloop
  endfacet
  facet normal 0.910944 0.357262 0.206265
    outer loop
      vertex -32.4125 -26.969 35.985
      vertex -32.3045 -21.1755 25.4734
      vertex -32.4125 -20.969 25.5927
    endloop
  endfacet
  facet normal 0.910944 0.357262 0.206265
    outer loop
      vertex -32.3045 -21.1755 25.4734
      vertex -32.4125 -26.969 35.985
      vertex -32.3045 -27.1755 35.8657
    endloop
  endfacet
  facet normal 0.3522 0.810535 0.467963
    outer loop
      vertex -34.4693 -25.3007 36.9481
      vertex -34.7142 -19.2209 26.6019
      vertex -34.7142 -25.2209 36.9942
    endloop
  endfacet
  facet normal 0.3522 0.810535 0.467963
    outer loop
      vertex -34.7142 -19.2209 26.6019
      vertex -34.4693 -25.3007 36.9481
      vertex -34.4693 -19.3007 26.5558
    endloop
  endfacet
  facet normal 0.528008 0.735463 0.42462
    outer loop
      vertex -33.7777 -25.6208 36.7633
      vertex -34 -19.5011 26.4401
      vertex -34 -25.5011 36.8324
    endloop
  endfacet
  facet normal 0.528008 0.735463 0.42462
    outer loop
      vertex -34 -19.5011 26.4401
      vertex -33.7777 -25.6208 36.7633
      vertex -33.7777 -19.6208 26.371
    endloop
  endfacet
  facet normal -0.910944 0.357262 0.206265
    outer loop
      vertex -39.6955 -21.1755 25.4734
      vertex -39.5875 -26.969 35.985
      vertex -39.5875 -20.969 25.5927
    endloop
  endfacet
  facet normal -0.910944 0.357262 0.206265
    outer loop
      vertex -39.5875 -26.969 35.985
      vertex -39.6955 -21.1755 25.4734
      vertex -39.6955 -27.1755 35.8657
    endloop
  endfacet
  facet normal -0.227315 0.843356 0.486907
    outer loop
      vertex -36.7804 -19.1036 26.6696
      vertex -37.0353 -25.1551 37.0322
      vertex -36.7804 -25.1036 37.062
    endloop
  endfacet
  facet normal -0.227134 0.84339 0.486932
    outer loop
      vertex -37.0353 -25.1551 37.0322
      vertex -36.7804 -19.1036 26.6696
      vertex -37.0353 -19.1551 26.6399
    endloop
  endfacet
  facet normal -0.77323 -0.549169 -0.317063
    outer loop
      vertex -39.0074 -24.7852 23.3894
      vertex -39.1734 -30.6099 33.8829
      vertex -39.1734 -24.6099 23.4906
    endloop
  endfacet
  facet normal -0.77323 -0.549169 -0.317063
    outer loop
      vertex -39.1734 -30.6099 33.8829
      vertex -39.0074 -24.7852 23.3894
      vertex -39.0074 -30.7852 33.7817
    endloop
  endfacet
  facet normal 0.986613 0.141231 0.0815399
    outer loop
      vertex -32.0769 -27.8253 35.4906
      vertex -32.0342 -22.049 24.9691
      vertex -32.0769 -21.8253 25.0983
    endloop
  endfacet
  facet normal 0.986613 0.141231 0.0815399
    outer loop
      vertex -32.0342 -22.049 24.9691
      vertex -32.0769 -27.8253 35.4906
      vertex -32.0342 -28.049 35.3614
    endloop
  endfacet
  facet normal 0.995205 0.0847065 0.0489053
    outer loop
      vertex -32.0342 -28.049 35.3614
      vertex -32.0086 -22.2746 24.8389
      vertex -32.0342 -22.049 24.9691
    endloop
  endfacet
  facet normal 0.995205 0.0847065 0.0489053
    outer loop
      vertex -32.0086 -22.2746 24.8389
      vertex -32.0342 -28.049 35.3614
      vertex -32.0086 -28.2746 35.2312
    endloop
  endfacet
  facet normal 0.81284 0.504448 0.291243
    outer loop
      vertex -32.8266 -26.3923 36.3179
      vertex -32.6741 -20.5766 25.8192
      vertex -32.8266 -20.3923 25.9256
    endloop
  endfacet
  facet normal 0.81284 0.504448 0.291243
    outer loop
      vertex -32.6741 -20.5766 25.8192
      vertex -32.8266 -26.3923 36.3179
      vertex -32.6741 -26.5766 36.2115
    endloop
  endfacet
  facet normal 0.729794 0.592073 0.341834
    outer loop
      vertex -33.1716 -26.0516 36.5146
      vertex -32.9926 -20.2171 26.0268
      vertex -33.1716 -20.0516 26.1223
    endloop
  endfacet
  facet normal 0.729794 0.592073 0.341834
    outer loop
      vertex -32.9926 -20.2171 26.0268
      vertex -33.1716 -26.0516 36.5146
      vertex -32.9926 -26.2171 36.4191
    endloop
  endfacet
  facet normal 0.849219 0.457296 0.26402
    outer loop
      vertex -32.6741 -26.5766 36.2115
      vertex -32.5359 -20.7691 25.7081
      vertex -32.6741 -20.5766 25.8192
    endloop
  endfacet
  facet normal 0.849219 0.457296 0.26402
    outer loop
      vertex -32.5359 -20.7691 25.7081
      vertex -32.6741 -26.5766 36.2115
      vertex -32.5359 -26.7691 36.1004
    endloop
  endfacet
  facet normal 0.227315 0.843356 0.486907
    outer loop
      vertex -34.9647 -25.1551 37.0322
      vertex -35.2196 -19.1036 26.6696
      vertex -35.2196 -25.1036 37.062
    endloop
  endfacet
  facet normal 0.227134 0.84339 0.486932
    outer loop
      vertex -35.2196 -19.1036 26.6696
      vertex -34.9647 -25.1551 37.0322
      vertex -34.9647 -19.1551 26.6399
    endloop
  endfacet
  facet normal 0.290271 0.828738 0.478472
    outer loop
      vertex -34.7142 -25.2209 36.9942
      vertex -34.9647 -19.1551 26.6399
      vertex -34.9647 -25.1551 37.0322
    endloop
  endfacet
  facet normal 0.290271 0.828738 0.478472
    outer loop
      vertex -34.9647 -19.1551 26.6399
      vertex -34.7142 -25.2209 36.9942
      vertex -34.7142 -19.2209 26.6019
    endloop
  endfacet
  facet normal 0.0982266 0.861837 0.497582
    outer loop
      vertex -35.4779 -25.0667 37.0833
      vertex -35.7384 -19.0444 26.7038
      vertex -35.7384 -25.0444 37.0961
    endloop
  endfacet
  facet normal 0.0982266 0.861837 0.497582
    outer loop
      vertex -35.7384 -19.0444 26.7038
      vertex -35.4779 -25.0667 37.0833
      vertex -35.4779 -19.0667 26.691
    endloop
  endfacet
  facet normal 0.412698 0.788835 0.455434
    outer loop
      vertex -34.2308 -25.3943 36.8941
      vertex -34.4693 -19.3007 26.5558
      vertex -34.4693 -25.3007 36.9481
    endloop
  endfacet
  facet normal 0.412698 0.788835 0.455434
    outer loop
      vertex -34.4693 -19.3007 26.5558
      vertex -34.2308 -25.3943 36.8941
      vertex -34.2308 -19.3943 26.5018
    endloop
  endfacet
  facet normal 0.634231 0.669562 0.386572
    outer loop
      vertex -33.3626 -25.8967 36.6041
      vertex -33.565 -19.7529 26.2948
      vertex -33.565 -25.7529 36.6871
    endloop
  endfacet
  facet normal 0.634231 0.669562 0.386572
    outer loop
      vertex -33.565 -19.7529 26.2948
      vertex -33.3626 -25.8967 36.6041
      vertex -33.3626 -19.8967 26.2118
    endloop
  endfacet
  facet normal -0.97391 0.196533 0.113468
    outer loop
      vertex -39.9231 -21.8253 25.0983
      vertex -39.8637 -27.6045 35.618
      vertex -39.8637 -21.6045 25.2257
    endloop
  endfacet
  facet normal -0.97391 0.196533 0.113468
    outer loop
      vertex -39.8637 -27.6045 35.618
      vertex -39.9231 -21.8253 25.0983
      vertex -39.9231 -27.8253 35.4906
    endloop
  endfacet
  facet normal -0.81284 0.504448 0.291243
    outer loop
      vertex -39.3259 -20.5766 25.8192
      vertex -39.1734 -26.3923 36.3179
      vertex -39.1734 -20.3923 25.9256
    endloop
  endfacet
  facet normal -0.81284 0.504448 0.291243
    outer loop
      vertex -39.1734 -26.3923 36.3179
      vertex -39.3259 -20.5766 25.8192
      vertex -39.3259 -26.5766 36.2115
    endloop
  endfacet
  facet normal -0.773097 0.54931 0.317144
    outer loop
      vertex -39.1734 -20.3923 25.9256
      vertex -39.0074 -26.2171 36.4191
      vertex -39.0074 -20.2171 26.0268
    endloop
  endfacet
  facet normal -0.773097 0.54931 0.317144
    outer loop
      vertex -39.0074 -26.2171 36.4191
      vertex -39.1734 -20.3923 25.9256
      vertex -39.1734 -26.3923 36.3179
    endloop
  endfacet
  facet normal -0.956925 0.251438 0.145168
    outer loop
      vertex -39.8637 -21.6045 25.2257
      vertex -39.7877 -27.3876 35.7433
      vertex -39.7877 -21.3876 25.351
    endloop
  endfacet
  facet normal -0.956925 0.251438 0.145168
    outer loop
      vertex -39.7877 -27.3876 35.7433
      vertex -39.8637 -21.6045 25.2257
      vertex -39.8637 -27.6045 35.618
    endloop
  endfacet
  facet normal -0.986613 0.141231 0.0815399
    outer loop
      vertex -39.9658 -22.049 24.9691
      vertex -39.9231 -27.8253 35.4906
      vertex -39.9231 -21.8253 25.0983
    endloop
  endfacet
  facet normal -0.986613 0.141231 0.0815399
    outer loop
      vertex -39.9231 -27.8253 35.4906
      vertex -39.9658 -22.049 24.9691
      vertex -39.9658 -28.049 35.3614
    endloop
  endfacet
  facet normal -0.528008 0.735463 0.42462
    outer loop
      vertex -38 -19.5011 26.4401
      vertex -38.2223 -25.6208 36.7633
      vertex -38 -25.5011 36.8324
    endloop
  endfacet
  facet normal -0.528008 0.735463 0.42462
    outer loop
      vertex -38.2223 -25.6208 36.7633
      vertex -38 -19.5011 26.4401
      vertex -38.2223 -19.6208 26.371
    endloop
  endfacet
  facet normal -0.471326 0.763799 0.44098
    outer loop
      vertex -37.7692 -19.3943 26.5018
      vertex -38 -25.5011 36.8324
      vertex -37.7692 -25.3943 36.8941
    endloop
  endfacet
  facet normal -0.471326 0.763799 0.44098
    outer loop
      vertex -38 -25.5011 36.8324
      vertex -37.7692 -19.3943 26.5018
      vertex -38 -19.5011 26.4401
    endloop
  endfacet
  facet normal -0.683605 0.63207 0.364926
    outer loop
      vertex -38.8284 -20.0516 26.1223
      vertex -38.6374 -25.8967 36.6041
      vertex -38.6374 -19.8967 26.2118
    endloop
  endfacet
  facet normal -0.683605 0.63207 0.364926
    outer loop
      vertex -38.6374 -25.8967 36.6041
      vertex -38.8284 -20.0516 26.1223
      vertex -38.8284 -26.0516 36.5146
    endloop
  endfacet
  facet normal -0.3522 0.810535 0.467963
    outer loop
      vertex -37.2858 -19.2209 26.6019
      vertex -37.5307 -25.3007 36.9481
      vertex -37.2858 -25.2209 36.9942
    endloop
  endfacet
  facet normal -0.3522 0.810535 0.467963
    outer loop
      vertex -37.5307 -25.3007 36.9481
      vertex -37.2858 -19.2209 26.6019
      vertex -37.5307 -19.3007 26.5558
    endloop
  endfacet
  facet normal -0.0982266 0.861837 0.497582
    outer loop
      vertex -36.2616 -19.0444 26.7038
      vertex -36.5221 -25.0667 37.0833
      vertex -36.2616 -25.0444 37.0961
    endloop
  endfacet
  facet normal -0.0982266 0.861837 0.497582
    outer loop
      vertex -36.5221 -25.0667 37.0833
      vertex -36.2616 -19.0444 26.7038
      vertex -36.5221 -19.0667 26.691
    endloop
  endfacet
  facet normal 0.973919 -0.196496 -0.113447
    outer loop
      vertex -32.0769 -29.1769 34.7102
      vertex -32.1363 -23.3977 24.1904
      vertex -32.0769 -23.1769 24.3179
    endloop
  endfacet
  facet normal 0.973919 -0.196496 -0.113447
    outer loop
      vertex -32.1363 -23.3977 24.1904
      vertex -32.0769 -29.1769 34.7102
      vertex -32.1363 -29.3977 34.5827
    endloop
  endfacet
  facet normal 0.35249 -0.81044 -0.467908
    outer loop
      vertex -34.7142 -31.7814 33.2065
      vertex -34.4693 -25.7015 22.8603
      vertex -34.4693 -31.7015 33.2526
    endloop
  endfacet
  facet normal 0.35249 -0.81044 -0.467908
    outer loop
      vertex -34.4693 -25.7015 22.8603
      vertex -34.7142 -31.7814 33.2065
      vertex -34.7142 -25.7814 22.8142
    endloop
  endfacet
  facet normal 0.227134 -0.84339 -0.486932
    outer loop
      vertex -35.2196 -31.8987 33.1388
      vertex -34.9647 -25.8472 22.7762
      vertex -34.9647 -31.8472 33.1685
    endloop
  endfacet
  facet normal 0.227134 -0.84339 -0.486932
    outer loop
      vertex -34.9647 -25.8472 22.7762
      vertex -35.2196 -31.8987 33.1388
      vertex -35.2196 -25.8987 22.7465
    endloop
  endfacet
  facet normal 0.582596 -0.703873 -0.406381
    outer loop
      vertex -33.7777 -31.3814 33.4374
      vertex -33.565 -25.2494 23.1214
      vertex -33.565 -31.2494 33.5137
    endloop
  endfacet
  facet normal 0.582596 -0.703873 -0.406381
    outer loop
      vertex -33.565 -25.2494 23.1214
      vertex -33.7777 -31.3814 33.4374
      vertex -33.7777 -25.3814 23.0451
    endloop
  endfacet
  facet normal 0.812663 -0.504662 -0.291367
    outer loop
      vertex -32.6741 -30.4257 33.9892
      vertex -32.8266 -24.6099 23.4906
      vertex -32.6741 -24.4257 23.5969
    endloop
  endfacet
  facet normal 0.812663 -0.504662 -0.291367
    outer loop
      vertex -32.8266 -24.6099 23.4906
      vertex -32.6741 -30.4257 33.9892
      vertex -32.8266 -30.6099 33.8829
    endloop
  endfacet
  facet normal 0.77323 -0.549169 -0.317063
    outer loop
      vertex -32.8266 -30.6099 33.8829
      vertex -32.9926 -24.7852 23.3894
      vertex -32.8266 -24.6099 23.4906
    endloop
  endfacet
  facet normal 0.77323 -0.549169 -0.317063
    outer loop
      vertex -32.9926 -24.7852 23.3894
      vertex -32.8266 -30.6099 33.8829
      vertex -32.9926 -30.7852 33.7817
    endloop
  endfacet
  facet normal 0.956909 -0.251484 -0.145194
    outer loop
      vertex -32.1363 -29.3977 34.5827
      vertex -32.2123 -23.6146 24.0652
      vertex -32.1363 -23.3977 24.1904
    endloop
  endfacet
  facet normal 0.956909 -0.251484 -0.145194
    outer loop
      vertex -32.2123 -23.6146 24.0652
      vertex -32.1363 -29.3977 34.5827
      vertex -32.2123 -29.6146 34.4575
    endloop
  endfacet
  facet normal 0.995207 -0.0846904 -0.048896
    outer loop
      vertex -32.0086 -28.7277 34.9696
      vertex -32.0342 -22.9533 24.447
      vertex -32.0086 -22.7277 24.5773
    endloop
  endfacet
  facet normal 0.995207 -0.0846904 -0.048896
    outer loop
      vertex -32.0342 -22.9533 24.447
      vertex -32.0086 -28.7277 34.9696
      vertex -32.0342 -28.9533 34.8393
    endloop
  endfacet
  facet normal -0.412423 -0.788942 -0.455496
    outer loop
      vertex -37.7692 -25.608 22.9143
      vertex -37.5307 -31.7015 33.2526
      vertex -37.7692 -31.608 33.3066
    endloop
  endfacet
  facet normal -0.412423 -0.788942 -0.455496
    outer loop
      vertex -37.5307 -31.7015 33.2526
      vertex -37.7692 -25.608 22.9143
      vertex -37.5307 -25.7015 22.8603
    endloop
  endfacet
  facet normal -0.528008 -0.735463 -0.42462
    outer loop
      vertex -38.2223 -25.3814 23.0451
      vertex -38 -31.5011 33.3683
      vertex -38.2223 -31.3814 33.4374
    endloop
  endfacet
  facet normal -0.528008 -0.735463 -0.42462
    outer loop
      vertex -38 -31.5011 33.3683
      vertex -38.2223 -25.3814 23.0451
      vertex -38 -25.5011 22.976
    endloop
  endfacet
  facet normal -0.16275 -0.854479 -0.493334
    outer loop
      vertex -36.7804 -25.8987 22.7465
      vertex -36.5221 -31.9356 33.1175
      vertex -36.7804 -31.8987 33.1388
    endloop
  endfacet
  facet normal -0.16275 -0.854479 -0.493334
    outer loop
      vertex -36.5221 -31.9356 33.1175
      vertex -36.7804 -25.8987 22.7465
      vertex -36.5221 -25.9356 22.7252
    endloop
  endfacet
  facet normal -0.849273 -0.457222 -0.263977
    outer loop
      vertex -39.3259 -24.4257 23.5969
      vertex -39.4641 -30.2332 34.1004
      vertex -39.4641 -24.2332 23.7081
    endloop
  endfacet
  facet normal -0.849273 -0.457222 -0.263977
    outer loop
      vertex -39.4641 -30.2332 34.1004
      vertex -39.3259 -24.4257 23.5969
      vertex -39.3259 -30.4257 33.9892
    endloop
  endfacet
  facet normal -0.812663 -0.504662 -0.291367
    outer loop
      vertex -39.1734 -24.6099 23.4906
      vertex -39.3259 -30.4257 33.9892
      vertex -39.3259 -24.4257 23.5969
    endloop
  endfacet
  facet normal -0.812663 -0.504662 -0.291367
    outer loop
      vertex -39.3259 -30.4257 33.9892
      vertex -39.1734 -24.6099 23.4906
      vertex -39.1734 -30.6099 33.8829
    endloop
  endfacet
  facet normal -0.973919 -0.196496 -0.113447
    outer loop
      vertex -39.8637 -23.3977 24.1904
      vertex -39.9231 -29.1769 34.7102
      vertex -39.9231 -23.1769 24.3179
    endloop
  endfacet
  facet normal -0.973919 -0.196496 -0.113447
    outer loop
      vertex -39.9231 -29.1769 34.7102
      vertex -39.8637 -23.3977 24.1904
      vertex -39.8637 -29.3977 34.5827
    endloop
  endfacet
  facet normal -0.956909 -0.251484 -0.145194
    outer loop
      vertex -39.7877 -23.6146 24.0652
      vertex -39.8637 -29.3977 34.5827
      vertex -39.8637 -23.3977 24.1904
    endloop
  endfacet
  facet normal -0.956909 -0.251484 -0.145194
    outer loop
      vertex -39.8637 -29.3977 34.5827
      vertex -39.7877 -23.6146 24.0652
      vertex -39.7877 -29.6146 34.4575
    endloop
  endfacet
  facet normal 0.97391 0.196533 0.113468
    outer loop
      vertex -32.1363 -27.6045 35.618
      vertex -32.0769 -21.8253 25.0983
      vertex -32.1363 -21.6045 25.2257
    endloop
  endfacet
  facet normal 0.97391 0.196533 0.113468
    outer loop
      vertex -32.0769 -21.8253 25.0983
      vertex -32.1363 -27.6045 35.618
      vertex -32.0769 -27.8253 35.4906
    endloop
  endfacet
  facet normal 0.956925 0.251438 0.145168
    outer loop
      vertex -32.2123 -27.3876 35.7433
      vertex -32.1363 -21.6045 25.2257
      vertex -32.2123 -21.3876 25.351
    endloop
  endfacet
  facet normal 0.956925 0.251438 0.145168
    outer loop
      vertex -32.1363 -21.6045 25.2257
      vertex -32.2123 -27.3876 35.7433
      vertex -32.1363 -27.6045 35.618
    endloop
  endfacet
  facet normal 0.935865 0.305151 0.176179
    outer loop
      vertex -32.3045 -27.1755 35.8657
      vertex -32.2123 -21.3876 25.351
      vertex -32.3045 -21.1755 25.4734
    endloop
  endfacet
  facet normal 0.935865 0.305151 0.176179
    outer loop
      vertex -32.2123 -21.3876 25.351
      vertex -32.3045 -27.1755 35.8657
      vertex -32.2123 -27.3876 35.7433
    endloop
  endfacet
  facet normal 0.773097 0.54931 0.317144
    outer loop
      vertex -32.9926 -26.2171 36.4191
      vertex -32.8266 -20.3923 25.9256
      vertex -32.9926 -20.2171 26.0268
    endloop
  endfacet
  facet normal 0.773097 0.54931 0.317144
    outer loop
      vertex -32.8266 -20.3923 25.9256
      vertex -32.9926 -26.2171 36.4191
      vertex -32.8266 -26.3923 36.3179
    endloop
  endfacet
  facet normal 0.881882 0.408306 0.235736
    outer loop
      vertex -32.5359 -26.7691 36.1004
      vertex -32.4125 -20.969 25.5927
      vertex -32.5359 -20.7691 25.7081
    endloop
  endfacet
  facet normal 0.881882 0.408306 0.235736
    outer loop
      vertex -32.4125 -20.969 25.5927
      vertex -32.5359 -26.7691 36.1004
      vertex -32.4125 -26.969 35.985
    endloop
  endfacet
  facet normal 0.16275 0.854479 0.493334
    outer loop
      vertex -35.2196 -25.1036 37.062
      vertex -35.4779 -19.0667 26.691
      vertex -35.4779 -25.0667 37.0833
    endloop
  endfacet
  facet normal 0.162936 0.854454 0.493315
    outer loop
      vertex -35.4779 -19.0667 26.691
      vertex -35.2196 -25.1036 37.062
      vertex -35.2196 -19.1036 26.6696
    endloop
  endfacet
  facet normal 0.0326988 0.865562 0.499733
    outer loop
      vertex -35.7384 -25.0444 37.0961
      vertex -36 -19.037 26.7081
      vertex -36 -25.037 37.1004
    endloop
  endfacet
  facet normal 0.0326988 0.865562 0.499733
    outer loop
      vertex -36 -19.037 26.7081
      vertex -35.7384 -25.0444 37.0961
      vertex -35.7384 -19.0444 26.7038
    endloop
  endfacet
  facet normal 0.471326 0.763799 0.44098
    outer loop
      vertex -34 -25.5011 36.8324
      vertex -34.2308 -19.3943 26.5018
      vertex -34.2308 -25.3943 36.8941
    endloop
  endfacet
  facet normal 0.471326 0.763799 0.44098
    outer loop
      vertex -34.2308 -19.3943 26.5018
      vertex -34 -25.5011 36.8324
      vertex -34 -19.5011 26.4401
    endloop
  endfacet
  facet normal 0.582688 0.703815 0.406348
    outer loop
      vertex -33.565 -25.7529 36.6871
      vertex -33.7777 -19.6208 26.371
      vertex -33.7777 -25.6208 36.7633
    endloop
  endfacet
  facet normal 0.582688 0.703815 0.406348
    outer loop
      vertex -33.7777 -19.6208 26.371
      vertex -33.565 -25.7529 36.6871
      vertex -33.565 -19.7529 26.2948
    endloop
  endfacet
  facet normal -0.849219 0.457296 0.26402
    outer loop
      vertex -39.4641 -20.7691 25.7081
      vertex -39.3259 -26.5766 36.2115
      vertex -39.3259 -20.5766 25.8192
    endloop
  endfacet
  facet normal -0.849219 0.457296 0.26402
    outer loop
      vertex -39.3259 -26.5766 36.2115
      vertex -39.4641 -20.7691 25.7081
      vertex -39.4641 -26.7691 36.1004
    endloop
  endfacet
  facet normal -0.881882 0.408306 0.235736
    outer loop
      vertex -39.5875 -20.969 25.5927
      vertex -39.4641 -26.7691 36.1004
      vertex -39.4641 -20.7691 25.7081
    endloop
  endfacet
  facet normal -0.881882 0.408306 0.235736
    outer loop
      vertex -39.4641 -26.7691 36.1004
      vertex -39.5875 -20.969 25.5927
      vertex -39.5875 -26.969 35.985
    endloop
  endfacet
  facet normal -0.935865 0.305151 0.176179
    outer loop
      vertex -39.7877 -21.3876 25.351
      vertex -39.6955 -27.1755 35.8657
      vertex -39.6955 -21.1755 25.4734
    endloop
  endfacet
  facet normal -0.935865 0.305151 0.176179
    outer loop
      vertex -39.6955 -27.1755 35.8657
      vertex -39.7877 -21.3876 25.351
      vertex -39.7877 -27.3876 35.7433
    endloop
  endfacet
  facet normal -0.995205 0.0847065 0.0489053
    outer loop
      vertex -39.9914 -22.2746 24.8389
      vertex -39.9658 -28.049 35.3614
      vertex -39.9658 -22.049 24.9691
    endloop
  endfacet
  facet normal -0.995205 0.0847065 0.0489053
    outer loop
      vertex -39.9658 -28.049 35.3614
      vertex -39.9914 -22.2746 24.8389
      vertex -39.9914 -28.2746 35.2312
    endloop
  endfacet
  facet normal 0 -0.500086 0.865975
    outer loop
      vertex -34.9 -28.5011 35.1004
      vertex -32 -28.5011 35.1004
      vertex -32.0086 -28.2746 35.2312
    endloop
  endfacet
  facet normal -1.05982e-05 -0.499856 0.866108
    outer loop
      vertex -34.9024 -28.4388 35.1364
      vertex -32.0086 -28.2746 35.2312
      vertex -32.0342 -28.049 35.3614
    endloop
  endfacet
  facet normal 0 -0.499921 0.866071
    outer loop
      vertex -32 -28.5011 35.1004
      vertex -34.9 -28.5011 35.1004
      vertex -32.0086 -28.7277 34.9696
    endloop
  endfacet
  facet normal 3.6526e-05 -0.50013 0.86595
    outer loop
      vertex -34.9094 -28.3768 35.1722
      vertex -32.0342 -28.049 35.3614
      vertex -32.0769 -27.8253 35.4906
    endloop
  endfacet
  facet normal -4.19794e-05 -0.500323 0.865839
    outer loop
      vertex -34.9024 -28.5634 35.0644
      vertex -32.0086 -28.7277 34.9696
      vertex -34.9 -28.5011 35.1004
    endloop
  endfacet
  facet normal -5.47716e-05 -0.499779 0.866153
    outer loop
      vertex -34.9094 -28.3768 35.1722
      vertex -32.0769 -27.8253 35.4906
      vertex -32.1363 -27.6045 35.618
    endloop
  endfacet
  facet normal -2.82169e-05 -0.500141 0.865944
    outer loop
      vertex -32.0086 -28.7277 34.9696
      vertex -34.9024 -28.5634 35.0644
      vertex -32.0342 -28.9533 34.8393
    endloop
  endfacet
  facet normal 9.10201e-05 -0.500194 0.865913
    outer loop
      vertex -34.9211 -28.3153 35.2077
      vertex -32.1363 -27.6045 35.618
      vertex -32.2123 -27.3876 35.7433
    endloop
  endfacet
  facet normal 9.72001e-05 -0.499449 0.866343
    outer loop
      vertex -34.9094 -28.6255 35.0286
      vertex -32.0342 -28.9533 34.8393
      vertex -34.9024 -28.5634 35.0644
    endloop
  endfacet
  facet normal -7.43224e-05 -0.499853 0.86611
    outer loop
      vertex -34.9375 -28.2546 35.2427
      vertex -32.2123 -27.3876 35.7433
      vertex -32.3045 -27.1755 35.8657
    endloop
  endfacet
  facet normal 1.1206e-05 -0.500015 0.866017
    outer loop
      vertex -32.0342 -28.9533 34.8393
      vertex -34.9094 -28.6255 35.0286
      vertex -32.0769 -29.1769 34.7102
    endloop
  endfacet
  facet normal 0.000117323 -0.500197 0.865912
    outer loop
      vertex -34.9584 -28.1949 35.2772
      vertex -32.3045 -27.1755 35.8657
      vertex -32.4125 -26.969 35.985
    endloop
  endfacet
  facet normal -1.02629e-06 -0.500062 0.86599
    outer loop
      vertex -32.0769 -29.1769 34.7102
      vertex -34.9094 -28.6255 35.0286
      vertex -32.1363 -29.3977 34.5827
    endloop
  endfacet
  facet normal -2.67079e-05 -0.499972 0.866041
    outer loop
      vertex -34.9584 -28.1949 35.2772
      vertex -32.4125 -26.969 35.985
      vertex -32.5359 -26.7691 36.1004
    endloop
  endfacet
  facet normal 4.70214e-05 -0.499932 0.866064
    outer loop
      vertex -34.9211 -28.687 34.9931
      vertex -32.1363 -29.3977 34.5827
      vertex -34.9094 -28.6255 35.0286
    endloop
  endfacet
  facet normal -6.49375e-05 -0.4999 0.866083
    outer loop
      vertex -34.9837 -28.1366 35.3109
      vertex -32.5359 -26.7691 36.1004
      vertex -32.6741 -26.5766 36.2115
    endloop
  endfacet
  facet normal 4.75388e-05 -0.499931 0.866065
    outer loop
      vertex -32.1363 -29.3977 34.5827
      vertex -34.9211 -28.687 34.9931
      vertex -32.2123 -29.6146 34.4575
    endloop
  endfacet
  facet normal -1.76912e-05 -0.499991 0.866031
    outer loop
      vertex -35.0134 -28.0798 35.3436
      vertex -32.6741 -26.5766 36.2115
      vertex -32.8266 -26.3923 36.3179
    endloop
  endfacet
  facet normal -0.000230553 -0.50054 0.865714
    outer loop
      vertex -34.9375 -28.7477 34.958
      vertex -32.2123 -29.6146 34.4575
      vertex -34.9211 -28.687 34.9931
    endloop
  endfacet
  facet normal 0.000108889 -0.500101 0.865967
    outer loop
      vertex -35.0474 -28.0248 35.3754
      vertex -32.8266 -26.3923 36.3179
      vertex -32.9926 -26.2171 36.4191
    endloop
  endfacet
  facet normal 1.42759e-05 -0.499963 0.866047
    outer loop
      vertex -32.2123 -29.6146 34.4575
      vertex -34.9375 -28.7477 34.958
      vertex -32.3045 -29.8268 34.335
    endloop
  endfacet
  facet normal -0.000132705 -0.499906 0.86608
    outer loop
      vertex -35.0854 -27.9719 35.4059
      vertex -32.9926 -26.2171 36.4191
      vertex -33.1716 -26.0516 36.5146
    endloop
  endfacet
  facet normal 4.70969e-05 -0.499903 0.866082
    outer loop
      vertex -34.9584 -28.8073 34.9236
      vertex -32.3045 -29.8268 34.335
      vertex -34.9375 -28.7477 34.958
    endloop
  endfacet
  facet normal 0.000170742 -0.500129 0.865951
    outer loop
      vertex -35.1273 -27.9212 35.4352
      vertex -33.1716 -26.0516 36.5146
      vertex -33.3626 -25.8967 36.6041
    endloop
  endfacet
  facet normal -4.9178e-05 -0.500091 0.865973
    outer loop
      vertex -32.3045 -29.8268 34.335
      vertex -34.9584 -28.8073 34.9236
      vertex -32.4125 -30.0332 34.2158
    endloop
  endfacet
  facet normal -7.51232e-05 -0.499976 0.86604
    outer loop
      vertex -35.173 -27.873 35.463
      vertex -33.3626 -25.8967 36.6041
      vertex -33.565 -25.7529 36.6871
    endloop
  endfacet
  facet normal 0.000119521 -0.499828 0.866125
    outer loop
      vertex -32.4125 -30.0332 34.2158
      vertex -34.9584 -28.8073 34.9236
      vertex -32.5359 -30.2332 34.1004
    endloop
  endfacet
  facet normal -0.00019004 -0.499895 0.866086
    outer loop
      vertex -35.2222 -27.8275 35.4893
      vertex -33.565 -25.7529 36.6871
      vertex -33.7777 -25.6208 36.7633
    endloop
  endfacet
  facet normal 0.000107564 -0.499843 0.866116
    outer loop
      vertex -34.9837 -28.8657 34.8899
      vertex -32.5359 -30.2332 34.1004
      vertex -34.9584 -28.8073 34.9236
    endloop
  endfacet
  facet normal -1.81925e-05 -0.499977 0.866038
    outer loop
      vertex -35.2747 -27.7849 35.5139
      vertex -33.7777 -25.6208 36.7633
      vertex -34 -25.5011 36.8324
    endloop
  endfacet
  facet normal -0.000114442 -0.500141 0.865944
    outer loop
      vertex -32.5359 -30.2332 34.1004
      vertex -34.9837 -28.8657 34.8899
      vertex -32.6741 -30.4257 33.9892
    endloop
  endfacet
  facet normal 0.000113332 -0.500053 0.865995
    outer loop
      vertex -35.3304 -27.7453 35.5367
      vertex -34 -25.5011 36.8324
      vertex -34.2308 -25.3943 36.8941
    endloop
  endfacet
  facet normal -4.01976e-05 -0.500059 0.865992
    outer loop
      vertex -35.0134 -28.9225 34.8571
      vertex -32.6741 -30.4257 33.9892
      vertex -34.9837 -28.8657 34.8899
    endloop
  endfacet
  facet normal -0.000120293 -0.499952 0.866053
    outer loop
      vertex -35.45 -27.6761 35.5767
      vertex -34.2308 -25.3943 36.8941
      vertex -34.4693 -25.3007 36.9481
    endloop
  endfacet
  facet normal 0.000101049 -0.499894 0.866087
    outer loop
      vertex -32.6741 -30.4257 33.9892
      vertex -35.0134 -28.9225 34.8571
      vertex -32.8266 -30.6099 33.8829
    endloop
  endfacet
  facet normal 9.14643e-05 -0.500013 0.866018
    outer loop
      vertex -35.5135 -27.6467 35.5937
      vertex -34.4693 -25.3007 36.9481
      vertex -34.7142 -25.2209 36.9942
    endloop
  endfacet
  facet normal -3.41666e-05 -0.500025 0.866011
    outer loop
      vertex -35.0474 -28.9774 34.8254
      vertex -32.8266 -30.6099 33.8829
      vertex -35.0134 -28.9225 34.8571
    endloop
  endfacet
  facet normal 1.47553e-05 -0.499975 0.86604
    outer loop
      vertex -32.8266 -30.6099 33.8829
      vertex -35.0474 -28.9774 34.8254
      vertex -32.9926 -30.7852 33.7817
    endloop
  endfacet
  facet normal 2.47276e-05 -0.500323 0.865839
    outer loop
      vertex -32.0086 -28.2746 35.2312
      vertex -34.9024 -28.4388 35.1364
      vertex -34.9 -28.5011 35.1004
    endloop
  endfacet
  facet normal 2.3214e-05 -0.500043 0.866001
    outer loop
      vertex -32.0342 -28.049 35.3614
      vertex -34.9094 -28.3768 35.1722
      vertex -34.9024 -28.4388 35.1364
    endloop
  endfacet
  facet normal -2.41135e-07 -0.499926 0.866068
    outer loop
      vertex -32.1363 -27.6045 35.618
      vertex -34.9211 -28.3153 35.2077
      vertex -34.9094 -28.3768 35.1722
    endloop
  endfacet
  facet normal -0.000199742 -0.499557 0.866281
    outer loop
      vertex -32.2123 -27.3876 35.7433
      vertex -34.9375 -28.2546 35.2427
      vertex -34.9211 -28.3153 35.2077
    endloop
  endfacet
  facet normal 0.000172695 -0.500305 0.865849
    outer loop
      vertex -32.3045 -27.1755 35.8657
      vertex -34.9584 -28.1949 35.2772
      vertex -34.9375 -28.2546 35.2427
    endloop
  endfacet
  facet normal 3.25549e-05 -0.500009 0.86602
    outer loop
      vertex -35.579 -27.621 35.6085
      vertex -34.7142 -25.2209 36.9942
      vertex -34.9647 -25.1551 37.0322
    endloop
  endfacet
  facet normal 0.000277855 -0.50036 0.865817
    outer loop
      vertex -32.5359 -26.7691 36.1004
      vertex -34.9837 -28.1366 35.3109
      vertex -34.9584 -28.1949 35.2772
    endloop
  endfacet
  facet normal -0.000693511 -0.499202 0.866485
    outer loop
      vertex -32.6741 -26.5766 36.2115
      vertex -35.0134 -28.0798 35.3436
      vertex -34.9837 -28.1366 35.3109
    endloop
  endfacet
  facet normal 0.000370403 -0.500368 0.865813
    outer loop
      vertex -32.8266 -26.3923 36.3179
      vertex -35.0474 -28.0248 35.3754
      vertex -35.0134 -28.0798 35.3436
    endloop
  endfacet
  facet normal -0.000375406 -0.499688 0.866205
    outer loop
      vertex -32.9926 -26.2171 36.4191
      vertex -35.0854 -27.9719 35.4059
      vertex -35.0474 -28.0248 35.3754
    endloop
  endfacet
  facet normal 0.000261983 -0.500201 0.86591
    outer loop
      vertex -33.1716 -26.0516 36.5146
      vertex -35.1273 -27.9212 35.4352
      vertex -35.0854 -27.9719 35.4059
    endloop
  endfacet
  facet normal -0.000292061 -0.499826 0.866126
    outer loop
      vertex -33.3626 -25.8967 36.6041
      vertex -35.173 -27.873 35.463
      vertex -35.1273 -27.9212 35.4352
    endloop
  endfacet
  facet normal 0.000212822 -0.500048 0.865998
    outer loop
      vertex -35.6464 -27.599 35.6212
      vertex -34.9647 -25.1551 37.0322
      vertex -35.2196 -25.1036 37.062
    endloop
  endfacet
  facet normal 0.000302897 -0.500191 0.865915
    outer loop
      vertex -33.565 -25.7529 36.6871
      vertex -35.2222 -27.8275 35.4893
      vertex -35.173 -27.873 35.463
    endloop
  endfacet
  facet normal 6.06351e-05 -0.500018 0.866015
    outer loop
      vertex -33.7777 -25.6208 36.7633
      vertex -35.2747 -27.7849 35.5139
      vertex -35.2222 -27.8275 35.4893
    endloop
  endfacet
  facet normal -0.000692041 -0.499695 0.866201
    outer loop
      vertex -34 -25.5011 36.8324
      vertex -35.3304 -27.7453 35.5367
      vertex -35.2747 -27.7849 35.5139
    endloop
  endfacet
  facet normal 0.000475198 -0.50018 0.865921
    outer loop
      vertex -34.2308 -25.3943 36.8941
      vertex -35.3889 -27.709 35.5577
      vertex -35.3304 -27.7453 35.5367
    endloop
  endfacet
  facet normal 5.66312e-05 -0.500023 0.866012
    outer loop
      vertex -34.2308 -25.3943 36.8941
      vertex -35.45 -27.6761 35.5767
      vertex -35.3889 -27.709 35.5577
    endloop
  endfacet
  facet normal -1.71589e-05 -0.500016 0.866016
    outer loop
      vertex -35.7854 -27.5668 35.6398
      vertex -35.2196 -25.1036 37.062
      vertex -35.4779 -25.0667 37.0833
    endloop
  endfacet
  facet normal 0.000301913 -0.500083 0.865977
    outer loop
      vertex -34.4693 -25.3007 36.9481
      vertex -35.5135 -27.6467 35.5937
      vertex -35.45 -27.6761 35.5767
    endloop
  endfacet
  facet normal -0.000439293 -0.499882 0.866094
    outer loop
      vertex -34.7142 -25.2209 36.9942
      vertex -35.579 -27.621 35.6085
      vertex -35.5135 -27.6467 35.5937
    endloop
  endfacet
  facet normal -2.15403e-05 -0.499999 0.866026
    outer loop
      vertex -34.9647 -25.1551 37.0322
      vertex -35.6464 -27.599 35.6212
      vertex -35.579 -27.621 35.6085
    endloop
  endfacet
  facet normal -0.000608937 -0.499943 0.866058
    outer loop
      vertex -35.2196 -25.1036 37.062
      vertex -35.7153 -27.5809 35.6316
      vertex -35.6464 -27.599 35.6212
    endloop
  endfacet
  facet normal -0.000247476 -0.499986 0.866033
    outer loop
      vertex -35.8564 -27.5566 35.6457
      vertex -35.4779 -25.0667 37.0833
      vertex -35.7384 -25.0444 37.0961
    endloop
  endfacet
  facet normal 0.000696119 -0.500138 0.865945
    outer loop
      vertex -35.2196 -25.1036 37.062
      vertex -35.7854 -27.5668 35.6398
      vertex -35.7153 -27.5809 35.6316
    endloop
  endfacet
  facet normal 0.000128911 -0.500029 0.866009
    outer loop
      vertex -35.4779 -25.0667 37.0833
      vertex -35.8564 -27.5566 35.6457
      vertex -35.7854 -27.5668 35.6398
    endloop
  endfacet
  facet normal -0.000262141 -0.499986 0.866034
    outer loop
      vertex -35.7384 -25.0444 37.0961
      vertex -35.9281 -27.5505 35.6492
      vertex -35.8564 -27.5566 35.6457
    endloop
  endfacet
  facet normal 9.11762e-05 -0.500006 0.866022
    outer loop
      vertex -36 -25.037 37.1004
      vertex -35.9281 -27.5505 35.6492
      vertex -35.7384 -25.0444 37.0961
    endloop
  endfacet
  facet normal 0.000545773 -0.499996 0.866028
    outer loop
      vertex -36 -25.037 37.1004
      vertex -36 -27.5485 35.6504
      vertex -35.9281 -27.5505 35.6492
    endloop
  endfacet
  facet normal -0.000545773 -0.499996 0.866028
    outer loop
      vertex -36 -25.037 37.1004
      vertex -36.0719 -27.5505 35.6492
      vertex -36 -27.5485 35.6504
    endloop
  endfacet
  facet normal -9.11762e-05 -0.500006 0.866022
    outer loop
      vertex -36.2616 -25.0444 37.0961
      vertex -36.0719 -27.5505 35.6492
      vertex -36 -25.037 37.1004
    endloop
  endfacet
  facet normal 0.000262141 -0.499986 0.866034
    outer loop
      vertex -36.0719 -27.5505 35.6492
      vertex -36.2616 -25.0444 37.0961
      vertex -36.1436 -27.5566 35.6457
    endloop
  endfacet
  facet normal 0.000247476 -0.499986 0.866033
    outer loop
      vertex -36.5221 -25.0667 37.0833
      vertex -36.1436 -27.5566 35.6457
      vertex -36.2616 -25.0444 37.0961
    endloop
  endfacet
  facet normal -0.000128911 -0.500029 0.866009
    outer loop
      vertex -36.1436 -27.5566 35.6457
      vertex -36.5221 -25.0667 37.0833
      vertex -36.2146 -27.5668 35.6398
    endloop
  endfacet
  facet normal 1.71589e-05 -0.500016 0.866016
    outer loop
      vertex -36.7804 -25.1036 37.062
      vertex -36.2146 -27.5668 35.6398
      vertex -36.5221 -25.0667 37.0833
    endloop
  endfacet
  facet normal -0.000696119 -0.500138 0.865945
    outer loop
      vertex -36.2146 -27.5668 35.6398
      vertex -36.7804 -25.1036 37.062
      vertex -36.2847 -27.5809 35.6316
    endloop
  endfacet
  facet normal 0.000608937 -0.499943 0.866058
    outer loop
      vertex -36.2847 -27.5809 35.6316
      vertex -36.7804 -25.1036 37.062
      vertex -36.3536 -27.599 35.6212
    endloop
  endfacet
  facet normal -0.000212822 -0.500048 0.865998
    outer loop
      vertex -37.0353 -25.1551 37.0322
      vertex -36.3536 -27.599 35.6212
      vertex -36.7804 -25.1036 37.062
    endloop
  endfacet
  facet normal 2.15403e-05 -0.499999 0.866026
    outer loop
      vertex -36.3536 -27.599 35.6212
      vertex -37.0353 -25.1551 37.0322
      vertex -36.421 -27.621 35.6085
    endloop
  endfacet
  facet normal -3.25549e-05 -0.500009 0.86602
    outer loop
      vertex -37.2858 -25.2209 36.9942
      vertex -36.421 -27.621 35.6085
      vertex -37.0353 -25.1551 37.0322
    endloop
  endfacet
  facet normal 0.000439293 -0.499882 0.866094
    outer loop
      vertex -36.421 -27.621 35.6085
      vertex -37.2858 -25.2209 36.9942
      vertex -36.4865 -27.6467 35.5937
    endloop
  endfacet
  facet normal -9.14643e-05 -0.500013 0.866018
    outer loop
      vertex -37.5307 -25.3007 36.9481
      vertex -36.4865 -27.6467 35.5937
      vertex -37.2858 -25.2209 36.9942
    endloop
  endfacet
  facet normal -0.000301913 -0.500083 0.865977
    outer loop
      vertex -36.4865 -27.6467 35.5937
      vertex -37.5307 -25.3007 36.9481
      vertex -36.55 -27.6761 35.5767
    endloop
  endfacet
  facet normal 0.000120293 -0.499952 0.866053
    outer loop
      vertex -37.7692 -25.3943 36.8941
      vertex -36.55 -27.6761 35.5767
      vertex -37.5307 -25.3007 36.9481
    endloop
  endfacet
  facet normal -5.66312e-05 -0.500023 0.866012
    outer loop
      vertex -36.55 -27.6761 35.5767
      vertex -37.7692 -25.3943 36.8941
      vertex -36.6111 -27.709 35.5577
    endloop
  endfacet
  facet normal -0.000475198 -0.50018 0.865921
    outer loop
      vertex -36.6111 -27.709 35.5577
      vertex -37.7692 -25.3943 36.8941
      vertex -36.6696 -27.7453 35.5367
    endloop
  endfacet
  facet normal -0.000113332 -0.500053 0.865995
    outer loop
      vertex -38 -25.5011 36.8324
      vertex -36.6696 -27.7453 35.5367
      vertex -37.7692 -25.3943 36.8941
    endloop
  endfacet
  facet normal 0.000692041 -0.499695 0.866201
    outer loop
      vertex -36.6696 -27.7453 35.5367
      vertex -38 -25.5011 36.8324
      vertex -36.7253 -27.7849 35.5139
    endloop
  endfacet
  facet normal 1.81925e-05 -0.499977 0.866038
    outer loop
      vertex -38.2223 -25.6208 36.7633
      vertex -36.7253 -27.7849 35.5139
      vertex -38 -25.5011 36.8324
    endloop
  endfacet
  facet normal -6.06351e-05 -0.500018 0.866015
    outer loop
      vertex -36.7253 -27.7849 35.5139
      vertex -38.2223 -25.6208 36.7633
      vertex -36.7778 -27.8275 35.4893
    endloop
  endfacet
  facet normal 0.00019004 -0.499895 0.866086
    outer loop
      vertex -38.435 -25.7529 36.6871
      vertex -36.7778 -27.8275 35.4893
      vertex -38.2223 -25.6208 36.7633
    endloop
  endfacet
  facet normal -0.000302897 -0.500191 0.865915
    outer loop
      vertex -36.7778 -27.8275 35.4893
      vertex -38.435 -25.7529 36.6871
      vertex -36.827 -27.873 35.463
    endloop
  endfacet
  facet normal 7.51232e-05 -0.499976 0.86604
    outer loop
      vertex -38.6374 -25.8967 36.6041
      vertex -36.827 -27.873 35.463
      vertex -38.435 -25.7529 36.6871
    endloop
  endfacet
  facet normal 0.000292061 -0.499826 0.866126
    outer loop
      vertex -36.827 -27.873 35.463
      vertex -38.6374 -25.8967 36.6041
      vertex -36.8727 -27.9212 35.4352
    endloop
  endfacet
  facet normal -0.000170742 -0.500129 0.865951
    outer loop
      vertex -38.8284 -26.0516 36.5146
      vertex -36.8727 -27.9212 35.4352
      vertex -38.6374 -25.8967 36.6041
    endloop
  endfacet
  facet normal -0.000261983 -0.500201 0.86591
    outer loop
      vertex -36.8727 -27.9212 35.4352
      vertex -38.8284 -26.0516 36.5146
      vertex -36.9146 -27.9719 35.4059
    endloop
  endfacet
  facet normal 0.000132705 -0.499906 0.86608
    outer loop
      vertex -39.0074 -26.2171 36.4191
      vertex -36.9146 -27.9719 35.4059
      vertex -38.8284 -26.0516 36.5146
    endloop
  endfacet
  facet normal 0.000375406 -0.499688 0.866205
    outer loop
      vertex -36.9146 -27.9719 35.4059
      vertex -39.0074 -26.2171 36.4191
      vertex -36.9526 -28.0248 35.3754
    endloop
  endfacet
  facet normal -1.25807e-05 -0.499999 0.866026
    outer loop
      vertex -35.0854 -29.0304 34.7948
      vertex -32.9926 -30.7852 33.7817
      vertex -35.0474 -28.9774 34.8254
    endloop
  endfacet
  facet normal -2.18519e-05 -0.500007 0.866021
    outer loop
      vertex -32.9926 -30.7852 33.7817
      vertex -35.0854 -29.0304 34.7948
      vertex -33.1716 -30.9506 33.6862
    endloop
  endfacet
  facet normal 0.000123688 -0.499898 0.866084
    outer loop
      vertex -35.1273 -29.081 34.7656
      vertex -33.1716 -30.9506 33.6862
      vertex -35.0854 -29.0304 34.7948
    endloop
  endfacet
  facet normal -2.91196e-05 -0.500018 0.866015
    outer loop
      vertex -33.1716 -30.9506 33.6862
      vertex -35.1273 -29.081 34.7656
      vertex -33.3626 -31.1056 33.5967
    endloop
  endfacet
  facet normal -0.000708665 -0.500462 0.865758
    outer loop
      vertex -35.173 -29.1292 34.7377
      vertex -33.3626 -31.1056 33.5967
      vertex -35.1273 -29.081 34.7656
    endloop
  endfacet
  facet normal 4.53777e-05 -0.499944 0.866058
    outer loop
      vertex -33.3626 -31.1056 33.5967
      vertex -35.173 -29.1292 34.7377
      vertex -33.565 -31.2494 33.5137
    endloop
  endfacet
  facet normal 0.000696813 -0.499573 0.866271
    outer loop
      vertex -35.2222 -29.1747 34.7115
      vertex -33.565 -31.2494 33.5137
      vertex -35.173 -29.1292 34.7377
    endloop
  endfacet
  facet normal -0.000249285 -0.50014 0.865944
    outer loop
      vertex -33.565 -31.2494 33.5137
      vertex -35.2222 -29.1747 34.7115
      vertex -33.7777 -31.3814 33.4374
    endloop
  endfacet
  facet normal -3.9837e-05 -0.500038 0.866004
    outer loop
      vertex -35.2747 -29.2173 34.6869
      vertex -33.7777 -31.3814 33.4374
      vertex -35.2222 -29.1747 34.7115
    endloop
  endfacet
  facet normal 3.38923e-05 -0.499999 0.866026
    outer loop
      vertex -33.7777 -31.3814 33.4374
      vertex -35.2747 -29.2173 34.6869
      vertex -34 -31.5011 33.3683
    endloop
  endfacet
  facet normal -0.000401854 -0.500182 0.86592
    outer loop
      vertex -35.3304 -29.2569 34.664
      vertex -34 -31.5011 33.3683
      vertex -35.2747 -29.2173 34.6869
    endloop
  endfacet
  facet normal 5.66575e-05 -0.499978 0.866038
    outer loop
      vertex -34 -31.5011 33.3683
      vertex -35.3304 -29.2569 34.664
      vertex -34.2308 -31.608 33.3066
    endloop
  endfacet
  facet normal 0.000662013 -0.499765 0.866161
    outer loop
      vertex -35.3889 -29.2932 34.6431
      vertex -34.2308 -31.608 33.3066
      vertex -35.3304 -29.2569 34.664
    endloop
  endfacet
  facet normal -4.99241e-05 -0.500033 0.866007
    outer loop
      vertex -35.45 -29.3261 34.6241
      vertex -34.2308 -31.608 33.3066
      vertex -35.3889 -29.2932 34.6431
    endloop
  endfacet
  facet normal -4.78244e-05 -0.500032 0.866007
    outer loop
      vertex -34.2308 -31.608 33.3066
      vertex -35.45 -29.3261 34.6241
      vertex -34.4693 -31.7015 33.2526
    endloop
  endfacet
  facet normal -0.000287738 -0.500106 0.865964
    outer loop
      vertex -35.5135 -29.3555 34.6071
      vertex -34.4693 -31.7015 33.2526
      vertex -35.45 -29.3261 34.6241
    endloop
  endfacet
  facet normal 9.73355e-05 -0.499978 0.866038
    outer loop
      vertex -34.4693 -31.7015 33.2526
      vertex -35.5135 -29.3555 34.6071
      vertex -34.7142 -31.7814 33.2065
    endloop
  endfacet
  facet normal -0.000726223 -0.500181 0.865921
    outer loop
      vertex -35.579 -29.3812 34.5922
      vertex -34.7142 -31.7814 33.2065
      vertex -35.5135 -29.3555 34.6071
    endloop
  endfacet
  facet normal -3.75542e-05 -0.499995 0.866028
    outer loop
      vertex -34.7142 -31.7814 33.2065
      vertex -35.579 -29.3812 34.5922
      vertex -34.9647 -31.8472 33.1685
    endloop
  endfacet
  facet normal 0.00120389 -0.499763 0.866162
    outer loop
      vertex -35.6464 -29.4032 34.5796
      vertex -34.9647 -31.8472 33.1685
      vertex -35.579 -29.3812 34.5922
    endloop
  endfacet
  facet normal 0.000111662 -0.499992 0.86603
    outer loop
      vertex -34.9647 -31.8472 33.1685
      vertex -35.6464 -29.4032 34.5796
      vertex -35.2196 -31.8987 33.1388
    endloop
  endfacet
  facet normal -0.000598976 -0.500083 0.865978
    outer loop
      vertex -35.7153 -29.4213 34.5691
      vertex -35.2196 -31.8987 33.1388
      vertex -35.6464 -29.4032 34.5796
    endloop
  endfacet
  facet normal 0.000480796 -0.499921 0.866071
    outer loop
      vertex -35.7854 -29.4354 34.561
      vertex -35.2196 -31.8987 33.1388
      vertex -35.7153 -29.4213 34.5691
    endloop
  endfacet
  facet normal 1.43514e-05 -0.500001 0.866025
    outer loop
      vertex -35.2196 -31.8987 33.1388
      vertex -35.7854 -29.4354 34.561
      vertex -35.4779 -31.9356 33.1175
    endloop
  endfacet
  facet normal -0.000131736 -0.500014 0.866017
    outer loop
      vertex -35.8564 -29.4456 34.5551
      vertex -35.4779 -31.9356 33.1175
      vertex -35.7854 -29.4354 34.561
    endloop
  endfacet
  facet normal 5.63076e-05 -0.499993 0.866029
    outer loop
      vertex -35.4779 -31.9356 33.1175
      vertex -35.8564 -29.4456 34.5551
      vertex -35.7384 -31.9578 33.1047
    endloop
  endfacet
  facet normal 0.000262141 -0.499986 0.866034
    outer loop
      vertex -35.9281 -29.4517 34.5516
      vertex -35.7384 -31.9578 33.1047
      vertex -35.8564 -29.4456 34.5551
    endloop
  endfacet
  facet normal -0.000545773 -0.499996 0.866028
    outer loop
      vertex -36 -31.9652 33.1004
      vertex -35.9281 -29.4517 34.5516
      vertex -36 -29.4537 34.5504
    endloop
  endfacet
  facet normal -9.11762e-05 -0.500006 0.866022
    outer loop
      vertex -35.9281 -29.4517 34.5516
      vertex -36 -31.9652 33.1004
      vertex -35.7384 -31.9578 33.1047
    endloop
  endfacet
  facet normal 0.000545773 -0.499996 0.866028
    outer loop
      vertex -36.0719 -29.4517 34.5516
      vertex -36 -31.9652 33.1004
      vertex -36 -29.4537 34.5504
    endloop
  endfacet
  facet normal -0.000262141 -0.499986 0.866034
    outer loop
      vertex -36.2616 -31.9578 33.1047
      vertex -36.0719 -29.4517 34.5516
      vertex -36.1436 -29.4456 34.5551
    endloop
  endfacet
  facet normal 0.000131736 -0.500014 0.866017
    outer loop
      vertex -36.5221 -31.9356 33.1175
      vertex -36.1436 -29.4456 34.5551
      vertex -36.2146 -29.4354 34.561
    endloop
  endfacet
  facet normal 9.11762e-05 -0.500006 0.866022
    outer loop
      vertex -36.0719 -29.4517 34.5516
      vertex -36.2616 -31.9578 33.1047
      vertex -36 -31.9652 33.1004
    endloop
  endfacet
  facet normal -0.000480796 -0.499921 0.866071
    outer loop
      vertex -36.7804 -31.8987 33.1388
      vertex -36.2146 -29.4354 34.561
      vertex -36.2847 -29.4213 34.5691
    endloop
  endfacet
  facet normal 0.000598976 -0.500083 0.865978
    outer loop
      vertex -36.7804 -31.8987 33.1388
      vertex -36.2847 -29.4213 34.5691
      vertex -36.3536 -29.4032 34.5796
    endloop
  endfacet
  facet normal -0.00120389 -0.499763 0.866162
    outer loop
      vertex -37.0353 -31.8472 33.1685
      vertex -36.3536 -29.4032 34.5796
      vertex -36.421 -29.3812 34.5922
    endloop
  endfacet
  facet normal 0.000726223 -0.500181 0.865921
    outer loop
      vertex -37.2858 -31.7814 33.2065
      vertex -36.421 -29.3812 34.5922
      vertex -36.4865 -29.3555 34.6071
    endloop
  endfacet
  facet normal -5.63076e-05 -0.499993 0.866029
    outer loop
      vertex -36.1436 -29.4456 34.5551
      vertex -36.5221 -31.9356 33.1175
      vertex -36.2616 -31.9578 33.1047
    endloop
  endfacet
  facet normal 0.000287738 -0.500106 0.865964
    outer loop
      vertex -37.5307 -31.7015 33.2526
      vertex -36.4865 -29.3555 34.6071
      vertex -36.55 -29.3261 34.6241
    endloop
  endfacet
  facet normal 4.99241e-05 -0.500033 0.866007
    outer loop
      vertex -37.7692 -31.608 33.3066
      vertex -36.55 -29.3261 34.6241
      vertex -36.6111 -29.2932 34.6431
    endloop
  endfacet
  facet normal -0.000662013 -0.499765 0.866161
    outer loop
      vertex -37.7692 -31.608 33.3066
      vertex -36.6111 -29.2932 34.6431
      vertex -36.6696 -29.2569 34.664
    endloop
  endfacet
  facet normal 0.000401854 -0.500182 0.86592
    outer loop
      vertex -38 -31.5011 33.3683
      vertex -36.6696 -29.2569 34.664
      vertex -36.7253 -29.2173 34.6869
    endloop
  endfacet
  facet normal 3.9837e-05 -0.500038 0.866004
    outer loop
      vertex -38.2223 -31.3814 33.4374
      vertex -36.7253 -29.2173 34.6869
      vertex -36.7778 -29.1747 34.7115
    endloop
  endfacet
  facet normal -1.43514e-05 -0.500001 0.866025
    outer loop
      vertex -36.2146 -29.4354 34.561
      vertex -36.7804 -31.8987 33.1388
      vertex -36.5221 -31.9356 33.1175
    endloop
  endfacet
  facet normal -0.000696813 -0.499573 0.866271
    outer loop
      vertex -38.435 -31.2494 33.5137
      vertex -36.7778 -29.1747 34.7115
      vertex -36.827 -29.1292 34.7377
    endloop
  endfacet
  facet normal 0.000708665 -0.500462 0.865758
    outer loop
      vertex -38.6374 -31.1056 33.5967
      vertex -36.827 -29.1292 34.7377
      vertex -36.8727 -29.081 34.7656
    endloop
  endfacet
  facet normal -0.000123688 -0.499898 0.866084
    outer loop
      vertex -38.8284 -30.9506 33.6862
      vertex -36.8727 -29.081 34.7656
      vertex -36.9146 -29.0304 34.7948
    endloop
  endfacet
  facet normal 1.25807e-05 -0.499999 0.866026
    outer loop
      vertex -39.0074 -30.7852 33.7817
      vertex -36.9146 -29.0304 34.7948
      vertex -36.9526 -28.9774 34.8254
    endloop
  endfacet
  facet normal 3.41666e-05 -0.500025 0.866011
    outer loop
      vertex -39.1734 -30.6099 33.8829
      vertex -36.9526 -28.9774 34.8254
      vertex -36.9866 -28.9225 34.8571
    endloop
  endfacet
  facet normal 4.01976e-05 -0.500059 0.865992
    outer loop
      vertex -39.3259 -30.4257 33.9892
      vertex -36.9866 -28.9225 34.8571
      vertex -37.0163 -28.8657 34.8899
    endloop
  endfacet
  facet normal -0.000111662 -0.499992 0.86603
    outer loop
      vertex -36.3536 -29.4032 34.5796
      vertex -37.0353 -31.8472 33.1685
      vertex -36.7804 -31.8987 33.1388
    endloop
  endfacet
  facet normal -0.000107564 -0.499843 0.866116
    outer loop
      vertex -39.4641 -30.2332 34.1004
      vertex -37.0163 -28.8657 34.8899
      vertex -37.0416 -28.8073 34.9236
    endloop
  endfacet
  facet normal -4.70969e-05 -0.499903 0.866082
    outer loop
      vertex -39.6955 -29.8268 34.335
      vertex -37.0416 -28.8073 34.9236
      vertex -37.0625 -28.7477 34.958
    endloop
  endfacet
  facet normal 0.000230553 -0.50054 0.865714
    outer loop
      vertex -39.7877 -29.6146 34.4575
      vertex -37.0625 -28.7477 34.958
      vertex -37.0789 -28.687 34.9931
    endloop
  endfacet
  facet normal -4.70214e-05 -0.499932 0.866064
    outer loop
      vertex -39.8637 -29.3977 34.5827
      vertex -37.0789 -28.687 34.9931
      vertex -37.0906 -28.6255 35.0286
    endloop
  endfacet
  facet normal -9.72001e-05 -0.499449 0.866343
    outer loop
      vertex -39.9658 -28.9533 34.8393
      vertex -37.0906 -28.6255 35.0286
      vertex -37.0976 -28.5634 35.0644
    endloop
  endfacet
  facet normal 4.19794e-05 -0.500323 0.865839
    outer loop
      vertex -39.9914 -28.7277 34.9696
      vertex -37.0976 -28.5634 35.0644
      vertex -37.1 -28.5011 35.1004
    endloop
  endfacet
  facet normal -0.000108889 -0.500101 0.865967
    outer loop
      vertex -39.1734 -26.3923 36.3179
      vertex -36.9526 -28.0248 35.3754
      vertex -39.0074 -26.2171 36.4191
    endloop
  endfacet
  facet normal 3.75542e-05 -0.499995 0.866028
    outer loop
      vertex -36.421 -29.3812 34.5922
      vertex -37.2858 -31.7814 33.2065
      vertex -37.0353 -31.8472 33.1685
    endloop
  endfacet
  facet normal -0.000370403 -0.500368 0.865813
    outer loop
      vertex -36.9526 -28.0248 35.3754
      vertex -39.1734 -26.3923 36.3179
      vertex -36.9866 -28.0798 35.3436
    endloop
  endfacet
  facet normal -9.73355e-05 -0.499978 0.866038
    outer loop
      vertex -36.4865 -29.3555 34.6071
      vertex -37.5307 -31.7015 33.2526
      vertex -37.2858 -31.7814 33.2065
    endloop
  endfacet
  facet normal 1.76912e-05 -0.499991 0.866031
    outer loop
      vertex -39.3259 -26.5766 36.2115
      vertex -36.9866 -28.0798 35.3436
      vertex -39.1734 -26.3923 36.3179
    endloop
  endfacet
  facet normal 4.78244e-05 -0.500032 0.866007
    outer loop
      vertex -36.55 -29.3261 34.6241
      vertex -37.7692 -31.608 33.3066
      vertex -37.5307 -31.7015 33.2526
    endloop
  endfacet
  facet normal 0.000693511 -0.499202 0.866485
    outer loop
      vertex -36.9866 -28.0798 35.3436
      vertex -39.3259 -26.5766 36.2115
      vertex -37.0163 -28.1366 35.3109
    endloop
  endfacet
  facet normal -5.66575e-05 -0.499978 0.866038
    outer loop
      vertex -36.6696 -29.2569 34.664
      vertex -38 -31.5011 33.3683
      vertex -37.7692 -31.608 33.3066
    endloop
  endfacet
  facet normal 6.49375e-05 -0.4999 0.866083
    outer loop
      vertex -39.4641 -26.7691 36.1004
      vertex -37.0163 -28.1366 35.3109
      vertex -39.3259 -26.5766 36.2115
    endloop
  endfacet
  facet normal -3.38923e-05 -0.499999 0.866026
    outer loop
      vertex -36.7253 -29.2173 34.6869
      vertex -38.2223 -31.3814 33.4374
      vertex -38 -31.5011 33.3683
    endloop
  endfacet
  facet normal -0.000277855 -0.50036 0.865817
    outer loop
      vertex -37.0163 -28.1366 35.3109
      vertex -39.4641 -26.7691 36.1004
      vertex -37.0416 -28.1949 35.2772
    endloop
  endfacet
  facet normal 0.000249285 -0.50014 0.865944
    outer loop
      vertex -36.7778 -29.1747 34.7115
      vertex -38.435 -31.2494 33.5137
      vertex -38.2223 -31.3814 33.4374
    endloop
  endfacet
  facet normal 2.67079e-05 -0.499972 0.866041
    outer loop
      vertex -39.5875 -26.969 35.985
      vertex -37.0416 -28.1949 35.2772
      vertex -39.4641 -26.7691 36.1004
    endloop
  endfacet
  facet normal -4.53777e-05 -0.499944 0.866058
    outer loop
      vertex -36.827 -29.1292 34.7377
      vertex -38.6374 -31.1056 33.5967
      vertex -38.435 -31.2494 33.5137
    endloop
  endfacet
  facet normal -0.000117323 -0.500197 0.865912
    outer loop
      vertex -39.6955 -27.1755 35.8657
      vertex -37.0416 -28.1949 35.2772
      vertex -39.5875 -26.969 35.985
    endloop
  endfacet
  facet normal 2.91196e-05 -0.500018 0.866015
    outer loop
      vertex -36.8727 -29.081 34.7656
      vertex -38.8284 -30.9506 33.6862
      vertex -38.6374 -31.1056 33.5967
    endloop
  endfacet
  facet normal -0.000172695 -0.500305 0.865849
    outer loop
      vertex -37.0416 -28.1949 35.2772
      vertex -39.6955 -27.1755 35.8657
      vertex -37.0625 -28.2546 35.2427
    endloop
  endfacet
  facet normal 2.18519e-05 -0.500007 0.866021
    outer loop
      vertex -36.9146 -29.0304 34.7948
      vertex -39.0074 -30.7852 33.7817
      vertex -38.8284 -30.9506 33.6862
    endloop
  endfacet
  facet normal 7.43224e-05 -0.499853 0.86611
    outer loop
      vertex -39.7877 -27.3876 35.7433
      vertex -37.0625 -28.2546 35.2427
      vertex -39.6955 -27.1755 35.8657
    endloop
  endfacet
  facet normal -1.47553e-05 -0.499975 0.86604
    outer loop
      vertex -36.9526 -28.9774 34.8254
      vertex -39.1734 -30.6099 33.8829
      vertex -39.0074 -30.7852 33.7817
    endloop
  endfacet
  facet normal 0.000199742 -0.499557 0.866281
    outer loop
      vertex -37.0625 -28.2546 35.2427
      vertex -39.7877 -27.3876 35.7433
      vertex -37.0789 -28.3153 35.2077
    endloop
  endfacet
  facet normal -0.000101049 -0.499894 0.866087
    outer loop
      vertex -36.9866 -28.9225 34.8571
      vertex -39.3259 -30.4257 33.9892
      vertex -39.1734 -30.6099 33.8829
    endloop
  endfacet
  facet normal -9.10201e-05 -0.500194 0.865913
    outer loop
      vertex -39.8637 -27.6045 35.618
      vertex -37.0789 -28.3153 35.2077
      vertex -39.7877 -27.3876 35.7433
    endloop
  endfacet
  facet normal 0.000114442 -0.500141 0.865944
    outer loop
      vertex -37.0163 -28.8657 34.8899
      vertex -39.4641 -30.2332 34.1004
      vertex -39.3259 -30.4257 33.9892
    endloop
  endfacet
  facet normal 2.41135e-07 -0.499926 0.866068
    outer loop
      vertex -37.0789 -28.3153 35.2077
      vertex -39.8637 -27.6045 35.618
      vertex -37.0906 -28.3768 35.1722
    endloop
  endfacet
  facet normal -0.000119521 -0.499828 0.866125
    outer loop
      vertex -37.0416 -28.8073 34.9236
      vertex -39.5875 -30.0332 34.2158
      vertex -39.4641 -30.2332 34.1004
    endloop
  endfacet
  facet normal 5.47716e-05 -0.499779 0.866153
    outer loop
      vertex -39.9231 -27.8253 35.4906
      vertex -37.0906 -28.3768 35.1722
      vertex -39.8637 -27.6045 35.618
    endloop
  endfacet
  facet normal 4.9178e-05 -0.500091 0.865973
    outer loop
      vertex -37.0416 -28.8073 34.9236
      vertex -39.6955 -29.8268 34.335
      vertex -39.5875 -30.0332 34.2158
    endloop
  endfacet
  facet normal -3.6526e-05 -0.50013 0.86595
    outer loop
      vertex -39.9658 -28.049 35.3614
      vertex -37.0906 -28.3768 35.1722
      vertex -39.9231 -27.8253 35.4906
    endloop
  endfacet
  facet normal -1.42759e-05 -0.499963 0.866047
    outer loop
      vertex -37.0625 -28.7477 34.958
      vertex -39.7877 -29.6146 34.4575
      vertex -39.6955 -29.8268 34.335
    endloop
  endfacet
  facet normal -2.3214e-05 -0.500043 0.866001
    outer loop
      vertex -37.0906 -28.3768 35.1722
      vertex -39.9658 -28.049 35.3614
      vertex -37.0976 -28.4388 35.1364
    endloop
  endfacet
  facet normal -4.75388e-05 -0.499931 0.866065
    outer loop
      vertex -37.0789 -28.687 34.9931
      vertex -39.8637 -29.3977 34.5827
      vertex -39.7877 -29.6146 34.4575
    endloop
  endfacet
  facet normal 1.05982e-05 -0.499856 0.866108
    outer loop
      vertex -39.9914 -28.2746 35.2312
      vertex -37.0976 -28.4388 35.1364
      vertex -39.9658 -28.049 35.3614
    endloop
  endfacet
  facet normal 1.02629e-06 -0.500062 0.86599
    outer loop
      vertex -37.0906 -28.6255 35.0286
      vertex -39.9231 -29.1769 34.7102
      vertex -39.8637 -29.3977 34.5827
    endloop
  endfacet
  facet normal -2.47276e-05 -0.500323 0.865839
    outer loop
      vertex -37.0976 -28.4388 35.1364
      vertex -39.9914 -28.2746 35.2312
      vertex -37.1 -28.5011 35.1004
    endloop
  endfacet
  facet normal -1.1206e-05 -0.500015 0.866017
    outer loop
      vertex -37.0906 -28.6255 35.0286
      vertex -39.9658 -28.9533 34.8393
      vertex -39.9231 -29.1769 34.7102
    endloop
  endfacet
  facet normal 0 -0.500086 0.865975
    outer loop
      vertex -40 -28.5011 35.1004
      vertex -37.1 -28.5011 35.1004
      vertex -39.9914 -28.2746 35.2312
    endloop
  endfacet
  facet normal 2.82169e-05 -0.500141 0.865944
    outer loop
      vertex -37.0976 -28.5634 35.0644
      vertex -39.9914 -28.7277 34.9696
      vertex -39.9658 -28.9533 34.8393
    endloop
  endfacet
  facet normal 0 -0.499921 0.866071
    outer loop
      vertex -37.1 -28.5011 35.1004
      vertex -40 -28.5011 35.1004
      vertex -39.9914 -28.7277 34.9696
    endloop
  endfacet
  facet normal -0.582688 0.703815 0.406348
    outer loop
      vertex -38.2223 -19.6208 26.371
      vertex -38.435 -25.7529 36.6871
      vertex -38.2223 -25.6208 36.7633
    endloop
  endfacet
  facet normal -0.582688 0.703815 0.406348
    outer loop
      vertex -38.435 -25.7529 36.6871
      vertex -38.2223 -19.6208 26.371
      vertex -38.435 -19.7529 26.2948
    endloop
  endfacet
  facet normal -0.634231 0.669562 0.386572
    outer loop
      vertex -38.435 -19.7529 26.2948
      vertex -38.6374 -25.8967 36.6041
      vertex -38.435 -25.7529 36.6871
    endloop
  endfacet
  facet normal -0.634231 0.669562 0.386572
    outer loop
      vertex -38.6374 -25.8967 36.6041
      vertex -38.435 -19.7529 26.2948
      vertex -38.6374 -19.8967 26.2118
    endloop
  endfacet
  facet normal -0.290271 0.828738 0.478472
    outer loop
      vertex -37.0353 -19.1551 26.6399
      vertex -37.2858 -25.2209 36.9942
      vertex -37.0353 -25.1551 37.0322
    endloop
  endfacet
  facet normal -0.290271 0.828738 0.478472
    outer loop
      vertex -37.2858 -25.2209 36.9942
      vertex -37.0353 -19.1551 26.6399
      vertex -37.2858 -19.2209 26.6019
    endloop
  endfacet
  facet normal -0.16275 0.854479 0.493334
    outer loop
      vertex -36.5221 -19.0667 26.691
      vertex -36.7804 -25.1036 37.062
      vertex -36.5221 -25.0667 37.0833
    endloop
  endfacet
  facet normal -0.162936 0.854454 0.493315
    outer loop
      vertex -36.7804 -25.1036 37.062
      vertex -36.5221 -19.0667 26.691
      vertex -36.7804 -19.1036 26.6696
    endloop
  endfacet
  facet normal 0.0326988 -0.865562 -0.499733
    outer loop
      vertex -36 -31.9652 33.1004
      vertex -35.7384 -25.9578 22.7124
      vertex -35.7384 -31.9578 33.1047
    endloop
  endfacet
  facet normal 0.0326988 -0.865562 -0.499733
    outer loop
      vertex -35.7384 -25.9578 22.7124
      vertex -36 -31.9652 33.1004
      vertex -36 -25.9652 22.7081
    endloop
  endfacet
  facet normal 0.16275 -0.854479 -0.493334
    outer loop
      vertex -35.4779 -31.9356 33.1175
      vertex -35.2196 -25.8987 22.7465
      vertex -35.2196 -31.8987 33.1388
    endloop
  endfacet
  facet normal 0.16275 -0.854479 -0.493334
    outer loop
      vertex -35.2196 -25.8987 22.7465
      vertex -35.4779 -31.9356 33.1175
      vertex -35.4779 -25.9356 22.7252
    endloop
  endfacet
  facet normal 0.290271 -0.828738 -0.478472
    outer loop
      vertex -34.9647 -31.8472 33.1685
      vertex -34.7142 -25.7814 22.8142
      vertex -34.7142 -31.7814 33.2065
    endloop
  endfacet
  facet normal 0.290271 -0.828738 -0.478472
    outer loop
      vertex -34.7142 -25.7814 22.8142
      vertex -34.9647 -31.8472 33.1685
      vertex -34.9647 -25.8472 22.7762
    endloop
  endfacet
  facet normal 0.72964 -0.592216 -0.341916
    outer loop
      vertex -32.9926 -30.7852 33.7817
      vertex -33.1716 -24.9506 23.2939
      vertex -32.9926 -24.7852 23.3894
    endloop
  endfacet
  facet normal 0.72964 -0.592216 -0.341916
    outer loop
      vertex -33.1716 -24.9506 23.2939
      vertex -32.9926 -30.7852 33.7817
      vertex -33.1716 -30.9506 33.6862
    endloop
  endfacet
  facet normal 0.634231 -0.669562 -0.386572
    outer loop
      vertex -33.565 -31.2494 33.5137
      vertex -33.3626 -25.1056 23.2044
      vertex -33.3626 -31.1056 33.5967
    endloop
  endfacet
  facet normal 0.634231 -0.669562 -0.386572
    outer loop
      vertex -33.3626 -25.1056 23.2044
      vertex -33.565 -31.2494 33.5137
      vertex -33.565 -25.2494 23.1214
    endloop
  endfacet
  facet normal 0.683781 -0.631927 -0.364844
    outer loop
      vertex -33.1716 -30.9506 33.6862
      vertex -33.3626 -25.1056 23.2044
      vertex -33.1716 -24.9506 23.2939
    endloop
  endfacet
  facet normal 0.683781 -0.631927 -0.364844
    outer loop
      vertex -33.3626 -25.1056 23.2044
      vertex -33.1716 -30.9506 33.6862
      vertex -33.3626 -31.1056 33.5967
    endloop
  endfacet
  facet normal 0.412423 -0.788942 -0.455496
    outer loop
      vertex -34.4693 -31.7015 33.2526
      vertex -34.2308 -25.608 22.9143
      vertex -34.2308 -31.608 33.3066
    endloop
  endfacet
  facet normal 0.412423 -0.788942 -0.455496
    outer loop
      vertex -34.2308 -25.608 22.9143
      vertex -34.4693 -31.7015 33.2526
      vertex -34.4693 -25.7015 22.8603
    endloop
  endfacet
  facet normal 0.528008 -0.735463 -0.42462
    outer loop
      vertex -34 -31.5011 33.3683
      vertex -33.7777 -25.3814 23.0451
      vertex -33.7777 -31.3814 33.4374
    endloop
  endfacet
  facet normal 0.528008 -0.735463 -0.42462
    outer loop
      vertex -33.7777 -25.3814 23.0451
      vertex -34 -31.5011 33.3683
      vertex -34 -25.5011 22.976
    endloop
  endfacet
  facet normal 0.471584 -0.76368 -0.440911
    outer loop
      vertex -34.2308 -31.608 33.3066
      vertex -34 -25.5011 22.976
      vertex -34 -31.5011 33.3683
    endloop
  endfacet
  facet normal 0.471584 -0.76368 -0.440911
    outer loop
      vertex -34 -25.5011 22.976
      vertex -34.2308 -31.608 33.3066
      vertex -34.2308 -25.608 22.9143
    endloop
  endfacet
  facet normal 0.881955 -0.408187 -0.235667
    outer loop
      vertex -32.4125 -30.0332 34.2158
      vertex -32.5359 -24.2332 23.7081
      vertex -32.4125 -24.0332 23.8235
    endloop
  endfacet
  facet normal 0.881955 -0.408187 -0.235667
    outer loop
      vertex -32.5359 -24.2332 23.7081
      vertex -32.4125 -30.0332 34.2158
      vertex -32.5359 -30.2332 34.1004
    endloop
  endfacet
  facet normal 0.93593 -0.305002 -0.176093
    outer loop
      vertex -32.2123 -29.6146 34.4575
      vertex -32.3045 -23.8268 23.9427
      vertex -32.2123 -23.6146 24.0652
    endloop
  endfacet
  facet normal 0.93593 -0.305002 -0.176093
    outer loop
      vertex -32.3045 -23.8268 23.9427
      vertex -32.2123 -29.6146 34.4575
      vertex -32.3045 -29.8268 34.335
    endloop
  endfacet
  facet normal 0.910855 -0.357431 -0.206363
    outer loop
      vertex -32.3045 -29.8268 34.335
      vertex -32.4125 -24.0332 23.8235
      vertex -32.3045 -23.8268 23.9427
    endloop
  endfacet
  facet normal 0.910855 -0.357431 -0.206363
    outer loop
      vertex -32.4125 -24.0332 23.8235
      vertex -32.3045 -29.8268 34.335
      vertex -32.4125 -30.0332 34.2158
    endloop
  endfacet
  facet normal 0.99946 -0.0284504 -0.0164258
    outer loop
      vertex -32 -28.5011 35.1004
      vertex -32.0086 -22.7277 24.5773
      vertex -32 -22.5011 24.7081
    endloop
  endfacet
  facet normal 0.99946 -0.0284504 -0.0164258
    outer loop
      vertex -32.0086 -22.7277 24.5773
      vertex -32 -28.5011 35.1004
      vertex -32.0086 -28.7277 34.9696
    endloop
  endfacet
  facet normal -0.582596 -0.703873 -0.406381
    outer loop
      vertex -38.435 -25.2494 23.1214
      vertex -38.2223 -31.3814 33.4374
      vertex -38.435 -31.2494 33.5137
    endloop
  endfacet
  facet normal -0.582596 -0.703873 -0.406381
    outer loop
      vertex -38.2223 -31.3814 33.4374
      vertex -38.435 -25.2494 23.1214
      vertex -38.2223 -25.3814 23.0451
    endloop
  endfacet
  facet normal -0.683781 -0.631927 -0.364844
    outer loop
      vertex -38.6374 -25.1056 23.2044
      vertex -38.8284 -30.9506 33.6862
      vertex -38.8284 -24.9506 23.2939
    endloop
  endfacet
  facet normal -0.683781 -0.631927 -0.364844
    outer loop
      vertex -38.8284 -30.9506 33.6862
      vertex -38.6374 -25.1056 23.2044
      vertex -38.6374 -31.1056 33.5967
    endloop
  endfacet
  facet normal -0.634231 -0.669562 -0.386572
    outer loop
      vertex -38.6374 -25.1056 23.2044
      vertex -38.435 -31.2494 33.5137
      vertex -38.6374 -31.1056 33.5967
    endloop
  endfacet
  facet normal -0.634231 -0.669562 -0.386572
    outer loop
      vertex -38.435 -31.2494 33.5137
      vertex -38.6374 -25.1056 23.2044
      vertex -38.435 -25.2494 23.1214
    endloop
  endfacet
  facet normal -0.471584 -0.76368 -0.440911
    outer loop
      vertex -38 -25.5011 22.976
      vertex -37.7692 -31.608 33.3066
      vertex -38 -31.5011 33.3683
    endloop
  endfacet
  facet normal -0.471584 -0.76368 -0.440911
    outer loop
      vertex -37.7692 -31.608 33.3066
      vertex -38 -25.5011 22.976
      vertex -37.7692 -25.608 22.9143
    endloop
  endfacet
  facet normal -0.290271 -0.828738 -0.478472
    outer loop
      vertex -37.2858 -25.7814 22.8142
      vertex -37.0353 -31.8472 33.1685
      vertex -37.2858 -31.7814 33.2065
    endloop
  endfacet
  facet normal -0.290271 -0.828738 -0.478472
    outer loop
      vertex -37.0353 -31.8472 33.1685
      vertex -37.2858 -25.7814 22.8142
      vertex -37.0353 -25.8472 22.7762
    endloop
  endfacet
  facet normal -0.35249 -0.81044 -0.467908
    outer loop
      vertex -37.5307 -25.7015 22.8603
      vertex -37.2858 -31.7814 33.2065
      vertex -37.5307 -31.7015 33.2526
    endloop
  endfacet
  facet normal -0.35249 -0.81044 -0.467908
    outer loop
      vertex -37.2858 -31.7814 33.2065
      vertex -37.5307 -25.7015 22.8603
      vertex -37.2858 -25.7814 22.8142
    endloop
  endfacet
  facet normal -0.227134 -0.84339 -0.486932
    outer loop
      vertex -37.0353 -25.8472 22.7762
      vertex -36.7804 -31.8987 33.1388
      vertex -37.0353 -31.8472 33.1685
    endloop
  endfacet
  facet normal -0.227134 -0.84339 -0.486932
    outer loop
      vertex -36.7804 -31.8987 33.1388
      vertex -37.0353 -25.8472 22.7762
      vertex -36.7804 -25.8987 22.7465
    endloop
  endfacet
  facet normal -0.0978989 -0.861865 -0.497598
    outer loop
      vertex -36.5221 -25.9356 22.7252
      vertex -36.2616 -31.9578 33.1047
      vertex -36.5221 -31.9356 33.1175
    endloop
  endfacet
  facet normal -0.0978989 -0.861865 -0.497598
    outer loop
      vertex -36.2616 -31.9578 33.1047
      vertex -36.5221 -25.9356 22.7252
      vertex -36.2616 -25.9578 22.7124
    endloop
  endfacet
  facet normal -0.72964 -0.592216 -0.341916
    outer loop
      vertex -38.8284 -24.9506 23.2939
      vertex -39.0074 -30.7852 33.7817
      vertex -39.0074 -24.7852 23.3894
    endloop
  endfacet
  facet normal -0.72964 -0.592216 -0.341916
    outer loop
      vertex -39.0074 -30.7852 33.7817
      vertex -38.8284 -24.9506 23.2939
      vertex -38.8284 -30.9506 33.6862
    endloop
  endfacet
  facet normal -0.910855 -0.357431 -0.206363
    outer loop
      vertex -39.5875 -24.0332 23.8235
      vertex -39.6955 -29.8268 34.335
      vertex -39.6955 -23.8268 23.9427
    endloop
  endfacet
  facet normal -0.910855 -0.357431 -0.206363
    outer loop
      vertex -39.6955 -29.8268 34.335
      vertex -39.5875 -24.0332 23.8235
      vertex -39.5875 -30.0332 34.2158
    endloop
  endfacet
  facet normal -0.881955 -0.408187 -0.235667
    outer loop
      vertex -39.4641 -24.2332 23.7081
      vertex -39.5875 -30.0332 34.2158
      vertex -39.5875 -24.0332 23.8235
    endloop
  endfacet
  facet normal -0.881955 -0.408187 -0.235667
    outer loop
      vertex -39.5875 -30.0332 34.2158
      vertex -39.4641 -24.2332 23.7081
      vertex -39.4641 -30.2332 34.1004
    endloop
  endfacet
  facet normal -0.93593 -0.305002 -0.176093
    outer loop
      vertex -39.6955 -23.8268 23.9427
      vertex -39.7877 -29.6146 34.4575
      vertex -39.7877 -23.6146 24.0652
    endloop
  endfacet
  facet normal -0.93593 -0.305002 -0.176093
    outer loop
      vertex -39.7877 -29.6146 34.4575
      vertex -39.6955 -23.8268 23.9427
      vertex -39.6955 -29.8268 34.335
    endloop
  endfacet
  facet normal -0.986599 -0.141304 -0.0815819
    outer loop
      vertex -39.9231 -23.1769 24.3179
      vertex -39.9658 -28.9533 34.8393
      vertex -39.9658 -22.9533 24.447
    endloop
  endfacet
  facet normal -0.986599 -0.141304 -0.0815819
    outer loop
      vertex -39.9658 -28.9533 34.8393
      vertex -39.9231 -23.1769 24.3179
      vertex -39.9231 -29.1769 34.7102
    endloop
  endfacet
  facet normal -0.99946 -0.0284504 -0.0164258
    outer loop
      vertex -39.9914 -22.7277 24.5773
      vertex -40 -28.5011 35.1004
      vertex -40 -22.5011 24.7081
    endloop
  endfacet
  facet normal -0.99946 -0.0284504 -0.0164258
    outer loop
      vertex -40 -28.5011 35.1004
      vertex -39.9914 -22.7277 24.5773
      vertex -39.9914 -28.7277 34.9696
    endloop
  endfacet
  facet normal 0.0978989 -0.861865 -0.497598
    outer loop
      vertex -35.7384 -31.9578 33.1047
      vertex -35.4779 -25.9356 22.7252
      vertex -35.4779 -31.9356 33.1175
    endloop
  endfacet
  facet normal 0.0978989 -0.861865 -0.497598
    outer loop
      vertex -35.4779 -25.9356 22.7252
      vertex -35.7384 -31.9578 33.1047
      vertex -35.7384 -25.9578 22.7124
    endloop
  endfacet
  facet normal 0.849273 -0.457222 -0.263977
    outer loop
      vertex -32.5359 -30.2332 34.1004
      vertex -32.6741 -24.4257 23.5969
      vertex -32.5359 -24.2332 23.7081
    endloop
  endfacet
  facet normal 0.849273 -0.457222 -0.263977
    outer loop
      vertex -32.6741 -24.4257 23.5969
      vertex -32.5359 -30.2332 34.1004
      vertex -32.6741 -30.4257 33.9892
    endloop
  endfacet
  facet normal 0.986599 -0.141304 -0.0815819
    outer loop
      vertex -32.0342 -28.9533 34.8393
      vertex -32.0769 -23.1769 24.3179
      vertex -32.0342 -22.9533 24.447
    endloop
  endfacet
  facet normal 0.986599 -0.141304 -0.0815819
    outer loop
      vertex -32.0769 -23.1769 24.3179
      vertex -32.0342 -28.9533 34.8393
      vertex -32.0769 -29.1769 34.7102
    endloop
  endfacet
  facet normal -0.995207 -0.0846904 -0.048896
    outer loop
      vertex -39.9658 -22.9533 24.447
      vertex -39.9914 -28.7277 34.9696
      vertex -39.9914 -22.7277 24.5773
    endloop
  endfacet
  facet normal -0.995207 -0.0846904 -0.048896
    outer loop
      vertex -39.9914 -28.7277 34.9696
      vertex -39.9658 -22.9533 24.447
      vertex -39.9658 -28.9533 34.8393
    endloop
  endfacet
  facet normal 0.99946 0.0284504 0.0164258
    outer loop
      vertex -32.0086 13.7277 59.4812
      vertex -32 19.5011 48.9581
      vertex -32.0086 19.7277 49.0889
    endloop
  endfacet
  facet normal 0.99946 0.0284504 0.0164258
    outer loop
      vertex -32 19.5011 48.9581
      vertex -32.0086 13.7277 59.4812
      vertex -32 13.5011 59.3504
    endloop
  endfacet
  facet normal -0.99946 0.0284504 0.0164258
    outer loop
      vertex -40 19.5011 48.9581
      vertex -39.9914 13.7277 59.4812
      vertex -39.9914 19.7277 49.0889
    endloop
  endfacet
  facet normal -0.99946 0.0284504 0.0164258
    outer loop
      vertex -39.9914 13.7277 59.4812
      vertex -40 19.5011 48.9581
      vertex -40 13.5011 59.3504
    endloop
  endfacet
  facet normal 0.0326988 0.865562 0.499733
    outer loop
      vertex -35.7384 16.9578 61.3461
      vertex -36 22.9652 50.9581
      vertex -36 16.9652 61.3504
    endloop
  endfacet
  facet normal 0.0326988 0.865562 0.499733
    outer loop
      vertex -36 22.9652 50.9581
      vertex -35.7384 16.9578 61.3461
      vertex -35.7384 22.9578 50.9538
    endloop
  endfacet
  facet normal 0.0326988 -0.865562 -0.499733
    outer loop
      vertex -36 10.037 57.3504
      vertex -35.7384 16.0444 46.9624
      vertex -35.7384 10.0444 57.3547
    endloop
  endfacet
  facet normal 0.0326988 -0.865562 -0.499733
    outer loop
      vertex -35.7384 16.0444 46.9624
      vertex -36 10.037 57.3504
      vertex -36 16.037 46.9581
    endloop
  endfacet
  facet normal 0.683781 0.631927 0.364844
    outer loop
      vertex -33.3626 16.1056 60.8541
      vertex -33.1716 21.9506 50.3723
      vertex -33.3626 22.1056 50.4618
    endloop
  endfacet
  facet normal 0.683781 0.631927 0.364844
    outer loop
      vertex -33.1716 21.9506 50.3723
      vertex -33.3626 16.1056 60.8541
      vertex -33.1716 15.9506 60.7646
    endloop
  endfacet
  facet normal -0.683781 0.631927 0.364844
    outer loop
      vertex -38.8284 21.9506 50.3723
      vertex -38.6374 16.1056 60.8541
      vertex -38.6374 22.1056 50.4618
    endloop
  endfacet
  facet normal -0.683781 0.631927 0.364844
    outer loop
      vertex -38.6374 16.1056 60.8541
      vertex -38.8284 21.9506 50.3723
      vertex -38.8284 15.9506 60.7646
    endloop
  endfacet
  facet normal -0.35249 0.81044 0.467908
    outer loop
      vertex -37.2858 22.7814 50.8519
      vertex -37.5307 16.7015 61.1981
      vertex -37.2858 16.7814 61.2442
    endloop
  endfacet
  facet normal -0.35249 0.81044 0.467908
    outer loop
      vertex -37.5307 16.7015 61.1981
      vertex -37.2858 22.7814 50.8519
      vertex -37.5307 22.7015 50.8058
    endloop
  endfacet
  facet normal 0.910888 0.357369 0.206327
    outer loop
      vertex -32.4125 15.0332 60.235
      vertex -32.3045 20.8268 49.7234
      vertex -32.4125 21.0332 49.8427
    endloop
  endfacet
  facet normal 0.910888 0.357369 0.206327
    outer loop
      vertex -32.3045 20.8268 49.7234
      vertex -32.4125 15.0332 60.235
      vertex -32.3045 14.8268 60.1157
    endloop
  endfacet
  facet normal 0.412423 0.788942 0.455496
    outer loop
      vertex -34.2308 16.608 61.1441
      vertex -34.4693 22.7015 50.8058
      vertex -34.4693 16.7015 61.1981
    endloop
  endfacet
  facet normal 0.412423 0.788942 0.455496
    outer loop
      vertex -34.4693 22.7015 50.8058
      vertex -34.2308 16.608 61.1441
      vertex -34.2308 22.608 50.7518
    endloop
  endfacet
  facet normal 0.582469 0.703951 0.406426
    outer loop
      vertex -33.565 16.2494 60.9371
      vertex -33.7777 22.3814 50.621
      vertex -33.7777 16.3814 61.0133
    endloop
  endfacet
  facet normal 0.582469 0.703951 0.406426
    outer loop
      vertex -33.7777 22.3814 50.621
      vertex -33.565 16.2494 60.9371
      vertex -33.565 22.2494 50.5448
    endloop
  endfacet
  facet normal -0.910888 0.357369 0.206327
    outer loop
      vertex -39.6955 20.8268 49.7234
      vertex -39.5875 15.0332 60.235
      vertex -39.5875 21.0332 49.8427
    endloop
  endfacet
  facet normal -0.910888 0.357369 0.206327
    outer loop
      vertex -39.5875 15.0332 60.235
      vertex -39.6955 20.8268 49.7234
      vertex -39.6955 14.8268 60.1157
    endloop
  endfacet
  facet normal -0.16275 0.854479 0.493334
    outer loop
      vertex -36.5221 22.9356 50.941
      vertex -36.7804 16.8987 61.312
      vertex -36.5221 16.9356 61.3333
    endloop
  endfacet
  facet normal -0.162936 0.854454 0.493315
    outer loop
      vertex -36.7804 16.8987 61.312
      vertex -36.5221 22.9356 50.941
      vertex -36.7804 22.8987 50.9196
    endloop
  endfacet
  facet normal 0.956909 -0.251484 -0.145194
    outer loop
      vertex -32.1363 12.6045 58.8327
      vertex -32.2123 18.3876 48.3152
      vertex -32.1363 18.6045 48.4404
    endloop
  endfacet
  facet normal 0.956909 -0.251484 -0.145194
    outer loop
      vertex -32.2123 18.3876 48.3152
      vertex -32.1363 12.6045 58.8327
      vertex -32.2123 12.3876 58.7075
    endloop
  endfacet
  facet normal 0.97391 0.196533 0.113468
    outer loop
      vertex -32.1363 14.3977 59.868
      vertex -32.0769 20.1769 49.3483
      vertex -32.1363 20.3977 49.4757
    endloop
  endfacet
  facet normal 0.97391 0.196533 0.113468
    outer loop
      vertex -32.0769 20.1769 49.3483
      vertex -32.1363 14.3977 59.868
      vertex -32.0769 14.1769 59.7406
    endloop
  endfacet
  facet normal 0.995205 0.0847065 0.0489053
    outer loop
      vertex -32.0342 13.9533 59.6114
      vertex -32.0086 19.7277 49.0889
      vertex -32.0342 19.9533 49.2191
    endloop
  endfacet
  facet normal 0.995205 0.0847065 0.0489053
    outer loop
      vertex -32.0086 19.7277 49.0889
      vertex -32.0342 13.9533 59.6114
      vertex -32.0086 13.7277 59.4812
    endloop
  endfacet
  facet normal 0.812728 0.504584 0.291322
    outer loop
      vertex -32.8266 15.6099 60.5679
      vertex -32.6741 21.4257 50.0692
      vertex -32.8266 21.6099 50.1756
    endloop
  endfacet
  facet normal 0.812728 0.504584 0.291322
    outer loop
      vertex -32.6741 21.4257 50.0692
      vertex -32.8266 15.6099 60.5679
      vertex -32.6741 15.4257 60.4615
    endloop
  endfacet
  facet normal 0.881955 0.408187 0.235667
    outer loop
      vertex -32.5359 15.2332 60.3504
      vertex -32.4125 21.0332 49.8427
      vertex -32.5359 21.2332 49.9581
    endloop
  endfacet
  facet normal 0.881955 0.408187 0.235667
    outer loop
      vertex -32.4125 21.0332 49.8427
      vertex -32.5359 15.2332 60.3504
      vertex -32.4125 15.0332 60.235
    endloop
  endfacet
  facet normal 0.227315 0.843356 0.486907
    outer loop
      vertex -34.9647 16.8472 61.2822
      vertex -35.2196 22.8987 50.9196
      vertex -35.2196 16.8987 61.312
    endloop
  endfacet
  facet normal 0.227134 0.84339 0.486932
    outer loop
      vertex -35.2196 22.8987 50.9196
      vertex -34.9647 16.8472 61.2822
      vertex -34.9647 22.8472 50.8899
    endloop
  endfacet
  facet normal 0.16275 0.854479 0.493334
    outer loop
      vertex -35.2196 16.8987 61.312
      vertex -35.4779 22.9356 50.941
      vertex -35.4779 16.9356 61.3333
    endloop
  endfacet
  facet normal 0.162936 0.854454 0.493315
    outer loop
      vertex -35.4779 22.9356 50.941
      vertex -35.2196 16.8987 61.312
      vertex -35.2196 22.8987 50.9196
    endloop
  endfacet
  facet normal 0.634231 0.669562 0.386572
    outer loop
      vertex -33.3626 16.1056 60.8541
      vertex -33.565 22.2494 50.5448
      vertex -33.565 16.2494 60.9371
    endloop
  endfacet
  facet normal 0.634231 0.669562 0.386572
    outer loop
      vertex -33.565 22.2494 50.5448
      vertex -33.3626 16.1056 60.8541
      vertex -33.3626 22.1056 50.4618
    endloop
  endfacet
  facet normal -0.97391 0.196533 0.113468
    outer loop
      vertex -39.9231 20.1769 49.3483
      vertex -39.8637 14.3977 59.868
      vertex -39.8637 20.3977 49.4757
    endloop
  endfacet
  facet normal -0.97391 0.196533 0.113468
    outer loop
      vertex -39.8637 14.3977 59.868
      vertex -39.9231 20.1769 49.3483
      vertex -39.9231 14.1769 59.7406
    endloop
  endfacet
  facet normal -0.812728 0.504584 0.291322
    outer loop
      vertex -39.3259 21.4257 50.0692
      vertex -39.1734 15.6099 60.5679
      vertex -39.1734 21.6099 50.1756
    endloop
  endfacet
  facet normal -0.812728 0.504584 0.291322
    outer loop
      vertex -39.1734 15.6099 60.5679
      vertex -39.3259 21.4257 50.0692
      vertex -39.3259 15.4257 60.4615
    endloop
  endfacet
  facet normal -0.849219 0.457296 0.26402
    outer loop
      vertex -39.4641 21.2332 49.9581
      vertex -39.3259 15.4257 60.4615
      vertex -39.3259 21.4257 50.0692
    endloop
  endfacet
  facet normal -0.849219 0.457296 0.26402
    outer loop
      vertex -39.3259 15.4257 60.4615
      vertex -39.4641 21.2332 49.9581
      vertex -39.4641 15.2332 60.3504
    endloop
  endfacet
  facet normal -0.986604 0.141277 0.0815665
    outer loop
      vertex -39.9658 19.9533 49.2191
      vertex -39.9231 14.1769 59.7406
      vertex -39.9231 20.1769 49.3483
    endloop
  endfacet
  facet normal -0.986604 0.141277 0.0815665
    outer loop
      vertex -39.9231 14.1769 59.7406
      vertex -39.9658 19.9533 49.2191
      vertex -39.9658 13.9533 59.6114
    endloop
  endfacet
  facet normal -0.528008 0.735463 0.42462
    outer loop
      vertex -38 22.5011 50.6901
      vertex -38.2223 16.3814 61.0133
      vertex -38 16.5011 61.0824
    endloop
  endfacet
  facet normal -0.528008 0.735463 0.42462
    outer loop
      vertex -38.2223 16.3814 61.0133
      vertex -38 22.5011 50.6901
      vertex -38.2223 22.3814 50.621
    endloop
  endfacet
  facet normal -0.582469 0.703951 0.406426
    outer loop
      vertex -38.2223 22.3814 50.621
      vertex -38.435 16.2494 60.9371
      vertex -38.2223 16.3814 61.0133
    endloop
  endfacet
  facet normal -0.582469 0.703951 0.406426
    outer loop
      vertex -38.435 16.2494 60.9371
      vertex -38.2223 22.3814 50.621
      vertex -38.435 22.2494 50.5448
    endloop
  endfacet
  facet normal -0.227315 0.843356 0.486907
    outer loop
      vertex -36.7804 22.8987 50.9196
      vertex -37.0353 16.8472 61.2822
      vertex -36.7804 16.8987 61.312
    endloop
  endfacet
  facet normal -0.227134 0.84339 0.486932
    outer loop
      vertex -37.0353 16.8472 61.2822
      vertex -36.7804 22.8987 50.9196
      vertex -37.0353 22.8472 50.8899
    endloop
  endfacet
  facet normal -0.0978989 0.861865 0.497598
    outer loop
      vertex -36.2616 22.9578 50.9538
      vertex -36.5221 16.9356 61.3333
      vertex -36.2616 16.9578 61.3461
    endloop
  endfacet
  facet normal -0.0978989 0.861865 0.497598
    outer loop
      vertex -36.5221 16.9356 61.3333
      vertex -36.2616 22.9578 50.9538
      vertex -36.5221 22.9356 50.941
    endloop
  endfacet
  facet normal 0.995207 -0.0846904 -0.048896
    outer loop
      vertex -32.0086 13.2746 59.2196
      vertex -32.0342 19.049 48.697
      vertex -32.0086 19.2746 48.8273
    endloop
  endfacet
  facet normal 0.995207 -0.0846904 -0.048896
    outer loop
      vertex -32.0342 19.049 48.697
      vertex -32.0086 13.2746 59.2196
      vertex -32.0342 13.049 59.0893
    endloop
  endfacet
  facet normal 0.729794 -0.592073 -0.341834
    outer loop
      vertex -32.9926 11.2171 58.0317
      vertex -33.1716 17.0516 47.5439
      vertex -32.9926 17.2171 47.6394
    endloop
  endfacet
  facet normal 0.729794 -0.592073 -0.341834
    outer loop
      vertex -33.1716 17.0516 47.5439
      vertex -32.9926 11.2171 58.0317
      vertex -33.1716 11.0516 57.9362
    endloop
  endfacet
  facet normal -0.910911 -0.357324 -0.206301
    outer loop
      vertex -39.5875 17.969 48.0735
      vertex -39.6955 12.1755 58.585
      vertex -39.6955 18.1755 48.1927
    endloop
  endfacet
  facet normal -0.910911 -0.357324 -0.206301
    outer loop
      vertex -39.6955 12.1755 58.585
      vertex -39.5875 17.969 48.0735
      vertex -39.5875 11.969 58.4658
    endloop
  endfacet
  facet normal 0.0978989 -0.861862 -0.497605
    outer loop
      vertex -35.7384 10.0444 57.3547
      vertex -35.4779 16.0667 46.9752
      vertex -35.4779 10.0666 57.3675
    endloop
  endfacet
  facet normal 0.0982266 -0.861837 -0.497582
    outer loop
      vertex -35.4779 16.0667 46.9752
      vertex -35.7384 10.0444 57.3547
      vertex -35.7384 16.0444 46.9624
    endloop
  endfacet
  facet normal 0.986604 0.141277 0.0815665
    outer loop
      vertex -32.0769 14.1769 59.7406
      vertex -32.0342 19.9533 49.2191
      vertex -32.0769 20.1769 49.3483
    endloop
  endfacet
  facet normal 0.986604 0.141277 0.0815665
    outer loop
      vertex -32.0342 19.9533 49.2191
      vertex -32.0769 14.1769 59.7406
      vertex -32.0342 13.9533 59.6114
    endloop
  endfacet
  facet normal 0.935906 0.305056 0.176124
    outer loop
      vertex -32.3045 14.8268 60.1157
      vertex -32.2123 20.6146 49.601
      vertex -32.3045 20.8268 49.7234
    endloop
  endfacet
  facet normal 0.935906 0.305056 0.176124
    outer loop
      vertex -32.2123 20.6146 49.601
      vertex -32.3045 14.8268 60.1157
      vertex -32.2123 14.6146 59.9933
    endloop
  endfacet
  facet normal 0.956925 0.251438 0.145168
    outer loop
      vertex -32.2123 14.6146 59.9933
      vertex -32.1363 20.3977 49.4757
      vertex -32.2123 20.6146 49.601
    endloop
  endfacet
  facet normal 0.956925 0.251438 0.145168
    outer loop
      vertex -32.1363 20.3977 49.4757
      vertex -32.2123 14.6146 59.9933
      vertex -32.1363 14.3977 59.868
    endloop
  endfacet
  facet normal 0.77323 0.549169 0.317063
    outer loop
      vertex -32.9926 15.7852 60.6691
      vertex -32.8266 21.6099 50.1756
      vertex -32.9926 21.7852 50.2768
    endloop
  endfacet
  facet normal 0.77323 0.549169 0.317063
    outer loop
      vertex -32.8266 21.6099 50.1756
      vertex -32.9926 15.7852 60.6691
      vertex -32.8266 15.6099 60.5679
    endloop
  endfacet
  facet normal 0.72964 0.592216 0.341916
    outer loop
      vertex -33.1716 15.9506 60.7646
      vertex -32.9926 21.7852 50.2768
      vertex -33.1716 21.9506 50.3723
    endloop
  endfacet
  facet normal 0.72964 0.592216 0.341916
    outer loop
      vertex -32.9926 21.7852 50.2768
      vertex -33.1716 15.9506 60.7646
      vertex -32.9926 15.7852 60.6691
    endloop
  endfacet
  facet normal 0.849219 0.457296 0.26402
    outer loop
      vertex -32.6741 15.4257 60.4615
      vertex -32.5359 21.2332 49.9581
      vertex -32.6741 21.4257 50.0692
    endloop
  endfacet
  facet normal 0.849219 0.457296 0.26402
    outer loop
      vertex -32.5359 21.2332 49.9581
      vertex -32.6741 15.4257 60.4615
      vertex -32.5359 15.2332 60.3504
    endloop
  endfacet
  facet normal 0.290271 0.828738 0.478472
    outer loop
      vertex -34.7142 16.7814 61.2442
      vertex -34.9647 22.8472 50.8899
      vertex -34.9647 16.8472 61.2822
    endloop
  endfacet
  facet normal 0.290271 0.828738 0.478472
    outer loop
      vertex -34.9647 22.8472 50.8899
      vertex -34.7142 16.7814 61.2442
      vertex -34.7142 22.7814 50.8519
    endloop
  endfacet
  facet normal 0.35249 0.81044 0.467908
    outer loop
      vertex -34.4693 16.7015 61.1981
      vertex -34.7142 22.7814 50.8519
      vertex -34.7142 16.7814 61.2442
    endloop
  endfacet
  facet normal 0.35249 0.81044 0.467908
    outer loop
      vertex -34.7142 22.7814 50.8519
      vertex -34.4693 16.7015 61.1981
      vertex -34.4693 22.7015 50.8058
    endloop
  endfacet
  facet normal 0.0978989 0.861865 0.497598
    outer loop
      vertex -35.4779 16.9356 61.3333
      vertex -35.7384 22.9578 50.9538
      vertex -35.7384 16.9578 61.3461
    endloop
  endfacet
  facet normal 0.0978989 0.861865 0.497598
    outer loop
      vertex -35.7384 22.9578 50.9538
      vertex -35.4779 16.9356 61.3333
      vertex -35.4779 22.9356 50.941
    endloop
  endfacet
  facet normal 0.528008 0.735463 0.42462
    outer loop
      vertex -33.7777 16.3814 61.0133
      vertex -34 22.5011 50.6901
      vertex -34 16.5011 61.0824
    endloop
  endfacet
  facet normal 0.528008 0.735463 0.42462
    outer loop
      vertex -34 22.5011 50.6901
      vertex -33.7777 16.3814 61.0133
      vertex -33.7777 22.3814 50.621
    endloop
  endfacet
  facet normal 0.471584 0.76368 0.440911
    outer loop
      vertex -34 16.5011 61.0824
      vertex -34.2308 22.608 50.7518
      vertex -34.2308 16.608 61.1441
    endloop
  endfacet
  facet normal 0.471584 0.76368 0.440911
    outer loop
      vertex -34.2308 22.608 50.7518
      vertex -34 16.5011 61.0824
      vertex -34 22.5011 50.6901
    endloop
  endfacet
  facet normal -0.77323 0.549169 0.317063
    outer loop
      vertex -39.1734 21.6099 50.1756
      vertex -39.0074 15.7852 60.6691
      vertex -39.0074 21.7852 50.2768
    endloop
  endfacet
  facet normal -0.77323 0.549169 0.317063
    outer loop
      vertex -39.0074 15.7852 60.6691
      vertex -39.1734 21.6099 50.1756
      vertex -39.1734 15.6099 60.5679
    endloop
  endfacet
  facet normal -0.72964 0.592216 0.341916
    outer loop
      vertex -39.0074 21.7852 50.2768
      vertex -38.8284 15.9506 60.7646
      vertex -38.8284 21.9506 50.3723
    endloop
  endfacet
  facet normal -0.72964 0.592216 0.341916
    outer loop
      vertex -38.8284 15.9506 60.7646
      vertex -39.0074 21.7852 50.2768
      vertex -39.0074 15.7852 60.6691
    endloop
  endfacet
  facet normal -0.881955 0.408187 0.235667
    outer loop
      vertex -39.5875 21.0332 49.8427
      vertex -39.4641 15.2332 60.3504
      vertex -39.4641 21.2332 49.9581
    endloop
  endfacet
  facet normal -0.881955 0.408187 0.235667
    outer loop
      vertex -39.4641 15.2332 60.3504
      vertex -39.5875 21.0332 49.8427
      vertex -39.5875 15.0332 60.235
    endloop
  endfacet
  facet normal -0.956925 0.251438 0.145168
    outer loop
      vertex -39.8637 20.3977 49.4757
      vertex -39.7877 14.6146 59.9933
      vertex -39.7877 20.6146 49.601
    endloop
  endfacet
  facet normal -0.956925 0.251438 0.145168
    outer loop
      vertex -39.7877 14.6146 59.9933
      vertex -39.8637 20.3977 49.4757
      vertex -39.8637 14.3977 59.868
    endloop
  endfacet
  facet normal -0.935906 0.305056 0.176124
    outer loop
      vertex -39.7877 20.6146 49.601
      vertex -39.6955 14.8268 60.1157
      vertex -39.6955 20.8268 49.7234
    endloop
  endfacet
  facet normal -0.935906 0.305056 0.176124
    outer loop
      vertex -39.6955 14.8268 60.1157
      vertex -39.7877 20.6146 49.601
      vertex -39.7877 14.6146 59.9933
    endloop
  endfacet
  facet normal -0.995205 0.0847065 0.0489053
    outer loop
      vertex -39.9914 19.7277 49.0889
      vertex -39.9658 13.9533 59.6114
      vertex -39.9658 19.9533 49.2191
    endloop
  endfacet
  facet normal -0.995205 0.0847065 0.0489053
    outer loop
      vertex -39.9658 13.9533 59.6114
      vertex -39.9914 19.7277 49.0889
      vertex -39.9914 13.7277 59.4812
    endloop
  endfacet
  facet normal 0 -0.499921 0.866071
    outer loop
      vertex -34.9 13.5011 59.3504
      vertex -32 13.5011 59.3504
      vertex -32.0086 13.7277 59.4812
    endloop
  endfacet
  facet normal 6.56456e-06 -0.499855 0.866109
    outer loop
      vertex -34.9024 13.5634 59.3864
      vertex -32.0086 13.7277 59.4812
      vertex -32.0342 13.9533 59.6114
    endloop
  endfacet
  facet normal 0 -0.500086 0.865975
    outer loop
      vertex -32 13.5011 59.3504
      vertex -34.9 13.5011 59.3504
      vertex -32.0086 13.2746 59.2196
    endloop
  endfacet
  facet normal 6.14766e-05 -0.500295 0.865855
    outer loop
      vertex -34.9094 13.6255 59.4222
      vertex -32.0342 13.9533 59.6114
      vertex -32.0769 14.1769 59.7406
    endloop
  endfacet
  facet normal -2.47276e-05 -0.500323 0.865839
    outer loop
      vertex -34.9024 13.4388 59.3144
      vertex -32.0086 13.2746 59.2196
      vertex -34.9 13.5011 59.3504
    endloop
  endfacet
  facet normal -7.15378e-05 -0.499782 0.866151
    outer loop
      vertex -34.9094 13.6255 59.4222
      vertex -32.0769 14.1769 59.7406
      vertex -32.1363 14.3977 59.868
    endloop
  endfacet
  facet normal -1.10443e-05 -0.500142 0.865943
    outer loop
      vertex -32.0086 13.2746 59.2196
      vertex -34.9024 13.4388 59.3144
      vertex -32.0342 13.049 59.0893
    endloop
  endfacet
  facet normal 7.45327e-05 -0.500198 0.865911
    outer loop
      vertex -34.9211 13.687 59.4577
      vertex -32.1363 14.3977 59.868
      vertex -32.2123 14.6146 59.9933
    endloop
  endfacet
  facet normal 6.52292e-06 -0.500045 0.865999
    outer loop
      vertex -34.9094 13.3768 59.2786
      vertex -32.0342 13.049 59.0893
      vertex -34.9024 13.4388 59.3144
    endloop
  endfacet
  facet normal -0.000156285 -0.499703 0.866197
    outer loop
      vertex -34.9375 13.7477 59.4927
      vertex -32.2123 14.6146 59.9933
      vertex -32.3045 14.8268 60.1157
    endloop
  endfacet
  facet normal 3.61506e-05 -0.499851 0.866112
    outer loop
      vertex -32.0342 13.049 59.0893
      vertex -34.9094 13.3768 59.2786
      vertex -32.0769 12.8253 58.9602
    endloop
  endfacet
  facet normal 0.000210511 -0.500342 0.865828
    outer loop
      vertex -34.9584 13.8073 59.5272
      vertex -32.3045 14.8268 60.1157
      vertex -32.4125 15.0332 60.235
    endloop
  endfacet
  facet normal -1.78021e-05 -0.500058 0.865992
    outer loop
      vertex -32.0769 12.8253 58.9602
      vertex -34.9094 13.3768 59.2786
      vertex -32.1363 12.6045 58.8327
    endloop
  endfacet
  facet normal -0.000119521 -0.499828 0.866125
    outer loop
      vertex -34.9584 13.8073 59.5272
      vertex -32.4125 15.0332 60.235
      vertex -32.5359 15.2332 60.3504
    endloop
  endfacet
  facet normal 2.99007e-05 -0.49993 0.866066
    outer loop
      vertex -34.9211 13.3153 59.2431
      vertex -32.1363 12.6045 58.8327
      vertex -34.9094 13.3768 59.2786
    endloop
  endfacet
  facet normal -6.49375e-05 -0.4999 0.866083
    outer loop
      vertex -34.9837 13.8657 59.5609
      vertex -32.5359 15.2332 60.3504
      vertex -32.6741 15.4257 60.4615
    endloop
  endfacet
  facet normal 3.10605e-05 -0.499926 0.866068
    outer loop
      vertex -32.1363 12.6045 58.8327
      vertex -34.9211 13.3153 59.2431
      vertex -32.2123 12.3876 58.7075
    endloop
  endfacet
  facet normal 9.61534e-05 -0.500124 0.865954
    outer loop
      vertex -35.0134 13.9225 59.5936
      vertex -32.6741 15.4257 60.4615
      vertex -32.8266 15.6099 60.5679
    endloop
  endfacet
  facet normal -0.000247466 -0.500536 0.865715
    outer loop
      vertex -34.9375 13.2546 59.208
      vertex -32.2123 12.3876 58.7075
      vertex -34.9211 13.3153 59.2431
    endloop
  endfacet
  facet normal -1.47553e-05 -0.499975 0.86604
    outer loop
      vertex -35.0474 13.9774 59.6254
      vertex -32.8266 15.6099 60.5679
      vertex -32.9926 15.7852 60.6691
    endloop
  endfacet
  facet normal -6.77156e-05 -0.500113 0.86596
    outer loop
      vertex -32.2123 12.3876 58.7075
      vertex -34.9375 13.2546 59.208
      vertex -32.3045 12.1755 58.585
    endloop
  endfacet
  facet normal 1.57395e-07 -0.500024 0.866011
    outer loop
      vertex -35.0854 14.0304 59.6559
      vertex -32.9926 15.7852 60.6691
      vertex -33.1716 15.9506 60.7646
    endloop
  endfacet
  facet normal 0.000347344 -0.499353 0.866399
    outer loop
      vertex -34.9584 13.1949 59.1736
      vertex -32.3045 12.1755 58.585
      vertex -34.9375 13.2546 59.208
    endloop
  endfacet
  facet normal 2.91196e-05 -0.500018 0.866015
    outer loop
      vertex -35.1273 14.081 59.6852
      vertex -33.1716 15.9506 60.7646
      vertex -33.3626 16.1056 60.8541
    endloop
  endfacet
  facet normal 4.39789e-05 -0.499945 0.866057
    outer loop
      vertex -32.3045 12.1755 58.585
      vertex -34.9584 13.1949 59.1736
      vertex -32.4125 11.969 58.4658
    endloop
  endfacet
  facet normal -6.42362e-05 -0.499964 0.866046
    outer loop
      vertex -35.173 14.1292 59.713
      vertex -33.3626 16.1056 60.8541
      vertex -33.565 16.2494 60.9371
    endloop
  endfacet
  facet normal 2.67079e-05 -0.499972 0.866041
    outer loop
      vertex -32.4125 11.969 58.4658
      vertex -34.9584 13.1949 59.1736
      vertex -32.5359 11.7691 58.3504
    endloop
  endfacet
  facet normal -2.29093e-05 -0.499977 0.866038
    outer loop
      vertex -35.2222 14.1747 59.7393
      vertex -33.565 16.2494 60.9371
      vertex -33.7777 16.3814 61.0133
    endloop
  endfacet
  facet normal -0.000277855 -0.50036 0.865817
    outer loop
      vertex -34.9837 13.1366 59.1399
      vertex -32.5359 11.7691 58.3504
      vertex -34.9584 13.1949 59.1736
    endloop
  endfacet
  facet normal -1.81925e-05 -0.499977 0.866038
    outer loop
      vertex -35.2747 14.2173 59.7639
      vertex -33.7777 16.3814 61.0133
      vertex -34 16.5011 61.0824
    endloop
  endfacet
  facet normal -0.000114442 -0.500141 0.865944
    outer loop
      vertex -32.5359 11.7691 58.3504
      vertex -34.9837 13.1366 59.1399
      vertex -32.6741 11.5766 58.2392
    endloop
  endfacet
  facet normal -5.66575e-05 -0.499978 0.866038
    outer loop
      vertex -35.3304 14.2569 59.7867
      vertex -34 16.5011 61.0824
      vertex -34.2308 16.608 61.1441
    endloop
  endfacet
  facet normal -4.01976e-05 -0.500059 0.865992
    outer loop
      vertex -35.0134 13.0798 59.1071
      vertex -32.6741 11.5766 58.2392
      vertex -34.9837 13.1366 59.1399
    endloop
  endfacet
  facet normal 6.01268e-05 -0.500008 0.866021
    outer loop
      vertex -35.45 14.3261 59.8267
      vertex -34.2308 16.608 61.1441
      vertex -34.4693 16.7015 61.1981
    endloop
  endfacet
  facet normal 0.000214858 -0.499761 0.866163
    outer loop
      vertex -32.6741 11.5766 58.2392
      vertex -35.0134 13.0798 59.1071
      vertex -32.8266 11.3923 58.1329
    endloop
  endfacet
  facet normal -8.68202e-05 -0.499953 0.866052
    outer loop
      vertex -35.5135 14.3555 59.8437
      vertex -34.4693 16.7015 61.1981
      vertex -34.7142 16.7814 61.2442
    endloop
  endfacet
  facet normal 0.000425463 -0.499556 0.866281
    outer loop
      vertex -35.0474 13.0248 59.0754
      vertex -32.8266 11.3923 58.1329
      vertex -35.0134 13.0798 59.1071
    endloop
  endfacet
  facet normal -0.000108889 -0.500101 0.865967
    outer loop
      vertex -32.8266 11.3923 58.1329
      vertex -35.0474 13.0248 59.0754
      vertex -32.9926 11.2171 58.0317
    endloop
  endfacet
  facet normal 4.19794e-05 -0.500323 0.865839
    outer loop
      vertex -32.0086 13.7277 59.4812
      vertex -34.9024 13.5634 59.3864
      vertex -34.9 13.5011 59.3504
    endloop
  endfacet
  facet normal -6.7451e-05 -0.499446 0.866345
    outer loop
      vertex -32.0342 13.9533 59.6114
      vertex -34.9094 13.6255 59.4222
      vertex -34.9024 13.5634 59.3864
    endloop
  endfacet
  facet normal -1.73618e-05 -0.499928 0.866067
    outer loop
      vertex -32.1363 14.3977 59.868
      vertex -34.9211 13.687 59.4577
      vertex -34.9094 13.6255 59.4222
    endloop
  endfacet
  facet normal -0.000216622 -0.49956 0.866279
    outer loop
      vertex -32.2123 14.6146 59.9933
      vertex -34.9375 13.7477 59.4927
      vertex -34.9211 13.687 59.4577
    endloop
  endfacet
  facet normal 0.000473322 -0.500855 0.865531
    outer loop
      vertex -32.3045 14.8268 60.1157
      vertex -34.9584 13.8073 59.5272
      vertex -34.9375 13.7477 59.4927
    endloop
  endfacet
  facet normal 3.75542e-05 -0.499995 0.866028
    outer loop
      vertex -35.579 14.3812 59.8585
      vertex -34.7142 16.7814 61.2442
      vertex -34.9647 16.8472 61.2822
    endloop
  endfacet
  facet normal -0.000107564 -0.499843 0.866116
    outer loop
      vertex -32.5359 15.2332 60.3504
      vertex -34.9837 13.8657 59.5609
      vertex -34.9584 13.8073 59.5272
    endloop
  endfacet
  facet normal -0.000693511 -0.499202 0.866485
    outer loop
      vertex -32.6741 15.4257 60.4615
      vertex -35.0134 13.9225 59.5936
      vertex -34.9837 13.8657 59.5609
    endloop
  endfacet
  facet normal 0.00083053 -0.500837 0.865541
    outer loop
      vertex -32.8266 15.6099 60.5679
      vertex -35.0474 13.9774 59.6254
      vertex -35.0134 13.9225 59.5936
    endloop
  endfacet
  facet normal -0.000869383 -0.499246 0.86646
    outer loop
      vertex -32.9926 15.7852 60.6691
      vertex -35.0854 14.0304 59.6559
      vertex -35.0474 13.9774 59.6254
    endloop
  endfacet
  facet normal 0.000789234 -0.500614 0.86567
    outer loop
      vertex -33.1716 15.9506 60.7646
      vertex -35.1273 14.081 59.6852
      vertex -35.0854 14.0304 59.6559
    endloop
  endfacet
  facet normal -0.000278496 -0.499817 0.866131
    outer loop
      vertex -33.3626 16.1056 60.8541
      vertex -35.173 14.1292 59.713
      vertex -35.1273 14.081 59.6852
    endloop
  endfacet
  facet normal 0.000216737 -0.500034 0.866006
    outer loop
      vertex -35.6464 14.4032 59.8712
      vertex -34.9647 16.8472 61.2822
      vertex -35.2196 16.8987 61.312
    endloop
  endfacet
  facet normal 0.000315723 -0.50018 0.865921
    outer loop
      vertex -33.565 16.2494 60.9371
      vertex -35.2222 14.1747 59.7393
      vertex -35.173 14.1292 59.713
    endloop
  endfacet
  facet normal 6.06351e-05 -0.500018 0.866015
    outer loop
      vertex -33.7777 16.3814 61.0133
      vertex -35.2747 14.2173 59.7639
      vertex -35.2222 14.1747 59.7393
    endloop
  endfacet
  facet normal -0.000692041 -0.499695 0.866201
    outer loop
      vertex -34 16.5011 61.0824
      vertex -35.3304 14.2569 59.7867
      vertex -35.2747 14.2173 59.7639
    endloop
  endfacet
  facet normal 0.000485434 -0.500168 0.865928
    outer loop
      vertex -34.2308 16.608 61.1441
      vertex -35.3889 14.2932 59.8077
      vertex -35.3304 14.2569 59.7867
    endloop
  endfacet
  facet normal 6.57947e-05 -0.500011 0.866019
    outer loop
      vertex -34.2308 16.608 61.1441
      vertex -35.45 14.3261 59.8267
      vertex -35.3889 14.2932 59.8077
    endloop
  endfacet
  facet normal -1.43514e-05 -0.500001 0.866025
    outer loop
      vertex -35.7854 14.4354 59.8898
      vertex -35.2196 16.8987 61.312
      vertex -35.4779 16.9356 61.3333
    endloop
  endfacet
  facet normal 0.000301913 -0.500083 0.865977
    outer loop
      vertex -34.4693 16.7015 61.1981
      vertex -35.5135 14.3555 59.8437
      vertex -35.45 14.3261 59.8267
    endloop
  endfacet
  facet normal -0.000432137 -0.499868 0.866102
    outer loop
      vertex -34.7142 16.7814 61.2442
      vertex -35.579 14.3812 59.8585
      vertex -35.5135 14.3555 59.8437
    endloop
  endfacet
  facet normal -1.54199e-05 -0.499985 0.866034
    outer loop
      vertex -34.9647 16.8472 61.2822
      vertex -35.6464 14.4032 59.8712
      vertex -35.579 14.3812 59.8585
    endloop
  endfacet
  facet normal -0.000603906 -0.499928 0.866067
    outer loop
      vertex -35.2196 16.8987 61.312
      vertex -35.7153 14.4213 59.8816
      vertex -35.6464 14.4032 59.8712
    endloop
  endfacet
  facet normal -5.63076e-05 -0.499993 0.866029
    outer loop
      vertex -35.8564 14.4456 59.8957
      vertex -35.4779 16.9356 61.3333
      vertex -35.7384 16.9578 61.3461
    endloop
  endfacet
  facet normal 0.000700029 -0.500124 0.865954
    outer loop
      vertex -35.2196 16.8987 61.312
      vertex -35.7854 14.4354 59.8898
      vertex -35.7153 14.4213 59.8816
    endloop
  endfacet
  facet normal 0.000131736 -0.500014 0.866017
    outer loop
      vertex -35.4779 16.9356 61.3333
      vertex -35.8564 14.4456 59.8957
      vertex -35.7854 14.4354 59.8898
    endloop
  endfacet
  facet normal -0.000262141 -0.499986 0.866034
    outer loop
      vertex -35.7384 16.9578 61.3461
      vertex -35.9281 14.4517 59.8992
      vertex -35.8564 14.4456 59.8957
    endloop
  endfacet
  facet normal 9.11762e-05 -0.500006 0.866022
    outer loop
      vertex -36 16.9652 61.3504
      vertex -35.9281 14.4517 59.8992
      vertex -35.7384 16.9578 61.3461
    endloop
  endfacet
  facet normal 0.000545773 -0.499996 0.866028
    outer loop
      vertex -36 16.9652 61.3504
      vertex -36 14.4537 59.9004
      vertex -35.9281 14.4517 59.8992
    endloop
  endfacet
  facet normal -0.000545773 -0.499996 0.866028
    outer loop
      vertex -36 16.9652 61.3504
      vertex -36.0719 14.4517 59.8992
      vertex -36 14.4537 59.9004
    endloop
  endfacet
  facet normal -9.11762e-05 -0.500006 0.866022
    outer loop
      vertex -36.2616 16.9578 61.3461
      vertex -36.0719 14.4517 59.8992
      vertex -36 16.9652 61.3504
    endloop
  endfacet
  facet normal 0.000262141 -0.499986 0.866034
    outer loop
      vertex -36.0719 14.4517 59.8992
      vertex -36.2616 16.9578 61.3461
      vertex -36.1436 14.4456 59.8957
    endloop
  endfacet
  facet normal 5.63076e-05 -0.499993 0.866029
    outer loop
      vertex -36.5221 16.9356 61.3333
      vertex -36.1436 14.4456 59.8957
      vertex -36.2616 16.9578 61.3461
    endloop
  endfacet
  facet normal -0.000131736 -0.500014 0.866017
    outer loop
      vertex -36.1436 14.4456 59.8957
      vertex -36.5221 16.9356 61.3333
      vertex -36.2146 14.4354 59.8898
    endloop
  endfacet
  facet normal 1.43514e-05 -0.500001 0.866025
    outer loop
      vertex -36.7804 16.8987 61.312
      vertex -36.2146 14.4354 59.8898
      vertex -36.5221 16.9356 61.3333
    endloop
  endfacet
  facet normal -0.000700029 -0.500124 0.865954
    outer loop
      vertex -36.2146 14.4354 59.8898
      vertex -36.7804 16.8987 61.312
      vertex -36.2847 14.4213 59.8816
    endloop
  endfacet
  facet normal 0.000603906 -0.499928 0.866067
    outer loop
      vertex -36.2847 14.4213 59.8816
      vertex -36.7804 16.8987 61.312
      vertex -36.3536 14.4032 59.8712
    endloop
  endfacet
  facet normal -0.000216737 -0.500034 0.866006
    outer loop
      vertex -37.0353 16.8472 61.2822
      vertex -36.3536 14.4032 59.8712
      vertex -36.7804 16.8987 61.312
    endloop
  endfacet
  facet normal 1.54199e-05 -0.499985 0.866034
    outer loop
      vertex -36.3536 14.4032 59.8712
      vertex -37.0353 16.8472 61.2822
      vertex -36.421 14.3812 59.8585
    endloop
  endfacet
  facet normal -3.75542e-05 -0.499995 0.866028
    outer loop
      vertex -37.2858 16.7814 61.2442
      vertex -36.421 14.3812 59.8585
      vertex -37.0353 16.8472 61.2822
    endloop
  endfacet
  facet normal 0.000432137 -0.499868 0.866102
    outer loop
      vertex -36.421 14.3812 59.8585
      vertex -37.2858 16.7814 61.2442
      vertex -36.4865 14.3555 59.8437
    endloop
  endfacet
  facet normal 8.68202e-05 -0.499953 0.866052
    outer loop
      vertex -37.5307 16.7015 61.1981
      vertex -36.4865 14.3555 59.8437
      vertex -37.2858 16.7814 61.2442
    endloop
  endfacet
  facet normal -0.000301913 -0.500083 0.865977
    outer loop
      vertex -36.4865 14.3555 59.8437
      vertex -37.5307 16.7015 61.1981
      vertex -36.55 14.3261 59.8267
    endloop
  endfacet
  facet normal -6.01268e-05 -0.500008 0.866021
    outer loop
      vertex -37.7692 16.608 61.1441
      vertex -36.55 14.3261 59.8267
      vertex -37.5307 16.7015 61.1981
    endloop
  endfacet
  facet normal -6.57947e-05 -0.500011 0.866019
    outer loop
      vertex -36.55 14.3261 59.8267
      vertex -37.7692 16.608 61.1441
      vertex -36.6111 14.2932 59.8077
    endloop
  endfacet
  facet normal -0.000485434 -0.500168 0.865928
    outer loop
      vertex -36.6111 14.2932 59.8077
      vertex -37.7692 16.608 61.1441
      vertex -36.6696 14.2569 59.7867
    endloop
  endfacet
  facet normal 5.66575e-05 -0.499978 0.866038
    outer loop
      vertex -38 16.5011 61.0824
      vertex -36.6696 14.2569 59.7867
      vertex -37.7692 16.608 61.1441
    endloop
  endfacet
  facet normal 0.000692041 -0.499695 0.866201
    outer loop
      vertex -36.6696 14.2569 59.7867
      vertex -38 16.5011 61.0824
      vertex -36.7253 14.2173 59.7639
    endloop
  endfacet
  facet normal 1.81925e-05 -0.499977 0.866038
    outer loop
      vertex -38.2223 16.3814 61.0133
      vertex -36.7253 14.2173 59.7639
      vertex -38 16.5011 61.0824
    endloop
  endfacet
  facet normal -6.06351e-05 -0.500018 0.866015
    outer loop
      vertex -36.7253 14.2173 59.7639
      vertex -38.2223 16.3814 61.0133
      vertex -36.7778 14.1747 59.7393
    endloop
  endfacet
  facet normal 2.29093e-05 -0.499977 0.866038
    outer loop
      vertex -38.435 16.2494 60.9371
      vertex -36.7778 14.1747 59.7393
      vertex -38.2223 16.3814 61.0133
    endloop
  endfacet
  facet normal -0.000315723 -0.50018 0.865921
    outer loop
      vertex -36.7778 14.1747 59.7393
      vertex -38.435 16.2494 60.9371
      vertex -36.827 14.1292 59.713
    endloop
  endfacet
  facet normal 6.42362e-05 -0.499964 0.866046
    outer loop
      vertex -38.6374 16.1056 60.8541
      vertex -36.827 14.1292 59.713
      vertex -38.435 16.2494 60.9371
    endloop
  endfacet
  facet normal 0.000278496 -0.499817 0.866131
    outer loop
      vertex -36.827 14.1292 59.713
      vertex -38.6374 16.1056 60.8541
      vertex -36.8727 14.081 59.6852
    endloop
  endfacet
  facet normal -2.91196e-05 -0.500018 0.866015
    outer loop
      vertex -38.8284 15.9506 60.7646
      vertex -36.8727 14.081 59.6852
      vertex -38.6374 16.1056 60.8541
    endloop
  endfacet
  facet normal -0.000789234 -0.500614 0.86567
    outer loop
      vertex -36.8727 14.081 59.6852
      vertex -38.8284 15.9506 60.7646
      vertex -36.9146 14.0304 59.6559
    endloop
  endfacet
  facet normal -1.57395e-07 -0.500024 0.866011
    outer loop
      vertex -39.0074 15.7852 60.6691
      vertex -36.9146 14.0304 59.6559
      vertex -38.8284 15.9506 60.7646
    endloop
  endfacet
  facet normal 0.000869383 -0.499246 0.86646
    outer loop
      vertex -36.9146 14.0304 59.6559
      vertex -39.0074 15.7852 60.6691
      vertex -36.9526 13.9774 59.6254
    endloop
  endfacet
  facet normal -0.000507042 -0.500441 0.865771
    outer loop
      vertex -35.0854 12.9719 59.0448
      vertex -32.9926 11.2171 58.0317
      vertex -35.0474 13.0248 59.0754
    endloop
  endfacet
  facet normal 0.000111004 -0.499888 0.86609
    outer loop
      vertex -32.9926 11.2171 58.0317
      vertex -35.0854 12.9719 59.0448
      vertex -33.1716 11.0516 57.9362
    endloop
  endfacet
  facet normal 0.000650437 -0.499485 0.866323
    outer loop
      vertex -35.1273 12.9212 59.0156
      vertex -33.1716 11.0516 57.9362
      vertex -35.0854 12.9719 59.0448
    endloop
  endfacet
  facet normal -0.000170742 -0.500129 0.865951
    outer loop
      vertex -33.1716 11.0516 57.9362
      vertex -35.1273 12.9212 59.0156
      vertex -33.3626 10.8967 57.8467
    endloop
  endfacet
  facet normal -0.000695076 -0.500472 0.865753
    outer loop
      vertex -35.173 12.873 58.9877
      vertex -33.3626 10.8967 57.8467
      vertex -35.1273 12.9212 59.0156
    endloop
  endfacet
  facet normal 5.62644e-05 -0.499956 0.866051
    outer loop
      vertex -33.3626 10.8967 57.8467
      vertex -35.173 12.873 58.9877
      vertex -33.565 10.7529 57.7637
    endloop
  endfacet
  facet normal 0.000709616 -0.499584 0.866265
    outer loop
      vertex -35.2222 12.8275 58.9615
      vertex -33.565 10.7529 57.7637
      vertex -35.173 12.873 58.9877
    endloop
  endfacet
  facet normal -8.21152e-05 -0.500058 0.865992
    outer loop
      vertex -33.565 10.7529 57.7637
      vertex -35.2222 12.8275 58.9615
      vertex -33.7777 10.6208 57.6874
    endloop
  endfacet
  facet normal -3.9837e-05 -0.500038 0.866004
    outer loop
      vertex -35.2747 12.7849 58.9369
      vertex -33.7777 10.6208 57.6874
      vertex -35.2222 12.8275 58.9615
    endloop
  endfacet
  facet normal 3.38923e-05 -0.499999 0.866026
    outer loop
      vertex -33.7777 10.6208 57.6874
      vertex -35.2747 12.7849 58.9369
      vertex -34 10.5011 57.6183
    endloop
  endfacet
  facet normal -0.000401854 -0.500182 0.86592
    outer loop
      vertex -35.3304 12.7453 58.914
      vertex -34 10.5011 57.6183
      vertex -35.2747 12.7849 58.9369
    endloop
  endfacet
  facet normal -0.000113332 -0.500053 0.865995
    outer loop
      vertex -34 10.5011 57.6183
      vertex -35.3304 12.7453 58.914
      vertex -34.2308 10.3943 57.5566
    endloop
  endfacet
  facet normal 0.000672231 -0.499778 0.866153
    outer loop
      vertex -35.3889 12.709 58.8931
      vertex -34.2308 10.3943 57.5566
      vertex -35.3304 12.7453 58.914
    endloop
  endfacet
  facet normal -4.07604e-05 -0.500045 0.865999
    outer loop
      vertex -35.45 12.6761 58.8741
      vertex -34.2308 10.3943 57.5566
      vertex -35.3889 12.709 58.8931
    endloop
  endfacet
  facet normal 0.000132604 -0.499976 0.866039
    outer loop
      vertex -34.2308 10.3943 57.5566
      vertex -35.45 12.6761 58.8741
      vertex -34.4693 10.3007 57.5026
    endloop
  endfacet
  facet normal -0.000287738 -0.500106 0.865964
    outer loop
      vertex -35.5135 12.6467 58.8571
      vertex -34.4693 10.3007 57.5026
      vertex -35.45 12.6761 58.8741
    endloop
  endfacet
  facet normal -8.0958e-05 -0.500037 0.866004
    outer loop
      vertex -34.4693 10.3007 57.5026
      vertex -35.5135 12.6467 58.8571
      vertex -34.7142 10.2209 57.4565
    endloop
  endfacet
  facet normal -0.000719053 -0.500195 0.865913
    outer loop
      vertex -35.579 12.621 58.8422
      vertex -34.7142 10.2209 57.4565
      vertex -35.5135 12.6467 58.8571
    endloop
  endfacet
  facet normal -3.25549e-05 -0.500009 0.86602
    outer loop
      vertex -34.7142 10.2209 57.4565
      vertex -35.579 12.621 58.8422
      vertex -34.9647 10.1551 57.4185
    endloop
  endfacet
  facet normal 0.00121 -0.499777 0.866153
    outer loop
      vertex -35.6464 12.599 58.8296
      vertex -34.9647 10.1551 57.4185
      vertex -35.579 12.621 58.8422
    endloop
  endfacet
  facet normal 0.000115574 -0.500006 0.866022
    outer loop
      vertex -34.9647 10.1551 57.4185
      vertex -35.6464 12.599 58.8296
      vertex -35.2196 10.1036 57.3888
    endloop
  endfacet
  facet normal -0.000593932 -0.500097 0.865969
    outer loop
      vertex -35.7153 12.5809 58.8191
      vertex -35.2196 10.1036 57.3888
      vertex -35.6464 12.599 58.8296
    endloop
  endfacet
  facet normal -0.00070289 -0.500113 0.86596
    outer loop
      vertex -35.7854 12.5668 58.8109
      vertex -35.2196 10.1036 57.3888
      vertex -35.7153 12.5809 58.8191
    endloop
  endfacet
  facet normal 0.000199704 -0.499958 0.86605
    outer loop
      vertex -35.2196 10.1036 57.3888
      vertex -35.7854 12.5668 58.8109
      vertex -35.4779 10.0666 57.3675
    endloop
  endfacet
  facet normal 0.00106204 -0.499878 0.866095
    outer loop
      vertex -35.8564 12.5566 58.8051
      vertex -35.4779 10.0666 57.3675
      vertex -35.7854 12.5668 58.8109
    endloop
  endfacet
  facet normal 5.63076e-05 -0.499993 0.866029
    outer loop
      vertex -35.4779 10.0666 57.3675
      vertex -35.8564 12.5566 58.8051
      vertex -35.7384 10.0444 57.3547
    endloop
  endfacet
  facet normal 0.000262141 -0.499986 0.866034
    outer loop
      vertex -35.9281 12.5505 58.8016
      vertex -35.7384 10.0444 57.3547
      vertex -35.8564 12.5566 58.8051
    endloop
  endfacet
  facet normal -0.000545773 -0.499996 0.866028
    outer loop
      vertex -36 10.037 57.3504
      vertex -35.9281 12.5505 58.8016
      vertex -36 12.5485 58.8004
    endloop
  endfacet
  facet normal -9.11762e-05 -0.500006 0.866022
    outer loop
      vertex -35.9281 12.5505 58.8016
      vertex -36 10.037 57.3504
      vertex -35.7384 10.0444 57.3547
    endloop
  endfacet
  facet normal 0.000545773 -0.499996 0.866028
    outer loop
      vertex -36.0719 12.5505 58.8016
      vertex -36 10.037 57.3504
      vertex -36 12.5485 58.8004
    endloop
  endfacet
  facet normal -0.000262141 -0.499986 0.866034
    outer loop
      vertex -36.2616 10.0444 57.3547
      vertex -36.0719 12.5505 58.8016
      vertex -36.1436 12.5566 58.8051
    endloop
  endfacet
  facet normal -0.00106204 -0.499878 0.866095
    outer loop
      vertex -36.5221 10.0666 57.3675
      vertex -36.1436 12.5566 58.8051
      vertex -36.2146 12.5668 58.8109
    endloop
  endfacet
  facet normal 9.11762e-05 -0.500006 0.866022
    outer loop
      vertex -36.0719 12.5505 58.8016
      vertex -36.2616 10.0444 57.3547
      vertex -36 10.037 57.3504
    endloop
  endfacet
  facet normal 0.00070289 -0.500113 0.86596
    outer loop
      vertex -36.7804 10.1036 57.3888
      vertex -36.2146 12.5668 58.8109
      vertex -36.2847 12.5809 58.8191
    endloop
  endfacet
  facet normal 0.000593932 -0.500097 0.865969
    outer loop
      vertex -36.7804 10.1036 57.3888
      vertex -36.2847 12.5809 58.8191
      vertex -36.3536 12.599 58.8296
    endloop
  endfacet
  facet normal -0.00121 -0.499777 0.866153
    outer loop
      vertex -37.0353 10.1551 57.4185
      vertex -36.3536 12.599 58.8296
      vertex -36.421 12.621 58.8422
    endloop
  endfacet
  facet normal 0.000719053 -0.500195 0.865913
    outer loop
      vertex -37.2858 10.2209 57.4565
      vertex -36.421 12.621 58.8422
      vertex -36.4865 12.6467 58.8571
    endloop
  endfacet
  facet normal -5.63076e-05 -0.499993 0.866029
    outer loop
      vertex -36.1436 12.5566 58.8051
      vertex -36.5221 10.0666 57.3675
      vertex -36.2616 10.0444 57.3547
    endloop
  endfacet
  facet normal 0.000287738 -0.500106 0.865964
    outer loop
      vertex -37.5307 10.3007 57.5026
      vertex -36.4865 12.6467 58.8571
      vertex -36.55 12.6761 58.8741
    endloop
  endfacet
  facet normal 4.07604e-05 -0.500045 0.865999
    outer loop
      vertex -37.7692 10.3943 57.5566
      vertex -36.55 12.6761 58.8741
      vertex -36.6111 12.709 58.8931
    endloop
  endfacet
  facet normal -0.000672231 -0.499778 0.866153
    outer loop
      vertex -37.7692 10.3943 57.5566
      vertex -36.6111 12.709 58.8931
      vertex -36.6696 12.7453 58.914
    endloop
  endfacet
  facet normal 0.000401854 -0.500182 0.86592
    outer loop
      vertex -38 10.5011 57.6183
      vertex -36.6696 12.7453 58.914
      vertex -36.7253 12.7849 58.9369
    endloop
  endfacet
  facet normal 3.9837e-05 -0.500038 0.866004
    outer loop
      vertex -38.2223 10.6208 57.6874
      vertex -36.7253 12.7849 58.9369
      vertex -36.7778 12.8275 58.9615
    endloop
  endfacet
  facet normal -0.000199704 -0.499958 0.86605
    outer loop
      vertex -36.2146 12.5668 58.8109
      vertex -36.7804 10.1036 57.3888
      vertex -36.5221 10.0666 57.3675
    endloop
  endfacet
  facet normal -0.000709616 -0.499584 0.866265
    outer loop
      vertex -38.435 10.7529 57.7637
      vertex -36.7778 12.8275 58.9615
      vertex -36.827 12.873 58.9877
    endloop
  endfacet
  facet normal 0.000695076 -0.500472 0.865753
    outer loop
      vertex -38.6374 10.8967 57.8467
      vertex -36.827 12.873 58.9877
      vertex -36.8727 12.9212 59.0156
    endloop
  endfacet
  facet normal -0.000650437 -0.499485 0.866323
    outer loop
      vertex -38.8284 11.0516 57.9362
      vertex -36.8727 12.9212 59.0156
      vertex -36.9146 12.9719 59.0448
    endloop
  endfacet
  facet normal 0.000507042 -0.500441 0.865771
    outer loop
      vertex -39.0074 11.2171 58.0317
      vertex -36.9146 12.9719 59.0448
      vertex -36.9526 13.0248 59.0754
    endloop
  endfacet
  facet normal -0.000425463 -0.499556 0.866281
    outer loop
      vertex -39.1734 11.3923 58.1329
      vertex -36.9526 13.0248 59.0754
      vertex -36.9866 13.0798 59.1071
    endloop
  endfacet
  facet normal 4.01976e-05 -0.500059 0.865992
    outer loop
      vertex -39.3259 11.5766 58.2392
      vertex -36.9866 13.0798 59.1071
      vertex -37.0163 13.1366 59.1399
    endloop
  endfacet
  facet normal -0.000115574 -0.500006 0.866022
    outer loop
      vertex -36.3536 12.599 58.8296
      vertex -37.0353 10.1551 57.4185
      vertex -36.7804 10.1036 57.3888
    endloop
  endfacet
  facet normal 0.000277855 -0.50036 0.865817
    outer loop
      vertex -39.4641 11.7691 58.3504
      vertex -37.0163 13.1366 59.1399
      vertex -37.0416 13.1949 59.1736
    endloop
  endfacet
  facet normal -0.000347344 -0.499353 0.866399
    outer loop
      vertex -39.6955 12.1755 58.585
      vertex -37.0416 13.1949 59.1736
      vertex -37.0625 13.2546 59.208
    endloop
  endfacet
  facet normal 0.000247466 -0.500536 0.865715
    outer loop
      vertex -39.7877 12.3876 58.7075
      vertex -37.0625 13.2546 59.208
      vertex -37.0789 13.3153 59.2431
    endloop
  endfacet
  facet normal -2.99007e-05 -0.49993 0.866066
    outer loop
      vertex -39.8637 12.6045 58.8327
      vertex -37.0789 13.3153 59.2431
      vertex -37.0906 13.3768 59.2786
    endloop
  endfacet
  facet normal -6.52292e-06 -0.500045 0.865999
    outer loop
      vertex -39.9658 13.049 59.0893
      vertex -37.0906 13.3768 59.2786
      vertex -37.0976 13.4388 59.3144
    endloop
  endfacet
  facet normal 2.47276e-05 -0.500323 0.865839
    outer loop
      vertex -39.9914 13.2746 59.2196
      vertex -37.0976 13.4388 59.3144
      vertex -37.1 13.5011 59.3504
    endloop
  endfacet
  facet normal 1.47553e-05 -0.499975 0.86604
    outer loop
      vertex -39.1734 15.6099 60.5679
      vertex -36.9526 13.9774 59.6254
      vertex -39.0074 15.7852 60.6691
    endloop
  endfacet
  facet normal 3.25549e-05 -0.500009 0.86602
    outer loop
      vertex -36.421 12.621 58.8422
      vertex -37.2858 10.2209 57.4565
      vertex -37.0353 10.1551 57.4185
    endloop
  endfacet
  facet normal -0.00083053 -0.500837 0.865541
    outer loop
      vertex -36.9526 13.9774 59.6254
      vertex -39.1734 15.6099 60.5679
      vertex -36.9866 13.9225 59.5936
    endloop
  endfacet
  facet normal 8.0958e-05 -0.500037 0.866004
    outer loop
      vertex -36.4865 12.6467 58.8571
      vertex -37.5307 10.3007 57.5026
      vertex -37.2858 10.2209 57.4565
    endloop
  endfacet
  facet normal -9.61534e-05 -0.500124 0.865954
    outer loop
      vertex -39.3259 15.4257 60.4615
      vertex -36.9866 13.9225 59.5936
      vertex -39.1734 15.6099 60.5679
    endloop
  endfacet
  facet normal -0.000132604 -0.499976 0.866039
    outer loop
      vertex -36.55 12.6761 58.8741
      vertex -37.7692 10.3943 57.5566
      vertex -37.5307 10.3007 57.5026
    endloop
  endfacet
  facet normal 0.000693511 -0.499202 0.866485
    outer loop
      vertex -36.9866 13.9225 59.5936
      vertex -39.3259 15.4257 60.4615
      vertex -37.0163 13.8657 59.5609
    endloop
  endfacet
  facet normal 0.000113332 -0.500053 0.865995
    outer loop
      vertex -36.6696 12.7453 58.914
      vertex -38 10.5011 57.6183
      vertex -37.7692 10.3943 57.5566
    endloop
  endfacet
  facet normal 6.49375e-05 -0.4999 0.866083
    outer loop
      vertex -39.4641 15.2332 60.3504
      vertex -37.0163 13.8657 59.5609
      vertex -39.3259 15.4257 60.4615
    endloop
  endfacet
  facet normal -3.38923e-05 -0.499999 0.866026
    outer loop
      vertex -36.7253 12.7849 58.9369
      vertex -38.2223 10.6208 57.6874
      vertex -38 10.5011 57.6183
    endloop
  endfacet
  facet normal 0.000107564 -0.499843 0.866116
    outer loop
      vertex -37.0163 13.8657 59.5609
      vertex -39.4641 15.2332 60.3504
      vertex -37.0416 13.8073 59.5272
    endloop
  endfacet
  facet normal 8.21152e-05 -0.500058 0.865992
    outer loop
      vertex -36.7778 12.8275 58.9615
      vertex -38.435 10.7529 57.7637
      vertex -38.2223 10.6208 57.6874
    endloop
  endfacet
  facet normal 0.000119521 -0.499828 0.866125
    outer loop
      vertex -39.5875 15.0332 60.235
      vertex -37.0416 13.8073 59.5272
      vertex -39.4641 15.2332 60.3504
    endloop
  endfacet
  facet normal -5.62644e-05 -0.499956 0.866051
    outer loop
      vertex -36.827 12.873 58.9877
      vertex -38.6374 10.8967 57.8467
      vertex -38.435 10.7529 57.7637
    endloop
  endfacet
  facet normal -0.000210511 -0.500342 0.865828
    outer loop
      vertex -39.6955 14.8268 60.1157
      vertex -37.0416 13.8073 59.5272
      vertex -39.5875 15.0332 60.235
    endloop
  endfacet
  facet normal 0.000170742 -0.500129 0.865951
    outer loop
      vertex -36.8727 12.9212 59.0156
      vertex -38.8284 11.0516 57.9362
      vertex -38.6374 10.8967 57.8467
    endloop
  endfacet
  facet normal -0.000473322 -0.500855 0.865531
    outer loop
      vertex -37.0416 13.8073 59.5272
      vertex -39.6955 14.8268 60.1157
      vertex -37.0625 13.7477 59.4927
    endloop
  endfacet
  facet normal -0.000111004 -0.499888 0.86609
    outer loop
      vertex -36.9146 12.9719 59.0448
      vertex -39.0074 11.2171 58.0317
      vertex -38.8284 11.0516 57.9362
    endloop
  endfacet
  facet normal 0.000156285 -0.499703 0.866197
    outer loop
      vertex -39.7877 14.6146 59.9933
      vertex -37.0625 13.7477 59.4927
      vertex -39.6955 14.8268 60.1157
    endloop
  endfacet
  facet normal 0.000108889 -0.500101 0.865967
    outer loop
      vertex -36.9526 13.0248 59.0754
      vertex -39.1734 11.3923 58.1329
      vertex -39.0074 11.2171 58.0317
    endloop
  endfacet
  facet normal 0.000216622 -0.49956 0.866279
    outer loop
      vertex -37.0625 13.7477 59.4927
      vertex -39.7877 14.6146 59.9933
      vertex -37.0789 13.687 59.4577
    endloop
  endfacet
  facet normal -0.000214858 -0.499761 0.866163
    outer loop
      vertex -36.9866 13.0798 59.1071
      vertex -39.3259 11.5766 58.2392
      vertex -39.1734 11.3923 58.1329
    endloop
  endfacet
  facet normal -7.45327e-05 -0.500198 0.865911
    outer loop
      vertex -39.8637 14.3977 59.868
      vertex -37.0789 13.687 59.4577
      vertex -39.7877 14.6146 59.9933
    endloop
  endfacet
  facet normal 0.000114442 -0.500141 0.865944
    outer loop
      vertex -37.0163 13.1366 59.1399
      vertex -39.4641 11.7691 58.3504
      vertex -39.3259 11.5766 58.2392
    endloop
  endfacet
  facet normal 1.73618e-05 -0.499928 0.866067
    outer loop
      vertex -37.0789 13.687 59.4577
      vertex -39.8637 14.3977 59.868
      vertex -37.0906 13.6255 59.4222
    endloop
  endfacet
  facet normal -2.67079e-05 -0.499972 0.866041
    outer loop
      vertex -37.0416 13.1949 59.1736
      vertex -39.5875 11.969 58.4658
      vertex -39.4641 11.7691 58.3504
    endloop
  endfacet
  facet normal 7.15378e-05 -0.499782 0.866151
    outer loop
      vertex -39.9231 14.1769 59.7406
      vertex -37.0906 13.6255 59.4222
      vertex -39.8637 14.3977 59.868
    endloop
  endfacet
  facet normal -4.39789e-05 -0.499945 0.866057
    outer loop
      vertex -37.0416 13.1949 59.1736
      vertex -39.6955 12.1755 58.585
      vertex -39.5875 11.969 58.4658
    endloop
  endfacet
  facet normal -6.14766e-05 -0.500295 0.865855
    outer loop
      vertex -39.9658 13.9533 59.6114
      vertex -37.0906 13.6255 59.4222
      vertex -39.9231 14.1769 59.7406
    endloop
  endfacet
  facet normal 6.77156e-05 -0.500113 0.86596
    outer loop
      vertex -37.0625 13.2546 59.208
      vertex -39.7877 12.3876 58.7075
      vertex -39.6955 12.1755 58.585
    endloop
  endfacet
  facet normal 6.7451e-05 -0.499446 0.866345
    outer loop
      vertex -37.0906 13.6255 59.4222
      vertex -39.9658 13.9533 59.6114
      vertex -37.0976 13.5634 59.3864
    endloop
  endfacet
  facet normal -3.10605e-05 -0.499926 0.866068
    outer loop
      vertex -37.0789 13.3153 59.2431
      vertex -39.8637 12.6045 58.8327
      vertex -39.7877 12.3876 58.7075
    endloop
  endfacet
  facet normal -6.56456e-06 -0.499855 0.866109
    outer loop
      vertex -39.9914 13.7277 59.4812
      vertex -37.0976 13.5634 59.3864
      vertex -39.9658 13.9533 59.6114
    endloop
  endfacet
  facet normal 1.78021e-05 -0.500058 0.865992
    outer loop
      vertex -37.0906 13.3768 59.2786
      vertex -39.9231 12.8253 58.9602
      vertex -39.8637 12.6045 58.8327
    endloop
  endfacet
  facet normal -4.19794e-05 -0.500323 0.865839
    outer loop
      vertex -37.0976 13.5634 59.3864
      vertex -39.9914 13.7277 59.4812
      vertex -37.1 13.5011 59.3504
    endloop
  endfacet
  facet normal -3.61506e-05 -0.499851 0.866112
    outer loop
      vertex -37.0906 13.3768 59.2786
      vertex -39.9658 13.049 59.0893
      vertex -39.9231 12.8253 58.9602
    endloop
  endfacet
  facet normal 0 -0.499921 0.866071
    outer loop
      vertex -40 13.5011 59.3504
      vertex -37.1 13.5011 59.3504
      vertex -39.9914 13.7277 59.4812
    endloop
  endfacet
  facet normal 1.10443e-05 -0.500142 0.865943
    outer loop
      vertex -37.0976 13.4388 59.3144
      vertex -39.9914 13.2746 59.2196
      vertex -39.9658 13.049 59.0893
    endloop
  endfacet
  facet normal 0 -0.500086 0.865975
    outer loop
      vertex -37.1 13.5011 59.3504
      vertex -40 13.5011 59.3504
      vertex -39.9914 13.2746 59.2196
    endloop
  endfacet
  facet normal -0.471584 0.76368 0.440911
    outer loop
      vertex -37.7692 22.608 50.7518
      vertex -38 16.5011 61.0824
      vertex -37.7692 16.608 61.1441
    endloop
  endfacet
  facet normal -0.471584 0.76368 0.440911
    outer loop
      vertex -38 16.5011 61.0824
      vertex -37.7692 22.608 50.7518
      vertex -38 22.5011 50.6901
    endloop
  endfacet
  facet normal -0.412423 0.788942 0.455496
    outer loop
      vertex -37.5307 22.7015 50.8058
      vertex -37.7692 16.608 61.1441
      vertex -37.5307 16.7015 61.1981
    endloop
  endfacet
  facet normal -0.412423 0.788942 0.455496
    outer loop
      vertex -37.7692 16.608 61.1441
      vertex -37.5307 22.7015 50.8058
      vertex -37.7692 22.608 50.7518
    endloop
  endfacet
  facet normal -0.634231 0.669562 0.386572
    outer loop
      vertex -38.435 22.2494 50.5448
      vertex -38.6374 16.1056 60.8541
      vertex -38.435 16.2494 60.9371
    endloop
  endfacet
  facet normal -0.634231 0.669562 0.386572
    outer loop
      vertex -38.6374 16.1056 60.8541
      vertex -38.435 22.2494 50.5448
      vertex -38.6374 22.1056 50.4618
    endloop
  endfacet
  facet normal -0.290271 0.828738 0.478472
    outer loop
      vertex -37.0353 22.8472 50.8899
      vertex -37.2858 16.7814 61.2442
      vertex -37.0353 16.8472 61.2822
    endloop
  endfacet
  facet normal -0.290271 0.828738 0.478472
    outer loop
      vertex -37.2858 16.7814 61.2442
      vertex -37.0353 22.8472 50.8899
      vertex -37.2858 22.7814 50.8519
    endloop
  endfacet
  facet normal -0.0326988 0.865562 0.499733
    outer loop
      vertex -36 22.9652 50.9581
      vertex -36.2616 16.9578 61.3461
      vertex -36 16.9652 61.3504
    endloop
  endfacet
  facet normal -0.0326988 0.865562 0.499733
    outer loop
      vertex -36.2616 16.9578 61.3461
      vertex -36 22.9652 50.9581
      vertex -36.2616 22.9578 50.9538
    endloop
  endfacet
  facet normal 0.99946 -0.0284598 -0.0164313
    outer loop
      vertex -32 13.5011 59.3504
      vertex -32.0086 19.2746 48.8273
      vertex -32 19.5011 48.9581
    endloop
  endfacet
  facet normal 0.99946 -0.0284598 -0.0164313
    outer loop
      vertex -32.0086 19.2746 48.8273
      vertex -32 13.5011 59.3504
      vertex -32.0086 13.2746 59.2196
    endloop
  endfacet
  facet normal 0.881882 -0.408306 -0.235736
    outer loop
      vertex -32.4125 11.969 58.4658
      vertex -32.5359 17.7691 47.9581
      vertex -32.4125 17.969 48.0735
    endloop
  endfacet
  facet normal 0.881882 -0.408306 -0.235736
    outer loop
      vertex -32.5359 17.7691 47.9581
      vertex -32.4125 11.969 58.4658
      vertex -32.5359 11.7691 58.3504
    endloop
  endfacet
  facet normal 0.935889 -0.305096 -0.176147
    outer loop
      vertex -32.2123 12.3876 58.7075
      vertex -32.3045 18.1755 48.1927
      vertex -32.2123 18.3876 48.3152
    endloop
  endfacet
  facet normal 0.935889 -0.305096 -0.176147
    outer loop
      vertex -32.3045 18.1755 48.1927
      vertex -32.2123 12.3876 58.7075
      vertex -32.3045 12.1755 58.585
    endloop
  endfacet
  facet normal 0.773097 -0.54931 -0.317144
    outer loop
      vertex -32.8266 11.3923 58.1329
      vertex -32.9926 17.2171 47.6394
      vertex -32.8266 17.3923 47.7406
    endloop
  endfacet
  facet normal 0.773097 -0.54931 -0.317144
    outer loop
      vertex -32.9926 17.2171 47.6394
      vertex -32.8266 11.3923 58.1329
      vertex -32.9926 11.2171 58.0317
    endloop
  endfacet
  facet normal -0.973919 -0.196496 -0.113447
    outer loop
      vertex -39.8637 18.6045 48.4404
      vertex -39.9231 12.8253 58.9602
      vertex -39.9231 18.8253 48.5679
    endloop
  endfacet
  facet normal -0.973919 -0.196496 -0.113447
    outer loop
      vertex -39.9231 12.8253 58.9602
      vertex -39.8637 18.6045 48.4404
      vertex -39.8637 12.6045 58.8327
    endloop
  endfacet
  facet normal 0.412698 -0.788835 -0.455434
    outer loop
      vertex -34.4693 10.3007 57.5026
      vertex -34.2308 16.3943 47.1643
      vertex -34.2308 10.3943 57.5566
    endloop
  endfacet
  facet normal 0.412698 -0.788835 -0.455434
    outer loop
      vertex -34.2308 16.3943 47.1643
      vertex -34.4693 10.3007 57.5026
      vertex -34.4693 16.3007 47.1103
    endloop
  endfacet
  facet normal 0.3522 -0.810535 -0.467963
    outer loop
      vertex -34.7142 10.2209 57.4565
      vertex -34.4693 16.3007 47.1103
      vertex -34.4693 10.3007 57.5026
    endloop
  endfacet
  facet normal 0.3522 -0.810535 -0.467963
    outer loop
      vertex -34.4693 16.3007 47.1103
      vertex -34.7142 10.2209 57.4565
      vertex -34.7142 16.2209 47.0642
    endloop
  endfacet
  facet normal 0.973919 -0.196496 -0.113447
    outer loop
      vertex -32.0769 12.8253 58.9602
      vertex -32.1363 18.6045 48.4404
      vertex -32.0769 18.8253 48.5679
    endloop
  endfacet
  facet normal 0.973919 -0.196496 -0.113447
    outer loop
      vertex -32.1363 18.6045 48.4404
      vertex -32.0769 12.8253 58.9602
      vertex -32.1363 12.6045 58.8327
    endloop
  endfacet
  facet normal 0.582814 -0.703737 -0.406303
    outer loop
      vertex -33.7777 10.6208 57.6874
      vertex -33.565 16.7529 47.3714
      vertex -33.565 10.7529 57.7637
    endloop
  endfacet
  facet normal 0.582814 -0.703737 -0.406303
    outer loop
      vertex -33.565 16.7529 47.3714
      vertex -33.7777 10.6208 57.6874
      vertex -33.7777 16.6208 47.2951
    endloop
  endfacet
  facet normal -0.0978989 -0.861862 -0.497605
    outer loop
      vertex -36.5221 16.0667 46.9752
      vertex -36.2616 10.0444 57.3547
      vertex -36.5221 10.0666 57.3675
    endloop
  endfacet
  facet normal -0.0982266 -0.861837 -0.497582
    outer loop
      vertex -36.2616 10.0444 57.3547
      vertex -36.5221 16.0667 46.9752
      vertex -36.2616 16.0444 46.9624
    endloop
  endfacet
  facet normal -0.812775 -0.504527 -0.291289
    outer loop
      vertex -39.1734 17.3923 47.7406
      vertex -39.3259 11.5766 58.2392
      vertex -39.3259 17.5766 47.8469
    endloop
  endfacet
  facet normal -0.812775 -0.504527 -0.291289
    outer loop
      vertex -39.3259 11.5766 58.2392
      vertex -39.1734 17.3923 47.7406
      vertex -39.1734 11.3923 58.1329
    endloop
  endfacet
  facet normal -0.683605 -0.63207 -0.364926
    outer loop
      vertex -38.6374 16.8967 47.4544
      vertex -38.8284 11.0516 57.9362
      vertex -38.8284 17.0516 47.5439
    endloop
  endfacet
  facet normal -0.683605 -0.63207 -0.364926
    outer loop
      vertex -38.8284 11.0516 57.9362
      vertex -38.6374 16.8967 47.4544
      vertex -38.6374 10.8967 57.8467
    endloop
  endfacet
  facet normal -0.956909 -0.251484 -0.145194
    outer loop
      vertex -39.7877 18.3876 48.3152
      vertex -39.8637 12.6045 58.8327
      vertex -39.8637 18.6045 48.4404
    endloop
  endfacet
  facet normal -0.956909 -0.251484 -0.145194
    outer loop
      vertex -39.8637 12.6045 58.8327
      vertex -39.7877 18.3876 48.3152
      vertex -39.7877 12.3876 58.7075
    endloop
  endfacet
  facet normal -0.986608 -0.141258 -0.0815553
    outer loop
      vertex -39.9231 18.8253 48.5679
      vertex -39.9658 13.049 59.0893
      vertex -39.9658 19.049 48.697
    endloop
  endfacet
  facet normal -0.986608 -0.141258 -0.0815553
    outer loop
      vertex -39.9658 13.049 59.0893
      vertex -39.9231 18.8253 48.5679
      vertex -39.9231 12.8253 58.9602
    endloop
  endfacet
  facet normal -0.99946 -0.0284598 -0.0164313
    outer loop
      vertex -39.9914 19.2746 48.8273
      vertex -40 13.5011 59.3504
      vertex -40 19.5011 48.9581
    endloop
  endfacet
  facet normal -0.99946 -0.0284598 -0.0164313
    outer loop
      vertex -40 13.5011 59.3504
      vertex -39.9914 19.2746 48.8273
      vertex -39.9914 13.2746 59.2196
    endloop
  endfacet
  facet normal 0.163072 -0.854433 -0.493307
    outer loop
      vertex -35.4779 10.0666 57.3675
      vertex -35.2196 16.1036 46.9965
      vertex -35.2196 10.1036 57.3888
    endloop
  endfacet
  facet normal 0.16275 -0.854475 -0.49334
    outer loop
      vertex -35.2196 16.1036 46.9965
      vertex -35.4779 10.0666 57.3675
      vertex -35.4779 16.0667 46.9752
    endloop
  endfacet
  facet normal 0.910911 -0.357324 -0.206301
    outer loop
      vertex -32.3045 12.1755 58.585
      vertex -32.4125 17.969 48.0735
      vertex -32.3045 18.1755 48.1927
    endloop
  endfacet
  facet normal 0.910911 -0.357324 -0.206301
    outer loop
      vertex -32.4125 17.969 48.0735
      vertex -32.3045 12.1755 58.585
      vertex -32.4125 11.969 58.4658
    endloop
  endfacet
  facet normal 0.986608 -0.141258 -0.0815553
    outer loop
      vertex -32.0342 13.049 59.0893
      vertex -32.0769 18.8253 48.5679
      vertex -32.0342 19.049 48.697
    endloop
  endfacet
  facet normal 0.986608 -0.141258 -0.0815553
    outer loop
      vertex -32.0769 18.8253 48.5679
      vertex -32.0342 13.049 59.0893
      vertex -32.0769 12.8253 58.9602
    endloop
  endfacet
  facet normal 0.849273 -0.457222 -0.263977
    outer loop
      vertex -32.5359 11.7691 58.3504
      vertex -32.6741 17.5766 47.8469
      vertex -32.5359 17.7691 47.9581
    endloop
  endfacet
  facet normal 0.849273 -0.457222 -0.263977
    outer loop
      vertex -32.6741 17.5766 47.8469
      vertex -32.5359 11.7691 58.3504
      vertex -32.6741 11.5766 58.2392
    endloop
  endfacet
  facet normal 0.812775 -0.504527 -0.291289
    outer loop
      vertex -32.6741 11.5766 58.2392
      vertex -32.8266 17.3923 47.7406
      vertex -32.6741 17.5766 47.8469
    endloop
  endfacet
  facet normal 0.812775 -0.504527 -0.291289
    outer loop
      vertex -32.8266 17.3923 47.7406
      vertex -32.6741 11.5766 58.2392
      vertex -32.8266 11.3923 58.1329
    endloop
  endfacet
  facet normal 0.634231 -0.669562 -0.386572
    outer loop
      vertex -33.565 10.7529 57.7637
      vertex -33.3626 16.8967 47.4544
      vertex -33.3626 10.8967 57.8467
    endloop
  endfacet
  facet normal 0.634231 -0.669562 -0.386572
    outer loop
      vertex -33.3626 16.8967 47.4544
      vertex -33.565 10.7529 57.7637
      vertex -33.565 16.7529 47.3714
    endloop
  endfacet
  facet normal -0.0326988 -0.865562 -0.499733
    outer loop
      vertex -36.2616 16.0444 46.9624
      vertex -36 10.037 57.3504
      vertex -36.2616 10.0444 57.3547
    endloop
  endfacet
  facet normal -0.0326988 -0.865562 -0.499733
    outer loop
      vertex -36 10.037 57.3504
      vertex -36.2616 16.0444 46.9624
      vertex -36 16.037 46.9581
    endloop
  endfacet
  facet normal -0.528008 -0.735463 -0.42462
    outer loop
      vertex -38.2223 16.6208 47.2951
      vertex -38 10.5011 57.6183
      vertex -38.2223 10.6208 57.6874
    endloop
  endfacet
  facet normal -0.528008 -0.735463 -0.42462
    outer loop
      vertex -38 10.5011 57.6183
      vertex -38.2223 16.6208 47.2951
      vertex -38 16.5011 47.226
    endloop
  endfacet
  facet normal -0.290271 -0.828738 -0.478472
    outer loop
      vertex -37.2858 16.2209 47.0642
      vertex -37.0353 10.1551 57.4185
      vertex -37.2858 10.2209 57.4565
    endloop
  endfacet
  facet normal -0.290271 -0.828738 -0.478472
    outer loop
      vertex -37.0353 10.1551 57.4185
      vertex -37.2858 16.2209 47.0642
      vertex -37.0353 16.1551 47.0262
    endloop
  endfacet
  facet normal -0.773097 -0.54931 -0.317144
    outer loop
      vertex -39.0074 17.2171 47.6394
      vertex -39.1734 11.3923 58.1329
      vertex -39.1734 17.3923 47.7406
    endloop
  endfacet
  facet normal -0.773097 -0.54931 -0.317144
    outer loop
      vertex -39.1734 11.3923 58.1329
      vertex -39.0074 17.2171 47.6394
      vertex -39.0074 11.2171 58.0317
    endloop
  endfacet
  facet normal -0.729794 -0.592073 -0.341834
    outer loop
      vertex -38.8284 17.0516 47.5439
      vertex -39.0074 11.2171 58.0317
      vertex -39.0074 17.2171 47.6394
    endloop
  endfacet
  facet normal -0.729794 -0.592073 -0.341834
    outer loop
      vertex -39.0074 11.2171 58.0317
      vertex -38.8284 17.0516 47.5439
      vertex -38.8284 11.0516 57.9362
    endloop
  endfacet
  facet normal -0.935889 -0.305096 -0.176147
    outer loop
      vertex -39.6955 18.1755 48.1927
      vertex -39.7877 12.3876 58.7075
      vertex -39.7877 18.3876 48.3152
    endloop
  endfacet
  facet normal -0.935889 -0.305096 -0.176147
    outer loop
      vertex -39.7877 12.3876 58.7075
      vertex -39.6955 18.1755 48.1927
      vertex -39.6955 12.1755 58.585
    endloop
  endfacet
  facet normal -0.995207 -0.0846904 -0.048896
    outer loop
      vertex -39.9658 19.049 48.697
      vertex -39.9914 13.2746 59.2196
      vertex -39.9914 19.2746 48.8273
    endloop
  endfacet
  facet normal -0.995207 -0.0846904 -0.048896
    outer loop
      vertex -39.9914 13.2746 59.2196
      vertex -39.9658 19.049 48.697
      vertex -39.9658 13.049 59.0893
    endloop
  endfacet
  facet normal 0.290271 -0.828738 -0.478472
    outer loop
      vertex -34.9647 10.1551 57.4185
      vertex -34.7142 16.2209 47.0642
      vertex -34.7142 10.2209 57.4565
    endloop
  endfacet
  facet normal 0.290271 -0.828738 -0.478472
    outer loop
      vertex -34.7142 16.2209 47.0642
      vertex -34.9647 10.1551 57.4185
      vertex -34.9647 16.1551 47.0262
    endloop
  endfacet
  facet normal 0.227134 -0.84339 -0.486932
    outer loop
      vertex -35.2196 10.1036 57.3888
      vertex -34.9647 16.1551 47.0262
      vertex -34.9647 10.1551 57.4185
    endloop
  endfacet
  facet normal 0.227134 -0.84339 -0.486932
    outer loop
      vertex -34.9647 16.1551 47.0262
      vertex -35.2196 10.1036 57.3888
      vertex -35.2196 16.1036 46.9965
    endloop
  endfacet
  facet normal 0.683605 -0.63207 -0.364926
    outer loop
      vertex -33.1716 11.0516 57.9362
      vertex -33.3626 16.8967 47.4544
      vertex -33.1716 17.0516 47.5439
    endloop
  endfacet
  facet normal 0.683605 -0.63207 -0.364926
    outer loop
      vertex -33.3626 16.8967 47.4544
      vertex -33.1716 11.0516 57.9362
      vertex -33.3626 10.8967 57.8467
    endloop
  endfacet
  facet normal 0.528008 -0.735463 -0.42462
    outer loop
      vertex -34 10.5011 57.6183
      vertex -33.7777 16.6208 47.2951
      vertex -33.7777 10.6208 57.6874
    endloop
  endfacet
  facet normal 0.528008 -0.735463 -0.42462
    outer loop
      vertex -33.7777 16.6208 47.2951
      vertex -34 10.5011 57.6183
      vertex -34 16.5011 47.226
    endloop
  endfacet
  facet normal 0.471326 -0.763799 -0.44098
    outer loop
      vertex -34.2308 10.3943 57.5566
      vertex -34 16.5011 47.226
      vertex -34 10.5011 57.6183
    endloop
  endfacet
  facet normal 0.471326 -0.763799 -0.44098
    outer loop
      vertex -34 16.5011 47.226
      vertex -34.2308 10.3943 57.5566
      vertex -34.2308 16.3943 47.1643
    endloop
  endfacet
  facet normal -0.3522 -0.810535 -0.467963
    outer loop
      vertex -37.5307 16.3007 47.1103
      vertex -37.2858 10.2209 57.4565
      vertex -37.5307 10.3007 57.5026
    endloop
  endfacet
  facet normal -0.3522 -0.810535 -0.467963
    outer loop
      vertex -37.2858 10.2209 57.4565
      vertex -37.5307 16.3007 47.1103
      vertex -37.2858 16.2209 47.0642
    endloop
  endfacet
  facet normal -0.471326 -0.763799 -0.44098
    outer loop
      vertex -38 16.5011 47.226
      vertex -37.7692 10.3943 57.5566
      vertex -38 10.5011 57.6183
    endloop
  endfacet
  facet normal -0.471326 -0.763799 -0.44098
    outer loop
      vertex -37.7692 10.3943 57.5566
      vertex -38 16.5011 47.226
      vertex -37.7692 16.3943 47.1643
    endloop
  endfacet
  facet normal -0.227134 -0.84339 -0.486932
    outer loop
      vertex -37.0353 16.1551 47.0262
      vertex -36.7804 10.1036 57.3888
      vertex -37.0353 10.1551 57.4185
    endloop
  endfacet
  facet normal -0.227134 -0.84339 -0.486932
    outer loop
      vertex -36.7804 10.1036 57.3888
      vertex -37.0353 16.1551 47.0262
      vertex -36.7804 16.1036 46.9965
    endloop
  endfacet
  facet normal -0.849273 -0.457222 -0.263977
    outer loop
      vertex -39.3259 17.5766 47.8469
      vertex -39.4641 11.7691 58.3504
      vertex -39.4641 17.7691 47.9581
    endloop
  endfacet
  facet normal -0.849273 -0.457222 -0.263977
    outer loop
      vertex -39.4641 11.7691 58.3504
      vertex -39.3259 17.5766 47.8469
      vertex -39.3259 11.5766 58.2392
    endloop
  endfacet
  facet normal -0.881882 -0.408306 -0.235736
    outer loop
      vertex -39.4641 17.7691 47.9581
      vertex -39.5875 11.969 58.4658
      vertex -39.5875 17.969 48.0735
    endloop
  endfacet
  facet normal -0.881882 -0.408306 -0.235736
    outer loop
      vertex -39.5875 11.969 58.4658
      vertex -39.4641 17.7691 47.9581
      vertex -39.4641 11.7691 58.3504
    endloop
  endfacet
  facet normal -0.412698 -0.788835 -0.455434
    outer loop
      vertex -37.7692 16.3943 47.1643
      vertex -37.5307 10.3007 57.5026
      vertex -37.7692 10.3943 57.5566
    endloop
  endfacet
  facet normal -0.412698 -0.788835 -0.455434
    outer loop
      vertex -37.5307 10.3007 57.5026
      vertex -37.7692 16.3943 47.1643
      vertex -37.5307 16.3007 47.1103
    endloop
  endfacet
  facet normal -0.582814 -0.703737 -0.406303
    outer loop
      vertex -38.435 16.7529 47.3714
      vertex -38.2223 10.6208 57.6874
      vertex -38.435 10.7529 57.7637
    endloop
  endfacet
  facet normal -0.582814 -0.703737 -0.406303
    outer loop
      vertex -38.2223 10.6208 57.6874
      vertex -38.435 16.7529 47.3714
      vertex -38.2223 16.6208 47.2951
    endloop
  endfacet
  facet normal -0.634231 -0.669562 -0.386572
    outer loop
      vertex -38.6374 16.8967 47.4544
      vertex -38.435 10.7529 57.7637
      vertex -38.6374 10.8967 57.8467
    endloop
  endfacet
  facet normal -0.634231 -0.669562 -0.386572
    outer loop
      vertex -38.435 10.7529 57.7637
      vertex -38.6374 16.8967 47.4544
      vertex -38.435 16.7529 47.3714
    endloop
  endfacet
  facet normal -0.163072 -0.854433 -0.493307
    outer loop
      vertex -36.7804 16.1036 46.9965
      vertex -36.5221 10.0666 57.3675
      vertex -36.7804 10.1036 57.3888
    endloop
  endfacet
  facet normal -0.16275 -0.854475 -0.49334
    outer loop
      vertex -36.5221 10.0666 57.3675
      vertex -36.7804 16.1036 46.9965
      vertex -36.5221 16.0667 46.9752
    endloop
  endfacet
  facet normal 0.99946 0.0284598 0.0164313
    outer loop
      vertex 39.9914 -28.2746 35.2312
      vertex 40 -22.5011 24.7081
      vertex 39.9914 -22.2746 24.8389
    endloop
  endfacet
  facet normal 0.99946 0.0284598 0.0164313
    outer loop
      vertex 40 -22.5011 24.7081
      vertex 39.9914 -28.2746 35.2312
      vertex 40 -28.5011 35.1004
    endloop
  endfacet
  facet normal -0.0326988 0.865562 0.499733
    outer loop
      vertex 36 -19.037 26.7081
      vertex 35.7384 -25.0444 37.0961
      vertex 36 -25.037 37.1004
    endloop
  endfacet
  facet normal -0.0326988 0.865562 0.499733
    outer loop
      vertex 35.7384 -25.0444 37.0961
      vertex 36 -19.037 26.7081
      vertex 35.7384 -19.0444 26.7038
    endloop
  endfacet
  facet normal 0.0326988 -0.865562 -0.499733
    outer loop
      vertex 36 -31.9652 33.1004
      vertex 36.2616 -25.9578 22.7124
      vertex 36.2616 -31.9578 33.1047
    endloop
  endfacet
  facet normal 0.0326988 -0.865562 -0.499733
    outer loop
      vertex 36.2616 -25.9578 22.7124
      vertex 36 -31.9652 33.1004
      vertex 36 -25.9652 22.7081
    endloop
  endfacet
  facet normal 0.683605 0.63207 0.364926
    outer loop
      vertex 38.6374 -25.8967 36.6041
      vertex 38.8284 -20.0516 26.1223
      vertex 38.6374 -19.8967 26.2118
    endloop
  endfacet
  facet normal 0.683605 0.63207 0.364926
    outer loop
      vertex 38.8284 -20.0516 26.1223
      vertex 38.6374 -25.8967 36.6041
      vertex 38.8284 -26.0516 36.5146
    endloop
  endfacet
  facet normal -0.729794 0.592073 0.341834
    outer loop
      vertex 32.9926 -20.2171 26.0268
      vertex 33.1716 -26.0516 36.5146
      vertex 33.1716 -20.0516 26.1223
    endloop
  endfacet
  facet normal -0.729794 0.592073 0.341834
    outer loop
      vertex 33.1716 -26.0516 36.5146
      vertex 32.9926 -20.2171 26.0268
      vertex 32.9926 -26.2171 36.4191
    endloop
  endfacet
  facet normal -0.412698 0.788835 0.455434
    outer loop
      vertex 34.4693 -19.3007 26.5558
      vertex 34.2308 -25.3943 36.8941
      vertex 34.4693 -25.3007 36.9481
    endloop
  endfacet
  facet normal -0.412698 0.788835 0.455434
    outer loop
      vertex 34.2308 -25.3943 36.8941
      vertex 34.4693 -19.3007 26.5558
      vertex 34.2308 -19.3943 26.5018
    endloop
  endfacet
  facet normal 0.910944 0.357262 0.206265
    outer loop
      vertex 39.5875 -26.969 35.985
      vertex 39.6955 -21.1755 25.4734
      vertex 39.5875 -20.969 25.5927
    endloop
  endfacet
  facet normal 0.910944 0.357262 0.206265
    outer loop
      vertex 39.6955 -21.1755 25.4734
      vertex 39.5875 -26.969 35.985
      vertex 39.6955 -27.1755 35.8657
    endloop
  endfacet
  facet normal 0.3522 0.810535 0.467963
    outer loop
      vertex 37.5307 -25.3007 36.9481
      vertex 37.2858 -19.2209 26.6019
      vertex 37.2858 -25.2209 36.9942
    endloop
  endfacet
  facet normal 0.3522 0.810535 0.467963
    outer loop
      vertex 37.2858 -19.2209 26.6019
      vertex 37.5307 -25.3007 36.9481
      vertex 37.5307 -19.3007 26.5558
    endloop
  endfacet
  facet normal 0.528008 0.735463 0.42462
    outer loop
      vertex 38.2223 -25.6208 36.7633
      vertex 38 -19.5011 26.4401
      vertex 38 -25.5011 36.8324
    endloop
  endfacet
  facet normal 0.528008 0.735463 0.42462
    outer loop
      vertex 38 -19.5011 26.4401
      vertex 38.2223 -25.6208 36.7633
      vertex 38.2223 -19.6208 26.371
    endloop
  endfacet
  facet normal -0.935865 0.305151 0.176179
    outer loop
      vertex 32.2123 -21.3876 25.351
      vertex 32.3045 -27.1755 35.8657
      vertex 32.3045 -21.1755 25.4734
    endloop
  endfacet
  facet normal -0.935865 0.305151 0.176179
    outer loop
      vertex 32.3045 -27.1755 35.8657
      vertex 32.2123 -21.3876 25.351
      vertex 32.2123 -27.3876 35.7433
    endloop
  endfacet
  facet normal -0.227315 0.843356 0.486907
    outer loop
      vertex 35.2196 -19.1036 26.6696
      vertex 34.9647 -25.1551 37.0322
      vertex 35.2196 -25.1036 37.062
    endloop
  endfacet
  facet normal -0.227134 0.84339 0.486932
    outer loop
      vertex 34.9647 -25.1551 37.0322
      vertex 35.2196 -19.1036 26.6696
      vertex 34.9647 -19.1551 26.6399
    endloop
  endfacet
  facet normal 0.97391 0.196533 0.113468
    outer loop
      vertex 39.8637 -27.6045 35.618
      vertex 39.9231 -21.8253 25.0983
      vertex 39.8637 -21.6045 25.2257
    endloop
  endfacet
  facet normal 0.97391 0.196533 0.113468
    outer loop
      vertex 39.9231 -21.8253 25.0983
      vertex 39.8637 -27.6045 35.618
      vertex 39.9231 -27.8253 35.4906
    endloop
  endfacet
  facet normal 0.995205 0.0847065 0.0489053
    outer loop
      vertex 39.9658 -28.049 35.3614
      vertex 39.9914 -22.2746 24.8389
      vertex 39.9658 -22.049 24.9691
    endloop
  endfacet
  facet normal 0.995205 0.0847065 0.0489053
    outer loop
      vertex 39.9914 -22.2746 24.8389
      vertex 39.9658 -28.049 35.3614
      vertex 39.9914 -28.2746 35.2312
    endloop
  endfacet
  facet normal 0.81284 0.504448 0.291243
    outer loop
      vertex 39.1734 -26.3923 36.3179
      vertex 39.3259 -20.5766 25.8192
      vertex 39.1734 -20.3923 25.9256
    endloop
  endfacet
  facet normal 0.81284 0.504448 0.291243
    outer loop
      vertex 39.3259 -20.5766 25.8192
      vertex 39.1734 -26.3923 36.3179
      vertex 39.3259 -26.5766 36.2115
    endloop
  endfacet
  facet normal 0.849219 0.457296 0.26402
    outer loop
      vertex 39.3259 -26.5766 36.2115
      vertex 39.4641 -20.7691 25.7081
      vertex 39.3259 -20.5766 25.8192
    endloop
  endfacet
  facet normal 0.849219 0.457296 0.26402
    outer loop
      vertex 39.4641 -20.7691 25.7081
      vertex 39.3259 -26.5766 36.2115
      vertex 39.4641 -26.7691 36.1004
    endloop
  endfacet
  facet normal 0.16275 0.854479 0.493334
    outer loop
      vertex 36.7804 -25.1036 37.062
      vertex 36.5221 -19.0667 26.691
      vertex 36.5221 -25.0667 37.0833
    endloop
  endfacet
  facet normal 0.162936 0.854454 0.493315
    outer loop
      vertex 36.5221 -19.0667 26.691
      vertex 36.7804 -25.1036 37.062
      vertex 36.7804 -19.1036 26.6696
    endloop
  endfacet
  facet normal 0.290271 0.828738 0.478472
    outer loop
      vertex 37.2858 -25.2209 36.9942
      vertex 37.0353 -19.1551 26.6399
      vertex 37.0353 -25.1551 37.0322
    endloop
  endfacet
  facet normal 0.290271 0.828738 0.478472
    outer loop
      vertex 37.0353 -19.1551 26.6399
      vertex 37.2858 -25.2209 36.9942
      vertex 37.2858 -19.2209 26.6019
    endloop
  endfacet
  facet normal 0.0982266 0.861837 0.497582
    outer loop
      vertex 36.5221 -25.0667 37.0833
      vertex 36.2616 -19.0444 26.7038
      vertex 36.2616 -25.0444 37.0961
    endloop
  endfacet
  facet normal 0.0982266 0.861837 0.497582
    outer loop
      vertex 36.2616 -19.0444 26.7038
      vertex 36.5221 -25.0667 37.0833
      vertex 36.5221 -19.0667 26.691
    endloop
  endfacet
  facet normal 0.634231 0.669562 0.386572
    outer loop
      vertex 38.6374 -25.8967 36.6041
      vertex 38.435 -19.7529 26.2948
      vertex 38.435 -25.7529 36.6871
    endloop
  endfacet
  facet normal 0.634231 0.669562 0.386572
    outer loop
      vertex 38.435 -19.7529 26.2948
      vertex 38.6374 -25.8967 36.6041
      vertex 38.6374 -19.8967 26.2118
    endloop
  endfacet
  facet normal -0.97391 0.196533 0.113468
    outer loop
      vertex 32.0769 -21.8253 25.0983
      vertex 32.1363 -27.6045 35.618
      vertex 32.1363 -21.6045 25.2257
    endloop
  endfacet
  facet normal -0.97391 0.196533 0.113468
    outer loop
      vertex 32.1363 -27.6045 35.618
      vertex 32.0769 -21.8253 25.0983
      vertex 32.0769 -27.8253 35.4906
    endloop
  endfacet
  facet normal -0.81284 0.504448 0.291243
    outer loop
      vertex 32.6741 -20.5766 25.8192
      vertex 32.8266 -26.3923 36.3179
      vertex 32.8266 -20.3923 25.9256
    endloop
  endfacet
  facet normal -0.81284 0.504448 0.291243
    outer loop
      vertex 32.8266 -26.3923 36.3179
      vertex 32.6741 -20.5766 25.8192
      vertex 32.6741 -26.5766 36.2115
    endloop
  endfacet
  facet normal -0.773097 0.54931 0.317144
    outer loop
      vertex 32.8266 -20.3923 25.9256
      vertex 32.9926 -26.2171 36.4191
      vertex 32.9926 -20.2171 26.0268
    endloop
  endfacet
  facet normal -0.773097 0.54931 0.317144
    outer loop
      vertex 32.9926 -26.2171 36.4191
      vertex 32.8266 -20.3923 25.9256
      vertex 32.8266 -26.3923 36.3179
    endloop
  endfacet
  facet normal -0.956925 0.251438 0.145168
    outer loop
      vertex 32.1363 -21.6045 25.2257
      vertex 32.2123 -27.3876 35.7433
      vertex 32.2123 -21.3876 25.351
    endloop
  endfacet
  facet normal -0.956925 0.251438 0.145168
    outer loop
      vertex 32.2123 -27.3876 35.7433
      vertex 32.1363 -21.6045 25.2257
      vertex 32.1363 -27.6045 35.618
    endloop
  endfacet
  facet normal -0.995205 0.0847065 0.0489053
    outer loop
      vertex 32.0086 -22.2746 24.8389
      vertex 32.0342 -28.049 35.3614
      vertex 32.0342 -22.049 24.9691
    endloop
  endfacet
  facet normal -0.995205 0.0847065 0.0489053
    outer loop
      vertex 32.0342 -28.049 35.3614
      vertex 32.0086 -22.2746 24.8389
      vertex 32.0086 -28.2746 35.2312
    endloop
  endfacet
  facet normal -0.582688 0.703815 0.406348
    outer loop
      vertex 33.7777 -19.6208 26.371
      vertex 33.565 -25.7529 36.6871
      vertex 33.7777 -25.6208 36.7633
    endloop
  endfacet
  facet normal -0.582688 0.703815 0.406348
    outer loop
      vertex 33.565 -25.7529 36.6871
      vertex 33.7777 -19.6208 26.371
      vertex 33.565 -19.7529 26.2948
    endloop
  endfacet
  facet normal -0.528008 0.735463 0.42462
    outer loop
      vertex 34 -19.5011 26.4401
      vertex 33.7777 -25.6208 36.7633
      vertex 34 -25.5011 36.8324
    endloop
  endfacet
  facet normal -0.528008 0.735463 0.42462
    outer loop
      vertex 33.7777 -25.6208 36.7633
      vertex 34 -19.5011 26.4401
      vertex 33.7777 -19.6208 26.371
    endloop
  endfacet
  facet normal -0.683605 0.63207 0.364926
    outer loop
      vertex 33.1716 -20.0516 26.1223
      vertex 33.3626 -25.8967 36.6041
      vertex 33.3626 -19.8967 26.2118
    endloop
  endfacet
  facet normal -0.683605 0.63207 0.364926
    outer loop
      vertex 33.3626 -25.8967 36.6041
      vertex 33.1716 -20.0516 26.1223
      vertex 33.1716 -26.0516 36.5146
    endloop
  endfacet
  facet normal -0.3522 0.810535 0.467963
    outer loop
      vertex 34.7142 -19.2209 26.6019
      vertex 34.4693 -25.3007 36.9481
      vertex 34.7142 -25.2209 36.9942
    endloop
  endfacet
  facet normal -0.3522 0.810535 0.467963
    outer loop
      vertex 34.4693 -25.3007 36.9481
      vertex 34.7142 -19.2209 26.6019
      vertex 34.4693 -19.3007 26.5558
    endloop
  endfacet
  facet normal -0.0982266 0.861837 0.497582
    outer loop
      vertex 35.7384 -19.0444 26.7038
      vertex 35.4779 -25.0667 37.0833
      vertex 35.7384 -25.0444 37.0961
    endloop
  endfacet
  facet normal -0.0982266 0.861837 0.497582
    outer loop
      vertex 35.4779 -25.0667 37.0833
      vertex 35.7384 -19.0444 26.7038
      vertex 35.4779 -19.0667 26.691
    endloop
  endfacet
  facet normal 0.72964 -0.592216 -0.341916
    outer loop
      vertex 39.0074 -30.7852 33.7817
      vertex 38.8284 -24.9506 23.2939
      vertex 39.0074 -24.7852 23.3894
    endloop
  endfacet
  facet normal 0.72964 -0.592216 -0.341916
    outer loop
      vertex 38.8284 -24.9506 23.2939
      vertex 39.0074 -30.7852 33.7817
      vertex 38.8284 -30.9506 33.6862
    endloop
  endfacet
  facet normal -0.881955 -0.408187 -0.235667
    outer loop
      vertex 32.5359 -24.2332 23.7081
      vertex 32.4125 -30.0332 34.2158
      vertex 32.4125 -24.0332 23.8235
    endloop
  endfacet
  facet normal -0.881955 -0.408187 -0.235667
    outer loop
      vertex 32.4125 -30.0332 34.2158
      vertex 32.5359 -24.2332 23.7081
      vertex 32.5359 -30.2332 34.1004
    endloop
  endfacet
  facet normal 0.0978989 -0.861865 -0.497598
    outer loop
      vertex 36.2616 -31.9578 33.1047
      vertex 36.5221 -25.9356 22.7252
      vertex 36.5221 -31.9356 33.1175
    endloop
  endfacet
  facet normal 0.0978989 -0.861865 -0.497598
    outer loop
      vertex 36.5221 -25.9356 22.7252
      vertex 36.2616 -31.9578 33.1047
      vertex 36.2616 -25.9578 22.7124
    endloop
  endfacet
  facet normal 0.986613 0.141231 0.0815399
    outer loop
      vertex 39.9231 -27.8253 35.4906
      vertex 39.9658 -22.049 24.9691
      vertex 39.9231 -21.8253 25.0983
    endloop
  endfacet
  facet normal 0.986613 0.141231 0.0815399
    outer loop
      vertex 39.9658 -22.049 24.9691
      vertex 39.9231 -27.8253 35.4906
      vertex 39.9658 -28.049 35.3614
    endloop
  endfacet
  facet normal 0.935865 0.305151 0.176179
    outer loop
      vertex 39.6955 -27.1755 35.8657
      vertex 39.7877 -21.3876 25.351
      vertex 39.6955 -21.1755 25.4734
    endloop
  endfacet
  facet normal 0.935865 0.305151 0.176179
    outer loop
      vertex 39.7877 -21.3876 25.351
      vertex 39.6955 -27.1755 35.8657
      vertex 39.7877 -27.3876 35.7433
    endloop
  endfacet
  facet normal 0.956925 0.251438 0.145168
    outer loop
      vertex 39.7877 -27.3876 35.7433
      vertex 39.8637 -21.6045 25.2257
      vertex 39.7877 -21.3876 25.351
    endloop
  endfacet
  facet normal 0.956925 0.251438 0.145168
    outer loop
      vertex 39.8637 -21.6045 25.2257
      vertex 39.7877 -27.3876 35.7433
      vertex 39.8637 -27.6045 35.618
    endloop
  endfacet
  facet normal 0.773097 0.54931 0.317144
    outer loop
      vertex 39.0074 -26.2171 36.4191
      vertex 39.1734 -20.3923 25.9256
      vertex 39.0074 -20.2171 26.0268
    endloop
  endfacet
  facet normal 0.773097 0.54931 0.317144
    outer loop
      vertex 39.1734 -20.3923 25.9256
      vertex 39.0074 -26.2171 36.4191
      vertex 39.1734 -26.3923 36.3179
    endloop
  endfacet
  facet normal 0.729794 0.592073 0.341834
    outer loop
      vertex 38.8284 -26.0516 36.5146
      vertex 39.0074 -20.2171 26.0268
      vertex 38.8284 -20.0516 26.1223
    endloop
  endfacet
  facet normal 0.729794 0.592073 0.341834
    outer loop
      vertex 39.0074 -20.2171 26.0268
      vertex 38.8284 -26.0516 36.5146
      vertex 39.0074 -26.2171 36.4191
    endloop
  endfacet
  facet normal 0.881882 0.408306 0.235736
    outer loop
      vertex 39.4641 -26.7691 36.1004
      vertex 39.5875 -20.969 25.5927
      vertex 39.4641 -20.7691 25.7081
    endloop
  endfacet
  facet normal 0.881882 0.408306 0.235736
    outer loop
      vertex 39.5875 -20.969 25.5927
      vertex 39.4641 -26.7691 36.1004
      vertex 39.5875 -26.969 35.985
    endloop
  endfacet
  facet normal 0.227315 0.843356 0.486907
    outer loop
      vertex 37.0353 -25.1551 37.0322
      vertex 36.7804 -19.1036 26.6696
      vertex 36.7804 -25.1036 37.062
    endloop
  endfacet
  facet normal 0.227134 0.84339 0.486932
    outer loop
      vertex 36.7804 -19.1036 26.6696
      vertex 37.0353 -25.1551 37.0322
      vertex 37.0353 -19.1551 26.6399
    endloop
  endfacet
  facet normal 0.0326988 0.865562 0.499733
    outer loop
      vertex 36.2616 -25.0444 37.0961
      vertex 36 -19.037 26.7081
      vertex 36 -25.037 37.1004
    endloop
  endfacet
  facet normal 0.0326988 0.865562 0.499733
    outer loop
      vertex 36 -19.037 26.7081
      vertex 36.2616 -25.0444 37.0961
      vertex 36.2616 -19.0444 26.7038
    endloop
  endfacet
  facet normal 0.471326 0.763799 0.44098
    outer loop
      vertex 38 -25.5011 36.8324
      vertex 37.7692 -19.3943 26.5018
      vertex 37.7692 -25.3943 36.8941
    endloop
  endfacet
  facet normal 0.471326 0.763799 0.44098
    outer loop
      vertex 37.7692 -19.3943 26.5018
      vertex 38 -25.5011 36.8324
      vertex 38 -19.5011 26.4401
    endloop
  endfacet
  facet normal 0.412698 0.788835 0.455434
    outer loop
      vertex 37.7692 -25.3943 36.8941
      vertex 37.5307 -19.3007 26.5558
      vertex 37.5307 -25.3007 36.9481
    endloop
  endfacet
  facet normal 0.412698 0.788835 0.455434
    outer loop
      vertex 37.5307 -19.3007 26.5558
      vertex 37.7692 -25.3943 36.8941
      vertex 37.7692 -19.3943 26.5018
    endloop
  endfacet
  facet normal 0.582688 0.703815 0.406348
    outer loop
      vertex 38.435 -25.7529 36.6871
      vertex 38.2223 -19.6208 26.371
      vertex 38.2223 -25.6208 36.7633
    endloop
  endfacet
  facet normal 0.582688 0.703815 0.406348
    outer loop
      vertex 38.2223 -19.6208 26.371
      vertex 38.435 -25.7529 36.6871
      vertex 38.435 -19.7529 26.2948
    endloop
  endfacet
  facet normal -0.849219 0.457296 0.26402
    outer loop
      vertex 32.5359 -20.7691 25.7081
      vertex 32.6741 -26.5766 36.2115
      vertex 32.6741 -20.5766 25.8192
    endloop
  endfacet
  facet normal -0.849219 0.457296 0.26402
    outer loop
      vertex 32.6741 -26.5766 36.2115
      vertex 32.5359 -20.7691 25.7081
      vertex 32.5359 -26.7691 36.1004
    endloop
  endfacet
  facet normal -0.881882 0.408306 0.235736
    outer loop
      vertex 32.4125 -20.969 25.5927
      vertex 32.5359 -26.7691 36.1004
      vertex 32.5359 -20.7691 25.7081
    endloop
  endfacet
  facet normal -0.881882 0.408306 0.235736
    outer loop
      vertex 32.5359 -26.7691 36.1004
      vertex 32.4125 -20.969 25.5927
      vertex 32.4125 -26.969 35.985
    endloop
  endfacet
  facet normal -0.910944 0.357262 0.206265
    outer loop
      vertex 32.3045 -21.1755 25.4734
      vertex 32.4125 -26.969 35.985
      vertex 32.4125 -20.969 25.5927
    endloop
  endfacet
  facet normal -0.910944 0.357262 0.206265
    outer loop
      vertex 32.4125 -26.969 35.985
      vertex 32.3045 -21.1755 25.4734
      vertex 32.3045 -27.1755 35.8657
    endloop
  endfacet
  facet normal -0.986613 0.141231 0.0815399
    outer loop
      vertex 32.0342 -22.049 24.9691
      vertex 32.0769 -27.8253 35.4906
      vertex 32.0769 -21.8253 25.0983
    endloop
  endfacet
  facet normal -0.986613 0.141231 0.0815399
    outer loop
      vertex 32.0769 -27.8253 35.4906
      vertex 32.0342 -22.049 24.9691
      vertex 32.0342 -28.049 35.3614
    endloop
  endfacet
  facet normal -0.99946 0.0284598 0.0164313
    outer loop
      vertex 32 -22.5011 24.7081
      vertex 32.0086 -28.2746 35.2312
      vertex 32.0086 -22.2746 24.8389
    endloop
  endfacet
  facet normal -0.99946 0.0284598 0.0164313
    outer loop
      vertex 32.0086 -28.2746 35.2312
      vertex 32 -22.5011 24.7081
      vertex 32 -28.5011 35.1004
    endloop
  endfacet
  facet normal 0 -0.500086 0.865975
    outer loop
      vertex 37.1 -28.5011 35.1004
      vertex 40 -28.5011 35.1004
      vertex 39.9914 -28.2746 35.2312
    endloop
  endfacet
  facet normal -1.05982e-05 -0.499856 0.866108
    outer loop
      vertex 37.0976 -28.4388 35.1364
      vertex 39.9914 -28.2746 35.2312
      vertex 39.9658 -28.049 35.3614
    endloop
  endfacet
  facet normal 0 -0.499921 0.866071
    outer loop
      vertex 40 -28.5011 35.1004
      vertex 37.1 -28.5011 35.1004
      vertex 39.9914 -28.7277 34.9696
    endloop
  endfacet
  facet normal 3.6526e-05 -0.50013 0.86595
    outer loop
      vertex 37.0906 -28.3768 35.1722
      vertex 39.9658 -28.049 35.3614
      vertex 39.9231 -27.8253 35.4906
    endloop
  endfacet
  facet normal -4.19794e-05 -0.500323 0.865839
    outer loop
      vertex 37.0976 -28.5634 35.0644
      vertex 39.9914 -28.7277 34.9696
      vertex 37.1 -28.5011 35.1004
    endloop
  endfacet
  facet normal -5.47716e-05 -0.499779 0.866153
    outer loop
      vertex 37.0906 -28.3768 35.1722
      vertex 39.9231 -27.8253 35.4906
      vertex 39.8637 -27.6045 35.618
    endloop
  endfacet
  facet normal -2.82169e-05 -0.500141 0.865944
    outer loop
      vertex 39.9914 -28.7277 34.9696
      vertex 37.0976 -28.5634 35.0644
      vertex 39.9658 -28.9533 34.8393
    endloop
  endfacet
  facet normal 9.10201e-05 -0.500194 0.865913
    outer loop
      vertex 37.0789 -28.3153 35.2077
      vertex 39.8637 -27.6045 35.618
      vertex 39.7877 -27.3876 35.7433
    endloop
  endfacet
  facet normal 9.72001e-05 -0.499449 0.866343
    outer loop
      vertex 37.0906 -28.6255 35.0286
      vertex 39.9658 -28.9533 34.8393
      vertex 37.0976 -28.5634 35.0644
    endloop
  endfacet
  facet normal -7.43224e-05 -0.499853 0.86611
    outer loop
      vertex 37.0625 -28.2546 35.2427
      vertex 39.7877 -27.3876 35.7433
      vertex 39.6955 -27.1755 35.8657
    endloop
  endfacet
  facet normal 1.1206e-05 -0.500015 0.866017
    outer loop
      vertex 39.9658 -28.9533 34.8393
      vertex 37.0906 -28.6255 35.0286
      vertex 39.9231 -29.1769 34.7102
    endloop
  endfacet
  facet normal 0.000117323 -0.500197 0.865912
    outer loop
      vertex 37.0416 -28.1949 35.2772
      vertex 39.6955 -27.1755 35.8657
      vertex 39.5875 -26.969 35.985
    endloop
  endfacet
  facet normal -1.02629e-06 -0.500062 0.86599
    outer loop
      vertex 39.9231 -29.1769 34.7102
      vertex 37.0906 -28.6255 35.0286
      vertex 39.8637 -29.3977 34.5827
    endloop
  endfacet
  facet normal -2.67079e-05 -0.499972 0.866041
    outer loop
      vertex 37.0416 -28.1949 35.2772
      vertex 39.5875 -26.969 35.985
      vertex 39.4641 -26.7691 36.1004
    endloop
  endfacet
  facet normal 4.70214e-05 -0.499932 0.866064
    outer loop
      vertex 37.0789 -28.687 34.9931
      vertex 39.8637 -29.3977 34.5827
      vertex 37.0906 -28.6255 35.0286
    endloop
  endfacet
  facet normal -6.49375e-05 -0.4999 0.866083
    outer loop
      vertex 37.0163 -28.1366 35.3109
      vertex 39.4641 -26.7691 36.1004
      vertex 39.3259 -26.5766 36.2115
    endloop
  endfacet
  facet normal 4.75388e-05 -0.499931 0.866065
    outer loop
      vertex 39.8637 -29.3977 34.5827
      vertex 37.0789 -28.687 34.9931
      vertex 39.7877 -29.6146 34.4575
    endloop
  endfacet
  facet normal -1.76912e-05 -0.499991 0.866031
    outer loop
      vertex 36.9866 -28.0798 35.3436
      vertex 39.3259 -26.5766 36.2115
      vertex 39.1734 -26.3923 36.3179
    endloop
  endfacet
  facet normal -0.000230553 -0.50054 0.865714
    outer loop
      vertex 37.0625 -28.7477 34.958
      vertex 39.7877 -29.6146 34.4575
      vertex 37.0789 -28.687 34.9931
    endloop
  endfacet
  facet normal 0.000108889 -0.500101 0.865967
    outer loop
      vertex 36.9526 -28.0248 35.3754
      vertex 39.1734 -26.3923 36.3179
      vertex 39.0074 -26.2171 36.4191
    endloop
  endfacet
  facet normal 1.42759e-05 -0.499963 0.866047
    outer loop
      vertex 39.7877 -29.6146 34.4575
      vertex 37.0625 -28.7477 34.958
      vertex 39.6955 -29.8268 34.335
    endloop
  endfacet
  facet normal -0.000132705 -0.499906 0.86608
    outer loop
      vertex 36.9146 -27.9719 35.4059
      vertex 39.0074 -26.2171 36.4191
      vertex 38.8284 -26.0516 36.5146
    endloop
  endfacet
  facet normal 4.70969e-05 -0.499903 0.866082
    outer loop
      vertex 37.0416 -28.8073 34.9236
      vertex 39.6955 -29.8268 34.335
      vertex 37.0625 -28.7477 34.958
    endloop
  endfacet
  facet normal 0.000170742 -0.500129 0.865951
    outer loop
      vertex 36.8727 -27.9212 35.4352
      vertex 38.8284 -26.0516 36.5146
      vertex 38.6374 -25.8967 36.6041
    endloop
  endfacet
  facet normal -4.9178e-05 -0.500091 0.865973
    outer loop
      vertex 39.6955 -29.8268 34.335
      vertex 37.0416 -28.8073 34.9236
      vertex 39.5875 -30.0332 34.2158
    endloop
  endfacet
  facet normal -7.51232e-05 -0.499976 0.86604
    outer loop
      vertex 36.827 -27.873 35.463
      vertex 38.6374 -25.8967 36.6041
      vertex 38.435 -25.7529 36.6871
    endloop
  endfacet
  facet normal 0.000119521 -0.499828 0.866125
    outer loop
      vertex 39.5875 -30.0332 34.2158
      vertex 37.0416 -28.8073 34.9236
      vertex 39.4641 -30.2332 34.1004
    endloop
  endfacet
  facet normal -0.00019004 -0.499895 0.866086
    outer loop
      vertex 36.7778 -27.8275 35.4893
      vertex 38.435 -25.7529 36.6871
      vertex 38.2223 -25.6208 36.7633
    endloop
  endfacet
  facet normal 0.000107564 -0.499843 0.866116
    outer loop
      vertex 37.0163 -28.8657 34.8899
      vertex 39.4641 -30.2332 34.1004
      vertex 37.0416 -28.8073 34.9236
    endloop
  endfacet
  facet normal -1.81925e-05 -0.499977 0.866038
    outer loop
      vertex 36.7253 -27.7849 35.5139
      vertex 38.2223 -25.6208 36.7633
      vertex 38 -25.5011 36.8324
    endloop
  endfacet
  facet normal -0.000114442 -0.500141 0.865944
    outer loop
      vertex 39.4641 -30.2332 34.1004
      vertex 37.0163 -28.8657 34.8899
      vertex 39.3259 -30.4257 33.9892
    endloop
  endfacet
  facet normal 0.000113332 -0.500053 0.865995
    outer loop
      vertex 36.6696 -27.7453 35.5367
      vertex 38 -25.5011 36.8324
      vertex 37.7692 -25.3943 36.8941
    endloop
  endfacet
  facet normal -4.01976e-05 -0.500059 0.865992
    outer loop
      vertex 36.9866 -28.9225 34.8571
      vertex 39.3259 -30.4257 33.9892
      vertex 37.0163 -28.8657 34.8899
    endloop
  endfacet
  facet normal -0.000120293 -0.499952 0.866053
    outer loop
      vertex 36.55 -27.6761 35.5767
      vertex 37.7692 -25.3943 36.8941
      vertex 37.5307 -25.3007 36.9481
    endloop
  endfacet
  facet normal 0.000101049 -0.499894 0.866087
    outer loop
      vertex 39.3259 -30.4257 33.9892
      vertex 36.9866 -28.9225 34.8571
      vertex 39.1734 -30.6099 33.8829
    endloop
  endfacet
  facet normal 9.14643e-05 -0.500013 0.866018
    outer loop
      vertex 36.4865 -27.6467 35.5937
      vertex 37.5307 -25.3007 36.9481
      vertex 37.2858 -25.2209 36.9942
    endloop
  endfacet
  facet normal -3.41666e-05 -0.500025 0.866011
    outer loop
      vertex 36.9526 -28.9774 34.8254
      vertex 39.1734 -30.6099 33.8829
      vertex 36.9866 -28.9225 34.8571
    endloop
  endfacet
  facet normal 1.47553e-05 -0.499975 0.86604
    outer loop
      vertex 39.1734 -30.6099 33.8829
      vertex 36.9526 -28.9774 34.8254
      vertex 39.0074 -30.7852 33.7817
    endloop
  endfacet
  facet normal 2.47276e-05 -0.500323 0.865839
    outer loop
      vertex 39.9914 -28.2746 35.2312
      vertex 37.0976 -28.4388 35.1364
      vertex 37.1 -28.5011 35.1004
    endloop
  endfacet
  facet normal 2.3214e-05 -0.500043 0.866001
    outer loop
      vertex 39.9658 -28.049 35.3614
      vertex 37.0906 -28.3768 35.1722
      vertex 37.0976 -28.4388 35.1364
    endloop
  endfacet
  facet normal -2.41135e-07 -0.499926 0.866068
    outer loop
      vertex 39.8637 -27.6045 35.618
      vertex 37.0789 -28.3153 35.2077
      vertex 37.0906 -28.3768 35.1722
    endloop
  endfacet
  facet normal -0.000199742 -0.499557 0.866281
    outer loop
      vertex 39.7877 -27.3876 35.7433
      vertex 37.0625 -28.2546 35.2427
      vertex 37.0789 -28.3153 35.2077
    endloop
  endfacet
  facet normal 0.000172695 -0.500305 0.865849
    outer loop
      vertex 39.6955 -27.1755 35.8657
      vertex 37.0416 -28.1949 35.2772
      vertex 37.0625 -28.2546 35.2427
    endloop
  endfacet
  facet normal 3.25549e-05 -0.500009 0.86602
    outer loop
      vertex 36.421 -27.621 35.6085
      vertex 37.2858 -25.2209 36.9942
      vertex 37.0353 -25.1551 37.0322
    endloop
  endfacet
  facet normal 0.000277855 -0.50036 0.865817
    outer loop
      vertex 39.4641 -26.7691 36.1004
      vertex 37.0163 -28.1366 35.3109
      vertex 37.0416 -28.1949 35.2772
    endloop
  endfacet
  facet normal -0.000693511 -0.499202 0.866485
    outer loop
      vertex 39.3259 -26.5766 36.2115
      vertex 36.9866 -28.0798 35.3436
      vertex 37.0163 -28.1366 35.3109
    endloop
  endfacet
  facet normal 0.000370403 -0.500368 0.865813
    outer loop
      vertex 39.1734 -26.3923 36.3179
      vertex 36.9526 -28.0248 35.3754
      vertex 36.9866 -28.0798 35.3436
    endloop
  endfacet
  facet normal -0.000375406 -0.499688 0.866205
    outer loop
      vertex 39.0074 -26.2171 36.4191
      vertex 36.9146 -27.9719 35.4059
      vertex 36.9526 -28.0248 35.3754
    endloop
  endfacet
  facet normal 0.000261983 -0.500201 0.86591
    outer loop
      vertex 38.8284 -26.0516 36.5146
      vertex 36.8727 -27.9212 35.4352
      vertex 36.9146 -27.9719 35.4059
    endloop
  endfacet
  facet normal -0.000292061 -0.499826 0.866126
    outer loop
      vertex 38.6374 -25.8967 36.6041
      vertex 36.827 -27.873 35.463
      vertex 36.8727 -27.9212 35.4352
    endloop
  endfacet
  facet normal 0.000212822 -0.500048 0.865998
    outer loop
      vertex 36.3536 -27.599 35.6212
      vertex 37.0353 -25.1551 37.0322
      vertex 36.7804 -25.1036 37.062
    endloop
  endfacet
  facet normal 0.000302897 -0.500191 0.865915
    outer loop
      vertex 38.435 -25.7529 36.6871
      vertex 36.7778 -27.8275 35.4893
      vertex 36.827 -27.873 35.463
    endloop
  endfacet
  facet normal 6.06351e-05 -0.500018 0.866015
    outer loop
      vertex 38.2223 -25.6208 36.7633
      vertex 36.7253 -27.7849 35.5139
      vertex 36.7778 -27.8275 35.4893
    endloop
  endfacet
  facet normal -0.000692041 -0.499695 0.866201
    outer loop
      vertex 38 -25.5011 36.8324
      vertex 36.6696 -27.7453 35.5367
      vertex 36.7253 -27.7849 35.5139
    endloop
  endfacet
  facet normal 0.000475198 -0.50018 0.865921
    outer loop
      vertex 37.7692 -25.3943 36.8941
      vertex 36.6111 -27.709 35.5577
      vertex 36.6696 -27.7453 35.5367
    endloop
  endfacet
  facet normal 5.66312e-05 -0.500023 0.866012
    outer loop
      vertex 37.7692 -25.3943 36.8941
      vertex 36.55 -27.6761 35.5767
      vertex 36.6111 -27.709 35.5577
    endloop
  endfacet
  facet normal -1.71589e-05 -0.500016 0.866016
    outer loop
      vertex 36.2146 -27.5668 35.6398
      vertex 36.7804 -25.1036 37.062
      vertex 36.5221 -25.0667 37.0833
    endloop
  endfacet
  facet normal 0.000301913 -0.500083 0.865977
    outer loop
      vertex 37.5307 -25.3007 36.9481
      vertex 36.4865 -27.6467 35.5937
      vertex 36.55 -27.6761 35.5767
    endloop
  endfacet
  facet normal -0.000439293 -0.499882 0.866094
    outer loop
      vertex 37.2858 -25.2209 36.9942
      vertex 36.421 -27.621 35.6085
      vertex 36.4865 -27.6467 35.5937
    endloop
  endfacet
  facet normal -2.15403e-05 -0.499999 0.866026
    outer loop
      vertex 37.0353 -25.1551 37.0322
      vertex 36.3536 -27.599 35.6212
      vertex 36.421 -27.621 35.6085
    endloop
  endfacet
  facet normal -0.000608937 -0.499943 0.866058
    outer loop
      vertex 36.7804 -25.1036 37.062
      vertex 36.2847 -27.5809 35.6316
      vertex 36.3536 -27.599 35.6212
    endloop
  endfacet
  facet normal -0.000247476 -0.499986 0.866033
    outer loop
      vertex 36.1436 -27.5566 35.6457
      vertex 36.5221 -25.0667 37.0833
      vertex 36.2616 -25.0444 37.0961
    endloop
  endfacet
  facet normal 0.000696119 -0.500138 0.865945
    outer loop
      vertex 36.7804 -25.1036 37.062
      vertex 36.2146 -27.5668 35.6398
      vertex 36.2847 -27.5809 35.6316
    endloop
  endfacet
  facet normal 0.000128911 -0.500029 0.866009
    outer loop
      vertex 36.5221 -25.0667 37.0833
      vertex 36.1436 -27.5566 35.6457
      vertex 36.2146 -27.5668 35.6398
    endloop
  endfacet
  facet normal -0.000262141 -0.499986 0.866034
    outer loop
      vertex 36.2616 -25.0444 37.0961
      vertex 36.0719 -27.5505 35.6492
      vertex 36.1436 -27.5566 35.6457
    endloop
  endfacet
  facet normal 9.11762e-05 -0.500006 0.866022
    outer loop
      vertex 36 -25.037 37.1004
      vertex 36.0719 -27.5505 35.6492
      vertex 36.2616 -25.0444 37.0961
    endloop
  endfacet
  facet normal 0.000545773 -0.499996 0.866028
    outer loop
      vertex 36 -25.037 37.1004
      vertex 36 -27.5485 35.6504
      vertex 36.0719 -27.5505 35.6492
    endloop
  endfacet
  facet normal -0.000545773 -0.499996 0.866028
    outer loop
      vertex 36 -25.037 37.1004
      vertex 35.9281 -27.5505 35.6492
      vertex 36 -27.5485 35.6504
    endloop
  endfacet
  facet normal -9.11762e-05 -0.500006 0.866022
    outer loop
      vertex 35.7384 -25.0444 37.0961
      vertex 35.9281 -27.5505 35.6492
      vertex 36 -25.037 37.1004
    endloop
  endfacet
  facet normal 0.000262141 -0.499986 0.866034
    outer loop
      vertex 35.9281 -27.5505 35.6492
      vertex 35.7384 -25.0444 37.0961
      vertex 35.8564 -27.5566 35.6457
    endloop
  endfacet
  facet normal 0.000247476 -0.499986 0.866033
    outer loop
      vertex 35.4779 -25.0667 37.0833
      vertex 35.8564 -27.5566 35.6457
      vertex 35.7384 -25.0444 37.0961
    endloop
  endfacet
  facet normal -0.000128911 -0.500029 0.866009
    outer loop
      vertex 35.8564 -27.5566 35.6457
      vertex 35.4779 -25.0667 37.0833
      vertex 35.7854 -27.5668 35.6398
    endloop
  endfacet
  facet normal 1.71589e-05 -0.500016 0.866016
    outer loop
      vertex 35.2196 -25.1036 37.062
      vertex 35.7854 -27.5668 35.6398
      vertex 35.4779 -25.0667 37.0833
    endloop
  endfacet
  facet normal -0.000696119 -0.500138 0.865945
    outer loop
      vertex 35.7854 -27.5668 35.6398
      vertex 35.2196 -25.1036 37.062
      vertex 35.7153 -27.5809 35.6316
    endloop
  endfacet
  facet normal 0.000608937 -0.499943 0.866058
    outer loop
      vertex 35.7153 -27.5809 35.6316
      vertex 35.2196 -25.1036 37.062
      vertex 35.6464 -27.599 35.6212
    endloop
  endfacet
  facet normal -0.000212822 -0.500048 0.865998
    outer loop
      vertex 34.9647 -25.1551 37.0322
      vertex 35.6464 -27.599 35.6212
      vertex 35.2196 -25.1036 37.062
    endloop
  endfacet
  facet normal 2.15403e-05 -0.499999 0.866026
    outer loop
      vertex 35.6464 -27.599 35.6212
      vertex 34.9647 -25.1551 37.0322
      vertex 35.579 -27.621 35.6085
    endloop
  endfacet
  facet normal -3.25549e-05 -0.500009 0.86602
    outer loop
      vertex 34.7142 -25.2209 36.9942
      vertex 35.579 -27.621 35.6085
      vertex 34.9647 -25.1551 37.0322
    endloop
  endfacet
  facet normal 0.000439293 -0.499882 0.866094
    outer loop
      vertex 35.579 -27.621 35.6085
      vertex 34.7142 -25.2209 36.9942
      vertex 35.5135 -27.6467 35.5937
    endloop
  endfacet
  facet normal -9.14643e-05 -0.500013 0.866018
    outer loop
      vertex 34.4693 -25.3007 36.9481
      vertex 35.5135 -27.6467 35.5937
      vertex 34.7142 -25.2209 36.9942
    endloop
  endfacet
  facet normal -0.000301913 -0.500083 0.865977
    outer loop
      vertex 35.5135 -27.6467 35.5937
      vertex 34.4693 -25.3007 36.9481
      vertex 35.45 -27.6761 35.5767
    endloop
  endfacet
  facet normal 0.000120293 -0.499952 0.866053
    outer loop
      vertex 34.2308 -25.3943 36.8941
      vertex 35.45 -27.6761 35.5767
      vertex 34.4693 -25.3007 36.9481
    endloop
  endfacet
  facet normal -5.66312e-05 -0.500023 0.866012
    outer loop
      vertex 35.45 -27.6761 35.5767
      vertex 34.2308 -25.3943 36.8941
      vertex 35.3889 -27.709 35.5577
    endloop
  endfacet
  facet normal -0.000475198 -0.50018 0.865921
    outer loop
      vertex 35.3889 -27.709 35.5577
      vertex 34.2308 -25.3943 36.8941
      vertex 35.3304 -27.7453 35.5367
    endloop
  endfacet
  facet normal -0.000113332 -0.500053 0.865995
    outer loop
      vertex 34 -25.5011 36.8324
      vertex 35.3304 -27.7453 35.5367
      vertex 34.2308 -25.3943 36.8941
    endloop
  endfacet
  facet normal 0.000692041 -0.499695 0.866201
    outer loop
      vertex 35.3304 -27.7453 35.5367
      vertex 34 -25.5011 36.8324
      vertex 35.2747 -27.7849 35.5139
    endloop
  endfacet
  facet normal 1.81925e-05 -0.499977 0.866038
    outer loop
      vertex 33.7777 -25.6208 36.7633
      vertex 35.2747 -27.7849 35.5139
      vertex 34 -25.5011 36.8324
    endloop
  endfacet
  facet normal -6.06351e-05 -0.500018 0.866015
    outer loop
      vertex 35.2747 -27.7849 35.5139
      vertex 33.7777 -25.6208 36.7633
      vertex 35.2222 -27.8275 35.4893
    endloop
  endfacet
  facet normal 0.00019004 -0.499895 0.866086
    outer loop
      vertex 33.565 -25.7529 36.6871
      vertex 35.2222 -27.8275 35.4893
      vertex 33.7777 -25.6208 36.7633
    endloop
  endfacet
  facet normal -0.000302897 -0.500191 0.865915
    outer loop
      vertex 35.2222 -27.8275 35.4893
      vertex 33.565 -25.7529 36.6871
      vertex 35.173 -27.873 35.463
    endloop
  endfacet
  facet normal 7.51232e-05 -0.499976 0.86604
    outer loop
      vertex 33.3626 -25.8967 36.6041
      vertex 35.173 -27.873 35.463
      vertex 33.565 -25.7529 36.6871
    endloop
  endfacet
  facet normal 0.000292061 -0.499826 0.866126
    outer loop
      vertex 35.173 -27.873 35.463
      vertex 33.3626 -25.8967 36.6041
      vertex 35.1273 -27.9212 35.4352
    endloop
  endfacet
  facet normal -0.000170742 -0.500129 0.865951
    outer loop
      vertex 33.1716 -26.0516 36.5146
      vertex 35.1273 -27.9212 35.4352
      vertex 33.3626 -25.8967 36.6041
    endloop
  endfacet
  facet normal -0.000261983 -0.500201 0.86591
    outer loop
      vertex 35.1273 -27.9212 35.4352
      vertex 33.1716 -26.0516 36.5146
      vertex 35.0854 -27.9719 35.4059
    endloop
  endfacet
  facet normal 0.000132705 -0.499906 0.86608
    outer loop
      vertex 32.9926 -26.2171 36.4191
      vertex 35.0854 -27.9719 35.4059
      vertex 33.1716 -26.0516 36.5146
    endloop
  endfacet
  facet normal 0.000375406 -0.499688 0.866205
    outer loop
      vertex 35.0854 -27.9719 35.4059
      vertex 32.9926 -26.2171 36.4191
      vertex 35.0474 -28.0248 35.3754
    endloop
  endfacet
  facet normal -1.25807e-05 -0.499999 0.866026
    outer loop
      vertex 36.9146 -29.0304 34.7948
      vertex 39.0074 -30.7852 33.7817
      vertex 36.9526 -28.9774 34.8254
    endloop
  endfacet
  facet normal -2.18519e-05 -0.500007 0.866021
    outer loop
      vertex 39.0074 -30.7852 33.7817
      vertex 36.9146 -29.0304 34.7948
      vertex 38.8284 -30.9506 33.6862
    endloop
  endfacet
  facet normal 0.000123688 -0.499898 0.866084
    outer loop
      vertex 36.8727 -29.081 34.7656
      vertex 38.8284 -30.9506 33.6862
      vertex 36.9146 -29.0304 34.7948
    endloop
  endfacet
  facet normal -2.91196e-05 -0.500018 0.866015
    outer loop
      vertex 38.8284 -30.9506 33.6862
      vertex 36.8727 -29.081 34.7656
      vertex 38.6374 -31.1056 33.5967
    endloop
  endfacet
  facet normal -0.000708665 -0.500462 0.865758
    outer loop
      vertex 36.827 -29.1292 34.7377
      vertex 38.6374 -31.1056 33.5967
      vertex 36.8727 -29.081 34.7656
    endloop
  endfacet
  facet normal 4.53777e-05 -0.499944 0.866058
    outer loop
      vertex 38.6374 -31.1056 33.5967
      vertex 36.827 -29.1292 34.7377
      vertex 38.435 -31.2494 33.5137
    endloop
  endfacet
  facet normal 0.000696813 -0.499573 0.866271
    outer loop
      vertex 36.7778 -29.1747 34.7115
      vertex 38.435 -31.2494 33.5137
      vertex 36.827 -29.1292 34.7377
    endloop
  endfacet
  facet normal -0.000249285 -0.50014 0.865944
    outer loop
      vertex 38.435 -31.2494 33.5137
      vertex 36.7778 -29.1747 34.7115
      vertex 38.2223 -31.3814 33.4374
    endloop
  endfacet
  facet normal -3.9837e-05 -0.500038 0.866004
    outer loop
      vertex 36.7253 -29.2173 34.6869
      vertex 38.2223 -31.3814 33.4374
      vertex 36.7778 -29.1747 34.7115
    endloop
  endfacet
  facet normal 3.38923e-05 -0.499999 0.866026
    outer loop
      vertex 38.2223 -31.3814 33.4374
      vertex 36.7253 -29.2173 34.6869
      vertex 38 -31.5011 33.3683
    endloop
  endfacet
  facet normal -0.000401854 -0.500182 0.86592
    outer loop
      vertex 36.6696 -29.2569 34.664
      vertex 38 -31.5011 33.3683
      vertex 36.7253 -29.2173 34.6869
    endloop
  endfacet
  facet normal 5.66575e-05 -0.499978 0.866038
    outer loop
      vertex 38 -31.5011 33.3683
      vertex 36.6696 -29.2569 34.664
      vertex 37.7692 -31.608 33.3066
    endloop
  endfacet
  facet normal 0.000662013 -0.499765 0.866161
    outer loop
      vertex 36.6111 -29.2932 34.6431
      vertex 37.7692 -31.608 33.3066
      vertex 36.6696 -29.2569 34.664
    endloop
  endfacet
  facet normal -4.99241e-05 -0.500033 0.866007
    outer loop
      vertex 36.55 -29.3261 34.6241
      vertex 37.7692 -31.608 33.3066
      vertex 36.6111 -29.2932 34.6431
    endloop
  endfacet
  facet normal -4.78244e-05 -0.500032 0.866007
    outer loop
      vertex 37.7692 -31.608 33.3066
      vertex 36.55 -29.3261 34.6241
      vertex 37.5307 -31.7015 33.2526
    endloop
  endfacet
  facet normal -0.000287738 -0.500106 0.865964
    outer loop
      vertex 36.4865 -29.3555 34.6071
      vertex 37.5307 -31.7015 33.2526
      vertex 36.55 -29.3261 34.6241
    endloop
  endfacet
  facet normal 9.73355e-05 -0.499978 0.866038
    outer loop
      vertex 37.5307 -31.7015 33.2526
      vertex 36.4865 -29.3555 34.6071
      vertex 37.2858 -31.7814 33.2065
    endloop
  endfacet
  facet normal -0.000726223 -0.500181 0.865921
    outer loop
      vertex 36.421 -29.3812 34.5922
      vertex 37.2858 -31.7814 33.2065
      vertex 36.4865 -29.3555 34.6071
    endloop
  endfacet
  facet normal -3.75542e-05 -0.499995 0.866028
    outer loop
      vertex 37.2858 -31.7814 33.2065
      vertex 36.421 -29.3812 34.5922
      vertex 37.0353 -31.8472 33.1685
    endloop
  endfacet
  facet normal 0.00120389 -0.499763 0.866162
    outer loop
      vertex 36.3536 -29.4032 34.5796
      vertex 37.0353 -31.8472 33.1685
      vertex 36.421 -29.3812 34.5922
    endloop
  endfacet
  facet normal 0.000111662 -0.499992 0.86603
    outer loop
      vertex 37.0353 -31.8472 33.1685
      vertex 36.3536 -29.4032 34.5796
      vertex 36.7804 -31.8987 33.1388
    endloop
  endfacet
  facet normal -0.000598976 -0.500083 0.865978
    outer loop
      vertex 36.2847 -29.4213 34.5691
      vertex 36.7804 -31.8987 33.1388
      vertex 36.3536 -29.4032 34.5796
    endloop
  endfacet
  facet normal 0.000480796 -0.499921 0.866071
    outer loop
      vertex 36.2146 -29.4354 34.561
      vertex 36.7804 -31.8987 33.1388
      vertex 36.2847 -29.4213 34.5691
    endloop
  endfacet
  facet normal 1.43514e-05 -0.500001 0.866025
    outer loop
      vertex 36.7804 -31.8987 33.1388
      vertex 36.2146 -29.4354 34.561
      vertex 36.5221 -31.9356 33.1175
    endloop
  endfacet
  facet normal -0.000131736 -0.500014 0.866017
    outer loop
      vertex 36.1436 -29.4456 34.5551
      vertex 36.5221 -31.9356 33.1175
      vertex 36.2146 -29.4354 34.561
    endloop
  endfacet
  facet normal 5.63076e-05 -0.499993 0.866029
    outer loop
      vertex 36.5221 -31.9356 33.1175
      vertex 36.1436 -29.4456 34.5551
      vertex 36.2616 -31.9578 33.1047
    endloop
  endfacet
  facet normal 0.000262141 -0.499986 0.866034
    outer loop
      vertex 36.0719 -29.4517 34.5516
      vertex 36.2616 -31.9578 33.1047
      vertex 36.1436 -29.4456 34.5551
    endloop
  endfacet
  facet normal -0.000545773 -0.499996 0.866028
    outer loop
      vertex 36 -31.9652 33.1004
      vertex 36.0719 -29.4517 34.5516
      vertex 36 -29.4537 34.5504
    endloop
  endfacet
  facet normal -9.11762e-05 -0.500006 0.866022
    outer loop
      vertex 36.0719 -29.4517 34.5516
      vertex 36 -31.9652 33.1004
      vertex 36.2616 -31.9578 33.1047
    endloop
  endfacet
  facet normal 0.000545773 -0.499996 0.866028
    outer loop
      vertex 35.9281 -29.4517 34.5516
      vertex 36 -31.9652 33.1004
      vertex 36 -29.4537 34.5504
    endloop
  endfacet
  facet normal -0.000262141 -0.499986 0.866034
    outer loop
      vertex 35.7384 -31.9578 33.1047
      vertex 35.9281 -29.4517 34.5516
      vertex 35.8564 -29.4456 34.5551
    endloop
  endfacet
  facet normal 0.000131736 -0.500014 0.866017
    outer loop
      vertex 35.4779 -31.9356 33.1175
      vertex 35.8564 -29.4456 34.5551
      vertex 35.7854 -29.4354 34.561
    endloop
  endfacet
  facet normal 9.11762e-05 -0.500006 0.866022
    outer loop
      vertex 35.9281 -29.4517 34.5516
      vertex 35.7384 -31.9578 33.1047
      vertex 36 -31.9652 33.1004
    endloop
  endfacet
  facet normal -0.000480796 -0.499921 0.866071
    outer loop
      vertex 35.2196 -31.8987 33.1388
      vertex 35.7854 -29.4354 34.561
      vertex 35.7153 -29.4213 34.5691
    endloop
  endfacet
  facet normal 0.000598976 -0.500083 0.865978
    outer loop
      vertex 35.2196 -31.8987 33.1388
      vertex 35.7153 -29.4213 34.5691
      vertex 35.6464 -29.4032 34.5796
    endloop
  endfacet
  facet normal -0.00120389 -0.499763 0.866162
    outer loop
      vertex 34.9647 -31.8472 33.1685
      vertex 35.6464 -29.4032 34.5796
      vertex 35.579 -29.3812 34.5922
    endloop
  endfacet
  facet normal 0.000726223 -0.500181 0.865921
    outer loop
      vertex 34.7142 -31.7814 33.2065
      vertex 35.579 -29.3812 34.5922
      vertex 35.5135 -29.3555 34.6071
    endloop
  endfacet
  facet normal -5.63076e-05 -0.499993 0.866029
    outer loop
      vertex 35.8564 -29.4456 34.5551
      vertex 35.4779 -31.9356 33.1175
      vertex 35.7384 -31.9578 33.1047
    endloop
  endfacet
  facet normal 0.000287738 -0.500106 0.865964
    outer loop
      vertex 34.4693 -31.7015 33.2526
      vertex 35.5135 -29.3555 34.6071
      vertex 35.45 -29.3261 34.6241
    endloop
  endfacet
  facet normal 4.99241e-05 -0.500033 0.866007
    outer loop
      vertex 34.2308 -31.608 33.3066
      vertex 35.45 -29.3261 34.6241
      vertex 35.3889 -29.2932 34.6431
    endloop
  endfacet
  facet normal -0.000662013 -0.499765 0.866161
    outer loop
      vertex 34.2308 -31.608 33.3066
      vertex 35.3889 -29.2932 34.6431
      vertex 35.3304 -29.2569 34.664
    endloop
  endfacet
  facet normal 0.000401854 -0.500182 0.86592
    outer loop
      vertex 34 -31.5011 33.3683
      vertex 35.3304 -29.2569 34.664
      vertex 35.2747 -29.2173 34.6869
    endloop
  endfacet
  facet normal 3.9837e-05 -0.500038 0.866004
    outer loop
      vertex 33.7777 -31.3814 33.4374
      vertex 35.2747 -29.2173 34.6869
      vertex 35.2222 -29.1747 34.7115
    endloop
  endfacet
  facet normal -1.43514e-05 -0.500001 0.866025
    outer loop
      vertex 35.7854 -29.4354 34.561
      vertex 35.2196 -31.8987 33.1388
      vertex 35.4779 -31.9356 33.1175
    endloop
  endfacet
  facet normal -0.000696813 -0.499573 0.866271
    outer loop
      vertex 33.565 -31.2494 33.5137
      vertex 35.2222 -29.1747 34.7115
      vertex 35.173 -29.1292 34.7377
    endloop
  endfacet
  facet normal 0.000708665 -0.500462 0.865758
    outer loop
      vertex 33.3626 -31.1056 33.5967
      vertex 35.173 -29.1292 34.7377
      vertex 35.1273 -29.081 34.7656
    endloop
  endfacet
  facet normal -0.000123688 -0.499898 0.866084
    outer loop
      vertex 33.1716 -30.9506 33.6862
      vertex 35.1273 -29.081 34.7656
      vertex 35.0854 -29.0304 34.7948
    endloop
  endfacet
  facet normal 1.25807e-05 -0.499999 0.866026
    outer loop
      vertex 32.9926 -30.7852 33.7817
      vertex 35.0854 -29.0304 34.7948
      vertex 35.0474 -28.9774 34.8254
    endloop
  endfacet
  facet normal 3.41666e-05 -0.500025 0.866011
    outer loop
      vertex 32.8266 -30.6099 33.8829
      vertex 35.0474 -28.9774 34.8254
      vertex 35.0134 -28.9225 34.8571
    endloop
  endfacet
  facet normal 4.01976e-05 -0.500059 0.865992
    outer loop
      vertex 32.6741 -30.4257 33.9892
      vertex 35.0134 -28.9225 34.8571
      vertex 34.9837 -28.8657 34.8899
    endloop
  endfacet
  facet normal -0.000111662 -0.499992 0.86603
    outer loop
      vertex 35.6464 -29.4032 34.5796
      vertex 34.9647 -31.8472 33.1685
      vertex 35.2196 -31.8987 33.1388
    endloop
  endfacet
  facet normal -0.000107564 -0.499843 0.866116
    outer loop
      vertex 32.5359 -30.2332 34.1004
      vertex 34.9837 -28.8657 34.8899
      vertex 34.9584 -28.8073 34.9236
    endloop
  endfacet
  facet normal -4.70969e-05 -0.499903 0.866082
    outer loop
      vertex 32.3045 -29.8268 34.335
      vertex 34.9584 -28.8073 34.9236
      vertex 34.9375 -28.7477 34.958
    endloop
  endfacet
  facet normal 0.000230553 -0.50054 0.865714
    outer loop
      vertex 32.2123 -29.6146 34.4575
      vertex 34.9375 -28.7477 34.958
      vertex 34.9211 -28.687 34.9931
    endloop
  endfacet
  facet normal -4.70214e-05 -0.499932 0.866064
    outer loop
      vertex 32.1363 -29.3977 34.5827
      vertex 34.9211 -28.687 34.9931
      vertex 34.9094 -28.6255 35.0286
    endloop
  endfacet
  facet normal -9.72001e-05 -0.499449 0.866343
    outer loop
      vertex 32.0342 -28.9533 34.8393
      vertex 34.9094 -28.6255 35.0286
      vertex 34.9024 -28.5634 35.0644
    endloop
  endfacet
  facet normal 4.19794e-05 -0.500323 0.865839
    outer loop
      vertex 32.0086 -28.7277 34.9696
      vertex 34.9024 -28.5634 35.0644
      vertex 34.9 -28.5011 35.1004
    endloop
  endfacet
  facet normal -0.000108889 -0.500101 0.865967
    outer loop
      vertex 32.8266 -26.3923 36.3179
      vertex 35.0474 -28.0248 35.3754
      vertex 32.9926 -26.2171 36.4191
    endloop
  endfacet
  facet normal 3.75542e-05 -0.499995 0.866028
    outer loop
      vertex 35.579 -29.3812 34.5922
      vertex 34.7142 -31.7814 33.2065
      vertex 34.9647 -31.8472 33.1685
    endloop
  endfacet
  facet normal -0.000370403 -0.500368 0.865813
    outer loop
      vertex 35.0474 -28.0248 35.3754
      vertex 32.8266 -26.3923 36.3179
      vertex 35.0134 -28.0798 35.3436
    endloop
  endfacet
  facet normal -9.73355e-05 -0.499978 0.866038
    outer loop
      vertex 35.5135 -29.3555 34.6071
      vertex 34.4693 -31.7015 33.2526
      vertex 34.7142 -31.7814 33.2065
    endloop
  endfacet
  facet normal 1.76912e-05 -0.499991 0.866031
    outer loop
      vertex 32.6741 -26.5766 36.2115
      vertex 35.0134 -28.0798 35.3436
      vertex 32.8266 -26.3923 36.3179
    endloop
  endfacet
  facet normal 4.78244e-05 -0.500032 0.866007
    outer loop
      vertex 35.45 -29.3261 34.6241
      vertex 34.2308 -31.608 33.3066
      vertex 34.4693 -31.7015 33.2526
    endloop
  endfacet
  facet normal 0.000693511 -0.499202 0.866485
    outer loop
      vertex 35.0134 -28.0798 35.3436
      vertex 32.6741 -26.5766 36.2115
      vertex 34.9837 -28.1366 35.3109
    endloop
  endfacet
  facet normal -5.66575e-05 -0.499978 0.866038
    outer loop
      vertex 35.3304 -29.2569 34.664
      vertex 34 -31.5011 33.3683
      vertex 34.2308 -31.608 33.3066
    endloop
  endfacet
  facet normal 6.49375e-05 -0.4999 0.866083
    outer loop
      vertex 32.5359 -26.7691 36.1004
      vertex 34.9837 -28.1366 35.3109
      vertex 32.6741 -26.5766 36.2115
    endloop
  endfacet
  facet normal -3.38923e-05 -0.499999 0.866026
    outer loop
      vertex 35.2747 -29.2173 34.6869
      vertex 33.7777 -31.3814 33.4374
      vertex 34 -31.5011 33.3683
    endloop
  endfacet
  facet normal -0.000277855 -0.50036 0.865817
    outer loop
      vertex 34.9837 -28.1366 35.3109
      vertex 32.5359 -26.7691 36.1004
      vertex 34.9584 -28.1949 35.2772
    endloop
  endfacet
  facet normal 0.000249285 -0.50014 0.865944
    outer loop
      vertex 35.2222 -29.1747 34.7115
      vertex 33.565 -31.2494 33.5137
      vertex 33.7777 -31.3814 33.4374
    endloop
  endfacet
  facet normal 2.67079e-05 -0.499972 0.866041
    outer loop
      vertex 32.4125 -26.969 35.985
      vertex 34.9584 -28.1949 35.2772
      vertex 32.5359 -26.7691 36.1004
    endloop
  endfacet
  facet normal -4.53777e-05 -0.499944 0.866058
    outer loop
      vertex 35.173 -29.1292 34.7377
      vertex 33.3626 -31.1056 33.5967
      vertex 33.565 -31.2494 33.5137
    endloop
  endfacet
  facet normal -0.000117323 -0.500197 0.865912
    outer loop
      vertex 32.3045 -27.1755 35.8657
      vertex 34.9584 -28.1949 35.2772
      vertex 32.4125 -26.969 35.985
    endloop
  endfacet
  facet normal 2.91196e-05 -0.500018 0.866015
    outer loop
      vertex 35.1273 -29.081 34.7656
      vertex 33.1716 -30.9506 33.6862
      vertex 33.3626 -31.1056 33.5967
    endloop
  endfacet
  facet normal -0.000172695 -0.500305 0.865849
    outer loop
      vertex 34.9584 -28.1949 35.2772
      vertex 32.3045 -27.1755 35.8657
      vertex 34.9375 -28.2546 35.2427
    endloop
  endfacet
  facet normal 2.18519e-05 -0.500007 0.866021
    outer loop
      vertex 35.0854 -29.0304 34.7948
      vertex 32.9926 -30.7852 33.7817
      vertex 33.1716 -30.9506 33.6862
    endloop
  endfacet
  facet normal 7.43224e-05 -0.499853 0.86611
    outer loop
      vertex 32.2123 -27.3876 35.7433
      vertex 34.9375 -28.2546 35.2427
      vertex 32.3045 -27.1755 35.8657
    endloop
  endfacet
  facet normal -1.47553e-05 -0.499975 0.86604
    outer loop
      vertex 35.0474 -28.9774 34.8254
      vertex 32.8266 -30.6099 33.8829
      vertex 32.9926 -30.7852 33.7817
    endloop
  endfacet
  facet normal 0.000199742 -0.499557 0.866281
    outer loop
      vertex 34.9375 -28.2546 35.2427
      vertex 32.2123 -27.3876 35.7433
      vertex 34.9211 -28.3153 35.2077
    endloop
  endfacet
  facet normal -0.000101049 -0.499894 0.866087
    outer loop
      vertex 35.0134 -28.9225 34.8571
      vertex 32.6741 -30.4257 33.9892
      vertex 32.8266 -30.6099 33.8829
    endloop
  endfacet
  facet normal -9.10201e-05 -0.500194 0.865913
    outer loop
      vertex 32.1363 -27.6045 35.618
      vertex 34.9211 -28.3153 35.2077
      vertex 32.2123 -27.3876 35.7433
    endloop
  endfacet
  facet normal 0.000114442 -0.500141 0.865944
    outer loop
      vertex 34.9837 -28.8657 34.8899
      vertex 32.5359 -30.2332 34.1004
      vertex 32.6741 -30.4257 33.9892
    endloop
  endfacet
  facet normal 2.41135e-07 -0.499926 0.866068
    outer loop
      vertex 34.9211 -28.3153 35.2077
      vertex 32.1363 -27.6045 35.618
      vertex 34.9094 -28.3768 35.1722
    endloop
  endfacet
  facet normal -0.000119521 -0.499828 0.866125
    outer loop
      vertex 34.9584 -28.8073 34.9236
      vertex 32.4125 -30.0332 34.2158
      vertex 32.5359 -30.2332 34.1004
    endloop
  endfacet
  facet normal 5.47716e-05 -0.499779 0.866153
    outer loop
      vertex 32.0769 -27.8253 35.4906
      vertex 34.9094 -28.3768 35.1722
      vertex 32.1363 -27.6045 35.618
    endloop
  endfacet
  facet normal 4.9178e-05 -0.500091 0.865973
    outer loop
      vertex 34.9584 -28.8073 34.9236
      vertex 32.3045 -29.8268 34.335
      vertex 32.4125 -30.0332 34.2158
    endloop
  endfacet
  facet normal -3.6526e-05 -0.50013 0.86595
    outer loop
      vertex 32.0342 -28.049 35.3614
      vertex 34.9094 -28.3768 35.1722
      vertex 32.0769 -27.8253 35.4906
    endloop
  endfacet
  facet normal -1.42759e-05 -0.499963 0.866047
    outer loop
      vertex 34.9375 -28.7477 34.958
      vertex 32.2123 -29.6146 34.4575
      vertex 32.3045 -29.8268 34.335
    endloop
  endfacet
  facet normal -2.3214e-05 -0.500043 0.866001
    outer loop
      vertex 34.9094 -28.3768 35.1722
      vertex 32.0342 -28.049 35.3614
      vertex 34.9024 -28.4388 35.1364
    endloop
  endfacet
  facet normal -4.75388e-05 -0.499931 0.866065
    outer loop
      vertex 34.9211 -28.687 34.9931
      vertex 32.1363 -29.3977 34.5827
      vertex 32.2123 -29.6146 34.4575
    endloop
  endfacet
  facet normal 1.05982e-05 -0.499856 0.866108
    outer loop
      vertex 32.0086 -28.2746 35.2312
      vertex 34.9024 -28.4388 35.1364
      vertex 32.0342 -28.049 35.3614
    endloop
  endfacet
  facet normal 1.02629e-06 -0.500062 0.86599
    outer loop
      vertex 34.9094 -28.6255 35.0286
      vertex 32.0769 -29.1769 34.7102
      vertex 32.1363 -29.3977 34.5827
    endloop
  endfacet
  facet normal -2.47276e-05 -0.500323 0.865839
    outer loop
      vertex 34.9024 -28.4388 35.1364
      vertex 32.0086 -28.2746 35.2312
      vertex 34.9 -28.5011 35.1004
    endloop
  endfacet
  facet normal -1.1206e-05 -0.500015 0.866017
    outer loop
      vertex 34.9094 -28.6255 35.0286
      vertex 32.0342 -28.9533 34.8393
      vertex 32.0769 -29.1769 34.7102
    endloop
  endfacet
  facet normal 0 -0.500086 0.865975
    outer loop
      vertex 32 -28.5011 35.1004
      vertex 34.9 -28.5011 35.1004
      vertex 32.0086 -28.2746 35.2312
    endloop
  endfacet
  facet normal 2.82169e-05 -0.500141 0.865944
    outer loop
      vertex 34.9024 -28.5634 35.0644
      vertex 32.0086 -28.7277 34.9696
      vertex 32.0342 -28.9533 34.8393
    endloop
  endfacet
  facet normal 0 -0.499921 0.866071
    outer loop
      vertex 34.9 -28.5011 35.1004
      vertex 32 -28.5011 35.1004
      vertex 32.0086 -28.7277 34.9696
    endloop
  endfacet
  facet normal -0.471326 0.763799 0.44098
    outer loop
      vertex 34.2308 -19.3943 26.5018
      vertex 34 -25.5011 36.8324
      vertex 34.2308 -25.3943 36.8941
    endloop
  endfacet
  facet normal -0.471326 0.763799 0.44098
    outer loop
      vertex 34 -25.5011 36.8324
      vertex 34.2308 -19.3943 26.5018
      vertex 34 -19.5011 26.4401
    endloop
  endfacet
  facet normal -0.634231 0.669562 0.386572
    outer loop
      vertex 33.565 -19.7529 26.2948
      vertex 33.3626 -25.8967 36.6041
      vertex 33.565 -25.7529 36.6871
    endloop
  endfacet
  facet normal -0.634231 0.669562 0.386572
    outer loop
      vertex 33.3626 -25.8967 36.6041
      vertex 33.565 -19.7529 26.2948
      vertex 33.3626 -19.8967 26.2118
    endloop
  endfacet
  facet normal -0.290271 0.828738 0.478472
    outer loop
      vertex 34.9647 -19.1551 26.6399
      vertex 34.7142 -25.2209 36.9942
      vertex 34.9647 -25.1551 37.0322
    endloop
  endfacet
  facet normal -0.290271 0.828738 0.478472
    outer loop
      vertex 34.7142 -25.2209 36.9942
      vertex 34.9647 -19.1551 26.6399
      vertex 34.7142 -19.2209 26.6019
    endloop
  endfacet
  facet normal -0.16275 0.854479 0.493334
    outer loop
      vertex 35.4779 -19.0667 26.691
      vertex 35.2196 -25.1036 37.062
      vertex 35.4779 -25.0667 37.0833
    endloop
  endfacet
  facet normal -0.162936 0.854454 0.493315
    outer loop
      vertex 35.2196 -25.1036 37.062
      vertex 35.4779 -19.0667 26.691
      vertex 35.2196 -19.1036 26.6696
    endloop
  endfacet
  facet normal 0.956909 -0.251484 -0.145194
    outer loop
      vertex 39.8637 -29.3977 34.5827
      vertex 39.7877 -23.6146 24.0652
      vertex 39.8637 -23.3977 24.1904
    endloop
  endfacet
  facet normal 0.956909 -0.251484 -0.145194
    outer loop
      vertex 39.7877 -23.6146 24.0652
      vertex 39.8637 -29.3977 34.5827
      vertex 39.7877 -29.6146 34.4575
    endloop
  endfacet
  facet normal 0.995207 -0.0846904 -0.048896
    outer loop
      vertex 39.9914 -28.7277 34.9696
      vertex 39.9658 -22.9533 24.447
      vertex 39.9914 -22.7277 24.5773
    endloop
  endfacet
  facet normal 0.995207 -0.0846904 -0.048896
    outer loop
      vertex 39.9658 -22.9533 24.447
      vertex 39.9914 -28.7277 34.9696
      vertex 39.9658 -28.9533 34.8393
    endloop
  endfacet
  facet normal 0.77323 -0.549169 -0.317063
    outer loop
      vertex 39.1734 -30.6099 33.8829
      vertex 39.0074 -24.7852 23.3894
      vertex 39.1734 -24.6099 23.4906
    endloop
  endfacet
  facet normal 0.77323 -0.549169 -0.317063
    outer loop
      vertex 39.0074 -24.7852 23.3894
      vertex 39.1734 -30.6099 33.8829
      vertex 39.0074 -30.7852 33.7817
    endloop
  endfacet
  facet normal -0.849273 -0.457222 -0.263977
    outer loop
      vertex 32.6741 -24.4257 23.5969
      vertex 32.5359 -30.2332 34.1004
      vertex 32.5359 -24.2332 23.7081
    endloop
  endfacet
  facet normal -0.849273 -0.457222 -0.263977
    outer loop
      vertex 32.5359 -30.2332 34.1004
      vertex 32.6741 -24.4257 23.5969
      vertex 32.6741 -30.4257 33.9892
    endloop
  endfacet
  facet normal -0.995207 -0.0846904 -0.048896
    outer loop
      vertex 32.0342 -22.9533 24.447
      vertex 32.0086 -28.7277 34.9696
      vertex 32.0086 -22.7277 24.5773
    endloop
  endfacet
  facet normal -0.995207 -0.0846904 -0.048896
    outer loop
      vertex 32.0086 -28.7277 34.9696
      vertex 32.0342 -22.9533 24.447
      vertex 32.0342 -28.9533 34.8393
    endloop
  endfacet
  facet normal 0.227134 -0.84339 -0.486932
    outer loop
      vertex 36.7804 -31.8987 33.1388
      vertex 37.0353 -25.8472 22.7762
      vertex 37.0353 -31.8472 33.1685
    endloop
  endfacet
  facet normal 0.227134 -0.84339 -0.486932
    outer loop
      vertex 37.0353 -25.8472 22.7762
      vertex 36.7804 -31.8987 33.1388
      vertex 36.7804 -25.8987 22.7465
    endloop
  endfacet
  facet normal 0.412423 -0.788942 -0.455496
    outer loop
      vertex 37.5307 -31.7015 33.2526
      vertex 37.7692 -25.608 22.9143
      vertex 37.7692 -31.608 33.3066
    endloop
  endfacet
  facet normal 0.412423 -0.788942 -0.455496
    outer loop
      vertex 37.7692 -25.608 22.9143
      vertex 37.5307 -31.7015 33.2526
      vertex 37.5307 -25.7015 22.8603
    endloop
  endfacet
  facet normal -0.99946 -0.0284504 -0.0164258
    outer loop
      vertex 32.0086 -22.7277 24.5773
      vertex 32 -28.5011 35.1004
      vertex 32 -22.5011 24.7081
    endloop
  endfacet
  facet normal -0.99946 -0.0284504 -0.0164258
    outer loop
      vertex 32 -28.5011 35.1004
      vertex 32.0086 -22.7277 24.5773
      vertex 32.0086 -28.7277 34.9696
    endloop
  endfacet
  facet normal 0.881955 -0.408187 -0.235667
    outer loop
      vertex 39.5875 -30.0332 34.2158
      vertex 39.4641 -24.2332 23.7081
      vertex 39.5875 -24.0332 23.8235
    endloop
  endfacet
  facet normal 0.881955 -0.408187 -0.235667
    outer loop
      vertex 39.4641 -24.2332 23.7081
      vertex 39.5875 -30.0332 34.2158
      vertex 39.4641 -30.2332 34.1004
    endloop
  endfacet
  facet normal 0.93593 -0.305002 -0.176093
    outer loop
      vertex 39.7877 -29.6146 34.4575
      vertex 39.6955 -23.8268 23.9427
      vertex 39.7877 -23.6146 24.0652
    endloop
  endfacet
  facet normal 0.93593 -0.305002 -0.176093
    outer loop
      vertex 39.6955 -23.8268 23.9427
      vertex 39.7877 -29.6146 34.4575
      vertex 39.6955 -29.8268 34.335
    endloop
  endfacet
  facet normal 0.973919 -0.196496 -0.113447
    outer loop
      vertex 39.9231 -29.1769 34.7102
      vertex 39.8637 -23.3977 24.1904
      vertex 39.9231 -23.1769 24.3179
    endloop
  endfacet
  facet normal 0.973919 -0.196496 -0.113447
    outer loop
      vertex 39.8637 -23.3977 24.1904
      vertex 39.9231 -29.1769 34.7102
      vertex 39.8637 -29.3977 34.5827
    endloop
  endfacet
  facet normal 0.986599 -0.141304 -0.0815819
    outer loop
      vertex 39.9658 -28.9533 34.8393
      vertex 39.9231 -23.1769 24.3179
      vertex 39.9658 -22.9533 24.447
    endloop
  endfacet
  facet normal 0.986599 -0.141304 -0.0815819
    outer loop
      vertex 39.9231 -23.1769 24.3179
      vertex 39.9658 -28.9533 34.8393
      vertex 39.9231 -29.1769 34.7102
    endloop
  endfacet
  facet normal 0.99946 -0.0284504 -0.0164258
    outer loop
      vertex 40 -28.5011 35.1004
      vertex 39.9914 -22.7277 24.5773
      vertex 40 -22.5011 24.7081
    endloop
  endfacet
  facet normal 0.99946 -0.0284504 -0.0164258
    outer loop
      vertex 39.9914 -22.7277 24.5773
      vertex 40 -28.5011 35.1004
      vertex 39.9914 -28.7277 34.9696
    endloop
  endfacet
  facet normal 0.471584 -0.76368 -0.440911
    outer loop
      vertex 37.7692 -31.608 33.3066
      vertex 38 -25.5011 22.976
      vertex 38 -31.5011 33.3683
    endloop
  endfacet
  facet normal 0.471584 -0.76368 -0.440911
    outer loop
      vertex 38 -25.5011 22.976
      vertex 37.7692 -31.608 33.3066
      vertex 37.7692 -25.608 22.9143
    endloop
  endfacet
  facet normal 0.528008 -0.735463 -0.42462
    outer loop
      vertex 38 -31.5011 33.3683
      vertex 38.2223 -25.3814 23.0451
      vertex 38.2223 -31.3814 33.4374
    endloop
  endfacet
  facet normal 0.528008 -0.735463 -0.42462
    outer loop
      vertex 38.2223 -25.3814 23.0451
      vertex 38 -31.5011 33.3683
      vertex 38 -25.5011 22.976
    endloop
  endfacet
  facet normal -0.683781 -0.631927 -0.364844
    outer loop
      vertex 33.3626 -25.1056 23.2044
      vertex 33.1716 -30.9506 33.6862
      vertex 33.1716 -24.9506 23.2939
    endloop
  endfacet
  facet normal -0.683781 -0.631927 -0.364844
    outer loop
      vertex 33.1716 -30.9506 33.6862
      vertex 33.3626 -25.1056 23.2044
      vertex 33.3626 -31.1056 33.5967
    endloop
  endfacet
  facet normal -0.77323 -0.549169 -0.317063
    outer loop
      vertex 32.9926 -24.7852 23.3894
      vertex 32.8266 -30.6099 33.8829
      vertex 32.8266 -24.6099 23.4906
    endloop
  endfacet
  facet normal -0.77323 -0.549169 -0.317063
    outer loop
      vertex 32.8266 -30.6099 33.8829
      vertex 32.9926 -24.7852 23.3894
      vertex 32.9926 -30.7852 33.7817
    endloop
  endfacet
  facet normal -0.72964 -0.592216 -0.341916
    outer loop
      vertex 33.1716 -24.9506 23.2939
      vertex 32.9926 -30.7852 33.7817
      vertex 32.9926 -24.7852 23.3894
    endloop
  endfacet
  facet normal -0.72964 -0.592216 -0.341916
    outer loop
      vertex 32.9926 -30.7852 33.7817
      vertex 33.1716 -24.9506 23.2939
      vertex 33.1716 -30.9506 33.6862
    endloop
  endfacet
  facet normal -0.910855 -0.357431 -0.206363
    outer loop
      vertex 32.4125 -24.0332 23.8235
      vertex 32.3045 -29.8268 34.335
      vertex 32.3045 -23.8268 23.9427
    endloop
  endfacet
  facet normal -0.910855 -0.357431 -0.206363
    outer loop
      vertex 32.3045 -29.8268 34.335
      vertex 32.4125 -24.0332 23.8235
      vertex 32.4125 -30.0332 34.2158
    endloop
  endfacet
  facet normal -0.956909 -0.251484 -0.145194
    outer loop
      vertex 32.2123 -23.6146 24.0652
      vertex 32.1363 -29.3977 34.5827
      vertex 32.1363 -23.3977 24.1904
    endloop
  endfacet
  facet normal -0.956909 -0.251484 -0.145194
    outer loop
      vertex 32.1363 -29.3977 34.5827
      vertex 32.2123 -23.6146 24.0652
      vertex 32.2123 -29.6146 34.4575
    endloop
  endfacet
  facet normal -0.93593 -0.305002 -0.176093
    outer loop
      vertex 32.3045 -23.8268 23.9427
      vertex 32.2123 -29.6146 34.4575
      vertex 32.2123 -23.6146 24.0652
    endloop
  endfacet
  facet normal -0.93593 -0.305002 -0.176093
    outer loop
      vertex 32.2123 -29.6146 34.4575
      vertex 32.3045 -23.8268 23.9427
      vertex 32.3045 -29.8268 34.335
    endloop
  endfacet
  facet normal -0.986599 -0.141304 -0.0815819
    outer loop
      vertex 32.0769 -23.1769 24.3179
      vertex 32.0342 -28.9533 34.8393
      vertex 32.0342 -22.9533 24.447
    endloop
  endfacet
  facet normal -0.986599 -0.141304 -0.0815819
    outer loop
      vertex 32.0342 -28.9533 34.8393
      vertex 32.0769 -23.1769 24.3179
      vertex 32.0769 -29.1769 34.7102
    endloop
  endfacet
  facet normal 0.910855 -0.357431 -0.206363
    outer loop
      vertex 39.6955 -29.8268 34.335
      vertex 39.5875 -24.0332 23.8235
      vertex 39.6955 -23.8268 23.9427
    endloop
  endfacet
  facet normal 0.910855 -0.357431 -0.206363
    outer loop
      vertex 39.5875 -24.0332 23.8235
      vertex 39.6955 -29.8268 34.335
      vertex 39.5875 -30.0332 34.2158
    endloop
  endfacet
  facet normal 0.849273 -0.457222 -0.263977
    outer loop
      vertex 39.4641 -30.2332 34.1004
      vertex 39.3259 -24.4257 23.5969
      vertex 39.4641 -24.2332 23.7081
    endloop
  endfacet
  facet normal 0.849273 -0.457222 -0.263977
    outer loop
      vertex 39.3259 -24.4257 23.5969
      vertex 39.4641 -30.2332 34.1004
      vertex 39.3259 -30.4257 33.9892
    endloop
  endfacet
  facet normal 0.812663 -0.504662 -0.291367
    outer loop
      vertex 39.3259 -30.4257 33.9892
      vertex 39.1734 -24.6099 23.4906
      vertex 39.3259 -24.4257 23.5969
    endloop
  endfacet
  facet normal 0.812663 -0.504662 -0.291367
    outer loop
      vertex 39.1734 -24.6099 23.4906
      vertex 39.3259 -30.4257 33.9892
      vertex 39.1734 -30.6099 33.8829
    endloop
  endfacet
  facet normal 0.683781 -0.631927 -0.364844
    outer loop
      vertex 38.8284 -30.9506 33.6862
      vertex 38.6374 -25.1056 23.2044
      vertex 38.8284 -24.9506 23.2939
    endloop
  endfacet
  facet normal 0.683781 -0.631927 -0.364844
    outer loop
      vertex 38.6374 -25.1056 23.2044
      vertex 38.8284 -30.9506 33.6862
      vertex 38.6374 -31.1056 33.5967
    endloop
  endfacet
  facet normal 0.634231 -0.669562 -0.386572
    outer loop
      vertex 38.435 -31.2494 33.5137
      vertex 38.6374 -25.1056 23.2044
      vertex 38.6374 -31.1056 33.5967
    endloop
  endfacet
  facet normal 0.634231 -0.669562 -0.386572
    outer loop
      vertex 38.6374 -25.1056 23.2044
      vertex 38.435 -31.2494 33.5137
      vertex 38.435 -25.2494 23.1214
    endloop
  endfacet
  facet normal -0.634231 -0.669562 -0.386572
    outer loop
      vertex 33.3626 -25.1056 23.2044
      vertex 33.565 -31.2494 33.5137
      vertex 33.3626 -31.1056 33.5967
    endloop
  endfacet
  facet normal -0.634231 -0.669562 -0.386572
    outer loop
      vertex 33.565 -31.2494 33.5137
      vertex 33.3626 -25.1056 23.2044
      vertex 33.565 -25.2494 23.1214
    endloop
  endfacet
  facet normal -0.290271 -0.828738 -0.478472
    outer loop
      vertex 34.7142 -25.7814 22.8142
      vertex 34.9647 -31.8472 33.1685
      vertex 34.7142 -31.7814 33.2065
    endloop
  endfacet
  facet normal -0.290271 -0.828738 -0.478472
    outer loop
      vertex 34.9647 -31.8472 33.1685
      vertex 34.7142 -25.7814 22.8142
      vertex 34.9647 -25.8472 22.7762
    endloop
  endfacet
  facet normal -0.0978989 -0.861865 -0.497598
    outer loop
      vertex 35.4779 -25.9356 22.7252
      vertex 35.7384 -31.9578 33.1047
      vertex 35.4779 -31.9356 33.1175
    endloop
  endfacet
  facet normal -0.0978989 -0.861865 -0.497598
    outer loop
      vertex 35.7384 -31.9578 33.1047
      vertex 35.4779 -25.9356 22.7252
      vertex 35.7384 -25.9578 22.7124
    endloop
  endfacet
  facet normal -0.812663 -0.504662 -0.291367
    outer loop
      vertex 32.8266 -24.6099 23.4906
      vertex 32.6741 -30.4257 33.9892
      vertex 32.6741 -24.4257 23.5969
    endloop
  endfacet
  facet normal -0.812663 -0.504662 -0.291367
    outer loop
      vertex 32.6741 -30.4257 33.9892
      vertex 32.8266 -24.6099 23.4906
      vertex 32.8266 -30.6099 33.8829
    endloop
  endfacet
  facet normal -0.973919 -0.196496 -0.113447
    outer loop
      vertex 32.1363 -23.3977 24.1904
      vertex 32.0769 -29.1769 34.7102
      vertex 32.0769 -23.1769 24.3179
    endloop
  endfacet
  facet normal -0.973919 -0.196496 -0.113447
    outer loop
      vertex 32.0769 -29.1769 34.7102
      vertex 32.1363 -23.3977 24.1904
      vertex 32.1363 -29.3977 34.5827
    endloop
  endfacet
  facet normal 0.290271 -0.828738 -0.478472
    outer loop
      vertex 37.0353 -31.8472 33.1685
      vertex 37.2858 -25.7814 22.8142
      vertex 37.2858 -31.7814 33.2065
    endloop
  endfacet
  facet normal 0.290271 -0.828738 -0.478472
    outer loop
      vertex 37.2858 -25.7814 22.8142
      vertex 37.0353 -31.8472 33.1685
      vertex 37.0353 -25.8472 22.7762
    endloop
  endfacet
  facet normal 0.16275 -0.854479 -0.493334
    outer loop
      vertex 36.5221 -31.9356 33.1175
      vertex 36.7804 -25.8987 22.7465
      vertex 36.7804 -31.8987 33.1388
    endloop
  endfacet
  facet normal 0.16275 -0.854479 -0.493334
    outer loop
      vertex 36.7804 -25.8987 22.7465
      vertex 36.5221 -31.9356 33.1175
      vertex 36.5221 -25.9356 22.7252
    endloop
  endfacet
  facet normal 0.582596 -0.703873 -0.406381
    outer loop
      vertex 38.2223 -31.3814 33.4374
      vertex 38.435 -25.2494 23.1214
      vertex 38.435 -31.2494 33.5137
    endloop
  endfacet
  facet normal 0.582596 -0.703873 -0.406381
    outer loop
      vertex 38.435 -25.2494 23.1214
      vertex 38.2223 -31.3814 33.4374
      vertex 38.2223 -25.3814 23.0451
    endloop
  endfacet
  facet normal -0.528008 -0.735463 -0.42462
    outer loop
      vertex 33.7777 -25.3814 23.0451
      vertex 34 -31.5011 33.3683
      vertex 33.7777 -31.3814 33.4374
    endloop
  endfacet
  facet normal -0.528008 -0.735463 -0.42462
    outer loop
      vertex 34 -31.5011 33.3683
      vertex 33.7777 -25.3814 23.0451
      vertex 34 -25.5011 22.976
    endloop
  endfacet
  facet normal -0.582596 -0.703873 -0.406381
    outer loop
      vertex 33.565 -25.2494 23.1214
      vertex 33.7777 -31.3814 33.4374
      vertex 33.565 -31.2494 33.5137
    endloop
  endfacet
  facet normal -0.582596 -0.703873 -0.406381
    outer loop
      vertex 33.7777 -31.3814 33.4374
      vertex 33.565 -25.2494 23.1214
      vertex 33.7777 -25.3814 23.0451
    endloop
  endfacet
  facet normal -0.35249 -0.81044 -0.467908
    outer loop
      vertex 34.4693 -25.7015 22.8603
      vertex 34.7142 -31.7814 33.2065
      vertex 34.4693 -31.7015 33.2526
    endloop
  endfacet
  facet normal -0.35249 -0.81044 -0.467908
    outer loop
      vertex 34.7142 -31.7814 33.2065
      vertex 34.4693 -25.7015 22.8603
      vertex 34.7142 -25.7814 22.8142
    endloop
  endfacet
  facet normal -0.471584 -0.76368 -0.440911
    outer loop
      vertex 34 -25.5011 22.976
      vertex 34.2308 -31.608 33.3066
      vertex 34 -31.5011 33.3683
    endloop
  endfacet
  facet normal -0.471584 -0.76368 -0.440911
    outer loop
      vertex 34.2308 -31.608 33.3066
      vertex 34 -25.5011 22.976
      vertex 34.2308 -25.608 22.9143
    endloop
  endfacet
  facet normal -0.227134 -0.84339 -0.486932
    outer loop
      vertex 34.9647 -25.8472 22.7762
      vertex 35.2196 -31.8987 33.1388
      vertex 34.9647 -31.8472 33.1685
    endloop
  endfacet
  facet normal -0.227134 -0.84339 -0.486932
    outer loop
      vertex 35.2196 -31.8987 33.1388
      vertex 34.9647 -25.8472 22.7762
      vertex 35.2196 -25.8987 22.7465
    endloop
  endfacet
  facet normal -0.0326988 -0.865562 -0.499733
    outer loop
      vertex 35.7384 -25.9578 22.7124
      vertex 36 -31.9652 33.1004
      vertex 35.7384 -31.9578 33.1047
    endloop
  endfacet
  facet normal -0.0326988 -0.865562 -0.499733
    outer loop
      vertex 36 -31.9652 33.1004
      vertex 35.7384 -25.9578 22.7124
      vertex 36 -25.9652 22.7081
    endloop
  endfacet
  facet normal 0.35249 -0.81044 -0.467908
    outer loop
      vertex 37.2858 -31.7814 33.2065
      vertex 37.5307 -25.7015 22.8603
      vertex 37.5307 -31.7015 33.2526
    endloop
  endfacet
  facet normal 0.35249 -0.81044 -0.467908
    outer loop
      vertex 37.5307 -25.7015 22.8603
      vertex 37.2858 -31.7814 33.2065
      vertex 37.2858 -25.7814 22.8142
    endloop
  endfacet
  facet normal -0.412423 -0.788942 -0.455496
    outer loop
      vertex 34.2308 -25.608 22.9143
      vertex 34.4693 -31.7015 33.2526
      vertex 34.2308 -31.608 33.3066
    endloop
  endfacet
  facet normal -0.412423 -0.788942 -0.455496
    outer loop
      vertex 34.4693 -31.7015 33.2526
      vertex 34.2308 -25.608 22.9143
      vertex 34.4693 -25.7015 22.8603
    endloop
  endfacet
  facet normal -0.16275 -0.854479 -0.493334
    outer loop
      vertex 35.2196 -25.8987 22.7465
      vertex 35.4779 -31.9356 33.1175
      vertex 35.2196 -31.8987 33.1388
    endloop
  endfacet
  facet normal -0.16275 -0.854479 -0.493334
    outer loop
      vertex 35.4779 -31.9356 33.1175
      vertex 35.2196 -25.8987 22.7465
      vertex 35.4779 -25.9356 22.7252
    endloop
  endfacet
  facet normal 0.99946 0.0284504 0.0164258
    outer loop
      vertex 39.9914 13.7277 59.4812
      vertex 40 19.5011 48.9581
      vertex 39.9914 19.7277 49.0889
    endloop
  endfacet
  facet normal 0.99946 0.0284504 0.0164258
    outer loop
      vertex 40 19.5011 48.9581
      vertex 39.9914 13.7277 59.4812
      vertex 40 13.5011 59.3504
    endloop
  endfacet
  facet normal -0.0326988 0.865562 0.499733
    outer loop
      vertex 36 22.9652 50.9581
      vertex 35.7384 16.9578 61.3461
      vertex 36 16.9652 61.3504
    endloop
  endfacet
  facet normal -0.0326988 0.865562 0.499733
    outer loop
      vertex 35.7384 16.9578 61.3461
      vertex 36 22.9652 50.9581
      vertex 35.7384 22.9578 50.9538
    endloop
  endfacet
  facet normal 0.0326988 -0.865562 -0.499733
    outer loop
      vertex 36 10.037 57.3504
      vertex 36.2616 16.0444 46.9624
      vertex 36.2616 10.0444 57.3547
    endloop
  endfacet
  facet normal 0.0326988 -0.865562 -0.499733
    outer loop
      vertex 36.2616 16.0444 46.9624
      vertex 36 10.037 57.3504
      vertex 36 16.037 46.9581
    endloop
  endfacet
  facet normal 0.683781 0.631927 0.364844
    outer loop
      vertex 38.6374 16.1056 60.8541
      vertex 38.8284 21.9506 50.3723
      vertex 38.6374 22.1056 50.4618
    endloop
  endfacet
  facet normal 0.683781 0.631927 0.364844
    outer loop
      vertex 38.8284 21.9506 50.3723
      vertex 38.6374 16.1056 60.8541
      vertex 38.8284 15.9506 60.7646
    endloop
  endfacet
  facet normal -0.72964 0.592216 0.341916
    outer loop
      vertex 32.9926 21.7852 50.2768
      vertex 33.1716 15.9506 60.7646
      vertex 33.1716 21.9506 50.3723
    endloop
  endfacet
  facet normal -0.72964 0.592216 0.341916
    outer loop
      vertex 33.1716 15.9506 60.7646
      vertex 32.9926 21.7852 50.2768
      vertex 32.9926 15.7852 60.6691
    endloop
  endfacet
  facet normal -0.412423 0.788942 0.455496
    outer loop
      vertex 34.4693 22.7015 50.8058
      vertex 34.2308 16.608 61.1441
      vertex 34.4693 16.7015 61.1981
    endloop
  endfacet
  facet normal -0.412423 0.788942 0.455496
    outer loop
      vertex 34.2308 16.608 61.1441
      vertex 34.4693 22.7015 50.8058
      vertex 34.2308 22.608 50.7518
    endloop
  endfacet
  facet normal 0.910888 0.357369 0.206327
    outer loop
      vertex 39.5875 15.0332 60.235
      vertex 39.6955 20.8268 49.7234
      vertex 39.5875 21.0332 49.8427
    endloop
  endfacet
  facet normal 0.910888 0.357369 0.206327
    outer loop
      vertex 39.6955 20.8268 49.7234
      vertex 39.5875 15.0332 60.235
      vertex 39.6955 14.8268 60.1157
    endloop
  endfacet
  facet normal 0.35249 0.81044 0.467908
    outer loop
      vertex 37.5307 16.7015 61.1981
      vertex 37.2858 22.7814 50.8519
      vertex 37.2858 16.7814 61.2442
    endloop
  endfacet
  facet normal 0.35249 0.81044 0.467908
    outer loop
      vertex 37.2858 22.7814 50.8519
      vertex 37.5307 16.7015 61.1981
      vertex 37.5307 22.7015 50.8058
    endloop
  endfacet
  facet normal -0.881955 0.408187 0.235667
    outer loop
      vertex 32.4125 21.0332 49.8427
      vertex 32.5359 15.2332 60.3504
      vertex 32.5359 21.2332 49.9581
    endloop
  endfacet
  facet normal -0.881955 0.408187 0.235667
    outer loop
      vertex 32.5359 15.2332 60.3504
      vertex 32.4125 21.0332 49.8427
      vertex 32.4125 15.0332 60.235
    endloop
  endfacet
  facet normal -0.16275 0.854479 0.493334
    outer loop
      vertex 35.4779 22.9356 50.941
      vertex 35.2196 16.8987 61.312
      vertex 35.4779 16.9356 61.3333
    endloop
  endfacet
  facet normal -0.162936 0.854454 0.493315
    outer loop
      vertex 35.2196 16.8987 61.312
      vertex 35.4779 22.9356 50.941
      vertex 35.2196 22.8987 50.9196
    endloop
  endfacet
  facet normal 0.881882 -0.408306 -0.235736
    outer loop
      vertex 39.5875 11.969 58.4658
      vertex 39.4641 17.7691 47.9581
      vertex 39.5875 17.969 48.0735
    endloop
  endfacet
  facet normal 0.881882 -0.408306 -0.235736
    outer loop
      vertex 39.4641 17.7691 47.9581
      vertex 39.5875 11.969 58.4658
      vertex 39.4641 11.7691 58.3504
    endloop
  endfacet
  facet normal 0.290271 -0.828738 -0.478472
    outer loop
      vertex 37.0353 10.1551 57.4185
      vertex 37.2858 16.2209 47.0642
      vertex 37.2858 10.2209 57.4565
    endloop
  endfacet
  facet normal 0.290271 -0.828738 -0.478472
    outer loop
      vertex 37.2858 16.2209 47.0642
      vertex 37.0353 10.1551 57.4185
      vertex 37.0353 16.1551 47.0262
    endloop
  endfacet
  facet normal 0.729794 -0.592073 -0.341834
    outer loop
      vertex 39.0074 11.2171 58.0317
      vertex 38.8284 17.0516 47.5439
      vertex 39.0074 17.2171 47.6394
    endloop
  endfacet
  facet normal 0.729794 -0.592073 -0.341834
    outer loop
      vertex 38.8284 17.0516 47.5439
      vertex 39.0074 11.2171 58.0317
      vertex 38.8284 11.0516 57.9362
    endloop
  endfacet
  facet normal 0.956909 -0.251484 -0.145194
    outer loop
      vertex 39.8637 12.6045 58.8327
      vertex 39.7877 18.3876 48.3152
      vertex 39.8637 18.6045 48.4404
    endloop
  endfacet
  facet normal 0.956909 -0.251484 -0.145194
    outer loop
      vertex 39.7877 18.3876 48.3152
      vertex 39.8637 12.6045 58.8327
      vertex 39.7877 12.3876 58.7075
    endloop
  endfacet
  facet normal -0.290271 -0.828738 -0.478472
    outer loop
      vertex 34.7142 16.2209 47.0642
      vertex 34.9647 10.1551 57.4185
      vertex 34.7142 10.2209 57.4565
    endloop
  endfacet
  facet normal -0.290271 -0.828738 -0.478472
    outer loop
      vertex 34.9647 10.1551 57.4185
      vertex 34.7142 16.2209 47.0642
      vertex 34.9647 16.1551 47.0262
    endloop
  endfacet
  facet normal -0.683605 -0.63207 -0.364926
    outer loop
      vertex 33.3626 16.8967 47.4544
      vertex 33.1716 11.0516 57.9362
      vertex 33.1716 17.0516 47.5439
    endloop
  endfacet
  facet normal -0.683605 -0.63207 -0.364926
    outer loop
      vertex 33.1716 11.0516 57.9362
      vertex 33.3626 16.8967 47.4544
      vertex 33.3626 10.8967 57.8467
    endloop
  endfacet
  facet normal 0.995205 0.0847065 0.0489053
    outer loop
      vertex 39.9658 13.9533 59.6114
      vertex 39.9914 19.7277 49.0889
      vertex 39.9658 19.9533 49.2191
    endloop
  endfacet
  facet normal 0.995205 0.0847065 0.0489053
    outer loop
      vertex 39.9914 19.7277 49.0889
      vertex 39.9658 13.9533 59.6114
      vertex 39.9914 13.7277 59.4812
    endloop
  endfacet
  facet normal 0.956925 0.251438 0.145168
    outer loop
      vertex 39.7877 14.6146 59.9933
      vertex 39.8637 20.3977 49.4757
      vertex 39.7877 20.6146 49.601
    endloop
  endfacet
  facet normal 0.956925 0.251438 0.145168
    outer loop
      vertex 39.8637 20.3977 49.4757
      vertex 39.7877 14.6146 59.9933
      vertex 39.8637 14.3977 59.868
    endloop
  endfacet
  facet normal 0.72964 0.592216 0.341916
    outer loop
      vertex 38.8284 15.9506 60.7646
      vertex 39.0074 21.7852 50.2768
      vertex 38.8284 21.9506 50.3723
    endloop
  endfacet
  facet normal 0.72964 0.592216 0.341916
    outer loop
      vertex 39.0074 21.7852 50.2768
      vertex 38.8284 15.9506 60.7646
      vertex 39.0074 15.7852 60.6691
    endloop
  endfacet
  facet normal 0.881955 0.408187 0.235667
    outer loop
      vertex 39.4641 15.2332 60.3504
      vertex 39.5875 21.0332 49.8427
      vertex 39.4641 21.2332 49.9581
    endloop
  endfacet
  facet normal 0.881955 0.408187 0.235667
    outer loop
      vertex 39.5875 21.0332 49.8427
      vertex 39.4641 15.2332 60.3504
      vertex 39.5875 15.0332 60.235
    endloop
  endfacet
  facet normal 0.16275 0.854479 0.493334
    outer loop
      vertex 36.7804 16.8987 61.312
      vertex 36.5221 22.9356 50.941
      vertex 36.5221 16.9356 61.3333
    endloop
  endfacet
  facet normal 0.162936 0.854454 0.493315
    outer loop
      vertex 36.5221 22.9356 50.941
      vertex 36.7804 16.8987 61.312
      vertex 36.7804 22.8987 50.9196
    endloop
  endfacet
  facet normal 0.290271 0.828738 0.478472
    outer loop
      vertex 37.2858 16.7814 61.2442
      vertex 37.0353 22.8472 50.8899
      vertex 37.0353 16.8472 61.2822
    endloop
  endfacet
  facet normal 0.290271 0.828738 0.478472
    outer loop
      vertex 37.0353 22.8472 50.8899
      vertex 37.2858 16.7814 61.2442
      vertex 37.2858 22.7814 50.8519
    endloop
  endfacet
  facet normal 0.412423 0.788942 0.455496
    outer loop
      vertex 37.7692 16.608 61.1441
      vertex 37.5307 22.7015 50.8058
      vertex 37.5307 16.7015 61.1981
    endloop
  endfacet
  facet normal 0.412423 0.788942 0.455496
    outer loop
      vertex 37.5307 22.7015 50.8058
      vertex 37.7692 16.608 61.1441
      vertex 37.7692 22.608 50.7518
    endloop
  endfacet
  facet normal 0.634231 0.669562 0.386572
    outer loop
      vertex 38.6374 16.1056 60.8541
      vertex 38.435 22.2494 50.5448
      vertex 38.435 16.2494 60.9371
    endloop
  endfacet
  facet normal 0.634231 0.669562 0.386572
    outer loop
      vertex 38.435 22.2494 50.5448
      vertex 38.6374 16.1056 60.8541
      vertex 38.6374 22.1056 50.4618
    endloop
  endfacet
  facet normal -0.935906 0.305056 0.176124
    outer loop
      vertex 32.2123 20.6146 49.601
      vertex 32.3045 14.8268 60.1157
      vertex 32.3045 20.8268 49.7234
    endloop
  endfacet
  facet normal -0.935906 0.305056 0.176124
    outer loop
      vertex 32.3045 14.8268 60.1157
      vertex 32.2123 20.6146 49.601
      vertex 32.2123 14.6146 59.9933
    endloop
  endfacet
  facet normal -0.986604 0.141277 0.0815665
    outer loop
      vertex 32.0342 19.9533 49.2191
      vertex 32.0769 14.1769 59.7406
      vertex 32.0769 20.1769 49.3483
    endloop
  endfacet
  facet normal -0.986604 0.141277 0.0815665
    outer loop
      vertex 32.0769 14.1769 59.7406
      vertex 32.0342 19.9533 49.2191
      vertex 32.0342 13.9533 59.6114
    endloop
  endfacet
  facet normal -0.956925 0.251438 0.145168
    outer loop
      vertex 32.1363 20.3977 49.4757
      vertex 32.2123 14.6146 59.9933
      vertex 32.2123 20.6146 49.601
    endloop
  endfacet
  facet normal -0.956925 0.251438 0.145168
    outer loop
      vertex 32.2123 14.6146 59.9933
      vertex 32.1363 20.3977 49.4757
      vertex 32.1363 14.3977 59.868
    endloop
  endfacet
  facet normal -0.995205 0.0847065 0.0489053
    outer loop
      vertex 32.0086 19.7277 49.0889
      vertex 32.0342 13.9533 59.6114
      vertex 32.0342 19.9533 49.2191
    endloop
  endfacet
  facet normal -0.995205 0.0847065 0.0489053
    outer loop
      vertex 32.0342 13.9533 59.6114
      vertex 32.0086 19.7277 49.0889
      vertex 32.0086 13.7277 59.4812
    endloop
  endfacet
  facet normal -0.582469 0.703951 0.406426
    outer loop
      vertex 33.7777 22.3814 50.621
      vertex 33.565 16.2494 60.9371
      vertex 33.7777 16.3814 61.0133
    endloop
  endfacet
  facet normal -0.582469 0.703951 0.406426
    outer loop
      vertex 33.565 16.2494 60.9371
      vertex 33.7777 22.3814 50.621
      vertex 33.565 22.2494 50.5448
    endloop
  endfacet
  facet normal -0.683781 0.631927 0.364844
    outer loop
      vertex 33.1716 21.9506 50.3723
      vertex 33.3626 16.1056 60.8541
      vertex 33.3626 22.1056 50.4618
    endloop
  endfacet
  facet normal -0.683781 0.631927 0.364844
    outer loop
      vertex 33.3626 16.1056 60.8541
      vertex 33.1716 21.9506 50.3723
      vertex 33.1716 15.9506 60.7646
    endloop
  endfacet
  facet normal -0.0978989 0.861865 0.497598
    outer loop
      vertex 35.7384 22.9578 50.9538
      vertex 35.4779 16.9356 61.3333
      vertex 35.7384 16.9578 61.3461
    endloop
  endfacet
  facet normal -0.0978989 0.861865 0.497598
    outer loop
      vertex 35.4779 16.9356 61.3333
      vertex 35.7384 22.9578 50.9538
      vertex 35.4779 22.9356 50.941
    endloop
  endfacet
  facet normal 0.0978989 -0.861862 -0.497605
    outer loop
      vertex 36.2616 10.0444 57.3547
      vertex 36.5221 16.0667 46.9752
      vertex 36.5221 10.0666 57.3675
    endloop
  endfacet
  facet normal 0.0982266 -0.861837 -0.497582
    outer loop
      vertex 36.5221 16.0667 46.9752
      vertex 36.2616 10.0444 57.3547
      vertex 36.2616 16.0444 46.9624
    endloop
  endfacet
  facet normal 0.471326 -0.763799 -0.44098
    outer loop
      vertex 37.7692 10.3943 57.5566
      vertex 38 16.5011 47.226
      vertex 38 10.5011 57.6183
    endloop
  endfacet
  facet normal 0.471326 -0.763799 -0.44098
    outer loop
      vertex 38 16.5011 47.226
      vertex 37.7692 10.3943 57.5566
      vertex 37.7692 16.3943 47.1643
    endloop
  endfacet
  facet normal 0.773097 -0.54931 -0.317144
    outer loop
      vertex 39.1734 11.3923 58.1329
      vertex 39.0074 17.2171 47.6394
      vertex 39.1734 17.3923 47.7406
    endloop
  endfacet
  facet normal 0.773097 -0.54931 -0.317144
    outer loop
      vertex 39.0074 17.2171 47.6394
      vertex 39.1734 11.3923 58.1329
      vertex 39.0074 11.2171 58.0317
    endloop
  endfacet
  facet normal -0.634231 -0.669562 -0.386572
    outer loop
      vertex 33.3626 16.8967 47.4544
      vertex 33.565 10.7529 57.7637
      vertex 33.3626 10.8967 57.8467
    endloop
  endfacet
  facet normal -0.634231 -0.669562 -0.386572
    outer loop
      vertex 33.565 10.7529 57.7637
      vertex 33.3626 16.8967 47.4544
      vertex 33.565 16.7529 47.3714
    endloop
  endfacet
  facet normal -0.0978989 -0.861862 -0.497605
    outer loop
      vertex 35.4779 16.0667 46.9752
      vertex 35.7384 10.0444 57.3547
      vertex 35.4779 10.0666 57.3675
    endloop
  endfacet
  facet normal -0.0982266 -0.861837 -0.497582
    outer loop
      vertex 35.7384 10.0444 57.3547
      vertex 35.4779 16.0667 46.9752
      vertex 35.7384 16.0444 46.9624
    endloop
  endfacet
  facet normal -0.881882 -0.408306 -0.235736
    outer loop
      vertex 32.5359 17.7691 47.9581
      vertex 32.4125 11.969 58.4658
      vertex 32.4125 17.969 48.0735
    endloop
  endfacet
  facet normal -0.881882 -0.408306 -0.235736
    outer loop
      vertex 32.4125 11.969 58.4658
      vertex 32.5359 17.7691 47.9581
      vertex 32.5359 11.7691 58.3504
    endloop
  endfacet
  facet normal -0.995207 -0.0846904 -0.048896
    outer loop
      vertex 32.0342 19.049 48.697
      vertex 32.0086 13.2746 59.2196
      vertex 32.0086 19.2746 48.8273
    endloop
  endfacet
  facet normal -0.995207 -0.0846904 -0.048896
    outer loop
      vertex 32.0086 13.2746 59.2196
      vertex 32.0342 19.049 48.697
      vertex 32.0342 13.049 59.0893
    endloop
  endfacet
  facet normal 0.97391 0.196533 0.113468
    outer loop
      vertex 39.8637 14.3977 59.868
      vertex 39.9231 20.1769 49.3483
      vertex 39.8637 20.3977 49.4757
    endloop
  endfacet
  facet normal 0.97391 0.196533 0.113468
    outer loop
      vertex 39.9231 20.1769 49.3483
      vertex 39.8637 14.3977 59.868
      vertex 39.9231 14.1769 59.7406
    endloop
  endfacet
  facet normal 0.986604 0.141277 0.0815665
    outer loop
      vertex 39.9231 14.1769 59.7406
      vertex 39.9658 19.9533 49.2191
      vertex 39.9231 20.1769 49.3483
    endloop
  endfacet
  facet normal 0.986604 0.141277 0.0815665
    outer loop
      vertex 39.9658 19.9533 49.2191
      vertex 39.9231 14.1769 59.7406
      vertex 39.9658 13.9533 59.6114
    endloop
  endfacet
  facet normal 0.935906 0.305056 0.176124
    outer loop
      vertex 39.6955 14.8268 60.1157
      vertex 39.7877 20.6146 49.601
      vertex 39.6955 20.8268 49.7234
    endloop
  endfacet
  facet normal 0.935906 0.305056 0.176124
    outer loop
      vertex 39.7877 20.6146 49.601
      vertex 39.6955 14.8268 60.1157
      vertex 39.7877 14.6146 59.9933
    endloop
  endfacet
  facet normal 0.77323 0.549169 0.317063
    outer loop
      vertex 39.0074 15.7852 60.6691
      vertex 39.1734 21.6099 50.1756
      vertex 39.0074 21.7852 50.2768
    endloop
  endfacet
  facet normal 0.77323 0.549169 0.317063
    outer loop
      vertex 39.1734 21.6099 50.1756
      vertex 39.0074 15.7852 60.6691
      vertex 39.1734 15.6099 60.5679
    endloop
  endfacet
  facet normal 0.812728 0.504584 0.291322
    outer loop
      vertex 39.1734 15.6099 60.5679
      vertex 39.3259 21.4257 50.0692
      vertex 39.1734 21.6099 50.1756
    endloop
  endfacet
  facet normal 0.812728 0.504584 0.291322
    outer loop
      vertex 39.3259 21.4257 50.0692
      vertex 39.1734 15.6099 60.5679
      vertex 39.3259 15.4257 60.4615
    endloop
  endfacet
  facet normal 0.849219 0.457296 0.26402
    outer loop
      vertex 39.3259 15.4257 60.4615
      vertex 39.4641 21.2332 49.9581
      vertex 39.3259 21.4257 50.0692
    endloop
  endfacet
  facet normal 0.849219 0.457296 0.26402
    outer loop
      vertex 39.4641 21.2332 49.9581
      vertex 39.3259 15.4257 60.4615
      vertex 39.4641 15.2332 60.3504
    endloop
  endfacet
  facet normal 0.227315 0.843356 0.486907
    outer loop
      vertex 37.0353 16.8472 61.2822
      vertex 36.7804 22.8987 50.9196
      vertex 36.7804 16.8987 61.312
    endloop
  endfacet
  facet normal 0.227134 0.84339 0.486932
    outer loop
      vertex 36.7804 22.8987 50.9196
      vertex 37.0353 16.8472 61.2822
      vertex 37.0353 22.8472 50.8899
    endloop
  endfacet
  facet normal 0.0978989 0.861865 0.497598
    outer loop
      vertex 36.5221 16.9356 61.3333
      vertex 36.2616 22.9578 50.9538
      vertex 36.2616 16.9578 61.3461
    endloop
  endfacet
  facet normal 0.0978989 0.861865 0.497598
    outer loop
      vertex 36.2616 22.9578 50.9538
      vertex 36.5221 16.9356 61.3333
      vertex 36.5221 22.9356 50.941
    endloop
  endfacet
  facet normal 0.0326988 0.865562 0.499733
    outer loop
      vertex 36.2616 16.9578 61.3461
      vertex 36 22.9652 50.9581
      vertex 36 16.9652 61.3504
    endloop
  endfacet
  facet normal 0.0326988 0.865562 0.499733
    outer loop
      vertex 36 22.9652 50.9581
      vertex 36.2616 16.9578 61.3461
      vertex 36.2616 22.9578 50.9538
    endloop
  endfacet
  facet normal 0.471584 0.76368 0.440911
    outer loop
      vertex 38 16.5011 61.0824
      vertex 37.7692 22.608 50.7518
      vertex 37.7692 16.608 61.1441
    endloop
  endfacet
  facet normal 0.471584 0.76368 0.440911
    outer loop
      vertex 37.7692 22.608 50.7518
      vertex 38 16.5011 61.0824
      vertex 38 22.5011 50.6901
    endloop
  endfacet
  facet normal 0.528008 0.735463 0.42462
    outer loop
      vertex 38.2223 16.3814 61.0133
      vertex 38 22.5011 50.6901
      vertex 38 16.5011 61.0824
    endloop
  endfacet
  facet normal 0.528008 0.735463 0.42462
    outer loop
      vertex 38 22.5011 50.6901
      vertex 38.2223 16.3814 61.0133
      vertex 38.2223 22.3814 50.621
    endloop
  endfacet
  facet normal 0.582469 0.703951 0.406426
    outer loop
      vertex 38.435 16.2494 60.9371
      vertex 38.2223 22.3814 50.621
      vertex 38.2223 16.3814 61.0133
    endloop
  endfacet
  facet normal 0.582469 0.703951 0.406426
    outer loop
      vertex 38.2223 22.3814 50.621
      vertex 38.435 16.2494 60.9371
      vertex 38.435 22.2494 50.5448
    endloop
  endfacet
  facet normal -0.910888 0.357369 0.206327
    outer loop
      vertex 32.3045 20.8268 49.7234
      vertex 32.4125 15.0332 60.235
      vertex 32.4125 21.0332 49.8427
    endloop
  endfacet
  facet normal -0.910888 0.357369 0.206327
    outer loop
      vertex 32.4125 15.0332 60.235
      vertex 32.3045 20.8268 49.7234
      vertex 32.3045 14.8268 60.1157
    endloop
  endfacet
  facet normal -0.97391 0.196533 0.113468
    outer loop
      vertex 32.0769 20.1769 49.3483
      vertex 32.1363 14.3977 59.868
      vertex 32.1363 20.3977 49.4757
    endloop
  endfacet
  facet normal -0.97391 0.196533 0.113468
    outer loop
      vertex 32.1363 14.3977 59.868
      vertex 32.0769 20.1769 49.3483
      vertex 32.0769 14.1769 59.7406
    endloop
  endfacet
  facet normal -0.99946 0.0284504 0.0164258
    outer loop
      vertex 32 19.5011 48.9581
      vertex 32.0086 13.7277 59.4812
      vertex 32.0086 19.7277 49.0889
    endloop
  endfacet
  facet normal -0.99946 0.0284504 0.0164258
    outer loop
      vertex 32.0086 13.7277 59.4812
      vertex 32 19.5011 48.9581
      vertex 32 13.5011 59.3504
    endloop
  endfacet
  facet normal 0 -0.499921 0.866071
    outer loop
      vertex 37.1 13.5011 59.3504
      vertex 40 13.5011 59.3504
      vertex 39.9914 13.7277 59.4812
    endloop
  endfacet
  facet normal 6.56456e-06 -0.499855 0.866109
    outer loop
      vertex 37.0976 13.5634 59.3864
      vertex 39.9914 13.7277 59.4812
      vertex 39.9658 13.9533 59.6114
    endloop
  endfacet
  facet normal 0 -0.500086 0.865975
    outer loop
      vertex 40 13.5011 59.3504
      vertex 37.1 13.5011 59.3504
      vertex 39.9914 13.2746 59.2196
    endloop
  endfacet
  facet normal 6.14766e-05 -0.500295 0.865855
    outer loop
      vertex 37.0906 13.6255 59.4222
      vertex 39.9658 13.9533 59.6114
      vertex 39.9231 14.1769 59.7406
    endloop
  endfacet
  facet normal -2.47276e-05 -0.500323 0.865839
    outer loop
      vertex 37.0976 13.4388 59.3144
      vertex 39.9914 13.2746 59.2196
      vertex 37.1 13.5011 59.3504
    endloop
  endfacet
  facet normal -7.15378e-05 -0.499782 0.866151
    outer loop
      vertex 37.0906 13.6255 59.4222
      vertex 39.9231 14.1769 59.7406
      vertex 39.8637 14.3977 59.868
    endloop
  endfacet
  facet normal -1.10443e-05 -0.500142 0.865943
    outer loop
      vertex 39.9914 13.2746 59.2196
      vertex 37.0976 13.4388 59.3144
      vertex 39.9658 13.049 59.0893
    endloop
  endfacet
  facet normal 7.45327e-05 -0.500198 0.865911
    outer loop
      vertex 37.0789 13.687 59.4577
      vertex 39.8637 14.3977 59.868
      vertex 39.7877 14.6146 59.9933
    endloop
  endfacet
  facet normal 6.52292e-06 -0.500045 0.865999
    outer loop
      vertex 37.0906 13.3768 59.2786
      vertex 39.9658 13.049 59.0893
      vertex 37.0976 13.4388 59.3144
    endloop
  endfacet
  facet normal -0.000156285 -0.499703 0.866197
    outer loop
      vertex 37.0625 13.7477 59.4927
      vertex 39.7877 14.6146 59.9933
      vertex 39.6955 14.8268 60.1157
    endloop
  endfacet
  facet normal 3.61506e-05 -0.499851 0.866112
    outer loop
      vertex 39.9658 13.049 59.0893
      vertex 37.0906 13.3768 59.2786
      vertex 39.9231 12.8253 58.9602
    endloop
  endfacet
  facet normal 0.000210511 -0.500342 0.865828
    outer loop
      vertex 37.0416 13.8073 59.5272
      vertex 39.6955 14.8268 60.1157
      vertex 39.5875 15.0332 60.235
    endloop
  endfacet
  facet normal -1.78021e-05 -0.500058 0.865992
    outer loop
      vertex 39.9231 12.8253 58.9602
      vertex 37.0906 13.3768 59.2786
      vertex 39.8637 12.6045 58.8327
    endloop
  endfacet
  facet normal -0.000119521 -0.499828 0.866125
    outer loop
      vertex 37.0416 13.8073 59.5272
      vertex 39.5875 15.0332 60.235
      vertex 39.4641 15.2332 60.3504
    endloop
  endfacet
  facet normal 2.99007e-05 -0.49993 0.866066
    outer loop
      vertex 37.0789 13.3153 59.2431
      vertex 39.8637 12.6045 58.8327
      vertex 37.0906 13.3768 59.2786
    endloop
  endfacet
  facet normal -6.49375e-05 -0.4999 0.866083
    outer loop
      vertex 37.0163 13.8657 59.5609
      vertex 39.4641 15.2332 60.3504
      vertex 39.3259 15.4257 60.4615
    endloop
  endfacet
  facet normal 3.10605e-05 -0.499926 0.866068
    outer loop
      vertex 39.8637 12.6045 58.8327
      vertex 37.0789 13.3153 59.2431
      vertex 39.7877 12.3876 58.7075
    endloop
  endfacet
  facet normal 9.61534e-05 -0.500124 0.865954
    outer loop
      vertex 36.9866 13.9225 59.5936
      vertex 39.3259 15.4257 60.4615
      vertex 39.1734 15.6099 60.5679
    endloop
  endfacet
  facet normal -0.000247466 -0.500536 0.865715
    outer loop
      vertex 37.0625 13.2546 59.208
      vertex 39.7877 12.3876 58.7075
      vertex 37.0789 13.3153 59.2431
    endloop
  endfacet
  facet normal -1.47553e-05 -0.499975 0.86604
    outer loop
      vertex 36.9526 13.9774 59.6254
      vertex 39.1734 15.6099 60.5679
      vertex 39.0074 15.7852 60.6691
    endloop
  endfacet
  facet normal -6.77156e-05 -0.500113 0.86596
    outer loop
      vertex 39.7877 12.3876 58.7075
      vertex 37.0625 13.2546 59.208
      vertex 39.6955 12.1755 58.585
    endloop
  endfacet
  facet normal 1.57395e-07 -0.500024 0.866011
    outer loop
      vertex 36.9146 14.0304 59.6559
      vertex 39.0074 15.7852 60.6691
      vertex 38.8284 15.9506 60.7646
    endloop
  endfacet
  facet normal 0.000347344 -0.499353 0.866399
    outer loop
      vertex 37.0416 13.1949 59.1736
      vertex 39.6955 12.1755 58.585
      vertex 37.0625 13.2546 59.208
    endloop
  endfacet
  facet normal 2.91196e-05 -0.500018 0.866015
    outer loop
      vertex 36.8727 14.081 59.6852
      vertex 38.8284 15.9506 60.7646
      vertex 38.6374 16.1056 60.8541
    endloop
  endfacet
  facet normal 4.39789e-05 -0.499945 0.866057
    outer loop
      vertex 39.6955 12.1755 58.585
      vertex 37.0416 13.1949 59.1736
      vertex 39.5875 11.969 58.4658
    endloop
  endfacet
  facet normal -6.42362e-05 -0.499964 0.866046
    outer loop
      vertex 36.827 14.1292 59.713
      vertex 38.6374 16.1056 60.8541
      vertex 38.435 16.2494 60.9371
    endloop
  endfacet
  facet normal 2.67079e-05 -0.499972 0.866041
    outer loop
      vertex 39.5875 11.969 58.4658
      vertex 37.0416 13.1949 59.1736
      vertex 39.4641 11.7691 58.3504
    endloop
  endfacet
  facet normal -2.29093e-05 -0.499977 0.866038
    outer loop
      vertex 36.7778 14.1747 59.7393
      vertex 38.435 16.2494 60.9371
      vertex 38.2223 16.3814 61.0133
    endloop
  endfacet
  facet normal -0.000277855 -0.50036 0.865817
    outer loop
      vertex 37.0163 13.1366 59.1399
      vertex 39.4641 11.7691 58.3504
      vertex 37.0416 13.1949 59.1736
    endloop
  endfacet
  facet normal -1.81925e-05 -0.499977 0.866038
    outer loop
      vertex 36.7253 14.2173 59.7639
      vertex 38.2223 16.3814 61.0133
      vertex 38 16.5011 61.0824
    endloop
  endfacet
  facet normal -0.000114442 -0.500141 0.865944
    outer loop
      vertex 39.4641 11.7691 58.3504
      vertex 37.0163 13.1366 59.1399
      vertex 39.3259 11.5766 58.2392
    endloop
  endfacet
  facet normal -5.66575e-05 -0.499978 0.866038
    outer loop
      vertex 36.6696 14.2569 59.7867
      vertex 38 16.5011 61.0824
      vertex 37.7692 16.608 61.1441
    endloop
  endfacet
  facet normal -4.01976e-05 -0.500059 0.865992
    outer loop
      vertex 36.9866 13.0798 59.1071
      vertex 39.3259 11.5766 58.2392
      vertex 37.0163 13.1366 59.1399
    endloop
  endfacet
  facet normal 6.01268e-05 -0.500008 0.866021
    outer loop
      vertex 36.55 14.3261 59.8267
      vertex 37.7692 16.608 61.1441
      vertex 37.5307 16.7015 61.1981
    endloop
  endfacet
  facet normal 0.000214858 -0.499761 0.866163
    outer loop
      vertex 39.3259 11.5766 58.2392
      vertex 36.9866 13.0798 59.1071
      vertex 39.1734 11.3923 58.1329
    endloop
  endfacet
  facet normal -8.68202e-05 -0.499953 0.866052
    outer loop
      vertex 36.4865 14.3555 59.8437
      vertex 37.5307 16.7015 61.1981
      vertex 37.2858 16.7814 61.2442
    endloop
  endfacet
  facet normal 0.000425463 -0.499556 0.866281
    outer loop
      vertex 36.9526 13.0248 59.0754
      vertex 39.1734 11.3923 58.1329
      vertex 36.9866 13.0798 59.1071
    endloop
  endfacet
  facet normal -0.000108889 -0.500101 0.865967
    outer loop
      vertex 39.1734 11.3923 58.1329
      vertex 36.9526 13.0248 59.0754
      vertex 39.0074 11.2171 58.0317
    endloop
  endfacet
  facet normal 4.19794e-05 -0.500323 0.865839
    outer loop
      vertex 39.9914 13.7277 59.4812
      vertex 37.0976 13.5634 59.3864
      vertex 37.1 13.5011 59.3504
    endloop
  endfacet
  facet normal -6.7451e-05 -0.499446 0.866345
    outer loop
      vertex 39.9658 13.9533 59.6114
      vertex 37.0906 13.6255 59.4222
      vertex 37.0976 13.5634 59.3864
    endloop
  endfacet
  facet normal -1.73618e-05 -0.499928 0.866067
    outer loop
      vertex 39.8637 14.3977 59.868
      vertex 37.0789 13.687 59.4577
      vertex 37.0906 13.6255 59.4222
    endloop
  endfacet
  facet normal -0.000216622 -0.49956 0.866279
    outer loop
      vertex 39.7877 14.6146 59.9933
      vertex 37.0625 13.7477 59.4927
      vertex 37.0789 13.687 59.4577
    endloop
  endfacet
  facet normal 0.000473322 -0.500855 0.865531
    outer loop
      vertex 39.6955 14.8268 60.1157
      vertex 37.0416 13.8073 59.5272
      vertex 37.0625 13.7477 59.4927
    endloop
  endfacet
  facet normal 3.75542e-05 -0.499995 0.866028
    outer loop
      vertex 36.421 14.3812 59.8585
      vertex 37.2858 16.7814 61.2442
      vertex 37.0353 16.8472 61.2822
    endloop
  endfacet
  facet normal -0.000107564 -0.499843 0.866116
    outer loop
      vertex 39.4641 15.2332 60.3504
      vertex 37.0163 13.8657 59.5609
      vertex 37.0416 13.8073 59.5272
    endloop
  endfacet
  facet normal -0.000693511 -0.499202 0.866485
    outer loop
      vertex 39.3259 15.4257 60.4615
      vertex 36.9866 13.9225 59.5936
      vertex 37.0163 13.8657 59.5609
    endloop
  endfacet
  facet normal 0.00083053 -0.500837 0.865541
    outer loop
      vertex 39.1734 15.6099 60.5679
      vertex 36.9526 13.9774 59.6254
      vertex 36.9866 13.9225 59.5936
    endloop
  endfacet
  facet normal -0.000869383 -0.499246 0.86646
    outer loop
      vertex 39.0074 15.7852 60.6691
      vertex 36.9146 14.0304 59.6559
      vertex 36.9526 13.9774 59.6254
    endloop
  endfacet
  facet normal 0.000789234 -0.500614 0.86567
    outer loop
      vertex 38.8284 15.9506 60.7646
      vertex 36.8727 14.081 59.6852
      vertex 36.9146 14.0304 59.6559
    endloop
  endfacet
  facet normal -0.000278496 -0.499817 0.866131
    outer loop
      vertex 38.6374 16.1056 60.8541
      vertex 36.827 14.1292 59.713
      vertex 36.8727 14.081 59.6852
    endloop
  endfacet
  facet normal 0.000216737 -0.500034 0.866006
    outer loop
      vertex 36.3536 14.4032 59.8712
      vertex 37.0353 16.8472 61.2822
      vertex 36.7804 16.8987 61.312
    endloop
  endfacet
  facet normal 0.000315723 -0.50018 0.865921
    outer loop
      vertex 38.435 16.2494 60.9371
      vertex 36.7778 14.1747 59.7393
      vertex 36.827 14.1292 59.713
    endloop
  endfacet
  facet normal 6.06351e-05 -0.500018 0.866015
    outer loop
      vertex 38.2223 16.3814 61.0133
      vertex 36.7253 14.2173 59.7639
      vertex 36.7778 14.1747 59.7393
    endloop
  endfacet
  facet normal -0.000692041 -0.499695 0.866201
    outer loop
      vertex 38 16.5011 61.0824
      vertex 36.6696 14.2569 59.7867
      vertex 36.7253 14.2173 59.7639
    endloop
  endfacet
  facet normal 0.000485434 -0.500168 0.865928
    outer loop
      vertex 37.7692 16.608 61.1441
      vertex 36.6111 14.2932 59.8077
      vertex 36.6696 14.2569 59.7867
    endloop
  endfacet
  facet normal 6.57947e-05 -0.500011 0.866019
    outer loop
      vertex 37.7692 16.608 61.1441
      vertex 36.55 14.3261 59.8267
      vertex 36.6111 14.2932 59.8077
    endloop
  endfacet
  facet normal -1.43514e-05 -0.500001 0.866025
    outer loop
      vertex 36.2146 14.4354 59.8898
      vertex 36.7804 16.8987 61.312
      vertex 36.5221 16.9356 61.3333
    endloop
  endfacet
  facet normal 0.000301913 -0.500083 0.865977
    outer loop
      vertex 37.5307 16.7015 61.1981
      vertex 36.4865 14.3555 59.8437
      vertex 36.55 14.3261 59.8267
    endloop
  endfacet
  facet normal -0.000432137 -0.499868 0.866102
    outer loop
      vertex 37.2858 16.7814 61.2442
      vertex 36.421 14.3812 59.8585
      vertex 36.4865 14.3555 59.8437
    endloop
  endfacet
  facet normal -1.54199e-05 -0.499985 0.866034
    outer loop
      vertex 37.0353 16.8472 61.2822
      vertex 36.3536 14.4032 59.8712
      vertex 36.421 14.3812 59.8585
    endloop
  endfacet
  facet normal -0.000603906 -0.499928 0.866067
    outer loop
      vertex 36.7804 16.8987 61.312
      vertex 36.2847 14.4213 59.8816
      vertex 36.3536 14.4032 59.8712
    endloop
  endfacet
  facet normal -5.63076e-05 -0.499993 0.866029
    outer loop
      vertex 36.1436 14.4456 59.8957
      vertex 36.5221 16.9356 61.3333
      vertex 36.2616 16.9578 61.3461
    endloop
  endfacet
  facet normal 0.000700029 -0.500124 0.865954
    outer loop
      vertex 36.7804 16.8987 61.312
      vertex 36.2146 14.4354 59.8898
      vertex 36.2847 14.4213 59.8816
    endloop
  endfacet
  facet normal 0.000131736 -0.500014 0.866017
    outer loop
      vertex 36.5221 16.9356 61.3333
      vertex 36.1436 14.4456 59.8957
      vertex 36.2146 14.4354 59.8898
    endloop
  endfacet
  facet normal -0.000262141 -0.499986 0.866034
    outer loop
      vertex 36.2616 16.9578 61.3461
      vertex 36.0719 14.4517 59.8992
      vertex 36.1436 14.4456 59.8957
    endloop
  endfacet
  facet normal 9.11762e-05 -0.500006 0.866022
    outer loop
      vertex 36 16.9652 61.3504
      vertex 36.0719 14.4517 59.8992
      vertex 36.2616 16.9578 61.3461
    endloop
  endfacet
  facet normal 0.000545773 -0.499996 0.866028
    outer loop
      vertex 36 16.9652 61.3504
      vertex 36 14.4537 59.9004
      vertex 36.0719 14.4517 59.8992
    endloop
  endfacet
  facet normal -0.000545773 -0.499996 0.866028
    outer loop
      vertex 36 16.9652 61.3504
      vertex 35.9281 14.4517 59.8992
      vertex 36 14.4537 59.9004
    endloop
  endfacet
  facet normal -9.11762e-05 -0.500006 0.866022
    outer loop
      vertex 35.7384 16.9578 61.3461
      vertex 35.9281 14.4517 59.8992
      vertex 36 16.9652 61.3504
    endloop
  endfacet
  facet normal 0.000262141 -0.499986 0.866034
    outer loop
      vertex 35.9281 14.4517 59.8992
      vertex 35.7384 16.9578 61.3461
      vertex 35.8564 14.4456 59.8957
    endloop
  endfacet
  facet normal 5.63076e-05 -0.499993 0.866029
    outer loop
      vertex 35.4779 16.9356 61.3333
      vertex 35.8564 14.4456 59.8957
      vertex 35.7384 16.9578 61.3461
    endloop
  endfacet
  facet normal -0.000131736 -0.500014 0.866017
    outer loop
      vertex 35.8564 14.4456 59.8957
      vertex 35.4779 16.9356 61.3333
      vertex 35.7854 14.4354 59.8898
    endloop
  endfacet
  facet normal 1.43514e-05 -0.500001 0.866025
    outer loop
      vertex 35.2196 16.8987 61.312
      vertex 35.7854 14.4354 59.8898
      vertex 35.4779 16.9356 61.3333
    endloop
  endfacet
  facet normal -0.000700029 -0.500124 0.865954
    outer loop
      vertex 35.7854 14.4354 59.8898
      vertex 35.2196 16.8987 61.312
      vertex 35.7153 14.4213 59.8816
    endloop
  endfacet
  facet normal 0.000603906 -0.499928 0.866067
    outer loop
      vertex 35.7153 14.4213 59.8816
      vertex 35.2196 16.8987 61.312
      vertex 35.6464 14.4032 59.8712
    endloop
  endfacet
  facet normal -0.000216737 -0.500034 0.866006
    outer loop
      vertex 34.9647 16.8472 61.2822
      vertex 35.6464 14.4032 59.8712
      vertex 35.2196 16.8987 61.312
    endloop
  endfacet
  facet normal 1.54199e-05 -0.499985 0.866034
    outer loop
      vertex 35.6464 14.4032 59.8712
      vertex 34.9647 16.8472 61.2822
      vertex 35.579 14.3812 59.8585
    endloop
  endfacet
  facet normal -3.75542e-05 -0.499995 0.866028
    outer loop
      vertex 34.7142 16.7814 61.2442
      vertex 35.579 14.3812 59.8585
      vertex 34.9647 16.8472 61.2822
    endloop
  endfacet
  facet normal 0.000432137 -0.499868 0.866102
    outer loop
      vertex 35.579 14.3812 59.8585
      vertex 34.7142 16.7814 61.2442
      vertex 35.5135 14.3555 59.8437
    endloop
  endfacet
  facet normal 8.68202e-05 -0.499953 0.866052
    outer loop
      vertex 34.4693 16.7015 61.1981
      vertex 35.5135 14.3555 59.8437
      vertex 34.7142 16.7814 61.2442
    endloop
  endfacet
  facet normal -0.000301913 -0.500083 0.865977
    outer loop
      vertex 35.5135 14.3555 59.8437
      vertex 34.4693 16.7015 61.1981
      vertex 35.45 14.3261 59.8267
    endloop
  endfacet
  facet normal -6.01268e-05 -0.500008 0.866021
    outer loop
      vertex 34.2308 16.608 61.1441
      vertex 35.45 14.3261 59.8267
      vertex 34.4693 16.7015 61.1981
    endloop
  endfacet
  facet normal -6.57947e-05 -0.500011 0.866019
    outer loop
      vertex 35.45 14.3261 59.8267
      vertex 34.2308 16.608 61.1441
      vertex 35.3889 14.2932 59.8077
    endloop
  endfacet
  facet normal -0.000485434 -0.500168 0.865928
    outer loop
      vertex 35.3889 14.2932 59.8077
      vertex 34.2308 16.608 61.1441
      vertex 35.3304 14.2569 59.7867
    endloop
  endfacet
  facet normal 5.66575e-05 -0.499978 0.866038
    outer loop
      vertex 34 16.5011 61.0824
      vertex 35.3304 14.2569 59.7867
      vertex 34.2308 16.608 61.1441
    endloop
  endfacet
  facet normal 0.000692041 -0.499695 0.866201
    outer loop
      vertex 35.3304 14.2569 59.7867
      vertex 34 16.5011 61.0824
      vertex 35.2747 14.2173 59.7639
    endloop
  endfacet
  facet normal 1.81925e-05 -0.499977 0.866038
    outer loop
      vertex 33.7777 16.3814 61.0133
      vertex 35.2747 14.2173 59.7639
      vertex 34 16.5011 61.0824
    endloop
  endfacet
  facet normal -6.06351e-05 -0.500018 0.866015
    outer loop
      vertex 35.2747 14.2173 59.7639
      vertex 33.7777 16.3814 61.0133
      vertex 35.2222 14.1747 59.7393
    endloop
  endfacet
  facet normal 2.29093e-05 -0.499977 0.866038
    outer loop
      vertex 33.565 16.2494 60.9371
      vertex 35.2222 14.1747 59.7393
      vertex 33.7777 16.3814 61.0133
    endloop
  endfacet
  facet normal -0.000315723 -0.50018 0.865921
    outer loop
      vertex 35.2222 14.1747 59.7393
      vertex 33.565 16.2494 60.9371
      vertex 35.173 14.1292 59.713
    endloop
  endfacet
  facet normal 6.42362e-05 -0.499964 0.866046
    outer loop
      vertex 33.3626 16.1056 60.8541
      vertex 35.173 14.1292 59.713
      vertex 33.565 16.2494 60.9371
    endloop
  endfacet
  facet normal 0.000278496 -0.499817 0.866131
    outer loop
      vertex 35.173 14.1292 59.713
      vertex 33.3626 16.1056 60.8541
      vertex 35.1273 14.081 59.6852
    endloop
  endfacet
  facet normal -2.91196e-05 -0.500018 0.866015
    outer loop
      vertex 33.1716 15.9506 60.7646
      vertex 35.1273 14.081 59.6852
      vertex 33.3626 16.1056 60.8541
    endloop
  endfacet
  facet normal -0.000789234 -0.500614 0.86567
    outer loop
      vertex 35.1273 14.081 59.6852
      vertex 33.1716 15.9506 60.7646
      vertex 35.0854 14.0304 59.6559
    endloop
  endfacet
  facet normal -1.57395e-07 -0.500024 0.866011
    outer loop
      vertex 32.9926 15.7852 60.6691
      vertex 35.0854 14.0304 59.6559
      vertex 33.1716 15.9506 60.7646
    endloop
  endfacet
  facet normal 0.000869383 -0.499246 0.86646
    outer loop
      vertex 35.0854 14.0304 59.6559
      vertex 32.9926 15.7852 60.6691
      vertex 35.0474 13.9774 59.6254
    endloop
  endfacet
  facet normal -0.000507042 -0.500441 0.865771
    outer loop
      vertex 36.9146 12.9719 59.0448
      vertex 39.0074 11.2171 58.0317
      vertex 36.9526 13.0248 59.0754
    endloop
  endfacet
  facet normal 0.000111004 -0.499888 0.86609
    outer loop
      vertex 39.0074 11.2171 58.0317
      vertex 36.9146 12.9719 59.0448
      vertex 38.8284 11.0516 57.9362
    endloop
  endfacet
  facet normal 0.000650437 -0.499485 0.866323
    outer loop
      vertex 36.8727 12.9212 59.0156
      vertex 38.8284 11.0516 57.9362
      vertex 36.9146 12.9719 59.0448
    endloop
  endfacet
  facet normal -0.000170742 -0.500129 0.865951
    outer loop
      vertex 38.8284 11.0516 57.9362
      vertex 36.8727 12.9212 59.0156
      vertex 38.6374 10.8967 57.8467
    endloop
  endfacet
  facet normal -0.000695076 -0.500472 0.865753
    outer loop
      vertex 36.827 12.873 58.9877
      vertex 38.6374 10.8967 57.8467
      vertex 36.8727 12.9212 59.0156
    endloop
  endfacet
  facet normal 5.62644e-05 -0.499956 0.866051
    outer loop
      vertex 38.6374 10.8967 57.8467
      vertex 36.827 12.873 58.9877
      vertex 38.435 10.7529 57.7637
    endloop
  endfacet
  facet normal 0.000709616 -0.499584 0.866265
    outer loop
      vertex 36.7778 12.8275 58.9615
      vertex 38.435 10.7529 57.7637
      vertex 36.827 12.873 58.9877
    endloop
  endfacet
  facet normal -8.21152e-05 -0.500058 0.865992
    outer loop
      vertex 38.435 10.7529 57.7637
      vertex 36.7778 12.8275 58.9615
      vertex 38.2223 10.6208 57.6874
    endloop
  endfacet
  facet normal -3.9837e-05 -0.500038 0.866004
    outer loop
      vertex 36.7253 12.7849 58.9369
      vertex 38.2223 10.6208 57.6874
      vertex 36.7778 12.8275 58.9615
    endloop
  endfacet
  facet normal 3.38923e-05 -0.499999 0.866026
    outer loop
      vertex 38.2223 10.6208 57.6874
      vertex 36.7253 12.7849 58.9369
      vertex 38 10.5011 57.6183
    endloop
  endfacet
  facet normal -0.000401854 -0.500182 0.86592
    outer loop
      vertex 36.6696 12.7453 58.914
      vertex 38 10.5011 57.6183
      vertex 36.7253 12.7849 58.9369
    endloop
  endfacet
  facet normal -0.000113332 -0.500053 0.865995
    outer loop
      vertex 38 10.5011 57.6183
      vertex 36.6696 12.7453 58.914
      vertex 37.7692 10.3943 57.5566
    endloop
  endfacet
  facet normal 0.000672231 -0.499778 0.866153
    outer loop
      vertex 36.6111 12.709 58.8931
      vertex 37.7692 10.3943 57.5566
      vertex 36.6696 12.7453 58.914
    endloop
  endfacet
  facet normal -4.07604e-05 -0.500045 0.865999
    outer loop
      vertex 36.55 12.6761 58.8741
      vertex 37.7692 10.3943 57.5566
      vertex 36.6111 12.709 58.8931
    endloop
  endfacet
  facet normal 0.000132604 -0.499976 0.866039
    outer loop
      vertex 37.7692 10.3943 57.5566
      vertex 36.55 12.6761 58.8741
      vertex 37.5307 10.3007 57.5026
    endloop
  endfacet
  facet normal -0.000287738 -0.500106 0.865964
    outer loop
      vertex 36.4865 12.6467 58.8571
      vertex 37.5307 10.3007 57.5026
      vertex 36.55 12.6761 58.8741
    endloop
  endfacet
  facet normal -8.0958e-05 -0.500037 0.866004
    outer loop
      vertex 37.5307 10.3007 57.5026
      vertex 36.4865 12.6467 58.8571
      vertex 37.2858 10.2209 57.4565
    endloop
  endfacet
  facet normal -0.000719053 -0.500195 0.865913
    outer loop
      vertex 36.421 12.621 58.8422
      vertex 37.2858 10.2209 57.4565
      vertex 36.4865 12.6467 58.8571
    endloop
  endfacet
  facet normal -3.25549e-05 -0.500009 0.86602
    outer loop
      vertex 37.2858 10.2209 57.4565
      vertex 36.421 12.621 58.8422
      vertex 37.0353 10.1551 57.4185
    endloop
  endfacet
  facet normal 0.00121 -0.499777 0.866153
    outer loop
      vertex 36.3536 12.599 58.8296
      vertex 37.0353 10.1551 57.4185
      vertex 36.421 12.621 58.8422
    endloop
  endfacet
  facet normal 0.000115574 -0.500006 0.866022
    outer loop
      vertex 37.0353 10.1551 57.4185
      vertex 36.3536 12.599 58.8296
      vertex 36.7804 10.1036 57.3888
    endloop
  endfacet
  facet normal -0.000593932 -0.500097 0.865969
    outer loop
      vertex 36.2847 12.5809 58.8191
      vertex 36.7804 10.1036 57.3888
      vertex 36.3536 12.599 58.8296
    endloop
  endfacet
  facet normal -0.00070289 -0.500113 0.86596
    outer loop
      vertex 36.2146 12.5668 58.8109
      vertex 36.7804 10.1036 57.3888
      vertex 36.2847 12.5809 58.8191
    endloop
  endfacet
  facet normal 0.000199704 -0.499958 0.86605
    outer loop
      vertex 36.7804 10.1036 57.3888
      vertex 36.2146 12.5668 58.8109
      vertex 36.5221 10.0666 57.3675
    endloop
  endfacet
  facet normal 0.00106204 -0.499878 0.866095
    outer loop
      vertex 36.1436 12.5566 58.8051
      vertex 36.5221 10.0666 57.3675
      vertex 36.2146 12.5668 58.8109
    endloop
  endfacet
  facet normal 5.63076e-05 -0.499993 0.866029
    outer loop
      vertex 36.5221 10.0666 57.3675
      vertex 36.1436 12.5566 58.8051
      vertex 36.2616 10.0444 57.3547
    endloop
  endfacet
  facet normal 0.000262141 -0.499986 0.866034
    outer loop
      vertex 36.0719 12.5505 58.8016
      vertex 36.2616 10.0444 57.3547
      vertex 36.1436 12.5566 58.8051
    endloop
  endfacet
  facet normal -0.000545773 -0.499996 0.866028
    outer loop
      vertex 36 10.037 57.3504
      vertex 36.0719 12.5505 58.8016
      vertex 36 12.5485 58.8004
    endloop
  endfacet
  facet normal -9.11762e-05 -0.500006 0.866022
    outer loop
      vertex 36.0719 12.5505 58.8016
      vertex 36 10.037 57.3504
      vertex 36.2616 10.0444 57.3547
    endloop
  endfacet
  facet normal 0.000545773 -0.499996 0.866028
    outer loop
      vertex 35.9281 12.5505 58.8016
      vertex 36 10.037 57.3504
      vertex 36 12.5485 58.8004
    endloop
  endfacet
  facet normal -0.000262141 -0.499986 0.866034
    outer loop
      vertex 35.7384 10.0444 57.3547
      vertex 35.9281 12.5505 58.8016
      vertex 35.8564 12.5566 58.8051
    endloop
  endfacet
  facet normal -0.00106204 -0.499878 0.866095
    outer loop
      vertex 35.4779 10.0666 57.3675
      vertex 35.8564 12.5566 58.8051
      vertex 35.7854 12.5668 58.8109
    endloop
  endfacet
  facet normal 9.11762e-05 -0.500006 0.866022
    outer loop
      vertex 35.9281 12.5505 58.8016
      vertex 35.7384 10.0444 57.3547
      vertex 36 10.037 57.3504
    endloop
  endfacet
  facet normal 0.00070289 -0.500113 0.86596
    outer loop
      vertex 35.2196 10.1036 57.3888
      vertex 35.7854 12.5668 58.8109
      vertex 35.7153 12.5809 58.8191
    endloop
  endfacet
  facet normal 0.000593932 -0.500097 0.865969
    outer loop
      vertex 35.2196 10.1036 57.3888
      vertex 35.7153 12.5809 58.8191
      vertex 35.6464 12.599 58.8296
    endloop
  endfacet
  facet normal -0.00121 -0.499777 0.866153
    outer loop
      vertex 34.9647 10.1551 57.4185
      vertex 35.6464 12.599 58.8296
      vertex 35.579 12.621 58.8422
    endloop
  endfacet
  facet normal 0.000719053 -0.500195 0.865913
    outer loop
      vertex 34.7142 10.2209 57.4565
      vertex 35.579 12.621 58.8422
      vertex 35.5135 12.6467 58.8571
    endloop
  endfacet
  facet normal -5.63076e-05 -0.499993 0.866029
    outer loop
      vertex 35.8564 12.5566 58.8051
      vertex 35.4779 10.0666 57.3675
      vertex 35.7384 10.0444 57.3547
    endloop
  endfacet
  facet normal 0.000287738 -0.500106 0.865964
    outer loop
      vertex 34.4693 10.3007 57.5026
      vertex 35.5135 12.6467 58.8571
      vertex 35.45 12.6761 58.8741
    endloop
  endfacet
  facet normal 4.07604e-05 -0.500045 0.865999
    outer loop
      vertex 34.2308 10.3943 57.5566
      vertex 35.45 12.6761 58.8741
      vertex 35.3889 12.709 58.8931
    endloop
  endfacet
  facet normal -0.000672231 -0.499778 0.866153
    outer loop
      vertex 34.2308 10.3943 57.5566
      vertex 35.3889 12.709 58.8931
      vertex 35.3304 12.7453 58.914
    endloop
  endfacet
  facet normal 0.000401854 -0.500182 0.86592
    outer loop
      vertex 34 10.5011 57.6183
      vertex 35.3304 12.7453 58.914
      vertex 35.2747 12.7849 58.9369
    endloop
  endfacet
  facet normal 3.9837e-05 -0.500038 0.866004
    outer loop
      vertex 33.7777 10.6208 57.6874
      vertex 35.2747 12.7849 58.9369
      vertex 35.2222 12.8275 58.9615
    endloop
  endfacet
  facet normal -0.000199704 -0.499958 0.86605
    outer loop
      vertex 35.7854 12.5668 58.8109
      vertex 35.2196 10.1036 57.3888
      vertex 35.4779 10.0666 57.3675
    endloop
  endfacet
  facet normal -0.000709616 -0.499584 0.866265
    outer loop
      vertex 33.565 10.7529 57.7637
      vertex 35.2222 12.8275 58.9615
      vertex 35.173 12.873 58.9877
    endloop
  endfacet
  facet normal 0.000695076 -0.500472 0.865753
    outer loop
      vertex 33.3626 10.8967 57.8467
      vertex 35.173 12.873 58.9877
      vertex 35.1273 12.9212 59.0156
    endloop
  endfacet
  facet normal -0.000650437 -0.499485 0.866323
    outer loop
      vertex 33.1716 11.0516 57.9362
      vertex 35.1273 12.9212 59.0156
      vertex 35.0854 12.9719 59.0448
    endloop
  endfacet
  facet normal 0.000507042 -0.500441 0.865771
    outer loop
      vertex 32.9926 11.2171 58.0317
      vertex 35.0854 12.9719 59.0448
      vertex 35.0474 13.0248 59.0754
    endloop
  endfacet
  facet normal -0.000425463 -0.499556 0.866281
    outer loop
      vertex 32.8266 11.3923 58.1329
      vertex 35.0474 13.0248 59.0754
      vertex 35.0134 13.0798 59.1071
    endloop
  endfacet
  facet normal 4.01976e-05 -0.500059 0.865992
    outer loop
      vertex 32.6741 11.5766 58.2392
      vertex 35.0134 13.0798 59.1071
      vertex 34.9837 13.1366 59.1399
    endloop
  endfacet
  facet normal -0.000115574 -0.500006 0.866022
    outer loop
      vertex 35.6464 12.599 58.8296
      vertex 34.9647 10.1551 57.4185
      vertex 35.2196 10.1036 57.3888
    endloop
  endfacet
  facet normal 0.000277855 -0.50036 0.865817
    outer loop
      vertex 32.5359 11.7691 58.3504
      vertex 34.9837 13.1366 59.1399
      vertex 34.9584 13.1949 59.1736
    endloop
  endfacet
  facet normal -0.000347344 -0.499353 0.866399
    outer loop
      vertex 32.3045 12.1755 58.585
      vertex 34.9584 13.1949 59.1736
      vertex 34.9375 13.2546 59.208
    endloop
  endfacet
  facet normal 0.000247466 -0.500536 0.865715
    outer loop
      vertex 32.2123 12.3876 58.7075
      vertex 34.9375 13.2546 59.208
      vertex 34.9211 13.3153 59.2431
    endloop
  endfacet
  facet normal -2.99007e-05 -0.49993 0.866066
    outer loop
      vertex 32.1363 12.6045 58.8327
      vertex 34.9211 13.3153 59.2431
      vertex 34.9094 13.3768 59.2786
    endloop
  endfacet
  facet normal -6.52292e-06 -0.500045 0.865999
    outer loop
      vertex 32.0342 13.049 59.0893
      vertex 34.9094 13.3768 59.2786
      vertex 34.9024 13.4388 59.3144
    endloop
  endfacet
  facet normal 2.47276e-05 -0.500323 0.865839
    outer loop
      vertex 32.0086 13.2746 59.2196
      vertex 34.9024 13.4388 59.3144
      vertex 34.9 13.5011 59.3504
    endloop
  endfacet
  facet normal 1.47553e-05 -0.499975 0.86604
    outer loop
      vertex 32.8266 15.6099 60.5679
      vertex 35.0474 13.9774 59.6254
      vertex 32.9926 15.7852 60.6691
    endloop
  endfacet
  facet normal 3.25549e-05 -0.500009 0.86602
    outer loop
      vertex 35.579 12.621 58.8422
      vertex 34.7142 10.2209 57.4565
      vertex 34.9647 10.1551 57.4185
    endloop
  endfacet
  facet normal -0.00083053 -0.500837 0.865541
    outer loop
      vertex 35.0474 13.9774 59.6254
      vertex 32.8266 15.6099 60.5679
      vertex 35.0134 13.9225 59.5936
    endloop
  endfacet
  facet normal 8.0958e-05 -0.500037 0.866004
    outer loop
      vertex 35.5135 12.6467 58.8571
      vertex 34.4693 10.3007 57.5026
      vertex 34.7142 10.2209 57.4565
    endloop
  endfacet
  facet normal -9.61534e-05 -0.500124 0.865954
    outer loop
      vertex 32.6741 15.4257 60.4615
      vertex 35.0134 13.9225 59.5936
      vertex 32.8266 15.6099 60.5679
    endloop
  endfacet
  facet normal -0.000132604 -0.499976 0.866039
    outer loop
      vertex 35.45 12.6761 58.8741
      vertex 34.2308 10.3943 57.5566
      vertex 34.4693 10.3007 57.5026
    endloop
  endfacet
  facet normal 0.000693511 -0.499202 0.866485
    outer loop
      vertex 35.0134 13.9225 59.5936
      vertex 32.6741 15.4257 60.4615
      vertex 34.9837 13.8657 59.5609
    endloop
  endfacet
  facet normal 0.000113332 -0.500053 0.865995
    outer loop
      vertex 35.3304 12.7453 58.914
      vertex 34 10.5011 57.6183
      vertex 34.2308 10.3943 57.5566
    endloop
  endfacet
  facet normal 6.49375e-05 -0.4999 0.866083
    outer loop
      vertex 32.5359 15.2332 60.3504
      vertex 34.9837 13.8657 59.5609
      vertex 32.6741 15.4257 60.4615
    endloop
  endfacet
  facet normal -3.38923e-05 -0.499999 0.866026
    outer loop
      vertex 35.2747 12.7849 58.9369
      vertex 33.7777 10.6208 57.6874
      vertex 34 10.5011 57.6183
    endloop
  endfacet
  facet normal 0.000107564 -0.499843 0.866116
    outer loop
      vertex 34.9837 13.8657 59.5609
      vertex 32.5359 15.2332 60.3504
      vertex 34.9584 13.8073 59.5272
    endloop
  endfacet
  facet normal 8.21152e-05 -0.500058 0.865992
    outer loop
      vertex 35.2222 12.8275 58.9615
      vertex 33.565 10.7529 57.7637
      vertex 33.7777 10.6208 57.6874
    endloop
  endfacet
  facet normal 0.000119521 -0.499828 0.866125
    outer loop
      vertex 32.4125 15.0332 60.235
      vertex 34.9584 13.8073 59.5272
      vertex 32.5359 15.2332 60.3504
    endloop
  endfacet
  facet normal -5.62644e-05 -0.499956 0.866051
    outer loop
      vertex 35.173 12.873 58.9877
      vertex 33.3626 10.8967 57.8467
      vertex 33.565 10.7529 57.7637
    endloop
  endfacet
  facet normal -0.000210511 -0.500342 0.865828
    outer loop
      vertex 32.3045 14.8268 60.1157
      vertex 34.9584 13.8073 59.5272
      vertex 32.4125 15.0332 60.235
    endloop
  endfacet
  facet normal 0.000170742 -0.500129 0.865951
    outer loop
      vertex 35.1273 12.9212 59.0156
      vertex 33.1716 11.0516 57.9362
      vertex 33.3626 10.8967 57.8467
    endloop
  endfacet
  facet normal -0.000473322 -0.500855 0.865531
    outer loop
      vertex 34.9584 13.8073 59.5272
      vertex 32.3045 14.8268 60.1157
      vertex 34.9375 13.7477 59.4927
    endloop
  endfacet
  facet normal -0.000111004 -0.499888 0.86609
    outer loop
      vertex 35.0854 12.9719 59.0448
      vertex 32.9926 11.2171 58.0317
      vertex 33.1716 11.0516 57.9362
    endloop
  endfacet
  facet normal 0.000156285 -0.499703 0.866197
    outer loop
      vertex 32.2123 14.6146 59.9933
      vertex 34.9375 13.7477 59.4927
      vertex 32.3045 14.8268 60.1157
    endloop
  endfacet
  facet normal 0.000108889 -0.500101 0.865967
    outer loop
      vertex 35.0474 13.0248 59.0754
      vertex 32.8266 11.3923 58.1329
      vertex 32.9926 11.2171 58.0317
    endloop
  endfacet
  facet normal 0.000216622 -0.49956 0.866279
    outer loop
      vertex 34.9375 13.7477 59.4927
      vertex 32.2123 14.6146 59.9933
      vertex 34.9211 13.687 59.4577
    endloop
  endfacet
  facet normal -0.000214858 -0.499761 0.866163
    outer loop
      vertex 35.0134 13.0798 59.1071
      vertex 32.6741 11.5766 58.2392
      vertex 32.8266 11.3923 58.1329
    endloop
  endfacet
  facet normal -7.45327e-05 -0.500198 0.865911
    outer loop
      vertex 32.1363 14.3977 59.868
      vertex 34.9211 13.687 59.4577
      vertex 32.2123 14.6146 59.9933
    endloop
  endfacet
  facet normal 0.000114442 -0.500141 0.865944
    outer loop
      vertex 34.9837 13.1366 59.1399
      vertex 32.5359 11.7691 58.3504
      vertex 32.6741 11.5766 58.2392
    endloop
  endfacet
  facet normal 1.73618e-05 -0.499928 0.866067
    outer loop
      vertex 34.9211 13.687 59.4577
      vertex 32.1363 14.3977 59.868
      vertex 34.9094 13.6255 59.4222
    endloop
  endfacet
  facet normal -2.67079e-05 -0.499972 0.866041
    outer loop
      vertex 34.9584 13.1949 59.1736
      vertex 32.4125 11.969 58.4658
      vertex 32.5359 11.7691 58.3504
    endloop
  endfacet
  facet normal 7.15378e-05 -0.499782 0.866151
    outer loop
      vertex 32.0769 14.1769 59.7406
      vertex 34.9094 13.6255 59.4222
      vertex 32.1363 14.3977 59.868
    endloop
  endfacet
  facet normal -4.39789e-05 -0.499945 0.866057
    outer loop
      vertex 34.9584 13.1949 59.1736
      vertex 32.3045 12.1755 58.585
      vertex 32.4125 11.969 58.4658
    endloop
  endfacet
  facet normal -6.14766e-05 -0.500295 0.865855
    outer loop
      vertex 32.0342 13.9533 59.6114
      vertex 34.9094 13.6255 59.4222
      vertex 32.0769 14.1769 59.7406
    endloop
  endfacet
  facet normal 6.77156e-05 -0.500113 0.86596
    outer loop
      vertex 34.9375 13.2546 59.208
      vertex 32.2123 12.3876 58.7075
      vertex 32.3045 12.1755 58.585
    endloop
  endfacet
  facet normal 6.7451e-05 -0.499446 0.866345
    outer loop
      vertex 34.9094 13.6255 59.4222
      vertex 32.0342 13.9533 59.6114
      vertex 34.9024 13.5634 59.3864
    endloop
  endfacet
  facet normal -3.10605e-05 -0.499926 0.866068
    outer loop
      vertex 34.9211 13.3153 59.2431
      vertex 32.1363 12.6045 58.8327
      vertex 32.2123 12.3876 58.7075
    endloop
  endfacet
  facet normal -6.56456e-06 -0.499855 0.866109
    outer loop
      vertex 32.0086 13.7277 59.4812
      vertex 34.9024 13.5634 59.3864
      vertex 32.0342 13.9533 59.6114
    endloop
  endfacet
  facet normal 1.78021e-05 -0.500058 0.865992
    outer loop
      vertex 34.9094 13.3768 59.2786
      vertex 32.0769 12.8253 58.9602
      vertex 32.1363 12.6045 58.8327
    endloop
  endfacet
  facet normal -4.19794e-05 -0.500323 0.865839
    outer loop
      vertex 34.9024 13.5634 59.3864
      vertex 32.0086 13.7277 59.4812
      vertex 34.9 13.5011 59.3504
    endloop
  endfacet
  facet normal -3.61506e-05 -0.499851 0.866112
    outer loop
      vertex 34.9094 13.3768 59.2786
      vertex 32.0342 13.049 59.0893
      vertex 32.0769 12.8253 58.9602
    endloop
  endfacet
  facet normal 0 -0.499921 0.866071
    outer loop
      vertex 32 13.5011 59.3504
      vertex 34.9 13.5011 59.3504
      vertex 32.0086 13.7277 59.4812
    endloop
  endfacet
  facet normal 1.10443e-05 -0.500142 0.865943
    outer loop
      vertex 34.9024 13.4388 59.3144
      vertex 32.0086 13.2746 59.2196
      vertex 32.0342 13.049 59.0893
    endloop
  endfacet
  facet normal 0 -0.500086 0.865975
    outer loop
      vertex 34.9 13.5011 59.3504
      vertex 32 13.5011 59.3504
      vertex 32.0086 13.2746 59.2196
    endloop
  endfacet
  facet normal -0.528008 0.735463 0.42462
    outer loop
      vertex 34 22.5011 50.6901
      vertex 33.7777 16.3814 61.0133
      vertex 34 16.5011 61.0824
    endloop
  endfacet
  facet normal -0.528008 0.735463 0.42462
    outer loop
      vertex 33.7777 16.3814 61.0133
      vertex 34 22.5011 50.6901
      vertex 33.7777 22.3814 50.621
    endloop
  endfacet
  facet normal -0.634231 0.669562 0.386572
    outer loop
      vertex 33.565 22.2494 50.5448
      vertex 33.3626 16.1056 60.8541
      vertex 33.565 16.2494 60.9371
    endloop
  endfacet
  facet normal -0.634231 0.669562 0.386572
    outer loop
      vertex 33.3626 16.1056 60.8541
      vertex 33.565 22.2494 50.5448
      vertex 33.3626 22.1056 50.4618
    endloop
  endfacet
  facet normal -0.290271 0.828738 0.478472
    outer loop
      vertex 34.9647 22.8472 50.8899
      vertex 34.7142 16.7814 61.2442
      vertex 34.9647 16.8472 61.2822
    endloop
  endfacet
  facet normal -0.290271 0.828738 0.478472
    outer loop
      vertex 34.7142 16.7814 61.2442
      vertex 34.9647 22.8472 50.8899
      vertex 34.7142 22.7814 50.8519
    endloop
  endfacet
  facet normal -0.35249 0.81044 0.467908
    outer loop
      vertex 34.7142 22.7814 50.8519
      vertex 34.4693 16.7015 61.1981
      vertex 34.7142 16.7814 61.2442
    endloop
  endfacet
  facet normal -0.35249 0.81044 0.467908
    outer loop
      vertex 34.4693 16.7015 61.1981
      vertex 34.7142 22.7814 50.8519
      vertex 34.4693 22.7015 50.8058
    endloop
  endfacet
  facet normal -0.227315 0.843356 0.486907
    outer loop
      vertex 35.2196 22.8987 50.9196
      vertex 34.9647 16.8472 61.2822
      vertex 35.2196 16.8987 61.312
    endloop
  endfacet
  facet normal -0.227134 0.84339 0.486932
    outer loop
      vertex 34.9647 16.8472 61.2822
      vertex 35.2196 22.8987 50.9196
      vertex 34.9647 22.8472 50.8899
    endloop
  endfacet
  facet normal 0.163072 -0.854433 -0.493307
    outer loop
      vertex 36.5221 10.0666 57.3675
      vertex 36.7804 16.1036 46.9965
      vertex 36.7804 10.1036 57.3888
    endloop
  endfacet
  facet normal 0.16275 -0.854475 -0.49334
    outer loop
      vertex 36.7804 16.1036 46.9965
      vertex 36.5221 10.0666 57.3675
      vertex 36.5221 16.0667 46.9752
    endloop
  endfacet
  facet normal 0.412698 -0.788835 -0.455434
    outer loop
      vertex 37.5307 10.3007 57.5026
      vertex 37.7692 16.3943 47.1643
      vertex 37.7692 10.3943 57.5566
    endloop
  endfacet
  facet normal 0.412698 -0.788835 -0.455434
    outer loop
      vertex 37.7692 16.3943 47.1643
      vertex 37.5307 10.3007 57.5026
      vertex 37.5307 16.3007 47.1103
    endloop
  endfacet
  facet normal 0.634231 -0.669562 -0.386572
    outer loop
      vertex 38.435 10.7529 57.7637
      vertex 38.6374 16.8967 47.4544
      vertex 38.6374 10.8967 57.8467
    endloop
  endfacet
  facet normal 0.634231 -0.669562 -0.386572
    outer loop
      vertex 38.6374 16.8967 47.4544
      vertex 38.435 10.7529 57.7637
      vertex 38.435 16.7529 47.3714
    endloop
  endfacet
  facet normal 0.528008 -0.735463 -0.42462
    outer loop
      vertex 38 10.5011 57.6183
      vertex 38.2223 16.6208 47.2951
      vertex 38.2223 10.6208 57.6874
    endloop
  endfacet
  facet normal 0.528008 -0.735463 -0.42462
    outer loop
      vertex 38.2223 16.6208 47.2951
      vertex 38 10.5011 57.6183
      vertex 38 16.5011 47.226
    endloop
  endfacet
  facet normal 0.812775 -0.504527 -0.291289
    outer loop
      vertex 39.3259 11.5766 58.2392
      vertex 39.1734 17.3923 47.7406
      vertex 39.3259 17.5766 47.8469
    endloop
  endfacet
  facet normal 0.812775 -0.504527 -0.291289
    outer loop
      vertex 39.1734 17.3923 47.7406
      vertex 39.3259 11.5766 58.2392
      vertex 39.1734 11.3923 58.1329
    endloop
  endfacet
  facet normal 0.935889 -0.305096 -0.176147
    outer loop
      vertex 39.7877 12.3876 58.7075
      vertex 39.6955 18.1755 48.1927
      vertex 39.7877 18.3876 48.3152
    endloop
  endfacet
  facet normal 0.935889 -0.305096 -0.176147
    outer loop
      vertex 39.6955 18.1755 48.1927
      vertex 39.7877 12.3876 58.7075
      vertex 39.6955 12.1755 58.585
    endloop
  endfacet
  facet normal 0.973919 -0.196496 -0.113447
    outer loop
      vertex 39.9231 12.8253 58.9602
      vertex 39.8637 18.6045 48.4404
      vertex 39.9231 18.8253 48.5679
    endloop
  endfacet
  facet normal 0.973919 -0.196496 -0.113447
    outer loop
      vertex 39.8637 18.6045 48.4404
      vertex 39.9231 12.8253 58.9602
      vertex 39.8637 12.6045 58.8327
    endloop
  endfacet
  facet normal 0.995207 -0.0846904 -0.048896
    outer loop
      vertex 39.9914 13.2746 59.2196
      vertex 39.9658 19.049 48.697
      vertex 39.9914 19.2746 48.8273
    endloop
  endfacet
  facet normal 0.995207 -0.0846904 -0.048896
    outer loop
      vertex 39.9658 19.049 48.697
      vertex 39.9914 13.2746 59.2196
      vertex 39.9658 13.049 59.0893
    endloop
  endfacet
  facet normal -0.582814 -0.703737 -0.406303
    outer loop
      vertex 33.565 16.7529 47.3714
      vertex 33.7777 10.6208 57.6874
      vertex 33.565 10.7529 57.7637
    endloop
  endfacet
  facet normal -0.582814 -0.703737 -0.406303
    outer loop
      vertex 33.7777 10.6208 57.6874
      vertex 33.565 16.7529 47.3714
      vertex 33.7777 16.6208 47.2951
    endloop
  endfacet
  facet normal -0.3522 -0.810535 -0.467963
    outer loop
      vertex 34.4693 16.3007 47.1103
      vertex 34.7142 10.2209 57.4565
      vertex 34.4693 10.3007 57.5026
    endloop
  endfacet
  facet normal -0.3522 -0.810535 -0.467963
    outer loop
      vertex 34.7142 10.2209 57.4565
      vertex 34.4693 16.3007 47.1103
      vertex 34.7142 16.2209 47.0642
    endloop
  endfacet
  facet normal -0.471326 -0.763799 -0.44098
    outer loop
      vertex 34 16.5011 47.226
      vertex 34.2308 10.3943 57.5566
      vertex 34 10.5011 57.6183
    endloop
  endfacet
  facet normal -0.471326 -0.763799 -0.44098
    outer loop
      vertex 34.2308 10.3943 57.5566
      vertex 34 16.5011 47.226
      vertex 34.2308 16.3943 47.1643
    endloop
  endfacet
  facet normal -0.227134 -0.84339 -0.486932
    outer loop
      vertex 34.9647 16.1551 47.0262
      vertex 35.2196 10.1036 57.3888
      vertex 34.9647 10.1551 57.4185
    endloop
  endfacet
  facet normal -0.227134 -0.84339 -0.486932
    outer loop
      vertex 35.2196 10.1036 57.3888
      vertex 34.9647 16.1551 47.0262
      vertex 35.2196 16.1036 46.9965
    endloop
  endfacet
  facet normal -0.0326988 -0.865562 -0.499733
    outer loop
      vertex 35.7384 16.0444 46.9624
      vertex 36 10.037 57.3504
      vertex 35.7384 10.0444 57.3547
    endloop
  endfacet
  facet normal -0.0326988 -0.865562 -0.499733
    outer loop
      vertex 36 10.037 57.3504
      vertex 35.7384 16.0444 46.9624
      vertex 36 16.037 46.9581
    endloop
  endfacet
  facet normal -0.773097 -0.54931 -0.317144
    outer loop
      vertex 32.9926 17.2171 47.6394
      vertex 32.8266 11.3923 58.1329
      vertex 32.8266 17.3923 47.7406
    endloop
  endfacet
  facet normal -0.773097 -0.54931 -0.317144
    outer loop
      vertex 32.8266 11.3923 58.1329
      vertex 32.9926 17.2171 47.6394
      vertex 32.9926 11.2171 58.0317
    endloop
  endfacet
  facet normal -0.812775 -0.504527 -0.291289
    outer loop
      vertex 32.8266 17.3923 47.7406
      vertex 32.6741 11.5766 58.2392
      vertex 32.6741 17.5766 47.8469
    endloop
  endfacet
  facet normal -0.812775 -0.504527 -0.291289
    outer loop
      vertex 32.6741 11.5766 58.2392
      vertex 32.8266 17.3923 47.7406
      vertex 32.8266 11.3923 58.1329
    endloop
  endfacet
  facet normal -0.956909 -0.251484 -0.145194
    outer loop
      vertex 32.2123 18.3876 48.3152
      vertex 32.1363 12.6045 58.8327
      vertex 32.1363 18.6045 48.4404
    endloop
  endfacet
  facet normal -0.956909 -0.251484 -0.145194
    outer loop
      vertex 32.1363 12.6045 58.8327
      vertex 32.2123 18.3876 48.3152
      vertex 32.2123 12.3876 58.7075
    endloop
  endfacet
  facet normal -0.910911 -0.357324 -0.206301
    outer loop
      vertex 32.4125 17.969 48.0735
      vertex 32.3045 12.1755 58.585
      vertex 32.3045 18.1755 48.1927
    endloop
  endfacet
  facet normal -0.910911 -0.357324 -0.206301
    outer loop
      vertex 32.3045 12.1755 58.585
      vertex 32.4125 17.969 48.0735
      vertex 32.4125 11.969 58.4658
    endloop
  endfacet
  facet normal -0.986608 -0.141258 -0.0815553
    outer loop
      vertex 32.0769 18.8253 48.5679
      vertex 32.0342 13.049 59.0893
      vertex 32.0342 19.049 48.697
    endloop
  endfacet
  facet normal -0.986608 -0.141258 -0.0815553
    outer loop
      vertex 32.0342 13.049 59.0893
      vertex 32.0769 18.8253 48.5679
      vertex 32.0769 12.8253 58.9602
    endloop
  endfacet
  facet normal -0.849219 0.457296 0.26402
    outer loop
      vertex 32.5359 21.2332 49.9581
      vertex 32.6741 15.4257 60.4615
      vertex 32.6741 21.4257 50.0692
    endloop
  endfacet
  facet normal -0.849219 0.457296 0.26402
    outer loop
      vertex 32.6741 15.4257 60.4615
      vertex 32.5359 21.2332 49.9581
      vertex 32.5359 15.2332 60.3504
    endloop
  endfacet
  facet normal -0.812728 0.504584 0.291322
    outer loop
      vertex 32.6741 21.4257 50.0692
      vertex 32.8266 15.6099 60.5679
      vertex 32.8266 21.6099 50.1756
    endloop
  endfacet
  facet normal -0.812728 0.504584 0.291322
    outer loop
      vertex 32.8266 15.6099 60.5679
      vertex 32.6741 21.4257 50.0692
      vertex 32.6741 15.4257 60.4615
    endloop
  endfacet
  facet normal -0.77323 0.549169 0.317063
    outer loop
      vertex 32.8266 21.6099 50.1756
      vertex 32.9926 15.7852 60.6691
      vertex 32.9926 21.7852 50.2768
    endloop
  endfacet
  facet normal -0.77323 0.549169 0.317063
    outer loop
      vertex 32.9926 15.7852 60.6691
      vertex 32.8266 21.6099 50.1756
      vertex 32.8266 15.6099 60.5679
    endloop
  endfacet
  facet normal -0.99946 -0.0284598 -0.0164313
    outer loop
      vertex 32.0086 19.2746 48.8273
      vertex 32 13.5011 59.3504
      vertex 32 19.5011 48.9581
    endloop
  endfacet
  facet normal -0.99946 -0.0284598 -0.0164313
    outer loop
      vertex 32 13.5011 59.3504
      vertex 32.0086 19.2746 48.8273
      vertex 32.0086 13.2746 59.2196
    endloop
  endfacet
  facet normal -0.471584 0.76368 0.440911
    outer loop
      vertex 34.2308 22.608 50.7518
      vertex 34 16.5011 61.0824
      vertex 34.2308 16.608 61.1441
    endloop
  endfacet
  facet normal -0.471584 0.76368 0.440911
    outer loop
      vertex 34 16.5011 61.0824
      vertex 34.2308 22.608 50.7518
      vertex 34 22.5011 50.6901
    endloop
  endfacet
  facet normal 0.227134 -0.84339 -0.486932
    outer loop
      vertex 36.7804 10.1036 57.3888
      vertex 37.0353 16.1551 47.0262
      vertex 37.0353 10.1551 57.4185
    endloop
  endfacet
  facet normal 0.227134 -0.84339 -0.486932
    outer loop
      vertex 37.0353 16.1551 47.0262
      vertex 36.7804 10.1036 57.3888
      vertex 36.7804 16.1036 46.9965
    endloop
  endfacet
  facet normal 0.3522 -0.810535 -0.467963
    outer loop
      vertex 37.2858 10.2209 57.4565
      vertex 37.5307 16.3007 47.1103
      vertex 37.5307 10.3007 57.5026
    endloop
  endfacet
  facet normal 0.3522 -0.810535 -0.467963
    outer loop
      vertex 37.5307 16.3007 47.1103
      vertex 37.2858 10.2209 57.4565
      vertex 37.2858 16.2209 47.0642
    endloop
  endfacet
  facet normal 0.683605 -0.63207 -0.364926
    outer loop
      vertex 38.8284 11.0516 57.9362
      vertex 38.6374 16.8967 47.4544
      vertex 38.8284 17.0516 47.5439
    endloop
  endfacet
  facet normal 0.683605 -0.63207 -0.364926
    outer loop
      vertex 38.6374 16.8967 47.4544
      vertex 38.8284 11.0516 57.9362
      vertex 38.6374 10.8967 57.8467
    endloop
  endfacet
  facet normal 0.582814 -0.703737 -0.406303
    outer loop
      vertex 38.2223 10.6208 57.6874
      vertex 38.435 16.7529 47.3714
      vertex 38.435 10.7529 57.7637
    endloop
  endfacet
  facet normal 0.582814 -0.703737 -0.406303
    outer loop
      vertex 38.435 16.7529 47.3714
      vertex 38.2223 10.6208 57.6874
      vertex 38.2223 16.6208 47.2951
    endloop
  endfacet
  facet normal 0.849273 -0.457222 -0.263977
    outer loop
      vertex 39.4641 11.7691 58.3504
      vertex 39.3259 17.5766 47.8469
      vertex 39.4641 17.7691 47.9581
    endloop
  endfacet
  facet normal 0.849273 -0.457222 -0.263977
    outer loop
      vertex 39.3259 17.5766 47.8469
      vertex 39.4641 11.7691 58.3504
      vertex 39.3259 11.5766 58.2392
    endloop
  endfacet
  facet normal 0.910911 -0.357324 -0.206301
    outer loop
      vertex 39.6955 12.1755 58.585
      vertex 39.5875 17.969 48.0735
      vertex 39.6955 18.1755 48.1927
    endloop
  endfacet
  facet normal 0.910911 -0.357324 -0.206301
    outer loop
      vertex 39.5875 17.969 48.0735
      vertex 39.6955 12.1755 58.585
      vertex 39.5875 11.969 58.4658
    endloop
  endfacet
  facet normal 0.99946 -0.0284598 -0.0164313
    outer loop
      vertex 40 13.5011 59.3504
      vertex 39.9914 19.2746 48.8273
      vertex 40 19.5011 48.9581
    endloop
  endfacet
  facet normal 0.99946 -0.0284598 -0.0164313
    outer loop
      vertex 39.9914 19.2746 48.8273
      vertex 40 13.5011 59.3504
      vertex 39.9914 13.2746 59.2196
    endloop
  endfacet
  facet normal -0.528008 -0.735463 -0.42462
    outer loop
      vertex 33.7777 16.6208 47.2951
      vertex 34 10.5011 57.6183
      vertex 33.7777 10.6208 57.6874
    endloop
  endfacet
  facet normal -0.528008 -0.735463 -0.42462
    outer loop
      vertex 34 10.5011 57.6183
      vertex 33.7777 16.6208 47.2951
      vertex 34 16.5011 47.226
    endloop
  endfacet
  facet normal -0.412698 -0.788835 -0.455434
    outer loop
      vertex 34.2308 16.3943 47.1643
      vertex 34.4693 10.3007 57.5026
      vertex 34.2308 10.3943 57.5566
    endloop
  endfacet
  facet normal -0.412698 -0.788835 -0.455434
    outer loop
      vertex 34.4693 10.3007 57.5026
      vertex 34.2308 16.3943 47.1643
      vertex 34.4693 16.3007 47.1103
    endloop
  endfacet
  facet normal -0.163072 -0.854433 -0.493307
    outer loop
      vertex 35.2196 16.1036 46.9965
      vertex 35.4779 10.0666 57.3675
      vertex 35.2196 10.1036 57.3888
    endloop
  endfacet
  facet normal -0.16275 -0.854475 -0.49334
    outer loop
      vertex 35.4779 10.0666 57.3675
      vertex 35.2196 16.1036 46.9965
      vertex 35.4779 16.0667 46.9752
    endloop
  endfacet
  facet normal -0.729794 -0.592073 -0.341834
    outer loop
      vertex 33.1716 17.0516 47.5439
      vertex 32.9926 11.2171 58.0317
      vertex 32.9926 17.2171 47.6394
    endloop
  endfacet
  facet normal -0.729794 -0.592073 -0.341834
    outer loop
      vertex 32.9926 11.2171 58.0317
      vertex 33.1716 17.0516 47.5439
      vertex 33.1716 11.0516 57.9362
    endloop
  endfacet
  facet normal -0.849273 -0.457222 -0.263977
    outer loop
      vertex 32.6741 17.5766 47.8469
      vertex 32.5359 11.7691 58.3504
      vertex 32.5359 17.7691 47.9581
    endloop
  endfacet
  facet normal -0.849273 -0.457222 -0.263977
    outer loop
      vertex 32.5359 11.7691 58.3504
      vertex 32.6741 17.5766 47.8469
      vertex 32.6741 11.5766 58.2392
    endloop
  endfacet
  facet normal -0.935889 -0.305096 -0.176147
    outer loop
      vertex 32.3045 18.1755 48.1927
      vertex 32.2123 12.3876 58.7075
      vertex 32.2123 18.3876 48.3152
    endloop
  endfacet
  facet normal -0.935889 -0.305096 -0.176147
    outer loop
      vertex 32.2123 12.3876 58.7075
      vertex 32.3045 18.1755 48.1927
      vertex 32.3045 12.1755 58.585
    endloop
  endfacet
  facet normal -0.973919 -0.196496 -0.113447
    outer loop
      vertex 32.1363 18.6045 48.4404
      vertex 32.0769 12.8253 58.9602
      vertex 32.0769 18.8253 48.5679
    endloop
  endfacet
  facet normal -0.973919 -0.196496 -0.113447
    outer loop
      vertex 32.0769 12.8253 58.9602
      vertex 32.1363 18.6045 48.4404
      vertex 32.1363 12.6045 58.8327
    endloop
  endfacet
  facet normal 0.986608 -0.141258 -0.0815553
    outer loop
      vertex 39.9658 13.049 59.0893
      vertex 39.9231 18.8253 48.5679
      vertex 39.9658 19.049 48.697
    endloop
  endfacet
  facet normal 0.986608 -0.141258 -0.0815553
    outer loop
      vertex 39.9231 18.8253 48.5679
      vertex 39.9658 13.049 59.0893
      vertex 39.9231 12.8253 58.9602
    endloop
  endfacet
  facet normal -0.849023 -0.45757 -0.264178
    outer loop
      vertex -35.0474 -22.0248 24.9831
      vertex -35.0854 -27.9719 35.4059
      vertex -35.0854 -21.9719 25.0136
    endloop
  endfacet
  facet normal -0.849023 -0.45757 -0.264178
    outer loop
      vertex -35.0854 -27.9719 35.4059
      vertex -35.0474 -22.0248 24.9831
      vertex -35.0474 -28.0248 35.3754
    endloop
  endfacet
  facet normal 0.352676 -0.810379 -0.467873
    outer loop
      vertex -36.421 -27.621 35.6085
      vertex -36.3536 -21.599 25.2289
      vertex -36.3536 -27.599 35.6212
    endloop
  endfacet
  facet normal 0.352676 -0.810379 -0.467873
    outer loop
      vertex -36.3536 -21.599 25.2289
      vertex -36.421 -27.621 35.6085
      vertex -36.421 -21.621 25.2162
    endloop
  endfacet
  facet normal 0.634251 -0.669548 -0.386564
    outer loop
      vertex -36.7253 -27.7849 35.5139
      vertex -36.6696 -21.7453 25.1444
      vertex -36.6696 -27.7453 35.5367
    endloop
  endfacet
  facet normal 0.634251 -0.669548 -0.386564
    outer loop
      vertex -36.6696 -21.7453 25.1444
      vertex -36.7253 -27.7849 35.5139
      vertex -36.7253 -21.7849 25.1216
    endloop
  endfacet
  facet normal -0.956843 0.251671 0.145303
    outer loop
      vertex -34.9584 -22.8073 24.5313
      vertex -34.9375 -28.7477 34.958
      vertex -34.9375 -22.7477 24.5657
    endloop
  endfacet
  facet normal -0.956843 0.251671 0.145303
    outer loop
      vertex -34.9375 -28.7477 34.958
      vertex -34.9584 -22.8073 24.5313
      vertex -34.9584 -28.8073 34.9236
    endloop
  endfacet
  facet normal -0.986697 -0.140792 -0.0812862
    outer loop
      vertex -34.9094 -22.3768 24.7799
      vertex -34.9211 -28.3153 35.2077
      vertex -34.9211 -22.3153 24.8154
    endloop
  endfacet
  facet normal -0.986697 -0.140792 -0.0812862
    outer loop
      vertex -34.9211 -28.3153 35.2077
      vertex -34.9094 -22.3768 24.7799
      vertex -34.9094 -28.3768 35.1722
    endloop
  endfacet
  facet normal -0.973685 -0.197367 -0.11395
    outer loop
      vertex -34.9211 -22.3153 24.8154
      vertex -34.9375 -28.2546 35.2427
      vertex -34.9375 -22.2546 24.8504
    endloop
  endfacet
  facet normal -0.973685 -0.197367 -0.11395
    outer loop
      vertex -34.9375 -28.2546 35.2427
      vertex -34.9211 -22.3153 24.8154
      vertex -34.9211 -28.3153 35.2077
    endloop
  endfacet
  facet normal -0.813252 -0.50395 -0.290956
    outer loop
      vertex -35.0854 -21.9719 25.0136
      vertex -35.1273 -27.9212 35.4352
      vertex -35.1273 -21.9212 25.0429
    endloop
  endfacet
  facet normal -0.813252 -0.50395 -0.290956
    outer loop
      vertex -35.1273 -27.9212 35.4352
      vertex -35.0854 -21.9719 25.0136
      vertex -35.0854 -27.9719 35.4059
    endloop
  endfacet
  facet normal -0.772769 -0.549655 -0.317344
    outer loop
      vertex -35.1273 -21.9212 25.0429
      vertex -35.173 -27.873 35.463
      vertex -35.173 -21.873 25.0707
    endloop
  endfacet
  facet normal -0.772769 -0.549655 -0.317344
    outer loop
      vertex -35.173 -27.873 35.463
      vertex -35.1273 -21.9212 25.0429
      vertex -35.1273 -27.9212 35.4352
    endloop
  endfacet
  facet normal -0.163725 -0.854339 -0.493253
    outer loop
      vertex -35.8564 -21.5566 25.2534
      vertex -35.7854 -27.5668 35.6398
      vertex -35.8564 -27.5566 35.6457
    endloop
  endfacet
  facet normal -0.163725 -0.854339 -0.493253
    outer loop
      vertex -35.7854 -27.5668 35.6398
      vertex -35.8564 -21.5566 25.2534
      vertex -35.7854 -21.5668 25.2475
    endloop
  endfacet
  facet normal -0.28996 -0.82882 -0.47852
    outer loop
      vertex -35.7153 -21.5809 25.2393
      vertex -35.6464 -27.599 35.6212
      vertex -35.7153 -27.5809 35.6316
    endloop
  endfacet
  facet normal -0.28996 -0.82882 -0.47852
    outer loop
      vertex -35.6464 -27.599 35.6212
      vertex -35.7153 -21.5809 25.2393
      vertex -35.6464 -21.599 25.2289
    endloop
  endfacet
  facet normal -0.0976174 -0.861889 -0.497612
    outer loop
      vertex -35.9281 -21.5505 25.2569
      vertex -35.8564 -27.5566 35.6457
      vertex -35.9281 -27.5505 35.6492
    endloop
  endfacet
  facet normal -0.0976174 -0.861889 -0.497612
    outer loop
      vertex -35.8564 -27.5566 35.6457
      vertex -35.9281 -21.5505 25.2569
      vertex -35.8564 -21.5566 25.2534
    endloop
  endfacet
  facet normal -0.634251 -0.669548 -0.386564
    outer loop
      vertex -35.3304 -21.7453 25.1444
      vertex -35.2747 -27.7849 35.5139
      vertex -35.3304 -27.7453 35.5367
    endloop
  endfacet
  facet normal -0.634251 -0.669548 -0.386564
    outer loop
      vertex -35.2747 -27.7849 35.5139
      vertex -35.3304 -21.7453 25.1444
      vertex -35.2747 -21.7849 25.1216
    endloop
  endfacet
  facet normal 0.999443 -0.0288903 -0.0166797
    outer loop
      vertex -37.0976 -28.4388 35.1364
      vertex -37.1 -22.5011 24.7081
      vertex -37.0976 -22.4388 24.744
    endloop
  endfacet
  facet normal 0.999444 -0.0288702 -0.0166682
    outer loop
      vertex -37.1 -22.5011 24.7081
      vertex -37.0976 -28.4388 35.1364
      vertex -37.1 -28.5011 35.1004
    endloop
  endfacet
  facet normal 0.986697 -0.140792 -0.0812862
    outer loop
      vertex -37.0789 -28.3153 35.2077
      vertex -37.0906 -22.3768 24.7799
      vertex -37.0789 -22.3153 24.8154
    endloop
  endfacet
  facet normal 0.986697 -0.140792 -0.0812862
    outer loop
      vertex -37.0906 -22.3768 24.7799
      vertex -37.0789 -28.3153 35.2077
      vertex -37.0906 -28.3768 35.1722
    endloop
  endfacet
  facet normal 0.957003 -0.251215 -0.145039
    outer loop
      vertex -37.0416 -28.1949 35.2772
      vertex -37.0625 -22.2546 24.8504
      vertex -37.0416 -22.1949 24.8849
    endloop
  endfacet
  facet normal 0.957003 -0.251215 -0.145039
    outer loop
      vertex -37.0625 -22.2546 24.8504
      vertex -37.0416 -28.1949 35.2772
      vertex -37.0625 -28.2546 35.2427
    endloop
  endfacet
  facet normal 0.995261 -0.0842148 -0.0486214
    outer loop
      vertex -37.0906 -28.3768 35.1722
      vertex -37.0976 -22.4388 24.744
      vertex -37.0906 -22.3768 24.7799
    endloop
  endfacet
  facet normal 0.995254 -0.0842732 -0.0486547
    outer loop
      vertex -37.0976 -22.4388 24.744
      vertex -37.0906 -28.3768 35.1722
      vertex -37.0976 -28.4388 35.1364
    endloop
  endfacet
  facet normal 0.772769 -0.549655 -0.317344
    outer loop
      vertex -36.827 -27.873 35.463
      vertex -36.8727 -21.9212 25.0429
      vertex -36.827 -21.873 25.0707
    endloop
  endfacet
  facet normal 0.772769 -0.549655 -0.317344
    outer loop
      vertex -36.8727 -21.9212 25.0429
      vertex -36.827 -27.873 35.463
      vertex -36.8727 -27.9212 35.4352
    endloop
  endfacet
  facet normal 0.163725 -0.854339 -0.493253
    outer loop
      vertex -36.2146 -27.5668 35.6398
      vertex -36.1436 -21.5566 25.2534
      vertex -36.1436 -27.5566 35.6457
    endloop
  endfacet
  facet normal 0.163725 -0.854339 -0.493253
    outer loop
      vertex -36.1436 -21.5566 25.2534
      vertex -36.2146 -27.5668 35.6398
      vertex -36.2146 -21.5668 25.2475
    endloop
  endfacet
  facet normal 0.226627 -0.843493 -0.486991
    outer loop
      vertex -36.2847 -27.5809 35.6316
      vertex -36.2146 -21.5668 25.2475
      vertex -36.2146 -27.5668 35.6398
    endloop
  endfacet
  facet normal 0.226627 -0.843493 -0.486991
    outer loop
      vertex -36.2146 -21.5668 25.2475
      vertex -36.2847 -27.5809 35.6316
      vertex -36.2847 -21.5809 25.2393
    endloop
  endfacet
  facet normal 0.528046 -0.735442 -0.424608
    outer loop
      vertex -36.6111 -27.709 35.5577
      vertex -36.55 -21.6761 25.1844
      vertex -36.55 -27.6761 35.5767
    endloop
  endfacet
  facet normal 0.528046 -0.735442 -0.424608
    outer loop
      vertex -36.55 -21.6761 25.1844
      vertex -36.6111 -27.709 35.5577
      vertex -36.6111 -21.709 25.1654
    endloop
  endfacet
  facet normal 0.582627 -0.703853 -0.40637
    outer loop
      vertex -36.6696 -27.7453 35.5367
      vertex -36.6111 -21.709 25.1654
      vertex -36.6111 -27.709 35.5577
    endloop
  endfacet
  facet normal 0.582627 -0.703853 -0.40637
    outer loop
      vertex -36.6111 -21.709 25.1654
      vertex -36.6696 -27.7453 35.5367
      vertex -36.6696 -21.7453 25.1444
    endloop
  endfacet
  facet normal -0.999444 0.0288702 0.0166682
    outer loop
      vertex -34.9024 -22.5634 24.6721
      vertex -34.9 -28.5011 35.1004
      vertex -34.9 -22.5011 24.7081
    endloop
  endfacet
  facet normal -0.999444 0.0288702 0.0166682
    outer loop
      vertex -34.9 -28.5011 35.1004
      vertex -34.9024 -22.5634 24.6721
      vertex -34.9024 -28.5634 35.0644
    endloop
  endfacet
  facet normal -0.957003 -0.251215 -0.145039
    outer loop
      vertex -34.9375 -22.2546 24.8504
      vertex -34.9584 -28.1949 35.2772
      vertex -34.9584 -22.1949 24.8849
    endloop
  endfacet
  facet normal -0.957003 -0.251215 -0.145039
    outer loop
      vertex -34.9584 -28.1949 35.2772
      vertex -34.9375 -22.2546 24.8504
      vertex -34.9375 -28.2546 35.2427
    endloop
  endfacet
  facet normal -0.683748 -0.631954 -0.364859
    outer loop
      vertex -35.2222 -21.8275 25.097
      vertex -35.2747 -27.7849 35.5139
      vertex -35.2747 -21.7849 25.1216
    endloop
  endfacet
  facet normal -0.683748 -0.631954 -0.364859
    outer loop
      vertex -35.2747 -27.7849 35.5139
      vertex -35.2222 -21.8275 25.097
      vertex -35.2222 -27.8275 35.4893
    endloop
  endfacet
  facet normal 0.0324176 -0.86557 -0.499737
    outer loop
      vertex -36.0719 -27.5505 35.6492
      vertex -36 -21.5485 25.2581
      vertex -36 -27.5485 35.6504
    endloop
  endfacet
  facet normal 0.0324176 -0.86557 -0.499737
    outer loop
      vertex -36 -21.5485 25.2581
      vertex -36.0719 -27.5505 35.6492
      vertex -36.0719 -21.5505 25.2569
    endloop
  endfacet
  facet normal -0.226627 -0.843493 -0.486991
    outer loop
      vertex -35.7854 -21.5668 25.2475
      vertex -35.7153 -27.5809 35.6316
      vertex -35.7854 -27.5668 35.6398
    endloop
  endfacet
  facet normal -0.226627 -0.843493 -0.486991
    outer loop
      vertex -35.7153 -27.5809 35.6316
      vertex -35.7854 -21.5668 25.2475
      vertex -35.7153 -21.5809 25.2393
    endloop
  endfacet
  facet normal -0.352676 -0.810379 -0.467873
    outer loop
      vertex -35.6464 -21.599 25.2289
      vertex -35.579 -27.621 35.6085
      vertex -35.6464 -27.599 35.6212
    endloop
  endfacet
  facet normal -0.352676 -0.810379 -0.467873
    outer loop
      vertex -35.579 -27.621 35.6085
      vertex -35.6464 -21.599 25.2289
      vertex -35.579 -21.621 25.2162
    endloop
  endfacet
  facet normal -0.471609 -0.763668 -0.440904
    outer loop
      vertex -35.5135 -21.6467 25.2014
      vertex -35.45 -27.6761 35.5767
      vertex -35.5135 -27.6467 35.5937
    endloop
  endfacet
  facet normal -0.471609 -0.763668 -0.440904
    outer loop
      vertex -35.45 -27.6761 35.5767
      vertex -35.5135 -21.6467 25.2014
      vertex -35.45 -21.6761 25.1844
    endloop
  endfacet
  facet normal -0.582627 -0.703853 -0.40637
    outer loop
      vertex -35.3889 -21.709 25.1654
      vertex -35.3304 -27.7453 35.5367
      vertex -35.3889 -27.709 35.5577
    endloop
  endfacet
  facet normal -0.582627 -0.703853 -0.40637
    outer loop
      vertex -35.3304 -27.7453 35.5367
      vertex -35.3889 -21.709 25.1654
      vertex -35.3304 -21.7453 25.1444
    endloop
  endfacet
  facet normal -0.528046 -0.735442 -0.424608
    outer loop
      vertex -35.45 -21.6761 25.1844
      vertex -35.3889 -27.709 35.5577
      vertex -35.45 -27.6761 35.5767
    endloop
  endfacet
  facet normal -0.528046 -0.735442 -0.424608
    outer loop
      vertex -35.3889 -27.709 35.5577
      vertex -35.45 -21.6761 25.1844
      vertex -35.3889 -21.709 25.1654
    endloop
  endfacet
  facet normal 0.973685 -0.197367 -0.11395
    outer loop
      vertex -37.0625 -28.2546 35.2427
      vertex -37.0789 -22.3153 24.8154
      vertex -37.0625 -22.2546 24.8504
    endloop
  endfacet
  facet normal 0.973685 -0.197367 -0.11395
    outer loop
      vertex -37.0789 -22.3153 24.8154
      vertex -37.0625 -28.2546 35.2427
      vertex -37.0789 -28.3153 35.2077
    endloop
  endfacet
  facet normal 0.936111 -0.304586 -0.175853
    outer loop
      vertex -37.0163 -28.1366 35.3109
      vertex -37.0416 -22.1949 24.8849
      vertex -37.0163 -22.1366 24.9186
    endloop
  endfacet
  facet normal 0.936111 -0.304586 -0.175853
    outer loop
      vertex -37.0416 -22.1949 24.8849
      vertex -37.0163 -28.1366 35.3109
      vertex -37.0416 -28.1949 35.2772
    endloop
  endfacet
  facet normal 0.88168 -0.408632 -0.235924
    outer loop
      vertex -36.9526 -28.0248 35.3754
      vertex -36.9866 -22.0798 24.9513
      vertex -36.9526 -22.0248 24.9831
    endloop
  endfacet
  facet normal 0.88168 -0.408632 -0.235924
    outer loop
      vertex -36.9866 -22.0798 24.9513
      vertex -36.9526 -28.0248 35.3754
      vertex -36.9866 -28.0798 35.3436
    endloop
  endfacet
  facet normal 0.813252 -0.50395 -0.290956
    outer loop
      vertex -36.8727 -27.9212 35.4352
      vertex -36.9146 -21.9719 25.0136
      vertex -36.8727 -21.9212 25.0429
    endloop
  endfacet
  facet normal 0.813252 -0.50395 -0.290956
    outer loop
      vertex -36.9146 -21.9719 25.0136
      vertex -36.8727 -27.9212 35.4352
      vertex -36.9146 -27.9719 35.4059
    endloop
  endfacet
  facet normal 0.849023 -0.45757 -0.264178
    outer loop
      vertex -36.9146 -27.9719 35.4059
      vertex -36.9526 -22.0248 24.9831
      vertex -36.9146 -21.9719 25.0136
    endloop
  endfacet
  facet normal 0.849023 -0.45757 -0.264178
    outer loop
      vertex -36.9526 -22.0248 24.9831
      vertex -36.9146 -27.9719 35.4059
      vertex -36.9526 -28.0248 35.3754
    endloop
  endfacet
  facet normal 0.412467 -0.788925 -0.455486
    outer loop
      vertex -36.4865 -27.6467 35.5937
      vertex -36.421 -21.621 25.2162
      vertex -36.421 -27.621 35.6085
    endloop
  endfacet
  facet normal 0.412467 -0.788925 -0.455486
    outer loop
      vertex -36.421 -21.621 25.2162
      vertex -36.4865 -27.6467 35.5937
      vertex -36.4865 -21.6467 25.2014
    endloop
  endfacet
  facet normal 0.28996 -0.82882 -0.47852
    outer loop
      vertex -36.3536 -27.599 35.6212
      vertex -36.2847 -21.5809 25.2393
      vertex -36.2847 -27.5809 35.6316
    endloop
  endfacet
  facet normal 0.28996 -0.82882 -0.47852
    outer loop
      vertex -36.2847 -21.5809 25.2393
      vertex -36.3536 -27.599 35.6212
      vertex -36.3536 -21.599 25.2289
    endloop
  endfacet
  facet normal 0.0976174 -0.861889 -0.497612
    outer loop
      vertex -36.1436 -27.5566 35.6457
      vertex -36.0719 -21.5505 25.2569
      vertex -36.0719 -27.5505 35.6492
    endloop
  endfacet
  facet normal 0.0976174 -0.861889 -0.497612
    outer loop
      vertex -36.0719 -21.5505 25.2569
      vertex -36.1436 -27.5566 35.6457
      vertex -36.1436 -21.5566 25.2534
    endloop
  endfacet
  facet normal 0.471609 -0.763668 -0.440904
    outer loop
      vertex -36.55 -27.6761 35.5767
      vertex -36.4865 -21.6467 25.2014
      vertex -36.4865 -27.6467 35.5937
    endloop
  endfacet
  facet normal 0.471609 -0.763668 -0.440904
    outer loop
      vertex -36.4865 -21.6467 25.2014
      vertex -36.55 -27.6761 35.5767
      vertex -36.55 -21.6761 25.1844
    endloop
  endfacet
  facet normal 0.730019 -0.591865 -0.341714
    outer loop
      vertex -36.7778 -27.8275 35.4893
      vertex -36.827 -21.873 25.0707
      vertex -36.7778 -21.8275 25.097
    endloop
  endfacet
  facet normal 0.730019 -0.591865 -0.341714
    outer loop
      vertex -36.827 -21.873 25.0707
      vertex -36.7778 -27.8275 35.4893
      vertex -36.827 -27.873 35.463
    endloop
  endfacet
  facet normal 0.683748 -0.631954 -0.364859
    outer loop
      vertex -36.7253 -27.7849 35.5139
      vertex -36.7778 -21.8275 25.097
      vertex -36.7253 -21.7849 25.1216
    endloop
  endfacet
  facet normal 0.683748 -0.631954 -0.364859
    outer loop
      vertex -36.7778 -21.8275 25.097
      vertex -36.7253 -27.7849 35.5139
      vertex -36.7778 -27.8275 35.4893
    endloop
  endfacet
  facet normal -0.999443 -0.0288903 -0.0166797
    outer loop
      vertex -34.9 -22.5011 24.7081
      vertex -34.9024 -28.4388 35.1364
      vertex -34.9024 -22.4388 24.744
    endloop
  endfacet
  facet normal -0.999444 -0.0288702 -0.0166682
    outer loop
      vertex -34.9024 -28.4388 35.1364
      vertex -34.9 -22.5011 24.7081
      vertex -34.9 -28.5011 35.1004
    endloop
  endfacet
  facet normal -0.973721 0.197234 0.113873
    outer loop
      vertex -34.9375 -22.7477 24.5657
      vertex -34.9211 -28.687 34.9931
      vertex -34.9211 -22.687 24.6008
    endloop
  endfacet
  facet normal -0.973721 0.197234 0.113873
    outer loop
      vertex -34.9211 -28.687 34.9931
      vertex -34.9375 -22.7477 24.5657
      vertex -34.9375 -28.7477 34.958
    endloop
  endfacet
  facet normal -0.683748 0.631954 0.364859
    outer loop
      vertex -35.2747 -23.2173 24.2946
      vertex -35.2222 -29.1747 34.7115
      vertex -35.2222 -23.1747 24.3192
    endloop
  endfacet
  facet normal -0.683748 0.631954 0.364859
    outer loop
      vertex -35.2222 -29.1747 34.7115
      vertex -35.2747 -23.2173 24.2946
      vertex -35.2747 -29.2173 34.6869
    endloop
  endfacet
  facet normal -0.773049 0.54936 0.317174
    outer loop
      vertex -35.173 -23.1292 24.3454
      vertex -35.1273 -29.081 34.7656
      vertex -35.1273 -23.081 24.3733
    endloop
  endfacet
  facet normal -0.773049 0.54936 0.317174
    outer loop
      vertex -35.1273 -29.081 34.7656
      vertex -35.173 -23.1292 24.3454
      vertex -35.173 -29.1292 34.7377
    endloop
  endfacet
  facet normal 0.0976174 0.861889 0.497612
    outer loop
      vertex -36.0719 -29.4517 34.5516
      vertex -36.1436 -23.4456 24.1628
      vertex -36.1436 -29.4456 34.5551
    endloop
  endfacet
  facet normal 0.0976174 0.861889 0.497612
    outer loop
      vertex -36.1436 -23.4456 24.1628
      vertex -36.0719 -29.4517 34.5516
      vertex -36.0719 -23.4517 24.1593
    endloop
  endfacet
  facet normal 0.999444 0.0288702 0.0166682
    outer loop
      vertex -37.1 -28.5011 35.1004
      vertex -37.0976 -22.5634 24.6721
      vertex -37.1 -22.5011 24.7081
    endloop
  endfacet
  facet normal 0.999444 0.0288702 0.0166682
    outer loop
      vertex -37.0976 -22.5634 24.6721
      vertex -37.1 -28.5011 35.1004
      vertex -37.0976 -28.5634 35.0644
    endloop
  endfacet
  facet normal 0.773049 0.54936 0.317174
    outer loop
      vertex -36.8727 -29.081 34.7656
      vertex -36.827 -23.1292 24.3454
      vertex -36.8727 -23.081 24.3733
    endloop
  endfacet
  facet normal 0.773049 0.54936 0.317174
    outer loop
      vertex -36.827 -23.1292 24.3454
      vertex -36.8727 -29.081 34.7656
      vertex -36.827 -29.1292 34.7377
    endloop
  endfacet
  facet normal -0.0976174 0.861889 0.497612
    outer loop
      vertex -35.8564 -23.4456 24.1628
      vertex -35.9281 -29.4517 34.5516
      vertex -35.8564 -29.4456 34.5551
    endloop
  endfacet
  facet normal -0.0976174 0.861889 0.497612
    outer loop
      vertex -35.9281 -29.4517 34.5516
      vertex -35.8564 -23.4456 24.1628
      vertex -35.9281 -23.4517 24.1593
    endloop
  endfacet
  facet normal -0.290596 0.828653 0.478423
    outer loop
      vertex -35.6464 -23.4032 24.1873
      vertex -35.7153 -29.4213 34.5691
      vertex -35.6464 -29.4032 34.5796
    endloop
  endfacet
  facet normal -0.290596 0.828653 0.478423
    outer loop
      vertex -35.7153 -29.4213 34.5691
      vertex -35.6464 -23.4032 24.1873
      vertex -35.7153 -23.4213 24.1768
    endloop
  endfacet
  facet normal -0.352068 0.810578 0.467987
    outer loop
      vertex -35.579 -23.3812 24.1999
      vertex -35.6464 -29.4032 34.5796
      vertex -35.579 -29.3812 34.5922
    endloop
  endfacet
  facet normal -0.352068 0.810578 0.467987
    outer loop
      vertex -35.6464 -29.4032 34.5796
      vertex -35.579 -23.3812 24.1999
      vertex -35.6464 -23.4032 24.1873
    endloop
  endfacet
  facet normal -0.910842 -0.357456 -0.206377
    outer loop
      vertex -34.9837 -22.1366 24.9186
      vertex -35.0134 -28.0798 35.3436
      vertex -35.0134 -22.0798 24.9513
    endloop
  endfacet
  facet normal -0.910842 -0.357456 -0.206377
    outer loop
      vertex -35.0134 -28.0798 35.3436
      vertex -34.9837 -22.1366 24.9186
      vertex -34.9837 -28.1366 35.3109
    endloop
  endfacet
  facet normal -0.936111 -0.304586 -0.175853
    outer loop
      vertex -34.9584 -22.1949 24.8849
      vertex -34.9837 -28.1366 35.3109
      vertex -34.9837 -22.1366 24.9186
    endloop
  endfacet
  facet normal -0.936111 -0.304586 -0.175853
    outer loop
      vertex -34.9837 -28.1366 35.3109
      vertex -34.9584 -22.1949 24.8849
      vertex -34.9584 -28.1949 35.2772
    endloop
  endfacet
  facet normal -0.995261 -0.0842148 -0.0486214
    outer loop
      vertex -34.9024 -22.4388 24.744
      vertex -34.9094 -28.3768 35.1722
      vertex -34.9094 -22.3768 24.7799
    endloop
  endfacet
  facet normal -0.995254 -0.0842732 -0.0486547
    outer loop
      vertex -34.9094 -28.3768 35.1722
      vertex -34.9024 -22.4388 24.744
      vertex -34.9024 -28.4388 35.1364
    endloop
  endfacet
  facet normal -0.88168 -0.408632 -0.235924
    outer loop
      vertex -35.0134 -22.0798 24.9513
      vertex -35.0474 -28.0248 35.3754
      vertex -35.0474 -22.0248 24.9831
    endloop
  endfacet
  facet normal -0.88168 -0.408632 -0.235924
    outer loop
      vertex -35.0474 -28.0248 35.3754
      vertex -35.0134 -22.0798 24.9513
      vertex -35.0134 -28.0798 35.3436
    endloop
  endfacet
  facet normal -0.730019 -0.591865 -0.341714
    outer loop
      vertex -35.173 -21.873 25.0707
      vertex -35.2222 -27.8275 35.4893
      vertex -35.2222 -21.8275 25.097
    endloop
  endfacet
  facet normal -0.730019 -0.591865 -0.341714
    outer loop
      vertex -35.2222 -27.8275 35.4893
      vertex -35.173 -21.873 25.0707
      vertex -35.173 -27.873 35.463
    endloop
  endfacet
  facet normal -0.0324176 -0.86557 -0.499737
    outer loop
      vertex -36 -21.5485 25.2581
      vertex -35.9281 -27.5505 35.6492
      vertex -36 -27.5485 35.6504
    endloop
  endfacet
  facet normal -0.0324176 -0.86557 -0.499737
    outer loop
      vertex -35.9281 -27.5505 35.6492
      vertex -36 -21.5485 25.2581
      vertex -35.9281 -21.5505 25.2569
    endloop
  endfacet
  facet normal -0.412467 -0.788925 -0.455486
    outer loop
      vertex -35.579 -21.621 25.2162
      vertex -35.5135 -27.6467 35.5937
      vertex -35.579 -27.621 35.6085
    endloop
  endfacet
  facet normal -0.412467 -0.788925 -0.455486
    outer loop
      vertex -35.5135 -27.6467 35.5937
      vertex -35.579 -21.621 25.2162
      vertex -35.5135 -21.6467 25.2014
    endloop
  endfacet
  facet normal 0.910842 -0.357456 -0.206377
    outer loop
      vertex -36.9866 -28.0798 35.3436
      vertex -37.0163 -22.1366 24.9186
      vertex -36.9866 -22.0798 24.9513
    endloop
  endfacet
  facet normal 0.910842 -0.357456 -0.206377
    outer loop
      vertex -37.0163 -22.1366 24.9186
      vertex -36.9866 -28.0798 35.3436
      vertex -37.0163 -28.1366 35.3109
    endloop
  endfacet
  facet normal -0.471609 0.763668 0.440904
    outer loop
      vertex -35.45 -23.3261 24.2318
      vertex -35.5135 -29.3555 34.6071
      vertex -35.45 -29.3261 34.6241
    endloop
  endfacet
  facet normal -0.471609 0.763668 0.440904
    outer loop
      vertex -35.5135 -29.3555 34.6071
      vertex -35.45 -23.3261 24.2318
      vertex -35.5135 -23.3555 24.2148
    endloop
  endfacet
  facet normal -0.634665 0.669253 0.386394
    outer loop
      vertex -35.2747 -23.2173 24.2946
      vertex -35.3304 -29.2569 34.664
      vertex -35.2747 -29.2173 34.6869
    endloop
  endfacet
  facet normal -0.634665 0.669253 0.386394
    outer loop
      vertex -35.3304 -29.2569 34.664
      vertex -35.2747 -23.2173 24.2946
      vertex -35.3304 -23.2569 24.2717
    endloop
  endfacet
  facet normal -0.582167 0.704138 0.406535
    outer loop
      vertex -35.3304 -23.2569 24.2717
      vertex -35.3889 -29.2932 34.6431
      vertex -35.3304 -29.2569 34.664
    endloop
  endfacet
  facet normal -0.582167 0.704138 0.406535
    outer loop
      vertex -35.3889 -29.2932 34.6431
      vertex -35.3304 -23.2569 24.2717
      vertex -35.3889 -23.2932 24.2508
    endloop
  endfacet
  facet normal -0.812608 0.504728 0.291405
    outer loop
      vertex -35.1273 -23.081 24.3733
      vertex -35.0854 -29.0304 34.7948
      vertex -35.0854 -23.0304 24.4025
    endloop
  endfacet
  facet normal -0.812608 0.504728 0.291405
    outer loop
      vertex -35.0854 -29.0304 34.7948
      vertex -35.1273 -23.081 24.3733
      vertex -35.1273 -29.081 34.7656
    endloop
  endfacet
  facet normal -0.849552 0.456833 0.263753
    outer loop
      vertex -35.0854 -23.0304 24.4025
      vertex -35.0474 -28.9774 34.8254
      vertex -35.0474 -22.9774 24.4331
    endloop
  endfacet
  facet normal -0.849552 0.456833 0.263753
    outer loop
      vertex -35.0474 -28.9774 34.8254
      vertex -35.0854 -23.0304 24.4025
      vertex -35.0854 -29.0304 34.7948
    endloop
  endfacet
  facet normal 0.910961 0.35723 0.206247
    outer loop
      vertex -37.0163 -28.8657 34.8899
      vertex -36.9866 -22.9225 24.4648
      vertex -37.0163 -22.8657 24.4976
    endloop
  endfacet
  facet normal 0.910961 0.35723 0.206247
    outer loop
      vertex -36.9866 -22.9225 24.4648
      vertex -37.0163 -28.8657 34.8899
      vertex -36.9866 -28.9225 34.8571
    endloop
  endfacet
  facet normal 0.729694 0.592165 0.341887
    outer loop
      vertex -36.827 -29.1292 34.7377
      vertex -36.7778 -23.1747 24.3192
      vertex -36.827 -23.1292 24.3454
    endloop
  endfacet
  facet normal 0.729694 0.592165 0.341887
    outer loop
      vertex -36.7778 -23.1747 24.3192
      vertex -36.827 -29.1292 34.7377
      vertex -36.7778 -29.1747 34.7115
    endloop
  endfacet
  facet normal -0.413044 0.788699 0.455356
    outer loop
      vertex -35.5135 -23.3555 24.2148
      vertex -35.579 -29.3812 34.5922
      vertex -35.5135 -29.3555 34.6071
    endloop
  endfacet
  facet normal -0.413044 0.788699 0.455356
    outer loop
      vertex -35.579 -29.3812 34.5922
      vertex -35.5135 -23.3555 24.2148
      vertex -35.579 -23.3812 24.1999
    endloop
  endfacet
  facet normal -0.986697 0.140792 0.0812862
    outer loop
      vertex -34.9211 -22.687 24.6008
      vertex -34.9094 -28.6255 35.0286
      vertex -34.9094 -22.6255 24.6363
    endloop
  endfacet
  facet normal -0.986697 0.140792 0.0812862
    outer loop
      vertex -34.9094 -28.6255 35.0286
      vertex -34.9211 -22.687 24.6008
      vertex -34.9211 -28.687 34.9931
    endloop
  endfacet
  facet normal -0.995265 0.0841722 0.0485968
    outer loop
      vertex -34.9094 -22.6255 24.6363
      vertex -34.9024 -28.5634 35.0644
      vertex -34.9024 -22.5634 24.6721
    endloop
  endfacet
  facet normal -0.995265 0.0841722 0.0485968
    outer loop
      vertex -34.9024 -28.5634 35.0644
      vertex -34.9094 -22.6255 24.6363
      vertex -34.9094 -28.6255 35.0286
    endloop
  endfacet
  facet normal -0.910961 0.35723 0.206247
    outer loop
      vertex -35.0134 -22.9225 24.4648
      vertex -34.9837 -28.8657 34.8899
      vertex -34.9837 -22.8657 24.4976
    endloop
  endfacet
  facet normal -0.910961 0.35723 0.206247
    outer loop
      vertex -34.9837 -28.8657 34.8899
      vertex -35.0134 -22.9225 24.4648
      vertex -35.0134 -28.9225 34.8571
    endloop
  endfacet
  facet normal -0.881257 0.409316 0.236319
    outer loop
      vertex -35.0474 -22.9774 24.4331
      vertex -35.0134 -28.9225 34.8571
      vertex -35.0134 -22.9225 24.4648
    endloop
  endfacet
  facet normal -0.881257 0.409316 0.236319
    outer loop
      vertex -35.0134 -28.9225 34.8571
      vertex -35.0474 -22.9774 24.4331
      vertex -35.0474 -28.9774 34.8254
    endloop
  endfacet
  facet normal -0.528046 0.735442 0.424608
    outer loop
      vertex -35.3889 -23.2932 24.2508
      vertex -35.45 -29.3261 34.6241
      vertex -35.3889 -29.2932 34.6431
    endloop
  endfacet
  facet normal -0.528046 0.735442 0.424608
    outer loop
      vertex -35.45 -29.3261 34.6241
      vertex -35.3889 -23.2932 24.2508
      vertex -35.45 -23.3261 24.2318
    endloop
  endfacet
  facet normal -0.729694 0.592165 0.341887
    outer loop
      vertex -35.2222 -23.1747 24.3192
      vertex -35.173 -29.1292 34.7377
      vertex -35.173 -23.1292 24.3454
    endloop
  endfacet
  facet normal -0.729694 0.592165 0.341887
    outer loop
      vertex -35.173 -29.1292 34.7377
      vertex -35.2222 -23.1747 24.3192
      vertex -35.2222 -29.1747 34.7115
    endloop
  endfacet
  facet normal 0.0324176 0.86557 0.499737
    outer loop
      vertex -36 -29.4537 34.5504
      vertex -36.0719 -23.4517 24.1593
      vertex -36.0719 -29.4517 34.5516
    endloop
  endfacet
  facet normal 0.0324176 0.86557 0.499737
    outer loop
      vertex -36.0719 -23.4517 24.1593
      vertex -36 -29.4537 34.5504
      vertex -36 -23.4537 24.1581
    endloop
  endfacet
  facet normal 0.290596 0.828653 0.478423
    outer loop
      vertex -36.2847 -29.4213 34.5691
      vertex -36.3536 -23.4032 24.1873
      vertex -36.3536 -29.4032 34.5796
    endloop
  endfacet
  facet normal 0.290596 0.828653 0.478423
    outer loop
      vertex -36.3536 -23.4032 24.1873
      vertex -36.2847 -29.4213 34.5691
      vertex -36.2847 -23.4213 24.1768
    endloop
  endfacet
  facet normal 0.471609 0.763668 0.440904
    outer loop
      vertex -36.4865 -29.3555 34.6071
      vertex -36.55 -23.3261 24.2318
      vertex -36.55 -29.3261 34.6241
    endloop
  endfacet
  facet normal 0.471609 0.763668 0.440904
    outer loop
      vertex -36.55 -23.3261 24.2318
      vertex -36.4865 -29.3555 34.6071
      vertex -36.4865 -23.3555 24.2148
    endloop
  endfacet
  facet normal 0.352068 0.810578 0.467987
    outer loop
      vertex -36.3536 -29.4032 34.5796
      vertex -36.421 -23.3812 24.1999
      vertex -36.421 -29.3812 34.5922
    endloop
  endfacet
  facet normal 0.352068 0.810578 0.467987
    outer loop
      vertex -36.421 -23.3812 24.1999
      vertex -36.3536 -29.4032 34.5796
      vertex -36.3536 -23.4032 24.1873
    endloop
  endfacet
  facet normal 0.634665 0.669253 0.386394
    outer loop
      vertex -36.6696 -29.2569 34.664
      vertex -36.7253 -23.2173 24.2946
      vertex -36.7253 -29.2173 34.6869
    endloop
  endfacet
  facet normal 0.634665 0.669253 0.386394
    outer loop
      vertex -36.7253 -23.2173 24.2946
      vertex -36.6696 -29.2569 34.664
      vertex -36.6696 -23.2569 24.2717
    endloop
  endfacet
  facet normal -0.0324176 0.86557 0.499737
    outer loop
      vertex -35.9281 -23.4517 24.1593
      vertex -36 -29.4537 34.5504
      vertex -35.9281 -29.4517 34.5516
    endloop
  endfacet
  facet normal -0.0324176 0.86557 0.499737
    outer loop
      vertex -36 -29.4537 34.5504
      vertex -35.9281 -23.4517 24.1593
      vertex -36 -23.4537 24.1581
    endloop
  endfacet
  facet normal 0.986697 0.140792 0.0812862
    outer loop
      vertex -37.0906 -28.6255 35.0286
      vertex -37.0789 -22.687 24.6008
      vertex -37.0906 -22.6255 24.6363
    endloop
  endfacet
  facet normal 0.986697 0.140792 0.0812862
    outer loop
      vertex -37.0789 -22.687 24.6008
      vertex -37.0906 -28.6255 35.0286
      vertex -37.0789 -28.687 34.9931
    endloop
  endfacet
  facet normal -0.0180416 -0.499721 0.865998
    outer loop
      vertex -34.9024 -22.4388 24.744
      vertex -34.9024 -22.5634 24.6721
      vertex -34.9 -22.5011 24.7081
    endloop
  endfacet
  facet normal 0.0152316 -0.499745 0.866039
    outer loop
      vertex -34.9094 -22.3768 24.7799
      vertex -34.9024 -22.5634 24.6721
      vertex -34.9024 -22.4388 24.744
    endloop
  endfacet
  facet normal 0.00701383 -0.500022 0.865985
    outer loop
      vertex -34.9094 -22.3768 24.7799
      vertex -34.9094 -22.6255 24.6363
      vertex -34.9024 -22.5634 24.6721
    endloop
  endfacet
  facet normal -0.000758926 -0.500034 0.866006
    outer loop
      vertex -34.9211 -22.3153 24.8154
      vertex -34.9094 -22.6255 24.6363
      vertex -34.9094 -22.3768 24.7799
    endloop
  endfacet
  facet normal 0.0005078 -0.499998 0.866026
    outer loop
      vertex -34.9211 -22.3153 24.8154
      vertex -34.9211 -22.687 24.6008
      vertex -34.9094 -22.6255 24.6363
    endloop
  endfacet
  facet normal -0.00237536 -0.499997 0.866024
    outer loop
      vertex -34.9375 -22.2546 24.8504
      vertex -34.9211 -22.687 24.6008
      vertex -34.9211 -22.3153 24.8154
    endloop
  endfacet
  facet normal -0.00284001 -0.500009 0.866015
    outer loop
      vertex -34.9375 -22.2546 24.8504
      vertex -34.9375 -22.7477 24.5657
      vertex -34.9211 -22.687 24.6008
    endloop
  endfacet
  facet normal 0.00129073 -0.500011 0.866018
    outer loop
      vertex -34.9584 -22.1949 24.8849
      vertex -34.9375 -22.7477 24.5657
      vertex -34.9375 -22.2546 24.8504
    endloop
  endfacet
  facet normal 0.00054129 -0.500032 0.866006
    outer loop
      vertex -34.9584 -22.1949 24.8849
      vertex -34.9584 -22.8073 24.5313
      vertex -34.9375 -22.7477 24.5657
    endloop
  endfacet
  facet normal 0.00128556 -0.500032 0.866006
    outer loop
      vertex -34.9837 -22.1366 24.9186
      vertex -34.9584 -22.8073 24.5313
      vertex -34.9584 -22.1949 24.8849
    endloop
  endfacet
  facet normal 0.000738478 -0.500048 0.865997
    outer loop
      vertex -34.9837 -22.1366 24.9186
      vertex -34.9837 -22.8657 24.4976
      vertex -34.9584 -22.8073 24.5313
    endloop
  endfacet
  facet normal -0.00284862 -0.500046 0.865994
    outer loop
      vertex -35.0134 -22.0798 24.9513
      vertex -34.9837 -22.8657 24.4976
      vertex -34.9837 -22.1366 24.9186
    endloop
  endfacet
  facet normal -0.000254675 -0.499974 0.86604
    outer loop
      vertex -35.0134 -22.0798 24.9513
      vertex -35.0134 -22.9225 24.4648
      vertex -34.9837 -22.8657 24.4976
    endloop
  endfacet
  facet normal 0.00121994 -0.499974 0.866039
    outer loop
      vertex -35.0474 -22.0248 24.9831
      vertex -35.0134 -22.9225 24.4648
      vertex -35.0134 -22.0798 24.9513
    endloop
  endfacet
  facet normal -6.47073e-05 -0.500011 0.866019
    outer loop
      vertex -35.0474 -22.0248 24.9831
      vertex -35.0474 -22.9774 24.4331
      vertex -35.0134 -22.9225 24.4648
    endloop
  endfacet
  facet normal -0.000973705 -0.500011 0.866019
    outer loop
      vertex -35.0854 -21.9719 25.0136
      vertex -35.0474 -22.9774 24.4331
      vertex -35.0474 -22.0248 24.9831
    endloop
  endfacet
  facet normal -3.87555e-05 -0.499984 0.866034
    outer loop
      vertex -35.0854 -21.9719 25.0136
      vertex -35.0854 -23.0304 24.4025
      vertex -35.0474 -22.9774 24.4331
    endloop
  endfacet
  facet normal 0.000610797 -0.499984 0.866034
    outer loop
      vertex -35.1273 -21.9212 25.0429
      vertex -35.0854 -23.0304 24.4025
      vertex -35.0854 -21.9719 25.0136
    endloop
  endfacet
  facet normal 0.00027801 -0.499994 0.866029
    outer loop
      vertex -35.1273 -21.9212 25.0429
      vertex -35.1273 -23.081 24.3733
      vertex -35.0854 -23.0304 24.4025
    endloop
  endfacet
  facet normal -0.000527432 -0.499994 0.866029
    outer loop
      vertex -35.173 -21.873 25.0707
      vertex -35.1273 -23.081 24.3733
      vertex -35.1273 -21.9212 25.0429
    endloop
  endfacet
  facet normal -0.00133534 -0.500016 0.866015
    outer loop
      vertex -35.173 -21.873 25.0707
      vertex -35.173 -23.1292 24.3454
      vertex -35.1273 -23.081 24.3733
    endloop
  endfacet
  facet normal 0.000517185 -0.500017 0.866016
    outer loop
      vertex -35.2222 -21.8275 25.097
      vertex -35.173 -23.1292 24.3454
      vertex -35.173 -21.873 25.0707
    endloop
  endfacet
  facet normal 0.00121851 -0.499997 0.866027
    outer loop
      vertex -35.2222 -21.8275 25.097
      vertex -35.2222 -23.1747 24.3192
      vertex -35.173 -23.1292 24.3454
    endloop
  endfacet
  facet normal 8.37522e-05 -0.499997 0.866027
    outer loop
      vertex -35.2747 -21.7849 25.1216
      vertex -35.2222 -23.1747 24.3192
      vertex -35.2222 -21.8275 25.097
    endloop
  endfacet
  facet normal -7.87703e-05 -0.500002 0.866024
    outer loop
      vertex -35.2747 -21.7849 25.1216
      vertex -35.2747 -23.2173 24.2946
      vertex -35.2222 -23.1747 24.3192
    endloop
  endfacet
  facet normal -0.000982117 -0.500001 0.866024
    outer loop
      vertex -35.3304 -21.7453 25.1444
      vertex -35.2747 -23.2173 24.2946
      vertex -35.2747 -21.7849 25.1216
    endloop
  endfacet
  facet normal -0.000583415 -0.49999 0.866031
    outer loop
      vertex -35.3304 -21.7453 25.1444
      vertex -35.3304 -23.2569 24.2717
      vertex -35.2747 -23.2173 24.2946
    endloop
  endfacet
  facet normal 0.000632566 -0.49999 0.866031
    outer loop
      vertex -35.3889 -21.709 25.1654
      vertex -35.3304 -23.2569 24.2717
      vertex -35.3304 -21.7453 25.1444
    endloop
  endfacet
  facet normal 0.000842899 -0.499984 0.866034
    outer loop
      vertex -35.3889 -21.709 25.1654
      vertex -35.3889 -23.2932 24.2508
      vertex -35.3304 -23.2569 24.2717
    endloop
  endfacet
  facet normal 8.46399e-05 -0.499984 0.866034
    outer loop
      vertex -35.45 -21.6761 25.1844
      vertex -35.3889 -23.2932 24.2508
      vertex -35.3889 -21.709 25.1654
    endloop
  endfacet
  facet normal -8.12643e-05 -0.499989 0.866032
    outer loop
      vertex -35.45 -21.6761 25.1844
      vertex -35.45 -23.3261 24.2318
      vertex -35.3889 -23.2932 24.2508
    endloop
  endfacet
  facet normal 0.000360051 -0.499989 0.866032
    outer loop
      vertex -35.5135 -21.6467 25.2014
      vertex -35.45 -23.3261 24.2318
      vertex -35.45 -21.6761 25.1844
    endloop
  endfacet
  facet normal -0.000347657 -0.500009 0.86602
    outer loop
      vertex -35.5135 -21.6467 25.2014
      vertex -35.5135 -23.3555 24.2148
      vertex -35.45 -23.3261 24.2318
    endloop
  endfacet
  facet normal -0.000505872 -0.500009 0.86602
    outer loop
      vertex -35.579 -21.621 25.2162
      vertex -35.5135 -23.3555 24.2148
      vertex -35.5135 -21.6467 25.2014
    endloop
  endfacet
  facet normal -0.000811759 -0.500018 0.866015
    outer loop
      vertex -35.579 -21.621 25.2162
      vertex -35.579 -23.3812 24.1999
      vertex -35.5135 -23.3555 24.2148
    endloop
  endfacet
  facet normal -2.96367e-05 -0.500018 0.866015
    outer loop
      vertex -35.6464 -21.599 25.2289
      vertex -35.579 -23.3812 24.1999
      vertex -35.579 -21.621 25.2162
    endloop
  endfacet
  facet normal 0.00129817 -0.49998 0.866036
    outer loop
      vertex -35.6464 -21.599 25.2289
      vertex -35.6464 -23.4032 24.1873
      vertex -35.579 -23.3812 24.1999
    endloop
  endfacet
  facet normal -0.000621995 -0.49998 0.866037
    outer loop
      vertex -35.7153 -21.5809 25.2393
      vertex -35.6464 -23.4032 24.1873
      vertex -35.6464 -21.599 25.2289
    endloop
  endfacet
  facet normal -0.000634825 -0.49998 0.866037
    outer loop
      vertex -35.7153 -21.5809 25.2393
      vertex -35.7153 -23.4213 24.1768
      vertex -35.6464 -23.4032 24.1873
    endloop
  endfacet
  facet normal 0.000738613 -0.49998 0.866036
    outer loop
      vertex -35.7854 -21.5668 25.2475
      vertex -35.7153 -23.4213 24.1768
      vertex -35.7153 -21.5809 25.2393
    endloop
  endfacet
  facet normal -0.000727446 -0.500022 0.866012
    outer loop
      vertex -35.7854 -21.5668 25.2475
      vertex -35.7854 -23.4354 24.1686
      vertex -35.7153 -23.4213 24.1768
    endloop
  endfacet
  facet normal 0.00013029 -0.500022 0.866013
    outer loop
      vertex -35.8564 -21.5566 25.2534
      vertex -35.7854 -23.4354 24.1686
      vertex -35.7854 -21.5668 25.2475
    endloop
  endfacet
  facet normal 0.00108429 -0.499995 0.866028
    outer loop
      vertex -35.8564 -21.5566 25.2534
      vertex -35.8564 -23.4456 24.1628
      vertex -35.7854 -23.4354 24.1686
    endloop
  endfacet
  facet normal -0.000263182 -0.499995 0.866028
    outer loop
      vertex -35.9281 -21.5505 25.2569
      vertex -35.8564 -23.4456 24.1628
      vertex -35.8564 -21.5566 25.2534
    endloop
  endfacet
  facet normal 0.000261496 -0.49998 0.866037
    outer loop
      vertex -35.9281 -21.5505 25.2569
      vertex -35.9281 -23.4517 24.1593
      vertex -35.8564 -23.4456 24.1628
    endloop
  endfacet
  facet normal 0.000546372 -0.49998 0.866037
    outer loop
      vertex -36 -21.5485 25.2581
      vertex -35.9281 -23.4517 24.1593
      vertex -35.9281 -21.5505 25.2569
    endloop
  endfacet
  facet normal -0.000545214 -0.500011 0.866019
    outer loop
      vertex -36 -21.5485 25.2581
      vertex -36 -23.4537 24.1581
      vertex -35.9281 -23.4517 24.1593
    endloop
  endfacet
  facet normal -0.000545214 -0.500011 0.866019
    outer loop
      vertex -36.0719 -21.5505 25.2569
      vertex -36 -23.4537 24.1581
      vertex -36 -21.5485 25.2581
    endloop
  endfacet
  facet normal 0.000546372 -0.49998 0.866037
    outer loop
      vertex -36.0719 -21.5505 25.2569
      vertex -36.0719 -23.4517 24.1593
      vertex -36 -23.4537 24.1581
    endloop
  endfacet
  facet normal 0.000261496 -0.49998 0.866037
    outer loop
      vertex -36.1436 -21.5566 25.2534
      vertex -36.0719 -23.4517 24.1593
      vertex -36.0719 -21.5505 25.2569
    endloop
  endfacet
  facet normal -0.000263182 -0.499995 0.866028
    outer loop
      vertex -36.1436 -21.5566 25.2534
      vertex -36.1436 -23.4456 24.1628
      vertex -36.0719 -23.4517 24.1593
    endloop
  endfacet
  facet normal -0.000135471 -0.499995 0.866028
    outer loop
      vertex -36.2146 -21.5668 25.2475
      vertex -36.1436 -23.4456 24.1628
      vertex -36.1436 -21.5566 25.2534
    endloop
  endfacet
  facet normal -0.00108945 -0.500022 0.866012
    outer loop
      vertex -36.2146 -21.5668 25.2475
      vertex -36.2146 -23.4354 24.1686
      vertex -36.1436 -23.4456 24.1628
    endloop
  endfacet
  facet normal -0.000727446 -0.500022 0.866012
    outer loop
      vertex -36.2847 -21.5809 25.2393
      vertex -36.2146 -23.4354 24.1686
      vertex -36.2146 -21.5668 25.2475
    endloop
  endfacet
  facet normal 0.000738613 -0.49998 0.866036
    outer loop
      vertex -36.2847 -21.5809 25.2393
      vertex -36.2847 -23.4213 24.1768
      vertex -36.2146 -23.4354 24.1686
    endloop
  endfacet
  facet normal 0.000622122 -0.49998 0.866037
    outer loop
      vertex -36.3536 -21.599 25.2289
      vertex -36.2847 -23.4213 24.1768
      vertex -36.2847 -21.5809 25.2393
    endloop
  endfacet
  facet normal 0.000634953 -0.49998 0.866037
    outer loop
      vertex -36.3536 -21.599 25.2289
      vertex -36.3536 -23.4032 24.1873
      vertex -36.2847 -23.4213 24.1768
    endloop
  endfacet
  facet normal 1.32466e-05 -0.49998 0.866037
    outer loop
      vertex -36.421 -21.621 25.2162
      vertex -36.3536 -23.4032 24.1873
      vertex -36.3536 -21.599 25.2289
    endloop
  endfacet
  facet normal -0.00131452 -0.500017 0.866014
    outer loop
      vertex -36.421 -21.621 25.2162
      vertex -36.421 -23.3812 24.1999
      vertex -36.3536 -23.4032 24.1873
    endloop
  endfacet
  facet normal 0.000510401 -0.500018 0.866015
    outer loop
      vertex -36.4865 -21.6467 25.2014
      vertex -36.421 -23.3812 24.1999
      vertex -36.421 -21.621 25.2162
    endloop
  endfacet
  facet normal 0.000816296 -0.500009 0.86602
    outer loop
      vertex -36.4865 -21.6467 25.2014
      vertex -36.4865 -23.3555 24.2148
      vertex -36.421 -23.3812 24.1999
    endloop
  endfacet
  facet normal -0.000347657 -0.500009 0.86602
    outer loop
      vertex -36.55 -21.6761 25.1844
      vertex -36.4865 -23.3555 24.2148
      vertex -36.4865 -21.6467 25.2014
    endloop
  endfacet
  facet normal 0.000360051 -0.499989 0.866032
    outer loop
      vertex -36.55 -21.6761 25.1844
      vertex -36.55 -23.3261 24.2318
      vertex -36.4865 -23.3555 24.2148
    endloop
  endfacet
  facet normal -8.12643e-05 -0.499989 0.866032
    outer loop
      vertex -36.6111 -21.709 25.1654
      vertex -36.55 -23.3261 24.2318
      vertex -36.55 -21.6761 25.1844
    endloop
  endfacet
  facet normal 8.46399e-05 -0.499984 0.866034
    outer loop
      vertex -36.6111 -21.709 25.1654
      vertex -36.6111 -23.2932 24.2508
      vertex -36.55 -23.3261 24.2318
    endloop
  endfacet
  facet normal -0.000637501 -0.499984 0.866034
    outer loop
      vertex -36.6696 -21.7453 25.1444
      vertex -36.6111 -23.2932 24.2508
      vertex -36.6111 -21.709 25.1654
    endloop
  endfacet
  facet normal -0.000847828 -0.49999 0.866031
    outer loop
      vertex -36.6696 -21.7453 25.1444
      vertex -36.6696 -23.2569 24.2717
      vertex -36.6111 -23.2932 24.2508
    endloop
  endfacet
  facet normal 0.000971398 -0.49999 0.866031
    outer loop
      vertex -36.7253 -21.7849 25.1216
      vertex -36.6696 -23.2569 24.2717
      vertex -36.6696 -21.7453 25.1444
    endloop
  endfacet
  facet normal 0.000572684 -0.500001 0.866024
    outer loop
      vertex -36.7253 -21.7849 25.1216
      vertex -36.7253 -23.2173 24.2946
      vertex -36.6696 -23.2569 24.2717
    endloop
  endfacet
  facet normal -7.87703e-05 -0.500002 0.866024
    outer loop
      vertex -36.7778 -21.8275 25.097
      vertex -36.7253 -23.2173 24.2946
      vertex -36.7253 -21.7849 25.1216
    endloop
  endfacet
  facet normal 8.37522e-05 -0.499997 0.866027
    outer loop
      vertex -36.7778 -21.8275 25.097
      vertex -36.7778 -23.1747 24.3192
      vertex -36.7253 -23.2173 24.2946
    endloop
  endfacet
  facet normal -0.000541706 -0.499997 0.866027
    outer loop
      vertex -36.827 -21.873 25.0707
      vertex -36.7778 -23.1747 24.3192
      vertex -36.7778 -21.8275 25.097
    endloop
  endfacet
  facet normal -0.00124301 -0.500016 0.866015
    outer loop
      vertex -36.827 -21.873 25.0707
      vertex -36.827 -23.1292 24.3454
      vertex -36.7778 -23.1747 24.3192
    endloop
  endfacet
  facet normal 0.00055966 -0.500017 0.866016
    outer loop
      vertex -36.8727 -21.9212 25.0429
      vertex -36.827 -23.1292 24.3454
      vertex -36.827 -21.873 25.0707
    endloop
  endfacet
  facet normal 0.0013676 -0.499993 0.866028
    outer loop
      vertex -36.8727 -21.9212 25.0429
      vertex -36.8727 -23.081 24.3733
      vertex -36.827 -23.1292 24.3454
    endloop
  endfacet
  facet normal -0.000595582 -0.499994 0.866029
    outer loop
      vertex -36.9146 -21.9719 25.0136
      vertex -36.8727 -23.081 24.3733
      vertex -36.8727 -21.9212 25.0429
    endloop
  endfacet
  facet normal -0.00026283 -0.499984 0.866034
    outer loop
      vertex -36.9146 -21.9719 25.0136
      vertex -36.9146 -23.0304 24.4025
      vertex -36.8727 -23.081 24.3733
    endloop
  endfacet
  facet normal 0.000924533 -0.499984 0.866034
    outer loop
      vertex -36.9526 -22.0248 24.9831
      vertex -36.9146 -23.0304 24.4025
      vertex -36.9146 -21.9719 25.0136
    endloop
  endfacet
  facet normal -1.05265e-05 -0.500011 0.866019
    outer loop
      vertex -36.9526 -22.0248 24.9831
      vertex -36.9526 -22.9774 24.4331
      vertex -36.9146 -23.0304 24.4025
    endloop
  endfacet
  facet normal -0.0011412 -0.500011 0.866018
    outer loop
      vertex -36.9866 -22.0798 24.9513
      vertex -36.9526 -22.9774 24.4331
      vertex -36.9526 -22.0248 24.9831
    endloop
  endfacet
  facet normal 0.000143273 -0.499975 0.86604
    outer loop
      vertex -36.9866 -22.0798 24.9513
      vertex -36.9866 -22.9225 24.4648
      vertex -36.9526 -22.9774 24.4331
    endloop
  endfacet
  facet normal 0.00266128 -0.499973 0.866037
    outer loop
      vertex -37.0163 -22.1366 24.9186
      vertex -36.9866 -22.9225 24.4648
      vertex -36.9866 -22.0798 24.9513
    endloop
  endfacet
  facet normal 6.71866e-05 -0.500048 0.865998
    outer loop
      vertex -37.0163 -22.1366 24.9186
      vertex -37.0163 -22.8657 24.4976
      vertex -36.9866 -22.9225 24.4648
    endloop
  endfacet
  facet normal -0.001238 -0.500048 0.865997
    outer loop
      vertex -37.0416 -22.1949 24.8849
      vertex -37.0163 -22.8657 24.4976
      vertex -37.0163 -22.1366 24.9186
    endloop
  endfacet
  facet normal -0.00069085 -0.500032 0.866006
    outer loop
      vertex -37.0416 -22.1949 24.8849
      vertex -37.0416 -22.8073 24.5313
      vertex -37.0163 -22.8657 24.4976
    endloop
  endfacet
  facet normal -0.00120978 -0.500032 0.866006
    outer loop
      vertex -37.0625 -22.2546 24.8504
      vertex -37.0416 -22.8073 24.5313
      vertex -37.0416 -22.1949 24.8849
    endloop
  endfacet
  facet normal -0.000460497 -0.500011 0.866019
    outer loop
      vertex -37.0625 -22.2546 24.8504
      vertex -37.0625 -22.7477 24.5657
      vertex -37.0416 -22.8073 24.5313
    endloop
  endfacet
  facet normal 0.00244057 -0.50001 0.866016
    outer loop
      vertex -37.0789 -22.3153 24.8154
      vertex -37.0625 -22.7477 24.5657
      vertex -37.0625 -22.2546 24.8504
    endloop
  endfacet
  facet normal 0.00290527 -0.499996 0.866023
    outer loop
      vertex -37.0789 -22.3153 24.8154
      vertex -37.0789 -22.687 24.6008
      vertex -37.0625 -22.7477 24.5657
    endloop
  endfacet
  facet normal 0.0005078 -0.499998 0.866026
    outer loop
      vertex -37.0906 -22.3768 24.7799
      vertex -37.0789 -22.687 24.6008
      vertex -37.0789 -22.3153 24.8154
    endloop
  endfacet
  facet normal -0.000758926 -0.500034 0.866006
    outer loop
      vertex -37.0906 -22.3768 24.7799
      vertex -37.0906 -22.6255 24.6363
      vertex -37.0789 -22.687 24.6008
    endloop
  endfacet
  facet normal -0.0124999 -0.499995 0.865938
    outer loop
      vertex -37.0976 -22.4388 24.744
      vertex -37.0906 -22.6255 24.6363
      vertex -37.0906 -22.3768 24.7799
    endloop
  endfacet
  facet normal -0.00428001 -0.499798 0.866131
    outer loop
      vertex -37.0976 -22.4388 24.744
      vertex -37.0976 -22.5634 24.6721
      vertex -37.0906 -22.6255 24.6363
    endloop
  endfacet
  facet normal 0.0180416 -0.499721 0.865998
    outer loop
      vertex -37.0976 -22.5634 24.6721
      vertex -37.0976 -22.4388 24.744
      vertex -37.1 -22.5011 24.7081
    endloop
  endfacet
  facet normal 0.995265 0.0841722 0.0485968
    outer loop
      vertex -37.0976 -28.5634 35.0644
      vertex -37.0906 -22.6255 24.6363
      vertex -37.0976 -22.5634 24.6721
    endloop
  endfacet
  facet normal 0.995265 0.0841722 0.0485968
    outer loop
      vertex -37.0906 -22.6255 24.6363
      vertex -37.0976 -28.5634 35.0644
      vertex -37.0906 -28.6255 35.0286
    endloop
  endfacet
  facet normal 0.973721 0.197234 0.113873
    outer loop
      vertex -37.0789 -28.687 34.9931
      vertex -37.0625 -22.7477 24.5657
      vertex -37.0789 -22.687 24.6008
    endloop
  endfacet
  facet normal 0.973721 0.197234 0.113873
    outer loop
      vertex -37.0625 -22.7477 24.5657
      vertex -37.0789 -28.687 34.9931
      vertex -37.0625 -28.7477 34.958
    endloop
  endfacet
  facet normal 0.936259 0.304243 0.175655
    outer loop
      vertex -37.0416 -28.8073 34.9236
      vertex -37.0163 -22.8657 24.4976
      vertex -37.0416 -22.8073 24.5313
    endloop
  endfacet
  facet normal 0.936259 0.304243 0.175655
    outer loop
      vertex -37.0163 -22.8657 24.4976
      vertex -37.0416 -28.8073 34.9236
      vertex -37.0163 -28.8657 34.8899
    endloop
  endfacet
  facet normal 0.683748 0.631954 0.364859
    outer loop
      vertex -36.7778 -29.1747 34.7115
      vertex -36.7253 -23.2173 24.2946
      vertex -36.7778 -23.1747 24.3192
    endloop
  endfacet
  facet normal 0.683748 0.631954 0.364859
    outer loop
      vertex -36.7253 -23.2173 24.2946
      vertex -36.7778 -29.1747 34.7115
      vertex -36.7253 -29.2173 34.6869
    endloop
  endfacet
  facet normal 0.812608 0.504728 0.291405
    outer loop
      vertex -36.9146 -29.0304 34.7948
      vertex -36.8727 -23.081 24.3733
      vertex -36.9146 -23.0304 24.4025
    endloop
  endfacet
  facet normal 0.812608 0.504728 0.291405
    outer loop
      vertex -36.8727 -23.081 24.3733
      vertex -36.9146 -29.0304 34.7948
      vertex -36.8727 -29.081 34.7656
    endloop
  endfacet
  facet normal -0.225968 0.843625 0.487068
    outer loop
      vertex -35.7153 -23.4213 24.1768
      vertex -35.7854 -29.4354 34.561
      vertex -35.7153 -29.4213 34.5691
    endloop
  endfacet
  facet normal -0.226627 0.843495 0.486987
    outer loop
      vertex -35.7854 -29.4354 34.561
      vertex -35.7153 -23.4213 24.1768
      vertex -35.7854 -23.4354 24.1686
    endloop
  endfacet
  facet normal -0.163725 0.854341 0.49325
    outer loop
      vertex -35.7854 -23.4354 24.1686
      vertex -35.8564 -29.4456 34.5551
      vertex -35.7854 -29.4354 34.561
    endloop
  endfacet
  facet normal -0.163048 0.854436 0.493309
    outer loop
      vertex -35.8564 -29.4456 34.5551
      vertex -35.7854 -23.4354 24.1686
      vertex -35.8564 -23.4456 24.1628
    endloop
  endfacet
  facet normal -0.936259 0.304243 0.175655
    outer loop
      vertex -34.9837 -22.8657 24.4976
      vertex -34.9584 -28.8073 34.9236
      vertex -34.9584 -22.8073 24.5313
    endloop
  endfacet
  facet normal -0.936259 0.304243 0.175655
    outer loop
      vertex -34.9584 -28.8073 34.9236
      vertex -34.9837 -22.8657 24.4976
      vertex -34.9837 -28.8657 34.8899
    endloop
  endfacet
  facet normal 0.225968 0.843625 0.487068
    outer loop
      vertex -36.2146 -29.4354 34.561
      vertex -36.2847 -23.4213 24.1768
      vertex -36.2847 -29.4213 34.5691
    endloop
  endfacet
  facet normal 0.226627 0.843495 0.486987
    outer loop
      vertex -36.2847 -23.4213 24.1768
      vertex -36.2146 -29.4354 34.561
      vertex -36.2146 -23.4354 24.1686
    endloop
  endfacet
  facet normal 0.413044 0.788699 0.455356
    outer loop
      vertex -36.421 -29.3812 34.5922
      vertex -36.4865 -23.3555 24.2148
      vertex -36.4865 -29.3555 34.6071
    endloop
  endfacet
  facet normal 0.413044 0.788699 0.455356
    outer loop
      vertex -36.4865 -23.3555 24.2148
      vertex -36.421 -29.3812 34.5922
      vertex -36.421 -23.3812 24.1999
    endloop
  endfacet
  facet normal 0.528046 0.735442 0.424608
    outer loop
      vertex -36.55 -29.3261 34.6241
      vertex -36.6111 -23.2932 24.2508
      vertex -36.6111 -29.2932 34.6431
    endloop
  endfacet
  facet normal 0.528046 0.735442 0.424608
    outer loop
      vertex -36.6111 -23.2932 24.2508
      vertex -36.55 -29.3261 34.6241
      vertex -36.55 -23.3261 24.2318
    endloop
  endfacet
  facet normal 0.582167 0.704138 0.406535
    outer loop
      vertex -36.6111 -29.2932 34.6431
      vertex -36.6696 -23.2569 24.2717
      vertex -36.6696 -29.2569 34.664
    endloop
  endfacet
  facet normal 0.582167 0.704138 0.406535
    outer loop
      vertex -36.6696 -23.2569 24.2717
      vertex -36.6111 -29.2932 34.6431
      vertex -36.6111 -23.2932 24.2508
    endloop
  endfacet
  facet normal 0.956843 0.251671 0.145303
    outer loop
      vertex -37.0625 -28.7477 34.958
      vertex -37.0416 -22.8073 24.5313
      vertex -37.0625 -22.7477 24.5657
    endloop
  endfacet
  facet normal 0.956843 0.251671 0.145303
    outer loop
      vertex -37.0416 -22.8073 24.5313
      vertex -37.0625 -28.7477 34.958
      vertex -37.0416 -28.8073 34.9236
    endloop
  endfacet
  facet normal 0.881257 0.409316 0.236319
    outer loop
      vertex -36.9866 -28.9225 34.8571
      vertex -36.9526 -22.9774 24.4331
      vertex -36.9866 -22.9225 24.4648
    endloop
  endfacet
  facet normal 0.881257 0.409316 0.236319
    outer loop
      vertex -36.9526 -22.9774 24.4331
      vertex -36.9866 -28.9225 34.8571
      vertex -36.9526 -28.9774 34.8254
    endloop
  endfacet
  facet normal 0.163725 0.854341 0.49325
    outer loop
      vertex -36.1436 -29.4456 34.5551
      vertex -36.2146 -23.4354 24.1686
      vertex -36.2146 -29.4354 34.561
    endloop
  endfacet
  facet normal 0.163048 0.854436 0.493309
    outer loop
      vertex -36.2146 -23.4354 24.1686
      vertex -36.1436 -29.4456 34.5551
      vertex -36.1436 -23.4456 24.1628
    endloop
  endfacet
  facet normal 0.849552 0.456833 0.263753
    outer loop
      vertex -36.9526 -28.9774 34.8254
      vertex -36.9146 -23.0304 24.4025
      vertex -36.9526 -22.9774 24.4331
    endloop
  endfacet
  facet normal 0.849552 0.456833 0.263753
    outer loop
      vertex -36.9146 -23.0304 24.4025
      vertex -36.9526 -28.9774 34.8254
      vertex -36.9146 -29.0304 34.7948
    endloop
  endfacet
  facet normal -0.634251 -0.669548 -0.386564
    outer loop
      vertex -35.3304 20.2569 49.3944
      vertex -35.2747 14.2173 59.7639
      vertex -35.3304 14.2569 59.7867
    endloop
  endfacet
  facet normal -0.634251 -0.669548 -0.386564
    outer loop
      vertex -35.2747 14.2173 59.7639
      vertex -35.3304 20.2569 49.3944
      vertex -35.2747 20.2173 49.3716
    endloop
  endfacet
  facet normal 0.412467 -0.788925 -0.455486
    outer loop
      vertex -36.4865 14.3555 59.8437
      vertex -36.421 20.3812 49.4662
      vertex -36.421 14.3812 59.8585
    endloop
  endfacet
  facet normal 0.412467 -0.788925 -0.455486
    outer loop
      vertex -36.421 20.3812 49.4662
      vertex -36.4865 14.3555 59.8437
      vertex -36.4865 20.3555 49.4514
    endloop
  endfacet
  facet normal 0.936259 -0.304243 -0.175655
    outer loop
      vertex -37.0163 13.8657 59.5609
      vertex -37.0416 19.8073 49.1349
      vertex -37.0163 19.8657 49.1686
    endloop
  endfacet
  facet normal 0.936259 -0.304243 -0.175655
    outer loop
      vertex -37.0416 19.8073 49.1349
      vertex -37.0163 13.8657 59.5609
      vertex -37.0416 13.8073 59.5272
    endloop
  endfacet
  facet normal -0.936111 0.304586 0.175853
    outer loop
      vertex -34.9837 19.1366 48.7476
      vertex -34.9584 13.1949 59.1736
      vertex -34.9584 19.1949 48.7813
    endloop
  endfacet
  facet normal -0.936111 0.304586 0.175853
    outer loop
      vertex -34.9584 13.1949 59.1736
      vertex -34.9837 19.1366 48.7476
      vertex -34.9837 13.1366 59.1399
    endloop
  endfacet
  facet normal 0.352068 0.810578 0.467987
    outer loop
      vertex -36.3536 12.599 58.8296
      vertex -36.421 18.621 48.4499
      vertex -36.421 12.621 58.8422
    endloop
  endfacet
  facet normal 0.352068 0.810578 0.467987
    outer loop
      vertex -36.421 18.621 48.4499
      vertex -36.3536 12.599 58.8296
      vertex -36.3536 18.599 48.4373
    endloop
  endfacet
  facet normal -0.956902 -0.251504 -0.145206
    outer loop
      vertex -34.9375 19.7477 49.1004
      vertex -34.9584 13.8073 59.5272
      vertex -34.9584 19.8073 49.1349
    endloop
  endfacet
  facet normal -0.956902 -0.251504 -0.145206
    outer loop
      vertex -34.9584 13.8073 59.5272
      vertex -34.9375 19.7477 49.1004
      vertex -34.9375 13.7477 59.4927
    endloop
  endfacet
  facet normal -0.881412 -0.409065 -0.236174
    outer loop
      vertex -35.0134 19.9225 49.2013
      vertex -35.0474 13.9774 59.6254
      vertex -35.0474 19.9774 49.2331
    endloop
  endfacet
  facet normal -0.881412 -0.409065 -0.236174
    outer loop
      vertex -35.0474 13.9774 59.6254
      vertex -35.0134 19.9225 49.2013
      vertex -35.0134 13.9225 59.5936
    endloop
  endfacet
  facet normal -0.352676 -0.810379 -0.467873
    outer loop
      vertex -35.6464 20.4032 49.4789
      vertex -35.579 14.3812 59.8585
      vertex -35.6464 14.4032 59.8712
    endloop
  endfacet
  facet normal -0.352676 -0.810379 -0.467873
    outer loop
      vertex -35.579 14.3812 59.8585
      vertex -35.6464 20.4032 49.4789
      vertex -35.579 20.3812 49.4662
    endloop
  endfacet
  facet normal 0.772769 -0.549655 -0.317344
    outer loop
      vertex -36.827 14.1292 59.713
      vertex -36.8727 20.081 49.2929
      vertex -36.827 20.1292 49.3207
    endloop
  endfacet
  facet normal 0.772769 -0.549655 -0.317344
    outer loop
      vertex -36.8727 20.081 49.2929
      vertex -36.827 14.1292 59.713
      vertex -36.8727 14.081 59.6852
    endloop
  endfacet
  facet normal 0.226627 -0.843493 -0.486991
    outer loop
      vertex -36.2847 14.4213 59.8816
      vertex -36.2146 20.4354 49.4975
      vertex -36.2146 14.4354 59.8898
    endloop
  endfacet
  facet normal 0.226627 -0.843493 -0.486991
    outer loop
      vertex -36.2146 20.4354 49.4975
      vertex -36.2847 14.4213 59.8816
      vertex -36.2847 20.4213 49.4893
    endloop
  endfacet
  facet normal -0.995254 0.084273 0.0486551
    outer loop
      vertex -34.9094 19.3768 48.8863
      vertex -34.9024 13.4388 59.3144
      vertex -34.9024 19.4388 48.9221
    endloop
  endfacet
  facet normal -0.995254 0.084273 0.0486551
    outer loop
      vertex -34.9024 13.4388 59.3144
      vertex -34.9094 19.3768 48.8863
      vertex -34.9094 13.3768 59.2786
    endloop
  endfacet
  facet normal -0.773049 0.54936 0.317174
    outer loop
      vertex -35.173 18.873 48.5954
      vertex -35.1273 12.9212 59.0156
      vertex -35.1273 18.9212 48.6233
    endloop
  endfacet
  facet normal -0.773049 0.54936 0.317174
    outer loop
      vertex -35.1273 12.9212 59.0156
      vertex -35.173 18.873 48.5954
      vertex -35.173 12.873 58.9877
    endloop
  endfacet
  facet normal 0.0976174 0.861889 0.497612
    outer loop
      vertex -36.0719 12.5505 58.8016
      vertex -36.1436 18.5566 48.4128
      vertex -36.1436 12.5566 58.8051
    endloop
  endfacet
  facet normal 0.0976174 0.861889 0.497612
    outer loop
      vertex -36.1436 18.5566 48.4128
      vertex -36.0719 12.5505 58.8016
      vertex -36.0719 18.5505 48.4093
    endloop
  endfacet
  facet normal 0.634665 0.669253 0.386394
    outer loop
      vertex -36.6696 12.7453 58.914
      vertex -36.7253 18.7849 48.5446
      vertex -36.7253 12.7849 58.9369
    endloop
  endfacet
  facet normal 0.634665 0.669253 0.386394
    outer loop
      vertex -36.7253 18.7849 48.5446
      vertex -36.6696 12.7453 58.914
      vertex -36.6696 18.7453 48.5217
    endloop
  endfacet
  facet normal -0.973685 -0.197367 -0.11395
    outer loop
      vertex -34.9211 19.687 49.0654
      vertex -34.9375 13.7477 59.4927
      vertex -34.9375 19.7477 49.1004
    endloop
  endfacet
  facet normal -0.973685 -0.197367 -0.11395
    outer loop
      vertex -34.9375 13.7477 59.4927
      vertex -34.9211 19.687 49.0654
      vertex -34.9211 13.687 59.4577
    endloop
  endfacet
  facet normal -0.772769 -0.549655 -0.317344
    outer loop
      vertex -35.1273 20.081 49.2929
      vertex -35.173 14.1292 59.713
      vertex -35.173 20.1292 49.3207
    endloop
  endfacet
  facet normal -0.772769 -0.549655 -0.317344
    outer loop
      vertex -35.173 14.1292 59.713
      vertex -35.1273 20.081 49.2929
      vertex -35.1273 14.081 59.6852
    endloop
  endfacet
  facet normal -0.812844 -0.504443 -0.291241
    outer loop
      vertex -35.0854 20.0304 49.2636
      vertex -35.1273 14.081 59.6852
      vertex -35.1273 20.081 49.2929
    endloop
  endfacet
  facet normal -0.812844 -0.504443 -0.291241
    outer loop
      vertex -35.1273 14.081 59.6852
      vertex -35.0854 20.0304 49.2636
      vertex -35.0854 14.0304 59.6559
    endloop
  endfacet
  facet normal -0.528046 -0.735442 -0.424608
    outer loop
      vertex -35.45 20.3261 49.4344
      vertex -35.3889 14.2932 59.8077
      vertex -35.45 14.3261 59.8267
    endloop
  endfacet
  facet normal -0.528046 -0.735442 -0.424608
    outer loop
      vertex -35.3889 14.2932 59.8077
      vertex -35.45 20.3261 49.4344
      vertex -35.3889 20.2932 49.4154
    endloop
  endfacet
  facet normal -0.471609 -0.763668 -0.440904
    outer loop
      vertex -35.5135 20.3555 49.4514
      vertex -35.45 14.3261 59.8267
      vertex -35.5135 14.3555 59.8437
    endloop
  endfacet
  facet normal -0.471609 -0.763668 -0.440904
    outer loop
      vertex -35.45 14.3261 59.8267
      vertex -35.5135 20.3555 49.4514
      vertex -35.45 20.3261 49.4344
    endloop
  endfacet
  facet normal -0.0324176 -0.86557 -0.499737
    outer loop
      vertex -36 20.4537 49.5081
      vertex -35.9281 14.4517 59.8992
      vertex -36 14.4537 59.9004
    endloop
  endfacet
  facet normal -0.0324176 -0.86557 -0.499737
    outer loop
      vertex -35.9281 14.4517 59.8992
      vertex -36 20.4537 49.5081
      vertex -35.9281 20.4517 49.5069
    endloop
  endfacet
  facet normal -0.28996 -0.82882 -0.47852
    outer loop
      vertex -35.7153 20.4213 49.4893
      vertex -35.6464 14.4032 59.8712
      vertex -35.7153 14.4213 59.8816
    endloop
  endfacet
  facet normal -0.28996 -0.82882 -0.47852
    outer loop
      vertex -35.6464 14.4032 59.8712
      vertex -35.7153 20.4213 49.4893
      vertex -35.6464 20.4032 49.4789
    endloop
  endfacet
  facet normal -0.163725 -0.854339 -0.493253
    outer loop
      vertex -35.8564 20.4456 49.5034
      vertex -35.7854 14.4354 59.8898
      vertex -35.8564 14.4456 59.8957
    endloop
  endfacet
  facet normal -0.163725 -0.854339 -0.493253
    outer loop
      vertex -35.7854 14.4354 59.8898
      vertex -35.8564 20.4456 49.5034
      vertex -35.7854 20.4354 49.4975
    endloop
  endfacet
  facet normal -0.0180416 -0.499721 0.865998
    outer loop
      vertex -34.9024 19.5634 48.994
      vertex -34.9024 19.4388 48.9221
      vertex -34.9 19.5011 48.9581
    endloop
  endfacet
  facet normal 0.0080931 -0.499786 0.866111
    outer loop
      vertex -34.9094 19.6255 49.0299
      vertex -34.9024 19.4388 48.9221
      vertex -34.9024 19.5634 48.994
    endloop
  endfacet
  facet normal -0.000129336 -0.500034 0.866006
    outer loop
      vertex -34.9094 19.6255 49.0299
      vertex -34.9094 19.3768 48.8863
      vertex -34.9024 19.4388 48.9221
    endloop
  endfacet
  facet normal -0.000758926 -0.500034 0.866006
    outer loop
      vertex -34.9211 19.687 49.0654
      vertex -34.9094 19.3768 48.8863
      vertex -34.9094 19.6255 49.0299
    endloop
  endfacet
  facet normal 0.0005078 -0.499998 0.866026
    outer loop
      vertex -34.9211 19.687 49.0654
      vertex -34.9211 19.3153 48.8508
      vertex -34.9094 19.3768 48.8863
    endloop
  endfacet
  facet normal -0.00237536 -0.499997 0.866024
    outer loop
      vertex -34.9375 19.7477 49.1004
      vertex -34.9211 19.3153 48.8508
      vertex -34.9211 19.687 49.0654
    endloop
  endfacet
  facet normal -0.00284001 -0.500009 0.866015
    outer loop
      vertex -34.9375 19.7477 49.1004
      vertex -34.9375 19.2546 48.8157
      vertex -34.9211 19.3153 48.8508
    endloop
  endfacet
  facet normal 0.00368311 -0.500008 0.866013
    outer loop
      vertex -34.9584 19.8073 49.1349
      vertex -34.9375 19.2546 48.8157
      vertex -34.9375 19.7477 49.1004
    endloop
  endfacet
  facet normal 0.00293378 -0.50003 0.866003
    outer loop
      vertex -34.9584 19.8073 49.1349
      vertex -34.9584 19.1949 48.7813
      vertex -34.9375 19.2546 48.8157
    endloop
  endfacet
  facet normal -0.00069085 -0.500032 0.866006
    outer loop
      vertex -34.9837 19.8657 49.1686
      vertex -34.9584 19.1949 48.7813
      vertex -34.9584 19.8073 49.1349
    endloop
  endfacet
  facet normal -0.001238 -0.500048 0.865997
    outer loop
      vertex -34.9837 19.8657 49.1686
      vertex -34.9837 19.1366 48.7476
      vertex -34.9584 19.1949 48.7813
    endloop
  endfacet
  facet normal -0.00284862 -0.500046 0.865994
    outer loop
      vertex -35.0134 19.9225 49.2013
      vertex -34.9837 19.1366 48.7476
      vertex -34.9837 19.8657 49.1686
    endloop
  endfacet
  facet normal -0.000254675 -0.499974 0.86604
    outer loop
      vertex -35.0134 19.9225 49.2013
      vertex -35.0134 19.0798 48.7148
      vertex -34.9837 19.1366 48.7476
    endloop
  endfacet
  facet normal 0.00269044 -0.499973 0.866037
    outer loop
      vertex -35.0474 19.9774 49.2331
      vertex -35.0134 19.0798 48.7148
      vertex -35.0134 19.9225 49.2013
    endloop
  endfacet
  facet normal 0.00140591 -0.500011 0.866018
    outer loop
      vertex -35.0474 19.9774 49.2331
      vertex -35.0474 19.0248 48.6831
      vertex -35.0134 19.0798 48.7148
    endloop
  endfacet
  facet normal -0.00228952 -0.50001 0.866017
    outer loop
      vertex -35.0854 20.0304 49.2636
      vertex -35.0474 19.0248 48.6831
      vertex -35.0474 19.9774 49.2331
    endloop
  endfacet
  facet normal -0.0013545 -0.499984 0.866034
    outer loop
      vertex -35.0854 20.0304 49.2636
      vertex -35.0854 18.9719 48.6525
      vertex -35.0474 19.0248 48.6831
    endloop
  endfacet
  facet normal 0.00180407 -0.499984 0.866033
    outer loop
      vertex -35.1273 20.081 49.2929
      vertex -35.0854 18.9719 48.6525
      vertex -35.0854 20.0304 49.2636
    endloop
  endfacet
  facet normal 0.00147131 -0.499993 0.866028
    outer loop
      vertex -35.1273 20.081 49.2929
      vertex -35.1273 18.9212 48.6233
      vertex -35.0854 18.9719 48.6525
    endloop
  endfacet
  facet normal -0.000527432 -0.499994 0.866029
    outer loop
      vertex -35.173 20.1292 49.3207
      vertex -35.1273 18.9212 48.6233
      vertex -35.1273 20.081 49.2929
    endloop
  endfacet
  facet normal -0.00133534 -0.500016 0.866015
    outer loop
      vertex -35.173 20.1292 49.3207
      vertex -35.173 18.873 48.5954
      vertex -35.1273 18.9212 48.6233
    endloop
  endfacet
  facet normal 0.000517185 -0.500017 0.866016
    outer loop
      vertex -35.2222 20.1747 49.347
      vertex -35.173 18.873 48.5954
      vertex -35.173 20.1292 49.3207
    endloop
  endfacet
  facet normal 0.00121851 -0.499997 0.866027
    outer loop
      vertex -35.2222 20.1747 49.347
      vertex -35.2222 18.8275 48.5692
      vertex -35.173 18.873 48.5954
    endloop
  endfacet
  facet normal 8.37522e-05 -0.499997 0.866027
    outer loop
      vertex -35.2747 20.2173 49.3716
      vertex -35.2222 18.8275 48.5692
      vertex -35.2222 20.1747 49.347
    endloop
  endfacet
  facet normal -7.87703e-05 -0.500002 0.866024
    outer loop
      vertex -35.2747 20.2173 49.3716
      vertex -35.2747 18.7849 48.5446
      vertex -35.2222 18.8275 48.5692
    endloop
  endfacet
  facet normal -0.000982117 -0.500001 0.866024
    outer loop
      vertex -35.3304 20.2569 49.3944
      vertex -35.2747 18.7849 48.5446
      vertex -35.2747 20.2173 49.3716
    endloop
  endfacet
  facet normal -0.000583415 -0.49999 0.866031
    outer loop
      vertex -35.3304 20.2569 49.3944
      vertex -35.3304 18.7453 48.5217
      vertex -35.2747 18.7849 48.5446
    endloop
  endfacet
  facet normal 0.000632566 -0.49999 0.866031
    outer loop
      vertex -35.3889 20.2932 49.4154
      vertex -35.3304 18.7453 48.5217
      vertex -35.3304 20.2569 49.3944
    endloop
  endfacet
  facet normal 0.000842899 -0.499984 0.866034
    outer loop
      vertex -35.3889 20.2932 49.4154
      vertex -35.3889 18.709 48.5008
      vertex -35.3304 18.7453 48.5217
    endloop
  endfacet
  facet normal 8.46399e-05 -0.499984 0.866034
    outer loop
      vertex -35.45 20.3261 49.4344
      vertex -35.3889 18.709 48.5008
      vertex -35.3889 20.2932 49.4154
    endloop
  endfacet
  facet normal -8.12643e-05 -0.499989 0.866032
    outer loop
      vertex -35.45 20.3261 49.4344
      vertex -35.45 18.6761 48.4818
      vertex -35.3889 18.709 48.5008
    endloop
  endfacet
  facet normal 0.000360051 -0.499989 0.866032
    outer loop
      vertex -35.5135 20.3555 49.4514
      vertex -35.45 18.6761 48.4818
      vertex -35.45 20.3261 49.4344
    endloop
  endfacet
  facet normal -0.000347657 -0.500009 0.86602
    outer loop
      vertex -35.5135 20.3555 49.4514
      vertex -35.5135 18.6467 48.4648
      vertex -35.45 18.6761 48.4818
    endloop
  endfacet
  facet normal -0.000505872 -0.500009 0.86602
    outer loop
      vertex -35.579 20.3812 49.4662
      vertex -35.5135 18.6467 48.4648
      vertex -35.5135 20.3555 49.4514
    endloop
  endfacet
  facet normal -0.000811759 -0.500018 0.866015
    outer loop
      vertex -35.579 20.3812 49.4662
      vertex -35.579 18.621 48.4499
      vertex -35.5135 18.6467 48.4648
    endloop
  endfacet
  facet normal -2.96367e-05 -0.500018 0.866015
    outer loop
      vertex -35.6464 20.4032 49.4789
      vertex -35.579 18.621 48.4499
      vertex -35.579 20.3812 49.4662
    endloop
  endfacet
  facet normal 0.00129817 -0.49998 0.866036
    outer loop
      vertex -35.6464 20.4032 49.4789
      vertex -35.6464 18.599 48.4373
      vertex -35.579 18.621 48.4499
    endloop
  endfacet
  facet normal -0.000621995 -0.49998 0.866037
    outer loop
      vertex -35.7153 20.4213 49.4893
      vertex -35.6464 18.599 48.4373
      vertex -35.6464 20.4032 49.4789
    endloop
  endfacet
  facet normal -0.000634825 -0.49998 0.866037
    outer loop
      vertex -35.7153 20.4213 49.4893
      vertex -35.7153 18.5809 48.4268
      vertex -35.6464 18.599 48.4373
    endloop
  endfacet
  facet normal 0.000738613 -0.49998 0.866036
    outer loop
      vertex -35.7854 20.4354 49.4975
      vertex -35.7153 18.5809 48.4268
      vertex -35.7153 20.4213 49.4893
    endloop
  endfacet
  facet normal -0.000727446 -0.500022 0.866012
    outer loop
      vertex -35.7854 20.4354 49.4975
      vertex -35.7854 18.5668 48.4186
      vertex -35.7153 18.5809 48.4268
    endloop
  endfacet
  facet normal 0.00013029 -0.500022 0.866013
    outer loop
      vertex -35.8564 20.4456 49.5034
      vertex -35.7854 18.5668 48.4186
      vertex -35.7854 20.4354 49.4975
    endloop
  endfacet
  facet normal 0.00108429 -0.499995 0.866028
    outer loop
      vertex -35.8564 20.4456 49.5034
      vertex -35.8564 18.5566 48.4128
      vertex -35.7854 18.5668 48.4186
    endloop
  endfacet
  facet normal -0.000263182 -0.499995 0.866028
    outer loop
      vertex -35.9281 20.4517 49.5069
      vertex -35.8564 18.5566 48.4128
      vertex -35.8564 20.4456 49.5034
    endloop
  endfacet
  facet normal 0.000261496 -0.49998 0.866037
    outer loop
      vertex -35.9281 20.4517 49.5069
      vertex -35.9281 18.5505 48.4093
      vertex -35.8564 18.5566 48.4128
    endloop
  endfacet
  facet normal 0.000546372 -0.49998 0.866037
    outer loop
      vertex -36 20.4537 49.5081
      vertex -35.9281 18.5505 48.4093
      vertex -35.9281 20.4517 49.5069
    endloop
  endfacet
  facet normal -0.000545214 -0.500011 0.866019
    outer loop
      vertex -36 20.4537 49.5081
      vertex -36 18.5485 48.4081
      vertex -35.9281 18.5505 48.4093
    endloop
  endfacet
  facet normal -0.000545214 -0.500011 0.866019
    outer loop
      vertex -36.0719 20.4517 49.5069
      vertex -36 18.5485 48.4081
      vertex -36 20.4537 49.5081
    endloop
  endfacet
  facet normal 0.000546372 -0.49998 0.866037
    outer loop
      vertex -36.0719 20.4517 49.5069
      vertex -36.0719 18.5505 48.4093
      vertex -36 18.5485 48.4081
    endloop
  endfacet
  facet normal 0.000261496 -0.49998 0.866037
    outer loop
      vertex -36.1436 20.4456 49.5034
      vertex -36.0719 18.5505 48.4093
      vertex -36.0719 20.4517 49.5069
    endloop
  endfacet
  facet normal -0.000263182 -0.499995 0.866028
    outer loop
      vertex -36.1436 20.4456 49.5034
      vertex -36.1436 18.5566 48.4128
      vertex -36.0719 18.5505 48.4093
    endloop
  endfacet
  facet normal -0.000135471 -0.499995 0.866028
    outer loop
      vertex -36.2146 20.4354 49.4975
      vertex -36.1436 18.5566 48.4128
      vertex -36.1436 20.4456 49.5034
    endloop
  endfacet
  facet normal -0.00108945 -0.500022 0.866012
    outer loop
      vertex -36.2146 20.4354 49.4975
      vertex -36.2146 18.5668 48.4186
      vertex -36.1436 18.5566 48.4128
    endloop
  endfacet
  facet normal -0.000727446 -0.500022 0.866012
    outer loop
      vertex -36.2847 20.4213 49.4893
      vertex -36.2146 18.5668 48.4186
      vertex -36.2146 20.4354 49.4975
    endloop
  endfacet
  facet normal 0.000738613 -0.49998 0.866036
    outer loop
      vertex -36.2847 20.4213 49.4893
      vertex -36.2847 18.5809 48.4268
      vertex -36.2146 18.5668 48.4186
    endloop
  endfacet
  facet normal 0.000622122 -0.49998 0.866037
    outer loop
      vertex -36.3536 20.4032 49.4789
      vertex -36.2847 18.5809 48.4268
      vertex -36.2847 20.4213 49.4893
    endloop
  endfacet
  facet normal 0.000634953 -0.49998 0.866037
    outer loop
      vertex -36.3536 20.4032 49.4789
      vertex -36.3536 18.599 48.4373
      vertex -36.2847 18.5809 48.4268
    endloop
  endfacet
  facet normal 1.32466e-05 -0.49998 0.866037
    outer loop
      vertex -36.421 20.3812 49.4662
      vertex -36.3536 18.599 48.4373
      vertex -36.3536 20.4032 49.4789
    endloop
  endfacet
  facet normal -0.00131452 -0.500017 0.866014
    outer loop
      vertex -36.421 20.3812 49.4662
      vertex -36.421 18.621 48.4499
      vertex -36.3536 18.599 48.4373
    endloop
  endfacet
  facet normal 0.000510401 -0.500018 0.866015
    outer loop
      vertex -36.4865 20.3555 49.4514
      vertex -36.421 18.621 48.4499
      vertex -36.421 20.3812 49.4662
    endloop
  endfacet
  facet normal 0.000816296 -0.500009 0.86602
    outer loop
      vertex -36.4865 20.3555 49.4514
      vertex -36.4865 18.6467 48.4648
      vertex -36.421 18.621 48.4499
    endloop
  endfacet
  facet normal -0.000347657 -0.500009 0.86602
    outer loop
      vertex -36.55 20.3261 49.4344
      vertex -36.4865 18.6467 48.4648
      vertex -36.4865 20.3555 49.4514
    endloop
  endfacet
  facet normal 0.000360051 -0.499989 0.866032
    outer loop
      vertex -36.55 20.3261 49.4344
      vertex -36.55 18.6761 48.4818
      vertex -36.4865 18.6467 48.4648
    endloop
  endfacet
  facet normal -8.12643e-05 -0.499989 0.866032
    outer loop
      vertex -36.6111 20.2932 49.4154
      vertex -36.55 18.6761 48.4818
      vertex -36.55 20.3261 49.4344
    endloop
  endfacet
  facet normal 8.46399e-05 -0.499984 0.866034
    outer loop
      vertex -36.6111 20.2932 49.4154
      vertex -36.6111 18.709 48.5008
      vertex -36.55 18.6761 48.4818
    endloop
  endfacet
  facet normal -0.000637501 -0.499984 0.866034
    outer loop
      vertex -36.6696 20.2569 49.3944
      vertex -36.6111 18.709 48.5008
      vertex -36.6111 20.2932 49.4154
    endloop
  endfacet
  facet normal -0.000847828 -0.49999 0.866031
    outer loop
      vertex -36.6696 20.2569 49.3944
      vertex -36.6696 18.7453 48.5217
      vertex -36.6111 18.709 48.5008
    endloop
  endfacet
  facet normal 0.000971398 -0.49999 0.866031
    outer loop
      vertex -36.7253 20.2173 49.3716
      vertex -36.6696 18.7453 48.5217
      vertex -36.6696 20.2569 49.3944
    endloop
  endfacet
  facet normal 0.000572684 -0.500001 0.866024
    outer loop
      vertex -36.7253 20.2173 49.3716
      vertex -36.7253 18.7849 48.5446
      vertex -36.6696 18.7453 48.5217
    endloop
  endfacet
  facet normal -7.87703e-05 -0.500002 0.866024
    outer loop
      vertex -36.7778 20.1747 49.347
      vertex -36.7253 18.7849 48.5446
      vertex -36.7253 20.2173 49.3716
    endloop
  endfacet
  facet normal 8.37522e-05 -0.499997 0.866027
    outer loop
      vertex -36.7778 20.1747 49.347
      vertex -36.7778 18.8275 48.5692
      vertex -36.7253 18.7849 48.5446
    endloop
  endfacet
  facet normal -0.000541706 -0.499997 0.866027
    outer loop
      vertex -36.827 20.1292 49.3207
      vertex -36.7778 18.8275 48.5692
      vertex -36.7778 20.1747 49.347
    endloop
  endfacet
  facet normal -0.00124301 -0.500016 0.866015
    outer loop
      vertex -36.827 20.1292 49.3207
      vertex -36.827 18.873 48.5954
      vertex -36.7778 18.8275 48.5692
    endloop
  endfacet
  facet normal 0.00055966 -0.500017 0.866016
    outer loop
      vertex -36.8727 20.081 49.2929
      vertex -36.827 18.873 48.5954
      vertex -36.827 20.1292 49.3207
    endloop
  endfacet
  facet normal 0.0013676 -0.499993 0.866028
    outer loop
      vertex -36.8727 20.081 49.2929
      vertex -36.8727 18.9212 48.6233
      vertex -36.827 18.873 48.5954
    endloop
  endfacet
  facet normal -0.00178888 -0.499993 0.866028
    outer loop
      vertex -36.9146 20.0304 49.2636
      vertex -36.8727 18.9212 48.6233
      vertex -36.8727 20.081 49.2929
    endloop
  endfacet
  facet normal -0.00145611 -0.499984 0.866033
    outer loop
      vertex -36.9146 20.0304 49.2636
      vertex -36.9146 18.9719 48.6525
      vertex -36.8727 18.9212 48.6233
    endloop
  endfacet
  facet normal 0.00224028 -0.499983 0.866032
    outer loop
      vertex -36.9526 19.9774 49.2331
      vertex -36.9146 18.9719 48.6525
      vertex -36.9146 20.0304 49.2636
    endloop
  endfacet
  facet normal 0.00130529 -0.500011 0.866018
    outer loop
      vertex -36.9526 19.9774 49.2331
      vertex -36.9526 19.0248 48.6831
      vertex -36.9146 18.9719 48.6525
    endloop
  endfacet
  facet normal -0.00261181 -0.500009 0.866016
    outer loop
      vertex -36.9866 19.9225 49.2013
      vertex -36.9526 19.0248 48.6831
      vertex -36.9526 19.9774 49.2331
    endloop
  endfacet
  facet normal -0.00132724 -0.499974 0.866039
    outer loop
      vertex -36.9866 19.9225 49.2013
      vertex -36.9866 19.0798 48.7148
      vertex -36.9526 19.0248 48.6831
    endloop
  endfacet
  facet normal 0.00266128 -0.499973 0.866037
    outer loop
      vertex -37.0163 19.8657 49.1686
      vertex -36.9866 19.0798 48.7148
      vertex -36.9866 19.9225 49.2013
    endloop
  endfacet
  facet normal 6.71866e-05 -0.500048 0.865998
    outer loop
      vertex -37.0163 19.8657 49.1686
      vertex -37.0163 19.1366 48.7476
      vertex -36.9866 19.0798 48.7148
    endloop
  endfacet
  facet normal 0.000738478 -0.500048 0.865997
    outer loop
      vertex -37.0416 19.8073 49.1349
      vertex -37.0163 19.1366 48.7476
      vertex -37.0163 19.8657 49.1686
    endloop
  endfacet
  facet normal 0.00128556 -0.500032 0.866006
    outer loop
      vertex -37.0416 19.8073 49.1349
      vertex -37.0416 19.1949 48.7813
      vertex -37.0163 19.1366 48.7476
    endloop
  endfacet
  facet normal -0.00360226 -0.500029 0.866001
    outer loop
      vertex -37.0625 19.7477 49.1004
      vertex -37.0416 19.1949 48.7813
      vertex -37.0416 19.8073 49.1349
    endloop
  endfacet
  facet normal -0.00285288 -0.500009 0.866015
    outer loop
      vertex -37.0625 19.7477 49.1004
      vertex -37.0625 19.2546 48.8157
      vertex -37.0416 19.1949 48.7813
    endloop
  endfacet
  facet normal 0.00244057 -0.50001 0.866016
    outer loop
      vertex -37.0789 19.687 49.0654
      vertex -37.0625 19.2546 48.8157
      vertex -37.0625 19.7477 49.1004
    endloop
  endfacet
  facet normal 0.00290527 -0.499996 0.866023
    outer loop
      vertex -37.0789 19.687 49.0654
      vertex -37.0789 19.3153 48.8508
      vertex -37.0625 19.2546 48.8157
    endloop
  endfacet
  facet normal 0.0005078 -0.499998 0.866026
    outer loop
      vertex -37.0906 19.6255 49.0299
      vertex -37.0789 19.3153 48.8508
      vertex -37.0789 19.687 49.0654
    endloop
  endfacet
  facet normal -0.000758926 -0.500034 0.866006
    outer loop
      vertex -37.0906 19.6255 49.0299
      vertex -37.0906 19.3768 48.8863
      vertex -37.0789 19.3153 48.8508
    endloop
  endfacet
  facet normal -0.00535743 -0.500027 0.865993
    outer loop
      vertex -37.0976 19.5634 48.994
      vertex -37.0906 19.3768 48.8863
      vertex -37.0906 19.6255 49.0299
    endloop
  endfacet
  facet normal 0.00285998 -0.499801 0.866136
    outer loop
      vertex -37.0976 19.5634 48.994
      vertex -37.0976 19.4388 48.9221
      vertex -37.0906 19.3768 48.8863
    endloop
  endfacet
  facet normal 0.0180416 -0.499721 0.865998
    outer loop
      vertex -37.0976 19.4388 48.9221
      vertex -37.0976 19.5634 48.994
      vertex -37.1 19.5011 48.9581
    endloop
  endfacet
  facet normal 0.999443 -0.0288903 -0.0166797
    outer loop
      vertex -37.0976 13.5634 59.3864
      vertex -37.1 19.5011 48.9581
      vertex -37.0976 19.5634 48.994
    endloop
  endfacet
  facet normal 0.999444 -0.0288702 -0.0166682
    outer loop
      vertex -37.1 19.5011 48.9581
      vertex -37.0976 13.5634 59.3864
      vertex -37.1 13.5011 59.3504
    endloop
  endfacet
  facet normal 0.956902 -0.251504 -0.145206
    outer loop
      vertex -37.0416 13.8073 59.5272
      vertex -37.0625 19.7477 49.1004
      vertex -37.0416 19.8073 49.1349
    endloop
  endfacet
  facet normal 0.956902 -0.251504 -0.145206
    outer loop
      vertex -37.0625 19.7477 49.1004
      vertex -37.0416 13.8073 59.5272
      vertex -37.0625 13.7477 59.4927
    endloop
  endfacet
  facet normal 0.986697 -0.140792 -0.0812862
    outer loop
      vertex -37.0789 13.687 59.4577
      vertex -37.0906 19.6255 49.0299
      vertex -37.0789 19.687 49.0654
    endloop
  endfacet
  facet normal 0.986697 -0.140792 -0.0812862
    outer loop
      vertex -37.0906 19.6255 49.0299
      vertex -37.0789 13.687 59.4577
      vertex -37.0906 13.6255 59.4222
    endloop
  endfacet
  facet normal 0.881412 -0.409065 -0.236174
    outer loop
      vertex -36.9526 13.9774 59.6254
      vertex -36.9866 19.9225 49.2013
      vertex -36.9526 19.9774 49.2331
    endloop
  endfacet
  facet normal 0.881412 -0.409065 -0.236174
    outer loop
      vertex -36.9866 19.9225 49.2013
      vertex -36.9526 13.9774 59.6254
      vertex -36.9866 13.9225 59.5936
    endloop
  endfacet
  facet normal 0.849359 -0.457102 -0.263908
    outer loop
      vertex -36.9146 14.0304 59.6559
      vertex -36.9526 19.9774 49.2331
      vertex -36.9146 20.0304 49.2636
    endloop
  endfacet
  facet normal 0.849359 -0.457102 -0.263908
    outer loop
      vertex -36.9526 19.9774 49.2331
      vertex -36.9146 14.0304 59.6559
      vertex -36.9526 13.9774 59.6254
    endloop
  endfacet
  facet normal 0.28996 -0.82882 -0.47852
    outer loop
      vertex -36.3536 14.4032 59.8712
      vertex -36.2847 20.4213 49.4893
      vertex -36.2847 14.4213 59.8816
    endloop
  endfacet
  facet normal 0.28996 -0.82882 -0.47852
    outer loop
      vertex -36.2847 20.4213 49.4893
      vertex -36.3536 14.4032 59.8712
      vertex -36.3536 20.4032 49.4789
    endloop
  endfacet
  facet normal 0.163725 -0.854339 -0.493253
    outer loop
      vertex -36.2146 14.4354 59.8898
      vertex -36.1436 20.4456 49.5034
      vertex -36.1436 14.4456 59.8957
    endloop
  endfacet
  facet normal 0.163725 -0.854339 -0.493253
    outer loop
      vertex -36.1436 20.4456 49.5034
      vertex -36.2146 14.4354 59.8898
      vertex -36.2146 20.4354 49.4975
    endloop
  endfacet
  facet normal 0.582627 -0.703853 -0.40637
    outer loop
      vertex -36.6696 14.2569 59.7867
      vertex -36.6111 20.2932 49.4154
      vertex -36.6111 14.2932 59.8077
    endloop
  endfacet
  facet normal 0.582627 -0.703853 -0.40637
    outer loop
      vertex -36.6111 20.2932 49.4154
      vertex -36.6696 14.2569 59.7867
      vertex -36.6696 20.2569 49.3944
    endloop
  endfacet
  facet normal 0.634251 -0.669548 -0.386564
    outer loop
      vertex -36.7253 14.2173 59.7639
      vertex -36.6696 20.2569 49.3944
      vertex -36.6696 14.2569 59.7867
    endloop
  endfacet
  facet normal 0.634251 -0.669548 -0.386564
    outer loop
      vertex -36.6696 20.2569 49.3944
      vertex -36.7253 14.2173 59.7639
      vertex -36.7253 20.2173 49.3716
    endloop
  endfacet
  facet normal 0.528046 -0.735442 -0.424608
    outer loop
      vertex -36.6111 14.2932 59.8077
      vertex -36.55 20.3261 49.4344
      vertex -36.55 14.3261 59.8267
    endloop
  endfacet
  facet normal 0.528046 -0.735442 -0.424608
    outer loop
      vertex -36.55 20.3261 49.4344
      vertex -36.6111 14.2932 59.8077
      vertex -36.6111 20.2932 49.4154
    endloop
  endfacet
  facet normal -0.999444 0.0288702 0.0166682
    outer loop
      vertex -34.9024 19.4388 48.9221
      vertex -34.9 13.5011 59.3504
      vertex -34.9 19.5011 48.9581
    endloop
  endfacet
  facet normal -0.999444 0.0288702 0.0166682
    outer loop
      vertex -34.9 13.5011 59.3504
      vertex -34.9024 19.4388 48.9221
      vertex -34.9024 13.4388 59.3144
    endloop
  endfacet
  facet normal -0.956945 0.251382 0.145135
    outer loop
      vertex -34.9584 19.1949 48.7813
      vertex -34.9375 13.2546 59.208
      vertex -34.9375 19.2546 48.8157
    endloop
  endfacet
  facet normal -0.956945 0.251382 0.145135
    outer loop
      vertex -34.9375 13.2546 59.208
      vertex -34.9584 19.1949 48.7813
      vertex -34.9584 13.1949 59.1736
    endloop
  endfacet
  facet normal -0.986697 0.140792 0.0812862
    outer loop
      vertex -34.9211 19.3153 48.8508
      vertex -34.9094 13.3768 59.2786
      vertex -34.9094 19.3768 48.8863
    endloop
  endfacet
  facet normal -0.986697 0.140792 0.0812862
    outer loop
      vertex -34.9094 13.3768 59.2786
      vertex -34.9211 19.3153 48.8508
      vertex -34.9211 13.3153 59.2431
    endloop
  endfacet
  facet normal -0.226627 0.843493 0.486991
    outer loop
      vertex -35.7153 18.5809 48.4268
      vertex -35.7854 12.5668 58.8109
      vertex -35.7153 12.5809 58.8191
    endloop
  endfacet
  facet normal -0.226627 0.843493 0.486991
    outer loop
      vertex -35.7854 12.5668 58.8109
      vertex -35.7153 18.5809 48.4268
      vertex -35.7854 18.5668 48.4186
    endloop
  endfacet
  facet normal -0.290596 0.828653 0.478423
    outer loop
      vertex -35.6464 18.599 48.4373
      vertex -35.7153 12.5809 58.8191
      vertex -35.6464 12.599 58.8296
    endloop
  endfacet
  facet normal -0.290596 0.828653 0.478423
    outer loop
      vertex -35.7153 12.5809 58.8191
      vertex -35.6464 18.599 48.4373
      vertex -35.7153 18.5809 48.4268
    endloop
  endfacet
  facet normal -0.634665 0.669253 0.386394
    outer loop
      vertex -35.2747 18.7849 48.5446
      vertex -35.3304 12.7453 58.914
      vertex -35.2747 12.7849 58.9369
    endloop
  endfacet
  facet normal -0.634665 0.669253 0.386394
    outer loop
      vertex -35.3304 12.7453 58.914
      vertex -35.2747 18.7849 48.5446
      vertex -35.3304 18.7453 48.5217
    endloop
  endfacet
  facet normal -0.881526 0.408882 0.236068
    outer loop
      vertex -35.0474 19.0248 48.6831
      vertex -35.0134 13.0798 59.1071
      vertex -35.0134 19.0798 48.7148
    endloop
  endfacet
  facet normal -0.881526 0.408882 0.236068
    outer loop
      vertex -35.0134 13.0798 59.1071
      vertex -35.0474 19.0248 48.6831
      vertex -35.0474 13.0248 59.0754
    endloop
  endfacet
  facet normal 0.0324176 0.86557 0.499737
    outer loop
      vertex -36 12.5485 58.8004
      vertex -36.0719 18.5505 48.4093
      vertex -36.0719 12.5505 58.8016
    endloop
  endfacet
  facet normal 0.0324176 0.86557 0.499737
    outer loop
      vertex -36.0719 18.5505 48.4093
      vertex -36 12.5485 58.8004
      vertex -36 18.5485 48.4081
    endloop
  endfacet
  facet normal 0.290596 0.828653 0.478423
    outer loop
      vertex -36.2847 12.5809 58.8191
      vertex -36.3536 18.599 48.4373
      vertex -36.3536 12.599 58.8296
    endloop
  endfacet
  facet normal 0.290596 0.828653 0.478423
    outer loop
      vertex -36.3536 18.599 48.4373
      vertex -36.2847 12.5809 58.8191
      vertex -36.2847 18.5809 48.4268
    endloop
  endfacet
  facet normal 0.163048 0.854436 0.493309
    outer loop
      vertex -36.1436 12.5566 58.8051
      vertex -36.2146 18.5668 48.4186
      vertex -36.2146 12.5668 58.8109
    endloop
  endfacet
  facet normal 0.163048 0.854436 0.493309
    outer loop
      vertex -36.2146 18.5668 48.4186
      vertex -36.1436 12.5566 58.8051
      vertex -36.1436 18.5566 48.4128
    endloop
  endfacet
  facet normal 0.471609 0.763668 0.440904
    outer loop
      vertex -36.4865 12.6467 58.8571
      vertex -36.55 18.6761 48.4818
      vertex -36.55 12.6761 58.8741
    endloop
  endfacet
  facet normal 0.471609 0.763668 0.440904
    outer loop
      vertex -36.55 18.6761 48.4818
      vertex -36.4865 12.6467 58.8571
      vertex -36.4865 18.6467 48.4648
    endloop
  endfacet
  facet normal 0.995254 0.084273 0.0486551
    outer loop
      vertex -37.0976 13.4388 59.3144
      vertex -37.0906 19.3768 48.8863
      vertex -37.0976 19.4388 48.9221
    endloop
  endfacet
  facet normal 0.995254 0.084273 0.0486551
    outer loop
      vertex -37.0906 19.3768 48.8863
      vertex -37.0976 13.4388 59.3144
      vertex -37.0906 13.3768 59.2786
    endloop
  endfacet
  facet normal 0.956945 0.251382 0.145135
    outer loop
      vertex -37.0625 13.2546 59.208
      vertex -37.0416 19.1949 48.7813
      vertex -37.0625 19.2546 48.8157
    endloop
  endfacet
  facet normal 0.956945 0.251382 0.145135
    outer loop
      vertex -37.0416 19.1949 48.7813
      vertex -37.0625 13.2546 59.208
      vertex -37.0416 13.1949 59.1736
    endloop
  endfacet
  facet normal 0.910961 0.35723 0.206247
    outer loop
      vertex -37.0163 13.1366 59.1399
      vertex -36.9866 19.0798 48.7148
      vertex -37.0163 19.1366 48.7476
    endloop
  endfacet
  facet normal 0.910961 0.35723 0.206247
    outer loop
      vertex -36.9866 19.0798 48.7148
      vertex -37.0163 13.1366 59.1399
      vertex -36.9866 13.0798 59.1071
    endloop
  endfacet
  facet normal 0.773049 0.54936 0.317174
    outer loop
      vertex -36.8727 12.9212 59.0156
      vertex -36.827 18.873 48.5954
      vertex -36.8727 18.9212 48.6233
    endloop
  endfacet
  facet normal 0.773049 0.54936 0.317174
    outer loop
      vertex -36.827 18.873 48.5954
      vertex -36.8727 12.9212 59.0156
      vertex -36.827 12.873 58.9877
    endloop
  endfacet
  facet normal 0.881526 0.408882 0.236068
    outer loop
      vertex -36.9866 13.0798 59.1071
      vertex -36.9526 19.0248 48.6831
      vertex -36.9866 19.0798 48.7148
    endloop
  endfacet
  facet normal 0.881526 0.408882 0.236068
    outer loop
      vertex -36.9526 19.0248 48.6831
      vertex -36.9866 13.0798 59.1071
      vertex -36.9526 13.0248 59.0754
    endloop
  endfacet
  facet normal 0.729694 0.592165 0.341887
    outer loop
      vertex -36.827 12.873 58.9877
      vertex -36.7778 18.8275 48.5692
      vertex -36.827 18.873 48.5954
    endloop
  endfacet
  facet normal 0.729694 0.592165 0.341887
    outer loop
      vertex -36.7778 18.8275 48.5692
      vertex -36.827 12.873 58.9877
      vertex -36.7778 12.8275 58.9615
    endloop
  endfacet
  facet normal -0.995272 -0.084114 -0.0485633
    outer loop
      vertex -34.9024 19.5634 48.994
      vertex -34.9094 13.6255 59.4222
      vertex -34.9094 19.6255 49.0299
    endloop
  endfacet
  facet normal -0.995265 -0.0841724 -0.0485965
    outer loop
      vertex -34.9094 13.6255 59.4222
      vertex -34.9024 19.5634 48.994
      vertex -34.9024 13.5634 59.3864
    endloop
  endfacet
  facet normal -0.986697 -0.140792 -0.0812862
    outer loop
      vertex -34.9094 19.6255 49.0299
      vertex -34.9211 13.687 59.4577
      vertex -34.9211 19.687 49.0654
    endloop
  endfacet
  facet normal -0.986697 -0.140792 -0.0812862
    outer loop
      vertex -34.9211 13.687 59.4577
      vertex -34.9094 19.6255 49.0299
      vertex -34.9094 13.6255 59.4222
    endloop
  endfacet
  facet normal -0.910842 -0.357456 -0.206377
    outer loop
      vertex -34.9837 19.8657 49.1686
      vertex -35.0134 13.9225 59.5936
      vertex -35.0134 19.9225 49.2013
    endloop
  endfacet
  facet normal -0.910842 -0.357456 -0.206377
    outer loop
      vertex -35.0134 13.9225 59.5936
      vertex -34.9837 19.8657 49.1686
      vertex -34.9837 13.8657 59.5609
    endloop
  endfacet
  facet normal -0.936259 -0.304243 -0.175655
    outer loop
      vertex -34.9584 19.8073 49.1349
      vertex -34.9837 13.8657 59.5609
      vertex -34.9837 19.8657 49.1686
    endloop
  endfacet
  facet normal -0.936259 -0.304243 -0.175655
    outer loop
      vertex -34.9837 13.8657 59.5609
      vertex -34.9584 19.8073 49.1349
      vertex -34.9584 13.8073 59.5272
    endloop
  endfacet
  facet normal -0.849359 -0.457102 -0.263908
    outer loop
      vertex -35.0474 19.9774 49.2331
      vertex -35.0854 14.0304 59.6559
      vertex -35.0854 20.0304 49.2636
    endloop
  endfacet
  facet normal -0.849359 -0.457102 -0.263908
    outer loop
      vertex -35.0854 14.0304 59.6559
      vertex -35.0474 19.9774 49.2331
      vertex -35.0474 13.9774 59.6254
    endloop
  endfacet
  facet normal -0.730019 -0.591865 -0.341714
    outer loop
      vertex -35.173 20.1292 49.3207
      vertex -35.2222 14.1747 59.7393
      vertex -35.2222 20.1747 49.347
    endloop
  endfacet
  facet normal -0.730019 -0.591865 -0.341714
    outer loop
      vertex -35.2222 14.1747 59.7393
      vertex -35.173 20.1292 49.3207
      vertex -35.173 14.1292 59.713
    endloop
  endfacet
  facet normal -0.683748 -0.631954 -0.364859
    outer loop
      vertex -35.2222 20.1747 49.347
      vertex -35.2747 14.2173 59.7639
      vertex -35.2747 20.2173 49.3716
    endloop
  endfacet
  facet normal -0.683748 -0.631954 -0.364859
    outer loop
      vertex -35.2747 14.2173 59.7639
      vertex -35.2222 20.1747 49.347
      vertex -35.2222 14.1747 59.7393
    endloop
  endfacet
  facet normal 0.0324176 -0.86557 -0.499737
    outer loop
      vertex -36.0719 14.4517 59.8992
      vertex -36 20.4537 49.5081
      vertex -36 14.4537 59.9004
    endloop
  endfacet
  facet normal 0.0324176 -0.86557 -0.499737
    outer loop
      vertex -36 20.4537 49.5081
      vertex -36.0719 14.4517 59.8992
      vertex -36.0719 20.4517 49.5069
    endloop
  endfacet
  facet normal -0.582627 -0.703853 -0.40637
    outer loop
      vertex -35.3889 20.2932 49.4154
      vertex -35.3304 14.2569 59.7867
      vertex -35.3889 14.2932 59.8077
    endloop
  endfacet
  facet normal -0.582627 -0.703853 -0.40637
    outer loop
      vertex -35.3304 14.2569 59.7867
      vertex -35.3889 20.2932 49.4154
      vertex -35.3304 20.2569 49.3944
    endloop
  endfacet
  facet normal -0.412467 -0.788925 -0.455486
    outer loop
      vertex -35.579 20.3812 49.4662
      vertex -35.5135 14.3555 59.8437
      vertex -35.579 14.3812 59.8585
    endloop
  endfacet
  facet normal -0.412467 -0.788925 -0.455486
    outer loop
      vertex -35.5135 14.3555 59.8437
      vertex -35.579 20.3812 49.4662
      vertex -35.5135 20.3555 49.4514
    endloop
  endfacet
  facet normal -0.0976174 -0.861889 -0.497612
    outer loop
      vertex -35.9281 20.4517 49.5069
      vertex -35.8564 14.4456 59.8957
      vertex -35.9281 14.4517 59.8992
    endloop
  endfacet
  facet normal -0.0976174 -0.861889 -0.497612
    outer loop
      vertex -35.8564 14.4456 59.8957
      vertex -35.9281 20.4517 49.5069
      vertex -35.8564 20.4456 49.5034
    endloop
  endfacet
  facet normal -0.226627 -0.843493 -0.486991
    outer loop
      vertex -35.7854 20.4354 49.4975
      vertex -35.7153 14.4213 59.8816
      vertex -35.7854 14.4354 59.8898
    endloop
  endfacet
  facet normal -0.226627 -0.843493 -0.486991
    outer loop
      vertex -35.7153 14.4213 59.8816
      vertex -35.7854 20.4354 49.4975
      vertex -35.7153 20.4213 49.4893
    endloop
  endfacet
  facet normal 0.995272 -0.084114 -0.0485633
    outer loop
      vertex -37.0906 13.6255 59.4222
      vertex -37.0976 19.5634 48.994
      vertex -37.0906 19.6255 49.0299
    endloop
  endfacet
  facet normal 0.995265 -0.0841724 -0.0485965
    outer loop
      vertex -37.0976 19.5634 48.994
      vertex -37.0906 13.6255 59.4222
      vertex -37.0976 13.5634 59.3864
    endloop
  endfacet
  facet normal 0.973685 -0.197367 -0.11395
    outer loop
      vertex -37.0625 13.7477 59.4927
      vertex -37.0789 19.687 49.0654
      vertex -37.0625 19.7477 49.1004
    endloop
  endfacet
  facet normal 0.973685 -0.197367 -0.11395
    outer loop
      vertex -37.0789 19.687 49.0654
      vertex -37.0625 13.7477 59.4927
      vertex -37.0789 13.687 59.4577
    endloop
  endfacet
  facet normal 0.910842 -0.357456 -0.206377
    outer loop
      vertex -36.9866 13.9225 59.5936
      vertex -37.0163 19.8657 49.1686
      vertex -36.9866 19.9225 49.2013
    endloop
  endfacet
  facet normal 0.910842 -0.357456 -0.206377
    outer loop
      vertex -37.0163 19.8657 49.1686
      vertex -36.9866 13.9225 59.5936
      vertex -37.0163 13.8657 59.5609
    endloop
  endfacet
  facet normal 0.812844 -0.504443 -0.291241
    outer loop
      vertex -36.8727 14.081 59.6852
      vertex -36.9146 20.0304 49.2636
      vertex -36.8727 20.081 49.2929
    endloop
  endfacet
  facet normal 0.812844 -0.504443 -0.291241
    outer loop
      vertex -36.9146 20.0304 49.2636
      vertex -36.8727 14.081 59.6852
      vertex -36.9146 14.0304 59.6559
    endloop
  endfacet
  facet normal 0.352676 -0.810379 -0.467873
    outer loop
      vertex -36.421 14.3812 59.8585
      vertex -36.3536 20.4032 49.4789
      vertex -36.3536 14.4032 59.8712
    endloop
  endfacet
  facet normal 0.352676 -0.810379 -0.467873
    outer loop
      vertex -36.3536 20.4032 49.4789
      vertex -36.421 14.3812 59.8585
      vertex -36.421 20.3812 49.4662
    endloop
  endfacet
  facet normal 0.0976174 -0.861889 -0.497612
    outer loop
      vertex -36.1436 14.4456 59.8957
      vertex -36.0719 20.4517 49.5069
      vertex -36.0719 14.4517 59.8992
    endloop
  endfacet
  facet normal 0.0976174 -0.861889 -0.497612
    outer loop
      vertex -36.0719 20.4517 49.5069
      vertex -36.1436 14.4456 59.8957
      vertex -36.1436 20.4456 49.5034
    endloop
  endfacet
  facet normal 0.471609 -0.763668 -0.440904
    outer loop
      vertex -36.55 14.3261 59.8267
      vertex -36.4865 20.3555 49.4514
      vertex -36.4865 14.3555 59.8437
    endloop
  endfacet
  facet normal 0.471609 -0.763668 -0.440904
    outer loop
      vertex -36.4865 20.3555 49.4514
      vertex -36.55 14.3261 59.8267
      vertex -36.55 20.3261 49.4344
    endloop
  endfacet
  facet normal 0.683748 -0.631954 -0.364859
    outer loop
      vertex -36.7253 14.2173 59.7639
      vertex -36.7778 20.1747 49.347
      vertex -36.7253 20.2173 49.3716
    endloop
  endfacet
  facet normal 0.683748 -0.631954 -0.364859
    outer loop
      vertex -36.7778 20.1747 49.347
      vertex -36.7253 14.2173 59.7639
      vertex -36.7778 14.1747 59.7393
    endloop
  endfacet
  facet normal 0.730019 -0.591865 -0.341714
    outer loop
      vertex -36.7778 14.1747 59.7393
      vertex -36.827 20.1292 49.3207
      vertex -36.7778 20.1747 49.347
    endloop
  endfacet
  facet normal 0.730019 -0.591865 -0.341714
    outer loop
      vertex -36.827 20.1292 49.3207
      vertex -36.7778 14.1747 59.7393
      vertex -36.827 14.1292 59.713
    endloop
  endfacet
  facet normal -0.999443 -0.0288903 -0.0166797
    outer loop
      vertex -34.9 19.5011 48.9581
      vertex -34.9024 13.5634 59.3864
      vertex -34.9024 19.5634 48.994
    endloop
  endfacet
  facet normal -0.999444 -0.0288702 -0.0166682
    outer loop
      vertex -34.9024 13.5634 59.3864
      vertex -34.9 19.5011 48.9581
      vertex -34.9 13.5011 59.3504
    endloop
  endfacet
  facet normal -0.0976174 0.861889 0.497612
    outer loop
      vertex -35.8564 18.5566 48.4128
      vertex -35.9281 12.5505 58.8016
      vertex -35.8564 12.5566 58.8051
    endloop
  endfacet
  facet normal -0.0976174 0.861889 0.497612
    outer loop
      vertex -35.9281 12.5505 58.8016
      vertex -35.8564 18.5566 48.4128
      vertex -35.9281 18.5505 48.4093
    endloop
  endfacet
  facet normal -0.973721 0.197234 0.113873
    outer loop
      vertex -34.9375 19.2546 48.8157
      vertex -34.9211 13.3153 59.2431
      vertex -34.9211 19.3153 48.8508
    endloop
  endfacet
  facet normal -0.973721 0.197234 0.113873
    outer loop
      vertex -34.9211 13.3153 59.2431
      vertex -34.9375 19.2546 48.8157
      vertex -34.9375 13.2546 59.208
    endloop
  endfacet
  facet normal -0.352068 0.810578 0.467987
    outer loop
      vertex -35.579 18.621 48.4499
      vertex -35.6464 12.599 58.8296
      vertex -35.579 12.621 58.8422
    endloop
  endfacet
  facet normal -0.352068 0.810578 0.467987
    outer loop
      vertex -35.6464 12.599 58.8296
      vertex -35.579 18.621 48.4499
      vertex -35.6464 18.599 48.4373
    endloop
  endfacet
  facet normal -0.729694 0.592165 0.341887
    outer loop
      vertex -35.2222 18.8275 48.5692
      vertex -35.173 12.873 58.9877
      vertex -35.173 18.873 48.5954
    endloop
  endfacet
  facet normal -0.729694 0.592165 0.341887
    outer loop
      vertex -35.173 12.873 58.9877
      vertex -35.2222 18.8275 48.5692
      vertex -35.2222 12.8275 58.9615
    endloop
  endfacet
  facet normal -0.683748 0.631954 0.364859
    outer loop
      vertex -35.2747 18.7849 48.5446
      vertex -35.2222 12.8275 58.9615
      vertex -35.2222 18.8275 48.5692
    endloop
  endfacet
  facet normal -0.683748 0.631954 0.364859
    outer loop
      vertex -35.2222 12.8275 58.9615
      vertex -35.2747 18.7849 48.5446
      vertex -35.2747 12.7849 58.9369
    endloop
  endfacet
  facet normal -0.582167 0.704138 0.406535
    outer loop
      vertex -35.3304 18.7453 48.5217
      vertex -35.3889 12.709 58.8931
      vertex -35.3304 12.7453 58.914
    endloop
  endfacet
  facet normal -0.582167 0.704138 0.406535
    outer loop
      vertex -35.3889 12.709 58.8931
      vertex -35.3304 18.7453 48.5217
      vertex -35.3889 18.709 48.5008
    endloop
  endfacet
  facet normal -0.471609 0.763668 0.440904
    outer loop
      vertex -35.45 18.6761 48.4818
      vertex -35.5135 12.6467 58.8571
      vertex -35.45 12.6761 58.8741
    endloop
  endfacet
  facet normal -0.471609 0.763668 0.440904
    outer loop
      vertex -35.5135 12.6467 58.8571
      vertex -35.45 18.6761 48.4818
      vertex -35.5135 18.6467 48.4648
    endloop
  endfacet
  facet normal -0.910961 0.35723 0.206247
    outer loop
      vertex -35.0134 19.0798 48.7148
      vertex -34.9837 13.1366 59.1399
      vertex -34.9837 19.1366 48.7476
    endloop
  endfacet
  facet normal -0.910961 0.35723 0.206247
    outer loop
      vertex -34.9837 13.1366 59.1399
      vertex -35.0134 19.0798 48.7148
      vertex -35.0134 13.0798 59.1071
    endloop
  endfacet
  facet normal -0.813017 0.504235 0.29112
    outer loop
      vertex -35.1273 18.9212 48.6233
      vertex -35.0854 12.9719 59.0448
      vertex -35.0854 18.9719 48.6525
    endloop
  endfacet
  facet normal -0.813017 0.504235 0.29112
    outer loop
      vertex -35.0854 12.9719 59.0448
      vertex -35.1273 18.9212 48.6233
      vertex -35.1273 12.9212 59.0156
    endloop
  endfacet
  facet normal -0.0324176 0.86557 0.499737
    outer loop
      vertex -35.9281 18.5505 48.4093
      vertex -36 12.5485 58.8004
      vertex -35.9281 12.5505 58.8016
    endloop
  endfacet
  facet normal -0.0324176 0.86557 0.499737
    outer loop
      vertex -36 12.5485 58.8004
      vertex -35.9281 18.5505 48.4093
      vertex -36 18.5485 48.4081
    endloop
  endfacet
  facet normal 0.226627 0.843493 0.486991
    outer loop
      vertex -36.2146 12.5668 58.8109
      vertex -36.2847 18.5809 48.4268
      vertex -36.2847 12.5809 58.8191
    endloop
  endfacet
  facet normal 0.226627 0.843493 0.486991
    outer loop
      vertex -36.2847 18.5809 48.4268
      vertex -36.2146 12.5668 58.8109
      vertex -36.2146 18.5668 48.4186
    endloop
  endfacet
  facet normal 0.413044 0.788699 0.455356
    outer loop
      vertex -36.421 12.621 58.8422
      vertex -36.4865 18.6467 48.4648
      vertex -36.4865 12.6467 58.8571
    endloop
  endfacet
  facet normal 0.413044 0.788699 0.455356
    outer loop
      vertex -36.4865 18.6467 48.4648
      vertex -36.421 12.621 58.8422
      vertex -36.421 18.621 48.4499
    endloop
  endfacet
  facet normal 0.582167 0.704138 0.406535
    outer loop
      vertex -36.6111 12.709 58.8931
      vertex -36.6696 18.7453 48.5217
      vertex -36.6696 12.7453 58.914
    endloop
  endfacet
  facet normal 0.582167 0.704138 0.406535
    outer loop
      vertex -36.6696 18.7453 48.5217
      vertex -36.6111 12.709 58.8931
      vertex -36.6111 18.709 48.5008
    endloop
  endfacet
  facet normal 0.936111 0.304586 0.175853
    outer loop
      vertex -37.0416 13.1949 59.1736
      vertex -37.0163 19.1366 48.7476
      vertex -37.0416 19.1949 48.7813
    endloop
  endfacet
  facet normal 0.936111 0.304586 0.175853
    outer loop
      vertex -37.0163 19.1366 48.7476
      vertex -37.0416 13.1949 59.1736
      vertex -37.0163 13.1366 59.1399
    endloop
  endfacet
  facet normal 0.973721 0.197234 0.113873
    outer loop
      vertex -37.0789 13.3153 59.2431
      vertex -37.0625 19.2546 48.8157
      vertex -37.0789 19.3153 48.8508
    endloop
  endfacet
  facet normal 0.973721 0.197234 0.113873
    outer loop
      vertex -37.0625 19.2546 48.8157
      vertex -37.0789 13.3153 59.2431
      vertex -37.0625 13.2546 59.208
    endloop
  endfacet
  facet normal 0.813017 0.504235 0.29112
    outer loop
      vertex -36.9146 12.9719 59.0448
      vertex -36.8727 18.9212 48.6233
      vertex -36.9146 18.9719 48.6525
    endloop
  endfacet
  facet normal 0.813017 0.504235 0.29112
    outer loop
      vertex -36.8727 18.9212 48.6233
      vertex -36.9146 12.9719 59.0448
      vertex -36.8727 12.9212 59.0156
    endloop
  endfacet
  facet normal 0.999444 0.0288702 0.0166682
    outer loop
      vertex -37.1 13.5011 59.3504
      vertex -37.0976 19.4388 48.9221
      vertex -37.1 19.5011 48.9581
    endloop
  endfacet
  facet normal 0.999444 0.0288702 0.0166682
    outer loop
      vertex -37.0976 19.4388 48.9221
      vertex -37.1 13.5011 59.3504
      vertex -37.0976 13.4388 59.3144
    endloop
  endfacet
  facet normal -0.163048 0.854436 0.493309
    outer loop
      vertex -35.7854 18.5668 48.4186
      vertex -35.8564 12.5566 58.8051
      vertex -35.7854 12.5668 58.8109
    endloop
  endfacet
  facet normal -0.163048 0.854436 0.493309
    outer loop
      vertex -35.8564 12.5566 58.8051
      vertex -35.7854 18.5668 48.4186
      vertex -35.8564 18.5566 48.4128
    endloop
  endfacet
  facet normal -0.413044 0.788699 0.455356
    outer loop
      vertex -35.5135 18.6467 48.4648
      vertex -35.579 12.621 58.8422
      vertex -35.5135 12.6467 58.8571
    endloop
  endfacet
  facet normal -0.413044 0.788699 0.455356
    outer loop
      vertex -35.579 12.621 58.8422
      vertex -35.5135 18.6467 48.4648
      vertex -35.579 18.621 48.4499
    endloop
  endfacet
  facet normal -0.528046 0.735442 0.424608
    outer loop
      vertex -35.3889 18.709 48.5008
      vertex -35.45 12.6761 58.8741
      vertex -35.3889 12.709 58.8931
    endloop
  endfacet
  facet normal -0.528046 0.735442 0.424608
    outer loop
      vertex -35.45 12.6761 58.8741
      vertex -35.3889 18.709 48.5008
      vertex -35.45 18.6761 48.4818
    endloop
  endfacet
  facet normal -0.849217 0.4573 0.264022
    outer loop
      vertex -35.0854 18.9719 48.6525
      vertex -35.0474 13.0248 59.0754
      vertex -35.0474 19.0248 48.6831
    endloop
  endfacet
  facet normal -0.849217 0.4573 0.264022
    outer loop
      vertex -35.0474 13.0248 59.0754
      vertex -35.0854 18.9719 48.6525
      vertex -35.0854 12.9719 59.0448
    endloop
  endfacet
  facet normal 0.528046 0.735442 0.424608
    outer loop
      vertex -36.55 12.6761 58.8741
      vertex -36.6111 18.709 48.5008
      vertex -36.6111 12.709 58.8931
    endloop
  endfacet
  facet normal 0.528046 0.735442 0.424608
    outer loop
      vertex -36.6111 18.709 48.5008
      vertex -36.55 12.6761 58.8741
      vertex -36.55 18.6761 48.4818
    endloop
  endfacet
  facet normal 0.986697 0.140792 0.0812862
    outer loop
      vertex -37.0906 13.3768 59.2786
      vertex -37.0789 19.3153 48.8508
      vertex -37.0906 19.3768 48.8863
    endloop
  endfacet
  facet normal 0.986697 0.140792 0.0812862
    outer loop
      vertex -37.0789 19.3153 48.8508
      vertex -37.0906 13.3768 59.2786
      vertex -37.0789 13.3153 59.2431
    endloop
  endfacet
  facet normal 0.849217 0.4573 0.264022
    outer loop
      vertex -36.9526 13.0248 59.0754
      vertex -36.9146 18.9719 48.6525
      vertex -36.9526 19.0248 48.6831
    endloop
  endfacet
  facet normal 0.849217 0.4573 0.264022
    outer loop
      vertex -36.9146 18.9719 48.6525
      vertex -36.9526 13.0248 59.0754
      vertex -36.9146 12.9719 59.0448
    endloop
  endfacet
  facet normal 0.683748 0.631954 0.364859
    outer loop
      vertex -36.7778 12.8275 58.9615
      vertex -36.7253 18.7849 48.5446
      vertex -36.7778 18.8275 48.5692
    endloop
  endfacet
  facet normal 0.683748 0.631954 0.364859
    outer loop
      vertex -36.7253 18.7849 48.5446
      vertex -36.7778 12.8275 58.9615
      vertex -36.7253 12.7849 58.9369
    endloop
  endfacet
  facet normal -0.999443 -0.0288903 -0.0166797
    outer loop
      vertex 37.1 -22.5011 24.7081
      vertex 37.0976 -28.4388 35.1364
      vertex 37.0976 -22.4388 24.744
    endloop
  endfacet
  facet normal -0.999444 -0.0288702 -0.0166682
    outer loop
      vertex 37.0976 -28.4388 35.1364
      vertex 37.1 -22.5011 24.7081
      vertex 37.1 -28.5011 35.1004
    endloop
  endfacet
  facet normal 0.999443 -0.0288903 -0.0166797
    outer loop
      vertex 34.9024 -28.4388 35.1364
      vertex 34.9 -22.5011 24.7081
      vertex 34.9024 -22.4388 24.744
    endloop
  endfacet
  facet normal 0.999444 -0.0288702 -0.0166682
    outer loop
      vertex 34.9 -22.5011 24.7081
      vertex 34.9024 -28.4388 35.1364
      vertex 34.9 -28.5011 35.1004
    endloop
  endfacet
  facet normal 0.0324176 -0.86557 -0.499737
    outer loop
      vertex 35.9281 -27.5505 35.6492
      vertex 36 -21.5485 25.2581
      vertex 36 -27.5485 35.6504
    endloop
  endfacet
  facet normal 0.0324176 -0.86557 -0.499737
    outer loop
      vertex 36 -21.5485 25.2581
      vertex 35.9281 -27.5505 35.6492
      vertex 35.9281 -21.5505 25.2569
    endloop
  endfacet
  facet normal -0.0324176 0.86557 0.499737
    outer loop
      vertex 36.0719 -23.4517 24.1593
      vertex 36 -29.4537 34.5504
      vertex 36.0719 -29.4517 34.5516
    endloop
  endfacet
  facet normal -0.0324176 0.86557 0.499737
    outer loop
      vertex 36 -29.4537 34.5504
      vertex 36.0719 -23.4517 24.1593
      vertex 36 -23.4537 24.1581
    endloop
  endfacet
  facet normal -0.683748 -0.631954 -0.364859
    outer loop
      vertex 36.7778 -21.8275 25.097
      vertex 36.7253 -27.7849 35.5139
      vertex 36.7253 -21.7849 25.1216
    endloop
  endfacet
  facet normal -0.683748 -0.631954 -0.364859
    outer loop
      vertex 36.7253 -27.7849 35.5139
      vertex 36.7778 -21.8275 25.097
      vertex 36.7778 -27.8275 35.4893
    endloop
  endfacet
  facet normal 0.730019 -0.591865 -0.341714
    outer loop
      vertex 35.2222 -27.8275 35.4893
      vertex 35.173 -21.873 25.0707
      vertex 35.2222 -21.8275 25.097
    endloop
  endfacet
  facet normal 0.730019 -0.591865 -0.341714
    outer loop
      vertex 35.173 -21.873 25.0707
      vertex 35.2222 -27.8275 35.4893
      vertex 35.173 -27.873 35.463
    endloop
  endfacet
  facet normal 0.412467 -0.788925 -0.455486
    outer loop
      vertex 35.5135 -27.6467 35.5937
      vertex 35.579 -21.621 25.2162
      vertex 35.579 -27.621 35.6085
    endloop
  endfacet
  facet normal 0.412467 -0.788925 -0.455486
    outer loop
      vertex 35.579 -21.621 25.2162
      vertex 35.5135 -27.6467 35.5937
      vertex 35.5135 -21.6467 25.2014
    endloop
  endfacet
  facet normal -0.910842 -0.357456 -0.206377
    outer loop
      vertex 37.0163 -22.1366 24.9186
      vertex 36.9866 -28.0798 35.3436
      vertex 36.9866 -22.0798 24.9513
    endloop
  endfacet
  facet normal -0.910842 -0.357456 -0.206377
    outer loop
      vertex 36.9866 -28.0798 35.3436
      vertex 37.0163 -22.1366 24.9186
      vertex 37.0163 -28.1366 35.3109
    endloop
  endfacet
  facet normal -0.352676 -0.810379 -0.467873
    outer loop
      vertex 36.3536 -21.599 25.2289
      vertex 36.421 -27.621 35.6085
      vertex 36.3536 -27.599 35.6212
    endloop
  endfacet
  facet normal -0.352676 -0.810379 -0.467873
    outer loop
      vertex 36.421 -27.621 35.6085
      vertex 36.3536 -21.599 25.2289
      vertex 36.421 -21.621 25.2162
    endloop
  endfacet
  facet normal -0.528046 -0.735442 -0.424608
    outer loop
      vertex 36.55 -21.6761 25.1844
      vertex 36.6111 -27.709 35.5577
      vertex 36.55 -27.6761 35.5767
    endloop
  endfacet
  facet normal -0.528046 -0.735442 -0.424608
    outer loop
      vertex 36.6111 -27.709 35.5577
      vertex 36.55 -21.6761 25.1844
      vertex 36.6111 -21.709 25.1654
    endloop
  endfacet
  facet normal 0.936111 -0.304586 -0.175853
    outer loop
      vertex 34.9837 -28.1366 35.3109
      vertex 34.9584 -22.1949 24.8849
      vertex 34.9837 -22.1366 24.9186
    endloop
  endfacet
  facet normal 0.936111 -0.304586 -0.175853
    outer loop
      vertex 34.9584 -22.1949 24.8849
      vertex 34.9837 -28.1366 35.3109
      vertex 34.9584 -28.1949 35.2772
    endloop
  endfacet
  facet normal 0.226627 -0.843493 -0.486991
    outer loop
      vertex 35.7153 -27.5809 35.6316
      vertex 35.7854 -21.5668 25.2475
      vertex 35.7854 -27.5668 35.6398
    endloop
  endfacet
  facet normal 0.226627 -0.843493 -0.486991
    outer loop
      vertex 35.7854 -21.5668 25.2475
      vertex 35.7153 -27.5809 35.6316
      vertex 35.7153 -21.5809 25.2393
    endloop
  endfacet
  facet normal -0.973685 -0.197367 -0.11395
    outer loop
      vertex 37.0789 -22.3153 24.8154
      vertex 37.0625 -28.2546 35.2427
      vertex 37.0625 -22.2546 24.8504
    endloop
  endfacet
  facet normal -0.973685 -0.197367 -0.11395
    outer loop
      vertex 37.0625 -28.2546 35.2427
      vertex 37.0789 -22.3153 24.8154
      vertex 37.0789 -28.3153 35.2077
    endloop
  endfacet
  facet normal -0.957003 -0.251215 -0.145039
    outer loop
      vertex 37.0625 -22.2546 24.8504
      vertex 37.0416 -28.1949 35.2772
      vertex 37.0416 -22.1949 24.8849
    endloop
  endfacet
  facet normal -0.957003 -0.251215 -0.145039
    outer loop
      vertex 37.0416 -28.1949 35.2772
      vertex 37.0625 -22.2546 24.8504
      vertex 37.0625 -28.2546 35.2427
    endloop
  endfacet
  facet normal -0.813252 -0.50395 -0.290956
    outer loop
      vertex 36.9146 -21.9719 25.0136
      vertex 36.8727 -27.9212 35.4352
      vertex 36.8727 -21.9212 25.0429
    endloop
  endfacet
  facet normal -0.813252 -0.50395 -0.290956
    outer loop
      vertex 36.8727 -27.9212 35.4352
      vertex 36.9146 -21.9719 25.0136
      vertex 36.9146 -27.9719 35.4059
    endloop
  endfacet
  facet normal -0.772769 -0.549655 -0.317344
    outer loop
      vertex 36.8727 -21.9212 25.0429
      vertex 36.827 -27.873 35.463
      vertex 36.827 -21.873 25.0707
    endloop
  endfacet
  facet normal -0.772769 -0.549655 -0.317344
    outer loop
      vertex 36.827 -27.873 35.463
      vertex 36.8727 -21.9212 25.0429
      vertex 36.8727 -27.9212 35.4352
    endloop
  endfacet
  facet normal -0.849023 -0.45757 -0.264178
    outer loop
      vertex 36.9526 -22.0248 24.9831
      vertex 36.9146 -27.9719 35.4059
      vertex 36.9146 -21.9719 25.0136
    endloop
  endfacet
  facet normal -0.849023 -0.45757 -0.264178
    outer loop
      vertex 36.9146 -27.9719 35.4059
      vertex 36.9526 -22.0248 24.9831
      vertex 36.9526 -28.0248 35.3754
    endloop
  endfacet
  facet normal -0.163725 -0.854339 -0.493253
    outer loop
      vertex 36.1436 -21.5566 25.2534
      vertex 36.2146 -27.5668 35.6398
      vertex 36.1436 -27.5566 35.6457
    endloop
  endfacet
  facet normal -0.163725 -0.854339 -0.493253
    outer loop
      vertex 36.2146 -27.5668 35.6398
      vertex 36.1436 -21.5566 25.2534
      vertex 36.2146 -21.5668 25.2475
    endloop
  endfacet
  facet normal -0.28996 -0.82882 -0.47852
    outer loop
      vertex 36.2847 -21.5809 25.2393
      vertex 36.3536 -27.599 35.6212
      vertex 36.2847 -27.5809 35.6316
    endloop
  endfacet
  facet normal -0.28996 -0.82882 -0.47852
    outer loop
      vertex 36.3536 -27.599 35.6212
      vertex 36.2847 -21.5809 25.2393
      vertex 36.3536 -21.599 25.2289
    endloop
  endfacet
  facet normal -0.0976174 -0.861889 -0.497612
    outer loop
      vertex 36.0719 -21.5505 25.2569
      vertex 36.1436 -27.5566 35.6457
      vertex 36.0719 -27.5505 35.6492
    endloop
  endfacet
  facet normal -0.0976174 -0.861889 -0.497612
    outer loop
      vertex 36.1436 -27.5566 35.6457
      vertex 36.0719 -21.5505 25.2569
      vertex 36.1436 -21.5566 25.2534
    endloop
  endfacet
  facet normal -0.471609 -0.763668 -0.440904
    outer loop
      vertex 36.4865 -21.6467 25.2014
      vertex 36.55 -27.6761 35.5767
      vertex 36.4865 -27.6467 35.5937
    endloop
  endfacet
  facet normal -0.471609 -0.763668 -0.440904
    outer loop
      vertex 36.55 -27.6761 35.5767
      vertex 36.4865 -21.6467 25.2014
      vertex 36.55 -21.6761 25.1844
    endloop
  endfacet
  facet normal -0.634251 -0.669548 -0.386564
    outer loop
      vertex 36.6696 -21.7453 25.1444
      vertex 36.7253 -27.7849 35.5139
      vertex 36.6696 -27.7453 35.5367
    endloop
  endfacet
  facet normal -0.634251 -0.669548 -0.386564
    outer loop
      vertex 36.7253 -27.7849 35.5139
      vertex 36.6696 -21.7453 25.1444
      vertex 36.7253 -21.7849 25.1216
    endloop
  endfacet
  facet normal 0.973685 -0.197367 -0.11395
    outer loop
      vertex 34.9375 -28.2546 35.2427
      vertex 34.9211 -22.3153 24.8154
      vertex 34.9375 -22.2546 24.8504
    endloop
  endfacet
  facet normal 0.973685 -0.197367 -0.11395
    outer loop
      vertex 34.9211 -22.3153 24.8154
      vertex 34.9375 -28.2546 35.2427
      vertex 34.9211 -28.3153 35.2077
    endloop
  endfacet
  facet normal 0.849023 -0.45757 -0.264178
    outer loop
      vertex 35.0854 -27.9719 35.4059
      vertex 35.0474 -22.0248 24.9831
      vertex 35.0854 -21.9719 25.0136
    endloop
  endfacet
  facet normal 0.849023 -0.45757 -0.264178
    outer loop
      vertex 35.0474 -22.0248 24.9831
      vertex 35.0854 -27.9719 35.4059
      vertex 35.0474 -28.0248 35.3754
    endloop
  endfacet
  facet normal 0.772769 -0.549655 -0.317344
    outer loop
      vertex 35.173 -27.873 35.463
      vertex 35.1273 -21.9212 25.0429
      vertex 35.173 -21.873 25.0707
    endloop
  endfacet
  facet normal 0.772769 -0.549655 -0.317344
    outer loop
      vertex 35.1273 -21.9212 25.0429
      vertex 35.173 -27.873 35.463
      vertex 35.1273 -27.9212 35.4352
    endloop
  endfacet
  facet normal 0.88168 -0.408632 -0.235924
    outer loop
      vertex 35.0474 -28.0248 35.3754
      vertex 35.0134 -22.0798 24.9513
      vertex 35.0474 -22.0248 24.9831
    endloop
  endfacet
  facet normal 0.88168 -0.408632 -0.235924
    outer loop
      vertex 35.0134 -22.0798 24.9513
      vertex 35.0474 -28.0248 35.3754
      vertex 35.0134 -28.0798 35.3436
    endloop
  endfacet
  facet normal 0.957003 -0.251215 -0.145039
    outer loop
      vertex 34.9584 -28.1949 35.2772
      vertex 34.9375 -22.2546 24.8504
      vertex 34.9584 -22.1949 24.8849
    endloop
  endfacet
  facet normal 0.957003 -0.251215 -0.145039
    outer loop
      vertex 34.9375 -22.2546 24.8504
      vertex 34.9584 -28.1949 35.2772
      vertex 34.9375 -28.2546 35.2427
    endloop
  endfacet
  facet normal 0.995261 -0.0842148 -0.0486214
    outer loop
      vertex 34.9094 -28.3768 35.1722
      vertex 34.9024 -22.4388 24.744
      vertex 34.9094 -22.3768 24.7799
    endloop
  endfacet
  facet normal 0.995254 -0.0842732 -0.0486547
    outer loop
      vertex 34.9024 -22.4388 24.744
      vertex 34.9094 -28.3768 35.1722
      vertex 34.9024 -28.4388 35.1364
    endloop
  endfacet
  facet normal 0.582627 -0.703853 -0.40637
    outer loop
      vertex 35.3304 -27.7453 35.5367
      vertex 35.3889 -21.709 25.1654
      vertex 35.3889 -27.709 35.5577
    endloop
  endfacet
  facet normal 0.582627 -0.703853 -0.40637
    outer loop
      vertex 35.3889 -21.709 25.1654
      vertex 35.3304 -27.7453 35.5367
      vertex 35.3304 -21.7453 25.1444
    endloop
  endfacet
  facet normal 0.528046 -0.735442 -0.424608
    outer loop
      vertex 35.3889 -27.709 35.5577
      vertex 35.45 -21.6761 25.1844
      vertex 35.45 -27.6761 35.5767
    endloop
  endfacet
  facet normal 0.528046 -0.735442 -0.424608
    outer loop
      vertex 35.45 -21.6761 25.1844
      vertex 35.3889 -27.709 35.5577
      vertex 35.3889 -21.709 25.1654
    endloop
  endfacet
  facet normal 0.634251 -0.669548 -0.386564
    outer loop
      vertex 35.2747 -27.7849 35.5139
      vertex 35.3304 -21.7453 25.1444
      vertex 35.3304 -27.7453 35.5367
    endloop
  endfacet
  facet normal 0.634251 -0.669548 -0.386564
    outer loop
      vertex 35.3304 -21.7453 25.1444
      vertex 35.2747 -27.7849 35.5139
      vertex 35.2747 -21.7849 25.1216
    endloop
  endfacet
  facet normal 0.28996 -0.82882 -0.47852
    outer loop
      vertex 35.6464 -27.599 35.6212
      vertex 35.7153 -21.5809 25.2393
      vertex 35.7153 -27.5809 35.6316
    endloop
  endfacet
  facet normal 0.28996 -0.82882 -0.47852
    outer loop
      vertex 35.7153 -21.5809 25.2393
      vertex 35.6464 -27.599 35.6212
      vertex 35.6464 -21.599 25.2289
    endloop
  endfacet
  facet normal 0.163725 -0.854339 -0.493253
    outer loop
      vertex 35.7854 -27.5668 35.6398
      vertex 35.8564 -21.5566 25.2534
      vertex 35.8564 -27.5566 35.6457
    endloop
  endfacet
  facet normal 0.163725 -0.854339 -0.493253
    outer loop
      vertex 35.8564 -21.5566 25.2534
      vertex 35.7854 -27.5668 35.6398
      vertex 35.7854 -21.5668 25.2475
    endloop
  endfacet
  facet normal -0.0976174 0.861889 0.497612
    outer loop
      vertex 36.1436 -23.4456 24.1628
      vertex 36.0719 -29.4517 34.5516
      vertex 36.1436 -29.4456 34.5551
    endloop
  endfacet
  facet normal -0.0976174 0.861889 0.497612
    outer loop
      vertex 36.0719 -29.4517 34.5516
      vertex 36.1436 -23.4456 24.1628
      vertex 36.0719 -23.4517 24.1593
    endloop
  endfacet
  facet normal -0.413044 0.788699 0.455356
    outer loop
      vertex 36.4865 -23.3555 24.2148
      vertex 36.421 -29.3812 34.5922
      vertex 36.4865 -29.3555 34.6071
    endloop
  endfacet
  facet normal -0.413044 0.788699 0.455356
    outer loop
      vertex 36.421 -29.3812 34.5922
      vertex 36.4865 -23.3555 24.2148
      vertex 36.421 -23.3812 24.1999
    endloop
  endfacet
  facet normal -0.986697 -0.140792 -0.0812862
    outer loop
      vertex 37.0906 -22.3768 24.7799
      vertex 37.0789 -28.3153 35.2077
      vertex 37.0789 -22.3153 24.8154
    endloop
  endfacet
  facet normal -0.986697 -0.140792 -0.0812862
    outer loop
      vertex 37.0789 -28.3153 35.2077
      vertex 37.0906 -22.3768 24.7799
      vertex 37.0906 -28.3768 35.1722
    endloop
  endfacet
  facet normal -0.995261 -0.0842148 -0.0486214
    outer loop
      vertex 37.0976 -22.4388 24.744
      vertex 37.0906 -28.3768 35.1722
      vertex 37.0906 -22.3768 24.7799
    endloop
  endfacet
  facet normal -0.995254 -0.0842732 -0.0486547
    outer loop
      vertex 37.0906 -28.3768 35.1722
      vertex 37.0976 -22.4388 24.744
      vertex 37.0976 -28.4388 35.1364
    endloop
  endfacet
  facet normal -0.936111 -0.304586 -0.175853
    outer loop
      vertex 37.0416 -22.1949 24.8849
      vertex 37.0163 -28.1366 35.3109
      vertex 37.0163 -22.1366 24.9186
    endloop
  endfacet
  facet normal -0.936111 -0.304586 -0.175853
    outer loop
      vertex 37.0163 -28.1366 35.3109
      vertex 37.0416 -22.1949 24.8849
      vertex 37.0416 -28.1949 35.2772
    endloop
  endfacet
  facet normal -0.730019 -0.591865 -0.341714
    outer loop
      vertex 36.827 -21.873 25.0707
      vertex 36.7778 -27.8275 35.4893
      vertex 36.7778 -21.8275 25.097
    endloop
  endfacet
  facet normal -0.730019 -0.591865 -0.341714
    outer loop
      vertex 36.7778 -27.8275 35.4893
      vertex 36.827 -21.873 25.0707
      vertex 36.827 -27.873 35.463
    endloop
  endfacet
  facet normal -0.88168 -0.408632 -0.235924
    outer loop
      vertex 36.9866 -22.0798 24.9513
      vertex 36.9526 -28.0248 35.3754
      vertex 36.9526 -22.0248 24.9831
    endloop
  endfacet
  facet normal -0.88168 -0.408632 -0.235924
    outer loop
      vertex 36.9526 -28.0248 35.3754
      vertex 36.9866 -22.0798 24.9513
      vertex 36.9866 -28.0798 35.3436
    endloop
  endfacet
  facet normal -0.226627 -0.843493 -0.486991
    outer loop
      vertex 36.2146 -21.5668 25.2475
      vertex 36.2847 -27.5809 35.6316
      vertex 36.2146 -27.5668 35.6398
    endloop
  endfacet
  facet normal -0.226627 -0.843493 -0.486991
    outer loop
      vertex 36.2847 -27.5809 35.6316
      vertex 36.2146 -21.5668 25.2475
      vertex 36.2847 -21.5809 25.2393
    endloop
  endfacet
  facet normal -0.0324176 -0.86557 -0.499737
    outer loop
      vertex 36 -21.5485 25.2581
      vertex 36.0719 -27.5505 35.6492
      vertex 36 -27.5485 35.6504
    endloop
  endfacet
  facet normal -0.0324176 -0.86557 -0.499737
    outer loop
      vertex 36.0719 -27.5505 35.6492
      vertex 36 -21.5485 25.2581
      vertex 36.0719 -21.5505 25.2569
    endloop
  endfacet
  facet normal -0.412467 -0.788925 -0.455486
    outer loop
      vertex 36.421 -21.621 25.2162
      vertex 36.4865 -27.6467 35.5937
      vertex 36.421 -27.621 35.6085
    endloop
  endfacet
  facet normal -0.412467 -0.788925 -0.455486
    outer loop
      vertex 36.4865 -27.6467 35.5937
      vertex 36.421 -21.621 25.2162
      vertex 36.4865 -21.6467 25.2014
    endloop
  endfacet
  facet normal -0.582627 -0.703853 -0.40637
    outer loop
      vertex 36.6111 -21.709 25.1654
      vertex 36.6696 -27.7453 35.5367
      vertex 36.6111 -27.709 35.5577
    endloop
  endfacet
  facet normal -0.582627 -0.703853 -0.40637
    outer loop
      vertex 36.6696 -27.7453 35.5367
      vertex 36.6111 -21.709 25.1654
      vertex 36.6696 -21.7453 25.1444
    endloop
  endfacet
  facet normal 0.813252 -0.50395 -0.290956
    outer loop
      vertex 35.1273 -27.9212 35.4352
      vertex 35.0854 -21.9719 25.0136
      vertex 35.1273 -21.9212 25.0429
    endloop
  endfacet
  facet normal 0.813252 -0.50395 -0.290956
    outer loop
      vertex 35.0854 -21.9719 25.0136
      vertex 35.1273 -27.9212 35.4352
      vertex 35.0854 -27.9719 35.4059
    endloop
  endfacet
  facet normal 0.986697 -0.140792 -0.0812862
    outer loop
      vertex 34.9211 -28.3153 35.2077
      vertex 34.9094 -22.3768 24.7799
      vertex 34.9211 -22.3153 24.8154
    endloop
  endfacet
  facet normal 0.986697 -0.140792 -0.0812862
    outer loop
      vertex 34.9094 -22.3768 24.7799
      vertex 34.9211 -28.3153 35.2077
      vertex 34.9094 -28.3768 35.1722
    endloop
  endfacet
  facet normal 0.0976174 -0.861889 -0.497612
    outer loop
      vertex 35.8564 -27.5566 35.6457
      vertex 35.9281 -21.5505 25.2569
      vertex 35.9281 -27.5505 35.6492
    endloop
  endfacet
  facet normal 0.0976174 -0.861889 -0.497612
    outer loop
      vertex 35.9281 -21.5505 25.2569
      vertex 35.8564 -27.5566 35.6457
      vertex 35.8564 -21.5566 25.2534
    endloop
  endfacet
  facet normal -0.999444 0.0288702 0.0166682
    outer loop
      vertex 37.0976 -22.5634 24.6721
      vertex 37.1 -28.5011 35.1004
      vertex 37.1 -22.5011 24.7081
    endloop
  endfacet
  facet normal -0.999444 0.0288702 0.0166682
    outer loop
      vertex 37.1 -28.5011 35.1004
      vertex 37.0976 -22.5634 24.6721
      vertex 37.0976 -28.5634 35.0644
    endloop
  endfacet
  facet normal -0.881257 0.409316 0.236319
    outer loop
      vertex 36.9526 -22.9774 24.4331
      vertex 36.9866 -28.9225 34.8571
      vertex 36.9866 -22.9225 24.4648
    endloop
  endfacet
  facet normal -0.881257 0.409316 0.236319
    outer loop
      vertex 36.9866 -28.9225 34.8571
      vertex 36.9526 -22.9774 24.4331
      vertex 36.9526 -28.9774 34.8254
    endloop
  endfacet
  facet normal -0.973721 0.197234 0.113873
    outer loop
      vertex 37.0625 -22.7477 24.5657
      vertex 37.0789 -28.687 34.9931
      vertex 37.0789 -22.687 24.6008
    endloop
  endfacet
  facet normal -0.973721 0.197234 0.113873
    outer loop
      vertex 37.0789 -28.687 34.9931
      vertex 37.0625 -22.7477 24.5657
      vertex 37.0625 -28.7477 34.958
    endloop
  endfacet
  facet normal -0.773049 0.54936 0.317174
    outer loop
      vertex 36.827 -23.1292 24.3454
      vertex 36.8727 -29.081 34.7656
      vertex 36.8727 -23.081 24.3733
    endloop
  endfacet
  facet normal -0.773049 0.54936 0.317174
    outer loop
      vertex 36.8727 -29.081 34.7656
      vertex 36.827 -23.1292 24.3454
      vertex 36.827 -29.1292 34.7377
    endloop
  endfacet
  facet normal 0.973721 0.197234 0.113873
    outer loop
      vertex 34.9211 -28.687 34.9931
      vertex 34.9375 -22.7477 24.5657
      vertex 34.9211 -22.687 24.6008
    endloop
  endfacet
  facet normal 0.973721 0.197234 0.113873
    outer loop
      vertex 34.9375 -22.7477 24.5657
      vertex 34.9211 -28.687 34.9931
      vertex 34.9375 -28.7477 34.958
    endloop
  endfacet
  facet normal -0.225968 0.843625 0.487068
    outer loop
      vertex 36.2847 -23.4213 24.1768
      vertex 36.2146 -29.4354 34.561
      vertex 36.2847 -29.4213 34.5691
    endloop
  endfacet
  facet normal -0.226627 0.843495 0.486987
    outer loop
      vertex 36.2146 -29.4354 34.561
      vertex 36.2847 -23.4213 24.1768
      vertex 36.2146 -23.4354 24.1686
    endloop
  endfacet
  facet normal -0.352068 0.810578 0.467987
    outer loop
      vertex 36.421 -23.3812 24.1999
      vertex 36.3536 -29.4032 34.5796
      vertex 36.421 -29.3812 34.5922
    endloop
  endfacet
  facet normal -0.352068 0.810578 0.467987
    outer loop
      vertex 36.3536 -29.4032 34.5796
      vertex 36.421 -23.3812 24.1999
      vertex 36.3536 -23.4032 24.1873
    endloop
  endfacet
  facet normal 0.910842 -0.357456 -0.206377
    outer loop
      vertex 35.0134 -28.0798 35.3436
      vertex 34.9837 -22.1366 24.9186
      vertex 35.0134 -22.0798 24.9513
    endloop
  endfacet
  facet normal 0.910842 -0.357456 -0.206377
    outer loop
      vertex 34.9837 -22.1366 24.9186
      vertex 35.0134 -28.0798 35.3436
      vertex 34.9837 -28.1366 35.3109
    endloop
  endfacet
  facet normal 0.471609 -0.763668 -0.440904
    outer loop
      vertex 35.45 -27.6761 35.5767
      vertex 35.5135 -21.6467 25.2014
      vertex 35.5135 -27.6467 35.5937
    endloop
  endfacet
  facet normal 0.471609 -0.763668 -0.440904
    outer loop
      vertex 35.5135 -21.6467 25.2014
      vertex 35.45 -27.6761 35.5767
      vertex 35.45 -21.6761 25.1844
    endloop
  endfacet
  facet normal 0.683748 -0.631954 -0.364859
    outer loop
      vertex 35.2747 -27.7849 35.5139
      vertex 35.2222 -21.8275 25.097
      vertex 35.2747 -21.7849 25.1216
    endloop
  endfacet
  facet normal 0.683748 -0.631954 -0.364859
    outer loop
      vertex 35.2222 -21.8275 25.097
      vertex 35.2747 -27.7849 35.5139
      vertex 35.2222 -27.8275 35.4893
    endloop
  endfacet
  facet normal 0.352676 -0.810379 -0.467873
    outer loop
      vertex 35.579 -27.621 35.6085
      vertex 35.6464 -21.599 25.2289
      vertex 35.6464 -27.599 35.6212
    endloop
  endfacet
  facet normal 0.352676 -0.810379 -0.467873
    outer loop
      vertex 35.6464 -21.599 25.2289
      vertex 35.579 -27.621 35.6085
      vertex 35.579 -21.621 25.2162
    endloop
  endfacet
  facet normal -0.956843 0.251671 0.145303
    outer loop
      vertex 37.0416 -22.8073 24.5313
      vertex 37.0625 -28.7477 34.958
      vertex 37.0625 -22.7477 24.5657
    endloop
  endfacet
  facet normal -0.956843 0.251671 0.145303
    outer loop
      vertex 37.0625 -28.7477 34.958
      vertex 37.0416 -22.8073 24.5313
      vertex 37.0416 -28.8073 34.9236
    endloop
  endfacet
  facet normal -0.910961 0.35723 0.206247
    outer loop
      vertex 36.9866 -22.9225 24.4648
      vertex 37.0163 -28.8657 34.8899
      vertex 37.0163 -22.8657 24.4976
    endloop
  endfacet
  facet normal -0.910961 0.35723 0.206247
    outer loop
      vertex 37.0163 -28.8657 34.8899
      vertex 36.9866 -22.9225 24.4648
      vertex 36.9866 -28.9225 34.8571
    endloop
  endfacet
  facet normal -0.683748 0.631954 0.364859
    outer loop
      vertex 36.7253 -23.2173 24.2946
      vertex 36.7778 -29.1747 34.7115
      vertex 36.7778 -23.1747 24.3192
    endloop
  endfacet
  facet normal -0.683748 0.631954 0.364859
    outer loop
      vertex 36.7778 -29.1747 34.7115
      vertex 36.7253 -23.2173 24.2946
      vertex 36.7253 -29.2173 34.6869
    endloop
  endfacet
  facet normal -0.729694 0.592165 0.341887
    outer loop
      vertex 36.7778 -23.1747 24.3192
      vertex 36.827 -29.1292 34.7377
      vertex 36.827 -23.1292 24.3454
    endloop
  endfacet
  facet normal -0.729694 0.592165 0.341887
    outer loop
      vertex 36.827 -29.1292 34.7377
      vertex 36.7778 -23.1747 24.3192
      vertex 36.7778 -29.1747 34.7115
    endloop
  endfacet
  facet normal -0.471609 0.763668 0.440904
    outer loop
      vertex 36.55 -23.3261 24.2318
      vertex 36.4865 -29.3555 34.6071
      vertex 36.55 -29.3261 34.6241
    endloop
  endfacet
  facet normal -0.471609 0.763668 0.440904
    outer loop
      vertex 36.4865 -29.3555 34.6071
      vertex 36.55 -23.3261 24.2318
      vertex 36.4865 -23.3555 24.2148
    endloop
  endfacet
  facet normal -0.634665 0.669253 0.386394
    outer loop
      vertex 36.7253 -23.2173 24.2946
      vertex 36.6696 -29.2569 34.664
      vertex 36.7253 -29.2173 34.6869
    endloop
  endfacet
  facet normal -0.634665 0.669253 0.386394
    outer loop
      vertex 36.6696 -29.2569 34.664
      vertex 36.7253 -23.2173 24.2946
      vertex 36.6696 -23.2569 24.2717
    endloop
  endfacet
  facet normal -0.582167 0.704138 0.406535
    outer loop
      vertex 36.6696 -23.2569 24.2717
      vertex 36.6111 -29.2932 34.6431
      vertex 36.6696 -29.2569 34.664
    endloop
  endfacet
  facet normal -0.582167 0.704138 0.406535
    outer loop
      vertex 36.6111 -29.2932 34.6431
      vertex 36.6696 -23.2569 24.2717
      vertex 36.6111 -23.2932 24.2508
    endloop
  endfacet
  facet normal -0.812608 0.504728 0.291405
    outer loop
      vertex 36.8727 -23.081 24.3733
      vertex 36.9146 -29.0304 34.7948
      vertex 36.9146 -23.0304 24.4025
    endloop
  endfacet
  facet normal -0.812608 0.504728 0.291405
    outer loop
      vertex 36.9146 -29.0304 34.7948
      vertex 36.8727 -23.081 24.3733
      vertex 36.8727 -29.081 34.7656
    endloop
  endfacet
  facet normal -0.849552 0.456833 0.263753
    outer loop
      vertex 36.9146 -23.0304 24.4025
      vertex 36.9526 -28.9774 34.8254
      vertex 36.9526 -22.9774 24.4331
    endloop
  endfacet
  facet normal -0.849552 0.456833 0.263753
    outer loop
      vertex 36.9526 -28.9774 34.8254
      vertex 36.9146 -23.0304 24.4025
      vertex 36.9146 -29.0304 34.7948
    endloop
  endfacet
  facet normal 0.634665 0.669253 0.386394
    outer loop
      vertex 35.3304 -29.2569 34.664
      vertex 35.2747 -23.2173 24.2946
      vertex 35.2747 -29.2173 34.6869
    endloop
  endfacet
  facet normal 0.634665 0.669253 0.386394
    outer loop
      vertex 35.2747 -23.2173 24.2946
      vertex 35.3304 -29.2569 34.664
      vertex 35.3304 -23.2569 24.2717
    endloop
  endfacet
  facet normal 0.0976174 0.861889 0.497612
    outer loop
      vertex 35.9281 -29.4517 34.5516
      vertex 35.8564 -23.4456 24.1628
      vertex 35.8564 -29.4456 34.5551
    endloop
  endfacet
  facet normal 0.0976174 0.861889 0.497612
    outer loop
      vertex 35.8564 -23.4456 24.1628
      vertex 35.9281 -29.4517 34.5516
      vertex 35.9281 -23.4517 24.1593
    endloop
  endfacet
  facet normal 0.812608 0.504728 0.291405
    outer loop
      vertex 35.0854 -29.0304 34.7948
      vertex 35.1273 -23.081 24.3733
      vertex 35.0854 -23.0304 24.4025
    endloop
  endfacet
  facet normal 0.812608 0.504728 0.291405
    outer loop
      vertex 35.1273 -23.081 24.3733
      vertex 35.0854 -29.0304 34.7948
      vertex 35.1273 -29.081 34.7656
    endloop
  endfacet
  facet normal -0.0180416 -0.499721 0.865998
    outer loop
      vertex 37.0976 -22.4388 24.744
      vertex 37.0976 -22.5634 24.6721
      vertex 37.1 -22.5011 24.7081
    endloop
  endfacet
  facet normal 0.0152316 -0.499745 0.866039
    outer loop
      vertex 37.0906 -22.3768 24.7799
      vertex 37.0976 -22.5634 24.6721
      vertex 37.0976 -22.4388 24.744
    endloop
  endfacet
  facet normal 0.00701383 -0.500022 0.865985
    outer loop
      vertex 37.0906 -22.3768 24.7799
      vertex 37.0906 -22.6255 24.6363
      vertex 37.0976 -22.5634 24.6721
    endloop
  endfacet
  facet normal -0.000758926 -0.500034 0.866006
    outer loop
      vertex 37.0789 -22.3153 24.8154
      vertex 37.0906 -22.6255 24.6363
      vertex 37.0906 -22.3768 24.7799
    endloop
  endfacet
  facet normal 0.0005078 -0.499998 0.866026
    outer loop
      vertex 37.0789 -22.3153 24.8154
      vertex 37.0789 -22.687 24.6008
      vertex 37.0906 -22.6255 24.6363
    endloop
  endfacet
  facet normal -0.00237536 -0.499997 0.866024
    outer loop
      vertex 37.0625 -22.2546 24.8504
      vertex 37.0789 -22.687 24.6008
      vertex 37.0789 -22.3153 24.8154
    endloop
  endfacet
  facet normal -0.00284001 -0.500009 0.866015
    outer loop
      vertex 37.0625 -22.2546 24.8504
      vertex 37.0625 -22.7477 24.5657
      vertex 37.0789 -22.687 24.6008
    endloop
  endfacet
  facet normal 0.00129073 -0.500011 0.866018
    outer loop
      vertex 37.0416 -22.1949 24.8849
      vertex 37.0625 -22.7477 24.5657
      vertex 37.0625 -22.2546 24.8504
    endloop
  endfacet
  facet normal 0.00054129 -0.500032 0.866006
    outer loop
      vertex 37.0416 -22.1949 24.8849
      vertex 37.0416 -22.8073 24.5313
      vertex 37.0625 -22.7477 24.5657
    endloop
  endfacet
  facet normal 0.00128556 -0.500032 0.866006
    outer loop
      vertex 37.0163 -22.1366 24.9186
      vertex 37.0416 -22.8073 24.5313
      vertex 37.0416 -22.1949 24.8849
    endloop
  endfacet
  facet normal 0.000738478 -0.500048 0.865997
    outer loop
      vertex 37.0163 -22.1366 24.9186
      vertex 37.0163 -22.8657 24.4976
      vertex 37.0416 -22.8073 24.5313
    endloop
  endfacet
  facet normal -0.00284862 -0.500046 0.865994
    outer loop
      vertex 36.9866 -22.0798 24.9513
      vertex 37.0163 -22.8657 24.4976
      vertex 37.0163 -22.1366 24.9186
    endloop
  endfacet
  facet normal -0.000254675 -0.499974 0.86604
    outer loop
      vertex 36.9866 -22.0798 24.9513
      vertex 36.9866 -22.9225 24.4648
      vertex 37.0163 -22.8657 24.4976
    endloop
  endfacet
  facet normal 0.00121994 -0.499974 0.866039
    outer loop
      vertex 36.9526 -22.0248 24.9831
      vertex 36.9866 -22.9225 24.4648
      vertex 36.9866 -22.0798 24.9513
    endloop
  endfacet
  facet normal -6.47073e-05 -0.500011 0.866019
    outer loop
      vertex 36.9526 -22.0248 24.9831
      vertex 36.9526 -22.9774 24.4331
      vertex 36.9866 -22.9225 24.4648
    endloop
  endfacet
  facet normal -0.000973705 -0.500011 0.866019
    outer loop
      vertex 36.9146 -21.9719 25.0136
      vertex 36.9526 -22.9774 24.4331
      vertex 36.9526 -22.0248 24.9831
    endloop
  endfacet
  facet normal -3.87555e-05 -0.499984 0.866034
    outer loop
      vertex 36.9146 -21.9719 25.0136
      vertex 36.9146 -23.0304 24.4025
      vertex 36.9526 -22.9774 24.4331
    endloop
  endfacet
  facet normal 0.000610797 -0.499984 0.866034
    outer loop
      vertex 36.8727 -21.9212 25.0429
      vertex 36.9146 -23.0304 24.4025
      vertex 36.9146 -21.9719 25.0136
    endloop
  endfacet
  facet normal 0.00027801 -0.499994 0.866029
    outer loop
      vertex 36.8727 -21.9212 25.0429
      vertex 36.8727 -23.081 24.3733
      vertex 36.9146 -23.0304 24.4025
    endloop
  endfacet
  facet normal -0.000527432 -0.499994 0.866029
    outer loop
      vertex 36.827 -21.873 25.0707
      vertex 36.8727 -23.081 24.3733
      vertex 36.8727 -21.9212 25.0429
    endloop
  endfacet
  facet normal -0.00133534 -0.500016 0.866015
    outer loop
      vertex 36.827 -21.873 25.0707
      vertex 36.827 -23.1292 24.3454
      vertex 36.8727 -23.081 24.3733
    endloop
  endfacet
  facet normal 0.000517185 -0.500017 0.866016
    outer loop
      vertex 36.7778 -21.8275 25.097
      vertex 36.827 -23.1292 24.3454
      vertex 36.827 -21.873 25.0707
    endloop
  endfacet
  facet normal 0.00121851 -0.499997 0.866027
    outer loop
      vertex 36.7778 -21.8275 25.097
      vertex 36.7778 -23.1747 24.3192
      vertex 36.827 -23.1292 24.3454
    endloop
  endfacet
  facet normal 8.37522e-05 -0.499997 0.866027
    outer loop
      vertex 36.7253 -21.7849 25.1216
      vertex 36.7778 -23.1747 24.3192
      vertex 36.7778 -21.8275 25.097
    endloop
  endfacet
  facet normal -7.87703e-05 -0.500002 0.866024
    outer loop
      vertex 36.7253 -21.7849 25.1216
      vertex 36.7253 -23.2173 24.2946
      vertex 36.7778 -23.1747 24.3192
    endloop
  endfacet
  facet normal -0.000982117 -0.500001 0.866024
    outer loop
      vertex 36.6696 -21.7453 25.1444
      vertex 36.7253 -23.2173 24.2946
      vertex 36.7253 -21.7849 25.1216
    endloop
  endfacet
  facet normal -0.000583415 -0.49999 0.866031
    outer loop
      vertex 36.6696 -21.7453 25.1444
      vertex 36.6696 -23.2569 24.2717
      vertex 36.7253 -23.2173 24.2946
    endloop
  endfacet
  facet normal 0.000632566 -0.49999 0.866031
    outer loop
      vertex 36.6111 -21.709 25.1654
      vertex 36.6696 -23.2569 24.2717
      vertex 36.6696 -21.7453 25.1444
    endloop
  endfacet
  facet normal 0.000842899 -0.499984 0.866034
    outer loop
      vertex 36.6111 -21.709 25.1654
      vertex 36.6111 -23.2932 24.2508
      vertex 36.6696 -23.2569 24.2717
    endloop
  endfacet
  facet normal 8.46399e-05 -0.499984 0.866034
    outer loop
      vertex 36.55 -21.6761 25.1844
      vertex 36.6111 -23.2932 24.2508
      vertex 36.6111 -21.709 25.1654
    endloop
  endfacet
  facet normal -8.12643e-05 -0.499989 0.866032
    outer loop
      vertex 36.55 -21.6761 25.1844
      vertex 36.55 -23.3261 24.2318
      vertex 36.6111 -23.2932 24.2508
    endloop
  endfacet
  facet normal 0.000360051 -0.499989 0.866032
    outer loop
      vertex 36.4865 -21.6467 25.2014
      vertex 36.55 -23.3261 24.2318
      vertex 36.55 -21.6761 25.1844
    endloop
  endfacet
  facet normal -0.000347657 -0.500009 0.86602
    outer loop
      vertex 36.4865 -21.6467 25.2014
      vertex 36.4865 -23.3555 24.2148
      vertex 36.55 -23.3261 24.2318
    endloop
  endfacet
  facet normal -0.000505872 -0.500009 0.86602
    outer loop
      vertex 36.421 -21.621 25.2162
      vertex 36.4865 -23.3555 24.2148
      vertex 36.4865 -21.6467 25.2014
    endloop
  endfacet
  facet normal -0.000811759 -0.500018 0.866015
    outer loop
      vertex 36.421 -21.621 25.2162
      vertex 36.421 -23.3812 24.1999
      vertex 36.4865 -23.3555 24.2148
    endloop
  endfacet
  facet normal -2.96367e-05 -0.500018 0.866015
    outer loop
      vertex 36.3536 -21.599 25.2289
      vertex 36.421 -23.3812 24.1999
      vertex 36.421 -21.621 25.2162
    endloop
  endfacet
  facet normal 0.00129817 -0.49998 0.866036
    outer loop
      vertex 36.3536 -21.599 25.2289
      vertex 36.3536 -23.4032 24.1873
      vertex 36.421 -23.3812 24.1999
    endloop
  endfacet
  facet normal -0.000621995 -0.49998 0.866037
    outer loop
      vertex 36.2847 -21.5809 25.2393
      vertex 36.3536 -23.4032 24.1873
      vertex 36.3536 -21.599 25.2289
    endloop
  endfacet
  facet normal -0.000634825 -0.49998 0.866037
    outer loop
      vertex 36.2847 -21.5809 25.2393
      vertex 36.2847 -23.4213 24.1768
      vertex 36.3536 -23.4032 24.1873
    endloop
  endfacet
  facet normal 0.000738613 -0.49998 0.866036
    outer loop
      vertex 36.2146 -21.5668 25.2475
      vertex 36.2847 -23.4213 24.1768
      vertex 36.2847 -21.5809 25.2393
    endloop
  endfacet
  facet normal -0.000727446 -0.500022 0.866012
    outer loop
      vertex 36.2146 -21.5668 25.2475
      vertex 36.2146 -23.4354 24.1686
      vertex 36.2847 -23.4213 24.1768
    endloop
  endfacet
  facet normal 0.00013029 -0.500022 0.866013
    outer loop
      vertex 36.1436 -21.5566 25.2534
      vertex 36.2146 -23.4354 24.1686
      vertex 36.2146 -21.5668 25.2475
    endloop
  endfacet
  facet normal 0.00108429 -0.499995 0.866028
    outer loop
      vertex 36.1436 -21.5566 25.2534
      vertex 36.1436 -23.4456 24.1628
      vertex 36.2146 -23.4354 24.1686
    endloop
  endfacet
  facet normal -0.000263182 -0.499995 0.866028
    outer loop
      vertex 36.0719 -21.5505 25.2569
      vertex 36.1436 -23.4456 24.1628
      vertex 36.1436 -21.5566 25.2534
    endloop
  endfacet
  facet normal 0.000261496 -0.49998 0.866037
    outer loop
      vertex 36.0719 -21.5505 25.2569
      vertex 36.0719 -23.4517 24.1593
      vertex 36.1436 -23.4456 24.1628
    endloop
  endfacet
  facet normal 0.000546372 -0.49998 0.866037
    outer loop
      vertex 36 -21.5485 25.2581
      vertex 36.0719 -23.4517 24.1593
      vertex 36.0719 -21.5505 25.2569
    endloop
  endfacet
  facet normal -0.000545214 -0.500011 0.866019
    outer loop
      vertex 36 -21.5485 25.2581
      vertex 36 -23.4537 24.1581
      vertex 36.0719 -23.4517 24.1593
    endloop
  endfacet
  facet normal -0.000545214 -0.500011 0.866019
    outer loop
      vertex 35.9281 -21.5505 25.2569
      vertex 36 -23.4537 24.1581
      vertex 36 -21.5485 25.2581
    endloop
  endfacet
  facet normal 0.000546372 -0.49998 0.866037
    outer loop
      vertex 35.9281 -21.5505 25.2569
      vertex 35.9281 -23.4517 24.1593
      vertex 36 -23.4537 24.1581
    endloop
  endfacet
  facet normal 0.000261496 -0.49998 0.866037
    outer loop
      vertex 35.8564 -21.5566 25.2534
      vertex 35.9281 -23.4517 24.1593
      vertex 35.9281 -21.5505 25.2569
    endloop
  endfacet
  facet normal -0.000263182 -0.499995 0.866028
    outer loop
      vertex 35.8564 -21.5566 25.2534
      vertex 35.8564 -23.4456 24.1628
      vertex 35.9281 -23.4517 24.1593
    endloop
  endfacet
  facet normal -0.000135471 -0.499995 0.866028
    outer loop
      vertex 35.7854 -21.5668 25.2475
      vertex 35.8564 -23.4456 24.1628
      vertex 35.8564 -21.5566 25.2534
    endloop
  endfacet
  facet normal -0.00108945 -0.500022 0.866012
    outer loop
      vertex 35.7854 -21.5668 25.2475
      vertex 35.7854 -23.4354 24.1686
      vertex 35.8564 -23.4456 24.1628
    endloop
  endfacet
  facet normal -0.000727446 -0.500022 0.866012
    outer loop
      vertex 35.7153 -21.5809 25.2393
      vertex 35.7854 -23.4354 24.1686
      vertex 35.7854 -21.5668 25.2475
    endloop
  endfacet
  facet normal 0.000738613 -0.49998 0.866036
    outer loop
      vertex 35.7153 -21.5809 25.2393
      vertex 35.7153 -23.4213 24.1768
      vertex 35.7854 -23.4354 24.1686
    endloop
  endfacet
  facet normal 0.000622122 -0.49998 0.866037
    outer loop
      vertex 35.6464 -21.599 25.2289
      vertex 35.7153 -23.4213 24.1768
      vertex 35.7153 -21.5809 25.2393
    endloop
  endfacet
  facet normal 0.000634953 -0.49998 0.866037
    outer loop
      vertex 35.6464 -21.599 25.2289
      vertex 35.6464 -23.4032 24.1873
      vertex 35.7153 -23.4213 24.1768
    endloop
  endfacet
  facet normal 1.32466e-05 -0.49998 0.866037
    outer loop
      vertex 35.579 -21.621 25.2162
      vertex 35.6464 -23.4032 24.1873
      vertex 35.6464 -21.599 25.2289
    endloop
  endfacet
  facet normal -0.00131452 -0.500017 0.866014
    outer loop
      vertex 35.579 -21.621 25.2162
      vertex 35.579 -23.3812 24.1999
      vertex 35.6464 -23.4032 24.1873
    endloop
  endfacet
  facet normal 0.000510401 -0.500018 0.866015
    outer loop
      vertex 35.5135 -21.6467 25.2014
      vertex 35.579 -23.3812 24.1999
      vertex 35.579 -21.621 25.2162
    endloop
  endfacet
  facet normal 0.000816296 -0.500009 0.86602
    outer loop
      vertex 35.5135 -21.6467 25.2014
      vertex 35.5135 -23.3555 24.2148
      vertex 35.579 -23.3812 24.1999
    endloop
  endfacet
  facet normal -0.000347657 -0.500009 0.86602
    outer loop
      vertex 35.45 -21.6761 25.1844
      vertex 35.5135 -23.3555 24.2148
      vertex 35.5135 -21.6467 25.2014
    endloop
  endfacet
  facet normal 0.000360051 -0.499989 0.866032
    outer loop
      vertex 35.45 -21.6761 25.1844
      vertex 35.45 -23.3261 24.2318
      vertex 35.5135 -23.3555 24.2148
    endloop
  endfacet
  facet normal -8.12643e-05 -0.499989 0.866032
    outer loop
      vertex 35.3889 -21.709 25.1654
      vertex 35.45 -23.3261 24.2318
      vertex 35.45 -21.6761 25.1844
    endloop
  endfacet
  facet normal 8.46399e-05 -0.499984 0.866034
    outer loop
      vertex 35.3889 -21.709 25.1654
      vertex 35.3889 -23.2932 24.2508
      vertex 35.45 -23.3261 24.2318
    endloop
  endfacet
  facet normal -0.000637501 -0.499984 0.866034
    outer loop
      vertex 35.3304 -21.7453 25.1444
      vertex 35.3889 -23.2932 24.2508
      vertex 35.3889 -21.709 25.1654
    endloop
  endfacet
  facet normal -0.000847828 -0.49999 0.866031
    outer loop
      vertex 35.3304 -21.7453 25.1444
      vertex 35.3304 -23.2569 24.2717
      vertex 35.3889 -23.2932 24.2508
    endloop
  endfacet
  facet normal 0.000971398 -0.49999 0.866031
    outer loop
      vertex 35.2747 -21.7849 25.1216
      vertex 35.3304 -23.2569 24.2717
      vertex 35.3304 -21.7453 25.1444
    endloop
  endfacet
  facet normal 0.000572684 -0.500001 0.866024
    outer loop
      vertex 35.2747 -21.7849 25.1216
      vertex 35.2747 -23.2173 24.2946
      vertex 35.3304 -23.2569 24.2717
    endloop
  endfacet
  facet normal -7.87703e-05 -0.500002 0.866024
    outer loop
      vertex 35.2222 -21.8275 25.097
      vertex 35.2747 -23.2173 24.2946
      vertex 35.2747 -21.7849 25.1216
    endloop
  endfacet
  facet normal 8.37522e-05 -0.499997 0.866027
    outer loop
      vertex 35.2222 -21.8275 25.097
      vertex 35.2222 -23.1747 24.3192
      vertex 35.2747 -23.2173 24.2946
    endloop
  endfacet
  facet normal -0.000541706 -0.499997 0.866027
    outer loop
      vertex 35.173 -21.873 25.0707
      vertex 35.2222 -23.1747 24.3192
      vertex 35.2222 -21.8275 25.097
    endloop
  endfacet
  facet normal -0.00124301 -0.500016 0.866015
    outer loop
      vertex 35.173 -21.873 25.0707
      vertex 35.173 -23.1292 24.3454
      vertex 35.2222 -23.1747 24.3192
    endloop
  endfacet
  facet normal 0.00055966 -0.500017 0.866016
    outer loop
      vertex 35.1273 -21.9212 25.0429
      vertex 35.173 -23.1292 24.3454
      vertex 35.173 -21.873 25.0707
    endloop
  endfacet
  facet normal 0.0013676 -0.499993 0.866028
    outer loop
      vertex 35.1273 -21.9212 25.0429
      vertex 35.1273 -23.081 24.3733
      vertex 35.173 -23.1292 24.3454
    endloop
  endfacet
  facet normal -0.000595582 -0.499994 0.866029
    outer loop
      vertex 35.0854 -21.9719 25.0136
      vertex 35.1273 -23.081 24.3733
      vertex 35.1273 -21.9212 25.0429
    endloop
  endfacet
  facet normal -0.00026283 -0.499984 0.866034
    outer loop
      vertex 35.0854 -21.9719 25.0136
      vertex 35.0854 -23.0304 24.4025
      vertex 35.1273 -23.081 24.3733
    endloop
  endfacet
  facet normal 0.000924533 -0.499984 0.866034
    outer loop
      vertex 35.0474 -22.0248 24.9831
      vertex 35.0854 -23.0304 24.4025
      vertex 35.0854 -21.9719 25.0136
    endloop
  endfacet
  facet normal -1.05265e-05 -0.500011 0.866019
    outer loop
      vertex 35.0474 -22.0248 24.9831
      vertex 35.0474 -22.9774 24.4331
      vertex 35.0854 -23.0304 24.4025
    endloop
  endfacet
  facet normal -0.0011412 -0.500011 0.866018
    outer loop
      vertex 35.0134 -22.0798 24.9513
      vertex 35.0474 -22.9774 24.4331
      vertex 35.0474 -22.0248 24.9831
    endloop
  endfacet
  facet normal 0.000143273 -0.499975 0.86604
    outer loop
      vertex 35.0134 -22.0798 24.9513
      vertex 35.0134 -22.9225 24.4648
      vertex 35.0474 -22.9774 24.4331
    endloop
  endfacet
  facet normal 0.00266128 -0.499973 0.866037
    outer loop
      vertex 34.9837 -22.1366 24.9186
      vertex 35.0134 -22.9225 24.4648
      vertex 35.0134 -22.0798 24.9513
    endloop
  endfacet
  facet normal 6.71866e-05 -0.500048 0.865998
    outer loop
      vertex 34.9837 -22.1366 24.9186
      vertex 34.9837 -22.8657 24.4976
      vertex 35.0134 -22.9225 24.4648
    endloop
  endfacet
  facet normal -0.001238 -0.500048 0.865997
    outer loop
      vertex 34.9584 -22.1949 24.8849
      vertex 34.9837 -22.8657 24.4976
      vertex 34.9837 -22.1366 24.9186
    endloop
  endfacet
  facet normal -0.00069085 -0.500032 0.866006
    outer loop
      vertex 34.9584 -22.1949 24.8849
      vertex 34.9584 -22.8073 24.5313
      vertex 34.9837 -22.8657 24.4976
    endloop
  endfacet
  facet normal -0.00120978 -0.500032 0.866006
    outer loop
      vertex 34.9375 -22.2546 24.8504
      vertex 34.9584 -22.8073 24.5313
      vertex 34.9584 -22.1949 24.8849
    endloop
  endfacet
  facet normal -0.000460497 -0.500011 0.866019
    outer loop
      vertex 34.9375 -22.2546 24.8504
      vertex 34.9375 -22.7477 24.5657
      vertex 34.9584 -22.8073 24.5313
    endloop
  endfacet
  facet normal 0.00244057 -0.50001 0.866016
    outer loop
      vertex 34.9211 -22.3153 24.8154
      vertex 34.9375 -22.7477 24.5657
      vertex 34.9375 -22.2546 24.8504
    endloop
  endfacet
  facet normal 0.00290527 -0.499996 0.866023
    outer loop
      vertex 34.9211 -22.3153 24.8154
      vertex 34.9211 -22.687 24.6008
      vertex 34.9375 -22.7477 24.5657
    endloop
  endfacet
  facet normal 0.0005078 -0.499998 0.866026
    outer loop
      vertex 34.9094 -22.3768 24.7799
      vertex 34.9211 -22.687 24.6008
      vertex 34.9211 -22.3153 24.8154
    endloop
  endfacet
  facet normal -0.000758926 -0.500034 0.866006
    outer loop
      vertex 34.9094 -22.3768 24.7799
      vertex 34.9094 -22.6255 24.6363
      vertex 34.9211 -22.687 24.6008
    endloop
  endfacet
  facet normal -0.0124999 -0.499995 0.865938
    outer loop
      vertex 34.9024 -22.4388 24.744
      vertex 34.9094 -22.6255 24.6363
      vertex 34.9094 -22.3768 24.7799
    endloop
  endfacet
  facet normal -0.00428001 -0.499798 0.866131
    outer loop
      vertex 34.9024 -22.4388 24.744
      vertex 34.9024 -22.5634 24.6721
      vertex 34.9094 -22.6255 24.6363
    endloop
  endfacet
  facet normal 0.0180416 -0.499721 0.865998
    outer loop
      vertex 34.9024 -22.5634 24.6721
      vertex 34.9024 -22.4388 24.744
      vertex 34.9 -22.5011 24.7081
    endloop
  endfacet
  facet normal -0.986697 0.140792 0.0812862
    outer loop
      vertex 37.0789 -22.687 24.6008
      vertex 37.0906 -28.6255 35.0286
      vertex 37.0906 -22.6255 24.6363
    endloop
  endfacet
  facet normal -0.986697 0.140792 0.0812862
    outer loop
      vertex 37.0906 -28.6255 35.0286
      vertex 37.0789 -22.687 24.6008
      vertex 37.0789 -28.687 34.9931
    endloop
  endfacet
  facet normal -0.995265 0.0841722 0.0485968
    outer loop
      vertex 37.0906 -22.6255 24.6363
      vertex 37.0976 -28.5634 35.0644
      vertex 37.0976 -22.5634 24.6721
    endloop
  endfacet
  facet normal -0.995265 0.0841722 0.0485968
    outer loop
      vertex 37.0976 -28.5634 35.0644
      vertex 37.0906 -22.6255 24.6363
      vertex 37.0906 -28.6255 35.0286
    endloop
  endfacet
  facet normal -0.528046 0.735442 0.424608
    outer loop
      vertex 36.6111 -23.2932 24.2508
      vertex 36.55 -29.3261 34.6241
      vertex 36.6111 -29.2932 34.6431
    endloop
  endfacet
  facet normal -0.528046 0.735442 0.424608
    outer loop
      vertex 36.55 -29.3261 34.6241
      vertex 36.6111 -23.2932 24.2508
      vertex 36.55 -23.3261 24.2318
    endloop
  endfacet
  facet normal 0.0324176 0.86557 0.499737
    outer loop
      vertex 36 -29.4537 34.5504
      vertex 35.9281 -23.4517 24.1593
      vertex 35.9281 -29.4517 34.5516
    endloop
  endfacet
  facet normal 0.0324176 0.86557 0.499737
    outer loop
      vertex 35.9281 -23.4517 24.1593
      vertex 36 -29.4537 34.5504
      vertex 36 -23.4537 24.1581
    endloop
  endfacet
  facet normal 0.290596 0.828653 0.478423
    outer loop
      vertex 35.7153 -29.4213 34.5691
      vertex 35.6464 -23.4032 24.1873
      vertex 35.6464 -29.4032 34.5796
    endloop
  endfacet
  facet normal 0.290596 0.828653 0.478423
    outer loop
      vertex 35.6464 -23.4032 24.1873
      vertex 35.7153 -29.4213 34.5691
      vertex 35.7153 -23.4213 24.1768
    endloop
  endfacet
  facet normal 0.881257 0.409316 0.236319
    outer loop
      vertex 35.0134 -28.9225 34.8571
      vertex 35.0474 -22.9774 24.4331
      vertex 35.0134 -22.9225 24.4648
    endloop
  endfacet
  facet normal 0.881257 0.409316 0.236319
    outer loop
      vertex 35.0474 -22.9774 24.4331
      vertex 35.0134 -28.9225 34.8571
      vertex 35.0474 -28.9774 34.8254
    endloop
  endfacet
  facet normal 0.683748 0.631954 0.364859
    outer loop
      vertex 35.2222 -29.1747 34.7115
      vertex 35.2747 -23.2173 24.2946
      vertex 35.2222 -23.1747 24.3192
    endloop
  endfacet
  facet normal 0.683748 0.631954 0.364859
    outer loop
      vertex 35.2747 -23.2173 24.2946
      vertex 35.2222 -29.1747 34.7115
      vertex 35.2747 -29.2173 34.6869
    endloop
  endfacet
  facet normal 0.729694 0.592165 0.341887
    outer loop
      vertex 35.173 -29.1292 34.7377
      vertex 35.2222 -23.1747 24.3192
      vertex 35.173 -23.1292 24.3454
    endloop
  endfacet
  facet normal 0.729694 0.592165 0.341887
    outer loop
      vertex 35.2222 -23.1747 24.3192
      vertex 35.173 -29.1292 34.7377
      vertex 35.2222 -29.1747 34.7115
    endloop
  endfacet
  facet normal 0.773049 0.54936 0.317174
    outer loop
      vertex 35.1273 -29.081 34.7656
      vertex 35.173 -23.1292 24.3454
      vertex 35.1273 -23.081 24.3733
    endloop
  endfacet
  facet normal 0.773049 0.54936 0.317174
    outer loop
      vertex 35.173 -23.1292 24.3454
      vertex 35.1273 -29.081 34.7656
      vertex 35.173 -29.1292 34.7377
    endloop
  endfacet
  facet normal 0.910961 0.35723 0.206247
    outer loop
      vertex 34.9837 -28.8657 34.8899
      vertex 35.0134 -22.9225 24.4648
      vertex 34.9837 -22.8657 24.4976
    endloop
  endfacet
  facet normal 0.910961 0.35723 0.206247
    outer loop
      vertex 35.0134 -22.9225 24.4648
      vertex 34.9837 -28.8657 34.8899
      vertex 35.0134 -28.9225 34.8571
    endloop
  endfacet
  facet normal 0.936259 0.304243 0.175655
    outer loop
      vertex 34.9584 -28.8073 34.9236
      vertex 34.9837 -22.8657 24.4976
      vertex 34.9584 -22.8073 24.5313
    endloop
  endfacet
  facet normal 0.936259 0.304243 0.175655
    outer loop
      vertex 34.9837 -22.8657 24.4976
      vertex 34.9584 -28.8073 34.9236
      vertex 34.9837 -28.8657 34.8899
    endloop
  endfacet
  facet normal 0.956843 0.251671 0.145303
    outer loop
      vertex 34.9375 -28.7477 34.958
      vertex 34.9584 -22.8073 24.5313
      vertex 34.9375 -22.7477 24.5657
    endloop
  endfacet
  facet normal 0.956843 0.251671 0.145303
    outer loop
      vertex 34.9584 -22.8073 24.5313
      vertex 34.9375 -28.7477 34.958
      vertex 34.9584 -28.8073 34.9236
    endloop
  endfacet
  facet normal 0.986697 0.140792 0.0812862
    outer loop
      vertex 34.9094 -28.6255 35.0286
      vertex 34.9211 -22.687 24.6008
      vertex 34.9094 -22.6255 24.6363
    endloop
  endfacet
  facet normal 0.986697 0.140792 0.0812862
    outer loop
      vertex 34.9211 -22.687 24.6008
      vertex 34.9094 -28.6255 35.0286
      vertex 34.9211 -28.687 34.9931
    endloop
  endfacet
  facet normal 0.995265 0.0841722 0.0485968
    outer loop
      vertex 34.9024 -28.5634 35.0644
      vertex 34.9094 -22.6255 24.6363
      vertex 34.9024 -22.5634 24.6721
    endloop
  endfacet
  facet normal 0.995265 0.0841722 0.0485968
    outer loop
      vertex 34.9094 -22.6255 24.6363
      vertex 34.9024 -28.5634 35.0644
      vertex 34.9094 -28.6255 35.0286
    endloop
  endfacet
  facet normal 0.999444 0.0288702 0.0166682
    outer loop
      vertex 34.9 -28.5011 35.1004
      vertex 34.9024 -22.5634 24.6721
      vertex 34.9 -22.5011 24.7081
    endloop
  endfacet
  facet normal 0.999444 0.0288702 0.0166682
    outer loop
      vertex 34.9024 -22.5634 24.6721
      vertex 34.9 -28.5011 35.1004
      vertex 34.9024 -28.5634 35.0644
    endloop
  endfacet
  facet normal -0.290596 0.828653 0.478423
    outer loop
      vertex 36.3536 -23.4032 24.1873
      vertex 36.2847 -29.4213 34.5691
      vertex 36.3536 -29.4032 34.5796
    endloop
  endfacet
  facet normal -0.290596 0.828653 0.478423
    outer loop
      vertex 36.2847 -29.4213 34.5691
      vertex 36.3536 -23.4032 24.1873
      vertex 36.2847 -23.4213 24.1768
    endloop
  endfacet
  facet normal -0.163725 0.854341 0.49325
    outer loop
      vertex 36.2146 -23.4354 24.1686
      vertex 36.1436 -29.4456 34.5551
      vertex 36.2146 -29.4354 34.561
    endloop
  endfacet
  facet normal -0.163048 0.854436 0.493309
    outer loop
      vertex 36.1436 -29.4456 34.5551
      vertex 36.2146 -23.4354 24.1686
      vertex 36.1436 -23.4456 24.1628
    endloop
  endfacet
  facet normal -0.936259 0.304243 0.175655
    outer loop
      vertex 37.0163 -22.8657 24.4976
      vertex 37.0416 -28.8073 34.9236
      vertex 37.0416 -22.8073 24.5313
    endloop
  endfacet
  facet normal -0.936259 0.304243 0.175655
    outer loop
      vertex 37.0416 -28.8073 34.9236
      vertex 37.0163 -22.8657 24.4976
      vertex 37.0163 -28.8657 34.8899
    endloop
  endfacet
  facet normal 0.225968 0.843625 0.487068
    outer loop
      vertex 35.7854 -29.4354 34.561
      vertex 35.7153 -23.4213 24.1768
      vertex 35.7153 -29.4213 34.5691
    endloop
  endfacet
  facet normal 0.226627 0.843495 0.486987
    outer loop
      vertex 35.7153 -23.4213 24.1768
      vertex 35.7854 -29.4354 34.561
      vertex 35.7854 -23.4354 24.1686
    endloop
  endfacet
  facet normal 0.163725 0.854341 0.49325
    outer loop
      vertex 35.8564 -29.4456 34.5551
      vertex 35.7854 -23.4354 24.1686
      vertex 35.7854 -29.4354 34.561
    endloop
  endfacet
  facet normal 0.163048 0.854436 0.493309
    outer loop
      vertex 35.7854 -23.4354 24.1686
      vertex 35.8564 -29.4456 34.5551
      vertex 35.8564 -23.4456 24.1628
    endloop
  endfacet
  facet normal 0.582167 0.704138 0.406535
    outer loop
      vertex 35.3889 -29.2932 34.6431
      vertex 35.3304 -23.2569 24.2717
      vertex 35.3304 -29.2569 34.664
    endloop
  endfacet
  facet normal 0.582167 0.704138 0.406535
    outer loop
      vertex 35.3304 -23.2569 24.2717
      vertex 35.3889 -29.2932 34.6431
      vertex 35.3889 -23.2932 24.2508
    endloop
  endfacet
  facet normal 0.413044 0.788699 0.455356
    outer loop
      vertex 35.579 -29.3812 34.5922
      vertex 35.5135 -23.3555 24.2148
      vertex 35.5135 -29.3555 34.6071
    endloop
  endfacet
  facet normal 0.413044 0.788699 0.455356
    outer loop
      vertex 35.5135 -23.3555 24.2148
      vertex 35.579 -29.3812 34.5922
      vertex 35.579 -23.3812 24.1999
    endloop
  endfacet
  facet normal 0.471609 0.763668 0.440904
    outer loop
      vertex 35.5135 -29.3555 34.6071
      vertex 35.45 -23.3261 24.2318
      vertex 35.45 -29.3261 34.6241
    endloop
  endfacet
  facet normal 0.471609 0.763668 0.440904
    outer loop
      vertex 35.45 -23.3261 24.2318
      vertex 35.5135 -29.3555 34.6071
      vertex 35.5135 -23.3555 24.2148
    endloop
  endfacet
  facet normal 0.849552 0.456833 0.263753
    outer loop
      vertex 35.0474 -28.9774 34.8254
      vertex 35.0854 -23.0304 24.4025
      vertex 35.0474 -22.9774 24.4331
    endloop
  endfacet
  facet normal 0.849552 0.456833 0.263753
    outer loop
      vertex 35.0854 -23.0304 24.4025
      vertex 35.0474 -28.9774 34.8254
      vertex 35.0854 -29.0304 34.7948
    endloop
  endfacet
  facet normal 0.528046 0.735442 0.424608
    outer loop
      vertex 35.45 -29.3261 34.6241
      vertex 35.3889 -23.2932 24.2508
      vertex 35.3889 -29.2932 34.6431
    endloop
  endfacet
  facet normal 0.528046 0.735442 0.424608
    outer loop
      vertex 35.3889 -23.2932 24.2508
      vertex 35.45 -29.3261 34.6241
      vertex 35.45 -23.3261 24.2318
    endloop
  endfacet
  facet normal 0.352068 0.810578 0.467987
    outer loop
      vertex 35.6464 -29.4032 34.5796
      vertex 35.579 -23.3812 24.1999
      vertex 35.579 -29.3812 34.5922
    endloop
  endfacet
  facet normal 0.352068 0.810578 0.467987
    outer loop
      vertex 35.579 -23.3812 24.1999
      vertex 35.6464 -29.4032 34.5796
      vertex 35.6464 -23.4032 24.1873
    endloop
  endfacet
  facet normal -0.634251 -0.669548 -0.386564
    outer loop
      vertex 36.6696 20.2569 49.3944
      vertex 36.7253 14.2173 59.7639
      vertex 36.6696 14.2569 59.7867
    endloop
  endfacet
  facet normal -0.634251 -0.669548 -0.386564
    outer loop
      vertex 36.7253 14.2173 59.7639
      vertex 36.6696 20.2569 49.3944
      vertex 36.7253 20.2173 49.3716
    endloop
  endfacet
  facet normal 0.412467 -0.788925 -0.455486
    outer loop
      vertex 35.5135 14.3555 59.8437
      vertex 35.579 20.3812 49.4662
      vertex 35.579 14.3812 59.8585
    endloop
  endfacet
  facet normal 0.412467 -0.788925 -0.455486
    outer loop
      vertex 35.579 20.3812 49.4662
      vertex 35.5135 14.3555 59.8437
      vertex 35.5135 20.3555 49.4514
    endloop
  endfacet
  facet normal 0.936259 -0.304243 -0.175655
    outer loop
      vertex 34.9837 13.8657 59.5609
      vertex 34.9584 19.8073 49.1349
      vertex 34.9837 19.8657 49.1686
    endloop
  endfacet
  facet normal 0.936259 -0.304243 -0.175655
    outer loop
      vertex 34.9584 19.8073 49.1349
      vertex 34.9837 13.8657 59.5609
      vertex 34.9584 13.8073 59.5272
    endloop
  endfacet
  facet normal -0.881412 -0.409065 -0.236174
    outer loop
      vertex 36.9866 19.9225 49.2013
      vertex 36.9526 13.9774 59.6254
      vertex 36.9526 19.9774 49.2331
    endloop
  endfacet
  facet normal -0.881412 -0.409065 -0.236174
    outer loop
      vertex 36.9526 13.9774 59.6254
      vertex 36.9866 19.9225 49.2013
      vertex 36.9866 13.9225 59.5936
    endloop
  endfacet
  facet normal -0.352676 -0.810379 -0.467873
    outer loop
      vertex 36.3536 20.4032 49.4789
      vertex 36.421 14.3812 59.8585
      vertex 36.3536 14.4032 59.8712
    endloop
  endfacet
  facet normal -0.352676 -0.810379 -0.467873
    outer loop
      vertex 36.421 14.3812 59.8585
      vertex 36.3536 20.4032 49.4789
      vertex 36.421 20.3812 49.4662
    endloop
  endfacet
  facet normal -0.0976174 -0.861889 -0.497612
    outer loop
      vertex 36.0719 20.4517 49.5069
      vertex 36.1436 14.4456 59.8957
      vertex 36.0719 14.4517 59.8992
    endloop
  endfacet
  facet normal -0.0976174 -0.861889 -0.497612
    outer loop
      vertex 36.1436 14.4456 59.8957
      vertex 36.0719 20.4517 49.5069
      vertex 36.1436 20.4456 49.5034
    endloop
  endfacet
  facet normal 0.995272 -0.084114 -0.0485633
    outer loop
      vertex 34.9094 13.6255 59.4222
      vertex 34.9024 19.5634 48.994
      vertex 34.9094 19.6255 49.0299
    endloop
  endfacet
  facet normal 0.995265 -0.0841724 -0.0485965
    outer loop
      vertex 34.9024 19.5634 48.994
      vertex 34.9094 13.6255 59.4222
      vertex 34.9024 13.5634 59.3864
    endloop
  endfacet
  facet normal 0.772769 -0.549655 -0.317344
    outer loop
      vertex 35.173 14.1292 59.713
      vertex 35.1273 20.081 49.2929
      vertex 35.173 20.1292 49.3207
    endloop
  endfacet
  facet normal 0.772769 -0.549655 -0.317344
    outer loop
      vertex 35.1273 20.081 49.2929
      vertex 35.173 14.1292 59.713
      vertex 35.1273 14.081 59.6852
    endloop
  endfacet
  facet normal 0.226627 -0.843493 -0.486991
    outer loop
      vertex 35.7153 14.4213 59.8816
      vertex 35.7854 20.4354 49.4975
      vertex 35.7854 14.4354 59.8898
    endloop
  endfacet
  facet normal 0.226627 -0.843493 -0.486991
    outer loop
      vertex 35.7854 20.4354 49.4975
      vertex 35.7153 14.4213 59.8816
      vertex 35.7153 20.4213 49.4893
    endloop
  endfacet
  facet normal -0.995254 0.084273 0.0486551
    outer loop
      vertex 37.0906 19.3768 48.8863
      vertex 37.0976 13.4388 59.3144
      vertex 37.0976 19.4388 48.9221
    endloop
  endfacet
  facet normal -0.995254 0.084273 0.0486551
    outer loop
      vertex 37.0976 13.4388 59.3144
      vertex 37.0906 19.3768 48.8863
      vertex 37.0906 13.3768 59.2786
    endloop
  endfacet
  facet normal -0.413044 0.788699 0.455356
    outer loop
      vertex 36.4865 18.6467 48.4648
      vertex 36.421 12.621 58.8422
      vertex 36.4865 12.6467 58.8571
    endloop
  endfacet
  facet normal -0.413044 0.788699 0.455356
    outer loop
      vertex 36.421 12.621 58.8422
      vertex 36.4865 18.6467 48.4648
      vertex 36.421 18.621 48.4499
    endloop
  endfacet
  facet normal -0.773049 0.54936 0.317174
    outer loop
      vertex 36.827 18.873 48.5954
      vertex 36.8727 12.9212 59.0156
      vertex 36.8727 18.9212 48.6233
    endloop
  endfacet
  facet normal -0.773049 0.54936 0.317174
    outer loop
      vertex 36.8727 12.9212 59.0156
      vertex 36.827 18.873 48.5954
      vertex 36.827 12.873 58.9877
    endloop
  endfacet
  facet normal 0.0976174 0.861889 0.497612
    outer loop
      vertex 35.9281 12.5505 58.8016
      vertex 35.8564 18.5566 48.4128
      vertex 35.8564 12.5566 58.8051
    endloop
  endfacet
  facet normal 0.0976174 0.861889 0.497612
    outer loop
      vertex 35.8564 18.5566 48.4128
      vertex 35.9281 12.5505 58.8016
      vertex 35.9281 18.5505 48.4093
    endloop
  endfacet
  facet normal 0.634665 0.669253 0.386394
    outer loop
      vertex 35.3304 12.7453 58.914
      vertex 35.2747 18.7849 48.5446
      vertex 35.2747 12.7849 58.9369
    endloop
  endfacet
  facet normal 0.634665 0.669253 0.386394
    outer loop
      vertex 35.2747 18.7849 48.5446
      vertex 35.3304 12.7453 58.914
      vertex 35.3304 18.7453 48.5217
    endloop
  endfacet
  facet normal 0.936111 0.304586 0.175853
    outer loop
      vertex 34.9584 13.1949 59.1736
      vertex 34.9837 19.1366 48.7476
      vertex 34.9584 19.1949 48.7813
    endloop
  endfacet
  facet normal 0.936111 0.304586 0.175853
    outer loop
      vertex 34.9837 19.1366 48.7476
      vertex 34.9584 13.1949 59.1736
      vertex 34.9837 13.1366 59.1399
    endloop
  endfacet
  facet normal 0.773049 0.54936 0.317174
    outer loop
      vertex 35.1273 12.9212 59.0156
      vertex 35.173 18.873 48.5954
      vertex 35.1273 18.9212 48.6233
    endloop
  endfacet
  facet normal 0.773049 0.54936 0.317174
    outer loop
      vertex 35.173 18.873 48.5954
      vertex 35.1273 12.9212 59.0156
      vertex 35.173 12.873 58.9877
    endloop
  endfacet
  facet normal -0.986697 -0.140792 -0.0812862
    outer loop
      vertex 37.0906 19.6255 49.0299
      vertex 37.0789 13.687 59.4577
      vertex 37.0789 19.687 49.0654
    endloop
  endfacet
  facet normal -0.986697 -0.140792 -0.0812862
    outer loop
      vertex 37.0789 13.687 59.4577
      vertex 37.0906 19.6255 49.0299
      vertex 37.0906 13.6255 59.4222
    endloop
  endfacet
  facet normal -0.973685 -0.197367 -0.11395
    outer loop
      vertex 37.0789 19.687 49.0654
      vertex 37.0625 13.7477 59.4927
      vertex 37.0625 19.7477 49.1004
    endloop
  endfacet
  facet normal -0.973685 -0.197367 -0.11395
    outer loop
      vertex 37.0625 13.7477 59.4927
      vertex 37.0789 19.687 49.0654
      vertex 37.0789 13.687 59.4577
    endloop
  endfacet
  facet normal -0.956902 -0.251504 -0.145206
    outer loop
      vertex 37.0625 19.7477 49.1004
      vertex 37.0416 13.8073 59.5272
      vertex 37.0416 19.8073 49.1349
    endloop
  endfacet
  facet normal -0.956902 -0.251504 -0.145206
    outer loop
      vertex 37.0416 13.8073 59.5272
      vertex 37.0625 19.7477 49.1004
      vertex 37.0625 13.7477 59.4927
    endloop
  endfacet
  facet normal -0.772769 -0.549655 -0.317344
    outer loop
      vertex 36.8727 20.081 49.2929
      vertex 36.827 14.1292 59.713
      vertex 36.827 20.1292 49.3207
    endloop
  endfacet
  facet normal -0.772769 -0.549655 -0.317344
    outer loop
      vertex 36.827 14.1292 59.713
      vertex 36.8727 20.081 49.2929
      vertex 36.8727 14.081 59.6852
    endloop
  endfacet
  facet normal -0.812844 -0.504443 -0.291241
    outer loop
      vertex 36.9146 20.0304 49.2636
      vertex 36.8727 14.081 59.6852
      vertex 36.8727 20.081 49.2929
    endloop
  endfacet
  facet normal -0.812844 -0.504443 -0.291241
    outer loop
      vertex 36.8727 14.081 59.6852
      vertex 36.9146 20.0304 49.2636
      vertex 36.9146 14.0304 59.6559
    endloop
  endfacet
  facet normal -0.849359 -0.457102 -0.263908
    outer loop
      vertex 36.9526 19.9774 49.2331
      vertex 36.9146 14.0304 59.6559
      vertex 36.9146 20.0304 49.2636
    endloop
  endfacet
  facet normal -0.849359 -0.457102 -0.263908
    outer loop
      vertex 36.9146 14.0304 59.6559
      vertex 36.9526 19.9774 49.2331
      vertex 36.9526 13.9774 59.6254
    endloop
  endfacet
  facet normal -0.730019 -0.591865 -0.341714
    outer loop
      vertex 36.827 20.1292 49.3207
      vertex 36.7778 14.1747 59.7393
      vertex 36.7778 20.1747 49.347
    endloop
  endfacet
  facet normal -0.730019 -0.591865 -0.341714
    outer loop
      vertex 36.7778 14.1747 59.7393
      vertex 36.827 20.1292 49.3207
      vertex 36.827 14.1292 59.713
    endloop
  endfacet
  facet normal -0.582627 -0.703853 -0.40637
    outer loop
      vertex 36.6111 20.2932 49.4154
      vertex 36.6696 14.2569 59.7867
      vertex 36.6111 14.2932 59.8077
    endloop
  endfacet
  facet normal -0.582627 -0.703853 -0.40637
    outer loop
      vertex 36.6696 14.2569 59.7867
      vertex 36.6111 20.2932 49.4154
      vertex 36.6696 20.2569 49.3944
    endloop
  endfacet
  facet normal -0.471609 -0.763668 -0.440904
    outer loop
      vertex 36.4865 20.3555 49.4514
      vertex 36.55 14.3261 59.8267
      vertex 36.4865 14.3555 59.8437
    endloop
  endfacet
  facet normal -0.471609 -0.763668 -0.440904
    outer loop
      vertex 36.55 14.3261 59.8267
      vertex 36.4865 20.3555 49.4514
      vertex 36.55 20.3261 49.4344
    endloop
  endfacet
  facet normal -0.28996 -0.82882 -0.47852
    outer loop
      vertex 36.2847 20.4213 49.4893
      vertex 36.3536 14.4032 59.8712
      vertex 36.2847 14.4213 59.8816
    endloop
  endfacet
  facet normal -0.28996 -0.82882 -0.47852
    outer loop
      vertex 36.3536 14.4032 59.8712
      vertex 36.2847 20.4213 49.4893
      vertex 36.3536 20.4032 49.4789
    endloop
  endfacet
  facet normal -0.226627 -0.843493 -0.486991
    outer loop
      vertex 36.2146 20.4354 49.4975
      vertex 36.2847 14.4213 59.8816
      vertex 36.2146 14.4354 59.8898
    endloop
  endfacet
  facet normal -0.226627 -0.843493 -0.486991
    outer loop
      vertex 36.2847 14.4213 59.8816
      vertex 36.2146 20.4354 49.4975
      vertex 36.2847 20.4213 49.4893
    endloop
  endfacet
  facet normal -0.0180416 -0.499721 0.865998
    outer loop
      vertex 37.0976 19.5634 48.994
      vertex 37.0976 19.4388 48.9221
      vertex 37.1 19.5011 48.9581
    endloop
  endfacet
  facet normal 0.0080931 -0.499786 0.866111
    outer loop
      vertex 37.0906 19.6255 49.0299
      vertex 37.0976 19.4388 48.9221
      vertex 37.0976 19.5634 48.994
    endloop
  endfacet
  facet normal -0.000129336 -0.500034 0.866006
    outer loop
      vertex 37.0906 19.6255 49.0299
      vertex 37.0906 19.3768 48.8863
      vertex 37.0976 19.4388 48.9221
    endloop
  endfacet
  facet normal -0.000758926 -0.500034 0.866006
    outer loop
      vertex 37.0789 19.687 49.0654
      vertex 37.0906 19.3768 48.8863
      vertex 37.0906 19.6255 49.0299
    endloop
  endfacet
  facet normal 0.0005078 -0.499998 0.866026
    outer loop
      vertex 37.0789 19.687 49.0654
      vertex 37.0789 19.3153 48.8508
      vertex 37.0906 19.3768 48.8863
    endloop
  endfacet
  facet normal -0.00237536 -0.499997 0.866024
    outer loop
      vertex 37.0625 19.7477 49.1004
      vertex 37.0789 19.3153 48.8508
      vertex 37.0789 19.687 49.0654
    endloop
  endfacet
  facet normal -0.00284001 -0.500009 0.866015
    outer loop
      vertex 37.0625 19.7477 49.1004
      vertex 37.0625 19.2546 48.8157
      vertex 37.0789 19.3153 48.8508
    endloop
  endfacet
  facet normal 0.00368311 -0.500008 0.866013
    outer loop
      vertex 37.0416 19.8073 49.1349
      vertex 37.0625 19.2546 48.8157
      vertex 37.0625 19.7477 49.1004
    endloop
  endfacet
  facet normal 0.00293378 -0.50003 0.866003
    outer loop
      vertex 37.0416 19.8073 49.1349
      vertex 37.0416 19.1949 48.7813
      vertex 37.0625 19.2546 48.8157
    endloop
  endfacet
  facet normal -0.00069085 -0.500032 0.866006
    outer loop
      vertex 37.0163 19.8657 49.1686
      vertex 37.0416 19.1949 48.7813
      vertex 37.0416 19.8073 49.1349
    endloop
  endfacet
  facet normal -0.001238 -0.500048 0.865997
    outer loop
      vertex 37.0163 19.8657 49.1686
      vertex 37.0163 19.1366 48.7476
      vertex 37.0416 19.1949 48.7813
    endloop
  endfacet
  facet normal -0.00284862 -0.500046 0.865994
    outer loop
      vertex 36.9866 19.9225 49.2013
      vertex 37.0163 19.1366 48.7476
      vertex 37.0163 19.8657 49.1686
    endloop
  endfacet
  facet normal -0.000254675 -0.499974 0.86604
    outer loop
      vertex 36.9866 19.9225 49.2013
      vertex 36.9866 19.0798 48.7148
      vertex 37.0163 19.1366 48.7476
    endloop
  endfacet
  facet normal 0.00269044 -0.499973 0.866037
    outer loop
      vertex 36.9526 19.9774 49.2331
      vertex 36.9866 19.0798 48.7148
      vertex 36.9866 19.9225 49.2013
    endloop
  endfacet
  facet normal 0.00140591 -0.500011 0.866018
    outer loop
      vertex 36.9526 19.9774 49.2331
      vertex 36.9526 19.0248 48.6831
      vertex 36.9866 19.0798 48.7148
    endloop
  endfacet
  facet normal -0.00228952 -0.50001 0.866017
    outer loop
      vertex 36.9146 20.0304 49.2636
      vertex 36.9526 19.0248 48.6831
      vertex 36.9526 19.9774 49.2331
    endloop
  endfacet
  facet normal -0.0013545 -0.499984 0.866034
    outer loop
      vertex 36.9146 20.0304 49.2636
      vertex 36.9146 18.9719 48.6525
      vertex 36.9526 19.0248 48.6831
    endloop
  endfacet
  facet normal 0.00180407 -0.499984 0.866033
    outer loop
      vertex 36.8727 20.081 49.2929
      vertex 36.9146 18.9719 48.6525
      vertex 36.9146 20.0304 49.2636
    endloop
  endfacet
  facet normal 0.00147131 -0.499993 0.866028
    outer loop
      vertex 36.8727 20.081 49.2929
      vertex 36.8727 18.9212 48.6233
      vertex 36.9146 18.9719 48.6525
    endloop
  endfacet
  facet normal -0.000527432 -0.499994 0.866029
    outer loop
      vertex 36.827 20.1292 49.3207
      vertex 36.8727 18.9212 48.6233
      vertex 36.8727 20.081 49.2929
    endloop
  endfacet
  facet normal -0.00133534 -0.500016 0.866015
    outer loop
      vertex 36.827 20.1292 49.3207
      vertex 36.827 18.873 48.5954
      vertex 36.8727 18.9212 48.6233
    endloop
  endfacet
  facet normal 0.000517185 -0.500017 0.866016
    outer loop
      vertex 36.7778 20.1747 49.347
      vertex 36.827 18.873 48.5954
      vertex 36.827 20.1292 49.3207
    endloop
  endfacet
  facet normal 0.00121851 -0.499997 0.866027
    outer loop
      vertex 36.7778 20.1747 49.347
      vertex 36.7778 18.8275 48.5692
      vertex 36.827 18.873 48.5954
    endloop
  endfacet
  facet normal 8.37522e-05 -0.499997 0.866027
    outer loop
      vertex 36.7253 20.2173 49.3716
      vertex 36.7778 18.8275 48.5692
      vertex 36.7778 20.1747 49.347
    endloop
  endfacet
  facet normal -7.87703e-05 -0.500002 0.866024
    outer loop
      vertex 36.7253 20.2173 49.3716
      vertex 36.7253 18.7849 48.5446
      vertex 36.7778 18.8275 48.5692
    endloop
  endfacet
  facet normal -0.000982117 -0.500001 0.866024
    outer loop
      vertex 36.6696 20.2569 49.3944
      vertex 36.7253 18.7849 48.5446
      vertex 36.7253 20.2173 49.3716
    endloop
  endfacet
  facet normal -0.000583415 -0.49999 0.866031
    outer loop
      vertex 36.6696 20.2569 49.3944
      vertex 36.6696 18.7453 48.5217
      vertex 36.7253 18.7849 48.5446
    endloop
  endfacet
  facet normal 0.000632566 -0.49999 0.866031
    outer loop
      vertex 36.6111 20.2932 49.4154
      vertex 36.6696 18.7453 48.5217
      vertex 36.6696 20.2569 49.3944
    endloop
  endfacet
  facet normal 0.000842899 -0.499984 0.866034
    outer loop
      vertex 36.6111 20.2932 49.4154
      vertex 36.6111 18.709 48.5008
      vertex 36.6696 18.7453 48.5217
    endloop
  endfacet
  facet normal 8.46399e-05 -0.499984 0.866034
    outer loop
      vertex 36.55 20.3261 49.4344
      vertex 36.6111 18.709 48.5008
      vertex 36.6111 20.2932 49.4154
    endloop
  endfacet
  facet normal -8.12643e-05 -0.499989 0.866032
    outer loop
      vertex 36.55 20.3261 49.4344
      vertex 36.55 18.6761 48.4818
      vertex 36.6111 18.709 48.5008
    endloop
  endfacet
  facet normal 0.000360051 -0.499989 0.866032
    outer loop
      vertex 36.4865 20.3555 49.4514
      vertex 36.55 18.6761 48.4818
      vertex 36.55 20.3261 49.4344
    endloop
  endfacet
  facet normal -0.000347657 -0.500009 0.86602
    outer loop
      vertex 36.4865 20.3555 49.4514
      vertex 36.4865 18.6467 48.4648
      vertex 36.55 18.6761 48.4818
    endloop
  endfacet
  facet normal -0.000505872 -0.500009 0.86602
    outer loop
      vertex 36.421 20.3812 49.4662
      vertex 36.4865 18.6467 48.4648
      vertex 36.4865 20.3555 49.4514
    endloop
  endfacet
  facet normal -0.000811759 -0.500018 0.866015
    outer loop
      vertex 36.421 20.3812 49.4662
      vertex 36.421 18.621 48.4499
      vertex 36.4865 18.6467 48.4648
    endloop
  endfacet
  facet normal -2.96367e-05 -0.500018 0.866015
    outer loop
      vertex 36.3536 20.4032 49.4789
      vertex 36.421 18.621 48.4499
      vertex 36.421 20.3812 49.4662
    endloop
  endfacet
  facet normal 0.00129817 -0.49998 0.866036
    outer loop
      vertex 36.3536 20.4032 49.4789
      vertex 36.3536 18.599 48.4373
      vertex 36.421 18.621 48.4499
    endloop
  endfacet
  facet normal -0.000621995 -0.49998 0.866037
    outer loop
      vertex 36.2847 20.4213 49.4893
      vertex 36.3536 18.599 48.4373
      vertex 36.3536 20.4032 49.4789
    endloop
  endfacet
  facet normal -0.000634825 -0.49998 0.866037
    outer loop
      vertex 36.2847 20.4213 49.4893
      vertex 36.2847 18.5809 48.4268
      vertex 36.3536 18.599 48.4373
    endloop
  endfacet
  facet normal 0.000738613 -0.49998 0.866036
    outer loop
      vertex 36.2146 20.4354 49.4975
      vertex 36.2847 18.5809 48.4268
      vertex 36.2847 20.4213 49.4893
    endloop
  endfacet
  facet normal -0.000727446 -0.500022 0.866012
    outer loop
      vertex 36.2146 20.4354 49.4975
      vertex 36.2146 18.5668 48.4186
      vertex 36.2847 18.5809 48.4268
    endloop
  endfacet
  facet normal 0.00013029 -0.500022 0.866013
    outer loop
      vertex 36.1436 20.4456 49.5034
      vertex 36.2146 18.5668 48.4186
      vertex 36.2146 20.4354 49.4975
    endloop
  endfacet
  facet normal 0.00108429 -0.499995 0.866028
    outer loop
      vertex 36.1436 20.4456 49.5034
      vertex 36.1436 18.5566 48.4128
      vertex 36.2146 18.5668 48.4186
    endloop
  endfacet
  facet normal -0.000263182 -0.499995 0.866028
    outer loop
      vertex 36.0719 20.4517 49.5069
      vertex 36.1436 18.5566 48.4128
      vertex 36.1436 20.4456 49.5034
    endloop
  endfacet
  facet normal 0.000261496 -0.49998 0.866037
    outer loop
      vertex 36.0719 20.4517 49.5069
      vertex 36.0719 18.5505 48.4093
      vertex 36.1436 18.5566 48.4128
    endloop
  endfacet
  facet normal 0.000546372 -0.49998 0.866037
    outer loop
      vertex 36 20.4537 49.5081
      vertex 36.0719 18.5505 48.4093
      vertex 36.0719 20.4517 49.5069
    endloop
  endfacet
  facet normal -0.000545214 -0.500011 0.866019
    outer loop
      vertex 36 20.4537 49.5081
      vertex 36 18.5485 48.4081
      vertex 36.0719 18.5505 48.4093
    endloop
  endfacet
  facet normal -0.000545214 -0.500011 0.866019
    outer loop
      vertex 35.9281 20.4517 49.5069
      vertex 36 18.5485 48.4081
      vertex 36 20.4537 49.5081
    endloop
  endfacet
  facet normal 0.000546372 -0.49998 0.866037
    outer loop
      vertex 35.9281 20.4517 49.5069
      vertex 35.9281 18.5505 48.4093
      vertex 36 18.5485 48.4081
    endloop
  endfacet
  facet normal 0.000261496 -0.49998 0.866037
    outer loop
      vertex 35.8564 20.4456 49.5034
      vertex 35.9281 18.5505 48.4093
      vertex 35.9281 20.4517 49.5069
    endloop
  endfacet
  facet normal -0.000263182 -0.499995 0.866028
    outer loop
      vertex 35.8564 20.4456 49.5034
      vertex 35.8564 18.5566 48.4128
      vertex 35.9281 18.5505 48.4093
    endloop
  endfacet
  facet normal -0.000135471 -0.499995 0.866028
    outer loop
      vertex 35.7854 20.4354 49.4975
      vertex 35.8564 18.5566 48.4128
      vertex 35.8564 20.4456 49.5034
    endloop
  endfacet
  facet normal -0.00108945 -0.500022 0.866012
    outer loop
      vertex 35.7854 20.4354 49.4975
      vertex 35.7854 18.5668 48.4186
      vertex 35.8564 18.5566 48.4128
    endloop
  endfacet
  facet normal -0.000727446 -0.500022 0.866012
    outer loop
      vertex 35.7153 20.4213 49.4893
      vertex 35.7854 18.5668 48.4186
      vertex 35.7854 20.4354 49.4975
    endloop
  endfacet
  facet normal 0.000738613 -0.49998 0.866036
    outer loop
      vertex 35.7153 20.4213 49.4893
      vertex 35.7153 18.5809 48.4268
      vertex 35.7854 18.5668 48.4186
    endloop
  endfacet
  facet normal 0.000622122 -0.49998 0.866037
    outer loop
      vertex 35.6464 20.4032 49.4789
      vertex 35.7153 18.5809 48.4268
      vertex 35.7153 20.4213 49.4893
    endloop
  endfacet
  facet normal 0.000634953 -0.49998 0.866037
    outer loop
      vertex 35.6464 20.4032 49.4789
      vertex 35.6464 18.599 48.4373
      vertex 35.7153 18.5809 48.4268
    endloop
  endfacet
  facet normal 1.32466e-05 -0.49998 0.866037
    outer loop
      vertex 35.579 20.3812 49.4662
      vertex 35.6464 18.599 48.4373
      vertex 35.6464 20.4032 49.4789
    endloop
  endfacet
  facet normal -0.00131452 -0.500017 0.866014
    outer loop
      vertex 35.579 20.3812 49.4662
      vertex 35.579 18.621 48.4499
      vertex 35.6464 18.599 48.4373
    endloop
  endfacet
  facet normal 0.000510401 -0.500018 0.866015
    outer loop
      vertex 35.5135 20.3555 49.4514
      vertex 35.579 18.621 48.4499
      vertex 35.579 20.3812 49.4662
    endloop
  endfacet
  facet normal 0.000816296 -0.500009 0.86602
    outer loop
      vertex 35.5135 20.3555 49.4514
      vertex 35.5135 18.6467 48.4648
      vertex 35.579 18.621 48.4499
    endloop
  endfacet
  facet normal -0.000347657 -0.500009 0.86602
    outer loop
      vertex 35.45 20.3261 49.4344
      vertex 35.5135 18.6467 48.4648
      vertex 35.5135 20.3555 49.4514
    endloop
  endfacet
  facet normal 0.000360051 -0.499989 0.866032
    outer loop
      vertex 35.45 20.3261 49.4344
      vertex 35.45 18.6761 48.4818
      vertex 35.5135 18.6467 48.4648
    endloop
  endfacet
  facet normal -8.12643e-05 -0.499989 0.866032
    outer loop
      vertex 35.3889 20.2932 49.4154
      vertex 35.45 18.6761 48.4818
      vertex 35.45 20.3261 49.4344
    endloop
  endfacet
  facet normal 8.46399e-05 -0.499984 0.866034
    outer loop
      vertex 35.3889 20.2932 49.4154
      vertex 35.3889 18.709 48.5008
      vertex 35.45 18.6761 48.4818
    endloop
  endfacet
  facet normal -0.000637501 -0.499984 0.866034
    outer loop
      vertex 35.3304 20.2569 49.3944
      vertex 35.3889 18.709 48.5008
      vertex 35.3889 20.2932 49.4154
    endloop
  endfacet
  facet normal -0.000847828 -0.49999 0.866031
    outer loop
      vertex 35.3304 20.2569 49.3944
      vertex 35.3304 18.7453 48.5217
      vertex 35.3889 18.709 48.5008
    endloop
  endfacet
  facet normal 0.000971398 -0.49999 0.866031
    outer loop
      vertex 35.2747 20.2173 49.3716
      vertex 35.3304 18.7453 48.5217
      vertex 35.3304 20.2569 49.3944
    endloop
  endfacet
  facet normal 0.000572684 -0.500001 0.866024
    outer loop
      vertex 35.2747 20.2173 49.3716
      vertex 35.2747 18.7849 48.5446
      vertex 35.3304 18.7453 48.5217
    endloop
  endfacet
  facet normal -7.87703e-05 -0.500002 0.866024
    outer loop
      vertex 35.2222 20.1747 49.347
      vertex 35.2747 18.7849 48.5446
      vertex 35.2747 20.2173 49.3716
    endloop
  endfacet
  facet normal 8.37522e-05 -0.499997 0.866027
    outer loop
      vertex 35.2222 20.1747 49.347
      vertex 35.2222 18.8275 48.5692
      vertex 35.2747 18.7849 48.5446
    endloop
  endfacet
  facet normal -0.000541706 -0.499997 0.866027
    outer loop
      vertex 35.173 20.1292 49.3207
      vertex 35.2222 18.8275 48.5692
      vertex 35.2222 20.1747 49.347
    endloop
  endfacet
  facet normal -0.00124301 -0.500016 0.866015
    outer loop
      vertex 35.173 20.1292 49.3207
      vertex 35.173 18.873 48.5954
      vertex 35.2222 18.8275 48.5692
    endloop
  endfacet
  facet normal 0.00055966 -0.500017 0.866016
    outer loop
      vertex 35.1273 20.081 49.2929
      vertex 35.173 18.873 48.5954
      vertex 35.173 20.1292 49.3207
    endloop
  endfacet
  facet normal 0.0013676 -0.499993 0.866028
    outer loop
      vertex 35.1273 20.081 49.2929
      vertex 35.1273 18.9212 48.6233
      vertex 35.173 18.873 48.5954
    endloop
  endfacet
  facet normal -0.00178888 -0.499993 0.866028
    outer loop
      vertex 35.0854 20.0304 49.2636
      vertex 35.1273 18.9212 48.6233
      vertex 35.1273 20.081 49.2929
    endloop
  endfacet
  facet normal -0.00145611 -0.499984 0.866033
    outer loop
      vertex 35.0854 20.0304 49.2636
      vertex 35.0854 18.9719 48.6525
      vertex 35.1273 18.9212 48.6233
    endloop
  endfacet
  facet normal 0.00224028 -0.499983 0.866032
    outer loop
      vertex 35.0474 19.9774 49.2331
      vertex 35.0854 18.9719 48.6525
      vertex 35.0854 20.0304 49.2636
    endloop
  endfacet
  facet normal 0.00130529 -0.500011 0.866018
    outer loop
      vertex 35.0474 19.9774 49.2331
      vertex 35.0474 19.0248 48.6831
      vertex 35.0854 18.9719 48.6525
    endloop
  endfacet
  facet normal -0.00261181 -0.500009 0.866016
    outer loop
      vertex 35.0134 19.9225 49.2013
      vertex 35.0474 19.0248 48.6831
      vertex 35.0474 19.9774 49.2331
    endloop
  endfacet
  facet normal -0.00132724 -0.499974 0.866039
    outer loop
      vertex 35.0134 19.9225 49.2013
      vertex 35.0134 19.0798 48.7148
      vertex 35.0474 19.0248 48.6831
    endloop
  endfacet
  facet normal 0.00266128 -0.499973 0.866037
    outer loop
      vertex 34.9837 19.8657 49.1686
      vertex 35.0134 19.0798 48.7148
      vertex 35.0134 19.9225 49.2013
    endloop
  endfacet
  facet normal 6.71866e-05 -0.500048 0.865998
    outer loop
      vertex 34.9837 19.8657 49.1686
      vertex 34.9837 19.1366 48.7476
      vertex 35.0134 19.0798 48.7148
    endloop
  endfacet
  facet normal 0.000738478 -0.500048 0.865997
    outer loop
      vertex 34.9584 19.8073 49.1349
      vertex 34.9837 19.1366 48.7476
      vertex 34.9837 19.8657 49.1686
    endloop
  endfacet
  facet normal 0.00128556 -0.500032 0.866006
    outer loop
      vertex 34.9584 19.8073 49.1349
      vertex 34.9584 19.1949 48.7813
      vertex 34.9837 19.1366 48.7476
    endloop
  endfacet
  facet normal -0.00360226 -0.500029 0.866001
    outer loop
      vertex 34.9375 19.7477 49.1004
      vertex 34.9584 19.1949 48.7813
      vertex 34.9584 19.8073 49.1349
    endloop
  endfacet
  facet normal -0.00285288 -0.500009 0.866015
    outer loop
      vertex 34.9375 19.7477 49.1004
      vertex 34.9375 19.2546 48.8157
      vertex 34.9584 19.1949 48.7813
    endloop
  endfacet
  facet normal 0.00244057 -0.50001 0.866016
    outer loop
      vertex 34.9211 19.687 49.0654
      vertex 34.9375 19.2546 48.8157
      vertex 34.9375 19.7477 49.1004
    endloop
  endfacet
  facet normal 0.00290527 -0.499996 0.866023
    outer loop
      vertex 34.9211 19.687 49.0654
      vertex 34.9211 19.3153 48.8508
      vertex 34.9375 19.2546 48.8157
    endloop
  endfacet
  facet normal 0.0005078 -0.499998 0.866026
    outer loop
      vertex 34.9094 19.6255 49.0299
      vertex 34.9211 19.3153 48.8508
      vertex 34.9211 19.687 49.0654
    endloop
  endfacet
  facet normal -0.000758926 -0.500034 0.866006
    outer loop
      vertex 34.9094 19.6255 49.0299
      vertex 34.9094 19.3768 48.8863
      vertex 34.9211 19.3153 48.8508
    endloop
  endfacet
  facet normal -0.00535743 -0.500027 0.865993
    outer loop
      vertex 34.9024 19.5634 48.994
      vertex 34.9094 19.3768 48.8863
      vertex 34.9094 19.6255 49.0299
    endloop
  endfacet
  facet normal 0.00285998 -0.499801 0.866136
    outer loop
      vertex 34.9024 19.5634 48.994
      vertex 34.9024 19.4388 48.9221
      vertex 34.9094 19.3768 48.8863
    endloop
  endfacet
  facet normal 0.0180416 -0.499721 0.865998
    outer loop
      vertex 34.9024 19.4388 48.9221
      vertex 34.9024 19.5634 48.994
      vertex 34.9 19.5011 48.9581
    endloop
  endfacet
  facet normal 0.999444 0.0288702 0.0166682
    outer loop
      vertex 34.9 13.5011 59.3504
      vertex 34.9024 19.4388 48.9221
      vertex 34.9 19.5011 48.9581
    endloop
  endfacet
  facet normal 0.999444 0.0288702 0.0166682
    outer loop
      vertex 34.9024 19.4388 48.9221
      vertex 34.9 13.5011 59.3504
      vertex 34.9024 13.4388 59.3144
    endloop
  endfacet
  facet normal 0.956902 -0.251504 -0.145206
    outer loop
      vertex 34.9584 13.8073 59.5272
      vertex 34.9375 19.7477 49.1004
      vertex 34.9584 19.8073 49.1349
    endloop
  endfacet
  facet normal 0.956902 -0.251504 -0.145206
    outer loop
      vertex 34.9375 19.7477 49.1004
      vertex 34.9584 13.8073 59.5272
      vertex 34.9375 13.7477 59.4927
    endloop
  endfacet
  facet normal 0.973685 -0.197367 -0.11395
    outer loop
      vertex 34.9375 13.7477 59.4927
      vertex 34.9211 19.687 49.0654
      vertex 34.9375 19.7477 49.1004
    endloop
  endfacet
  facet normal 0.973685 -0.197367 -0.11395
    outer loop
      vertex 34.9211 19.687 49.0654
      vertex 34.9375 13.7477 59.4927
      vertex 34.9211 13.687 59.4577
    endloop
  endfacet
  facet normal 0.881412 -0.409065 -0.236174
    outer loop
      vertex 35.0474 13.9774 59.6254
      vertex 35.0134 19.9225 49.2013
      vertex 35.0474 19.9774 49.2331
    endloop
  endfacet
  facet normal 0.881412 -0.409065 -0.236174
    outer loop
      vertex 35.0134 19.9225 49.2013
      vertex 35.0474 13.9774 59.6254
      vertex 35.0134 13.9225 59.5936
    endloop
  endfacet
  facet normal 0.849359 -0.457102 -0.263908
    outer loop
      vertex 35.0854 14.0304 59.6559
      vertex 35.0474 19.9774 49.2331
      vertex 35.0854 20.0304 49.2636
    endloop
  endfacet
  facet normal 0.849359 -0.457102 -0.263908
    outer loop
      vertex 35.0474 19.9774 49.2331
      vertex 35.0854 14.0304 59.6559
      vertex 35.0474 13.9774 59.6254
    endloop
  endfacet
  facet normal 0.28996 -0.82882 -0.47852
    outer loop
      vertex 35.6464 14.4032 59.8712
      vertex 35.7153 20.4213 49.4893
      vertex 35.7153 14.4213 59.8816
    endloop
  endfacet
  facet normal 0.28996 -0.82882 -0.47852
    outer loop
      vertex 35.7153 20.4213 49.4893
      vertex 35.6464 14.4032 59.8712
      vertex 35.6464 20.4032 49.4789
    endloop
  endfacet
  facet normal 0.582627 -0.703853 -0.40637
    outer loop
      vertex 35.3304 14.2569 59.7867
      vertex 35.3889 20.2932 49.4154
      vertex 35.3889 14.2932 59.8077
    endloop
  endfacet
  facet normal 0.582627 -0.703853 -0.40637
    outer loop
      vertex 35.3889 20.2932 49.4154
      vertex 35.3304 14.2569 59.7867
      vertex 35.3304 20.2569 49.3944
    endloop
  endfacet
  facet normal 0.634251 -0.669548 -0.386564
    outer loop
      vertex 35.2747 14.2173 59.7639
      vertex 35.3304 20.2569 49.3944
      vertex 35.3304 14.2569 59.7867
    endloop
  endfacet
  facet normal 0.634251 -0.669548 -0.386564
    outer loop
      vertex 35.3304 20.2569 49.3944
      vertex 35.2747 14.2173 59.7639
      vertex 35.2747 20.2173 49.3716
    endloop
  endfacet
  facet normal 0.471609 -0.763668 -0.440904
    outer loop
      vertex 35.45 14.3261 59.8267
      vertex 35.5135 20.3555 49.4514
      vertex 35.5135 14.3555 59.8437
    endloop
  endfacet
  facet normal 0.471609 -0.763668 -0.440904
    outer loop
      vertex 35.5135 20.3555 49.4514
      vertex 35.45 14.3261 59.8267
      vertex 35.45 20.3261 49.4344
    endloop
  endfacet
  facet normal 0.683748 -0.631954 -0.364859
    outer loop
      vertex 35.2747 14.2173 59.7639
      vertex 35.2222 20.1747 49.347
      vertex 35.2747 20.2173 49.3716
    endloop
  endfacet
  facet normal 0.683748 -0.631954 -0.364859
    outer loop
      vertex 35.2222 20.1747 49.347
      vertex 35.2747 14.2173 59.7639
      vertex 35.2222 14.1747 59.7393
    endloop
  endfacet
  facet normal -0.226627 0.843493 0.486991
    outer loop
      vertex 36.2847 18.5809 48.4268
      vertex 36.2146 12.5668 58.8109
      vertex 36.2847 12.5809 58.8191
    endloop
  endfacet
  facet normal -0.226627 0.843493 0.486991
    outer loop
      vertex 36.2146 12.5668 58.8109
      vertex 36.2847 18.5809 48.4268
      vertex 36.2146 18.5668 48.4186
    endloop
  endfacet
  facet normal -0.999444 0.0288702 0.0166682
    outer loop
      vertex 37.0976 19.4388 48.9221
      vertex 37.1 13.5011 59.3504
      vertex 37.1 19.5011 48.9581
    endloop
  endfacet
  facet normal -0.999444 0.0288702 0.0166682
    outer loop
      vertex 37.1 13.5011 59.3504
      vertex 37.0976 19.4388 48.9221
      vertex 37.0976 13.4388 59.3144
    endloop
  endfacet
  facet normal -0.956945 0.251382 0.145135
    outer loop
      vertex 37.0416 19.1949 48.7813
      vertex 37.0625 13.2546 59.208
      vertex 37.0625 19.2546 48.8157
    endloop
  endfacet
  facet normal -0.956945 0.251382 0.145135
    outer loop
      vertex 37.0625 13.2546 59.208
      vertex 37.0416 19.1949 48.7813
      vertex 37.0416 13.1949 59.1736
    endloop
  endfacet
  facet normal -0.973721 0.197234 0.113873
    outer loop
      vertex 37.0625 19.2546 48.8157
      vertex 37.0789 13.3153 59.2431
      vertex 37.0789 19.3153 48.8508
    endloop
  endfacet
  facet normal -0.973721 0.197234 0.113873
    outer loop
      vertex 37.0789 13.3153 59.2431
      vertex 37.0625 19.2546 48.8157
      vertex 37.0625 13.2546 59.208
    endloop
  endfacet
  facet normal -0.290596 0.828653 0.478423
    outer loop
      vertex 36.3536 18.599 48.4373
      vertex 36.2847 12.5809 58.8191
      vertex 36.3536 12.599 58.8296
    endloop
  endfacet
  facet normal -0.290596 0.828653 0.478423
    outer loop
      vertex 36.2847 12.5809 58.8191
      vertex 36.3536 18.599 48.4373
      vertex 36.2847 18.5809 48.4268
    endloop
  endfacet
  facet normal -0.634665 0.669253 0.386394
    outer loop
      vertex 36.7253 18.7849 48.5446
      vertex 36.6696 12.7453 58.914
      vertex 36.7253 12.7849 58.9369
    endloop
  endfacet
  facet normal -0.634665 0.669253 0.386394
    outer loop
      vertex 36.6696 12.7453 58.914
      vertex 36.7253 18.7849 48.5446
      vertex 36.6696 18.7453 48.5217
    endloop
  endfacet
  facet normal -0.729694 0.592165 0.341887
    outer loop
      vertex 36.7778 18.8275 48.5692
      vertex 36.827 12.873 58.9877
      vertex 36.827 18.873 48.5954
    endloop
  endfacet
  facet normal -0.729694 0.592165 0.341887
    outer loop
      vertex 36.827 12.873 58.9877
      vertex 36.7778 18.8275 48.5692
      vertex 36.7778 12.8275 58.9615
    endloop
  endfacet
  facet normal -0.471609 0.763668 0.440904
    outer loop
      vertex 36.55 18.6761 48.4818
      vertex 36.4865 12.6467 58.8571
      vertex 36.55 12.6761 58.8741
    endloop
  endfacet
  facet normal -0.471609 0.763668 0.440904
    outer loop
      vertex 36.4865 12.6467 58.8571
      vertex 36.55 18.6761 48.4818
      vertex 36.4865 18.6467 48.4648
    endloop
  endfacet
  facet normal -0.881526 0.408882 0.236068
    outer loop
      vertex 36.9526 19.0248 48.6831
      vertex 36.9866 13.0798 59.1071
      vertex 36.9866 19.0798 48.7148
    endloop
  endfacet
  facet normal -0.881526 0.408882 0.236068
    outer loop
      vertex 36.9866 13.0798 59.1071
      vertex 36.9526 19.0248 48.6831
      vertex 36.9526 13.0248 59.0754
    endloop
  endfacet
  facet normal -0.936111 0.304586 0.175853
    outer loop
      vertex 37.0163 19.1366 48.7476
      vertex 37.0416 13.1949 59.1736
      vertex 37.0416 19.1949 48.7813
    endloop
  endfacet
  facet normal -0.936111 0.304586 0.175853
    outer loop
      vertex 37.0416 13.1949 59.1736
      vertex 37.0163 19.1366 48.7476
      vertex 37.0163 13.1366 59.1399
    endloop
  endfacet
  facet normal -0.849217 0.4573 0.264022
    outer loop
      vertex 36.9146 18.9719 48.6525
      vertex 36.9526 13.0248 59.0754
      vertex 36.9526 19.0248 48.6831
    endloop
  endfacet
  facet normal -0.849217 0.4573 0.264022
    outer loop
      vertex 36.9526 13.0248 59.0754
      vertex 36.9146 18.9719 48.6525
      vertex 36.9146 12.9719 59.0448
    endloop
  endfacet
  facet normal -0.0324176 0.86557 0.499737
    outer loop
      vertex 36.0719 18.5505 48.4093
      vertex 36 12.5485 58.8004
      vertex 36.0719 12.5505 58.8016
    endloop
  endfacet
  facet normal -0.0324176 0.86557 0.499737
    outer loop
      vertex 36 12.5485 58.8004
      vertex 36.0719 18.5505 48.4093
      vertex 36 18.5485 48.4081
    endloop
  endfacet
  facet normal 0.290596 0.828653 0.478423
    outer loop
      vertex 35.7153 12.5809 58.8191
      vertex 35.6464 18.599 48.4373
      vertex 35.6464 12.599 58.8296
    endloop
  endfacet
  facet normal 0.290596 0.828653 0.478423
    outer loop
      vertex 35.6464 18.599 48.4373
      vertex 35.7153 12.5809 58.8191
      vertex 35.7153 18.5809 48.4268
    endloop
  endfacet
  facet normal 0.226627 0.843493 0.486991
    outer loop
      vertex 35.7854 12.5668 58.8109
      vertex 35.7153 18.5809 48.4268
      vertex 35.7153 12.5809 58.8191
    endloop
  endfacet
  facet normal 0.226627 0.843493 0.486991
    outer loop
      vertex 35.7153 18.5809 48.4268
      vertex 35.7854 12.5668 58.8109
      vertex 35.7854 18.5668 48.4186
    endloop
  endfacet
  facet normal 0.471609 0.763668 0.440904
    outer loop
      vertex 35.5135 12.6467 58.8571
      vertex 35.45 18.6761 48.4818
      vertex 35.45 12.6761 58.8741
    endloop
  endfacet
  facet normal 0.471609 0.763668 0.440904
    outer loop
      vertex 35.45 18.6761 48.4818
      vertex 35.5135 12.6467 58.8571
      vertex 35.5135 18.6467 48.4648
    endloop
  endfacet
  facet normal 0.352068 0.810578 0.467987
    outer loop
      vertex 35.6464 12.599 58.8296
      vertex 35.579 18.621 48.4499
      vertex 35.579 12.621 58.8422
    endloop
  endfacet
  facet normal 0.352068 0.810578 0.467987
    outer loop
      vertex 35.579 18.621 48.4499
      vertex 35.6464 12.599 58.8296
      vertex 35.6464 18.599 48.4373
    endloop
  endfacet
  facet normal 0.582167 0.704138 0.406535
    outer loop
      vertex 35.3889 12.709 58.8931
      vertex 35.3304 18.7453 48.5217
      vertex 35.3304 12.7453 58.914
    endloop
  endfacet
  facet normal 0.582167 0.704138 0.406535
    outer loop
      vertex 35.3304 18.7453 48.5217
      vertex 35.3889 12.709 58.8931
      vertex 35.3889 18.709 48.5008
    endloop
  endfacet
  facet normal 0.986697 0.140792 0.0812862
    outer loop
      vertex 34.9094 13.3768 59.2786
      vertex 34.9211 19.3153 48.8508
      vertex 34.9094 19.3768 48.8863
    endloop
  endfacet
  facet normal 0.986697 0.140792 0.0812862
    outer loop
      vertex 34.9211 19.3153 48.8508
      vertex 34.9094 13.3768 59.2786
      vertex 34.9211 13.3153 59.2431
    endloop
  endfacet
  facet normal 0.956945 0.251382 0.145135
    outer loop
      vertex 34.9375 13.2546 59.208
      vertex 34.9584 19.1949 48.7813
      vertex 34.9375 19.2546 48.8157
    endloop
  endfacet
  facet normal 0.956945 0.251382 0.145135
    outer loop
      vertex 34.9584 19.1949 48.7813
      vertex 34.9375 13.2546 59.208
      vertex 34.9584 13.1949 59.1736
    endloop
  endfacet
  facet normal -0.995272 -0.084114 -0.0485633
    outer loop
      vertex 37.0976 19.5634 48.994
      vertex 37.0906 13.6255 59.4222
      vertex 37.0906 19.6255 49.0299
    endloop
  endfacet
  facet normal -0.995265 -0.0841724 -0.0485965
    outer loop
      vertex 37.0906 13.6255 59.4222
      vertex 37.0976 19.5634 48.994
      vertex 37.0976 13.5634 59.3864
    endloop
  endfacet
  facet normal -0.910842 -0.357456 -0.206377
    outer loop
      vertex 37.0163 19.8657 49.1686
      vertex 36.9866 13.9225 59.5936
      vertex 36.9866 19.9225 49.2013
    endloop
  endfacet
  facet normal -0.910842 -0.357456 -0.206377
    outer loop
      vertex 36.9866 13.9225 59.5936
      vertex 37.0163 19.8657 49.1686
      vertex 37.0163 13.8657 59.5609
    endloop
  endfacet
  facet normal -0.936259 -0.304243 -0.175655
    outer loop
      vertex 37.0416 19.8073 49.1349
      vertex 37.0163 13.8657 59.5609
      vertex 37.0163 19.8657 49.1686
    endloop
  endfacet
  facet normal -0.936259 -0.304243 -0.175655
    outer loop
      vertex 37.0163 13.8657 59.5609
      vertex 37.0416 19.8073 49.1349
      vertex 37.0416 13.8073 59.5272
    endloop
  endfacet
  facet normal -0.683748 -0.631954 -0.364859
    outer loop
      vertex 36.7778 20.1747 49.347
      vertex 36.7253 14.2173 59.7639
      vertex 36.7253 20.2173 49.3716
    endloop
  endfacet
  facet normal -0.683748 -0.631954 -0.364859
    outer loop
      vertex 36.7253 14.2173 59.7639
      vertex 36.7778 20.1747 49.347
      vertex 36.7778 14.1747 59.7393
    endloop
  endfacet
  facet normal 0.0324176 -0.86557 -0.499737
    outer loop
      vertex 35.9281 14.4517 59.8992
      vertex 36 20.4537 49.5081
      vertex 36 14.4537 59.9004
    endloop
  endfacet
  facet normal 0.0324176 -0.86557 -0.499737
    outer loop
      vertex 36 20.4537 49.5081
      vertex 35.9281 14.4517 59.8992
      vertex 35.9281 20.4517 49.5069
    endloop
  endfacet
  facet normal -0.528046 -0.735442 -0.424608
    outer loop
      vertex 36.55 20.3261 49.4344
      vertex 36.6111 14.2932 59.8077
      vertex 36.55 14.3261 59.8267
    endloop
  endfacet
  facet normal -0.528046 -0.735442 -0.424608
    outer loop
      vertex 36.6111 14.2932 59.8077
      vertex 36.55 20.3261 49.4344
      vertex 36.6111 20.2932 49.4154
    endloop
  endfacet
  facet normal -0.412467 -0.788925 -0.455486
    outer loop
      vertex 36.421 20.3812 49.4662
      vertex 36.4865 14.3555 59.8437
      vertex 36.421 14.3812 59.8585
    endloop
  endfacet
  facet normal -0.412467 -0.788925 -0.455486
    outer loop
      vertex 36.4865 14.3555 59.8437
      vertex 36.421 20.3812 49.4662
      vertex 36.4865 20.3555 49.4514
    endloop
  endfacet
  facet normal -0.0324176 -0.86557 -0.499737
    outer loop
      vertex 36 20.4537 49.5081
      vertex 36.0719 14.4517 59.8992
      vertex 36 14.4537 59.9004
    endloop
  endfacet
  facet normal -0.0324176 -0.86557 -0.499737
    outer loop
      vertex 36.0719 14.4517 59.8992
      vertex 36 20.4537 49.5081
      vertex 36.0719 20.4517 49.5069
    endloop
  endfacet
  facet normal -0.163725 -0.854339 -0.493253
    outer loop
      vertex 36.1436 20.4456 49.5034
      vertex 36.2146 14.4354 59.8898
      vertex 36.1436 14.4456 59.8957
    endloop
  endfacet
  facet normal -0.163725 -0.854339 -0.493253
    outer loop
      vertex 36.2146 14.4354 59.8898
      vertex 36.1436 20.4456 49.5034
      vertex 36.2146 20.4354 49.4975
    endloop
  endfacet
  facet normal 0.999443 -0.0288903 -0.0166797
    outer loop
      vertex 34.9024 13.5634 59.3864
      vertex 34.9 19.5011 48.9581
      vertex 34.9024 19.5634 48.994
    endloop
  endfacet
  facet normal 0.999444 -0.0288702 -0.0166682
    outer loop
      vertex 34.9 19.5011 48.9581
      vertex 34.9024 13.5634 59.3864
      vertex 34.9 13.5011 59.3504
    endloop
  endfacet
  facet normal 0.986697 -0.140792 -0.0812862
    outer loop
      vertex 34.9211 13.687 59.4577
      vertex 34.9094 19.6255 49.0299
      vertex 34.9211 19.687 49.0654
    endloop
  endfacet
  facet normal 0.986697 -0.140792 -0.0812862
    outer loop
      vertex 34.9094 19.6255 49.0299
      vertex 34.9211 13.687 59.4577
      vertex 34.9094 13.6255 59.4222
    endloop
  endfacet
  facet normal 0.910842 -0.357456 -0.206377
    outer loop
      vertex 35.0134 13.9225 59.5936
      vertex 34.9837 19.8657 49.1686
      vertex 35.0134 19.9225 49.2013
    endloop
  endfacet
  facet normal 0.910842 -0.357456 -0.206377
    outer loop
      vertex 34.9837 19.8657 49.1686
      vertex 35.0134 13.9225 59.5936
      vertex 34.9837 13.8657 59.5609
    endloop
  endfacet
  facet normal 0.812844 -0.504443 -0.291241
    outer loop
      vertex 35.1273 14.081 59.6852
      vertex 35.0854 20.0304 49.2636
      vertex 35.1273 20.081 49.2929
    endloop
  endfacet
  facet normal 0.812844 -0.504443 -0.291241
    outer loop
      vertex 35.0854 20.0304 49.2636
      vertex 35.1273 14.081 59.6852
      vertex 35.0854 14.0304 59.6559
    endloop
  endfacet
  facet normal 0.352676 -0.810379 -0.467873
    outer loop
      vertex 35.579 14.3812 59.8585
      vertex 35.6464 20.4032 49.4789
      vertex 35.6464 14.4032 59.8712
    endloop
  endfacet
  facet normal 0.352676 -0.810379 -0.467873
    outer loop
      vertex 35.6464 20.4032 49.4789
      vertex 35.579 14.3812 59.8585
      vertex 35.579 20.3812 49.4662
    endloop
  endfacet
  facet normal 0.0976174 -0.861889 -0.497612
    outer loop
      vertex 35.8564 14.4456 59.8957
      vertex 35.9281 20.4517 49.5069
      vertex 35.9281 14.4517 59.8992
    endloop
  endfacet
  facet normal 0.0976174 -0.861889 -0.497612
    outer loop
      vertex 35.9281 20.4517 49.5069
      vertex 35.8564 14.4456 59.8957
      vertex 35.8564 20.4456 49.5034
    endloop
  endfacet
  facet normal 0.163725 -0.854339 -0.493253
    outer loop
      vertex 35.7854 14.4354 59.8898
      vertex 35.8564 20.4456 49.5034
      vertex 35.8564 14.4456 59.8957
    endloop
  endfacet
  facet normal 0.163725 -0.854339 -0.493253
    outer loop
      vertex 35.8564 20.4456 49.5034
      vertex 35.7854 14.4354 59.8898
      vertex 35.7854 20.4354 49.4975
    endloop
  endfacet
  facet normal 0.528046 -0.735442 -0.424608
    outer loop
      vertex 35.3889 14.2932 59.8077
      vertex 35.45 20.3261 49.4344
      vertex 35.45 14.3261 59.8267
    endloop
  endfacet
  facet normal 0.528046 -0.735442 -0.424608
    outer loop
      vertex 35.45 20.3261 49.4344
      vertex 35.3889 14.2932 59.8077
      vertex 35.3889 20.2932 49.4154
    endloop
  endfacet
  facet normal 0.730019 -0.591865 -0.341714
    outer loop
      vertex 35.2222 14.1747 59.7393
      vertex 35.173 20.1292 49.3207
      vertex 35.2222 20.1747 49.347
    endloop
  endfacet
  facet normal 0.730019 -0.591865 -0.341714
    outer loop
      vertex 35.173 20.1292 49.3207
      vertex 35.2222 14.1747 59.7393
      vertex 35.173 14.1292 59.713
    endloop
  endfacet
  facet normal -0.999443 -0.0288903 -0.0166797
    outer loop
      vertex 37.1 19.5011 48.9581
      vertex 37.0976 13.5634 59.3864
      vertex 37.0976 19.5634 48.994
    endloop
  endfacet
  facet normal -0.999444 -0.0288702 -0.0166682
    outer loop
      vertex 37.0976 13.5634 59.3864
      vertex 37.1 19.5011 48.9581
      vertex 37.1 13.5011 59.3504
    endloop
  endfacet
  facet normal -0.0976174 0.861889 0.497612
    outer loop
      vertex 36.1436 18.5566 48.4128
      vertex 36.0719 12.5505 58.8016
      vertex 36.1436 12.5566 58.8051
    endloop
  endfacet
  facet normal -0.0976174 0.861889 0.497612
    outer loop
      vertex 36.0719 12.5505 58.8016
      vertex 36.1436 18.5566 48.4128
      vertex 36.0719 18.5505 48.4093
    endloop
  endfacet
  facet normal -0.163048 0.854436 0.493309
    outer loop
      vertex 36.2146 18.5668 48.4186
      vertex 36.1436 12.5566 58.8051
      vertex 36.2146 12.5668 58.8109
    endloop
  endfacet
  facet normal -0.163048 0.854436 0.493309
    outer loop
      vertex 36.1436 12.5566 58.8051
      vertex 36.2146 18.5668 48.4186
      vertex 36.1436 18.5566 48.4128
    endloop
  endfacet
  facet normal -0.352068 0.810578 0.467987
    outer loop
      vertex 36.421 18.621 48.4499
      vertex 36.3536 12.599 58.8296
      vertex 36.421 12.621 58.8422
    endloop
  endfacet
  facet normal -0.352068 0.810578 0.467987
    outer loop
      vertex 36.3536 12.599 58.8296
      vertex 36.421 18.621 48.4499
      vertex 36.3536 18.599 48.4373
    endloop
  endfacet
  facet normal -0.683748 0.631954 0.364859
    outer loop
      vertex 36.7253 18.7849 48.5446
      vertex 36.7778 12.8275 58.9615
      vertex 36.7778 18.8275 48.5692
    endloop
  endfacet
  facet normal -0.683748 0.631954 0.364859
    outer loop
      vertex 36.7778 12.8275 58.9615
      vertex 36.7253 18.7849 48.5446
      vertex 36.7253 12.7849 58.9369
    endloop
  endfacet
  facet normal -0.582167 0.704138 0.406535
    outer loop
      vertex 36.6696 18.7453 48.5217
      vertex 36.6111 12.709 58.8931
      vertex 36.6696 12.7453 58.914
    endloop
  endfacet
  facet normal -0.582167 0.704138 0.406535
    outer loop
      vertex 36.6111 12.709 58.8931
      vertex 36.6696 18.7453 48.5217
      vertex 36.6111 18.709 48.5008
    endloop
  endfacet
  facet normal -0.910961 0.35723 0.206247
    outer loop
      vertex 36.9866 19.0798 48.7148
      vertex 37.0163 13.1366 59.1399
      vertex 37.0163 19.1366 48.7476
    endloop
  endfacet
  facet normal -0.910961 0.35723 0.206247
    outer loop
      vertex 37.0163 13.1366 59.1399
      vertex 36.9866 19.0798 48.7148
      vertex 36.9866 13.0798 59.1071
    endloop
  endfacet
  facet normal -0.813017 0.504235 0.29112
    outer loop
      vertex 36.8727 18.9212 48.6233
      vertex 36.9146 12.9719 59.0448
      vertex 36.9146 18.9719 48.6525
    endloop
  endfacet
  facet normal -0.813017 0.504235 0.29112
    outer loop
      vertex 36.9146 12.9719 59.0448
      vertex 36.8727 18.9212 48.6233
      vertex 36.8727 12.9212 59.0156
    endloop
  endfacet
  facet normal 0.0324176 0.86557 0.499737
    outer loop
      vertex 36 12.5485 58.8004
      vertex 35.9281 18.5505 48.4093
      vertex 35.9281 12.5505 58.8016
    endloop
  endfacet
  facet normal 0.0324176 0.86557 0.499737
    outer loop
      vertex 35.9281 18.5505 48.4093
      vertex 36 12.5485 58.8004
      vertex 36 18.5485 48.4081
    endloop
  endfacet
  facet normal 0.413044 0.788699 0.455356
    outer loop
      vertex 35.579 12.621 58.8422
      vertex 35.5135 18.6467 48.4648
      vertex 35.5135 12.6467 58.8571
    endloop
  endfacet
  facet normal 0.413044 0.788699 0.455356
    outer loop
      vertex 35.5135 18.6467 48.4648
      vertex 35.579 12.621 58.8422
      vertex 35.579 18.621 48.4499
    endloop
  endfacet
  facet normal 0.528046 0.735442 0.424608
    outer loop
      vertex 35.45 12.6761 58.8741
      vertex 35.3889 18.709 48.5008
      vertex 35.3889 12.709 58.8931
    endloop
  endfacet
  facet normal 0.528046 0.735442 0.424608
    outer loop
      vertex 35.3889 18.709 48.5008
      vertex 35.45 12.6761 58.8741
      vertex 35.45 18.6761 48.4818
    endloop
  endfacet
  facet normal 0.910961 0.35723 0.206247
    outer loop
      vertex 34.9837 13.1366 59.1399
      vertex 35.0134 19.0798 48.7148
      vertex 34.9837 19.1366 48.7476
    endloop
  endfacet
  facet normal 0.910961 0.35723 0.206247
    outer loop
      vertex 35.0134 19.0798 48.7148
      vertex 34.9837 13.1366 59.1399
      vertex 35.0134 13.0798 59.1071
    endloop
  endfacet
  facet normal 0.973721 0.197234 0.113873
    outer loop
      vertex 34.9211 13.3153 59.2431
      vertex 34.9375 19.2546 48.8157
      vertex 34.9211 19.3153 48.8508
    endloop
  endfacet
  facet normal 0.973721 0.197234 0.113873
    outer loop
      vertex 34.9375 19.2546 48.8157
      vertex 34.9211 13.3153 59.2431
      vertex 34.9375 13.2546 59.208
    endloop
  endfacet
  facet normal 0.995254 0.084273 0.0486551
    outer loop
      vertex 34.9024 13.4388 59.3144
      vertex 34.9094 19.3768 48.8863
      vertex 34.9024 19.4388 48.9221
    endloop
  endfacet
  facet normal 0.995254 0.084273 0.0486551
    outer loop
      vertex 34.9094 19.3768 48.8863
      vertex 34.9024 13.4388 59.3144
      vertex 34.9094 13.3768 59.2786
    endloop
  endfacet
  facet normal 0.813017 0.504235 0.29112
    outer loop
      vertex 35.0854 12.9719 59.0448
      vertex 35.1273 18.9212 48.6233
      vertex 35.0854 18.9719 48.6525
    endloop
  endfacet
  facet normal 0.813017 0.504235 0.29112
    outer loop
      vertex 35.1273 18.9212 48.6233
      vertex 35.0854 12.9719 59.0448
      vertex 35.1273 12.9212 59.0156
    endloop
  endfacet
  facet normal 0.881526 0.408882 0.236068
    outer loop
      vertex 35.0134 13.0798 59.1071
      vertex 35.0474 19.0248 48.6831
      vertex 35.0134 19.0798 48.7148
    endloop
  endfacet
  facet normal 0.881526 0.408882 0.236068
    outer loop
      vertex 35.0474 19.0248 48.6831
      vertex 35.0134 13.0798 59.1071
      vertex 35.0474 13.0248 59.0754
    endloop
  endfacet
  facet normal 0.683748 0.631954 0.364859
    outer loop
      vertex 35.2222 12.8275 58.9615
      vertex 35.2747 18.7849 48.5446
      vertex 35.2222 18.8275 48.5692
    endloop
  endfacet
  facet normal 0.683748 0.631954 0.364859
    outer loop
      vertex 35.2747 18.7849 48.5446
      vertex 35.2222 12.8275 58.9615
      vertex 35.2747 12.7849 58.9369
    endloop
  endfacet
  facet normal 0.729694 0.592165 0.341887
    outer loop
      vertex 35.173 12.873 58.9877
      vertex 35.2222 18.8275 48.5692
      vertex 35.173 18.873 48.5954
    endloop
  endfacet
  facet normal 0.729694 0.592165 0.341887
    outer loop
      vertex 35.2222 18.8275 48.5692
      vertex 35.173 12.873 58.9877
      vertex 35.2222 12.8275 58.9615
    endloop
  endfacet
  facet normal -0.986697 0.140792 0.0812862
    outer loop
      vertex 37.0789 19.3153 48.8508
      vertex 37.0906 13.3768 59.2786
      vertex 37.0906 19.3768 48.8863
    endloop
  endfacet
  facet normal -0.986697 0.140792 0.0812862
    outer loop
      vertex 37.0906 13.3768 59.2786
      vertex 37.0789 19.3153 48.8508
      vertex 37.0789 13.3153 59.2431
    endloop
  endfacet
  facet normal -0.528046 0.735442 0.424608
    outer loop
      vertex 36.6111 18.709 48.5008
      vertex 36.55 12.6761 58.8741
      vertex 36.6111 12.709 58.8931
    endloop
  endfacet
  facet normal -0.528046 0.735442 0.424608
    outer loop
      vertex 36.55 12.6761 58.8741
      vertex 36.6111 18.709 48.5008
      vertex 36.55 18.6761 48.4818
    endloop
  endfacet
  facet normal 0.163048 0.854436 0.493309
    outer loop
      vertex 35.8564 12.5566 58.8051
      vertex 35.7854 18.5668 48.4186
      vertex 35.7854 12.5668 58.8109
    endloop
  endfacet
  facet normal 0.163048 0.854436 0.493309
    outer loop
      vertex 35.7854 18.5668 48.4186
      vertex 35.8564 12.5566 58.8051
      vertex 35.8564 18.5566 48.4128
    endloop
  endfacet
  facet normal 0.849217 0.4573 0.264022
    outer loop
      vertex 35.0474 13.0248 59.0754
      vertex 35.0854 18.9719 48.6525
      vertex 35.0474 19.0248 48.6831
    endloop
  endfacet
  facet normal 0.849217 0.4573 0.264022
    outer loop
      vertex 35.0854 18.9719 48.6525
      vertex 35.0474 13.0248 59.0754
      vertex 35.0854 12.9719 59.0448
    endloop
  endfacet
  facet normal -0.999464 -0.0283407 -0.0163623
    outer loop
      vertex 7 0 34.235
      vertex 6.98501 -1.10351 37.062
      vertex 6.98501 0.396485 34.4639
    endloop
  endfacet
  facet normal -0.999464 -0.0283404 -0.0163622
    outer loop
      vertex 6.98501 -1.10351 37.062
      vertex 7 0 34.235
      vertex 7 -1.5 36.8331
    endloop
  endfacet
  facet normal 0.999464 -0.0283407 -0.0163623
    outer loop
      vertex -6.98501 -1.10351 37.062
      vertex -7 0 34.235
      vertex -6.98501 0.396485 34.4639
    endloop
  endfacet
  facet normal 0.999464 -0.0283404 -0.0163622
    outer loop
      vertex -7 0 34.235
      vertex -6.98501 -1.10351 37.062
      vertex -7 -1.5 36.8331
    endloop
  endfacet
  facet normal -0.0327266 -0.865563 -0.499729
    outer loop
      vertex 0 6.06218 37.735
      vertex 0.457822 4.5492 40.3256
      vertex 0 4.56218 40.3331
    endloop
  endfacet
  facet normal -0.0327266 -0.865563 -0.499729
    outer loop
      vertex 0.457822 4.5492 40.3256
      vertex 0 6.06218 37.735
      vertex 0.457822 6.0492 37.7275
    endloop
  endfacet
  facet normal -0.683551 -0.632116 -0.364949
    outer loop
      vertex 4.94975 4.28661 36.7099
      vertex 4.61542 3.05779 39.4645
      vertex 4.61542 4.55779 36.8664
    endloop
  endfacet
  facet normal -0.683609 -0.632062 -0.364932
    outer loop
      vertex 4.61542 3.05779 39.4645
      vertex 4.94975 4.28661 36.7099
      vertex 4.94975 2.78661 39.3079
    endloop
  endfacet
  facet normal 0.683551 -0.632116 -0.364949
    outer loop
      vertex -4.61542 3.05779 39.4645
      vertex -4.94975 4.28661 36.7099
      vertex -4.61542 4.55779 36.8664
    endloop
  endfacet
  facet normal 0.683609 -0.632062 -0.364932
    outer loop
      vertex -4.94975 4.28661 36.7099
      vertex -4.61542 3.05779 39.4645
      vertex -4.94975 2.78661 39.3079
    endloop
  endfacet
  facet normal 0.352187 -0.810533 -0.467975
    outer loop
      vertex -2.67878 4.10072 40.0667
      vertex -2.25008 5.74046 37.5493
      vertex -2.25008 4.24046 40.1473
    endloop
  endfacet
  facet normal 0.352283 -0.810509 -0.467944
    outer loop
      vertex -2.25008 5.74046 37.5493
      vertex -2.67878 4.10072 40.0667
      vertex -2.67878 5.60072 37.4686
    endloop
  endfacet
  facet normal 0.935915 0.305035 0.176117
    outer loop
      vertex -6.62851 -3.44862 35.708
      vertex -6.46716 -2.31989 32.8956
      vertex -6.62851 -1.94862 33.11
    endloop
  endfacet
  facet normal 0.935901 0.305069 0.17613
    outer loop
      vertex -6.46716 -2.31989 32.8956
      vertex -6.62851 -3.44862 35.708
      vertex -6.46716 -3.81989 35.4937
    endloop
  endfacet
  facet normal -0.910859 -0.357425 -0.206357
    outer loop
      vertex 6.46716 2.31989 35.5744
      vertex 6.27811 1.18123 38.3811
      vertex 6.27811 2.68123 35.783
    endloop
  endfacet
  facet normal -0.910858 -0.357427 -0.206358
    outer loop
      vertex 6.27811 1.18123 38.3811
      vertex 6.46716 2.31989 35.5744
      vertex 6.46716 0.819894 38.1725
    endloop
  endfacet
  facet normal -0.412773 -0.788807 -0.455414
    outer loop
      vertex 2.67878 5.60072 37.4686
      vertex 3.09602 3.937 39.9721
      vertex 2.67878 4.10072 40.0667
    endloop
  endfacet
  facet normal -0.412683 -0.788835 -0.455447
    outer loop
      vertex 3.09602 3.937 39.9721
      vertex 2.67878 5.60072 37.4686
      vertex 3.09602 5.437 37.3741
    endloop
  endfacet
  facet normal -0.528108 -0.735411 -0.424586
    outer loop
      vertex 3.5 5.25 37.2661
      vertex 3.88899 3.54052 39.7432
      vertex 3.5 3.75 39.8642
    endloop
  endfacet
  facet normal -0.528108 -0.735411 -0.424586
    outer loop
      vertex 3.88899 3.54052 39.7432
      vertex 3.5 5.25 37.2661
      vertex 3.88899 5.04052 37.1451
    endloop
  endfacet
  facet normal 0.910859 -0.357425 -0.206357
    outer loop
      vertex -6.27811 1.18123 38.3811
      vertex -6.46716 2.31989 35.5744
      vertex -6.27811 2.68123 35.783
    endloop
  endfacet
  facet normal 0.910858 -0.357427 -0.206358
    outer loop
      vertex -6.46716 2.31989 35.5744
      vertex -6.27811 1.18123 38.3811
      vertex -6.46716 0.819894 38.1725
    endloop
  endfacet
  facet normal 0.162887 -0.854453 -0.493333
    outer loop
      vertex -1.36563 4.44569 40.2658
      vertex -0.913683 6.01031 37.7051
      vertex -0.913683 4.51031 40.3031
    endloop
  endfacet
  facet normal 0.162993 -0.854446 -0.49331
    outer loop
      vertex -0.913683 6.01031 37.7051
      vertex -1.36563 4.44569 40.2658
      vertex -1.36563 5.94569 37.6677
    endloop
  endfacet
  facet normal -0.935915 0.305035 0.176117
    outer loop
      vertex 6.46716 -2.31989 32.8956
      vertex 6.62851 -3.44862 35.708
      vertex 6.62851 -1.94862 33.11
    endloop
  endfacet
  facet normal -0.935901 0.305069 0.17613
    outer loop
      vertex 6.62851 -3.44862 35.708
      vertex 6.46716 -2.31989 32.8956
      vertex 6.46716 -3.81989 35.4937
    endloop
  endfacet
  facet normal -0.956933 0.251416 0.145154
    outer loop
      vertex 6.62851 -1.94862 33.11
      vertex 6.76148 -3.06901 35.9272
      vertex 6.76148 -1.56901 33.3291
    endloop
  endfacet
  facet normal -0.956942 0.251388 0.145143
    outer loop
      vertex 6.76148 -3.06901 35.9272
      vertex 6.62851 -1.94862 33.11
      vertex 6.62851 -3.44862 35.708
    endloop
  endfacet
  facet normal -0.973878 -0.196647 -0.113538
    outer loop
      vertex 6.8655 1.18267 34.9178
      vertex 6.76148 0.069007 37.7389
      vertex 6.76148 1.56901 35.1409
    endloop
  endfacet
  facet normal -0.973872 -0.196672 -0.113547
    outer loop
      vertex 6.76148 0.069007 37.7389
      vertex 6.8655 1.18267 34.9178
      vertex 6.8655 -0.317328 37.5159
    endloop
  endfacet
  facet normal -0.995184 -0.0848912 -0.0490115
    outer loop
      vertex 6.98501 0.396485 34.4639
      vertex 6.94011 -0.708727 37.2899
      vertex 6.94011 0.791273 34.6918
    endloop
  endfacet
  facet normal -0.995184 -0.0848921 -0.0490119
    outer loop
      vertex 6.94011 -0.708727 37.2899
      vertex 6.98501 0.396485 34.4639
      vertex 6.98501 -1.10351 37.062
    endloop
  endfacet
  facet normal -0.812849 -0.504434 -0.291244
    outer loop
      vertex 5.82029 3.36797 36.1795
      vertex 5.55347 2.19042 38.9637
      vertex 5.55347 3.69042 36.3657
    endloop
  endfacet
  facet normal -0.812812 -0.504484 -0.291261
    outer loop
      vertex 5.55347 2.19042 38.9637
      vertex 5.82029 3.36797 36.1795
      vertex 5.82029 1.86797 38.7776
    endloop
  endfacet
  facet normal -0.772994 -0.549419 -0.317204
    outer loop
      vertex 5.55347 3.69042 36.3657
      vertex 5.26288 2.49707 39.1408
      vertex 5.26288 3.99707 36.5427
    endloop
  endfacet
  facet normal -0.773038 -0.549367 -0.317187
    outer loop
      vertex 5.26288 2.49707 39.1408
      vertex 5.55347 3.69042 36.3657
      vertex 5.55347 2.19042 38.9637
    endloop
  endfacet
  facet normal -0.881927 -0.408234 -0.235692
    outer loop
      vertex 6.27811 2.68123 35.783
      vertex 6.06218 1.53109 38.5831
      vertex 6.06218 3.03109 35.985
    endloop
  endfacet
  facet normal -0.881927 -0.408234 -0.235692
    outer loop
      vertex 6.06218 1.53109 38.5831
      vertex 6.27811 2.68123 35.783
      vertex 6.27811 1.18123 38.3811
    endloop
  endfacet
  facet normal -0.227067 -0.843406 -0.486936
    outer loop
      vertex 1.36563 5.94569 37.6677
      vertex 1.81173 4.35561 40.2138
      vertex 1.36563 4.44569 40.2658
    endloop
  endfacet
  facet normal -0.227067 -0.843406 -0.486936
    outer loop
      vertex 1.81173 4.35561 40.2138
      vertex 1.36563 5.94569 37.6677
      vertex 1.81173 5.85561 37.6157
    endloop
  endfacet
  facet normal -0.162887 -0.854453 -0.493333
    outer loop
      vertex 0.913683 6.01031 37.7051
      vertex 1.36563 4.44569 40.2658
      vertex 0.913683 4.51031 40.3031
    endloop
  endfacet
  facet normal -0.162993 -0.854446 -0.49331
    outer loop
      vertex 1.36563 4.44569 40.2658
      vertex 0.913683 6.01031 37.7051
      vertex 1.36563 5.94569 37.6677
    endloop
  endfacet
  facet normal -0.471337 -0.763788 -0.440986
    outer loop
      vertex 3.09602 5.437 37.3741
      vertex 3.5 3.75 39.8642
      vertex 3.09602 3.937 39.9721
    endloop
  endfacet
  facet normal -0.471422 -0.763756 -0.440951
    outer loop
      vertex 3.5 3.75 39.8642
      vertex 3.09602 5.437 37.3741
      vertex 3.5 5.25 37.2661
    endloop
  endfacet
  facet normal -0.582474 -0.70395 -0.406422
    outer loop
      vertex 3.88899 5.04052 37.1451
      vertex 4.26133 3.30945 39.6098
      vertex 3.88899 3.54052 39.7432
    endloop
  endfacet
  facet normal -0.582474 -0.70395 -0.406422
    outer loop
      vertex 4.26133 3.30945 39.6098
      vertex 3.88899 5.04052 37.1451
      vertex 4.26133 4.80945 37.0117
    endloop
  endfacet
  facet normal 0.973878 -0.196647 -0.113538
    outer loop
      vertex -6.76148 0.069007 37.7389
      vertex -6.8655 1.18267 34.9178
      vertex -6.76148 1.56901 35.1409
    endloop
  endfacet
  facet normal 0.973872 -0.196672 -0.113547
    outer loop
      vertex -6.8655 1.18267 34.9178
      vertex -6.76148 0.069007 37.7389
      vertex -6.8655 -0.317328 37.5159
    endloop
  endfacet
  facet normal 0.812849 -0.504434 -0.291244
    outer loop
      vertex -5.55347 2.19042 38.9637
      vertex -5.82029 3.36797 36.1795
      vertex -5.55347 3.69042 36.3657
    endloop
  endfacet
  facet normal 0.812812 -0.504484 -0.291261
    outer loop
      vertex -5.82029 3.36797 36.1795
      vertex -5.55347 2.19042 38.9637
      vertex -5.82029 1.86797 38.7776
    endloop
  endfacet
  facet normal 0.729888 -0.591982 -0.341791
    outer loop
      vertex -4.94975 2.78661 39.3079
      vertex -5.26288 3.99707 36.5427
      vertex -4.94975 4.28661 36.7099
    endloop
  endfacet
  facet normal 0.729837 -0.592035 -0.341808
    outer loop
      vertex -5.26288 3.99707 36.5427
      vertex -4.94975 2.78661 39.3079
      vertex -5.26288 2.49707 39.1408
    endloop
  endfacet
  facet normal 0.849206 -0.457316 -0.264029
    outer loop
      vertex -5.82029 1.86797 38.7776
      vertex -6.06218 3.03109 35.985
      vertex -5.82029 3.36797 36.1795
    endloop
  endfacet
  facet normal 0.849206 -0.457316 -0.264029
    outer loop
      vertex -6.06218 3.03109 35.985
      vertex -5.82029 1.86797 38.7776
      vertex -6.06218 1.53109 38.5831
    endloop
  endfacet
  facet normal 0.986646 -0.141056 -0.0814377
    outer loop
      vertex -6.8655 -0.317328 37.5159
      vertex -6.94011 0.791273 34.6918
      vertex -6.8655 1.18267 34.9178
    endloop
  endfacet
  facet normal 0.986647 -0.141055 -0.0814375
    outer loop
      vertex -6.94011 0.791273 34.6918
      vertex -6.8655 -0.317328 37.5159
      vertex -6.94011 -0.708727 37.2899
    endloop
  endfacet
  facet normal 0.528108 -0.735411 -0.424586
    outer loop
      vertex -3.88899 3.54052 39.7432
      vertex -3.5 5.25 37.2661
      vertex -3.5 3.75 39.8642
    endloop
  endfacet
  facet normal 0.528108 -0.735411 -0.424586
    outer loop
      vertex -3.5 5.25 37.2661
      vertex -3.88899 3.54052 39.7432
      vertex -3.88899 5.04052 37.1451
    endloop
  endfacet
  facet normal 0.227067 -0.843406 -0.486936
    outer loop
      vertex -1.81173 4.35561 40.2138
      vertex -1.36563 5.94569 37.6677
      vertex -1.36563 4.44569 40.2658
    endloop
  endfacet
  facet normal 0.227067 -0.843406 -0.486936
    outer loop
      vertex -1.36563 5.94569 37.6677
      vertex -1.81173 4.35561 40.2138
      vertex -1.81173 5.85561 37.6157
    endloop
  endfacet
  facet normal 0.0980849 -0.861851 -0.497586
    outer loop
      vertex -0.913683 4.51031 40.3031
      vertex -0.457822 6.0492 37.7275
      vertex -0.457822 4.5492 40.3256
    endloop
  endfacet
  facet normal 0.0979768 -0.861852 -0.497605
    outer loop
      vertex -0.457822 6.0492 37.7275
      vertex -0.913683 4.51031 40.3031
      vertex -0.913683 6.01031 37.7051
    endloop
  endfacet
  facet normal -0.227067 0.843398 0.48695
    outer loop
      vertex 1.81173 -5.85561 30.8543
      vertex 1.36563 -7.44569 33.4003
      vertex 1.81173 -7.35561 33.4523
    endloop
  endfacet
  facet normal -0.227067 0.843398 0.48695
    outer loop
      vertex 1.36563 -7.44569 33.4003
      vertex 1.81173 -5.85561 30.8543
      vertex 1.36563 -5.94569 30.8023
    endloop
  endfacet
  facet normal 0.683551 0.632116 0.364949
    outer loop
      vertex -4.94975 -5.78661 34.3582
      vertex -4.61542 -4.55779 31.6036
      vertex -4.94975 -4.28661 31.7601
    endloop
  endfacet
  facet normal 0.683609 0.632062 0.364932
    outer loop
      vertex -4.61542 -4.55779 31.6036
      vertex -4.94975 -5.78661 34.3582
      vertex -4.61542 -6.05779 34.2016
    endloop
  endfacet
  facet normal 0.528029 0.735446 0.424622
    outer loop
      vertex -3.5 -6.75 33.802
      vertex -3.88899 -5.04052 31.3249
      vertex -3.88899 -6.54052 33.9229
    endloop
  endfacet
  facet normal 0.528108 0.735411 0.424586
    outer loop
      vertex -3.88899 -5.04052 31.3249
      vertex -3.5 -6.75 33.802
      vertex -3.5 -5.25 31.2039
    endloop
  endfacet
  facet normal 0.162887 0.854453 0.493333
    outer loop
      vertex -0.913683 -7.51031 33.363
      vertex -1.36563 -5.94569 30.8023
      vertex -1.36563 -7.44569 33.4003
    endloop
  endfacet
  facet normal 0.162993 0.854446 0.49331
    outer loop
      vertex -1.36563 -5.94569 30.8023
      vertex -0.913683 -7.51031 33.363
      vertex -0.913683 -6.01031 30.7649
    endloop
  endfacet
  facet normal 0.973878 0.196649 0.113534
    outer loop
      vertex -6.8655 -2.68267 36.1503
      vertex -6.76148 -1.56901 33.3291
      vertex -6.8655 -1.18267 33.5522
    endloop
  endfacet
  facet normal 0.973878 0.196649 0.113534
    outer loop
      vertex -6.76148 -1.56901 33.3291
      vertex -6.8655 -2.68267 36.1503
      vertex -6.76148 -3.06901 35.9272
    endloop
  endfacet
  facet normal -0.986646 -0.141056 -0.0814377
    outer loop
      vertex 6.94011 0.791273 34.6918
      vertex 6.8655 -0.317328 37.5159
      vertex 6.8655 1.18267 34.9178
    endloop
  endfacet
  facet normal -0.986647 -0.141055 -0.0814375
    outer loop
      vertex 6.8655 -0.317328 37.5159
      vertex 6.94011 0.791273 34.6918
      vertex 6.94011 -0.708727 37.2899
    endloop
  endfacet
  facet normal -0.935915 -0.305038 -0.176112
    outer loop
      vertex 6.62851 1.94862 35.36
      vertex 6.46716 0.819894 38.1725
      vertex 6.46716 2.31989 35.5744
    endloop
  endfacet
  facet normal -0.935915 -0.305037 -0.176111
    outer loop
      vertex 6.46716 0.819894 38.1725
      vertex 6.62851 1.94862 35.36
      vertex 6.62851 0.448622 37.9581
    endloop
  endfacet
  facet normal -0.956933 -0.251416 -0.145154
    outer loop
      vertex 6.76148 1.56901 35.1409
      vertex 6.62851 0.448622 37.9581
      vertex 6.62851 1.94862 35.36
    endloop
  endfacet
  facet normal -0.956943 -0.251385 -0.145142
    outer loop
      vertex 6.62851 0.448622 37.9581
      vertex 6.76148 1.56901 35.1409
      vertex 6.76148 0.069007 37.7389
    endloop
  endfacet
  facet normal -0.729888 -0.591982 -0.341791
    outer loop
      vertex 5.26288 3.99707 36.5427
      vertex 4.94975 2.78661 39.3079
      vertex 4.94975 4.28661 36.7099
    endloop
  endfacet
  facet normal -0.729837 -0.592035 -0.341808
    outer loop
      vertex 4.94975 2.78661 39.3079
      vertex 5.26288 3.99707 36.5427
      vertex 5.26288 2.49707 39.1408
    endloop
  endfacet
  facet normal -0.849206 -0.457316 -0.264029
    outer loop
      vertex 6.06218 3.03109 35.985
      vertex 5.82029 1.86797 38.7776
      vertex 5.82029 3.36797 36.1795
    endloop
  endfacet
  facet normal -0.849206 -0.457316 -0.264029
    outer loop
      vertex 5.82029 1.86797 38.7776
      vertex 6.06218 3.03109 35.985
      vertex 6.06218 1.53109 38.5831
    endloop
  endfacet
  facet normal -0.290286 -0.828736 -0.478467
    outer loop
      vertex 1.81173 5.85561 37.6157
      vertex 2.25008 4.24046 40.1473
      vertex 1.81173 4.35561 40.2138
    endloop
  endfacet
  facet normal -0.290186 -0.828754 -0.478496
    outer loop
      vertex 2.25008 4.24046 40.1473
      vertex 1.81173 5.85561 37.6157
      vertex 2.25008 5.74046 37.5493
    endloop
  endfacet
  facet normal -0.352187 -0.810533 -0.467975
    outer loop
      vertex 2.25008 5.74046 37.5493
      vertex 2.67878 4.10072 40.0667
      vertex 2.25008 4.24046 40.1473
    endloop
  endfacet
  facet normal -0.352283 -0.810509 -0.467944
    outer loop
      vertex 2.67878 4.10072 40.0667
      vertex 2.25008 5.74046 37.5493
      vertex 2.67878 5.60072 37.4686
    endloop
  endfacet
  facet normal -0.0980849 -0.861851 -0.497586
    outer loop
      vertex 0.457822 6.0492 37.7275
      vertex 0.913683 4.51031 40.3031
      vertex 0.457822 4.5492 40.3256
    endloop
  endfacet
  facet normal -0.0979768 -0.861852 -0.497605
    outer loop
      vertex 0.913683 4.51031 40.3031
      vertex 0.457822 6.0492 37.7275
      vertex 0.913683 6.01031 37.7051
    endloop
  endfacet
  facet normal -0.634393 -0.669448 -0.386503
    outer loop
      vertex 4.26133 4.80945 37.0117
      vertex 4.61542 3.05779 39.4645
      vertex 4.26133 3.30945 39.6098
    endloop
  endfacet
  facet normal -0.634393 -0.669448 -0.386503
    outer loop
      vertex 4.61542 3.05779 39.4645
      vertex 4.26133 4.80945 37.0117
      vertex 4.61542 4.55779 36.8664
    endloop
  endfacet
  facet normal 0.772994 -0.549419 -0.317204
    outer loop
      vertex -5.26288 2.49707 39.1408
      vertex -5.55347 3.69042 36.3657
      vertex -5.26288 3.99707 36.5427
    endloop
  endfacet
  facet normal 0.773038 -0.549367 -0.317187
    outer loop
      vertex -5.55347 3.69042 36.3657
      vertex -5.26288 2.49707 39.1408
      vertex -5.55347 2.19042 38.9637
    endloop
  endfacet
  facet normal 0.881927 -0.408234 -0.235692
    outer loop
      vertex -6.06218 1.53109 38.5831
      vertex -6.27811 2.68123 35.783
      vertex -6.06218 3.03109 35.985
    endloop
  endfacet
  facet normal 0.881927 -0.408234 -0.235692
    outer loop
      vertex -6.27811 2.68123 35.783
      vertex -6.06218 1.53109 38.5831
      vertex -6.27811 1.18123 38.3811
    endloop
  endfacet
  facet normal 0.956933 -0.251416 -0.145154
    outer loop
      vertex -6.62851 0.448622 37.9581
      vertex -6.76148 1.56901 35.1409
      vertex -6.62851 1.94862 35.36
    endloop
  endfacet
  facet normal 0.956943 -0.251385 -0.145142
    outer loop
      vertex -6.76148 1.56901 35.1409
      vertex -6.62851 0.448622 37.9581
      vertex -6.76148 0.069007 37.7389
    endloop
  endfacet
  facet normal 0.935915 -0.305038 -0.176112
    outer loop
      vertex -6.46716 0.819894 38.1725
      vertex -6.62851 1.94862 35.36
      vertex -6.46716 2.31989 35.5744
    endloop
  endfacet
  facet normal 0.935915 -0.305037 -0.176111
    outer loop
      vertex -6.62851 1.94862 35.36
      vertex -6.46716 0.819894 38.1725
      vertex -6.62851 0.448622 37.9581
    endloop
  endfacet
  facet normal 0.995184 -0.0848912 -0.0490115
    outer loop
      vertex -6.94011 -0.708727 37.2899
      vertex -6.98501 0.396485 34.4639
      vertex -6.94011 0.791273 34.6918
    endloop
  endfacet
  facet normal 0.995184 -0.0848921 -0.0490119
    outer loop
      vertex -6.98501 0.396485 34.4639
      vertex -6.94011 -0.708727 37.2899
      vertex -6.98501 -1.10351 37.062
    endloop
  endfacet
  facet normal 0.471337 -0.763788 -0.440986
    outer loop
      vertex -3.5 3.75 39.8642
      vertex -3.09602 5.437 37.3741
      vertex -3.09602 3.937 39.9721
    endloop
  endfacet
  facet normal 0.471422 -0.763756 -0.440951
    outer loop
      vertex -3.09602 5.437 37.3741
      vertex -3.5 3.75 39.8642
      vertex -3.5 5.25 37.2661
    endloop
  endfacet
  facet normal 0.412773 -0.788807 -0.455414
    outer loop
      vertex -3.09602 3.937 39.9721
      vertex -2.67878 5.60072 37.4686
      vertex -2.67878 4.10072 40.0667
    endloop
  endfacet
  facet normal 0.412683 -0.788835 -0.455447
    outer loop
      vertex -2.67878 5.60072 37.4686
      vertex -3.09602 3.937 39.9721
      vertex -3.09602 5.437 37.3741
    endloop
  endfacet
  facet normal 0.582474 -0.70395 -0.406422
    outer loop
      vertex -4.26133 3.30945 39.6098
      vertex -3.88899 5.04052 37.1451
      vertex -3.88899 3.54052 39.7432
    endloop
  endfacet
  facet normal 0.582474 -0.70395 -0.406422
    outer loop
      vertex -3.88899 5.04052 37.1451
      vertex -4.26133 3.30945 39.6098
      vertex -4.26133 4.80945 37.0117
    endloop
  endfacet
  facet normal 0.634393 -0.669448 -0.386503
    outer loop
      vertex -4.61542 3.05779 39.4645
      vertex -4.26133 4.80945 37.0117
      vertex -4.26133 3.30945 39.6098
    endloop
  endfacet
  facet normal 0.634393 -0.669448 -0.386503
    outer loop
      vertex -4.26133 4.80945 37.0117
      vertex -4.61542 3.05779 39.4645
      vertex -4.61542 4.55779 36.8664
    endloop
  endfacet
  facet normal 0.290286 -0.828736 -0.478467
    outer loop
      vertex -2.25008 4.24046 40.1473
      vertex -1.81173 5.85561 37.6157
      vertex -1.81173 4.35561 40.2138
    endloop
  endfacet
  facet normal 0.290186 -0.828754 -0.478496
    outer loop
      vertex -1.81173 5.85561 37.6157
      vertex -2.25008 4.24046 40.1473
      vertex -2.25008 5.74046 37.5493
    endloop
  endfacet
  facet normal 0.0327266 -0.865563 -0.499729
    outer loop
      vertex -0.457822 4.5492 40.3256
      vertex 0 6.06218 37.735
      vertex 0 4.56218 40.3331
    endloop
  endfacet
  facet normal 0.0327266 -0.865563 -0.499729
    outer loop
      vertex 0 6.06218 37.735
      vertex -0.457822 4.5492 40.3256
      vertex -0.457822 6.0492 37.7275
    endloop
  endfacet
  facet normal -0.0327266 0.865563 0.499729
    outer loop
      vertex 0.457822 -6.0492 30.7425
      vertex 0 -7.56218 33.3331
      vertex 0.457822 -7.5492 33.3406
    endloop
  endfacet
  facet normal -0.0327266 0.865563 0.499729
    outer loop
      vertex 0 -7.56218 33.3331
      vertex 0.457822 -6.0492 30.7425
      vertex 0 -6.06218 30.735
    endloop
  endfacet
  facet normal -0.162887 0.854453 0.493333
    outer loop
      vertex 1.36563 -5.94569 30.8023
      vertex 0.913683 -7.51031 33.363
      vertex 1.36563 -7.44569 33.4003
    endloop
  endfacet
  facet normal -0.162993 0.854446 0.49331
    outer loop
      vertex 0.913683 -7.51031 33.363
      vertex 1.36563 -5.94569 30.8023
      vertex 0.913683 -6.01031 30.7649
    endloop
  endfacet
  facet normal -0.290286 0.828736 0.478467
    outer loop
      vertex 2.25008 -5.74046 30.9207
      vertex 1.81173 -7.35561 33.4523
      vertex 2.25008 -7.24046 33.5188
    endloop
  endfacet
  facet normal -0.290186 0.828754 0.478496
    outer loop
      vertex 1.81173 -7.35561 33.4523
      vertex 2.25008 -5.74046 30.9207
      vertex 1.81173 -5.85561 30.8543
    endloop
  endfacet
  facet normal -0.582474 0.703943 0.406434
    outer loop
      vertex 4.26133 -4.80945 31.4583
      vertex 3.88899 -6.54052 33.9229
      vertex 4.26133 -6.30945 34.0563
    endloop
  endfacet
  facet normal -0.582474 0.703943 0.406434
    outer loop
      vertex 3.88899 -6.54052 33.9229
      vertex 4.26133 -4.80945 31.4583
      vertex 3.88899 -5.04052 31.3249
    endloop
  endfacet
  facet normal -0.683551 0.632116 0.364949
    outer loop
      vertex 4.61542 -4.55779 31.6036
      vertex 4.94975 -5.78661 34.3582
      vertex 4.94975 -4.28661 31.7601
    endloop
  endfacet
  facet normal -0.683609 0.632062 0.364932
    outer loop
      vertex 4.94975 -5.78661 34.3582
      vertex 4.61542 -4.55779 31.6036
      vertex 4.61542 -6.05779 34.2016
    endloop
  endfacet
  facet normal -0.528029 0.735446 0.424622
    outer loop
      vertex 3.88899 -5.04052 31.3249
      vertex 3.5 -6.75 33.802
      vertex 3.88899 -6.54052 33.9229
    endloop
  endfacet
  facet normal -0.528108 0.735411 0.424586
    outer loop
      vertex 3.5 -6.75 33.802
      vertex 3.88899 -5.04052 31.3249
      vertex 3.5 -5.25 31.2039
    endloop
  endfacet
  facet normal -0.412683 0.788842 0.455434
    outer loop
      vertex 3.09602 -5.437 31.0959
      vertex 2.67878 -7.10072 33.5995
      vertex 3.09602 -6.937 33.694
    endloop
  endfacet
  facet normal -0.412683 0.788842 0.455434
    outer loop
      vertex 2.67878 -7.10072 33.5995
      vertex 3.09602 -5.437 31.0959
      vertex 2.67878 -5.60072 31.0014
    endloop
  endfacet
  facet normal -0.772994 0.549419 0.317204
    outer loop
      vertex 5.26288 -3.99707 31.9273
      vertex 5.55347 -5.19042 34.7024
      vertex 5.55347 -3.69042 32.1043
    endloop
  endfacet
  facet normal -0.772994 0.549419 0.317204
    outer loop
      vertex 5.55347 -5.19042 34.7024
      vertex 5.26288 -3.99707 31.9273
      vertex 5.26288 -5.49707 34.5254
    endloop
  endfacet
  facet normal -0.849206 0.457316 0.264029
    outer loop
      vertex 5.82029 -3.36797 32.2905
      vertex 6.06218 -4.53109 35.0831
      vertex 6.06218 -3.03109 32.485
    endloop
  endfacet
  facet normal -0.849206 0.457316 0.264029
    outer loop
      vertex 6.06218 -4.53109 35.0831
      vertex 5.82029 -3.36797 32.2905
      vertex 5.82029 -4.86797 34.8886
    endloop
  endfacet
  facet normal -0.881927 0.408234 0.235692
    outer loop
      vertex 6.06218 -3.03109 32.485
      vertex 6.27811 -4.18123 35.2851
      vertex 6.27811 -2.68123 32.687
    endloop
  endfacet
  facet normal -0.881927 0.408234 0.235692
    outer loop
      vertex 6.27811 -4.18123 35.2851
      vertex 6.06218 -3.03109 32.485
      vertex 6.06218 -4.53109 35.0831
    endloop
  endfacet
  facet normal -0.995184 0.0848912 0.0490116
    outer loop
      vertex 6.94011 -0.791273 33.7782
      vertex 6.98501 -1.89649 36.6042
      vertex 6.98501 -0.396485 34.0061
    endloop
  endfacet
  facet normal -0.995185 0.0848825 0.0490083
    outer loop
      vertex 6.98501 -1.89649 36.6042
      vertex 6.94011 -0.791273 33.7782
      vertex 6.94011 -2.29127 36.3762
    endloop
  endfacet
  facet normal 0.634393 0.669442 0.386514
    outer loop
      vertex -4.26133 -6.30945 34.0563
      vertex -4.61542 -4.55779 31.6036
      vertex -4.61542 -6.05779 34.2016
    endloop
  endfacet
  facet normal 0.634393 0.669442 0.386514
    outer loop
      vertex -4.61542 -4.55779 31.6036
      vertex -4.26133 -6.30945 34.0563
      vertex -4.26133 -4.80945 31.4583
    endloop
  endfacet
  facet normal 0.471422 0.763756 0.440951
    outer loop
      vertex -3.09602 -6.937 33.694
      vertex -3.5 -5.25 31.2039
      vertex -3.5 -6.75 33.802
    endloop
  endfacet
  facet normal 0.471422 0.763756 0.440951
    outer loop
      vertex -3.5 -5.25 31.2039
      vertex -3.09602 -6.937 33.694
      vertex -3.09602 -5.437 31.0959
    endloop
  endfacet
  facet normal 0.352283 0.810509 0.467944
    outer loop
      vertex -2.25008 -7.24046 33.5188
      vertex -2.67878 -5.60072 31.0014
      vertex -2.67878 -7.10072 33.5995
    endloop
  endfacet
  facet normal 0.352283 0.810509 0.467944
    outer loop
      vertex -2.67878 -5.60072 31.0014
      vertex -2.25008 -7.24046 33.5188
      vertex -2.25008 -5.74046 30.9207
    endloop
  endfacet
  facet normal 0.227067 0.843398 0.48695
    outer loop
      vertex -1.36563 -7.44569 33.4003
      vertex -1.81173 -5.85561 30.8543
      vertex -1.81173 -7.35561 33.4523
    endloop
  endfacet
  facet normal 0.227067 0.843398 0.48695
    outer loop
      vertex -1.81173 -5.85561 30.8543
      vertex -1.36563 -7.44569 33.4003
      vertex -1.36563 -5.94569 30.8023
    endloop
  endfacet
  facet normal 0.0979768 0.861861 0.497591
    outer loop
      vertex -0.457822 -7.5492 33.3406
      vertex -0.913683 -6.01031 30.7649
      vertex -0.913683 -7.51031 33.363
    endloop
  endfacet
  facet normal 0.0979768 0.861861 0.497591
    outer loop
      vertex -0.913683 -6.01031 30.7649
      vertex -0.457822 -7.5492 33.3406
      vertex -0.457822 -6.0492 30.7425
    endloop
  endfacet
  facet normal 0.910859 0.357425 0.206357
    outer loop
      vertex -6.46716 -3.81989 35.4937
      vertex -6.27811 -2.68123 32.687
      vertex -6.46716 -2.31989 32.8956
    endloop
  endfacet
  facet normal 0.910859 0.357425 0.206357
    outer loop
      vertex -6.27811 -2.68123 32.687
      vertex -6.46716 -3.81989 35.4937
      vertex -6.27811 -4.18123 35.2851
    endloop
  endfacet
  facet normal 0.849206 0.457316 0.264029
    outer loop
      vertex -6.06218 -4.53109 35.0831
      vertex -5.82029 -3.36797 32.2905
      vertex -6.06218 -3.03109 32.485
    endloop
  endfacet
  facet normal 0.849206 0.457316 0.264029
    outer loop
      vertex -5.82029 -3.36797 32.2905
      vertex -6.06218 -4.53109 35.0831
      vertex -5.82029 -4.86797 34.8886
    endloop
  endfacet
  facet normal 0.812849 0.504439 0.291235
    outer loop
      vertex -5.82029 -4.86797 34.8886
      vertex -5.55347 -3.69042 32.1043
      vertex -5.82029 -3.36797 32.2905
    endloop
  endfacet
  facet normal 0.812849 0.504439 0.291235
    outer loop
      vertex -5.55347 -3.69042 32.1043
      vertex -5.82029 -4.86797 34.8886
      vertex -5.55347 -5.19042 34.7024
    endloop
  endfacet
  facet normal 0.729888 0.591987 0.341781
    outer loop
      vertex -5.26288 -5.49707 34.5254
      vertex -4.94975 -4.28661 31.7601
      vertex -5.26288 -3.99707 31.9273
    endloop
  endfacet
  facet normal 0.729888 0.591987 0.341781
    outer loop
      vertex -4.94975 -4.28661 31.7601
      vertex -5.26288 -5.49707 34.5254
      vertex -4.94975 -5.78661 34.3582
    endloop
  endfacet
  facet normal 0.956933 0.251416 0.145154
    outer loop
      vertex -6.76148 -3.06901 35.9272
      vertex -6.62851 -1.94862 33.11
      vertex -6.76148 -1.56901 33.3291
    endloop
  endfacet
  facet normal 0.956942 0.251388 0.145143
    outer loop
      vertex -6.62851 -1.94862 33.11
      vertex -6.76148 -3.06901 35.9272
      vertex -6.62851 -3.44862 35.708
    endloop
  endfacet
  facet normal 0.986646 0.141054 0.08144
    outer loop
      vertex -6.94011 -2.29127 36.3762
      vertex -6.8655 -1.18267 33.5522
      vertex -6.94011 -0.791273 33.7782
    endloop
  endfacet
  facet normal 0.986644 0.14107 0.0814461
    outer loop
      vertex -6.8655 -1.18267 33.5522
      vertex -6.94011 -2.29127 36.3762
      vertex -6.8655 -2.68267 36.1503
    endloop
  endfacet
  facet normal 0.999464 0.0283406 0.0163623
    outer loop
      vertex -7 -1.5 36.8331
      vertex -6.98501 -0.396485 34.0061
      vertex -7 0 34.235
    endloop
  endfacet
  facet normal 0.999464 0.0283403 0.0163622
    outer loop
      vertex -6.98501 -0.396485 34.0061
      vertex -7 -1.5 36.8331
      vertex -6.98501 -1.89649 36.6042
    endloop
  endfacet
  facet normal -0.0979768 0.861861 0.497591
    outer loop
      vertex 0.913683 -6.01031 30.7649
      vertex 0.457822 -7.5492 33.3406
      vertex 0.913683 -7.51031 33.363
    endloop
  endfacet
  facet normal -0.0979768 0.861861 0.497591
    outer loop
      vertex 0.457822 -7.5492 33.3406
      vertex 0.913683 -6.01031 30.7649
      vertex 0.457822 -6.0492 30.7425
    endloop
  endfacet
  facet normal -0.352283 0.810509 0.467944
    outer loop
      vertex 2.67878 -5.60072 31.0014
      vertex 2.25008 -7.24046 33.5188
      vertex 2.67878 -7.10072 33.5995
    endloop
  endfacet
  facet normal -0.352283 0.810509 0.467944
    outer loop
      vertex 2.25008 -7.24046 33.5188
      vertex 2.67878 -5.60072 31.0014
      vertex 2.25008 -5.74046 30.9207
    endloop
  endfacet
  facet normal -0.634393 0.669442 0.386514
    outer loop
      vertex 4.61542 -4.55779 31.6036
      vertex 4.26133 -6.30945 34.0563
      vertex 4.61542 -6.05779 34.2016
    endloop
  endfacet
  facet normal -0.634393 0.669442 0.386514
    outer loop
      vertex 4.26133 -6.30945 34.0563
      vertex 4.61542 -4.55779 31.6036
      vertex 4.26133 -4.80945 31.4583
    endloop
  endfacet
  facet normal -0.729888 0.591987 0.341781
    outer loop
      vertex 4.94975 -4.28661 31.7601
      vertex 5.26288 -5.49707 34.5254
      vertex 5.26288 -3.99707 31.9273
    endloop
  endfacet
  facet normal -0.729888 0.591987 0.341781
    outer loop
      vertex 5.26288 -5.49707 34.5254
      vertex 4.94975 -4.28661 31.7601
      vertex 4.94975 -5.78661 34.3582
    endloop
  endfacet
  facet normal -0.471422 0.763756 0.440951
    outer loop
      vertex 3.5 -5.25 31.2039
      vertex 3.09602 -6.937 33.694
      vertex 3.5 -6.75 33.802
    endloop
  endfacet
  facet normal -0.471422 0.763756 0.440951
    outer loop
      vertex 3.09602 -6.937 33.694
      vertex 3.5 -5.25 31.2039
      vertex 3.09602 -5.437 31.0959
    endloop
  endfacet
  facet normal -0.812849 0.504439 0.291235
    outer loop
      vertex 5.55347 -3.69042 32.1043
      vertex 5.82029 -4.86797 34.8886
      vertex 5.82029 -3.36797 32.2905
    endloop
  endfacet
  facet normal -0.812849 0.504439 0.291235
    outer loop
      vertex 5.82029 -4.86797 34.8886
      vertex 5.55347 -3.69042 32.1043
      vertex 5.55347 -5.19042 34.7024
    endloop
  endfacet
  facet normal -0.910859 0.357425 0.206357
    outer loop
      vertex 6.27811 -2.68123 32.687
      vertex 6.46716 -3.81989 35.4937
      vertex 6.46716 -2.31989 32.8956
    endloop
  endfacet
  facet normal -0.910859 0.357425 0.206357
    outer loop
      vertex 6.46716 -3.81989 35.4937
      vertex 6.27811 -2.68123 32.687
      vertex 6.27811 -4.18123 35.2851
    endloop
  endfacet
  facet normal -0.973878 0.196649 0.113534
    outer loop
      vertex 6.76148 -1.56901 33.3291
      vertex 6.8655 -2.68267 36.1503
      vertex 6.8655 -1.18267 33.5522
    endloop
  endfacet
  facet normal -0.973878 0.196649 0.113534
    outer loop
      vertex 6.8655 -2.68267 36.1503
      vertex 6.76148 -1.56901 33.3291
      vertex 6.76148 -3.06901 35.9272
    endloop
  endfacet
  facet normal -0.999464 0.0283406 0.0163623
    outer loop
      vertex 6.98501 -0.396485 34.0061
      vertex 7 -1.5 36.8331
      vertex 7 0 34.235
    endloop
  endfacet
  facet normal -0.999464 0.0283403 0.0163622
    outer loop
      vertex 7 -1.5 36.8331
      vertex 6.98501 -0.396485 34.0061
      vertex 6.98501 -1.89649 36.6042
    endloop
  endfacet
  facet normal 0.582474 0.703943 0.406434
    outer loop
      vertex -3.88899 -6.54052 33.9229
      vertex -4.26133 -4.80945 31.4583
      vertex -4.26133 -6.30945 34.0563
    endloop
  endfacet
  facet normal 0.582474 0.703943 0.406434
    outer loop
      vertex -4.26133 -4.80945 31.4583
      vertex -3.88899 -6.54052 33.9229
      vertex -3.88899 -5.04052 31.3249
    endloop
  endfacet
  facet normal 0.412683 0.788842 0.455434
    outer loop
      vertex -2.67878 -7.10072 33.5995
      vertex -3.09602 -5.437 31.0959
      vertex -3.09602 -6.937 33.694
    endloop
  endfacet
  facet normal 0.412683 0.788842 0.455434
    outer loop
      vertex -3.09602 -5.437 31.0959
      vertex -2.67878 -7.10072 33.5995
      vertex -2.67878 -5.60072 31.0014
    endloop
  endfacet
  facet normal 0.290286 0.828736 0.478467
    outer loop
      vertex -1.81173 -7.35561 33.4523
      vertex -2.25008 -5.74046 30.9207
      vertex -2.25008 -7.24046 33.5188
    endloop
  endfacet
  facet normal 0.290186 0.828754 0.478496
    outer loop
      vertex -2.25008 -5.74046 30.9207
      vertex -1.81173 -7.35561 33.4523
      vertex -1.81173 -5.85561 30.8543
    endloop
  endfacet
  facet normal 0.0327266 0.865563 0.499729
    outer loop
      vertex 0 -7.56218 33.3331
      vertex -0.457822 -6.0492 30.7425
      vertex -0.457822 -7.5492 33.3406
    endloop
  endfacet
  facet normal 0.0327266 0.865563 0.499729
    outer loop
      vertex -0.457822 -6.0492 30.7425
      vertex 0 -7.56218 33.3331
      vertex 0 -6.06218 30.735
    endloop
  endfacet
  facet normal 0.881927 0.408234 0.235692
    outer loop
      vertex -6.27811 -4.18123 35.2851
      vertex -6.06218 -3.03109 32.485
      vertex -6.27811 -2.68123 32.687
    endloop
  endfacet
  facet normal 0.881927 0.408234 0.235692
    outer loop
      vertex -6.06218 -3.03109 32.485
      vertex -6.27811 -4.18123 35.2851
      vertex -6.06218 -4.53109 35.0831
    endloop
  endfacet
  facet normal 0.772994 0.549419 0.317204
    outer loop
      vertex -5.55347 -5.19042 34.7024
      vertex -5.26288 -3.99707 31.9273
      vertex -5.55347 -3.69042 32.1043
    endloop
  endfacet
  facet normal 0.772994 0.549419 0.317204
    outer loop
      vertex -5.26288 -3.99707 31.9273
      vertex -5.55347 -5.19042 34.7024
      vertex -5.26288 -5.49707 34.5254
    endloop
  endfacet
  facet normal 0.995184 0.0848912 0.0490116
    outer loop
      vertex -6.98501 -1.89649 36.6042
      vertex -6.94011 -0.791273 33.7782
      vertex -6.98501 -0.396485 34.0061
    endloop
  endfacet
  facet normal 0.995185 0.0848825 0.0490083
    outer loop
      vertex -6.94011 -0.791273 33.7782
      vertex -6.98501 -1.89649 36.6042
      vertex -6.94011 -2.29127 36.3762
    endloop
  endfacet
  facet normal -0.986646 0.141054 0.08144
    outer loop
      vertex 6.8655 -1.18267 33.5522
      vertex 6.94011 -2.29127 36.3762
      vertex 6.94011 -0.791273 33.7782
    endloop
  endfacet
  facet normal -0.986644 0.14107 0.0814461
    outer loop
      vertex 6.94011 -2.29127 36.3762
      vertex 6.8655 -1.18267 33.5522
      vertex 6.8655 -2.68267 36.1503
    endloop
  endfacet
  facet normal 1 0 0
    outer loop
      vertex -20 -17.0885 27.8331
      vertex -20 -22.5167 21.235
      vertex -20 -15.5885 25.235
    endloop
  endfacet
  facet normal 1 0 -0
    outer loop
      vertex -20 -22.5167 21.235
      vertex -20 -17.0885 27.8331
      vertex -20 -24.0167 23.8331
    endloop
  endfacet
  facet normal -1 0 0
    outer loop
      vertex 20 -22.5167 21.235
      vertex 20 -17.0885 27.8331
      vertex 20 -15.5885 25.235
    endloop
  endfacet
  facet normal -1 0 0
    outer loop
      vertex 20 -17.0885 27.8331
      vertex 20 -22.5167 21.235
      vertex 20 -24.0167 23.8331
    endloop
  endfacet
  facet normal 0 -0.866027 -0.499997
    outer loop
      vertex -20 -15.5885 25.235
      vertex 20 -17.0885 27.8331
      vertex -20 -17.0885 27.8331
    endloop
  endfacet
  facet normal 0 -0.866027 -0.499997
    outer loop
      vertex 20 -17.0885 27.8331
      vertex -20 -15.5885 25.235
      vertex 20 -15.5885 25.235
    endloop
  endfacet
  facet normal 0 0.866027 0.499997
    outer loop
      vertex 20 -22.5167 21.235
      vertex -20 -24.0167 23.8331
      vertex 20 -24.0167 23.8331
    endloop
  endfacet
  facet normal 0 0.866027 0.499997
    outer loop
      vertex -20 -24.0167 23.8331
      vertex 20 -22.5167 21.235
      vertex -20 -22.5167 21.235
    endloop
  endfacet
  facet normal -1 0 0
    outer loop
      vertex 47.555 -28.0091 18.0639
      vertex 47.555 34.235 0.0999994
      vertex 47.555 34.235 0
    endloop
  endfacet
  facet normal -1 0 0
    outer loop
      vertex 47.555 34.235 0.0999994
      vertex 47.555 28.0091 50.4061
      vertex 47.555 29.6484 51.3525
    endloop
  endfacet
  facet normal -1 -0 0
    outer loop
      vertex 47.555 29.6484 51.3525
      vertex 47.555 28.0091 50.4061
      vertex 47.555 29.5984 51.4391
    endloop
  endfacet
  facet normal -1 0 0
    outer loop
      vertex 47.555 34.235 0.0999994
      vertex 47.555 -28.0091 18.0639
      vertex 47.555 28.0091 50.4061
    endloop
  endfacet
  facet normal -1 -0 0
    outer loop
      vertex 47.555 -28.0091 18.0639
      vertex 47.555 -29.6984 17.2041
      vertex 47.555 -28.0591 18.1505
    endloop
  endfacet
  facet normal -1 0 0
    outer loop
      vertex 47.555 -34.235 0
      vertex 47.555 -28.0091 18.0639
      vertex 47.555 34.235 0
    endloop
  endfacet
  facet normal -1 0 0
    outer loop
      vertex 47.555 -34.235 0.0999994
      vertex 47.555 -28.0091 18.0639
      vertex 47.555 -34.235 0
    endloop
  endfacet
  facet normal -1 0 0
    outer loop
      vertex 47.555 -28.0091 18.0639
      vertex 47.555 -34.235 0.0999994
      vertex 47.555 -29.6984 17.2041
    endloop
  endfacet
  facet normal -1 0 0
    outer loop
      vertex 47.555 29.5984 51.4391
      vertex 47.555 28.0091 50.4061
      vertex 47.555 27.9591 50.4927
    endloop
  endfacet
  facet normal 0 -0.966579 0.25637
    outer loop
      vertex 47.555 -34.235 0.0999994
      vertex 49.955 -29.6984 17.2041
      vertex 47.555 -29.6984 17.2041
    endloop
  endfacet
  facet normal 0 -0.966579 0.25637
    outer loop
      vertex 49.955 -29.6984 17.2041
      vertex 47.555 -34.235 0.0999994
      vertex 49.955 -34.235 0.0999994
    endloop
  endfacet
  facet normal 1 0 0
    outer loop
      vertex 49.955 29.5984 51.4391
      vertex 49.955 23.2764 47.7891
      vertex 49.955 -29.6984 17.2041
    endloop
  endfacet
  facet normal -0.00186371 -0.499998 0.866024
    outer loop
      vertex 49.955 29.5984 51.4391
      vertex 49.9393 23.6899 48.0278
      vertex 49.955 23.2764 47.7891
    endloop
  endfacet
  facet normal 5.58209e-05 -0.500003 0.866024
    outer loop
      vertex 49.955 29.5984 51.4391
      vertex 49.8925 24.1016 48.2655
      vertex 49.9393 23.6899 48.0278
    endloop
  endfacet
  facet normal 0.000859221 -0.50001 0.866019
    outer loop
      vertex 49.955 29.5984 51.4391
      vertex 49.8147 24.5097 48.5012
      vertex 49.8925 24.1016 48.2655
    endloop
  endfacet
  facet normal -6.87104e-05 -0.499991 0.866031
    outer loop
      vertex 49.955 29.5984 51.4391
      vertex 49.7062 24.9126 48.7338
      vertex 49.8147 24.5097 48.5012
    endloop
  endfacet
  facet normal -0.00037396 -0.499978 0.866038
    outer loop
      vertex 49.955 29.5984 51.4391
      vertex 49.5676 25.3085 48.9623
      vertex 49.7062 24.9126 48.7338
    endloop
  endfacet
  facet normal 0.000203277 -0.500018 0.866015
    outer loop
      vertex 49.955 29.5984 51.4391
      vertex 49.3993 25.6957 49.1859
      vertex 49.5676 25.3085 48.9623
    endloop
  endfacet
  facet normal 0.000196167 -0.500017 0.866016
    outer loop
      vertex 49.955 29.5984 51.4391
      vertex 49.2021 26.0725 49.4035
      vertex 49.3993 25.6957 49.1859
    endloop
  endfacet
  facet normal -0.00019122 -0.499955 0.866052
    outer loop
      vertex 49.955 29.5984 51.4391
      vertex 48.977 26.4374 49.6141
      vertex 49.2021 26.0725 49.4035
    endloop
  endfacet
  facet normal -5.44168e-05 -0.499987 0.866033
    outer loop
      vertex 49.955 29.5984 51.4391
      vertex 48.7247 26.7887 49.8169
      vertex 48.977 26.4374 49.6141
    endloop
  endfacet
  facet normal 7.09088e-05 -0.500028 0.866009
    outer loop
      vertex 49.955 29.5984 51.4391
      vertex 48.4465 27.125 50.0111
      vertex 48.7247 26.7887 49.8169
    endloop
  endfacet
  facet normal 4.07999e-05 -0.500014 0.866017
    outer loop
      vertex 49.955 29.5984 51.4391
      vertex 48.1434 27.4447 50.1957
      vertex 48.4465 27.125 50.0111
    endloop
  endfacet
  facet normal -8.09686e-05 -0.499937 0.866062
    outer loop
      vertex 49.955 29.5984 51.4391
      vertex 47.8169 27.7467 50.37
      vertex 48.1434 27.4447 50.1957
    endloop
  endfacet
  facet normal 0 -0.500007 0.866021
    outer loop
      vertex 47.555 29.5984 51.4391
      vertex 47.8169 27.7467 50.37
      vertex 49.955 29.5984 51.4391
    endloop
  endfacet
  facet normal 0.000255676 -0.49998 0.866037
    outer loop
      vertex 47.8169 27.7467 50.37
      vertex 47.555 29.5984 51.4391
      vertex 47.555 27.9591 50.4927
    endloop
  endfacet
  facet normal -1 -0 0
    outer loop
      vertex 49.955 -23.3764 20.8541
      vertex 49.955 -29.6984 17.2041
      vertex 49.955 23.2764 47.7891
    endloop
  endfacet
  facet normal 0.00186371 -0.499998 0.866024
    outer loop
      vertex 49.9393 -23.7899 20.6154
      vertex 49.955 -29.6984 17.2041
      vertex 49.955 -23.3764 20.8541
    endloop
  endfacet
  facet normal -5.58209e-05 -0.500003 0.866024
    outer loop
      vertex 49.8925 -24.2016 20.3777
      vertex 49.955 -29.6984 17.2041
      vertex 49.9393 -23.7899 20.6154
    endloop
  endfacet
  facet normal -0.000859221 -0.50001 0.866019
    outer loop
      vertex 49.8147 -24.6097 20.142
      vertex 49.955 -29.6984 17.2041
      vertex 49.8925 -24.2016 20.3777
    endloop
  endfacet
  facet normal 6.87104e-05 -0.499991 0.866031
    outer loop
      vertex 49.7062 -25.0126 19.9094
      vertex 49.955 -29.6984 17.2041
      vertex 49.8147 -24.6097 20.142
    endloop
  endfacet
  facet normal 0.00037396 -0.499978 0.866038
    outer loop
      vertex 49.5676 -25.4085 19.6809
      vertex 49.955 -29.6984 17.2041
      vertex 49.7062 -25.0126 19.9094
    endloop
  endfacet
  facet normal -0.000203277 -0.500018 0.866015
    outer loop
      vertex 49.3993 -25.7957 19.4573
      vertex 49.955 -29.6984 17.2041
      vertex 49.5676 -25.4085 19.6809
    endloop
  endfacet
  facet normal 0.000149066 -0.49998 0.866037
    outer loop
      vertex 49.2021 -26.1725 19.2398
      vertex 49.955 -29.6984 17.2041
      vertex 49.3993 -25.7957 19.4573
    endloop
  endfacet
  facet normal -6.50072e-05 -0.500014 0.866017
    outer loop
      vertex 48.977 -26.5374 19.0291
      vertex 49.955 -29.6984 17.2041
      vertex 49.2021 -26.1725 19.2398
    endloop
  endfacet
  facet normal 5.44168e-05 -0.499987 0.866033
    outer loop
      vertex 48.7247 -26.8887 18.8263
      vertex 49.955 -29.6984 17.2041
      vertex 48.977 -26.5374 19.0291
    endloop
  endfacet
  facet normal -7.09088e-05 -0.500028 0.866009
    outer loop
      vertex 48.4465 -27.225 18.6321
      vertex 49.955 -29.6984 17.2041
      vertex 48.7247 -26.8887 18.8263
    endloop
  endfacet
  facet normal -4.07999e-05 -0.500014 0.866017
    outer loop
      vertex 48.1434 -27.5447 18.4475
      vertex 49.955 -29.6984 17.2041
      vertex 48.4465 -27.225 18.6321
    endloop
  endfacet
  facet normal 8.09686e-05 -0.499937 0.866062
    outer loop
      vertex 47.8169 -27.8467 18.2732
      vertex 49.955 -29.6984 17.2041
      vertex 48.1434 -27.5447 18.4475
    endloop
  endfacet
  facet normal -0.000255676 -0.49998 0.866037
    outer loop
      vertex 47.555 -29.6984 17.2041
      vertex 47.8169 -27.8467 18.2732
      vertex 47.555 -28.0591 18.1505
    endloop
  endfacet
  facet normal 0 -0.500007 0.866021
    outer loop
      vertex 47.8169 -27.8467 18.2732
      vertex 47.555 -29.6984 17.2041
      vertex 49.955 -29.6984 17.2041
    endloop
  endfacet
  facet normal 0 0.866019 0.500011
    outer loop
      vertex 49.955 29.6484 51.3525
      vertex 47.555 29.5984 51.4391
      vertex 49.955 29.5984 51.4391
    endloop
  endfacet
  facet normal 0 0.866019 0.500011
    outer loop
      vertex 47.555 29.5984 51.4391
      vertex 49.955 29.6484 51.3525
      vertex 47.555 29.6484 51.3525
    endloop
  endfacet
  facet normal 0 -1 0
    outer loop
      vertex 47.555 -34.235 0
      vertex 49.955 -34.235 0.0999994
      vertex 47.555 -34.235 0.0999994
    endloop
  endfacet
  facet normal 0 -1 -0
    outer loop
      vertex 49.955 -34.235 0.0999994
      vertex 47.555 -34.235 0
      vertex 49.955 -34.235 0
    endloop
  endfacet
  facet normal 0 0 -1
    outer loop
      vertex 47.555 -34.235 0
      vertex 49.955 34.235 0
      vertex 49.955 -34.235 0
    endloop
  endfacet
  facet normal -0 0 -1
    outer loop
      vertex 49.955 34.235 0
      vertex 47.555 -34.235 0
      vertex 47.555 34.235 0
    endloop
  endfacet
  facet normal 0 0 -1
    outer loop
      vertex -49.955 -34.235 0
      vertex -47.555 34.235 0
      vertex -47.555 -34.235 0
    endloop
  endfacet
  facet normal -0 0 -1
    outer loop
      vertex -47.555 34.235 0
      vertex -49.955 -34.235 0
      vertex -49.955 34.235 0
    endloop
  endfacet
  facet normal 0 1 -0
    outer loop
      vertex 49.955 34.235 0
      vertex 47.555 34.235 0.0999994
      vertex 49.955 34.235 0.0999994
    endloop
  endfacet
  facet normal 0 1 0
    outer loop
      vertex 47.555 34.235 0.0999994
      vertex 49.955 34.235 0
      vertex 47.555 34.235 0
    endloop
  endfacet
  facet normal 1 -0 0
    outer loop
      vertex 49.955 -29.6984 17.2041
      vertex 49.955 34.235 0.0999994
      vertex 49.955 29.6484 51.3525
    endloop
  endfacet
  facet normal 1 0 0
    outer loop
      vertex 49.955 -29.6984 17.2041
      vertex 49.955 29.6484 51.3525
      vertex 49.955 29.5984 51.4391
    endloop
  endfacet
  facet normal 1 0 0
    outer loop
      vertex 49.955 34.235 0.0999994
      vertex 49.955 -29.6984 17.2041
      vertex 49.955 34.235 0
    endloop
  endfacet
  facet normal 1 -0 0
    outer loop
      vertex 49.955 -34.235 0.0999994
      vertex 49.955 34.235 0
      vertex 49.955 -29.6984 17.2041
    endloop
  endfacet
  facet normal 1 0 0
    outer loop
      vertex 49.955 34.235 0
      vertex 49.955 -34.235 0.0999994
      vertex 49.955 -34.235 0
    endloop
  endfacet
  facet normal 0 0.99602 0.0891341
    outer loop
      vertex 49.955 34.235 0.0999994
      vertex 47.555 29.6484 51.3525
      vertex 49.955 29.6484 51.3525
    endloop
  endfacet
  facet normal 0 0.99602 0.0891341
    outer loop
      vertex 47.555 29.6484 51.3525
      vertex 49.955 34.235 0.0999994
      vertex 47.555 34.235 0.0999994
    endloop
  endfacet
  facet normal -1 0 0
    outer loop
      vertex -49.955 -29.6984 17.2041
      vertex -49.955 34.235 0.0999994
      vertex -49.955 34.235 0
    endloop
  endfacet
  facet normal -1 0 0
    outer loop
      vertex -49.955 34.235 0.0999994
      vertex -49.955 -29.6984 17.2041
      vertex -49.955 29.6484 51.3525
    endloop
  endfacet
  facet normal -1 -0 0
    outer loop
      vertex -49.955 29.6484 51.3525
      vertex -49.955 -29.6984 17.2041
      vertex -49.955 29.5984 51.4391
    endloop
  endfacet
  facet normal -1 0 0
    outer loop
      vertex -49.955 -34.235 0
      vertex -49.955 -29.6984 17.2041
      vertex -49.955 34.235 0
    endloop
  endfacet
  facet normal -1 0 0
    outer loop
      vertex -49.955 -29.6984 17.2041
      vertex -49.955 -34.235 0
      vertex -49.955 -34.235 0.0999994
    endloop
  endfacet
  facet normal 0 -0.966579 0.25637
    outer loop
      vertex -49.955 -34.235 0.0999994
      vertex -47.555 -29.6984 17.2041
      vertex -49.955 -29.6984 17.2041
    endloop
  endfacet
  facet normal 0 -0.966579 0.25637
    outer loop
      vertex -47.555 -29.6984 17.2041
      vertex -49.955 -34.235 0.0999994
      vertex -47.555 -34.235 0.0999994
    endloop
  endfacet
  facet normal -0.000255676 -0.49998 0.866037
    outer loop
      vertex -47.555 29.5984 51.4391
      vertex -47.8169 27.7467 50.37
      vertex -47.555 27.9591 50.4927
    endloop
  endfacet
  facet normal 0 -0.500007 0.866021
    outer loop
      vertex -49.955 29.5984 51.4391
      vertex -47.8169 27.7467 50.37
      vertex -47.555 29.5984 51.4391
    endloop
  endfacet
  facet normal 8.09686e-05 -0.499937 0.866062
    outer loop
      vertex -47.8169 27.7467 50.37
      vertex -49.955 29.5984 51.4391
      vertex -48.1434 27.4447 50.1957
    endloop
  endfacet
  facet normal -4.07999e-05 -0.500014 0.866017
    outer loop
      vertex -48.1434 27.4447 50.1957
      vertex -49.955 29.5984 51.4391
      vertex -48.4465 27.125 50.0111
    endloop
  endfacet
  facet normal -7.09088e-05 -0.500028 0.866009
    outer loop
      vertex -48.4465 27.125 50.0111
      vertex -49.955 29.5984 51.4391
      vertex -48.7247 26.7887 49.8169
    endloop
  endfacet
  facet normal 5.44168e-05 -0.499987 0.866033
    outer loop
      vertex -48.7247 26.7887 49.8169
      vertex -49.955 29.5984 51.4391
      vertex -48.977 26.4374 49.6141
    endloop
  endfacet
  facet normal 0.00019122 -0.499955 0.866052
    outer loop
      vertex -48.977 26.4374 49.6141
      vertex -49.955 29.5984 51.4391
      vertex -49.2021 26.0725 49.4035
    endloop
  endfacet
  facet normal -1 0 -0
    outer loop
      vertex -49.955 23.2764 47.7891
      vertex -49.955 29.5984 51.4391
      vertex -49.955 -23.3764 20.8541
    endloop
  endfacet
  facet normal 0.00186371 -0.499998 0.866024
    outer loop
      vertex -49.9393 23.6899 48.0278
      vertex -49.955 29.5984 51.4391
      vertex -49.955 23.2764 47.7891
    endloop
  endfacet
  facet normal -5.58209e-05 -0.500003 0.866024
    outer loop
      vertex -49.8925 24.1016 48.2655
      vertex -49.955 29.5984 51.4391
      vertex -49.9393 23.6899 48.0278
    endloop
  endfacet
  facet normal -0.000859221 -0.50001 0.866019
    outer loop
      vertex -49.8147 24.5097 48.5012
      vertex -49.955 29.5984 51.4391
      vertex -49.8925 24.1016 48.2655
    endloop
  endfacet
  facet normal 6.87104e-05 -0.499991 0.866031
    outer loop
      vertex -49.7062 24.9126 48.7338
      vertex -49.955 29.5984 51.4391
      vertex -49.8147 24.5097 48.5012
    endloop
  endfacet
  facet normal 0.00037396 -0.499978 0.866038
    outer loop
      vertex -49.5676 25.3085 48.9623
      vertex -49.955 29.5984 51.4391
      vertex -49.7062 24.9126 48.7338
    endloop
  endfacet
  facet normal -0.000203277 -0.500018 0.866015
    outer loop
      vertex -49.3993 25.6957 49.1859
      vertex -49.955 29.5984 51.4391
      vertex -49.5676 25.3085 48.9623
    endloop
  endfacet
  facet normal -0.000196167 -0.500017 0.866016
    outer loop
      vertex -49.2021 26.0725 49.4035
      vertex -49.955 29.5984 51.4391
      vertex -49.3993 25.6957 49.1859
    endloop
  endfacet
  facet normal 0.000255676 -0.49998 0.866037
    outer loop
      vertex -47.8169 -27.8467 18.2732
      vertex -47.555 -29.6984 17.2041
      vertex -47.555 -28.0591 18.1505
    endloop
  endfacet
  facet normal -8.09686e-05 -0.499937 0.866062
    outer loop
      vertex -49.955 -29.6984 17.2041
      vertex -47.8169 -27.8467 18.2732
      vertex -48.1434 -27.5447 18.4475
    endloop
  endfacet
  facet normal 4.07999e-05 -0.500014 0.866017
    outer loop
      vertex -49.955 -29.6984 17.2041
      vertex -48.1434 -27.5447 18.4475
      vertex -48.4465 -27.225 18.6321
    endloop
  endfacet
  facet normal 7.09088e-05 -0.500028 0.866009
    outer loop
      vertex -49.955 -29.6984 17.2041
      vertex -48.4465 -27.225 18.6321
      vertex -48.7247 -26.8887 18.8263
    endloop
  endfacet
  facet normal -5.44168e-05 -0.499987 0.866033
    outer loop
      vertex -49.955 -29.6984 17.2041
      vertex -48.7247 -26.8887 18.8263
      vertex -48.977 -26.5374 19.0291
    endloop
  endfacet
  facet normal 6.50072e-05 -0.500014 0.866017
    outer loop
      vertex -49.955 -29.6984 17.2041
      vertex -48.977 -26.5374 19.0291
      vertex -49.2021 -26.1725 19.2398
    endloop
  endfacet
  facet normal -0.000149066 -0.49998 0.866037
    outer loop
      vertex -49.955 -29.6984 17.2041
      vertex -49.2021 -26.1725 19.2398
      vertex -49.3993 -25.7957 19.4573
    endloop
  endfacet
  facet normal 0 -0.500007 0.866021
    outer loop
      vertex -47.8169 -27.8467 18.2732
      vertex -49.955 -29.6984 17.2041
      vertex -47.555 -29.6984 17.2041
    endloop
  endfacet
  facet normal 0.000203277 -0.500018 0.866015
    outer loop
      vertex -49.5676 -25.4085 19.6809
      vertex -49.955 -29.6984 17.2041
      vertex -49.3993 -25.7957 19.4573
    endloop
  endfacet
  facet normal -0.00037396 -0.499978 0.866038
    outer loop
      vertex -49.7062 -25.0126 19.9094
      vertex -49.955 -29.6984 17.2041
      vertex -49.5676 -25.4085 19.6809
    endloop
  endfacet
  facet normal -6.87104e-05 -0.499991 0.866031
    outer loop
      vertex -49.8147 -24.6097 20.142
      vertex -49.955 -29.6984 17.2041
      vertex -49.7062 -25.0126 19.9094
    endloop
  endfacet
  facet normal 0.000859221 -0.50001 0.866019
    outer loop
      vertex -49.8925 -24.2016 20.3777
      vertex -49.955 -29.6984 17.2041
      vertex -49.8147 -24.6097 20.142
    endloop
  endfacet
  facet normal 5.58209e-05 -0.500003 0.866024
    outer loop
      vertex -49.9393 -23.7899 20.6154
      vertex -49.955 -29.6984 17.2041
      vertex -49.8925 -24.2016 20.3777
    endloop
  endfacet
  facet normal -0.00186371 -0.499998 0.866024
    outer loop
      vertex -49.955 -23.3764 20.8541
      vertex -49.955 -29.6984 17.2041
      vertex -49.9393 -23.7899 20.6154
    endloop
  endfacet
  facet normal 1 0 0
    outer loop
      vertex -49.955 -29.6984 17.2041
      vertex -49.955 -23.3764 20.8541
      vertex -49.955 29.5984 51.4391
    endloop
  endfacet
  facet normal 0 0.866019 0.500011
    outer loop
      vertex -47.555 29.6484 51.3525
      vertex -49.955 29.5984 51.4391
      vertex -47.555 29.5984 51.4391
    endloop
  endfacet
  facet normal 0 0.866019 0.500011
    outer loop
      vertex -49.955 29.5984 51.4391
      vertex -47.555 29.6484 51.3525
      vertex -49.955 29.6484 51.3525
    endloop
  endfacet
  facet normal 0 -1 0
    outer loop
      vertex -49.955 -34.235 0
      vertex -47.555 -34.235 0.0999994
      vertex -49.955 -34.235 0.0999994
    endloop
  endfacet
  facet normal 0 -1 -0
    outer loop
      vertex -47.555 -34.235 0.0999994
      vertex -49.955 -34.235 0
      vertex -47.555 -34.235 0
    endloop
  endfacet
  facet normal 1 0 0
    outer loop
      vertex -47.555 29.5984 51.4391
      vertex -47.555 27.9591 50.4927
      vertex -47.555 28.0091 50.4061
    endloop
  endfacet
  facet normal 1 -0 0
    outer loop
      vertex -47.555 28.0091 50.4061
      vertex -47.555 34.235 0.0999994
      vertex -47.555 29.6484 51.3525
    endloop
  endfacet
  facet normal 1 0 0
    outer loop
      vertex -47.555 28.0091 50.4061
      vertex -47.555 29.6484 51.3525
      vertex -47.555 29.5984 51.4391
    endloop
  endfacet
  facet normal 1 -0 0
    outer loop
      vertex -47.555 -28.0091 18.0639
      vertex -47.555 34.235 0.0999994
      vertex -47.555 28.0091 50.4061
    endloop
  endfacet
  facet normal 1 0 0
    outer loop
      vertex -47.555 34.235 0.0999994
      vertex -47.555 -28.0091 18.0639
      vertex -47.555 34.235 0
    endloop
  endfacet
  facet normal 1 0 0
    outer loop
      vertex -47.555 -29.6984 17.2041
      vertex -47.555 -28.0091 18.0639
      vertex -47.555 -28.0591 18.1505
    endloop
  endfacet
  facet normal 1 0 0
    outer loop
      vertex -47.555 -34.235 0.0999994
      vertex -47.555 -28.0091 18.0639
      vertex -47.555 -29.6984 17.2041
    endloop
  endfacet
  facet normal 1 0 0
    outer loop
      vertex -47.555 -34.235 0
      vertex -47.555 -28.0091 18.0639
      vertex -47.555 -34.235 0.0999994
    endloop
  endfacet
  facet normal 1 0 0
    outer loop
      vertex -47.555 -28.0091 18.0639
      vertex -47.555 -34.235 0
      vertex -47.555 34.235 0
    endloop
  endfacet
  facet normal 0 1 -0
    outer loop
      vertex -47.555 34.235 0
      vertex -49.955 34.235 0.0999994
      vertex -47.555 34.235 0.0999994
    endloop
  endfacet
  facet normal 0 1 0
    outer loop
      vertex -49.955 34.235 0.0999994
      vertex -47.555 34.235 0
      vertex -49.955 34.235 0
    endloop
  endfacet
  facet normal 0 0.99602 0.0891341
    outer loop
      vertex -47.555 34.235 0.0999994
      vertex -49.955 29.6484 51.3525
      vertex -47.555 29.6484 51.3525
    endloop
  endfacet
  facet normal 0 0.99602 0.0891341
    outer loop
      vertex -49.955 29.6484 51.3525
      vertex -47.555 34.235 0.0999994
      vertex -49.955 34.235 0.0999994
    endloop
  endfacet
endsolid OpenSCAD_Model
