solid OpenSCAD_Model
  facet normal -0.683343 -0.730098 0
    outer loop
      vertex 23.0412 23.1984 0
      vertex 23.1224 23.1224 4
      vertex 23.0412 23.1984 4
    endloop
  endfacet
  facet normal -0.683343 -0.730098 -0
    outer loop
      vertex 23.1224 23.1224 4
      vertex 23.0412 23.1984 0
      vertex 23.1224 23.1224 0
    endloop
  endfacet
  facet normal 0.683343 -0.730098 0
    outer loop
      vertex 20.7182 23.1224 0
      vertex 20.7994 23.1984 4
      vertex 20.7182 23.1224 4
    endloop
  endfacet
  facet normal 0.683343 -0.730098 0
    outer loop
      vertex 20.7994 23.1984 4
      vertex 20.7182 23.1224 0
      vertex 20.7994 23.1984 0
    endloop
  endfacet
  facet normal -0.0323571 -0.999476 0
    outer loop
      vertex 21.9203 23.6203 0
      vertex 22.0315 23.6167 4
      vertex 21.9203 23.6203 4
    endloop
  endfacet
  facet normal -0.0323571 -0.999476 -0
    outer loop
      vertex 22.0315 23.6167 4
      vertex 21.9203 23.6203 0
      vertex 22.0315 23.6167 0
    endloop
  endfacet
  facet normal 0.999476 -0.0323571 0
    outer loop
      vertex 20.2203 21.9203 4
      vertex 20.2239 22.0315 0
      vertex 20.2239 22.0315 4
    endloop
  endfacet
  facet normal 0.999476 -0.0323571 0
    outer loop
      vertex 20.2239 22.0315 0
      vertex 20.2203 21.9203 4
      vertex 20.2203 21.9203 0
    endloop
  endfacet
  facet normal 0.910859 -0.412719 0
    outer loop
      vertex 20.3497 22.5709 4
      vertex 20.3956 22.6722 0
      vertex 20.3956 22.6722 4
    endloop
  endfacet
  facet normal 0.910859 -0.412719 0
    outer loop
      vertex 20.3956 22.6722 0
      vertex 20.3497 22.5709 4
      vertex 20.3497 22.5709 0
    endloop
  endfacet
  facet normal -0.352404 -0.935848 0
    outer loop
      vertex 22.4668 23.5301 0
      vertex 22.5709 23.4909 4
      vertex 22.4668 23.5301 4
    endloop
  endfacet
  facet normal -0.352404 -0.935848 -0
    outer loop
      vertex 22.5709 23.4909 4
      vertex 22.4668 23.5301 0
      vertex 22.5709 23.4909 0
    endloop
  endfacet
  facet normal 0.352108 -0.93596 0
    outer loop
      vertex 21.2697 23.4909 0
      vertex 21.3739 23.5301 4
      vertex 21.2697 23.4909 4
    endloop
  endfacet
  facet normal 0.352108 -0.93596 0
    outer loop
      vertex 21.3739 23.5301 4
      vertex 21.2697 23.4909 0
      vertex 21.3739 23.5301 0
    endloop
  endfacet
  facet normal 0.16367 -0.986515 0
    outer loop
      vertex 21.5887 23.5876 0
      vertex 21.6984 23.6058 4
      vertex 21.5887 23.5876 4
    endloop
  endfacet
  facet normal 0.16367 -0.986515 0
    outer loop
      vertex 21.6984 23.6058 4
      vertex 21.5887 23.5876 0
      vertex 21.6984 23.6058 0
    endloop
  endfacet
  facet normal 0.81276 -0.582598 0
    outer loop
      vertex 20.5068 22.8648 4
      vertex 20.5716 22.9552 0
      vertex 20.5716 22.9552 4
    endloop
  endfacet
  facet normal 0.81276 -0.582598 0
    outer loop
      vertex 20.5716 22.9552 0
      vertex 20.5068 22.8648 4
      vertex 20.5068 22.8648 0
    endloop
  endfacet
  facet normal -0.935848 -0.352404 0
    outer loop
      vertex 23.5301 22.4668 0
      vertex 23.4909 22.5709 4
      vertex 23.4909 22.5709 0
    endloop
  endfacet
  facet normal -0.935848 -0.352404 0
    outer loop
      vertex 23.4909 22.5709 4
      vertex 23.5301 22.4668 0
      vertex 23.5301 22.4668 4
    endloop
  endfacet
  facet normal -0.528302 -0.849057 0
    outer loop
      vertex 22.7703 23.3926 0
      vertex 22.8648 23.3338 4
      vertex 22.7703 23.3926 4
    endloop
  endfacet
  facet normal -0.528302 -0.849057 -0
    outer loop
      vertex 22.8648 23.3338 4
      vertex 22.7703 23.3926 0
      vertex 22.8648 23.3338 0
    endloop
  endfacet
  facet normal -0.163525 -0.986539 0
    outer loop
      vertex 22.1422 23.6058 0
      vertex 22.252 23.5876 4
      vertex 22.1422 23.6058 4
    endloop
  endfacet
  facet normal -0.163525 -0.986539 -0
    outer loop
      vertex 22.252 23.5876 4
      vertex 22.1422 23.6058 0
      vertex 22.252 23.5876 0
    endloop
  endfacet
  facet normal -0.0979904 -0.995187 0
    outer loop
      vertex 22.0315 23.6167 0
      vertex 22.1422 23.6058 4
      vertex 22.0315 23.6167 4
    endloop
  endfacet
  facet normal -0.0979904 -0.995187 -0
    outer loop
      vertex 22.1422 23.6058 4
      vertex 22.0315 23.6167 0
      vertex 22.1422 23.6058 0
    endloop
  endfacet
  facet normal -0.290232 -0.956956 0
    outer loop
      vertex 22.3603 23.5624 0
      vertex 22.4668 23.5301 4
      vertex 22.3603 23.5624 4
    endloop
  endfacet
  facet normal -0.290232 -0.956956 -0
    outer loop
      vertex 22.4668 23.5301 4
      vertex 22.3603 23.5624 0
      vertex 22.4668 23.5301 0
    endloop
  endfacet
  facet normal 0.528302 -0.849057 0
    outer loop
      vertex 20.9758 23.3338 0
      vertex 21.0703 23.3926 4
      vertex 20.9758 23.3338 4
    endloop
  endfacet
  facet normal 0.528302 -0.849057 0
    outer loop
      vertex 21.0703 23.3926 4
      vertex 20.9758 23.3338 0
      vertex 21.0703 23.3926 0
    endloop
  endfacet
  facet normal 0.582598 -0.81276 0
    outer loop
      vertex 20.8854 23.269 0
      vertex 20.9758 23.3338 4
      vertex 20.8854 23.269 4
    endloop
  endfacet
  facet normal 0.582598 -0.81276 0
    outer loop
      vertex 20.9758 23.3338 4
      vertex 20.8854 23.269 0
      vertex 20.9758 23.3338 0
    endloop
  endfacet
  facet normal 0.0979904 -0.995187 0
    outer loop
      vertex 21.6984 23.6058 0
      vertex 21.8091 23.6167 4
      vertex 21.6984 23.6058 4
    endloop
  endfacet
  facet normal 0.0979904 -0.995187 0
    outer loop
      vertex 21.8091 23.6167 4
      vertex 21.6984 23.6058 0
      vertex 21.8091 23.6167 0
    endloop
  endfacet
  facet normal 0.999476 0.0323571 0
    outer loop
      vertex 20.2239 21.8091 4
      vertex 20.2203 21.9203 0
      vertex 20.2203 21.9203 4
    endloop
  endfacet
  facet normal 0.999476 0.0323571 0
    outer loop
      vertex 20.2203 21.9203 0
      vertex 20.2239 21.8091 4
      vertex 20.2239 21.8091 0
    endloop
  endfacet
  facet normal 0.974026 0.226434 0
    outer loop
      vertex 20.2782 21.4803 4
      vertex 20.253 21.5887 0
      vertex 20.253 21.5887 4
    endloop
  endfacet
  facet normal 0.974026 0.226434 0
    outer loop
      vertex 20.253 21.5887 0
      vertex 20.2782 21.4803 4
      vertex 20.2782 21.4803 0
    endloop
  endfacet
  facet normal 0.910859 0.412719 0
    outer loop
      vertex 20.3956 21.1684 4
      vertex 20.3497 21.2697 0
      vertex 20.3497 21.2697 4
    endloop
  endfacet
  facet normal 0.910859 0.412719 0
    outer loop
      vertex 20.3497 21.2697 0
      vertex 20.3956 21.1684 4
      vertex 20.3956 21.1684 0
    endloop
  endfacet
  facet normal 0.81276 0.582598 0
    outer loop
      vertex 20.5716 20.8854 4
      vertex 20.5068 20.9758 0
      vertex 20.5068 20.9758 4
    endloop
  endfacet
  facet normal 0.81276 0.582598 0
    outer loop
      vertex 20.5068 20.9758 0
      vertex 20.5716 20.8854 4
      vertex 20.5716 20.8854 0
    endloop
  endfacet
  facet normal 0.97398 -0.226633 0
    outer loop
      vertex 20.253 22.252 4
      vertex 20.2782 22.3603 0
      vertex 20.2782 22.3603 4
    endloop
  endfacet
  facet normal 0.97398 -0.226633 0
    outer loop
      vertex 20.2782 22.3603 0
      vertex 20.253 22.252 4
      vertex 20.253 22.252 0
    endloop
  endfacet
  facet normal 0.730098 -0.683343 0
    outer loop
      vertex 20.6422 23.0412 4
      vertex 20.7182 23.1224 0
      vertex 20.7182 23.1224 4
    endloop
  endfacet
  facet normal 0.730098 -0.683343 0
    outer loop
      vertex 20.7182 23.1224 0
      vertex 20.6422 23.0412 4
      vertex 20.6422 23.0412 0
    endloop
  endfacet
  facet normal -0.849057 -0.528302 0
    outer loop
      vertex 23.3926 22.7703 0
      vertex 23.3338 22.8648 4
      vertex 23.3338 22.8648 0
    endloop
  endfacet
  facet normal -0.849057 -0.528302 0
    outer loop
      vertex 23.3338 22.8648 4
      vertex 23.3926 22.7703 0
      vertex 23.3926 22.7703 4
    endloop
  endfacet
  facet normal -0.849057 0.528302 0
    outer loop
      vertex 23.3338 20.9758 0
      vertex 23.3926 21.0703 4
      vertex 23.3926 21.0703 0
    endloop
  endfacet
  facet normal -0.849057 0.528302 0
    outer loop
      vertex 23.3926 21.0703 4
      vertex 23.3338 20.9758 0
      vertex 23.3338 20.9758 4
    endloop
  endfacet
  facet normal -0.986515 0.16367 0
    outer loop
      vertex 23.5876 21.5887 0
      vertex 23.6058 21.6984 4
      vertex 23.6058 21.6984 0
    endloop
  endfacet
  facet normal -0.986515 0.16367 0
    outer loop
      vertex 23.6058 21.6984 4
      vertex 23.5876 21.5887 0
      vertex 23.5876 21.5887 4
    endloop
  endfacet
  facet normal -0.93596 0.352108 0
    outer loop
      vertex 23.4909 21.2697 0
      vertex 23.5301 21.3739 4
      vertex 23.5301 21.3739 0
    endloop
  endfacet
  facet normal -0.93596 0.352108 0
    outer loop
      vertex 23.5301 21.3739 4
      vertex 23.4909 21.2697 0
      vertex 23.4909 21.2697 4
    endloop
  endfacet
  facet normal -0.986539 -0.163525 0
    outer loop
      vertex 23.6058 22.1422 0
      vertex 23.5876 22.252 4
      vertex 23.5876 22.252 0
    endloop
  endfacet
  facet normal -0.986539 -0.163525 0
    outer loop
      vertex 23.5876 22.252 4
      vertex 23.6058 22.1422 0
      vertex 23.6058 22.1422 4
    endloop
  endfacet
  facet normal -0.0323571 0.999476 0
    outer loop
      vertex 22.0315 20.2239 0
      vertex 21.9203 20.2203 4
      vertex 22.0315 20.2239 4
    endloop
  endfacet
  facet normal -0.0323571 0.999476 0
    outer loop
      vertex 21.9203 20.2203 4
      vertex 22.0315 20.2239 0
      vertex 21.9203 20.2203 0
    endloop
  endfacet
  facet normal -0.226633 0.97398 0
    outer loop
      vertex 22.3603 20.2782 0
      vertex 22.252 20.253 4
      vertex 22.3603 20.2782 4
    endloop
  endfacet
  facet normal -0.226633 0.97398 0
    outer loop
      vertex 22.252 20.253 4
      vertex 22.3603 20.2782 0
      vertex 22.252 20.253 0
    endloop
  endfacet
  facet normal -0.412719 0.910859 0
    outer loop
      vertex 22.6722 20.3956 0
      vertex 22.5709 20.3497 4
      vertex 22.6722 20.3956 4
    endloop
  endfacet
  facet normal -0.412719 0.910859 0
    outer loop
      vertex 22.5709 20.3497 4
      vertex 22.6722 20.3956 0
      vertex 22.5709 20.3497 0
    endloop
  endfacet
  facet normal -0.582598 -0.81276 0
    outer loop
      vertex 22.8648 23.3338 0
      vertex 22.9552 23.269 4
      vertex 22.8648 23.3338 4
    endloop
  endfacet
  facet normal -0.582598 -0.81276 -0
    outer loop
      vertex 22.9552 23.269 4
      vertex 22.8648 23.3338 0
      vertex 22.9552 23.269 0
    endloop
  endfacet
  facet normal -0.634509 -0.772915 0
    outer loop
      vertex 22.9552 23.269 0
      vertex 23.0412 23.1984 4
      vertex 22.9552 23.269 4
    endloop
  endfacet
  facet normal -0.634509 -0.772915 -0
    outer loop
      vertex 23.0412 23.1984 4
      vertex 22.9552 23.269 0
      vertex 23.0412 23.1984 0
    endloop
  endfacet
  facet normal -0.412719 -0.910859 0
    outer loop
      vertex 22.5709 23.4909 0
      vertex 22.6722 23.445 4
      vertex 22.5709 23.4909 4
    endloop
  endfacet
  facet normal -0.412719 -0.910859 -0
    outer loop
      vertex 22.6722 23.445 4
      vertex 22.5709 23.4909 0
      vertex 22.6722 23.445 0
    endloop
  endfacet
  facet normal -0.471148 -0.882054 0
    outer loop
      vertex 22.6722 23.445 0
      vertex 22.7703 23.3926 4
      vertex 22.6722 23.445 4
    endloop
  endfacet
  facet normal -0.471148 -0.882054 -0
    outer loop
      vertex 22.7703 23.3926 4
      vertex 22.6722 23.445 0
      vertex 22.7703 23.3926 0
    endloop
  endfacet
  facet normal -0.226633 -0.97398 0
    outer loop
      vertex 22.252 23.5876 0
      vertex 22.3603 23.5624 4
      vertex 22.252 23.5876 4
    endloop
  endfacet
  facet normal -0.226633 -0.97398 -0
    outer loop
      vertex 22.3603 23.5624 4
      vertex 22.252 23.5876 0
      vertex 22.3603 23.5624 0
    endloop
  endfacet
  facet normal 0.471148 -0.882054 0
    outer loop
      vertex 21.0703 23.3926 0
      vertex 21.1684 23.445 4
      vertex 21.0703 23.3926 4
    endloop
  endfacet
  facet normal 0.471148 -0.882054 0
    outer loop
      vertex 21.1684 23.445 4
      vertex 21.0703 23.3926 0
      vertex 21.1684 23.445 0
    endloop
  endfacet
  facet normal 0.412719 -0.910859 0
    outer loop
      vertex 21.1684 23.445 0
      vertex 21.2697 23.4909 4
      vertex 21.1684 23.445 4
    endloop
  endfacet
  facet normal 0.412719 -0.910859 0
    outer loop
      vertex 21.2697 23.4909 4
      vertex 21.1684 23.445 0
      vertex 21.2697 23.4909 0
    endloop
  endfacet
  facet normal 0.634509 -0.772915 0
    outer loop
      vertex 20.7994 23.1984 0
      vertex 20.8854 23.269 4
      vertex 20.7994 23.1984 4
    endloop
  endfacet
  facet normal 0.634509 -0.772915 0
    outer loop
      vertex 20.8854 23.269 4
      vertex 20.7994 23.1984 0
      vertex 20.8854 23.269 0
    endloop
  endfacet
  facet normal 0.226434 -0.974026 0
    outer loop
      vertex 21.4803 23.5624 0
      vertex 21.5887 23.5876 4
      vertex 21.4803 23.5624 4
    endloop
  endfacet
  facet normal 0.226434 -0.974026 0
    outer loop
      vertex 21.5887 23.5876 4
      vertex 21.4803 23.5624 0
      vertex 21.5887 23.5876 0
    endloop
  endfacet
  facet normal 0.290482 -0.956881 0
    outer loop
      vertex 21.3739 23.5301 0
      vertex 21.4803 23.5624 4
      vertex 21.3739 23.5301 4
    endloop
  endfacet
  facet normal 0.290482 -0.956881 0
    outer loop
      vertex 21.4803 23.5624 4
      vertex 21.3739 23.5301 0
      vertex 21.4803 23.5624 0
    endloop
  endfacet
  facet normal 0.0323571 -0.999476 0
    outer loop
      vertex 21.8091 23.6167 0
      vertex 21.9203 23.6203 4
      vertex 21.8091 23.6167 4
    endloop
  endfacet
  facet normal 0.0323571 -0.999476 0
    outer loop
      vertex 21.9203 23.6203 4
      vertex 21.8091 23.6167 0
      vertex 21.9203 23.6203 0
    endloop
  endfacet
  facet normal 0.995099 0.0988807 0
    outer loop
      vertex 20.2349 21.6984 4
      vertex 20.2239 21.8091 0
      vertex 20.2239 21.8091 4
    endloop
  endfacet
  facet normal 0.995099 0.0988807 0
    outer loop
      vertex 20.2239 21.8091 0
      vertex 20.2349 21.6984 4
      vertex 20.2349 21.6984 0
    endloop
  endfacet
  facet normal 0.956881 0.290482 0
    outer loop
      vertex 20.3105 21.3739 4
      vertex 20.2782 21.4803 0
      vertex 20.2782 21.4803 4
    endloop
  endfacet
  facet normal 0.956881 0.290482 0
    outer loop
      vertex 20.2782 21.4803 0
      vertex 20.3105 21.3739 4
      vertex 20.3105 21.3739 0
    endloop
  endfacet
  facet normal 0.88168 0.471847 0
    outer loop
      vertex 20.4481 21.0703 4
      vertex 20.3956 21.1684 0
      vertex 20.3956 21.1684 4
    endloop
  endfacet
  facet normal 0.88168 0.471847 0
    outer loop
      vertex 20.3956 21.1684 0
      vertex 20.4481 21.0703 4
      vertex 20.4481 21.0703 0
    endloop
  endfacet
  facet normal 0.772915 0.634509 0
    outer loop
      vertex 20.6422 20.7994 4
      vertex 20.5716 20.8854 0
      vertex 20.5716 20.8854 4
    endloop
  endfacet
  facet normal 0.772915 0.634509 0
    outer loop
      vertex 20.5716 20.8854 0
      vertex 20.6422 20.7994 4
      vertex 20.6422 20.7994 0
    endloop
  endfacet
  facet normal 0.956956 -0.290232 0
    outer loop
      vertex 20.2782 22.3603 4
      vertex 20.3105 22.4668 0
      vertex 20.3105 22.4668 4
    endloop
  endfacet
  facet normal 0.956956 -0.290232 0
    outer loop
      vertex 20.3105 22.4668 0
      vertex 20.2782 22.3603 4
      vertex 20.2782 22.3603 0
    endloop
  endfacet
  facet normal 0.935848 -0.352404 0
    outer loop
      vertex 20.3105 22.4668 4
      vertex 20.3497 22.5709 0
      vertex 20.3497 22.5709 4
    endloop
  endfacet
  facet normal 0.935848 -0.352404 0
    outer loop
      vertex 20.3497 22.5709 0
      vertex 20.3105 22.4668 4
      vertex 20.3105 22.4668 0
    endloop
  endfacet
  facet normal 0.986684 -0.16265 0
    outer loop
      vertex 20.2349 22.1422 4
      vertex 20.253 22.252 0
      vertex 20.253 22.252 4
    endloop
  endfacet
  facet normal 0.986684 -0.16265 0
    outer loop
      vertex 20.253 22.252 0
      vertex 20.2349 22.1422 4
      vertex 20.2349 22.1422 0
    endloop
  endfacet
  facet normal 0.995099 -0.0988807 0
    outer loop
      vertex 20.2239 22.0315 4
      vertex 20.2349 22.1422 0
      vertex 20.2349 22.1422 4
    endloop
  endfacet
  facet normal 0.995099 -0.0988807 0
    outer loop
      vertex 20.2349 22.1422 0
      vertex 20.2239 22.0315 4
      vertex 20.2239 22.0315 0
    endloop
  endfacet
  facet normal 0.84946 -0.527654 0
    outer loop
      vertex 20.4481 22.7703 4
      vertex 20.5068 22.8648 0
      vertex 20.5068 22.8648 4
    endloop
  endfacet
  facet normal 0.84946 -0.527654 0
    outer loop
      vertex 20.5068 22.8648 0
      vertex 20.4481 22.7703 4
      vertex 20.4481 22.7703 0
    endloop
  endfacet
  facet normal 0.88168 -0.471847 0
    outer loop
      vertex 20.3956 22.6722 4
      vertex 20.4481 22.7703 0
      vertex 20.4481 22.7703 4
    endloop
  endfacet
  facet normal 0.88168 -0.471847 0
    outer loop
      vertex 20.4481 22.7703 0
      vertex 20.3956 22.6722 4
      vertex 20.3956 22.6722 0
    endloop
  endfacet
  facet normal 0.772915 -0.634509 0
    outer loop
      vertex 20.5716 22.9552 4
      vertex 20.6422 23.0412 0
      vertex 20.6422 23.0412 4
    endloop
  endfacet
  facet normal 0.772915 -0.634509 0
    outer loop
      vertex 20.6422 23.0412 0
      vertex 20.5716 22.9552 4
      vertex 20.5716 22.9552 0
    endloop
  endfacet
  facet normal -0.730098 -0.683343 0
    outer loop
      vertex 23.1984 23.0412 0
      vertex 23.1224 23.1224 4
      vertex 23.1224 23.1224 0
    endloop
  endfacet
  facet normal -0.730098 -0.683343 0
    outer loop
      vertex 23.1224 23.1224 4
      vertex 23.1984 23.0412 0
      vertex 23.1984 23.0412 4
    endloop
  endfacet
  facet normal -0.730098 0.683343 0
    outer loop
      vertex 23.1224 20.7182 0
      vertex 23.1984 20.7994 4
      vertex 23.1984 20.7994 0
    endloop
  endfacet
  facet normal -0.730098 0.683343 0
    outer loop
      vertex 23.1984 20.7994 4
      vertex 23.1224 20.7182 0
      vertex 23.1224 20.7182 4
    endloop
  endfacet
  facet normal -0.81276 0.582598 0
    outer loop
      vertex 23.269 20.8854 0
      vertex 23.3338 20.9758 4
      vertex 23.3338 20.9758 0
    endloop
  endfacet
  facet normal -0.81276 0.582598 0
    outer loop
      vertex 23.3338 20.9758 4
      vertex 23.269 20.8854 0
      vertex 23.269 20.8854 4
    endloop
  endfacet
  facet normal -0.882054 0.471148 0
    outer loop
      vertex 23.3926 21.0703 0
      vertex 23.445 21.1684 4
      vertex 23.445 21.1684 0
    endloop
  endfacet
  facet normal -0.882054 0.471148 0
    outer loop
      vertex 23.445 21.1684 4
      vertex 23.3926 21.0703 0
      vertex 23.3926 21.0703 4
    endloop
  endfacet
  facet normal -0.995187 0.0979904 0
    outer loop
      vertex 23.6058 21.6984 0
      vertex 23.6167 21.8091 4
      vertex 23.6167 21.8091 0
    endloop
  endfacet
  facet normal -0.995187 0.0979904 0
    outer loop
      vertex 23.6167 21.8091 4
      vertex 23.6058 21.6984 0
      vertex 23.6058 21.6984 4
    endloop
  endfacet
  facet normal -0.956881 0.290482 0
    outer loop
      vertex 23.5301 21.3739 0
      vertex 23.5624 21.4803 4
      vertex 23.5624 21.4803 0
    endloop
  endfacet
  facet normal -0.956881 0.290482 0
    outer loop
      vertex 23.5624 21.4803 4
      vertex 23.5301 21.3739 0
      vertex 23.5301 21.3739 4
    endloop
  endfacet
  facet normal -0.995187 -0.0979904 0
    outer loop
      vertex 23.6167 22.0315 0
      vertex 23.6058 22.1422 4
      vertex 23.6058 22.1422 0
    endloop
  endfacet
  facet normal -0.995187 -0.0979904 0
    outer loop
      vertex 23.6058 22.1422 4
      vertex 23.6167 22.0315 0
      vertex 23.6167 22.0315 4
    endloop
  endfacet
  facet normal -0.999476 -0.0323571 0
    outer loop
      vertex 23.6203 21.9203 0
      vertex 23.6167 22.0315 4
      vertex 23.6167 22.0315 0
    endloop
  endfacet
  facet normal -0.999476 -0.0323571 0
    outer loop
      vertex 23.6167 22.0315 4
      vertex 23.6203 21.9203 0
      vertex 23.6203 21.9203 4
    endloop
  endfacet
  facet normal -0.956956 -0.290232 0
    outer loop
      vertex 23.5624 22.3603 0
      vertex 23.5301 22.4668 4
      vertex 23.5301 22.4668 0
    endloop
  endfacet
  facet normal -0.956956 -0.290232 0
    outer loop
      vertex 23.5301 22.4668 4
      vertex 23.5624 22.3603 0
      vertex 23.5624 22.3603 4
    endloop
  endfacet
  facet normal -0.97398 -0.226633 0
    outer loop
      vertex 23.5876 22.252 0
      vertex 23.5624 22.3603 4
      vertex 23.5624 22.3603 0
    endloop
  endfacet
  facet normal -0.97398 -0.226633 0
    outer loop
      vertex 23.5624 22.3603 4
      vertex 23.5876 22.252 0
      vertex 23.5876 22.252 4
    endloop
  endfacet
  facet normal -0.882054 -0.471148 0
    outer loop
      vertex 23.445 22.6722 0
      vertex 23.3926 22.7703 4
      vertex 23.3926 22.7703 0
    endloop
  endfacet
  facet normal -0.882054 -0.471148 0
    outer loop
      vertex 23.3926 22.7703 4
      vertex 23.445 22.6722 0
      vertex 23.445 22.6722 4
    endloop
  endfacet
  facet normal -0.910859 -0.412719 0
    outer loop
      vertex 23.4909 22.5709 0
      vertex 23.445 22.6722 4
      vertex 23.445 22.6722 0
    endloop
  endfacet
  facet normal -0.910859 -0.412719 0
    outer loop
      vertex 23.445 22.6722 4
      vertex 23.4909 22.5709 0
      vertex 23.4909 22.5709 4
    endloop
  endfacet
  facet normal -0.0988807 0.995099 0
    outer loop
      vertex 22.1422 20.2349 0
      vertex 22.0315 20.2239 4
      vertex 22.1422 20.2349 4
    endloop
  endfacet
  facet normal -0.0988807 0.995099 0
    outer loop
      vertex 22.0315 20.2239 4
      vertex 22.1422 20.2349 0
      vertex 22.0315 20.2239 0
    endloop
  endfacet
  facet normal -0.290232 0.956956 0
    outer loop
      vertex 22.4668 20.3105 0
      vertex 22.3603 20.2782 4
      vertex 22.4668 20.3105 4
    endloop
  endfacet
  facet normal -0.290232 0.956956 0
    outer loop
      vertex 22.3603 20.2782 4
      vertex 22.4668 20.3105 0
      vertex 22.3603 20.2782 0
    endloop
  endfacet
  facet normal -0.471847 0.88168 0
    outer loop
      vertex 22.7703 20.4481 0
      vertex 22.6722 20.3956 4
      vertex 22.7703 20.4481 4
    endloop
  endfacet
  facet normal -0.471847 0.88168 0
    outer loop
      vertex 22.6722 20.3956 4
      vertex 22.7703 20.4481 0
      vertex 22.6722 20.3956 0
    endloop
  endfacet
  facet normal -0.582598 0.81276 0
    outer loop
      vertex 22.9552 20.5716 0
      vertex 22.8648 20.5068 4
      vertex 22.9552 20.5716 4
    endloop
  endfacet
  facet normal -0.582598 0.81276 0
    outer loop
      vertex 22.8648 20.5068 4
      vertex 22.9552 20.5716 0
      vertex 22.8648 20.5068 0
    endloop
  endfacet
  facet normal -0.683343 0.730098 0
    outer loop
      vertex 23.1224 20.7182 0
      vertex 23.0412 20.6422 4
      vertex 23.1224 20.7182 4
    endloop
  endfacet
  facet normal -0.683343 0.730098 0
    outer loop
      vertex 23.0412 20.6422 4
      vertex 23.1224 20.7182 0
      vertex 23.0412 20.6422 0
    endloop
  endfacet
  facet normal 0.352108 0.93596 -0
    outer loop
      vertex 21.3739 20.3105 0
      vertex 21.2697 20.3497 4
      vertex 21.3739 20.3105 4
    endloop
  endfacet
  facet normal 0.352108 0.93596 0
    outer loop
      vertex 21.2697 20.3497 4
      vertex 21.3739 20.3105 0
      vertex 21.2697 20.3497 0
    endloop
  endfacet
  facet normal 0.226434 0.974026 -0
    outer loop
      vertex 21.5887 20.253 0
      vertex 21.4803 20.2782 4
      vertex 21.5887 20.253 4
    endloop
  endfacet
  facet normal 0.226434 0.974026 0
    outer loop
      vertex 21.4803 20.2782 4
      vertex 21.5887 20.253 0
      vertex 21.4803 20.2782 0
    endloop
  endfacet
  facet normal 0.162794 0.98666 -0
    outer loop
      vertex 21.6984 20.2349 0
      vertex 21.5887 20.253 4
      vertex 21.6984 20.2349 4
    endloop
  endfacet
  facet normal 0.162794 0.98666 0
    outer loop
      vertex 21.5887 20.253 4
      vertex 21.6984 20.2349 0
      vertex 21.5887 20.253 0
    endloop
  endfacet
  facet normal 0.0323571 0.999476 -0
    outer loop
      vertex 21.9203 20.2203 0
      vertex 21.8091 20.2239 4
      vertex 21.9203 20.2203 4
    endloop
  endfacet
  facet normal 0.0323571 0.999476 0
    outer loop
      vertex 21.8091 20.2239 4
      vertex 21.9203 20.2203 0
      vertex 21.8091 20.2239 0
    endloop
  endfacet
  facet normal 0.527654 0.84946 -0
    outer loop
      vertex 21.0703 20.4481 0
      vertex 20.9758 20.5068 4
      vertex 21.0703 20.4481 4
    endloop
  endfacet
  facet normal 0.527654 0.84946 0
    outer loop
      vertex 20.9758 20.5068 4
      vertex 21.0703 20.4481 0
      vertex 20.9758 20.5068 0
    endloop
  endfacet
  facet normal 0.412719 0.910859 -0
    outer loop
      vertex 21.2697 20.3497 0
      vertex 21.1684 20.3956 4
      vertex 21.2697 20.3497 4
    endloop
  endfacet
  facet normal 0.412719 0.910859 0
    outer loop
      vertex 21.1684 20.3956 4
      vertex 21.2697 20.3497 0
      vertex 21.1684 20.3956 0
    endloop
  endfacet
  facet normal 0.582598 0.81276 -0
    outer loop
      vertex 20.9758 20.5068 0
      vertex 20.8854 20.5716 4
      vertex 20.9758 20.5068 4
    endloop
  endfacet
  facet normal 0.582598 0.81276 0
    outer loop
      vertex 20.8854 20.5716 4
      vertex 20.9758 20.5068 0
      vertex 20.8854 20.5716 0
    endloop
  endfacet
  facet normal 0.683343 0.730098 -0
    outer loop
      vertex 20.7994 20.6422 0
      vertex 20.7182 20.7182 4
      vertex 20.7994 20.6422 4
    endloop
  endfacet
  facet normal 0.683343 0.730098 0
    outer loop
      vertex 20.7182 20.7182 4
      vertex 20.7994 20.6422 0
      vertex 20.7182 20.7182 0
    endloop
  endfacet
  facet normal 0.98666 0.162794 0
    outer loop
      vertex 20.253 21.5887 4
      vertex 20.2349 21.6984 0
      vertex 20.2349 21.6984 4
    endloop
  endfacet
  facet normal 0.98666 0.162794 0
    outer loop
      vertex 20.2349 21.6984 0
      vertex 20.253 21.5887 4
      vertex 20.253 21.5887 0
    endloop
  endfacet
  facet normal 0.93596 0.352108 0
    outer loop
      vertex 20.3497 21.2697 4
      vertex 20.3105 21.3739 0
      vertex 20.3105 21.3739 4
    endloop
  endfacet
  facet normal 0.93596 0.352108 0
    outer loop
      vertex 20.3105 21.3739 0
      vertex 20.3497 21.2697 4
      vertex 20.3497 21.2697 0
    endloop
  endfacet
  facet normal 0.84946 0.527654 0
    outer loop
      vertex 20.5068 20.9758 4
      vertex 20.4481 21.0703 0
      vertex 20.4481 21.0703 4
    endloop
  endfacet
  facet normal 0.84946 0.527654 0
    outer loop
      vertex 20.4481 21.0703 0
      vertex 20.5068 20.9758 4
      vertex 20.5068 20.9758 0
    endloop
  endfacet
  facet normal 0.730098 0.683343 0
    outer loop
      vertex 20.7182 20.7182 4
      vertex 20.6422 20.7994 0
      vertex 20.6422 20.7994 4
    endloop
  endfacet
  facet normal 0.730098 0.683343 0
    outer loop
      vertex 20.6422 20.7994 0
      vertex 20.7182 20.7182 4
      vertex 20.7182 20.7182 0
    endloop
  endfacet
  facet normal -0.772915 0.634509 0
    outer loop
      vertex 23.1984 20.7994 0
      vertex 23.269 20.8854 4
      vertex 23.269 20.8854 0
    endloop
  endfacet
  facet normal -0.772915 0.634509 0
    outer loop
      vertex 23.269 20.8854 4
      vertex 23.1984 20.7994 0
      vertex 23.1984 20.7994 4
    endloop
  endfacet
  facet normal -0.910859 0.412719 0
    outer loop
      vertex 23.445 21.1684 0
      vertex 23.4909 21.2697 4
      vertex 23.4909 21.2697 0
    endloop
  endfacet
  facet normal -0.910859 0.412719 0
    outer loop
      vertex 23.4909 21.2697 4
      vertex 23.445 21.1684 0
      vertex 23.445 21.1684 4
    endloop
  endfacet
  facet normal -0.999476 0.0323571 0
    outer loop
      vertex 23.6167 21.8091 0
      vertex 23.6203 21.9203 4
      vertex 23.6203 21.9203 0
    endloop
  endfacet
  facet normal -0.999476 0.0323571 0
    outer loop
      vertex 23.6203 21.9203 4
      vertex 23.6167 21.8091 0
      vertex 23.6167 21.8091 4
    endloop
  endfacet
  facet normal -0.974026 0.226434 0
    outer loop
      vertex 23.5624 21.4803 0
      vertex 23.5876 21.5887 4
      vertex 23.5876 21.5887 0
    endloop
  endfacet
  facet normal -0.974026 0.226434 0
    outer loop
      vertex 23.5876 21.5887 4
      vertex 23.5624 21.4803 0
      vertex 23.5624 21.4803 4
    endloop
  endfacet
  facet normal -0.772915 -0.634509 0
    outer loop
      vertex 23.269 22.9552 0
      vertex 23.1984 23.0412 4
      vertex 23.1984 23.0412 0
    endloop
  endfacet
  facet normal -0.772915 -0.634509 0
    outer loop
      vertex 23.1984 23.0412 4
      vertex 23.269 22.9552 0
      vertex 23.269 22.9552 4
    endloop
  endfacet
  facet normal -0.81276 -0.582598 0
    outer loop
      vertex 23.3338 22.8648 0
      vertex 23.269 22.9552 4
      vertex 23.269 22.9552 0
    endloop
  endfacet
  facet normal -0.81276 -0.582598 0
    outer loop
      vertex 23.269 22.9552 4
      vertex 23.3338 22.8648 0
      vertex 23.3338 22.8648 4
    endloop
  endfacet
  facet normal -0.16265 0.986684 0
    outer loop
      vertex 22.252 20.253 0
      vertex 22.1422 20.2349 4
      vertex 22.252 20.253 4
    endloop
  endfacet
  facet normal -0.16265 0.986684 0
    outer loop
      vertex 22.1422 20.2349 4
      vertex 22.252 20.253 0
      vertex 22.1422 20.2349 0
    endloop
  endfacet
  facet normal -0.352404 0.935848 0
    outer loop
      vertex 22.5709 20.3497 0
      vertex 22.4668 20.3105 4
      vertex 22.5709 20.3497 4
    endloop
  endfacet
  facet normal -0.352404 0.935848 0
    outer loop
      vertex 22.4668 20.3105 4
      vertex 22.5709 20.3497 0
      vertex 22.4668 20.3105 0
    endloop
  endfacet
  facet normal -0.527654 0.84946 0
    outer loop
      vertex 22.8648 20.5068 0
      vertex 22.7703 20.4481 4
      vertex 22.8648 20.5068 4
    endloop
  endfacet
  facet normal -0.527654 0.84946 0
    outer loop
      vertex 22.7703 20.4481 4
      vertex 22.8648 20.5068 0
      vertex 22.7703 20.4481 0
    endloop
  endfacet
  facet normal -0.634509 0.772915 0
    outer loop
      vertex 23.0412 20.6422 0
      vertex 22.9552 20.5716 4
      vertex 23.0412 20.6422 4
    endloop
  endfacet
  facet normal -0.634509 0.772915 0
    outer loop
      vertex 22.9552 20.5716 4
      vertex 23.0412 20.6422 0
      vertex 22.9552 20.5716 0
    endloop
  endfacet
  facet normal 0.290482 0.956881 -0
    outer loop
      vertex 21.4803 20.2782 0
      vertex 21.3739 20.3105 4
      vertex 21.4803 20.2782 4
    endloop
  endfacet
  facet normal 0.290482 0.956881 0
    outer loop
      vertex 21.3739 20.3105 4
      vertex 21.4803 20.2782 0
      vertex 21.3739 20.3105 0
    endloop
  endfacet
  facet normal 0.0988807 0.995099 -0
    outer loop
      vertex 21.8091 20.2239 0
      vertex 21.6984 20.2349 4
      vertex 21.8091 20.2239 4
    endloop
  endfacet
  facet normal 0.0988807 0.995099 0
    outer loop
      vertex 21.6984 20.2349 4
      vertex 21.8091 20.2239 0
      vertex 21.6984 20.2349 0
    endloop
  endfacet
  facet normal 0.471847 0.88168 -0
    outer loop
      vertex 21.1684 20.3956 0
      vertex 21.0703 20.4481 4
      vertex 21.1684 20.3956 4
    endloop
  endfacet
  facet normal 0.471847 0.88168 0
    outer loop
      vertex 21.0703 20.4481 4
      vertex 21.1684 20.3956 0
      vertex 21.0703 20.4481 0
    endloop
  endfacet
  facet normal 0.634509 0.772915 -0
    outer loop
      vertex 20.8854 20.5716 0
      vertex 20.7994 20.6422 4
      vertex 20.8854 20.5716 4
    endloop
  endfacet
  facet normal 0.634509 0.772915 0
    outer loop
      vertex 20.7994 20.6422 4
      vertex 20.8854 20.5716 0
      vertex 20.7994 20.6422 0
    endloop
  endfacet
  facet normal 0.730098 -0.683343 0
    outer loop
      vertex -23.1984 23.0412 4
      vertex -23.1224 23.1224 0
      vertex -23.1224 23.1224 4
    endloop
  endfacet
  facet normal 0.730098 -0.683343 0
    outer loop
      vertex -23.1224 23.1224 0
      vertex -23.1984 23.0412 4
      vertex -23.1984 23.0412 0
    endloop
  endfacet
  facet normal 0.730098 0.683343 0
    outer loop
      vertex -23.1224 20.7182 4
      vertex -23.1984 20.7994 0
      vertex -23.1984 20.7994 4
    endloop
  endfacet
  facet normal 0.730098 0.683343 0
    outer loop
      vertex -23.1984 20.7994 0
      vertex -23.1224 20.7182 4
      vertex -23.1224 20.7182 0
    endloop
  endfacet
  facet normal -0.730098 -0.683343 0
    outer loop
      vertex -20.6422 23.0412 0
      vertex -20.7182 23.1224 4
      vertex -20.7182 23.1224 0
    endloop
  endfacet
  facet normal -0.730098 -0.683343 0
    outer loop
      vertex -20.7182 23.1224 4
      vertex -20.6422 23.0412 0
      vertex -20.6422 23.0412 4
    endloop
  endfacet
  facet normal 0.999476 -0.0323571 0
    outer loop
      vertex -23.6203 21.9203 4
      vertex -23.6167 22.0315 0
      vertex -23.6167 22.0315 4
    endloop
  endfacet
  facet normal 0.999476 -0.0323571 0
    outer loop
      vertex -23.6167 22.0315 0
      vertex -23.6203 21.9203 4
      vertex -23.6203 21.9203 0
    endloop
  endfacet
  facet normal -0.0323571 -0.999476 0
    outer loop
      vertex -21.9203 23.6203 0
      vertex -21.8091 23.6167 4
      vertex -21.9203 23.6203 4
    endloop
  endfacet
  facet normal -0.0323571 -0.999476 -0
    outer loop
      vertex -21.8091 23.6167 4
      vertex -21.9203 23.6203 0
      vertex -21.8091 23.6167 0
    endloop
  endfacet
  facet normal 0.935848 -0.352404 0
    outer loop
      vertex -23.5301 22.4668 4
      vertex -23.4909 22.5709 0
      vertex -23.4909 22.5709 4
    endloop
  endfacet
  facet normal 0.935848 -0.352404 0
    outer loop
      vertex -23.4909 22.5709 0
      vertex -23.5301 22.4668 4
      vertex -23.5301 22.4668 0
    endloop
  endfacet
  facet normal 0.352404 -0.935848 0
    outer loop
      vertex -22.5709 23.4909 0
      vertex -22.4668 23.5301 4
      vertex -22.5709 23.4909 4
    endloop
  endfacet
  facet normal 0.352404 -0.935848 0
    outer loop
      vertex -22.4668 23.5301 4
      vertex -22.5709 23.4909 0
      vertex -22.4668 23.5301 0
    endloop
  endfacet
  facet normal -0.412719 -0.910859 0
    outer loop
      vertex -21.2697 23.4909 0
      vertex -21.1684 23.445 4
      vertex -21.2697 23.4909 4
    endloop
  endfacet
  facet normal -0.412719 -0.910859 -0
    outer loop
      vertex -21.1684 23.445 4
      vertex -21.2697 23.4909 0
      vertex -21.1684 23.445 0
    endloop
  endfacet
  facet normal 0.0979904 -0.995187 0
    outer loop
      vertex -22.1422 23.6058 0
      vertex -22.0315 23.6167 4
      vertex -22.1422 23.6058 4
    endloop
  endfacet
  facet normal 0.0979904 -0.995187 0
    outer loop
      vertex -22.0315 23.6167 4
      vertex -22.1422 23.6058 0
      vertex -22.0315 23.6167 0
    endloop
  endfacet
  facet normal -0.935848 -0.352404 0
    outer loop
      vertex -20.3105 22.4668 0
      vertex -20.3497 22.5709 4
      vertex -20.3497 22.5709 0
    endloop
  endfacet
  facet normal -0.935848 -0.352404 0
    outer loop
      vertex -20.3497 22.5709 4
      vertex -20.3105 22.4668 0
      vertex -20.3105 22.4668 4
    endloop
  endfacet
  facet normal -0.999476 0.0323571 0
    outer loop
      vertex -20.2239 21.8091 0
      vertex -20.2203 21.9203 4
      vertex -20.2203 21.9203 0
    endloop
  endfacet
  facet normal -0.999476 0.0323571 0
    outer loop
      vertex -20.2203 21.9203 4
      vertex -20.2239 21.8091 0
      vertex -20.2239 21.8091 4
    endloop
  endfacet
  facet normal 0.849057 -0.528302 0
    outer loop
      vertex -23.3926 22.7703 4
      vertex -23.3338 22.8648 0
      vertex -23.3338 22.8648 4
    endloop
  endfacet
  facet normal 0.849057 -0.528302 0
    outer loop
      vertex -23.3338 22.8648 0
      vertex -23.3926 22.7703 4
      vertex -23.3926 22.7703 0
    endloop
  endfacet
  facet normal 0.986539 -0.163525 0
    outer loop
      vertex -23.6058 22.1422 4
      vertex -23.5876 22.252 0
      vertex -23.5876 22.252 4
    endloop
  endfacet
  facet normal 0.986539 -0.163525 0
    outer loop
      vertex -23.5876 22.252 0
      vertex -23.6058 22.1422 4
      vertex -23.6058 22.1422 0
    endloop
  endfacet
  facet normal 0.995187 -0.0979904 0
    outer loop
      vertex -23.6167 22.0315 4
      vertex -23.6058 22.1422 0
      vertex -23.6058 22.1422 4
    endloop
  endfacet
  facet normal 0.995187 -0.0979904 0
    outer loop
      vertex -23.6058 22.1422 0
      vertex -23.6167 22.0315 4
      vertex -23.6167 22.0315 0
    endloop
  endfacet
  facet normal 0.956956 -0.290232 0
    outer loop
      vertex -23.5624 22.3603 4
      vertex -23.5301 22.4668 0
      vertex -23.5301 22.4668 4
    endloop
  endfacet
  facet normal 0.956956 -0.290232 0
    outer loop
      vertex -23.5301 22.4668 0
      vertex -23.5624 22.3603 4
      vertex -23.5624 22.3603 0
    endloop
  endfacet
  facet normal 0.81276 0.582598 0
    outer loop
      vertex -23.269 20.8854 4
      vertex -23.3338 20.9758 0
      vertex -23.3338 20.9758 4
    endloop
  endfacet
  facet normal 0.81276 0.582598 0
    outer loop
      vertex -23.3338 20.9758 0
      vertex -23.269 20.8854 4
      vertex -23.269 20.8854 0
    endloop
  endfacet
  facet normal 0.995187 0.0979904 0
    outer loop
      vertex -23.6058 21.6984 4
      vertex -23.6167 21.8091 0
      vertex -23.6167 21.8091 4
    endloop
  endfacet
  facet normal 0.995187 0.0979904 0
    outer loop
      vertex -23.6167 21.8091 0
      vertex -23.6058 21.6984 4
      vertex -23.6058 21.6984 0
    endloop
  endfacet
  facet normal -0.471847 0.88168 0
    outer loop
      vertex -21.0703 20.4481 0
      vertex -21.1684 20.3956 4
      vertex -21.0703 20.4481 4
    endloop
  endfacet
  facet normal -0.471847 0.88168 0
    outer loop
      vertex -21.1684 20.3956 4
      vertex -21.0703 20.4481 0
      vertex -21.1684 20.3956 0
    endloop
  endfacet
  facet normal -0.0988807 0.995099 0
    outer loop
      vertex -21.6984 20.2349 0
      vertex -21.8091 20.2239 4
      vertex -21.6984 20.2349 4
    endloop
  endfacet
  facet normal -0.0988807 0.995099 0
    outer loop
      vertex -21.8091 20.2239 4
      vertex -21.6984 20.2349 0
      vertex -21.8091 20.2239 0
    endloop
  endfacet
  facet normal -0.0323571 0.999476 0
    outer loop
      vertex -21.8091 20.2239 0
      vertex -21.9203 20.2203 4
      vertex -21.8091 20.2239 4
    endloop
  endfacet
  facet normal -0.0323571 0.999476 0
    outer loop
      vertex -21.9203 20.2203 4
      vertex -21.8091 20.2239 0
      vertex -21.9203 20.2203 0
    endloop
  endfacet
  facet normal -0.352108 0.93596 0
    outer loop
      vertex -21.2697 20.3497 0
      vertex -21.3739 20.3105 4
      vertex -21.2697 20.3497 4
    endloop
  endfacet
  facet normal -0.352108 0.93596 0
    outer loop
      vertex -21.3739 20.3105 4
      vertex -21.2697 20.3497 0
      vertex -21.3739 20.3105 0
    endloop
  endfacet
  facet normal -0.226434 0.974026 0
    outer loop
      vertex -21.4803 20.2782 0
      vertex -21.5887 20.253 4
      vertex -21.4803 20.2782 4
    endloop
  endfacet
  facet normal -0.226434 0.974026 0
    outer loop
      vertex -21.5887 20.253 4
      vertex -21.4803 20.2782 0
      vertex -21.5887 20.253 0
    endloop
  endfacet
  facet normal -0.412719 0.910859 0
    outer loop
      vertex -21.1684 20.3956 0
      vertex -21.2697 20.3497 4
      vertex -21.1684 20.3956 4
    endloop
  endfacet
  facet normal -0.412719 0.910859 0
    outer loop
      vertex -21.2697 20.3497 4
      vertex -21.1684 20.3956 0
      vertex -21.2697 20.3497 0
    endloop
  endfacet
  facet normal -0.582598 0.81276 0
    outer loop
      vertex -20.8854 20.5716 0
      vertex -20.9758 20.5068 4
      vertex -20.8854 20.5716 4
    endloop
  endfacet
  facet normal -0.582598 0.81276 0
    outer loop
      vertex -20.9758 20.5068 4
      vertex -20.8854 20.5716 0
      vertex -20.9758 20.5068 0
    endloop
  endfacet
  facet normal 0.683343 0.730098 -0
    outer loop
      vertex -23.0412 20.6422 0
      vertex -23.1224 20.7182 4
      vertex -23.0412 20.6422 4
    endloop
  endfacet
  facet normal 0.683343 0.730098 0
    outer loop
      vertex -23.1224 20.7182 4
      vertex -23.0412 20.6422 0
      vertex -23.1224 20.7182 0
    endloop
  endfacet
  facet normal 0.528302 -0.849057 0
    outer loop
      vertex -22.8648 23.3338 0
      vertex -22.7703 23.3926 4
      vertex -22.8648 23.3338 4
    endloop
  endfacet
  facet normal 0.528302 -0.849057 0
    outer loop
      vertex -22.7703 23.3926 4
      vertex -22.8648 23.3338 0
      vertex -22.7703 23.3926 0
    endloop
  endfacet
  facet normal -0.582598 -0.81276 0
    outer loop
      vertex -20.9758 23.3338 0
      vertex -20.8854 23.269 4
      vertex -20.9758 23.3338 4
    endloop
  endfacet
  facet normal -0.582598 -0.81276 -0
    outer loop
      vertex -20.8854 23.269 4
      vertex -20.9758 23.3338 0
      vertex -20.8854 23.269 0
    endloop
  endfacet
  facet normal -0.528302 -0.849057 0
    outer loop
      vertex -21.0703 23.3926 0
      vertex -20.9758 23.3338 4
      vertex -21.0703 23.3926 4
    endloop
  endfacet
  facet normal -0.528302 -0.849057 -0
    outer loop
      vertex -20.9758 23.3338 4
      vertex -21.0703 23.3926 0
      vertex -20.9758 23.3338 0
    endloop
  endfacet
  facet normal -0.226434 -0.974026 0
    outer loop
      vertex -21.5887 23.5876 0
      vertex -21.4803 23.5624 4
      vertex -21.5887 23.5876 4
    endloop
  endfacet
  facet normal -0.226434 -0.974026 -0
    outer loop
      vertex -21.4803 23.5624 4
      vertex -21.5887 23.5876 0
      vertex -21.4803 23.5624 0
    endloop
  endfacet
  facet normal -0.16367 -0.986515 0
    outer loop
      vertex -21.6984 23.6058 0
      vertex -21.5887 23.5876 4
      vertex -21.6984 23.6058 4
    endloop
  endfacet
  facet normal -0.16367 -0.986515 -0
    outer loop
      vertex -21.5887 23.5876 4
      vertex -21.6984 23.6058 0
      vertex -21.5887 23.5876 0
    endloop
  endfacet
  facet normal -0.352108 -0.93596 0
    outer loop
      vertex -21.3739 23.5301 0
      vertex -21.2697 23.4909 4
      vertex -21.3739 23.5301 4
    endloop
  endfacet
  facet normal -0.352108 -0.93596 -0
    outer loop
      vertex -21.2697 23.4909 4
      vertex -21.3739 23.5301 0
      vertex -21.2697 23.4909 0
    endloop
  endfacet
  facet normal 0.163525 -0.986539 0
    outer loop
      vertex -22.252 23.5876 0
      vertex -22.1422 23.6058 4
      vertex -22.252 23.5876 4
    endloop
  endfacet
  facet normal 0.163525 -0.986539 0
    outer loop
      vertex -22.1422 23.6058 4
      vertex -22.252 23.5876 0
      vertex -22.1422 23.6058 0
    endloop
  endfacet
  facet normal 0.471148 -0.882054 0
    outer loop
      vertex -22.7703 23.3926 0
      vertex -22.6722 23.445 4
      vertex -22.7703 23.3926 4
    endloop
  endfacet
  facet normal 0.471148 -0.882054 0
    outer loop
      vertex -22.6722 23.445 4
      vertex -22.7703 23.3926 0
      vertex -22.6722 23.445 0
    endloop
  endfacet
  facet normal -0.995099 -0.0988807 0
    outer loop
      vertex -20.2239 22.0315 0
      vertex -20.2349 22.1422 4
      vertex -20.2349 22.1422 0
    endloop
  endfacet
  facet normal -0.995099 -0.0988807 0
    outer loop
      vertex -20.2349 22.1422 4
      vertex -20.2239 22.0315 0
      vertex -20.2239 22.0315 4
    endloop
  endfacet
  facet normal -0.999476 -0.0323571 0
    outer loop
      vertex -20.2203 21.9203 0
      vertex -20.2239 22.0315 4
      vertex -20.2239 22.0315 0
    endloop
  endfacet
  facet normal -0.999476 -0.0323571 0
    outer loop
      vertex -20.2239 22.0315 4
      vertex -20.2203 21.9203 0
      vertex -20.2203 21.9203 4
    endloop
  endfacet
  facet normal -0.97398 -0.226633 0
    outer loop
      vertex -20.253 22.252 0
      vertex -20.2782 22.3603 4
      vertex -20.2782 22.3603 0
    endloop
  endfacet
  facet normal -0.97398 -0.226633 0
    outer loop
      vertex -20.2782 22.3603 4
      vertex -20.253 22.252 0
      vertex -20.253 22.252 4
    endloop
  endfacet
  facet normal -0.910859 -0.412719 0
    outer loop
      vertex -20.3497 22.5709 0
      vertex -20.3956 22.6722 4
      vertex -20.3956 22.6722 0
    endloop
  endfacet
  facet normal -0.910859 -0.412719 0
    outer loop
      vertex -20.3956 22.6722 4
      vertex -20.3497 22.5709 0
      vertex -20.3497 22.5709 4
    endloop
  endfacet
  facet normal -0.81276 -0.582598 0
    outer loop
      vertex -20.5068 22.8648 0
      vertex -20.5716 22.9552 4
      vertex -20.5716 22.9552 0
    endloop
  endfacet
  facet normal -0.81276 -0.582598 0
    outer loop
      vertex -20.5716 22.9552 4
      vertex -20.5068 22.8648 0
      vertex -20.5068 22.8648 4
    endloop
  endfacet
  facet normal -0.974026 0.226434 0
    outer loop
      vertex -20.2782 21.4803 0
      vertex -20.253 21.5887 4
      vertex -20.253 21.5887 0
    endloop
  endfacet
  facet normal -0.974026 0.226434 0
    outer loop
      vertex -20.253 21.5887 4
      vertex -20.2782 21.4803 0
      vertex -20.2782 21.4803 4
    endloop
  endfacet
  facet normal -0.910859 0.412719 0
    outer loop
      vertex -20.3956 21.1684 0
      vertex -20.3497 21.2697 4
      vertex -20.3497 21.2697 0
    endloop
  endfacet
  facet normal -0.910859 0.412719 0
    outer loop
      vertex -20.3497 21.2697 4
      vertex -20.3956 21.1684 0
      vertex -20.3956 21.1684 4
    endloop
  endfacet
  facet normal 0.81276 -0.582598 0
    outer loop
      vertex -23.3338 22.8648 4
      vertex -23.269 22.9552 0
      vertex -23.269 22.9552 4
    endloop
  endfacet
  facet normal 0.81276 -0.582598 0
    outer loop
      vertex -23.269 22.9552 0
      vertex -23.3338 22.8648 4
      vertex -23.3338 22.8648 0
    endloop
  endfacet
  facet normal 0.772915 -0.634509 0
    outer loop
      vertex -23.269 22.9552 4
      vertex -23.1984 23.0412 0
      vertex -23.1984 23.0412 4
    endloop
  endfacet
  facet normal 0.772915 -0.634509 0
    outer loop
      vertex -23.1984 23.0412 0
      vertex -23.269 22.9552 4
      vertex -23.269 22.9552 0
    endloop
  endfacet
  facet normal 0.882054 -0.471148 0
    outer loop
      vertex -23.445 22.6722 4
      vertex -23.3926 22.7703 0
      vertex -23.3926 22.7703 4
    endloop
  endfacet
  facet normal 0.882054 -0.471148 0
    outer loop
      vertex -23.3926 22.7703 0
      vertex -23.445 22.6722 4
      vertex -23.445 22.6722 0
    endloop
  endfacet
  facet normal 0.910859 -0.412719 0
    outer loop
      vertex -23.4909 22.5709 4
      vertex -23.445 22.6722 0
      vertex -23.445 22.6722 4
    endloop
  endfacet
  facet normal 0.910859 -0.412719 0
    outer loop
      vertex -23.445 22.6722 0
      vertex -23.4909 22.5709 4
      vertex -23.4909 22.5709 0
    endloop
  endfacet
  facet normal 0.97398 -0.226633 0
    outer loop
      vertex -23.5876 22.252 4
      vertex -23.5624 22.3603 0
      vertex -23.5624 22.3603 4
    endloop
  endfacet
  facet normal 0.97398 -0.226633 0
    outer loop
      vertex -23.5624 22.3603 0
      vertex -23.5876 22.252 4
      vertex -23.5876 22.252 0
    endloop
  endfacet
  facet normal 0.849057 0.528302 0
    outer loop
      vertex -23.3338 20.9758 4
      vertex -23.3926 21.0703 0
      vertex -23.3926 21.0703 4
    endloop
  endfacet
  facet normal 0.849057 0.528302 0
    outer loop
      vertex -23.3926 21.0703 0
      vertex -23.3338 20.9758 4
      vertex -23.3338 20.9758 0
    endloop
  endfacet
  facet normal 0.910859 0.412719 0
    outer loop
      vertex -23.445 21.1684 4
      vertex -23.4909 21.2697 0
      vertex -23.4909 21.2697 4
    endloop
  endfacet
  facet normal 0.910859 0.412719 0
    outer loop
      vertex -23.4909 21.2697 0
      vertex -23.445 21.1684 4
      vertex -23.445 21.1684 0
    endloop
  endfacet
  facet normal 0.882054 0.471148 0
    outer loop
      vertex -23.3926 21.0703 4
      vertex -23.445 21.1684 0
      vertex -23.445 21.1684 4
    endloop
  endfacet
  facet normal 0.882054 0.471148 0
    outer loop
      vertex -23.445 21.1684 0
      vertex -23.3926 21.0703 4
      vertex -23.3926 21.0703 0
    endloop
  endfacet
  facet normal 0.772915 0.634509 0
    outer loop
      vertex -23.1984 20.7994 4
      vertex -23.269 20.8854 0
      vertex -23.269 20.8854 4
    endloop
  endfacet
  facet normal 0.772915 0.634509 0
    outer loop
      vertex -23.269 20.8854 0
      vertex -23.1984 20.7994 4
      vertex -23.1984 20.7994 0
    endloop
  endfacet
  facet normal 0.93596 0.352108 0
    outer loop
      vertex -23.4909 21.2697 4
      vertex -23.5301 21.3739 0
      vertex -23.5301 21.3739 4
    endloop
  endfacet
  facet normal 0.93596 0.352108 0
    outer loop
      vertex -23.5301 21.3739 0
      vertex -23.4909 21.2697 4
      vertex -23.4909 21.2697 0
    endloop
  endfacet
  facet normal 0.974026 0.226434 0
    outer loop
      vertex -23.5624 21.4803 4
      vertex -23.5876 21.5887 0
      vertex -23.5876 21.5887 4
    endloop
  endfacet
  facet normal 0.974026 0.226434 0
    outer loop
      vertex -23.5876 21.5887 0
      vertex -23.5624 21.4803 4
      vertex -23.5624 21.4803 0
    endloop
  endfacet
  facet normal 0.956881 0.290482 0
    outer loop
      vertex -23.5301 21.3739 4
      vertex -23.5624 21.4803 0
      vertex -23.5624 21.4803 4
    endloop
  endfacet
  facet normal 0.956881 0.290482 0
    outer loop
      vertex -23.5624 21.4803 0
      vertex -23.5301 21.3739 4
      vertex -23.5301 21.3739 0
    endloop
  endfacet
  facet normal 0.986515 0.16367 0
    outer loop
      vertex -23.5876 21.5887 4
      vertex -23.6058 21.6984 0
      vertex -23.6058 21.6984 4
    endloop
  endfacet
  facet normal 0.986515 0.16367 0
    outer loop
      vertex -23.6058 21.6984 0
      vertex -23.5876 21.5887 4
      vertex -23.5876 21.5887 0
    endloop
  endfacet
  facet normal 0.999476 0.0323571 0
    outer loop
      vertex -23.6167 21.8091 4
      vertex -23.6203 21.9203 0
      vertex -23.6203 21.9203 4
    endloop
  endfacet
  facet normal 0.999476 0.0323571 0
    outer loop
      vertex -23.6203 21.9203 0
      vertex -23.6167 21.8091 4
      vertex -23.6167 21.8091 0
    endloop
  endfacet
  facet normal -0.290482 0.956881 0
    outer loop
      vertex -21.3739 20.3105 0
      vertex -21.4803 20.2782 4
      vertex -21.3739 20.3105 4
    endloop
  endfacet
  facet normal -0.290482 0.956881 0
    outer loop
      vertex -21.4803 20.2782 4
      vertex -21.3739 20.3105 0
      vertex -21.4803 20.2782 0
    endloop
  endfacet
  facet normal -0.634509 0.772915 0
    outer loop
      vertex -20.7994 20.6422 0
      vertex -20.8854 20.5716 4
      vertex -20.7994 20.6422 4
    endloop
  endfacet
  facet normal -0.634509 0.772915 0
    outer loop
      vertex -20.8854 20.5716 4
      vertex -20.7994 20.6422 0
      vertex -20.8854 20.5716 0
    endloop
  endfacet
  facet normal 0.226633 0.97398 -0
    outer loop
      vertex -22.252 20.253 0
      vertex -22.3603 20.2782 4
      vertex -22.252 20.253 4
    endloop
  endfacet
  facet normal 0.226633 0.97398 0
    outer loop
      vertex -22.3603 20.2782 4
      vertex -22.252 20.253 0
      vertex -22.3603 20.2782 0
    endloop
  endfacet
  facet normal 0.352404 0.935848 -0
    outer loop
      vertex -22.4668 20.3105 0
      vertex -22.5709 20.3497 4
      vertex -22.4668 20.3105 4
    endloop
  endfacet
  facet normal 0.352404 0.935848 0
    outer loop
      vertex -22.5709 20.3497 4
      vertex -22.4668 20.3105 0
      vertex -22.5709 20.3497 0
    endloop
  endfacet
  facet normal 0.290232 0.956956 -0
    outer loop
      vertex -22.3603 20.2782 0
      vertex -22.4668 20.3105 4
      vertex -22.3603 20.2782 4
    endloop
  endfacet
  facet normal 0.290232 0.956956 0
    outer loop
      vertex -22.4668 20.3105 4
      vertex -22.3603 20.2782 0
      vertex -22.4668 20.3105 0
    endloop
  endfacet
  facet normal 0.0323571 0.999476 -0
    outer loop
      vertex -21.9203 20.2203 0
      vertex -22.0315 20.2239 4
      vertex -21.9203 20.2203 4
    endloop
  endfacet
  facet normal 0.0323571 0.999476 0
    outer loop
      vertex -22.0315 20.2239 4
      vertex -21.9203 20.2203 0
      vertex -22.0315 20.2239 0
    endloop
  endfacet
  facet normal 0.16265 0.986684 -0
    outer loop
      vertex -22.1422 20.2349 0
      vertex -22.252 20.253 4
      vertex -22.1422 20.2349 4
    endloop
  endfacet
  facet normal 0.16265 0.986684 0
    outer loop
      vertex -22.252 20.253 4
      vertex -22.1422 20.2349 0
      vertex -22.252 20.253 0
    endloop
  endfacet
  facet normal 0.0988807 0.995099 -0
    outer loop
      vertex -22.0315 20.2239 0
      vertex -22.1422 20.2349 4
      vertex -22.0315 20.2239 4
    endloop
  endfacet
  facet normal 0.0988807 0.995099 0
    outer loop
      vertex -22.1422 20.2349 4
      vertex -22.0315 20.2239 0
      vertex -22.1422 20.2349 0
    endloop
  endfacet
  facet normal 0.412719 0.910859 -0
    outer loop
      vertex -22.5709 20.3497 0
      vertex -22.6722 20.3956 4
      vertex -22.5709 20.3497 4
    endloop
  endfacet
  facet normal 0.412719 0.910859 0
    outer loop
      vertex -22.6722 20.3956 4
      vertex -22.5709 20.3497 0
      vertex -22.6722 20.3956 0
    endloop
  endfacet
  facet normal 0.527654 0.84946 -0
    outer loop
      vertex -22.7703 20.4481 0
      vertex -22.8648 20.5068 4
      vertex -22.7703 20.4481 4
    endloop
  endfacet
  facet normal 0.527654 0.84946 0
    outer loop
      vertex -22.8648 20.5068 4
      vertex -22.7703 20.4481 0
      vertex -22.8648 20.5068 0
    endloop
  endfacet
  facet normal 0.471847 0.88168 -0
    outer loop
      vertex -22.6722 20.3956 0
      vertex -22.7703 20.4481 4
      vertex -22.6722 20.3956 4
    endloop
  endfacet
  facet normal 0.471847 0.88168 0
    outer loop
      vertex -22.7703 20.4481 4
      vertex -22.6722 20.3956 0
      vertex -22.7703 20.4481 0
    endloop
  endfacet
  facet normal 0.634509 0.772915 -0
    outer loop
      vertex -22.9552 20.5716 0
      vertex -23.0412 20.6422 4
      vertex -22.9552 20.5716 4
    endloop
  endfacet
  facet normal 0.634509 0.772915 0
    outer loop
      vertex -23.0412 20.6422 4
      vertex -22.9552 20.5716 0
      vertex -23.0412 20.6422 0
    endloop
  endfacet
  facet normal 0.582598 0.81276 -0
    outer loop
      vertex -22.8648 20.5068 0
      vertex -22.9552 20.5716 4
      vertex -22.8648 20.5068 4
    endloop
  endfacet
  facet normal 0.582598 0.81276 0
    outer loop
      vertex -22.9552 20.5716 4
      vertex -22.8648 20.5068 0
      vertex -22.9552 20.5716 0
    endloop
  endfacet
  facet normal 0.683343 -0.730098 0
    outer loop
      vertex -23.1224 23.1224 0
      vertex -23.0412 23.1984 4
      vertex -23.1224 23.1224 4
    endloop
  endfacet
  facet normal 0.683343 -0.730098 0
    outer loop
      vertex -23.0412 23.1984 4
      vertex -23.1224 23.1224 0
      vertex -23.0412 23.1984 0
    endloop
  endfacet
  facet normal -0.634509 -0.772915 0
    outer loop
      vertex -20.8854 23.269 0
      vertex -20.7994 23.1984 4
      vertex -20.8854 23.269 4
    endloop
  endfacet
  facet normal -0.634509 -0.772915 -0
    outer loop
      vertex -20.7994 23.1984 4
      vertex -20.8854 23.269 0
      vertex -20.7994 23.1984 0
    endloop
  endfacet
  facet normal -0.683343 -0.730098 0
    outer loop
      vertex -20.7994 23.1984 0
      vertex -20.7182 23.1224 4
      vertex -20.7994 23.1984 4
    endloop
  endfacet
  facet normal -0.683343 -0.730098 -0
    outer loop
      vertex -20.7182 23.1224 4
      vertex -20.7994 23.1984 0
      vertex -20.7182 23.1224 0
    endloop
  endfacet
  facet normal 0.226633 -0.97398 0
    outer loop
      vertex -22.3603 23.5624 0
      vertex -22.252 23.5876 4
      vertex -22.3603 23.5624 4
    endloop
  endfacet
  facet normal 0.226633 -0.97398 0
    outer loop
      vertex -22.252 23.5876 4
      vertex -22.3603 23.5624 0
      vertex -22.252 23.5876 0
    endloop
  endfacet
  facet normal 0.290232 -0.956956 0
    outer loop
      vertex -22.4668 23.5301 0
      vertex -22.3603 23.5624 4
      vertex -22.4668 23.5301 4
    endloop
  endfacet
  facet normal 0.290232 -0.956956 0
    outer loop
      vertex -22.3603 23.5624 4
      vertex -22.4668 23.5301 0
      vertex -22.3603 23.5624 0
    endloop
  endfacet
  facet normal 0.582598 -0.81276 0
    outer loop
      vertex -22.9552 23.269 0
      vertex -22.8648 23.3338 4
      vertex -22.9552 23.269 4
    endloop
  endfacet
  facet normal 0.582598 -0.81276 0
    outer loop
      vertex -22.8648 23.3338 4
      vertex -22.9552 23.269 0
      vertex -22.8648 23.3338 0
    endloop
  endfacet
  facet normal -0.986684 -0.16265 0
    outer loop
      vertex -20.2349 22.1422 0
      vertex -20.253 22.252 4
      vertex -20.253 22.252 0
    endloop
  endfacet
  facet normal -0.986684 -0.16265 0
    outer loop
      vertex -20.253 22.252 4
      vertex -20.2349 22.1422 0
      vertex -20.2349 22.1422 4
    endloop
  endfacet
  facet normal -0.88168 -0.471847 0
    outer loop
      vertex -20.3956 22.6722 0
      vertex -20.4481 22.7703 4
      vertex -20.4481 22.7703 0
    endloop
  endfacet
  facet normal -0.88168 -0.471847 0
    outer loop
      vertex -20.4481 22.7703 4
      vertex -20.3956 22.6722 0
      vertex -20.3956 22.6722 4
    endloop
  endfacet
  facet normal -0.84946 -0.527654 0
    outer loop
      vertex -20.4481 22.7703 0
      vertex -20.5068 22.8648 4
      vertex -20.5068 22.8648 0
    endloop
  endfacet
  facet normal -0.84946 -0.527654 0
    outer loop
      vertex -20.5068 22.8648 4
      vertex -20.4481 22.7703 0
      vertex -20.4481 22.7703 4
    endloop
  endfacet
  facet normal -0.772915 -0.634509 0
    outer loop
      vertex -20.5716 22.9552 0
      vertex -20.6422 23.0412 4
      vertex -20.6422 23.0412 0
    endloop
  endfacet
  facet normal -0.772915 -0.634509 0
    outer loop
      vertex -20.6422 23.0412 4
      vertex -20.5716 22.9552 0
      vertex -20.5716 22.9552 4
    endloop
  endfacet
  facet normal -0.93596 0.352108 0
    outer loop
      vertex -20.3497 21.2697 0
      vertex -20.3105 21.3739 4
      vertex -20.3105 21.3739 0
    endloop
  endfacet
  facet normal -0.93596 0.352108 0
    outer loop
      vertex -20.3105 21.3739 4
      vertex -20.3497 21.2697 0
      vertex -20.3497 21.2697 4
    endloop
  endfacet
  facet normal -0.956881 0.290482 0
    outer loop
      vertex -20.3105 21.3739 0
      vertex -20.2782 21.4803 4
      vertex -20.2782 21.4803 0
    endloop
  endfacet
  facet normal -0.956881 0.290482 0
    outer loop
      vertex -20.2782 21.4803 4
      vertex -20.3105 21.3739 0
      vertex -20.3105 21.3739 4
    endloop
  endfacet
  facet normal -0.98666 0.162794 0
    outer loop
      vertex -20.253 21.5887 0
      vertex -20.2349 21.6984 4
      vertex -20.2349 21.6984 0
    endloop
  endfacet
  facet normal -0.98666 0.162794 0
    outer loop
      vertex -20.2349 21.6984 4
      vertex -20.253 21.5887 0
      vertex -20.253 21.5887 4
    endloop
  endfacet
  facet normal -0.84946 0.527654 0
    outer loop
      vertex -20.5068 20.9758 0
      vertex -20.4481 21.0703 4
      vertex -20.4481 21.0703 0
    endloop
  endfacet
  facet normal -0.84946 0.527654 0
    outer loop
      vertex -20.4481 21.0703 4
      vertex -20.5068 20.9758 0
      vertex -20.5068 20.9758 4
    endloop
  endfacet
  facet normal -0.81276 0.582598 0
    outer loop
      vertex -20.5716 20.8854 0
      vertex -20.5068 20.9758 4
      vertex -20.5068 20.9758 0
    endloop
  endfacet
  facet normal -0.81276 0.582598 0
    outer loop
      vertex -20.5068 20.9758 4
      vertex -20.5716 20.8854 0
      vertex -20.5716 20.8854 4
    endloop
  endfacet
  facet normal -0.730098 0.683343 0
    outer loop
      vertex -20.7182 20.7182 0
      vertex -20.6422 20.7994 4
      vertex -20.6422 20.7994 0
    endloop
  endfacet
  facet normal -0.730098 0.683343 0
    outer loop
      vertex -20.6422 20.7994 4
      vertex -20.7182 20.7182 0
      vertex -20.7182 20.7182 4
    endloop
  endfacet
  facet normal -0.162794 0.98666 0
    outer loop
      vertex -21.5887 20.253 0
      vertex -21.6984 20.2349 4
      vertex -21.5887 20.253 4
    endloop
  endfacet
  facet normal -0.162794 0.98666 0
    outer loop
      vertex -21.6984 20.2349 4
      vertex -21.5887 20.253 0
      vertex -21.6984 20.2349 0
    endloop
  endfacet
  facet normal -0.527654 0.84946 0
    outer loop
      vertex -20.9758 20.5068 0
      vertex -21.0703 20.4481 4
      vertex -20.9758 20.5068 4
    endloop
  endfacet
  facet normal -0.527654 0.84946 0
    outer loop
      vertex -21.0703 20.4481 4
      vertex -20.9758 20.5068 0
      vertex -21.0703 20.4481 0
    endloop
  endfacet
  facet normal -0.683343 0.730098 0
    outer loop
      vertex -20.7182 20.7182 0
      vertex -20.7994 20.6422 4
      vertex -20.7182 20.7182 4
    endloop
  endfacet
  facet normal -0.683343 0.730098 0
    outer loop
      vertex -20.7994 20.6422 4
      vertex -20.7182 20.7182 0
      vertex -20.7994 20.6422 0
    endloop
  endfacet
  facet normal -0.471148 -0.882054 0
    outer loop
      vertex -21.1684 23.445 0
      vertex -21.0703 23.3926 4
      vertex -21.1684 23.445 4
    endloop
  endfacet
  facet normal -0.471148 -0.882054 -0
    outer loop
      vertex -21.0703 23.3926 4
      vertex -21.1684 23.445 0
      vertex -21.0703 23.3926 0
    endloop
  endfacet
  facet normal -0.0979904 -0.995187 0
    outer loop
      vertex -21.8091 23.6167 0
      vertex -21.6984 23.6058 4
      vertex -21.8091 23.6167 4
    endloop
  endfacet
  facet normal -0.0979904 -0.995187 -0
    outer loop
      vertex -21.6984 23.6058 4
      vertex -21.8091 23.6167 0
      vertex -21.6984 23.6058 0
    endloop
  endfacet
  facet normal -0.290482 -0.956881 0
    outer loop
      vertex -21.4803 23.5624 0
      vertex -21.3739 23.5301 4
      vertex -21.4803 23.5624 4
    endloop
  endfacet
  facet normal -0.290482 -0.956881 -0
    outer loop
      vertex -21.3739 23.5301 4
      vertex -21.4803 23.5624 0
      vertex -21.3739 23.5301 0
    endloop
  endfacet
  facet normal 0.0323571 -0.999476 0
    outer loop
      vertex -22.0315 23.6167 0
      vertex -21.9203 23.6203 4
      vertex -22.0315 23.6167 4
    endloop
  endfacet
  facet normal 0.0323571 -0.999476 0
    outer loop
      vertex -21.9203 23.6203 4
      vertex -22.0315 23.6167 0
      vertex -21.9203 23.6203 0
    endloop
  endfacet
  facet normal 0.412719 -0.910859 0
    outer loop
      vertex -22.6722 23.445 0
      vertex -22.5709 23.4909 4
      vertex -22.6722 23.445 4
    endloop
  endfacet
  facet normal 0.412719 -0.910859 0
    outer loop
      vertex -22.5709 23.4909 4
      vertex -22.6722 23.445 0
      vertex -22.5709 23.4909 0
    endloop
  endfacet
  facet normal 0.634509 -0.772915 0
    outer loop
      vertex -23.0412 23.1984 0
      vertex -22.9552 23.269 4
      vertex -23.0412 23.1984 4
    endloop
  endfacet
  facet normal 0.634509 -0.772915 0
    outer loop
      vertex -22.9552 23.269 4
      vertex -23.0412 23.1984 0
      vertex -22.9552 23.269 0
    endloop
  endfacet
  facet normal -0.956956 -0.290232 0
    outer loop
      vertex -20.2782 22.3603 0
      vertex -20.3105 22.4668 4
      vertex -20.3105 22.4668 0
    endloop
  endfacet
  facet normal -0.956956 -0.290232 0
    outer loop
      vertex -20.3105 22.4668 4
      vertex -20.2782 22.3603 0
      vertex -20.2782 22.3603 4
    endloop
  endfacet
  facet normal -0.995099 0.0988807 0
    outer loop
      vertex -20.2349 21.6984 0
      vertex -20.2239 21.8091 4
      vertex -20.2239 21.8091 0
    endloop
  endfacet
  facet normal -0.995099 0.0988807 0
    outer loop
      vertex -20.2239 21.8091 4
      vertex -20.2349 21.6984 0
      vertex -20.2349 21.6984 4
    endloop
  endfacet
  facet normal -0.88168 0.471847 0
    outer loop
      vertex -20.4481 21.0703 0
      vertex -20.3956 21.1684 4
      vertex -20.3956 21.1684 0
    endloop
  endfacet
  facet normal -0.88168 0.471847 0
    outer loop
      vertex -20.3956 21.1684 4
      vertex -20.4481 21.0703 0
      vertex -20.4481 21.0703 4
    endloop
  endfacet
  facet normal -0.772915 0.634509 0
    outer loop
      vertex -20.6422 20.7994 0
      vertex -20.5716 20.8854 4
      vertex -20.5716 20.8854 0
    endloop
  endfacet
  facet normal -0.772915 0.634509 0
    outer loop
      vertex -20.5716 20.8854 4
      vertex -20.6422 20.7994 0
      vertex -20.6422 20.7994 4
    endloop
  endfacet
  facet normal 0.683343 0.730098 -0
    outer loop
      vertex -23.0412 -23.1984 0
      vertex -23.1224 -23.1224 4
      vertex -23.0412 -23.1984 4
    endloop
  endfacet
  facet normal 0.683343 0.730098 0
    outer loop
      vertex -23.1224 -23.1224 4
      vertex -23.0412 -23.1984 0
      vertex -23.1224 -23.1224 0
    endloop
  endfacet
  facet normal -0.730098 -0.683343 0
    outer loop
      vertex -20.6422 -20.7994 0
      vertex -20.7182 -20.7182 4
      vertex -20.7182 -20.7182 0
    endloop
  endfacet
  facet normal -0.730098 -0.683343 0
    outer loop
      vertex -20.7182 -20.7182 4
      vertex -20.6422 -20.7994 0
      vertex -20.6422 -20.7994 4
    endloop
  endfacet
  facet normal 0.683343 -0.730098 0
    outer loop
      vertex -23.1224 -20.7182 0
      vertex -23.0412 -20.6422 4
      vertex -23.1224 -20.7182 4
    endloop
  endfacet
  facet normal 0.683343 -0.730098 0
    outer loop
      vertex -23.0412 -20.6422 4
      vertex -23.1224 -20.7182 0
      vertex -23.0412 -20.6422 0
    endloop
  endfacet
  facet normal -0.0323571 -0.999476 0
    outer loop
      vertex -21.9203 -20.2203 0
      vertex -21.8091 -20.2239 4
      vertex -21.9203 -20.2203 4
    endloop
  endfacet
  facet normal -0.0323571 -0.999476 -0
    outer loop
      vertex -21.8091 -20.2239 4
      vertex -21.9203 -20.2203 0
      vertex -21.8091 -20.2239 0
    endloop
  endfacet
  facet normal 0.999476 -0.0323571 0
    outer loop
      vertex -23.6203 -21.9203 4
      vertex -23.6167 -21.8091 0
      vertex -23.6167 -21.8091 4
    endloop
  endfacet
  facet normal 0.999476 -0.0323571 0
    outer loop
      vertex -23.6167 -21.8091 0
      vertex -23.6203 -21.9203 4
      vertex -23.6203 -21.9203 0
    endloop
  endfacet
  facet normal 0.0323571 0.999476 -0
    outer loop
      vertex -21.9203 -23.6203 0
      vertex -22.0315 -23.6167 4
      vertex -21.9203 -23.6203 4
    endloop
  endfacet
  facet normal 0.0323571 0.999476 0
    outer loop
      vertex -22.0315 -23.6167 4
      vertex -21.9203 -23.6203 0
      vertex -22.0315 -23.6167 0
    endloop
  endfacet
  facet normal -0.352108 0.93596 0
    outer loop
      vertex -21.2697 -23.4909 0
      vertex -21.3739 -23.5301 4
      vertex -21.2697 -23.4909 4
    endloop
  endfacet
  facet normal -0.352108 0.93596 0
    outer loop
      vertex -21.3739 -23.5301 4
      vertex -21.2697 -23.4909 0
      vertex -21.3739 -23.5301 0
    endloop
  endfacet
  facet normal -0.974026 -0.226434 0
    outer loop
      vertex -20.253 -21.5887 0
      vertex -20.2782 -21.4803 4
      vertex -20.2782 -21.4803 0
    endloop
  endfacet
  facet normal -0.974026 -0.226434 0
    outer loop
      vertex -20.2782 -21.4803 4
      vertex -20.253 -21.5887 0
      vertex -20.253 -21.5887 4
    endloop
  endfacet
  facet normal -0.999476 0.0323571 0
    outer loop
      vertex -20.2239 -22.0315 0
      vertex -20.2203 -21.9203 4
      vertex -20.2203 -21.9203 0
    endloop
  endfacet
  facet normal -0.999476 0.0323571 0
    outer loop
      vertex -20.2203 -21.9203 4
      vertex -20.2239 -22.0315 0
      vertex -20.2239 -22.0315 4
    endloop
  endfacet
  facet normal -0.772915 0.634509 0
    outer loop
      vertex -20.6422 -23.0412 0
      vertex -20.5716 -22.9552 4
      vertex -20.5716 -22.9552 0
    endloop
  endfacet
  facet normal -0.772915 0.634509 0
    outer loop
      vertex -20.5716 -22.9552 4
      vertex -20.6422 -23.0412 0
      vertex -20.6422 -23.0412 4
    endloop
  endfacet
  facet normal 0.97398 0.226633 0
    outer loop
      vertex -23.5624 -22.3603 4
      vertex -23.5876 -22.252 0
      vertex -23.5876 -22.252 4
    endloop
  endfacet
  facet normal 0.97398 0.226633 0
    outer loop
      vertex -23.5876 -22.252 0
      vertex -23.5624 -22.3603 4
      vertex -23.5624 -22.3603 0
    endloop
  endfacet
  facet normal 0.849057 -0.528302 0
    outer loop
      vertex -23.3926 -21.0703 4
      vertex -23.3338 -20.9758 0
      vertex -23.3338 -20.9758 4
    endloop
  endfacet
  facet normal 0.849057 -0.528302 0
    outer loop
      vertex -23.3338 -20.9758 0
      vertex -23.3926 -21.0703 4
      vertex -23.3926 -21.0703 0
    endloop
  endfacet
  facet normal 0.412719 -0.910859 0
    outer loop
      vertex -22.6722 -20.3956 0
      vertex -22.5709 -20.3497 4
      vertex -22.6722 -20.3956 4
    endloop
  endfacet
  facet normal 0.412719 -0.910859 0
    outer loop
      vertex -22.5709 -20.3497 4
      vertex -22.6722 -20.3956 0
      vertex -22.5709 -20.3497 0
    endloop
  endfacet
  facet normal -0.0988807 -0.995099 0
    outer loop
      vertex -21.8091 -20.2239 0
      vertex -21.6984 -20.2349 4
      vertex -21.8091 -20.2239 4
    endloop
  endfacet
  facet normal -0.0988807 -0.995099 -0
    outer loop
      vertex -21.6984 -20.2349 4
      vertex -21.8091 -20.2239 0
      vertex -21.6984 -20.2349 0
    endloop
  endfacet
  facet normal -0.582598 -0.81276 0
    outer loop
      vertex -20.9758 -20.5068 0
      vertex -20.8854 -20.5716 4
      vertex -20.9758 -20.5068 4
    endloop
  endfacet
  facet normal -0.582598 -0.81276 -0
    outer loop
      vertex -20.8854 -20.5716 4
      vertex -20.9758 -20.5068 0
      vertex -20.8854 -20.5716 0
    endloop
  endfacet
  facet normal 0.471148 0.882054 -0
    outer loop
      vertex -22.6722 -23.445 0
      vertex -22.7703 -23.3926 4
      vertex -22.6722 -23.445 4
    endloop
  endfacet
  facet normal 0.471148 0.882054 0
    outer loop
      vertex -22.7703 -23.3926 4
      vertex -22.6722 -23.445 0
      vertex -22.7703 -23.3926 0
    endloop
  endfacet
  facet normal 0.0979904 0.995187 -0
    outer loop
      vertex -22.0315 -23.6167 0
      vertex -22.1422 -23.6058 4
      vertex -22.0315 -23.6167 4
    endloop
  endfacet
  facet normal 0.0979904 0.995187 0
    outer loop
      vertex -22.1422 -23.6058 4
      vertex -22.0315 -23.6167 0
      vertex -22.1422 -23.6058 0
    endloop
  endfacet
  facet normal 0.290232 0.956956 -0
    outer loop
      vertex -22.3603 -23.5624 0
      vertex -22.4668 -23.5301 4
      vertex -22.3603 -23.5624 4
    endloop
  endfacet
  facet normal 0.290232 0.956956 0
    outer loop
      vertex -22.4668 -23.5301 4
      vertex -22.3603 -23.5624 0
      vertex -22.4668 -23.5301 0
    endloop
  endfacet
  facet normal -0.528302 0.849057 0
    outer loop
      vertex -20.9758 -23.3338 0
      vertex -21.0703 -23.3926 4
      vertex -20.9758 -23.3338 4
    endloop
  endfacet
  facet normal -0.528302 0.849057 0
    outer loop
      vertex -21.0703 -23.3926 4
      vertex -20.9758 -23.3338 0
      vertex -21.0703 -23.3926 0
    endloop
  endfacet
  facet normal -0.582598 0.81276 0
    outer loop
      vertex -20.8854 -23.269 0
      vertex -20.9758 -23.3338 4
      vertex -20.8854 -23.269 4
    endloop
  endfacet
  facet normal -0.582598 0.81276 0
    outer loop
      vertex -20.9758 -23.3338 4
      vertex -20.8854 -23.269 0
      vertex -20.9758 -23.3338 0
    endloop
  endfacet
  facet normal -0.999476 -0.0323571 0
    outer loop
      vertex -20.2203 -21.9203 0
      vertex -20.2239 -21.8091 4
      vertex -20.2239 -21.8091 0
    endloop
  endfacet
  facet normal -0.999476 -0.0323571 0
    outer loop
      vertex -20.2239 -21.8091 4
      vertex -20.2203 -21.9203 0
      vertex -20.2203 -21.9203 4
    endloop
  endfacet
  facet normal -0.84946 -0.527654 0
    outer loop
      vertex -20.4481 -21.0703 0
      vertex -20.5068 -20.9758 4
      vertex -20.5068 -20.9758 0
    endloop
  endfacet
  facet normal -0.84946 -0.527654 0
    outer loop
      vertex -20.5068 -20.9758 4
      vertex -20.4481 -21.0703 0
      vertex -20.4481 -21.0703 4
    endloop
  endfacet
  facet normal -0.910859 -0.412719 0
    outer loop
      vertex -20.3497 -21.2697 0
      vertex -20.3956 -21.1684 4
      vertex -20.3956 -21.1684 0
    endloop
  endfacet
  facet normal -0.910859 -0.412719 0
    outer loop
      vertex -20.3956 -21.1684 4
      vertex -20.3497 -21.2697 0
      vertex -20.3497 -21.2697 4
    endloop
  endfacet
  facet normal -0.81276 -0.582598 0
    outer loop
      vertex -20.5068 -20.9758 0
      vertex -20.5716 -20.8854 4
      vertex -20.5716 -20.8854 0
    endloop
  endfacet
  facet normal -0.81276 -0.582598 0
    outer loop
      vertex -20.5716 -20.8854 4
      vertex -20.5068 -20.9758 0
      vertex -20.5068 -20.9758 4
    endloop
  endfacet
  facet normal -0.97398 0.226633 0
    outer loop
      vertex -20.2782 -22.3603 0
      vertex -20.253 -22.252 4
      vertex -20.253 -22.252 0
    endloop
  endfacet
  facet normal -0.97398 0.226633 0
    outer loop
      vertex -20.253 -22.252 4
      vertex -20.2782 -22.3603 0
      vertex -20.2782 -22.3603 4
    endloop
  endfacet
  facet normal -0.910859 0.412719 0
    outer loop
      vertex -20.3956 -22.6722 0
      vertex -20.3497 -22.5709 4
      vertex -20.3497 -22.5709 0
    endloop
  endfacet
  facet normal -0.910859 0.412719 0
    outer loop
      vertex -20.3497 -22.5709 4
      vertex -20.3956 -22.6722 0
      vertex -20.3956 -22.6722 4
    endloop
  endfacet
  facet normal -0.730098 0.683343 0
    outer loop
      vertex -20.7182 -23.1224 0
      vertex -20.6422 -23.0412 4
      vertex -20.6422 -23.0412 0
    endloop
  endfacet
  facet normal -0.730098 0.683343 0
    outer loop
      vertex -20.6422 -23.0412 4
      vertex -20.7182 -23.1224 0
      vertex -20.7182 -23.1224 4
    endloop
  endfacet
  facet normal 0.81276 -0.582598 0
    outer loop
      vertex -23.3338 -20.9758 4
      vertex -23.269 -20.8854 0
      vertex -23.269 -20.8854 4
    endloop
  endfacet
  facet normal 0.81276 -0.582598 0
    outer loop
      vertex -23.269 -20.8854 0
      vertex -23.3338 -20.9758 4
      vertex -23.3338 -20.9758 0
    endloop
  endfacet
  facet normal 0.93596 -0.352108 0
    outer loop
      vertex -23.5301 -21.3739 4
      vertex -23.4909 -21.2697 0
      vertex -23.4909 -21.2697 4
    endloop
  endfacet
  facet normal 0.93596 -0.352108 0
    outer loop
      vertex -23.4909 -21.2697 0
      vertex -23.5301 -21.3739 4
      vertex -23.5301 -21.3739 0
    endloop
  endfacet
  facet normal 0.986539 0.163525 0
    outer loop
      vertex -23.5876 -22.252 4
      vertex -23.6058 -22.1422 0
      vertex -23.6058 -22.1422 4
    endloop
  endfacet
  facet normal 0.986539 0.163525 0
    outer loop
      vertex -23.6058 -22.1422 0
      vertex -23.5876 -22.252 4
      vertex -23.5876 -22.252 0
    endloop
  endfacet
  facet normal 0.849057 0.528302 0
    outer loop
      vertex -23.3338 -22.8648 4
      vertex -23.3926 -22.7703 0
      vertex -23.3926 -22.7703 4
    endloop
  endfacet
  facet normal 0.849057 0.528302 0
    outer loop
      vertex -23.3926 -22.7703 0
      vertex -23.3338 -22.8648 4
      vertex -23.3338 -22.8648 0
    endloop
  endfacet
  facet normal 0.81276 0.582598 0
    outer loop
      vertex -23.269 -22.9552 4
      vertex -23.3338 -22.8648 0
      vertex -23.3338 -22.8648 4
    endloop
  endfacet
  facet normal 0.81276 0.582598 0
    outer loop
      vertex -23.3338 -22.8648 0
      vertex -23.269 -22.9552 4
      vertex -23.269 -22.9552 0
    endloop
  endfacet
  facet normal 0.0323571 -0.999476 0
    outer loop
      vertex -22.0315 -20.2239 0
      vertex -21.9203 -20.2203 4
      vertex -22.0315 -20.2239 4
    endloop
  endfacet
  facet normal 0.0323571 -0.999476 0
    outer loop
      vertex -21.9203 -20.2203 4
      vertex -22.0315 -20.2239 0
      vertex -21.9203 -20.2203 0
    endloop
  endfacet
  facet normal 0.16265 -0.986684 0
    outer loop
      vertex -22.252 -20.253 0
      vertex -22.1422 -20.2349 4
      vertex -22.252 -20.253 4
    endloop
  endfacet
  facet normal 0.16265 -0.986684 0
    outer loop
      vertex -22.1422 -20.2349 4
      vertex -22.252 -20.253 0
      vertex -22.1422 -20.2349 0
    endloop
  endfacet
  facet normal 0.226633 -0.97398 0
    outer loop
      vertex -22.3603 -20.2782 0
      vertex -22.252 -20.253 4
      vertex -22.3603 -20.2782 4
    endloop
  endfacet
  facet normal 0.226633 -0.97398 0
    outer loop
      vertex -22.252 -20.253 4
      vertex -22.3603 -20.2782 0
      vertex -22.252 -20.253 0
    endloop
  endfacet
  facet normal -0.352108 -0.93596 0
    outer loop
      vertex -21.3739 -20.3105 0
      vertex -21.2697 -20.3497 4
      vertex -21.3739 -20.3105 4
    endloop
  endfacet
  facet normal -0.352108 -0.93596 -0
    outer loop
      vertex -21.2697 -20.3497 4
      vertex -21.3739 -20.3105 0
      vertex -21.2697 -20.3497 0
    endloop
  endfacet
  facet normal -0.226434 -0.974026 0
    outer loop
      vertex -21.5887 -20.253 0
      vertex -21.4803 -20.2782 4
      vertex -21.5887 -20.253 4
    endloop
  endfacet
  facet normal -0.226434 -0.974026 -0
    outer loop
      vertex -21.4803 -20.2782 4
      vertex -21.5887 -20.253 0
      vertex -21.4803 -20.2782 0
    endloop
  endfacet
  facet normal -0.412719 -0.910859 0
    outer loop
      vertex -21.2697 -20.3497 0
      vertex -21.1684 -20.3956 4
      vertex -21.2697 -20.3497 4
    endloop
  endfacet
  facet normal -0.412719 -0.910859 -0
    outer loop
      vertex -21.1684 -20.3956 4
      vertex -21.2697 -20.3497 0
      vertex -21.1684 -20.3956 0
    endloop
  endfacet
  facet normal -0.471847 -0.88168 0
    outer loop
      vertex -21.1684 -20.3956 0
      vertex -21.0703 -20.4481 4
      vertex -21.1684 -20.3956 4
    endloop
  endfacet
  facet normal -0.471847 -0.88168 -0
    outer loop
      vertex -21.0703 -20.4481 4
      vertex -21.1684 -20.3956 0
      vertex -21.0703 -20.4481 0
    endloop
  endfacet
  facet normal -0.634509 -0.772915 0
    outer loop
      vertex -20.8854 -20.5716 0
      vertex -20.7994 -20.6422 4
      vertex -20.8854 -20.5716 4
    endloop
  endfacet
  facet normal -0.634509 -0.772915 -0
    outer loop
      vertex -20.7994 -20.6422 4
      vertex -20.8854 -20.5716 0
      vertex -20.7994 -20.6422 0
    endloop
  endfacet
  facet normal 0.634509 0.772915 -0
    outer loop
      vertex -22.9552 -23.269 0
      vertex -23.0412 -23.1984 4
      vertex -22.9552 -23.269 4
    endloop
  endfacet
  facet normal 0.634509 0.772915 0
    outer loop
      vertex -23.0412 -23.1984 4
      vertex -22.9552 -23.269 0
      vertex -23.0412 -23.1984 0
    endloop
  endfacet
  facet normal 0.528302 0.849057 -0
    outer loop
      vertex -22.7703 -23.3926 0
      vertex -22.8648 -23.3338 4
      vertex -22.7703 -23.3926 4
    endloop
  endfacet
  facet normal 0.528302 0.849057 0
    outer loop
      vertex -22.8648 -23.3338 4
      vertex -22.7703 -23.3926 0
      vertex -22.8648 -23.3338 0
    endloop
  endfacet
  facet normal 0.352404 0.935848 -0
    outer loop
      vertex -22.4668 -23.5301 0
      vertex -22.5709 -23.4909 4
      vertex -22.4668 -23.5301 4
    endloop
  endfacet
  facet normal 0.352404 0.935848 0
    outer loop
      vertex -22.5709 -23.4909 4
      vertex -22.4668 -23.5301 0
      vertex -22.5709 -23.4909 0
    endloop
  endfacet
  facet normal 0.226633 0.97398 -0
    outer loop
      vertex -22.252 -23.5876 0
      vertex -22.3603 -23.5624 4
      vertex -22.252 -23.5876 4
    endloop
  endfacet
  facet normal 0.226633 0.97398 0
    outer loop
      vertex -22.3603 -23.5624 4
      vertex -22.252 -23.5876 0
      vertex -22.3603 -23.5624 0
    endloop
  endfacet
  facet normal -0.412719 0.910859 0
    outer loop
      vertex -21.1684 -23.445 0
      vertex -21.2697 -23.4909 4
      vertex -21.1684 -23.445 4
    endloop
  endfacet
  facet normal -0.412719 0.910859 0
    outer loop
      vertex -21.2697 -23.4909 4
      vertex -21.1684 -23.445 0
      vertex -21.2697 -23.4909 0
    endloop
  endfacet
  facet normal -0.471148 0.882054 0
    outer loop
      vertex -21.0703 -23.3926 0
      vertex -21.1684 -23.445 4
      vertex -21.0703 -23.3926 4
    endloop
  endfacet
  facet normal -0.471148 0.882054 0
    outer loop
      vertex -21.1684 -23.445 4
      vertex -21.0703 -23.3926 0
      vertex -21.1684 -23.445 0
    endloop
  endfacet
  facet normal -0.634509 0.772915 0
    outer loop
      vertex -20.7994 -23.1984 0
      vertex -20.8854 -23.269 4
      vertex -20.7994 -23.1984 4
    endloop
  endfacet
  facet normal -0.634509 0.772915 0
    outer loop
      vertex -20.8854 -23.269 4
      vertex -20.7994 -23.1984 0
      vertex -20.8854 -23.269 0
    endloop
  endfacet
  facet normal -0.226434 0.974026 0
    outer loop
      vertex -21.4803 -23.5624 0
      vertex -21.5887 -23.5876 4
      vertex -21.4803 -23.5624 4
    endloop
  endfacet
  facet normal -0.226434 0.974026 0
    outer loop
      vertex -21.5887 -23.5876 4
      vertex -21.4803 -23.5624 0
      vertex -21.5887 -23.5876 0
    endloop
  endfacet
  facet normal -0.0979904 0.995187 0
    outer loop
      vertex -21.6984 -23.6058 0
      vertex -21.8091 -23.6167 4
      vertex -21.6984 -23.6058 4
    endloop
  endfacet
  facet normal -0.0979904 0.995187 0
    outer loop
      vertex -21.8091 -23.6167 4
      vertex -21.6984 -23.6058 0
      vertex -21.8091 -23.6167 0
    endloop
  endfacet
  facet normal -0.16367 0.986515 0
    outer loop
      vertex -21.5887 -23.5876 0
      vertex -21.6984 -23.6058 4
      vertex -21.5887 -23.5876 4
    endloop
  endfacet
  facet normal -0.16367 0.986515 0
    outer loop
      vertex -21.6984 -23.6058 4
      vertex -21.5887 -23.5876 0
      vertex -21.6984 -23.6058 0
    endloop
  endfacet
  facet normal -0.0323571 0.999476 0
    outer loop
      vertex -21.8091 -23.6167 0
      vertex -21.9203 -23.6203 4
      vertex -21.8091 -23.6167 4
    endloop
  endfacet
  facet normal -0.0323571 0.999476 0
    outer loop
      vertex -21.9203 -23.6203 4
      vertex -21.8091 -23.6167 0
      vertex -21.9203 -23.6203 0
    endloop
  endfacet
  facet normal -0.93596 -0.352108 0
    outer loop
      vertex -20.3105 -21.3739 0
      vertex -20.3497 -21.2697 4
      vertex -20.3497 -21.2697 0
    endloop
  endfacet
  facet normal -0.93596 -0.352108 0
    outer loop
      vertex -20.3497 -21.2697 4
      vertex -20.3105 -21.3739 0
      vertex -20.3105 -21.3739 4
    endloop
  endfacet
  facet normal -0.956881 -0.290482 0
    outer loop
      vertex -20.2782 -21.4803 0
      vertex -20.3105 -21.3739 4
      vertex -20.3105 -21.3739 0
    endloop
  endfacet
  facet normal -0.956881 -0.290482 0
    outer loop
      vertex -20.3105 -21.3739 4
      vertex -20.2782 -21.4803 0
      vertex -20.2782 -21.4803 4
    endloop
  endfacet
  facet normal -0.88168 -0.471847 0
    outer loop
      vertex -20.3956 -21.1684 0
      vertex -20.4481 -21.0703 4
      vertex -20.4481 -21.0703 0
    endloop
  endfacet
  facet normal -0.88168 -0.471847 0
    outer loop
      vertex -20.4481 -21.0703 4
      vertex -20.3956 -21.1684 0
      vertex -20.3956 -21.1684 4
    endloop
  endfacet
  facet normal -0.772915 -0.634509 0
    outer loop
      vertex -20.5716 -20.8854 0
      vertex -20.6422 -20.7994 4
      vertex -20.6422 -20.7994 0
    endloop
  endfacet
  facet normal -0.772915 -0.634509 0
    outer loop
      vertex -20.6422 -20.7994 4
      vertex -20.5716 -20.8854 0
      vertex -20.5716 -20.8854 4
    endloop
  endfacet
  facet normal -0.935848 0.352404 0
    outer loop
      vertex -20.3497 -22.5709 0
      vertex -20.3105 -22.4668 4
      vertex -20.3105 -22.4668 0
    endloop
  endfacet
  facet normal -0.935848 0.352404 0
    outer loop
      vertex -20.3105 -22.4668 4
      vertex -20.3497 -22.5709 0
      vertex -20.3497 -22.5709 4
    endloop
  endfacet
  facet normal -0.956956 0.290232 0
    outer loop
      vertex -20.3105 -22.4668 0
      vertex -20.2782 -22.3603 4
      vertex -20.2782 -22.3603 0
    endloop
  endfacet
  facet normal -0.956956 0.290232 0
    outer loop
      vertex -20.2782 -22.3603 4
      vertex -20.3105 -22.4668 0
      vertex -20.3105 -22.4668 4
    endloop
  endfacet
  facet normal -0.986684 0.16265 0
    outer loop
      vertex -20.253 -22.252 0
      vertex -20.2349 -22.1422 4
      vertex -20.2349 -22.1422 0
    endloop
  endfacet
  facet normal -0.986684 0.16265 0
    outer loop
      vertex -20.2349 -22.1422 4
      vertex -20.253 -22.252 0
      vertex -20.253 -22.252 4
    endloop
  endfacet
  facet normal -0.84946 0.527654 0
    outer loop
      vertex -20.5068 -22.8648 0
      vertex -20.4481 -22.7703 4
      vertex -20.4481 -22.7703 0
    endloop
  endfacet
  facet normal -0.84946 0.527654 0
    outer loop
      vertex -20.4481 -22.7703 4
      vertex -20.5068 -22.8648 0
      vertex -20.5068 -22.8648 4
    endloop
  endfacet
  facet normal 0.730098 0.683343 0
    outer loop
      vertex -23.1224 -23.1224 4
      vertex -23.1984 -23.0412 0
      vertex -23.1984 -23.0412 4
    endloop
  endfacet
  facet normal 0.730098 0.683343 0
    outer loop
      vertex -23.1984 -23.0412 0
      vertex -23.1224 -23.1224 4
      vertex -23.1224 -23.1224 0
    endloop
  endfacet
  facet normal 0.772915 -0.634509 0
    outer loop
      vertex -23.269 -20.8854 4
      vertex -23.1984 -20.7994 0
      vertex -23.1984 -20.7994 4
    endloop
  endfacet
  facet normal 0.772915 -0.634509 0
    outer loop
      vertex -23.1984 -20.7994 0
      vertex -23.269 -20.8854 4
      vertex -23.269 -20.8854 0
    endloop
  endfacet
  facet normal 0.730098 -0.683343 0
    outer loop
      vertex -23.1984 -20.7994 4
      vertex -23.1224 -20.7182 0
      vertex -23.1224 -20.7182 4
    endloop
  endfacet
  facet normal 0.730098 -0.683343 0
    outer loop
      vertex -23.1224 -20.7182 0
      vertex -23.1984 -20.7994 4
      vertex -23.1984 -20.7994 0
    endloop
  endfacet
  facet normal 0.910859 -0.412719 0
    outer loop
      vertex -23.4909 -21.2697 4
      vertex -23.445 -21.1684 0
      vertex -23.445 -21.1684 4
    endloop
  endfacet
  facet normal 0.910859 -0.412719 0
    outer loop
      vertex -23.445 -21.1684 0
      vertex -23.4909 -21.2697 4
      vertex -23.4909 -21.2697 0
    endloop
  endfacet
  facet normal 0.882054 -0.471148 0
    outer loop
      vertex -23.445 -21.1684 4
      vertex -23.3926 -21.0703 0
      vertex -23.3926 -21.0703 4
    endloop
  endfacet
  facet normal 0.882054 -0.471148 0
    outer loop
      vertex -23.3926 -21.0703 0
      vertex -23.445 -21.1684 4
      vertex -23.445 -21.1684 0
    endloop
  endfacet
  facet normal 0.986515 -0.16367 0
    outer loop
      vertex -23.6058 -21.6984 4
      vertex -23.5876 -21.5887 0
      vertex -23.5876 -21.5887 4
    endloop
  endfacet
  facet normal 0.986515 -0.16367 0
    outer loop
      vertex -23.5876 -21.5887 0
      vertex -23.6058 -21.6984 4
      vertex -23.6058 -21.6984 0
    endloop
  endfacet
  facet normal 0.956881 -0.290482 0
    outer loop
      vertex -23.5624 -21.4803 4
      vertex -23.5301 -21.3739 0
      vertex -23.5301 -21.3739 4
    endloop
  endfacet
  facet normal 0.956881 -0.290482 0
    outer loop
      vertex -23.5301 -21.3739 0
      vertex -23.5624 -21.4803 4
      vertex -23.5624 -21.4803 0
    endloop
  endfacet
  facet normal 0.974026 -0.226434 0
    outer loop
      vertex -23.5876 -21.5887 4
      vertex -23.5624 -21.4803 0
      vertex -23.5624 -21.4803 4
    endloop
  endfacet
  facet normal 0.974026 -0.226434 0
    outer loop
      vertex -23.5624 -21.4803 0
      vertex -23.5876 -21.5887 4
      vertex -23.5876 -21.5887 0
    endloop
  endfacet
  facet normal 0.999476 0.0323571 0
    outer loop
      vertex -23.6167 -22.0315 4
      vertex -23.6203 -21.9203 0
      vertex -23.6203 -21.9203 4
    endloop
  endfacet
  facet normal 0.999476 0.0323571 0
    outer loop
      vertex -23.6203 -21.9203 0
      vertex -23.6167 -22.0315 4
      vertex -23.6167 -22.0315 0
    endloop
  endfacet
  facet normal 0.995187 0.0979904 0
    outer loop
      vertex -23.6058 -22.1422 4
      vertex -23.6167 -22.0315 0
      vertex -23.6167 -22.0315 4
    endloop
  endfacet
  facet normal 0.995187 0.0979904 0
    outer loop
      vertex -23.6167 -22.0315 0
      vertex -23.6058 -22.1422 4
      vertex -23.6058 -22.1422 0
    endloop
  endfacet
  facet normal 0.935848 0.352404 0
    outer loop
      vertex -23.4909 -22.5709 4
      vertex -23.5301 -22.4668 0
      vertex -23.5301 -22.4668 4
    endloop
  endfacet
  facet normal 0.935848 0.352404 0
    outer loop
      vertex -23.5301 -22.4668 0
      vertex -23.4909 -22.5709 4
      vertex -23.4909 -22.5709 0
    endloop
  endfacet
  facet normal 0.910859 0.412719 0
    outer loop
      vertex -23.445 -22.6722 4
      vertex -23.4909 -22.5709 0
      vertex -23.4909 -22.5709 4
    endloop
  endfacet
  facet normal 0.910859 0.412719 0
    outer loop
      vertex -23.4909 -22.5709 0
      vertex -23.445 -22.6722 4
      vertex -23.445 -22.6722 0
    endloop
  endfacet
  facet normal 0.882054 0.471148 0
    outer loop
      vertex -23.3926 -22.7703 4
      vertex -23.445 -22.6722 0
      vertex -23.445 -22.6722 4
    endloop
  endfacet
  facet normal 0.882054 0.471148 0
    outer loop
      vertex -23.445 -22.6722 0
      vertex -23.3926 -22.7703 4
      vertex -23.3926 -22.7703 0
    endloop
  endfacet
  facet normal 0.772915 0.634509 0
    outer loop
      vertex -23.1984 -23.0412 4
      vertex -23.269 -22.9552 0
      vertex -23.269 -22.9552 4
    endloop
  endfacet
  facet normal 0.772915 0.634509 0
    outer loop
      vertex -23.269 -22.9552 0
      vertex -23.1984 -23.0412 4
      vertex -23.1984 -23.0412 0
    endloop
  endfacet
  facet normal 0.0988807 -0.995099 0
    outer loop
      vertex -22.1422 -20.2349 0
      vertex -22.0315 -20.2239 4
      vertex -22.1422 -20.2349 4
    endloop
  endfacet
  facet normal 0.0988807 -0.995099 0
    outer loop
      vertex -22.0315 -20.2239 4
      vertex -22.1422 -20.2349 0
      vertex -22.0315 -20.2239 0
    endloop
  endfacet
  facet normal 0.352404 -0.935848 0
    outer loop
      vertex -22.5709 -20.3497 0
      vertex -22.4668 -20.3105 4
      vertex -22.5709 -20.3497 4
    endloop
  endfacet
  facet normal 0.352404 -0.935848 0
    outer loop
      vertex -22.4668 -20.3105 4
      vertex -22.5709 -20.3497 0
      vertex -22.4668 -20.3105 0
    endloop
  endfacet
  facet normal 0.290232 -0.956956 0
    outer loop
      vertex -22.4668 -20.3105 0
      vertex -22.3603 -20.2782 4
      vertex -22.4668 -20.3105 4
    endloop
  endfacet
  facet normal 0.290232 -0.956956 0
    outer loop
      vertex -22.3603 -20.2782 4
      vertex -22.4668 -20.3105 0
      vertex -22.3603 -20.2782 0
    endloop
  endfacet
  facet normal 0.527654 -0.84946 0
    outer loop
      vertex -22.8648 -20.5068 0
      vertex -22.7703 -20.4481 4
      vertex -22.8648 -20.5068 4
    endloop
  endfacet
  facet normal 0.527654 -0.84946 0
    outer loop
      vertex -22.7703 -20.4481 4
      vertex -22.8648 -20.5068 0
      vertex -22.7703 -20.4481 0
    endloop
  endfacet
  facet normal 0.471847 -0.88168 0
    outer loop
      vertex -22.7703 -20.4481 0
      vertex -22.6722 -20.3956 4
      vertex -22.7703 -20.4481 4
    endloop
  endfacet
  facet normal 0.471847 -0.88168 0
    outer loop
      vertex -22.6722 -20.3956 4
      vertex -22.7703 -20.4481 0
      vertex -22.6722 -20.3956 0
    endloop
  endfacet
  facet normal 0.582598 -0.81276 0
    outer loop
      vertex -22.9552 -20.5716 0
      vertex -22.8648 -20.5068 4
      vertex -22.9552 -20.5716 4
    endloop
  endfacet
  facet normal 0.582598 -0.81276 0
    outer loop
      vertex -22.8648 -20.5068 4
      vertex -22.9552 -20.5716 0
      vertex -22.8648 -20.5068 0
    endloop
  endfacet
  facet normal 0.634509 -0.772915 0
    outer loop
      vertex -23.0412 -20.6422 0
      vertex -22.9552 -20.5716 4
      vertex -23.0412 -20.6422 4
    endloop
  endfacet
  facet normal 0.634509 -0.772915 0
    outer loop
      vertex -22.9552 -20.5716 4
      vertex -23.0412 -20.6422 0
      vertex -22.9552 -20.5716 0
    endloop
  endfacet
  facet normal -0.290482 -0.956881 0
    outer loop
      vertex -21.4803 -20.2782 0
      vertex -21.3739 -20.3105 4
      vertex -21.4803 -20.2782 4
    endloop
  endfacet
  facet normal -0.290482 -0.956881 -0
    outer loop
      vertex -21.3739 -20.3105 4
      vertex -21.4803 -20.2782 0
      vertex -21.3739 -20.3105 0
    endloop
  endfacet
  facet normal -0.683343 -0.730098 0
    outer loop
      vertex -20.7994 -20.6422 0
      vertex -20.7182 -20.7182 4
      vertex -20.7994 -20.6422 4
    endloop
  endfacet
  facet normal -0.683343 -0.730098 -0
    outer loop
      vertex -20.7182 -20.7182 4
      vertex -20.7994 -20.6422 0
      vertex -20.7182 -20.7182 0
    endloop
  endfacet
  facet normal 0.582598 0.81276 -0
    outer loop
      vertex -22.8648 -23.3338 0
      vertex -22.9552 -23.269 4
      vertex -22.8648 -23.3338 4
    endloop
  endfacet
  facet normal 0.582598 0.81276 0
    outer loop
      vertex -22.9552 -23.269 4
      vertex -22.8648 -23.3338 0
      vertex -22.9552 -23.269 0
    endloop
  endfacet
  facet normal 0.412719 0.910859 -0
    outer loop
      vertex -22.5709 -23.4909 0
      vertex -22.6722 -23.445 4
      vertex -22.5709 -23.4909 4
    endloop
  endfacet
  facet normal 0.412719 0.910859 0
    outer loop
      vertex -22.6722 -23.445 4
      vertex -22.5709 -23.4909 0
      vertex -22.6722 -23.445 0
    endloop
  endfacet
  facet normal 0.163525 0.986539 -0
    outer loop
      vertex -22.1422 -23.6058 0
      vertex -22.252 -23.5876 4
      vertex -22.1422 -23.6058 4
    endloop
  endfacet
  facet normal 0.163525 0.986539 0
    outer loop
      vertex -22.252 -23.5876 4
      vertex -22.1422 -23.6058 0
      vertex -22.252 -23.5876 0
    endloop
  endfacet
  facet normal -0.683343 0.730098 0
    outer loop
      vertex -20.7182 -23.1224 0
      vertex -20.7994 -23.1984 4
      vertex -20.7182 -23.1224 4
    endloop
  endfacet
  facet normal -0.683343 0.730098 0
    outer loop
      vertex -20.7994 -23.1984 4
      vertex -20.7182 -23.1224 0
      vertex -20.7994 -23.1984 0
    endloop
  endfacet
  facet normal -0.290482 0.956881 0
    outer loop
      vertex -21.3739 -23.5301 0
      vertex -21.4803 -23.5624 4
      vertex -21.3739 -23.5301 4
    endloop
  endfacet
  facet normal -0.290482 0.956881 0
    outer loop
      vertex -21.4803 -23.5624 4
      vertex -21.3739 -23.5301 0
      vertex -21.4803 -23.5624 0
    endloop
  endfacet
  facet normal -0.98666 -0.162794 0
    outer loop
      vertex -20.2349 -21.6984 0
      vertex -20.253 -21.5887 4
      vertex -20.253 -21.5887 0
    endloop
  endfacet
  facet normal -0.98666 -0.162794 0
    outer loop
      vertex -20.253 -21.5887 4
      vertex -20.2349 -21.6984 0
      vertex -20.2349 -21.6984 4
    endloop
  endfacet
  facet normal -0.995099 -0.0988807 0
    outer loop
      vertex -20.2239 -21.8091 0
      vertex -20.2349 -21.6984 4
      vertex -20.2349 -21.6984 0
    endloop
  endfacet
  facet normal -0.995099 -0.0988807 0
    outer loop
      vertex -20.2349 -21.6984 4
      vertex -20.2239 -21.8091 0
      vertex -20.2239 -21.8091 4
    endloop
  endfacet
  facet normal -0.995099 0.0988807 0
    outer loop
      vertex -20.2349 -22.1422 0
      vertex -20.2239 -22.0315 4
      vertex -20.2239 -22.0315 0
    endloop
  endfacet
  facet normal -0.995099 0.0988807 0
    outer loop
      vertex -20.2239 -22.0315 4
      vertex -20.2349 -22.1422 0
      vertex -20.2349 -22.1422 4
    endloop
  endfacet
  facet normal -0.88168 0.471847 0
    outer loop
      vertex -20.4481 -22.7703 0
      vertex -20.3956 -22.6722 4
      vertex -20.3956 -22.6722 0
    endloop
  endfacet
  facet normal -0.88168 0.471847 0
    outer loop
      vertex -20.3956 -22.6722 4
      vertex -20.4481 -22.7703 0
      vertex -20.4481 -22.7703 4
    endloop
  endfacet
  facet normal -0.81276 0.582598 0
    outer loop
      vertex -20.5716 -22.9552 0
      vertex -20.5068 -22.8648 4
      vertex -20.5068 -22.8648 0
    endloop
  endfacet
  facet normal -0.81276 0.582598 0
    outer loop
      vertex -20.5068 -22.8648 4
      vertex -20.5716 -22.9552 0
      vertex -20.5716 -22.9552 4
    endloop
  endfacet
  facet normal 0.995187 -0.0979904 0
    outer loop
      vertex -23.6167 -21.8091 4
      vertex -23.6058 -21.6984 0
      vertex -23.6058 -21.6984 4
    endloop
  endfacet
  facet normal 0.995187 -0.0979904 0
    outer loop
      vertex -23.6058 -21.6984 0
      vertex -23.6167 -21.8091 4
      vertex -23.6167 -21.8091 0
    endloop
  endfacet
  facet normal 0.956956 0.290232 0
    outer loop
      vertex -23.5301 -22.4668 4
      vertex -23.5624 -22.3603 0
      vertex -23.5624 -22.3603 4
    endloop
  endfacet
  facet normal 0.956956 0.290232 0
    outer loop
      vertex -23.5624 -22.3603 0
      vertex -23.5301 -22.4668 4
      vertex -23.5301 -22.4668 0
    endloop
  endfacet
  facet normal -0.162794 -0.98666 0
    outer loop
      vertex -21.6984 -20.2349 0
      vertex -21.5887 -20.253 4
      vertex -21.6984 -20.2349 4
    endloop
  endfacet
  facet normal -0.162794 -0.98666 -0
    outer loop
      vertex -21.5887 -20.253 4
      vertex -21.6984 -20.2349 0
      vertex -21.5887 -20.253 0
    endloop
  endfacet
  facet normal -0.527654 -0.84946 0
    outer loop
      vertex -21.0703 -20.4481 0
      vertex -20.9758 -20.5068 4
      vertex -21.0703 -20.4481 4
    endloop
  endfacet
  facet normal -0.527654 -0.84946 -0
    outer loop
      vertex -20.9758 -20.5068 4
      vertex -21.0703 -20.4481 0
      vertex -20.9758 -20.5068 0
    endloop
  endfacet
  facet normal -0.730098 0.683343 0
    outer loop
      vertex 23.1224 -23.1224 0
      vertex 23.1984 -23.0412 4
      vertex 23.1984 -23.0412 0
    endloop
  endfacet
  facet normal -0.730098 0.683343 0
    outer loop
      vertex 23.1984 -23.0412 4
      vertex 23.1224 -23.1224 0
      vertex 23.1224 -23.1224 4
    endloop
  endfacet
  facet normal 0.683343 -0.730098 0
    outer loop
      vertex 20.7182 -20.7182 0
      vertex 20.7994 -20.6422 4
      vertex 20.7182 -20.7182 4
    endloop
  endfacet
  facet normal 0.683343 -0.730098 0
    outer loop
      vertex 20.7994 -20.6422 4
      vertex 20.7182 -20.7182 0
      vertex 20.7994 -20.6422 0
    endloop
  endfacet
  facet normal -0.730098 -0.683343 0
    outer loop
      vertex 23.1984 -20.7994 0
      vertex 23.1224 -20.7182 4
      vertex 23.1224 -20.7182 0
    endloop
  endfacet
  facet normal -0.730098 -0.683343 0
    outer loop
      vertex 23.1224 -20.7182 4
      vertex 23.1984 -20.7994 0
      vertex 23.1984 -20.7994 4
    endloop
  endfacet
  facet normal 0.999476 -0.0323571 0
    outer loop
      vertex 20.2203 -21.9203 4
      vertex 20.2239 -21.8091 0
      vertex 20.2239 -21.8091 4
    endloop
  endfacet
  facet normal 0.999476 -0.0323571 0
    outer loop
      vertex 20.2239 -21.8091 0
      vertex 20.2203 -21.9203 4
      vertex 20.2203 -21.9203 0
    endloop
  endfacet
  facet normal -0.0323571 -0.999476 0
    outer loop
      vertex 21.9203 -20.2203 0
      vertex 22.0315 -20.2239 4
      vertex 21.9203 -20.2203 4
    endloop
  endfacet
  facet normal -0.0323571 -0.999476 -0
    outer loop
      vertex 22.0315 -20.2239 4
      vertex 21.9203 -20.2203 0
      vertex 22.0315 -20.2239 0
    endloop
  endfacet
  facet normal -0.412719 -0.910859 0
    outer loop
      vertex 22.5709 -20.3497 0
      vertex 22.6722 -20.3956 4
      vertex 22.5709 -20.3497 4
    endloop
  endfacet
  facet normal -0.412719 -0.910859 -0
    outer loop
      vertex 22.6722 -20.3956 4
      vertex 22.5709 -20.3497 0
      vertex 22.6722 -20.3956 0
    endloop
  endfacet
  facet normal -0.999476 0.0323571 0
    outer loop
      vertex 23.6167 -22.0315 0
      vertex 23.6203 -21.9203 4
      vertex 23.6203 -21.9203 0
    endloop
  endfacet
  facet normal -0.999476 0.0323571 0
    outer loop
      vertex 23.6203 -21.9203 4
      vertex 23.6167 -22.0315 0
      vertex 23.6167 -22.0315 4
    endloop
  endfacet
  facet normal -0.93596 -0.352108 0
    outer loop
      vertex 23.5301 -21.3739 0
      vertex 23.4909 -21.2697 4
      vertex 23.4909 -21.2697 0
    endloop
  endfacet
  facet normal -0.93596 -0.352108 0
    outer loop
      vertex 23.4909 -21.2697 4
      vertex 23.5301 -21.3739 0
      vertex 23.5301 -21.3739 4
    endloop
  endfacet
  facet normal 0.226434 -0.974026 0
    outer loop
      vertex 21.4803 -20.2782 0
      vertex 21.5887 -20.253 4
      vertex 21.4803 -20.2782 4
    endloop
  endfacet
  facet normal 0.226434 -0.974026 0
    outer loop
      vertex 21.5887 -20.253 4
      vertex 21.4803 -20.2782 0
      vertex 21.5887 -20.253 0
    endloop
  endfacet
  facet normal -0.634509 -0.772915 0
    outer loop
      vertex 22.9552 -20.5716 0
      vertex 23.0412 -20.6422 4
      vertex 22.9552 -20.5716 4
    endloop
  endfacet
  facet normal -0.634509 -0.772915 -0
    outer loop
      vertex 23.0412 -20.6422 4
      vertex 22.9552 -20.5716 0
      vertex 23.0412 -20.6422 0
    endloop
  endfacet
  facet normal -0.226633 0.97398 0
    outer loop
      vertex 22.3603 -23.5624 0
      vertex 22.252 -23.5876 4
      vertex 22.3603 -23.5624 4
    endloop
  endfacet
  facet normal -0.226633 0.97398 0
    outer loop
      vertex 22.252 -23.5876 4
      vertex 22.3603 -23.5624 0
      vertex 22.252 -23.5876 0
    endloop
  endfacet
  facet normal 0.528302 0.849057 -0
    outer loop
      vertex 21.0703 -23.3926 0
      vertex 20.9758 -23.3338 4
      vertex 21.0703 -23.3926 4
    endloop
  endfacet
  facet normal 0.528302 0.849057 0
    outer loop
      vertex 20.9758 -23.3338 4
      vertex 21.0703 -23.3926 0
      vertex 20.9758 -23.3338 0
    endloop
  endfacet
  facet normal 0.0979904 0.995187 -0
    outer loop
      vertex 21.8091 -23.6167 0
      vertex 21.6984 -23.6058 4
      vertex 21.8091 -23.6167 4
    endloop
  endfacet
  facet normal 0.0979904 0.995187 0
    outer loop
      vertex 21.6984 -23.6058 4
      vertex 21.8091 -23.6167 0
      vertex 21.6984 -23.6058 0
    endloop
  endfacet
  facet normal 0.910859 0.412719 0
    outer loop
      vertex 20.3956 -22.6722 4
      vertex 20.3497 -22.5709 0
      vertex 20.3497 -22.5709 4
    endloop
  endfacet
  facet normal 0.910859 0.412719 0
    outer loop
      vertex 20.3497 -22.5709 0
      vertex 20.3956 -22.6722 4
      vertex 20.3956 -22.6722 0
    endloop
  endfacet
  facet normal 0.995099 -0.0988807 0
    outer loop
      vertex 20.2239 -21.8091 4
      vertex 20.2349 -21.6984 0
      vertex 20.2349 -21.6984 4
    endloop
  endfacet
  facet normal 0.995099 -0.0988807 0
    outer loop
      vertex 20.2349 -21.6984 0
      vertex 20.2239 -21.8091 4
      vertex 20.2239 -21.8091 0
    endloop
  endfacet
  facet normal 0.81276 -0.582598 0
    outer loop
      vertex 20.5068 -20.9758 4
      vertex 20.5716 -20.8854 0
      vertex 20.5716 -20.8854 4
    endloop
  endfacet
  facet normal 0.81276 -0.582598 0
    outer loop
      vertex 20.5716 -20.8854 0
      vertex 20.5068 -20.9758 4
      vertex 20.5068 -20.9758 0
    endloop
  endfacet
  facet normal -0.882054 0.471148 0
    outer loop
      vertex 23.3926 -22.7703 0
      vertex 23.445 -22.6722 4
      vertex 23.445 -22.6722 0
    endloop
  endfacet
  facet normal -0.882054 0.471148 0
    outer loop
      vertex 23.445 -22.6722 4
      vertex 23.3926 -22.7703 0
      vertex 23.3926 -22.7703 4
    endloop
  endfacet
  facet normal -0.995187 0.0979904 0
    outer loop
      vertex 23.6058 -22.1422 0
      vertex 23.6167 -22.0315 4
      vertex 23.6167 -22.0315 0
    endloop
  endfacet
  facet normal -0.995187 0.0979904 0
    outer loop
      vertex 23.6167 -22.0315 4
      vertex 23.6058 -22.1422 0
      vertex 23.6058 -22.1422 4
    endloop
  endfacet
  facet normal -0.956956 0.290232 0
    outer loop
      vertex 23.5301 -22.4668 0
      vertex 23.5624 -22.3603 4
      vertex 23.5624 -22.3603 0
    endloop
  endfacet
  facet normal -0.956956 0.290232 0
    outer loop
      vertex 23.5624 -22.3603 4
      vertex 23.5301 -22.4668 0
      vertex 23.5301 -22.4668 4
    endloop
  endfacet
  facet normal -0.849057 -0.528302 0
    outer loop
      vertex 23.3926 -21.0703 0
      vertex 23.3338 -20.9758 4
      vertex 23.3338 -20.9758 0
    endloop
  endfacet
  facet normal -0.849057 -0.528302 0
    outer loop
      vertex 23.3338 -20.9758 4
      vertex 23.3926 -21.0703 0
      vertex 23.3926 -21.0703 4
    endloop
  endfacet
  facet normal -0.81276 -0.582598 0
    outer loop
      vertex 23.3338 -20.9758 0
      vertex 23.269 -20.8854 4
      vertex 23.269 -20.8854 0
    endloop
  endfacet
  facet normal -0.81276 -0.582598 0
    outer loop
      vertex 23.269 -20.8854 4
      vertex 23.3338 -20.9758 0
      vertex 23.3338 -20.9758 4
    endloop
  endfacet
  facet normal -0.986515 -0.16367 0
    outer loop
      vertex 23.6058 -21.6984 0
      vertex 23.5876 -21.5887 4
      vertex 23.5876 -21.5887 0
    endloop
  endfacet
  facet normal -0.986515 -0.16367 0
    outer loop
      vertex 23.5876 -21.5887 4
      vertex 23.6058 -21.6984 0
      vertex 23.6058 -21.6984 4
    endloop
  endfacet
  facet normal -0.956881 -0.290482 0
    outer loop
      vertex 23.5624 -21.4803 0
      vertex 23.5301 -21.3739 4
      vertex 23.5301 -21.3739 0
    endloop
  endfacet
  facet normal -0.956881 -0.290482 0
    outer loop
      vertex 23.5301 -21.3739 4
      vertex 23.5624 -21.4803 0
      vertex 23.5624 -21.4803 4
    endloop
  endfacet
  facet normal 0.527654 -0.84946 0
    outer loop
      vertex 20.9758 -20.5068 0
      vertex 21.0703 -20.4481 4
      vertex 20.9758 -20.5068 4
    endloop
  endfacet
  facet normal 0.527654 -0.84946 0
    outer loop
      vertex 21.0703 -20.4481 4
      vertex 20.9758 -20.5068 0
      vertex 21.0703 -20.4481 0
    endloop
  endfacet
  facet normal 0.412719 -0.910859 0
    outer loop
      vertex 21.1684 -20.3956 0
      vertex 21.2697 -20.3497 4
      vertex 21.1684 -20.3956 4
    endloop
  endfacet
  facet normal 0.412719 -0.910859 0
    outer loop
      vertex 21.2697 -20.3497 4
      vertex 21.1684 -20.3956 0
      vertex 21.2697 -20.3497 0
    endloop
  endfacet
  facet normal 0.582598 -0.81276 0
    outer loop
      vertex 20.8854 -20.5716 0
      vertex 20.9758 -20.5068 4
      vertex 20.8854 -20.5716 4
    endloop
  endfacet
  facet normal 0.582598 -0.81276 0
    outer loop
      vertex 20.9758 -20.5068 4
      vertex 20.8854 -20.5716 0
      vertex 20.9758 -20.5068 0
    endloop
  endfacet
  facet normal -0.226633 -0.97398 0
    outer loop
      vertex 22.252 -20.253 0
      vertex 22.3603 -20.2782 4
      vertex 22.252 -20.253 4
    endloop
  endfacet
  facet normal -0.226633 -0.97398 -0
    outer loop
      vertex 22.3603 -20.2782 4
      vertex 22.252 -20.253 0
      vertex 22.3603 -20.2782 0
    endloop
  endfacet
  facet normal -0.0988807 -0.995099 0
    outer loop
      vertex 22.0315 -20.2239 0
      vertex 22.1422 -20.2349 4
      vertex 22.0315 -20.2239 4
    endloop
  endfacet
  facet normal -0.0988807 -0.995099 -0
    outer loop
      vertex 22.1422 -20.2349 4
      vertex 22.0315 -20.2239 0
      vertex 22.1422 -20.2349 0
    endloop
  endfacet
  facet normal -0.683343 -0.730098 0
    outer loop
      vertex 23.0412 -20.6422 0
      vertex 23.1224 -20.7182 4
      vertex 23.0412 -20.6422 4
    endloop
  endfacet
  facet normal -0.683343 -0.730098 -0
    outer loop
      vertex 23.1224 -20.7182 4
      vertex 23.0412 -20.6422 0
      vertex 23.1224 -20.7182 0
    endloop
  endfacet
  facet normal 0.352108 0.93596 -0
    outer loop
      vertex 21.3739 -23.5301 0
      vertex 21.2697 -23.4909 4
      vertex 21.3739 -23.5301 4
    endloop
  endfacet
  facet normal 0.352108 0.93596 0
    outer loop
      vertex 21.2697 -23.4909 4
      vertex 21.3739 -23.5301 0
      vertex 21.2697 -23.4909 0
    endloop
  endfacet
  facet normal 0.16367 0.986515 -0
    outer loop
      vertex 21.6984 -23.6058 0
      vertex 21.5887 -23.5876 4
      vertex 21.6984 -23.6058 4
    endloop
  endfacet
  facet normal 0.16367 0.986515 0
    outer loop
      vertex 21.5887 -23.5876 4
      vertex 21.6984 -23.6058 0
      vertex 21.5887 -23.5876 0
    endloop
  endfacet
  facet normal -0.163525 0.986539 0
    outer loop
      vertex 22.252 -23.5876 0
      vertex 22.1422 -23.6058 4
      vertex 22.252 -23.5876 4
    endloop
  endfacet
  facet normal -0.163525 0.986539 0
    outer loop
      vertex 22.1422 -23.6058 4
      vertex 22.252 -23.5876 0
      vertex 22.1422 -23.6058 0
    endloop
  endfacet
  facet normal -0.528302 0.849057 0
    outer loop
      vertex 22.8648 -23.3338 0
      vertex 22.7703 -23.3926 4
      vertex 22.8648 -23.3338 4
    endloop
  endfacet
  facet normal -0.528302 0.849057 0
    outer loop
      vertex 22.7703 -23.3926 4
      vertex 22.8648 -23.3338 0
      vertex 22.7703 -23.3926 0
    endloop
  endfacet
  facet normal -0.582598 0.81276 0
    outer loop
      vertex 22.9552 -23.269 0
      vertex 22.8648 -23.3338 4
      vertex 22.9552 -23.269 4
    endloop
  endfacet
  facet normal -0.582598 0.81276 0
    outer loop
      vertex 22.8648 -23.3338 4
      vertex 22.9552 -23.269 0
      vertex 22.8648 -23.3338 0
    endloop
  endfacet
  facet normal 0.999476 0.0323571 0
    outer loop
      vertex 20.2239 -22.0315 4
      vertex 20.2203 -21.9203 0
      vertex 20.2203 -21.9203 4
    endloop
  endfacet
  facet normal 0.999476 0.0323571 0
    outer loop
      vertex 20.2203 -21.9203 0
      vertex 20.2239 -22.0315 4
      vertex 20.2239 -22.0315 0
    endloop
  endfacet
  facet normal 0.986684 0.16265 0
    outer loop
      vertex 20.253 -22.252 4
      vertex 20.2349 -22.1422 0
      vertex 20.2349 -22.1422 4
    endloop
  endfacet
  facet normal 0.986684 0.16265 0
    outer loop
      vertex 20.2349 -22.1422 0
      vertex 20.253 -22.252 4
      vertex 20.253 -22.252 0
    endloop
  endfacet
  facet normal 0.97398 0.226633 0
    outer loop
      vertex 20.2782 -22.3603 4
      vertex 20.253 -22.252 0
      vertex 20.253 -22.252 4
    endloop
  endfacet
  facet normal 0.97398 0.226633 0
    outer loop
      vertex 20.253 -22.252 0
      vertex 20.2782 -22.3603 4
      vertex 20.2782 -22.3603 0
    endloop
  endfacet
  facet normal 0.93596 -0.352108 0
    outer loop
      vertex 20.3105 -21.3739 4
      vertex 20.3497 -21.2697 0
      vertex 20.3497 -21.2697 4
    endloop
  endfacet
  facet normal 0.93596 -0.352108 0
    outer loop
      vertex 20.3497 -21.2697 0
      vertex 20.3105 -21.3739 4
      vertex 20.3105 -21.3739 0
    endloop
  endfacet
  facet normal 0.974026 -0.226434 0
    outer loop
      vertex 20.253 -21.5887 4
      vertex 20.2782 -21.4803 0
      vertex 20.2782 -21.4803 4
    endloop
  endfacet
  facet normal 0.974026 -0.226434 0
    outer loop
      vertex 20.2782 -21.4803 0
      vertex 20.253 -21.5887 4
      vertex 20.253 -21.5887 0
    endloop
  endfacet
  facet normal 0.910859 -0.412719 0
    outer loop
      vertex 20.3497 -21.2697 4
      vertex 20.3956 -21.1684 0
      vertex 20.3956 -21.1684 4
    endloop
  endfacet
  facet normal 0.910859 -0.412719 0
    outer loop
      vertex 20.3956 -21.1684 0
      vertex 20.3497 -21.2697 4
      vertex 20.3497 -21.2697 0
    endloop
  endfacet
  facet normal 0.88168 -0.471847 0
    outer loop
      vertex 20.3956 -21.1684 4
      vertex 20.4481 -21.0703 0
      vertex 20.4481 -21.0703 4
    endloop
  endfacet
  facet normal 0.88168 -0.471847 0
    outer loop
      vertex 20.4481 -21.0703 0
      vertex 20.3956 -21.1684 4
      vertex 20.3956 -21.1684 0
    endloop
  endfacet
  facet normal 0.730098 -0.683343 0
    outer loop
      vertex 20.6422 -20.7994 4
      vertex 20.7182 -20.7182 0
      vertex 20.7182 -20.7182 4
    endloop
  endfacet
  facet normal 0.730098 -0.683343 0
    outer loop
      vertex 20.7182 -20.7182 0
      vertex 20.6422 -20.7994 4
      vertex 20.6422 -20.7994 0
    endloop
  endfacet
  facet normal -0.772915 0.634509 0
    outer loop
      vertex 23.1984 -23.0412 0
      vertex 23.269 -22.9552 4
      vertex 23.269 -22.9552 0
    endloop
  endfacet
  facet normal -0.772915 0.634509 0
    outer loop
      vertex 23.269 -22.9552 4
      vertex 23.1984 -23.0412 0
      vertex 23.1984 -23.0412 4
    endloop
  endfacet
  facet normal -0.849057 0.528302 0
    outer loop
      vertex 23.3338 -22.8648 0
      vertex 23.3926 -22.7703 4
      vertex 23.3926 -22.7703 0
    endloop
  endfacet
  facet normal -0.849057 0.528302 0
    outer loop
      vertex 23.3926 -22.7703 4
      vertex 23.3338 -22.8648 0
      vertex 23.3338 -22.8648 4
    endloop
  endfacet
  facet normal -0.935848 0.352404 0
    outer loop
      vertex 23.4909 -22.5709 0
      vertex 23.5301 -22.4668 4
      vertex 23.5301 -22.4668 0
    endloop
  endfacet
  facet normal -0.935848 0.352404 0
    outer loop
      vertex 23.5301 -22.4668 4
      vertex 23.4909 -22.5709 0
      vertex 23.4909 -22.5709 4
    endloop
  endfacet
  facet normal -0.97398 0.226633 0
    outer loop
      vertex 23.5624 -22.3603 0
      vertex 23.5876 -22.252 4
      vertex 23.5876 -22.252 0
    endloop
  endfacet
  facet normal -0.97398 0.226633 0
    outer loop
      vertex 23.5876 -22.252 4
      vertex 23.5624 -22.3603 0
      vertex 23.5624 -22.3603 4
    endloop
  endfacet
  facet normal -0.910859 -0.412719 0
    outer loop
      vertex 23.4909 -21.2697 0
      vertex 23.445 -21.1684 4
      vertex 23.445 -21.1684 0
    endloop
  endfacet
  facet normal -0.910859 -0.412719 0
    outer loop
      vertex 23.445 -21.1684 4
      vertex 23.4909 -21.2697 0
      vertex 23.4909 -21.2697 4
    endloop
  endfacet
  facet normal -0.882054 -0.471148 0
    outer loop
      vertex 23.445 -21.1684 0
      vertex 23.3926 -21.0703 4
      vertex 23.3926 -21.0703 0
    endloop
  endfacet
  facet normal -0.882054 -0.471148 0
    outer loop
      vertex 23.3926 -21.0703 4
      vertex 23.445 -21.1684 0
      vertex 23.445 -21.1684 4
    endloop
  endfacet
  facet normal -0.772915 -0.634509 0
    outer loop
      vertex 23.269 -20.8854 0
      vertex 23.1984 -20.7994 4
      vertex 23.1984 -20.7994 0
    endloop
  endfacet
  facet normal -0.772915 -0.634509 0
    outer loop
      vertex 23.1984 -20.7994 4
      vertex 23.269 -20.8854 0
      vertex 23.269 -20.8854 4
    endloop
  endfacet
  facet normal -0.974026 -0.226434 0
    outer loop
      vertex 23.5876 -21.5887 0
      vertex 23.5624 -21.4803 4
      vertex 23.5624 -21.4803 0
    endloop
  endfacet
  facet normal -0.974026 -0.226434 0
    outer loop
      vertex 23.5624 -21.4803 4
      vertex 23.5876 -21.5887 0
      vertex 23.5876 -21.5887 4
    endloop
  endfacet
  facet normal -0.995187 -0.0979904 0
    outer loop
      vertex 23.6167 -21.8091 0
      vertex 23.6058 -21.6984 4
      vertex 23.6058 -21.6984 0
    endloop
  endfacet
  facet normal -0.995187 -0.0979904 0
    outer loop
      vertex 23.6058 -21.6984 4
      vertex 23.6167 -21.8091 0
      vertex 23.6167 -21.8091 4
    endloop
  endfacet
  facet normal -0.999476 -0.0323571 0
    outer loop
      vertex 23.6203 -21.9203 0
      vertex 23.6167 -21.8091 4
      vertex 23.6167 -21.8091 0
    endloop
  endfacet
  facet normal -0.999476 -0.0323571 0
    outer loop
      vertex 23.6167 -21.8091 4
      vertex 23.6203 -21.9203 0
      vertex 23.6203 -21.9203 4
    endloop
  endfacet
  facet normal 0.352108 -0.93596 0
    outer loop
      vertex 21.2697 -20.3497 0
      vertex 21.3739 -20.3105 4
      vertex 21.2697 -20.3497 4
    endloop
  endfacet
  facet normal 0.352108 -0.93596 0
    outer loop
      vertex 21.3739 -20.3105 4
      vertex 21.2697 -20.3497 0
      vertex 21.3739 -20.3105 0
    endloop
  endfacet
  facet normal 0.290482 -0.956881 0
    outer loop
      vertex 21.3739 -20.3105 0
      vertex 21.4803 -20.2782 4
      vertex 21.3739 -20.3105 4
    endloop
  endfacet
  facet normal 0.290482 -0.956881 0
    outer loop
      vertex 21.4803 -20.2782 4
      vertex 21.3739 -20.3105 0
      vertex 21.4803 -20.2782 0
    endloop
  endfacet
  facet normal 0.471847 -0.88168 0
    outer loop
      vertex 21.0703 -20.4481 0
      vertex 21.1684 -20.3956 4
      vertex 21.0703 -20.4481 4
    endloop
  endfacet
  facet normal 0.471847 -0.88168 0
    outer loop
      vertex 21.1684 -20.3956 4
      vertex 21.0703 -20.4481 0
      vertex 21.1684 -20.3956 0
    endloop
  endfacet
  facet normal 0.634509 -0.772915 0
    outer loop
      vertex 20.7994 -20.6422 0
      vertex 20.8854 -20.5716 4
      vertex 20.7994 -20.6422 4
    endloop
  endfacet
  facet normal 0.634509 -0.772915 0
    outer loop
      vertex 20.8854 -20.5716 4
      vertex 20.7994 -20.6422 0
      vertex 20.8854 -20.5716 0
    endloop
  endfacet
  facet normal -0.290232 -0.956956 0
    outer loop
      vertex 22.3603 -20.2782 0
      vertex 22.4668 -20.3105 4
      vertex 22.3603 -20.2782 4
    endloop
  endfacet
  facet normal -0.290232 -0.956956 -0
    outer loop
      vertex 22.4668 -20.3105 4
      vertex 22.3603 -20.2782 0
      vertex 22.4668 -20.3105 0
    endloop
  endfacet
  facet normal -0.16265 -0.986684 0
    outer loop
      vertex 22.1422 -20.2349 0
      vertex 22.252 -20.253 4
      vertex 22.1422 -20.2349 4
    endloop
  endfacet
  facet normal -0.16265 -0.986684 -0
    outer loop
      vertex 22.252 -20.253 4
      vertex 22.1422 -20.2349 0
      vertex 22.252 -20.253 0
    endloop
  endfacet
  facet normal -0.527654 -0.84946 0
    outer loop
      vertex 22.7703 -20.4481 0
      vertex 22.8648 -20.5068 4
      vertex 22.7703 -20.4481 4
    endloop
  endfacet
  facet normal -0.527654 -0.84946 -0
    outer loop
      vertex 22.8648 -20.5068 4
      vertex 22.7703 -20.4481 0
      vertex 22.8648 -20.5068 0
    endloop
  endfacet
  facet normal -0.471847 -0.88168 0
    outer loop
      vertex 22.6722 -20.3956 0
      vertex 22.7703 -20.4481 4
      vertex 22.6722 -20.3956 4
    endloop
  endfacet
  facet normal -0.471847 -0.88168 -0
    outer loop
      vertex 22.7703 -20.4481 4
      vertex 22.6722 -20.3956 0
      vertex 22.7703 -20.4481 0
    endloop
  endfacet
  facet normal -0.582598 -0.81276 0
    outer loop
      vertex 22.8648 -20.5068 0
      vertex 22.9552 -20.5716 4
      vertex 22.8648 -20.5068 4
    endloop
  endfacet
  facet normal -0.582598 -0.81276 -0
    outer loop
      vertex 22.9552 -20.5716 4
      vertex 22.8648 -20.5068 0
      vertex 22.9552 -20.5716 0
    endloop
  endfacet
  facet normal 0.683343 0.730098 -0
    outer loop
      vertex 20.7994 -23.1984 0
      vertex 20.7182 -23.1224 4
      vertex 20.7994 -23.1984 4
    endloop
  endfacet
  facet normal 0.683343 0.730098 0
    outer loop
      vertex 20.7182 -23.1224 4
      vertex 20.7994 -23.1984 0
      vertex 20.7182 -23.1224 0
    endloop
  endfacet
  facet normal 0.582598 0.81276 -0
    outer loop
      vertex 20.9758 -23.3338 0
      vertex 20.8854 -23.269 4
      vertex 20.9758 -23.3338 4
    endloop
  endfacet
  facet normal 0.582598 0.81276 0
    outer loop
      vertex 20.8854 -23.269 4
      vertex 20.9758 -23.3338 0
      vertex 20.8854 -23.269 0
    endloop
  endfacet
  facet normal 0.471148 0.882054 -0
    outer loop
      vertex 21.1684 -23.445 0
      vertex 21.0703 -23.3926 4
      vertex 21.1684 -23.445 4
    endloop
  endfacet
  facet normal 0.471148 0.882054 0
    outer loop
      vertex 21.0703 -23.3926 4
      vertex 21.1684 -23.445 0
      vertex 21.0703 -23.3926 0
    endloop
  endfacet
  facet normal 0.412719 0.910859 -0
    outer loop
      vertex 21.2697 -23.4909 0
      vertex 21.1684 -23.445 4
      vertex 21.2697 -23.4909 4
    endloop
  endfacet
  facet normal 0.412719 0.910859 0
    outer loop
      vertex 21.1684 -23.445 4
      vertex 21.2697 -23.4909 0
      vertex 21.1684 -23.445 0
    endloop
  endfacet
  facet normal 0.0323571 0.999476 -0
    outer loop
      vertex 21.9203 -23.6203 0
      vertex 21.8091 -23.6167 4
      vertex 21.9203 -23.6203 4
    endloop
  endfacet
  facet normal 0.0323571 0.999476 0
    outer loop
      vertex 21.8091 -23.6167 4
      vertex 21.9203 -23.6203 0
      vertex 21.8091 -23.6167 0
    endloop
  endfacet
  facet normal 0.290482 0.956881 -0
    outer loop
      vertex 21.4803 -23.5624 0
      vertex 21.3739 -23.5301 4
      vertex 21.4803 -23.5624 4
    endloop
  endfacet
  facet normal 0.290482 0.956881 0
    outer loop
      vertex 21.3739 -23.5301 4
      vertex 21.4803 -23.5624 0
      vertex 21.3739 -23.5301 0
    endloop
  endfacet
  facet normal -0.0323571 0.999476 0
    outer loop
      vertex 22.0315 -23.6167 0
      vertex 21.9203 -23.6203 4
      vertex 22.0315 -23.6167 4
    endloop
  endfacet
  facet normal -0.0323571 0.999476 0
    outer loop
      vertex 21.9203 -23.6203 4
      vertex 22.0315 -23.6167 0
      vertex 21.9203 -23.6203 0
    endloop
  endfacet
  facet normal -0.0979904 0.995187 0
    outer loop
      vertex 22.1422 -23.6058 0
      vertex 22.0315 -23.6167 4
      vertex 22.1422 -23.6058 4
    endloop
  endfacet
  facet normal -0.0979904 0.995187 0
    outer loop
      vertex 22.0315 -23.6167 4
      vertex 22.1422 -23.6058 0
      vertex 22.0315 -23.6167 0
    endloop
  endfacet
  facet normal -0.352404 0.935848 0
    outer loop
      vertex 22.5709 -23.4909 0
      vertex 22.4668 -23.5301 4
      vertex 22.5709 -23.4909 4
    endloop
  endfacet
  facet normal -0.352404 0.935848 0
    outer loop
      vertex 22.4668 -23.5301 4
      vertex 22.5709 -23.4909 0
      vertex 22.4668 -23.5301 0
    endloop
  endfacet
  facet normal -0.412719 0.910859 0
    outer loop
      vertex 22.6722 -23.445 0
      vertex 22.5709 -23.4909 4
      vertex 22.6722 -23.445 4
    endloop
  endfacet
  facet normal -0.412719 0.910859 0
    outer loop
      vertex 22.5709 -23.4909 4
      vertex 22.6722 -23.445 0
      vertex 22.5709 -23.4909 0
    endloop
  endfacet
  facet normal -0.471148 0.882054 0
    outer loop
      vertex 22.7703 -23.3926 0
      vertex 22.6722 -23.445 4
      vertex 22.7703 -23.3926 4
    endloop
  endfacet
  facet normal -0.471148 0.882054 0
    outer loop
      vertex 22.6722 -23.445 4
      vertex 22.7703 -23.3926 0
      vertex 22.6722 -23.445 0
    endloop
  endfacet
  facet normal -0.634509 0.772915 0
    outer loop
      vertex 23.0412 -23.1984 0
      vertex 22.9552 -23.269 4
      vertex 23.0412 -23.1984 4
    endloop
  endfacet
  facet normal -0.634509 0.772915 0
    outer loop
      vertex 22.9552 -23.269 4
      vertex 23.0412 -23.1984 0
      vertex 22.9552 -23.269 0
    endloop
  endfacet
  facet normal 0.995099 0.0988807 0
    outer loop
      vertex 20.2349 -22.1422 4
      vertex 20.2239 -22.0315 0
      vertex 20.2239 -22.0315 4
    endloop
  endfacet
  facet normal 0.995099 0.0988807 0
    outer loop
      vertex 20.2239 -22.0315 0
      vertex 20.2349 -22.1422 4
      vertex 20.2349 -22.1422 0
    endloop
  endfacet
  facet normal 0.956956 0.290232 0
    outer loop
      vertex 20.3105 -22.4668 4
      vertex 20.2782 -22.3603 0
      vertex 20.2782 -22.3603 4
    endloop
  endfacet
  facet normal 0.956956 0.290232 0
    outer loop
      vertex 20.2782 -22.3603 0
      vertex 20.3105 -22.4668 4
      vertex 20.3105 -22.4668 0
    endloop
  endfacet
  facet normal 0.88168 0.471847 0
    outer loop
      vertex 20.4481 -22.7703 4
      vertex 20.3956 -22.6722 0
      vertex 20.3956 -22.6722 4
    endloop
  endfacet
  facet normal 0.88168 0.471847 0
    outer loop
      vertex 20.3956 -22.6722 0
      vertex 20.4481 -22.7703 4
      vertex 20.4481 -22.7703 0
    endloop
  endfacet
  facet normal 0.81276 0.582598 0
    outer loop
      vertex 20.5716 -22.9552 4
      vertex 20.5068 -22.8648 0
      vertex 20.5068 -22.8648 4
    endloop
  endfacet
  facet normal 0.81276 0.582598 0
    outer loop
      vertex 20.5068 -22.8648 0
      vertex 20.5716 -22.9552 4
      vertex 20.5716 -22.9552 0
    endloop
  endfacet
  facet normal 0.730098 0.683343 0
    outer loop
      vertex 20.7182 -23.1224 4
      vertex 20.6422 -23.0412 0
      vertex 20.6422 -23.0412 4
    endloop
  endfacet
  facet normal 0.730098 0.683343 0
    outer loop
      vertex 20.6422 -23.0412 0
      vertex 20.7182 -23.1224 4
      vertex 20.7182 -23.1224 0
    endloop
  endfacet
  facet normal 0.956881 -0.290482 0
    outer loop
      vertex 20.2782 -21.4803 4
      vertex 20.3105 -21.3739 0
      vertex 20.3105 -21.3739 4
    endloop
  endfacet
  facet normal 0.956881 -0.290482 0
    outer loop
      vertex 20.3105 -21.3739 0
      vertex 20.2782 -21.4803 4
      vertex 20.2782 -21.4803 0
    endloop
  endfacet
  facet normal 0.98666 -0.162794 0
    outer loop
      vertex 20.2349 -21.6984 4
      vertex 20.253 -21.5887 0
      vertex 20.253 -21.5887 4
    endloop
  endfacet
  facet normal 0.98666 -0.162794 0
    outer loop
      vertex 20.253 -21.5887 0
      vertex 20.2349 -21.6984 4
      vertex 20.2349 -21.6984 0
    endloop
  endfacet
  facet normal 0.84946 -0.527654 0
    outer loop
      vertex 20.4481 -21.0703 4
      vertex 20.5068 -20.9758 0
      vertex 20.5068 -20.9758 4
    endloop
  endfacet
  facet normal 0.84946 -0.527654 0
    outer loop
      vertex 20.5068 -20.9758 0
      vertex 20.4481 -21.0703 4
      vertex 20.4481 -21.0703 0
    endloop
  endfacet
  facet normal 0.772915 -0.634509 0
    outer loop
      vertex 20.5716 -20.8854 4
      vertex 20.6422 -20.7994 0
      vertex 20.6422 -20.7994 4
    endloop
  endfacet
  facet normal 0.772915 -0.634509 0
    outer loop
      vertex 20.6422 -20.7994 0
      vertex 20.5716 -20.8854 4
      vertex 20.5716 -20.8854 0
    endloop
  endfacet
  facet normal -0.81276 0.582598 0
    outer loop
      vertex 23.269 -22.9552 0
      vertex 23.3338 -22.8648 4
      vertex 23.3338 -22.8648 0
    endloop
  endfacet
  facet normal -0.81276 0.582598 0
    outer loop
      vertex 23.3338 -22.8648 4
      vertex 23.269 -22.9552 0
      vertex 23.269 -22.9552 4
    endloop
  endfacet
  facet normal -0.910859 0.412719 0
    outer loop
      vertex 23.445 -22.6722 0
      vertex 23.4909 -22.5709 4
      vertex 23.4909 -22.5709 0
    endloop
  endfacet
  facet normal -0.910859 0.412719 0
    outer loop
      vertex 23.4909 -22.5709 4
      vertex 23.445 -22.6722 0
      vertex 23.445 -22.6722 4
    endloop
  endfacet
  facet normal -0.986539 0.163525 0
    outer loop
      vertex 23.5876 -22.252 0
      vertex 23.6058 -22.1422 4
      vertex 23.6058 -22.1422 0
    endloop
  endfacet
  facet normal -0.986539 0.163525 0
    outer loop
      vertex 23.6058 -22.1422 4
      vertex 23.5876 -22.252 0
      vertex 23.5876 -22.252 4
    endloop
  endfacet
  facet normal 0.162794 -0.98666 0
    outer loop
      vertex 21.5887 -20.253 0
      vertex 21.6984 -20.2349 4
      vertex 21.5887 -20.253 4
    endloop
  endfacet
  facet normal 0.162794 -0.98666 0
    outer loop
      vertex 21.6984 -20.2349 4
      vertex 21.5887 -20.253 0
      vertex 21.6984 -20.2349 0
    endloop
  endfacet
  facet normal 0.0988807 -0.995099 0
    outer loop
      vertex 21.6984 -20.2349 0
      vertex 21.8091 -20.2239 4
      vertex 21.6984 -20.2349 4
    endloop
  endfacet
  facet normal 0.0988807 -0.995099 0
    outer loop
      vertex 21.8091 -20.2239 4
      vertex 21.6984 -20.2349 0
      vertex 21.8091 -20.2239 0
    endloop
  endfacet
  facet normal 0.0323571 -0.999476 0
    outer loop
      vertex 21.8091 -20.2239 0
      vertex 21.9203 -20.2203 4
      vertex 21.8091 -20.2239 4
    endloop
  endfacet
  facet normal 0.0323571 -0.999476 0
    outer loop
      vertex 21.9203 -20.2203 4
      vertex 21.8091 -20.2239 0
      vertex 21.9203 -20.2203 0
    endloop
  endfacet
  facet normal -0.352404 -0.935848 0
    outer loop
      vertex 22.4668 -20.3105 0
      vertex 22.5709 -20.3497 4
      vertex 22.4668 -20.3105 4
    endloop
  endfacet
  facet normal -0.352404 -0.935848 -0
    outer loop
      vertex 22.5709 -20.3497 4
      vertex 22.4668 -20.3105 0
      vertex 22.5709 -20.3497 0
    endloop
  endfacet
  facet normal 0.634509 0.772915 -0
    outer loop
      vertex 20.8854 -23.269 0
      vertex 20.7994 -23.1984 4
      vertex 20.8854 -23.269 4
    endloop
  endfacet
  facet normal 0.634509 0.772915 0
    outer loop
      vertex 20.7994 -23.1984 4
      vertex 20.8854 -23.269 0
      vertex 20.7994 -23.1984 0
    endloop
  endfacet
  facet normal 0.226434 0.974026 -0
    outer loop
      vertex 21.5887 -23.5876 0
      vertex 21.4803 -23.5624 4
      vertex 21.5887 -23.5876 4
    endloop
  endfacet
  facet normal 0.226434 0.974026 0
    outer loop
      vertex 21.4803 -23.5624 4
      vertex 21.5887 -23.5876 0
      vertex 21.4803 -23.5624 0
    endloop
  endfacet
  facet normal -0.290232 0.956956 0
    outer loop
      vertex 22.4668 -23.5301 0
      vertex 22.3603 -23.5624 4
      vertex 22.4668 -23.5301 4
    endloop
  endfacet
  facet normal -0.290232 0.956956 0
    outer loop
      vertex 22.3603 -23.5624 4
      vertex 22.4668 -23.5301 0
      vertex 22.3603 -23.5624 0
    endloop
  endfacet
  facet normal -0.683343 0.730098 0
    outer loop
      vertex 23.1224 -23.1224 0
      vertex 23.0412 -23.1984 4
      vertex 23.1224 -23.1224 4
    endloop
  endfacet
  facet normal -0.683343 0.730098 0
    outer loop
      vertex 23.0412 -23.1984 4
      vertex 23.1224 -23.1224 0
      vertex 23.0412 -23.1984 0
    endloop
  endfacet
  facet normal 0.935848 0.352404 0
    outer loop
      vertex 20.3497 -22.5709 4
      vertex 20.3105 -22.4668 0
      vertex 20.3105 -22.4668 4
    endloop
  endfacet
  facet normal 0.935848 0.352404 0
    outer loop
      vertex 20.3105 -22.4668 0
      vertex 20.3497 -22.5709 4
      vertex 20.3497 -22.5709 0
    endloop
  endfacet
  facet normal 0.84946 0.527654 0
    outer loop
      vertex 20.5068 -22.8648 4
      vertex 20.4481 -22.7703 0
      vertex 20.4481 -22.7703 4
    endloop
  endfacet
  facet normal 0.84946 0.527654 0
    outer loop
      vertex 20.4481 -22.7703 0
      vertex 20.5068 -22.8648 4
      vertex 20.5068 -22.8648 0
    endloop
  endfacet
  facet normal 0.772915 0.634509 0
    outer loop
      vertex 20.6422 -23.0412 4
      vertex 20.5716 -22.9552 0
      vertex 20.5716 -22.9552 4
    endloop
  endfacet
  facet normal 0.772915 0.634509 0
    outer loop
      vertex 20.5716 -22.9552 0
      vertex 20.6422 -23.0412 4
      vertex 20.6422 -23.0412 0
    endloop
  endfacet
  facet normal 0.986645 0.162884 0
    outer loop
      vertex 33.7091 4.43789 4
      vertex 33.3467 6.63307 0
      vertex 33.3467 6.63307 4
    endloop
  endfacet
  facet normal 0.986645 0.162884 0
    outer loop
      vertex 33.3467 6.63307 0
      vertex 33.7091 4.43789 4
      vertex 33.7091 4.43789 0
    endloop
  endfacet
  facet normal 0.999465 0.0327206 0
    outer loop
      vertex 34 0 4
      vertex 33.9272 2.22371 0
      vertex 33.9272 2.22371 4
    endloop
  endfacet
  facet normal 0.999465 0.0327206 0
    outer loop
      vertex 33.9272 2.22371 0
      vertex 34 0 4
      vertex 34 0 0
    endloop
  endfacet
  facet normal -0.999465 0.0327206 0
    outer loop
      vertex -34 0 0
      vertex -33.9272 2.22371 4
      vertex -33.9272 2.22371 0
    endloop
  endfacet
  facet normal -0.999465 0.0327206 0
    outer loop
      vertex -33.9272 2.22371 4
      vertex -34 0 0
      vertex -34 0 4
    endloop
  endfacet
  facet normal 0.0327206 0.999465 -0
    outer loop
      vertex 2.22371 33.9272 0
      vertex 0 34 4
      vertex 2.22371 33.9272 4
    endloop
  endfacet
  facet normal 0.0327206 0.999465 0
    outer loop
      vertex 0 34 4
      vertex 2.22371 33.9272 0
      vertex 0 34 0
    endloop
  endfacet
  facet normal 0.683627 0.729831 -0
    outer loop
      vertex 24.0416 24.0416 0
      vertex 22.4178 25.5626 4
      vertex 24.0416 24.0416 4
    endloop
  endfacet
  facet normal 0.683627 0.729831 0
    outer loop
      vertex 22.4178 25.5626 4
      vertex 24.0416 24.0416 0
      vertex 22.4178 25.5626 0
    endloop
  endfacet
  facet normal -0.683627 0.729831 0
    outer loop
      vertex -22.4178 25.5626 0
      vertex -24.0416 24.0416 4
      vertex -22.4178 25.5626 4
    endloop
  endfacet
  facet normal -0.683627 0.729831 0
    outer loop
      vertex -24.0416 24.0416 4
      vertex -22.4178 25.5626 0
      vertex -24.0416 24.0416 0
    endloop
  endfacet
  facet normal -0.352241 0.935909 0
    outer loop
      vertex -10.9289 32.1956 0
      vertex -13.0112 31.4119 4
      vertex -10.9289 32.1956 4
    endloop
  endfacet
  facet normal -0.352241 0.935909 0
    outer loop
      vertex -13.0112 31.4119 4
      vertex -10.9289 32.1956 0
      vertex -13.0112 31.4119 0
    endloop
  endfacet
  facet normal 0.910871 0.412692 0
    outer loop
      vertex 31.4119 13.0112 4
      vertex 30.4937 15.0378 0
      vertex 30.4937 15.0378 4
    endloop
  endfacet
  facet normal 0.910871 0.412692 0
    outer loop
      vertex 30.4937 15.0378 0
      vertex 31.4119 13.0112 4
      vertex 31.4119 13.0112 0
    endloop
  endfacet
  facet normal -0.849203 0.528066 0
    outer loop
      vertex -29.4449 17 0
      vertex -28.27 18.8894 4
      vertex -28.27 18.8894 0
    endloop
  endfacet
  facet normal -0.849203 0.528066 0
    outer loop
      vertex -28.27 18.8894 4
      vertex -29.4449 17 0
      vertex -29.4449 17 4
    endloop
  endfacet
  facet normal -0.812837 0.582492 0
    outer loop
      vertex -28.27 18.8894 0
      vertex -26.974 20.6979 4
      vertex -26.974 20.6979 0
    endloop
  endfacet
  facet normal -0.812837 0.582492 0
    outer loop
      vertex -26.974 20.6979 4
      vertex -28.27 18.8894 0
      vertex -28.27 18.8894 4
    endloop
  endfacet
  facet normal 0.881925 -0.471391 0
    outer loop
      vertex 29.4449 -17 4
      vertex 30.4937 -15.0378 0
      vertex 30.4937 -15.0378 4
    endloop
  endfacet
  facet normal 0.881925 -0.471391 0
    outer loop
      vertex 30.4937 -15.0378 0
      vertex 29.4449 -17 4
      vertex 29.4449 -17 0
    endloop
  endfacet
  facet normal 0.290309 -0.956933 0
    outer loop
      vertex 8.79985 -32.8415 0
      vertex 10.9289 -32.1956 4
      vertex 8.79985 -32.8415 4
    endloop
  endfacet
  facet normal 0.290309 -0.956933 0
    outer loop
      vertex 10.9289 -32.1956 4
      vertex 8.79985 -32.8415 0
      vertex 10.9289 -32.1956 0
    endloop
  endfacet
  facet normal 0.729831 -0.683627 0
    outer loop
      vertex 24.0416 -24.0416 4
      vertex 25.5626 -22.4178 0
      vertex 25.5626 -22.4178 4
    endloop
  endfacet
  facet normal 0.729831 -0.683627 0
    outer loop
      vertex 25.5626 -22.4178 0
      vertex 24.0416 -24.0416 4
      vertex 24.0416 -24.0416 0
    endloop
  endfacet
  facet normal 0.812837 -0.582492 0
    outer loop
      vertex 26.974 -20.6979 4
      vertex 28.27 -18.8894 0
      vertex 28.27 -18.8894 4
    endloop
  endfacet
  facet normal 0.812837 -0.582492 0
    outer loop
      vertex 28.27 -18.8894 0
      vertex 26.974 -20.6979 4
      vertex 26.974 -20.6979 0
    endloop
  endfacet
  facet normal 0.999465 -0.0327206 0
    outer loop
      vertex 33.9272 -2.22371 4
      vertex 34 0 0
      vertex 34 0 4
    endloop
  endfacet
  facet normal 0.999465 -0.0327206 0
    outer loop
      vertex 34 0 0
      vertex 33.9272 -2.22371 4
      vertex 33.9272 -2.22371 0
    endloop
  endfacet
  facet normal -0.352241 -0.935909 0
    outer loop
      vertex -13.0112 -31.4119 0
      vertex -10.9289 -32.1956 4
      vertex -13.0112 -31.4119 4
    endloop
  endfacet
  facet normal -0.352241 -0.935909 -0
    outer loop
      vertex -10.9289 -32.1956 4
      vertex -13.0112 -31.4119 0
      vertex -10.9289 -32.1956 0
    endloop
  endfacet
  facet normal -0.773029 -0.63437 0
    outer loop
      vertex -25.5626 -22.4178 0
      vertex -26.974 -20.6979 4
      vertex -26.974 -20.6979 0
    endloop
  endfacet
  facet normal -0.773029 -0.63437 0
    outer loop
      vertex -26.974 -20.6979 4
      vertex -25.5626 -22.4178 0
      vertex -25.5626 -22.4178 4
    endloop
  endfacet
  facet normal -0.935909 -0.352241 0
    outer loop
      vertex -31.4119 -13.0112 0
      vertex -32.1956 -10.9289 4
      vertex -32.1956 -10.9289 0
    endloop
  endfacet
  facet normal -0.935909 -0.352241 0
    outer loop
      vertex -32.1956 -10.9289 4
      vertex -31.4119 -13.0112 0
      vertex -31.4119 -13.0112 4
    endloop
  endfacet
  facet normal 0.973879 0.227067 0
    outer loop
      vertex 33.3467 6.63307 4
      vertex 32.8415 8.79985 0
      vertex 32.8415 8.79985 4
    endloop
  endfacet
  facet normal 0.973879 0.227067 0
    outer loop
      vertex 32.8415 8.79985 0
      vertex 33.3467 6.63307 4
      vertex 33.3467 6.63307 0
    endloop
  endfacet
  facet normal 0.956933 0.290309 0
    outer loop
      vertex 32.8415 8.79985 4
      vertex 32.1956 10.9289 0
      vertex 32.1956 10.9289 4
    endloop
  endfacet
  facet normal 0.956933 0.290309 0
    outer loop
      vertex 32.1956 10.9289 0
      vertex 32.8415 8.79985 4
      vertex 32.8415 8.79985 0
    endloop
  endfacet
  facet normal 0.773029 0.63437 0
    outer loop
      vertex 26.974 20.6979 4
      vertex 25.5626 22.4178 0
      vertex 25.5626 22.4178 4
    endloop
  endfacet
  facet normal 0.773029 0.63437 0
    outer loop
      vertex 25.5626 22.4178 0
      vertex 26.974 20.6979 4
      vertex 26.974 20.6979 0
    endloop
  endfacet
  facet normal 0.881925 0.471391 0
    outer loop
      vertex 30.4937 15.0378 4
      vertex 29.4449 17 0
      vertex 29.4449 17 4
    endloop
  endfacet
  facet normal 0.881925 0.471391 0
    outer loop
      vertex 29.4449 17 0
      vertex 30.4937 15.0378 4
      vertex 30.4937 15.0378 0
    endloop
  endfacet
  facet normal 0.227067 0.973879 -0
    outer loop
      vertex 8.79985 32.8415 0
      vertex 6.63307 33.3467 4
      vertex 8.79985 32.8415 4
    endloop
  endfacet
  facet normal 0.227067 0.973879 0
    outer loop
      vertex 6.63307 33.3467 4
      vertex 8.79985 32.8415 0
      vertex 6.63307 33.3467 0
    endloop
  endfacet
  facet normal 0.290309 0.956933 -0
    outer loop
      vertex 10.9289 32.1956 0
      vertex 8.79985 32.8415 4
      vertex 10.9289 32.1956 4
    endloop
  endfacet
  facet normal 0.290309 0.956933 0
    outer loop
      vertex 8.79985 32.8415 4
      vertex 10.9289 32.1956 0
      vertex 8.79985 32.8415 0
    endloop
  endfacet
  facet normal 0.0980271 0.995184 -0
    outer loop
      vertex 4.43789 33.7091 0
      vertex 2.22371 33.9272 4
      vertex 4.43789 33.7091 4
    endloop
  endfacet
  facet normal 0.0980271 0.995184 0
    outer loop
      vertex 2.22371 33.9272 4
      vertex 4.43789 33.7091 0
      vertex 2.22371 33.9272 0
    endloop
  endfacet
  facet normal 0.471391 0.881925 -0
    outer loop
      vertex 17 29.4449 0
      vertex 15.0378 30.4937 4
      vertex 17 29.4449 4
    endloop
  endfacet
  facet normal 0.471391 0.881925 0
    outer loop
      vertex 15.0378 30.4937 4
      vertex 17 29.4449 0
      vertex 15.0378 30.4937 0
    endloop
  endfacet
  facet normal 0.63437 0.773029 -0
    outer loop
      vertex 22.4178 25.5626 0
      vertex 20.6979 26.974 4
      vertex 22.4178 25.5626 4
    endloop
  endfacet
  facet normal 0.63437 0.773029 0
    outer loop
      vertex 20.6979 26.974 4
      vertex 22.4178 25.5626 0
      vertex 20.6979 26.974 0
    endloop
  endfacet
  facet normal -0.956933 0.290309 0
    outer loop
      vertex -32.8415 8.79985 0
      vertex -32.1956 10.9289 4
      vertex -32.1956 10.9289 0
    endloop
  endfacet
  facet normal -0.956933 0.290309 0
    outer loop
      vertex -32.1956 10.9289 4
      vertex -32.8415 8.79985 0
      vertex -32.8415 8.79985 4
    endloop
  endfacet
  facet normal -0.773029 0.63437 0
    outer loop
      vertex -26.974 20.6979 0
      vertex -25.5626 22.4178 4
      vertex -25.5626 22.4178 0
    endloop
  endfacet
  facet normal -0.773029 0.63437 0
    outer loop
      vertex -25.5626 22.4178 4
      vertex -26.974 20.6979 0
      vertex -26.974 20.6979 4
    endloop
  endfacet
  facet normal -0.935909 0.352241 0
    outer loop
      vertex -32.1956 10.9289 0
      vertex -31.4119 13.0112 4
      vertex -31.4119 13.0112 0
    endloop
  endfacet
  facet normal -0.935909 0.352241 0
    outer loop
      vertex -31.4119 13.0112 4
      vertex -32.1956 10.9289 0
      vertex -32.1956 10.9289 4
    endloop
  endfacet
  facet normal -0.995184 0.0980271 0
    outer loop
      vertex -33.9272 2.22371 0
      vertex -33.7091 4.43789 4
      vertex -33.7091 4.43789 0
    endloop
  endfacet
  facet normal -0.995184 0.0980271 0
    outer loop
      vertex -33.7091 4.43789 4
      vertex -33.9272 2.22371 0
      vertex -33.9272 2.22371 4
    endloop
  endfacet
  facet normal -0.471391 0.881925 0
    outer loop
      vertex -15.0378 30.4937 0
      vertex -17 29.4449 4
      vertex -15.0378 30.4937 4
    endloop
  endfacet
  facet normal -0.471391 0.881925 0
    outer loop
      vertex -17 29.4449 4
      vertex -15.0378 30.4937 0
      vertex -17 29.4449 0
    endloop
  endfacet
  facet normal -0.528066 0.849203 0
    outer loop
      vertex -17 29.4449 0
      vertex -18.8894 28.27 4
      vertex -17 29.4449 4
    endloop
  endfacet
  facet normal -0.528066 0.849203 0
    outer loop
      vertex -18.8894 28.27 4
      vertex -17 29.4449 0
      vertex -18.8894 28.27 0
    endloop
  endfacet
  facet normal -0.582492 0.812837 0
    outer loop
      vertex -18.8894 28.27 0
      vertex -20.6979 26.974 4
      vertex -18.8894 28.27 4
    endloop
  endfacet
  facet normal -0.582492 0.812837 0
    outer loop
      vertex -20.6979 26.974 4
      vertex -18.8894 28.27 0
      vertex -20.6979 26.974 0
    endloop
  endfacet
  facet normal -0.290309 0.956933 0
    outer loop
      vertex -8.79985 32.8415 0
      vertex -10.9289 32.1956 4
      vertex -8.79985 32.8415 4
    endloop
  endfacet
  facet normal -0.290309 0.956933 0
    outer loop
      vertex -10.9289 32.1956 4
      vertex -8.79985 32.8415 0
      vertex -10.9289 32.1956 0
    endloop
  endfacet
  facet normal -0.0327206 0.999465 0
    outer loop
      vertex 0 34 0
      vertex -2.22371 33.9272 4
      vertex 0 34 4
    endloop
  endfacet
  facet normal -0.0327206 0.999465 0
    outer loop
      vertex -2.22371 33.9272 4
      vertex 0 34 0
      vertex -2.22371 33.9272 0
    endloop
  endfacet
  facet normal 0.956933 -0.290309 0
    outer loop
      vertex 32.1956 -10.9289 4
      vertex 32.8415 -8.79985 0
      vertex 32.8415 -8.79985 4
    endloop
  endfacet
  facet normal 0.956933 -0.290309 0
    outer loop
      vertex 32.8415 -8.79985 0
      vertex 32.1956 -10.9289 4
      vertex 32.1956 -10.9289 0
    endloop
  endfacet
  facet normal 0.162884 -0.986645 0
    outer loop
      vertex 4.43789 -33.7091 0
      vertex 6.63307 -33.3467 4
      vertex 4.43789 -33.7091 4
    endloop
  endfacet
  facet normal 0.162884 -0.986645 0
    outer loop
      vertex 6.63307 -33.3467 4
      vertex 4.43789 -33.7091 0
      vertex 6.63307 -33.3467 0
    endloop
  endfacet
  facet normal 0.412692 -0.910871 0
    outer loop
      vertex 13.0112 -31.4119 0
      vertex 15.0378 -30.4937 4
      vertex 13.0112 -31.4119 4
    endloop
  endfacet
  facet normal 0.412692 -0.910871 0
    outer loop
      vertex 15.0378 -30.4937 4
      vertex 13.0112 -31.4119 0
      vertex 15.0378 -30.4937 0
    endloop
  endfacet
  facet normal 0.471391 -0.881925 0
    outer loop
      vertex 15.0378 -30.4937 0
      vertex 17 -29.4449 4
      vertex 15.0378 -30.4937 4
    endloop
  endfacet
  facet normal 0.471391 -0.881925 0
    outer loop
      vertex 17 -29.4449 4
      vertex 15.0378 -30.4937 0
      vertex 17 -29.4449 0
    endloop
  endfacet
  facet normal 0.63437 -0.773029 0
    outer loop
      vertex 20.6979 -26.974 0
      vertex 22.4178 -25.5626 4
      vertex 20.6979 -26.974 4
    endloop
  endfacet
  facet normal 0.63437 -0.773029 0
    outer loop
      vertex 22.4178 -25.5626 4
      vertex 20.6979 -26.974 0
      vertex 22.4178 -25.5626 0
    endloop
  endfacet
  facet normal 0.528066 -0.849203 0
    outer loop
      vertex 17 -29.4449 0
      vertex 18.8894 -28.27 4
      vertex 17 -29.4449 4
    endloop
  endfacet
  facet normal 0.528066 -0.849203 0
    outer loop
      vertex 18.8894 -28.27 4
      vertex 17 -29.4449 0
      vertex 18.8894 -28.27 0
    endloop
  endfacet
  facet normal 0.773029 -0.63437 0
    outer loop
      vertex 25.5626 -22.4178 4
      vertex 26.974 -20.6979 0
      vertex 26.974 -20.6979 4
    endloop
  endfacet
  facet normal 0.773029 -0.63437 0
    outer loop
      vertex 26.974 -20.6979 0
      vertex 25.5626 -22.4178 4
      vertex 25.5626 -22.4178 0
    endloop
  endfacet
  facet normal 0.935909 -0.352241 0
    outer loop
      vertex 31.4119 -13.0112 4
      vertex 32.1956 -10.9289 0
      vertex 32.1956 -10.9289 4
    endloop
  endfacet
  facet normal 0.935909 -0.352241 0
    outer loop
      vertex 32.1956 -10.9289 0
      vertex 31.4119 -13.0112 4
      vertex 31.4119 -13.0112 0
    endloop
  endfacet
  facet normal -0.290309 -0.956933 0
    outer loop
      vertex -10.9289 -32.1956 0
      vertex -8.79985 -32.8415 4
      vertex -10.9289 -32.1956 4
    endloop
  endfacet
  facet normal -0.290309 -0.956933 -0
    outer loop
      vertex -8.79985 -32.8415 4
      vertex -10.9289 -32.1956 0
      vertex -8.79985 -32.8415 0
    endloop
  endfacet
  facet normal -0.412692 -0.910871 0
    outer loop
      vertex -15.0378 -30.4937 0
      vertex -13.0112 -31.4119 4
      vertex -15.0378 -30.4937 4
    endloop
  endfacet
  facet normal -0.412692 -0.910871 -0
    outer loop
      vertex -13.0112 -31.4119 4
      vertex -15.0378 -30.4937 0
      vertex -13.0112 -31.4119 0
    endloop
  endfacet
  facet normal -0.528066 -0.849203 0
    outer loop
      vertex -18.8894 -28.27 0
      vertex -17 -29.4449 4
      vertex -18.8894 -28.27 4
    endloop
  endfacet
  facet normal -0.528066 -0.849203 -0
    outer loop
      vertex -17 -29.4449 4
      vertex -18.8894 -28.27 0
      vertex -17 -29.4449 0
    endloop
  endfacet
  facet normal -0.0327206 -0.999465 0
    outer loop
      vertex -2.22371 -33.9272 0
      vertex 0 -34 4
      vertex -2.22371 -33.9272 4
    endloop
  endfacet
  facet normal -0.0327206 -0.999465 -0
    outer loop
      vertex 0 -34 4
      vertex -2.22371 -33.9272 0
      vertex 0 -34 0
    endloop
  endfacet
  facet normal -0.849203 -0.528066 0
    outer loop
      vertex -28.27 -18.8894 0
      vertex -29.4449 -17 4
      vertex -29.4449 -17 0
    endloop
  endfacet
  facet normal -0.849203 -0.528066 0
    outer loop
      vertex -29.4449 -17 4
      vertex -28.27 -18.8894 0
      vertex -28.27 -18.8894 4
    endloop
  endfacet
  facet normal -0.812837 -0.582492 0
    outer loop
      vertex -26.974 -20.6979 0
      vertex -28.27 -18.8894 4
      vertex -28.27 -18.8894 0
    endloop
  endfacet
  facet normal -0.812837 -0.582492 0
    outer loop
      vertex -28.27 -18.8894 4
      vertex -26.974 -20.6979 0
      vertex -26.974 -20.6979 4
    endloop
  endfacet
  facet normal -0.999465 -0.0327206 0
    outer loop
      vertex -33.9272 -2.22371 0
      vertex -34 0 4
      vertex -34 0 0
    endloop
  endfacet
  facet normal -0.999465 -0.0327206 0
    outer loop
      vertex -34 0 4
      vertex -33.9272 -2.22371 0
      vertex -33.9272 -2.22371 4
    endloop
  endfacet
  facet normal 0 0 -1
    outer loop
      vertex -32.8415 -8.79985 0
      vertex -17.9194 5.89131 0
      vertex -32.1956 -10.9289 0
    endloop
  endfacet
  facet normal 0 0 -1
    outer loop
      vertex -19.65 8 0
      vertex -20.2239 21.8091 0
      vertex -20.2203 21.9203 0
    endloop
  endfacet
  facet normal -0 0 -1
    outer loop
      vertex -17.9194 5.89131 0
      vertex -32.8415 -8.79985 0
      vertex -18.0565 5.92326 0
    endloop
  endfacet
  facet normal 0 0 -1
    outer loop
      vertex -19.65 8 0
      vertex -20.2349 21.6984 0
      vertex -20.2239 21.8091 0
    endloop
  endfacet
  facet normal -0 0 -1
    outer loop
      vertex -18.0565 5.92326 0
      vertex -32.8415 -8.79985 0
      vertex -18.1911 5.9641 0
    endloop
  endfacet
  facet normal 0 0 -1
    outer loop
      vertex -19.65 8 0
      vertex -20.253 21.5887 0
      vertex -20.2349 21.6984 0
    endloop
  endfacet
  facet normal 0 0 -1
    outer loop
      vertex -33.3467 -6.63307 0
      vertex -18.1911 5.9641 0
      vertex -32.8415 -8.79985 0
    endloop
  endfacet
  facet normal 0 0 -1
    outer loop
      vertex -19.65 8 0
      vertex -20.2782 21.4803 0
      vertex -20.253 21.5887 0
    endloop
  endfacet
  facet normal -0 0 -1
    outer loop
      vertex -18.1911 5.9641 0
      vertex -33.3467 -6.63307 0
      vertex -18.3228 6.01366 0
    endloop
  endfacet
  facet normal 0 0 -1
    outer loop
      vertex -19.65 8 0
      vertex -20.3105 21.3739 0
      vertex -20.2782 21.4803 0
    endloop
  endfacet
  facet normal -0 0 -1
    outer loop
      vertex -18.3228 6.01366 0
      vertex -33.3467 -6.63307 0
      vertex -18.4509 6.07172 0
    endloop
  endfacet
  facet normal 0 0 -1
    outer loop
      vertex -19.65 8 0
      vertex -20.3497 21.2697 0
      vertex -20.3105 21.3739 0
    endloop
  endfacet
  facet normal 0 0 -1
    outer loop
      vertex -33.7091 -4.43789 0
      vertex -18.4509 6.07172 0
      vertex -33.3467 -6.63307 0
    endloop
  endfacet
  facet normal 0 0 -1
    outer loop
      vertex -19.65 8 0
      vertex -20.3956 21.1684 0
      vertex -20.3497 21.2697 0
    endloop
  endfacet
  facet normal -0 0 -1
    outer loop
      vertex -18.4509 6.07172 0
      vertex -33.7091 -4.43789 0
      vertex -18.575 6.13805 0
    endloop
  endfacet
  facet normal 0 0 -1
    outer loop
      vertex -19.65 8 0
      vertex -20.4481 21.0703 0
      vertex -20.3956 21.1684 0
    endloop
  endfacet
  facet normal -0 0 -1
    outer loop
      vertex -18.575 6.13805 0
      vertex -33.7091 -4.43789 0
      vertex -18.6945 6.21234 0
    endloop
  endfacet
  facet normal 0 0 -1
    outer loop
      vertex -19.65 8 0
      vertex -20.5068 20.9758 0
      vertex -20.4481 21.0703 0
    endloop
  endfacet
  facet normal 0 0 -1
    outer loop
      vertex -33.9272 -2.22371 0
      vertex -18.6945 6.21234 0
      vertex -33.7091 -4.43789 0
    endloop
  endfacet
  facet normal 0 0 -1
    outer loop
      vertex -19.65 8 0
      vertex -20.5716 20.8854 0
      vertex -20.5068 20.9758 0
    endloop
  endfacet
  facet normal -0 0 -1
    outer loop
      vertex -18.6945 6.21234 0
      vertex -33.9272 -2.22371 0
      vertex -18.8088 6.29429 0
    endloop
  endfacet
  facet normal 0 0 -1
    outer loop
      vertex -19.65 8 0
      vertex -20.6422 20.7994 0
      vertex -20.5716 20.8854 0
    endloop
  endfacet
  facet normal -0 0 -1
    outer loop
      vertex -18.8088 6.29429 0
      vertex -33.9272 -2.22371 0
      vertex -18.9176 6.38354 0
    endloop
  endfacet
  facet normal 0 0 -1
    outer loop
      vertex -19.65 8 0
      vertex -20.7182 20.7182 0
      vertex -20.6422 20.7994 0
    endloop
  endfacet
  facet normal 0 0 -1
    outer loop
      vertex -34 0 0
      vertex -18.9176 6.38354 0
      vertex -33.9272 -2.22371 0
    endloop
  endfacet
  facet normal 0 0 -1
    outer loop
      vertex -19.65 8 0
      vertex -20.7994 20.6422 0
      vertex -20.7182 20.7182 0
    endloop
  endfacet
  facet normal -0 0 -1
    outer loop
      vertex -18.9176 6.38354 0
      vertex -34 0 0
      vertex -19.0203 6.47972 0
    endloop
  endfacet
  facet normal 0 0 -1
    outer loop
      vertex -19.65 8 0
      vertex -20.8854 20.5716 0
      vertex -20.7994 20.6422 0
    endloop
  endfacet
  facet normal -0 0 -1
    outer loop
      vertex -19.0203 6.47972 0
      vertex -34 0 0
      vertex -19.1165 6.58241 0
    endloop
  endfacet
  facet normal 0 0 -1
    outer loop
      vertex -19.65 8 0
      vertex -20.9758 20.5068 0
      vertex -20.8854 20.5716 0
    endloop
  endfacet
  facet normal 0 -0 -1
    outer loop
      vertex -33.9272 2.22371 0
      vertex -19.1165 6.58241 0
      vertex -34 0 0
    endloop
  endfacet
  facet normal 0 0 -1
    outer loop
      vertex -19.65 8 0
      vertex -21.0703 20.4481 0
      vertex -20.9758 20.5068 0
    endloop
  endfacet
  facet normal -0 0 -1
    outer loop
      vertex -19.1165 6.58241 0
      vertex -33.9272 2.22371 0
      vertex -19.2057 6.69116 0
    endloop
  endfacet
  facet normal 0 0 -1
    outer loop
      vertex -19.65 8 0
      vertex -21.1684 20.3956 0
      vertex -21.0703 20.4481 0
    endloop
  endfacet
  facet normal -0 0 -1
    outer loop
      vertex -19.2057 6.69116 0
      vertex -33.9272 2.22371 0
      vertex -19.2877 6.80552 0
    endloop
  endfacet
  facet normal 0 -0 -1
    outer loop
      vertex -32.8415 8.79985 0
      vertex -19.6087 7.58055 0
      vertex -33.3467 6.63307 0
    endloop
  endfacet
  facet normal 0 -0 -1
    outer loop
      vertex -33.7091 4.43789 0
      vertex -19.2877 6.80552 0
      vertex -33.9272 2.22371 0
    endloop
  endfacet
  facet normal 0 0 -1
    outer loop
      vertex -19.65 8 0
      vertex -21.2697 20.3497 0
      vertex -21.1684 20.3956 0
    endloop
  endfacet
  facet normal -0 0 -1
    outer loop
      vertex -19.2877 6.80552 0
      vertex -33.7091 4.43789 0
      vertex -19.362 6.925 0
    endloop
  endfacet
  facet normal 0 0 -1
    outer loop
      vertex -19.6087 7.58055 0
      vertex -32.8415 8.79985 0
      vertex -19.6316 7.71937 0
    endloop
  endfacet
  facet normal -0 0 -1
    outer loop
      vertex -19.362 6.925 0
      vertex -33.7091 4.43789 0
      vertex -19.4283 7.04908 0
    endloop
  endfacet
  facet normal 0 0 -1
    outer loop
      vertex -19.6316 7.71937 0
      vertex -32.8415 8.79985 0
      vertex -19.6454 7.85938 0
    endloop
  endfacet
  facet normal 0 0 -1
    outer loop
      vertex -32.1956 -10.9289 0
      vertex -21.5887 -20.253 0
      vertex -21.6984 -20.2349 0
    endloop
  endfacet
  facet normal 0 0 -1
    outer loop
      vertex -19.65 8 0
      vertex -21.3739 20.3105 0
      vertex -21.2697 20.3497 0
    endloop
  endfacet
  facet normal 0 0 -1
    outer loop
      vertex -31.4119 -13.0112 0
      vertex -21.6984 -20.2349 0
      vertex -21.8091 -20.2239 0
    endloop
  endfacet
  facet normal 0 0 -1
    outer loop
      vertex -19.6454 7.85938 0
      vertex -32.8415 8.79985 0
      vertex -19.65 8 0
    endloop
  endfacet
  facet normal 0 0 -1
    outer loop
      vertex -31.4119 -13.0112 0
      vertex -21.8091 -20.2239 0
      vertex -21.9203 -20.2203 0
    endloop
  endfacet
  facet normal 0 0 -1
    outer loop
      vertex -19.65 8 0
      vertex -21.4803 20.2782 0
      vertex -21.3739 20.3105 0
    endloop
  endfacet
  facet normal 0 0 -1
    outer loop
      vertex -30.4937 -15.0378 0
      vertex -21.9203 -20.2203 0
      vertex -22.0315 -20.2239 0
    endloop
  endfacet
  facet normal 0 -0 -1
    outer loop
      vertex -32.1956 10.9289 0
      vertex -19.65 8 0
      vertex -32.8415 8.79985 0
    endloop
  endfacet
  facet normal 0 0 -1
    outer loop
      vertex -30.4937 -15.0378 0
      vertex -22.0315 -20.2239 0
      vertex -22.1422 -20.2349 0
    endloop
  endfacet
  facet normal 0 0 -1
    outer loop
      vertex -19.65 8 0
      vertex -21.5887 20.253 0
      vertex -21.4803 20.2782 0
    endloop
  endfacet
  facet normal 0 0 -1
    outer loop
      vertex -29.4449 -17 0
      vertex -22.1422 -20.2349 0
      vertex -22.252 -20.253 0
    endloop
  endfacet
  facet normal 0 -0 -1
    outer loop
      vertex -31.4119 13.0112 0
      vertex -19.65 8 0
      vertex -32.1956 10.9289 0
    endloop
  endfacet
  facet normal 0 0 -1
    outer loop
      vertex -29.4449 -17 0
      vertex -22.252 -20.253 0
      vertex -22.3603 -20.2782 0
    endloop
  endfacet
  facet normal 0 0 -1
    outer loop
      vertex -19.65 8 0
      vertex -21.6984 20.2349 0
      vertex -21.5887 20.253 0
    endloop
  endfacet
  facet normal 0 0 -1
    outer loop
      vertex -29.4449 -17 0
      vertex -22.3603 -20.2782 0
      vertex -22.4668 -20.3105 0
    endloop
  endfacet
  facet normal 0 -0 -1
    outer loop
      vertex -30.4937 15.0378 0
      vertex -19.65 8 0
      vertex -31.4119 13.0112 0
    endloop
  endfacet
  facet normal 0 0 -1
    outer loop
      vertex -28.27 -18.8894 0
      vertex -22.4668 -20.3105 0
      vertex -22.5709 -20.3497 0
    endloop
  endfacet
  facet normal 0 0 -1
    outer loop
      vertex -19.65 8 0
      vertex -21.8091 20.2239 0
      vertex -21.6984 20.2349 0
    endloop
  endfacet
  facet normal 0 0 -1
    outer loop
      vertex -28.27 -18.8894 0
      vertex -22.5709 -20.3497 0
      vertex -22.6722 -20.3956 0
    endloop
  endfacet
  facet normal 0 0 -1
    outer loop
      vertex -19.65 8 0
      vertex -21.9203 20.2203 0
      vertex -21.8091 20.2239 0
    endloop
  endfacet
  facet normal 0 0 -1
    outer loop
      vertex -28.27 -18.8894 0
      vertex -22.6722 -20.3956 0
      vertex -22.7703 -20.4481 0
    endloop
  endfacet
  facet normal 0 -0 -1
    outer loop
      vertex -29.4449 17 0
      vertex -19.65 8 0
      vertex -30.4937 15.0378 0
    endloop
  endfacet
  facet normal 0 0 -1
    outer loop
      vertex -28.27 -18.8894 0
      vertex -22.7703 -20.4481 0
      vertex -22.8648 -20.5068 0
    endloop
  endfacet
  facet normal 0 0 -1
    outer loop
      vertex -19.65 8 0
      vertex -22.0315 20.2239 0
      vertex -21.9203 20.2203 0
    endloop
  endfacet
  facet normal 0 0 -1
    outer loop
      vertex -28.27 -18.8894 0
      vertex -22.8648 -20.5068 0
      vertex -22.9552 -20.5716 0
    endloop
  endfacet
  facet normal 0 0 -1
    outer loop
      vertex -19.65 8 0
      vertex -22.1422 20.2349 0
      vertex -22.0315 20.2239 0
    endloop
  endfacet
  facet normal 0 0 -1
    outer loop
      vertex -26.974 -20.6979 0
      vertex -22.9552 -20.5716 0
      vertex -23.0412 -20.6422 0
    endloop
  endfacet
  facet normal 0 -0 -1
    outer loop
      vertex -22.252 20.253 0
      vertex -19.65 8 0
      vertex -29.4449 17 0
    endloop
  endfacet
  facet normal 0 0 -1
    outer loop
      vertex -26.974 -20.6979 0
      vertex -23.0412 -20.6422 0
      vertex -23.1224 -20.7182 0
    endloop
  endfacet
  facet normal 0 0 -1
    outer loop
      vertex -19.65 8 0
      vertex -22.252 20.253 0
      vertex -22.1422 20.2349 0
    endloop
  endfacet
  facet normal 0 0 -1
    outer loop
      vertex -26.974 -20.6979 0
      vertex -23.1224 -20.7182 0
      vertex -23.1984 -20.7994 0
    endloop
  endfacet
  facet normal -0 0 -1
    outer loop
      vertex -22.252 20.253 0
      vertex -29.4449 17 0
      vertex -22.3603 20.2782 0
    endloop
  endfacet
  facet normal 0 0 -1
    outer loop
      vertex -26.974 -20.6979 0
      vertex -23.1984 -20.7994 0
      vertex -23.269 -20.8854 0
    endloop
  endfacet
  facet normal -0 0 -1
    outer loop
      vertex -22.3603 20.2782 0
      vertex -29.4449 17 0
      vertex -22.4668 20.3105 0
    endloop
  endfacet
  facet normal 0 0 -1
    outer loop
      vertex -26.974 -20.6979 0
      vertex -23.269 -20.8854 0
      vertex -23.3338 -20.9758 0
    endloop
  endfacet
  facet normal 0 -0 -1
    outer loop
      vertex -28.27 18.8894 0
      vertex -22.4668 20.3105 0
      vertex -29.4449 17 0
    endloop
  endfacet
  facet normal 0 0 -1
    outer loop
      vertex -26.974 -20.6979 0
      vertex -23.3338 -20.9758 0
      vertex -23.3926 -21.0703 0
    endloop
  endfacet
  facet normal -0 0 -1
    outer loop
      vertex -22.4668 20.3105 0
      vertex -28.27 18.8894 0
      vertex -22.5709 20.3497 0
    endloop
  endfacet
  facet normal 0 0 -1
    outer loop
      vertex -26.974 -20.6979 0
      vertex -23.3926 -21.0703 0
      vertex -23.445 -21.1684 0
    endloop
  endfacet
  facet normal -0 0 -1
    outer loop
      vertex -22.5709 20.3497 0
      vertex -28.27 18.8894 0
      vertex -22.6722 20.3956 0
    endloop
  endfacet
  facet normal 0 0 -1
    outer loop
      vertex -26.974 -20.6979 0
      vertex -23.445 -21.1684 0
      vertex -23.4909 -21.2697 0
    endloop
  endfacet
  facet normal -0 0 -1
    outer loop
      vertex -19.5767 7.44354 0
      vertex -33.3467 6.63307 0
      vertex -19.6087 7.58055 0
    endloop
  endfacet
  facet normal 0 0 -1
    outer loop
      vertex -25.5626 -22.4178 0
      vertex -23.4909 -21.2697 0
      vertex -23.5301 -21.3739 0
    endloop
  endfacet
  facet normal -0 0 -1
    outer loop
      vertex -22.6722 20.3956 0
      vertex -28.27 18.8894 0
      vertex -22.7703 20.4481 0
    endloop
  endfacet
  facet normal 0 0 -1
    outer loop
      vertex -25.5626 -22.4178 0
      vertex -23.5301 -21.3739 0
      vertex -23.5624 -21.4803 0
    endloop
  endfacet
  facet normal -0 0 -1
    outer loop
      vertex -22.7703 20.4481 0
      vertex -28.27 18.8894 0
      vertex -22.8648 20.5068 0
    endloop
  endfacet
  facet normal 0 0 -1
    outer loop
      vertex -25.5626 -22.4178 0
      vertex -23.5624 -21.4803 0
      vertex -23.5876 -21.5887 0
    endloop
  endfacet
  facet normal -0 0 -1
    outer loop
      vertex -22.8648 20.5068 0
      vertex -28.27 18.8894 0
      vertex -22.9552 20.5716 0
    endloop
  endfacet
  facet normal 0 0 -1
    outer loop
      vertex -25.5626 -22.4178 0
      vertex -23.5876 -21.5887 0
      vertex -23.6058 -21.6984 0
    endloop
  endfacet
  facet normal 0 -0 -1
    outer loop
      vertex -26.974 20.6979 0
      vertex -22.9552 20.5716 0
      vertex -28.27 18.8894 0
    endloop
  endfacet
  facet normal 0 0 -1
    outer loop
      vertex -25.5626 -22.4178 0
      vertex -23.6058 -21.6984 0
      vertex -23.6167 -21.8091 0
    endloop
  endfacet
  facet normal 0 0 -1
    outer loop
      vertex -22.9552 20.5716 0
      vertex -26.974 20.6979 0
      vertex -23.0412 20.6422 0
    endloop
  endfacet
  facet normal 0 0 -1
    outer loop
      vertex -25.5626 -22.4178 0
      vertex -23.6167 -21.8091 0
      vertex -23.6203 -21.9203 0
    endloop
  endfacet
  facet normal 0 0 -1
    outer loop
      vertex -23.0412 20.6422 0
      vertex -26.974 20.6979 0
      vertex -23.1224 20.7182 0
    endloop
  endfacet
  facet normal 0 0 -1
    outer loop
      vertex -15.5717 8.95092 0
      vertex -2.75 4.76314 0
      vertex -15.5137 8.82277 0
    endloop
  endfacet
  facet normal 0 0 -1
    outer loop
      vertex -2.75 4.76314 0
      vertex -15.5717 8.95092 0
      vertex -2.43259 4.9328 0
    endloop
  endfacet
  facet normal 0 0 -1
    outer loop
      vertex -15.638 9.075 0
      vertex -2.43259 4.9328 0
      vertex -15.5717 8.95092 0
    endloop
  endfacet
  facet normal 0 0 -1
    outer loop
      vertex -2.43259 4.9328 0
      vertex -15.638 9.075 0
      vertex -2.10476 5.08134 0
    endloop
  endfacet
  facet normal 0 0 -1
    outer loop
      vertex -15.7123 9.19448 0
      vertex -2.10476 5.08134 0
      vertex -15.638 9.075 0
    endloop
  endfacet
  facet normal 0 0 -1
    outer loop
      vertex -15.7943 9.30884 0
      vertex -2.10476 5.08134 0
      vertex -15.7123 9.19448 0
    endloop
  endfacet
  facet normal 0 0 -1
    outer loop
      vertex -2.10476 5.08134 0
      vertex -15.7943 9.30884 0
      vertex -1.76792 5.20812 0
    endloop
  endfacet
  facet normal 0 0 -1
    outer loop
      vertex -15.8835 9.41759 0
      vertex -1.76792 5.20812 0
      vertex -15.7943 9.30884 0
    endloop
  endfacet
  facet normal 0 0 -1
    outer loop
      vertex -1.76792 5.20812 0
      vertex -15.8835 9.41759 0
      vertex -10.9289 32.1956 0
    endloop
  endfacet
  facet normal 0 0 -1
    outer loop
      vertex -15.9797 9.52028 0
      vertex -10.9289 32.1956 0
      vertex -15.8835 9.41759 0
    endloop
  endfacet
  facet normal 0 0 -1
    outer loop
      vertex -16.0824 9.61646 0
      vertex -10.9289 32.1956 0
      vertex -15.9797 9.52028 0
    endloop
  endfacet
  facet normal 0 0 -1
    outer loop
      vertex -20.2203 21.9203 0
      vertex -10.9289 32.1956 0
      vertex -16.0824 9.61646 0
    endloop
  endfacet
  facet normal 0 0 -1
    outer loop
      vertex -10.9289 32.1956 0
      vertex -20.2203 21.9203 0
      vertex -13.0112 31.4119 0
    endloop
  endfacet
  facet normal 0 0 -1
    outer loop
      vertex -20.2203 21.9203 0
      vertex -16.0824 9.61646 0
      vertex -16.1912 9.70571 0
    endloop
  endfacet
  facet normal 0 0 -1
    outer loop
      vertex -20.2203 21.9203 0
      vertex -16.1912 9.70571 0
      vertex -16.3055 9.78766 0
    endloop
  endfacet
  facet normal 0 0 -1
    outer loop
      vertex -20.2203 21.9203 0
      vertex -16.3055 9.78766 0
      vertex -16.425 9.86195 0
    endloop
  endfacet
  facet normal 0 0 -1
    outer loop
      vertex -20.2203 21.9203 0
      vertex -16.425 9.86195 0
      vertex -16.5491 9.92828 0
    endloop
  endfacet
  facet normal 0 0 -1
    outer loop
      vertex -20.2203 21.9203 0
      vertex -16.5491 9.92828 0
      vertex -16.6772 9.98634 0
    endloop
  endfacet
  facet normal 0 0 -1
    outer loop
      vertex -20.2203 21.9203 0
      vertex -16.6772 9.98634 0
      vertex -16.8089 10.0359 0
    endloop
  endfacet
  facet normal 0 0 -1
    outer loop
      vertex -20.2203 21.9203 0
      vertex -16.8089 10.0359 0
      vertex -16.9435 10.0767 0
    endloop
  endfacet
  facet normal 0 0 -1
    outer loop
      vertex -13.0112 31.4119 0
      vertex -20.2203 21.9203 0
      vertex -15.0378 30.4937 0
    endloop
  endfacet
  facet normal 0 0 -1
    outer loop
      vertex -20.2203 21.9203 0
      vertex -16.9435 10.0767 0
      vertex -17.0806 10.1087 0
    endloop
  endfacet
  facet normal 0 0 -1
    outer loop
      vertex -20.2203 21.9203 0
      vertex -17.0806 10.1087 0
      vertex -17.2194 10.1316 0
    endloop
  endfacet
  facet normal 0 0 -1
    outer loop
      vertex -20.2203 21.9203 0
      vertex -17.2194 10.1316 0
      vertex -17.3594 10.1454 0
    endloop
  endfacet
  facet normal 0 0 -1
    outer loop
      vertex -20.2203 21.9203 0
      vertex -17.3594 10.1454 0
      vertex -17.5 10.15 0
    endloop
  endfacet
  facet normal 0 0 -1
    outer loop
      vertex -20.2203 21.9203 0
      vertex -17.5 10.15 0
      vertex -17.6406 10.1454 0
    endloop
  endfacet
  facet normal 0 0 -1
    outer loop
      vertex -20.2203 21.9203 0
      vertex -17.6406 10.1454 0
      vertex -17.7806 10.1316 0
    endloop
  endfacet
  facet normal 0 0 -1
    outer loop
      vertex -20.2203 21.9203 0
      vertex -17.7806 10.1316 0
      vertex -17.9194 10.1087 0
    endloop
  endfacet
  facet normal 0 0 -1
    outer loop
      vertex -20.2203 21.9203 0
      vertex -17.9194 10.1087 0
      vertex -18.0565 10.0767 0
    endloop
  endfacet
  facet normal 0 0 -1
    outer loop
      vertex -20.2203 21.9203 0
      vertex -18.0565 10.0767 0
      vertex -18.1911 10.0359 0
    endloop
  endfacet
  facet normal 0 0 -1
    outer loop
      vertex -20.2203 21.9203 0
      vertex -18.1911 10.0359 0
      vertex -18.3228 9.98634 0
    endloop
  endfacet
  facet normal 0 0 -1
    outer loop
      vertex -20.2203 21.9203 0
      vertex -18.3228 9.98634 0
      vertex -18.4509 9.92828 0
    endloop
  endfacet
  facet normal 0 0 -1
    outer loop
      vertex -20.2203 21.9203 0
      vertex -18.4509 9.92828 0
      vertex -18.575 9.86195 0
    endloop
  endfacet
  facet normal 0 0 -1
    outer loop
      vertex -20.2203 21.9203 0
      vertex -18.575 9.86195 0
      vertex -18.6945 9.78766 0
    endloop
  endfacet
  facet normal 0 0 -1
    outer loop
      vertex -20.2203 21.9203 0
      vertex -18.6945 9.78766 0
      vertex -18.8088 9.70571 0
    endloop
  endfacet
  facet normal 0 0 -1
    outer loop
      vertex -20.2239 22.0315 0
      vertex -15.0378 30.4937 0
      vertex -20.2203 21.9203 0
    endloop
  endfacet
  facet normal 0 0 -1
    outer loop
      vertex -20.2203 21.9203 0
      vertex -18.8088 9.70571 0
      vertex -18.9176 9.61646 0
    endloop
  endfacet
  facet normal 0 0 -1
    outer loop
      vertex -20.2203 21.9203 0
      vertex -18.9176 9.61646 0
      vertex -19.0203 9.52028 0
    endloop
  endfacet
  facet normal 0 0 -1
    outer loop
      vertex -20.2203 21.9203 0
      vertex -19.0203 9.52028 0
      vertex -19.1165 9.41759 0
    endloop
  endfacet
  facet normal 0 0 -1
    outer loop
      vertex -20.2203 21.9203 0
      vertex -19.1165 9.41759 0
      vertex -19.2057 9.30884 0
    endloop
  endfacet
  facet normal 0 0 -1
    outer loop
      vertex -20.2203 21.9203 0
      vertex -19.2057 9.30884 0
      vertex -19.2877 9.19448 0
    endloop
  endfacet
  facet normal 0 0 -1
    outer loop
      vertex -20.2203 21.9203 0
      vertex -19.2877 9.19448 0
      vertex -19.362 9.075 0
    endloop
  endfacet
  facet normal 0 0 -1
    outer loop
      vertex -20.2203 21.9203 0
      vertex -19.362 9.075 0
      vertex -19.4283 8.95092 0
    endloop
  endfacet
  facet normal 0 0 -1
    outer loop
      vertex -20.2203 21.9203 0
      vertex -19.4283 8.95092 0
      vertex -19.4863 8.82277 0
    endloop
  endfacet
  facet normal 0 0 -1
    outer loop
      vertex -20.2203 21.9203 0
      vertex -19.4863 8.82277 0
      vertex -19.5359 8.69109 0
    endloop
  endfacet
  facet normal 0 0 -1
    outer loop
      vertex -20.2203 21.9203 0
      vertex -19.5359 8.69109 0
      vertex -19.5767 8.55646 0
    endloop
  endfacet
  facet normal 0 0 -1
    outer loop
      vertex -20.2203 21.9203 0
      vertex -19.5767 8.55646 0
      vertex -19.6087 8.41944 0
    endloop
  endfacet
  facet normal 0 0 -1
    outer loop
      vertex -20.2203 21.9203 0
      vertex -19.6087 8.41944 0
      vertex -19.6316 8.28063 0
    endloop
  endfacet
  facet normal 0 0 -1
    outer loop
      vertex -20.2203 21.9203 0
      vertex -19.6316 8.28063 0
      vertex -19.6454 8.14062 0
    endloop
  endfacet
  facet normal -0 0 -1
    outer loop
      vertex -17.7806 5.86839 0
      vertex -32.1956 -10.9289 0
      vertex -17.9194 5.89131 0
    endloop
  endfacet
  facet normal 0 0 -1
    outer loop
      vertex -20.2203 21.9203 0
      vertex -19.6454 8.14062 0
      vertex -19.65 8 0
    endloop
  endfacet
  facet normal 0 0 -1
    outer loop
      vertex -20.2349 22.1422 0
      vertex -15.0378 30.4937 0
      vertex -20.2239 22.0315 0
    endloop
  endfacet
  facet normal 0 0 -1
    outer loop
      vertex -15.0378 30.4937 0
      vertex -20.2349 22.1422 0
      vertex -17 29.4449 0
    endloop
  endfacet
  facet normal 0 0 -1
    outer loop
      vertex -20.253 22.252 0
      vertex -17 29.4449 0
      vertex -20.2349 22.1422 0
    endloop
  endfacet
  facet normal 0 0 -1
    outer loop
      vertex -20.2782 22.3603 0
      vertex -17 29.4449 0
      vertex -20.253 22.252 0
    endloop
  endfacet
  facet normal 0 0 -1
    outer loop
      vertex -20.3105 22.4668 0
      vertex -17 29.4449 0
      vertex -20.2782 22.3603 0
    endloop
  endfacet
  facet normal 0 0 -1
    outer loop
      vertex -17 29.4449 0
      vertex -20.3105 22.4668 0
      vertex -18.8894 28.27 0
    endloop
  endfacet
  facet normal 0 0 -1
    outer loop
      vertex -20.3497 22.5709 0
      vertex -18.8894 28.27 0
      vertex -20.3105 22.4668 0
    endloop
  endfacet
  facet normal 0 0 -1
    outer loop
      vertex -20.3956 22.6722 0
      vertex -18.8894 28.27 0
      vertex -20.3497 22.5709 0
    endloop
  endfacet
  facet normal 0 0 -1
    outer loop
      vertex -20.4481 22.7703 0
      vertex -18.8894 28.27 0
      vertex -20.3956 22.6722 0
    endloop
  endfacet
  facet normal 0 0 -1
    outer loop
      vertex -20.5068 22.8648 0
      vertex -18.8894 28.27 0
      vertex -20.4481 22.7703 0
    endloop
  endfacet
  facet normal 0 0 -1
    outer loop
      vertex -20.5716 22.9552 0
      vertex -18.8894 28.27 0
      vertex -20.5068 22.8648 0
    endloop
  endfacet
  facet normal 0 0 -1
    outer loop
      vertex -20.6979 26.974 0
      vertex -20.5716 22.9552 0
      vertex -20.6422 23.0412 0
    endloop
  endfacet
  facet normal 0 0 -1
    outer loop
      vertex -20.5716 22.9552 0
      vertex -20.6979 26.974 0
      vertex -18.8894 28.27 0
    endloop
  endfacet
  facet normal 0 0 -1
    outer loop
      vertex -20.7182 23.1224 0
      vertex -20.6979 26.974 0
      vertex -20.6422 23.0412 0
    endloop
  endfacet
  facet normal 0 0 -1
    outer loop
      vertex -20.7994 23.1984 0
      vertex -20.6979 26.974 0
      vertex -20.7182 23.1224 0
    endloop
  endfacet
  facet normal 0 0 -1
    outer loop
      vertex -20.8854 23.269 0
      vertex -20.6979 26.974 0
      vertex -20.7994 23.1984 0
    endloop
  endfacet
  facet normal 0 0 -1
    outer loop
      vertex -20.9758 23.3338 0
      vertex -20.6979 26.974 0
      vertex -20.8854 23.269 0
    endloop
  endfacet
  facet normal 0 0 -1
    outer loop
      vertex -21.0703 23.3926 0
      vertex -20.6979 26.974 0
      vertex -20.9758 23.3338 0
    endloop
  endfacet
  facet normal 0 0 -1
    outer loop
      vertex -21.1684 23.445 0
      vertex -20.6979 26.974 0
      vertex -21.0703 23.3926 0
    endloop
  endfacet
  facet normal 0 0 -1
    outer loop
      vertex -21.2697 23.4909 0
      vertex -20.6979 26.974 0
      vertex -21.1684 23.445 0
    endloop
  endfacet
  facet normal 0 0 -1
    outer loop
      vertex -22.4178 25.5626 0
      vertex -21.2697 23.4909 0
      vertex -21.3739 23.5301 0
    endloop
  endfacet
  facet normal 0 0 -1
    outer loop
      vertex -22.4178 25.5626 0
      vertex -21.3739 23.5301 0
      vertex -21.4803 23.5624 0
    endloop
  endfacet
  facet normal 0 0 -1
    outer loop
      vertex -22.4178 25.5626 0
      vertex -21.4803 23.5624 0
      vertex -21.5887 23.5876 0
    endloop
  endfacet
  facet normal 0 0 -1
    outer loop
      vertex -22.4178 25.5626 0
      vertex -21.5887 23.5876 0
      vertex -21.6984 23.6058 0
    endloop
  endfacet
  facet normal 0 0 -1
    outer loop
      vertex -22.4178 25.5626 0
      vertex -21.6984 23.6058 0
      vertex -21.8091 23.6167 0
    endloop
  endfacet
  facet normal 0 0 -1
    outer loop
      vertex -22.4178 25.5626 0
      vertex -21.8091 23.6167 0
      vertex -21.9203 23.6203 0
    endloop
  endfacet
  facet normal 0 0 -1
    outer loop
      vertex -22.4178 25.5626 0
      vertex -21.9203 23.6203 0
      vertex -22.0315 23.6167 0
    endloop
  endfacet
  facet normal 0 0 -1
    outer loop
      vertex -22.4178 25.5626 0
      vertex -22.0315 23.6167 0
      vertex -22.1422 23.6058 0
    endloop
  endfacet
  facet normal 0 0 -1
    outer loop
      vertex -22.4178 25.5626 0
      vertex -22.1422 23.6058 0
      vertex -22.252 23.5876 0
    endloop
  endfacet
  facet normal 0 0 -1
    outer loop
      vertex -22.4178 25.5626 0
      vertex -22.252 23.5876 0
      vertex -22.3603 23.5624 0
    endloop
  endfacet
  facet normal 0 0 -1
    outer loop
      vertex -21.2697 23.4909 0
      vertex -22.4178 25.5626 0
      vertex -20.6979 26.974 0
    endloop
  endfacet
  facet normal 0 0 -1
    outer loop
      vertex -22.4668 23.5301 0
      vertex -22.4178 25.5626 0
      vertex -22.3603 23.5624 0
    endloop
  endfacet
  facet normal 0 0 -1
    outer loop
      vertex -22.5709 23.4909 0
      vertex -22.4178 25.5626 0
      vertex -22.4668 23.5301 0
    endloop
  endfacet
  facet normal 0 0 -1
    outer loop
      vertex -24.0416 24.0416 0
      vertex -22.5709 23.4909 0
      vertex -22.6722 23.445 0
    endloop
  endfacet
  facet normal 0 0 -1
    outer loop
      vertex -24.0416 24.0416 0
      vertex -22.6722 23.445 0
      vertex -22.7703 23.3926 0
    endloop
  endfacet
  facet normal 0 0 -1
    outer loop
      vertex -24.0416 24.0416 0
      vertex -22.7703 23.3926 0
      vertex -22.8648 23.3338 0
    endloop
  endfacet
  facet normal 0 0 -1
    outer loop
      vertex -24.0416 24.0416 0
      vertex -22.8648 23.3338 0
      vertex -22.9552 23.269 0
    endloop
  endfacet
  facet normal 0 0 -1
    outer loop
      vertex -24.0416 24.0416 0
      vertex -22.9552 23.269 0
      vertex -23.0412 23.1984 0
    endloop
  endfacet
  facet normal 0 0 -1
    outer loop
      vertex -24.0416 24.0416 0
      vertex -23.0412 23.1984 0
      vertex -23.1224 23.1224 0
    endloop
  endfacet
  facet normal 0 0 -1
    outer loop
      vertex -24.0416 24.0416 0
      vertex -23.1224 23.1224 0
      vertex -23.1984 23.0412 0
    endloop
  endfacet
  facet normal 0 0 -1
    outer loop
      vertex -24.0416 24.0416 0
      vertex -23.1984 23.0412 0
      vertex -23.269 22.9552 0
    endloop
  endfacet
  facet normal 0 0 -1
    outer loop
      vertex -24.0416 24.0416 0
      vertex -23.269 22.9552 0
      vertex -23.3338 22.8648 0
    endloop
  endfacet
  facet normal 0 0 -1
    outer loop
      vertex -24.0416 24.0416 0
      vertex -23.3338 22.8648 0
      vertex -23.3926 22.7703 0
    endloop
  endfacet
  facet normal 0 0 -1
    outer loop
      vertex -24.0416 24.0416 0
      vertex -23.3926 22.7703 0
      vertex -23.445 22.6722 0
    endloop
  endfacet
  facet normal 0 0 -1
    outer loop
      vertex -24.0416 24.0416 0
      vertex -23.445 22.6722 0
      vertex -23.4909 22.5709 0
    endloop
  endfacet
  facet normal 0 0 -1
    outer loop
      vertex -25.5626 22.4178 0
      vertex -23.4909 22.5709 0
      vertex -23.5301 22.4668 0
    endloop
  endfacet
  facet normal 0 0 -1
    outer loop
      vertex -22.5709 23.4909 0
      vertex -24.0416 24.0416 0
      vertex -22.4178 25.5626 0
    endloop
  endfacet
  facet normal 0 0 -1
    outer loop
      vertex -25.5626 22.4178 0
      vertex -23.5301 22.4668 0
      vertex -23.5624 22.3603 0
    endloop
  endfacet
  facet normal 0 0 -1
    outer loop
      vertex -25.5626 22.4178 0
      vertex -23.5624 22.3603 0
      vertex -23.5876 22.252 0
    endloop
  endfacet
  facet normal 0 0 -1
    outer loop
      vertex -25.5626 22.4178 0
      vertex -23.5876 22.252 0
      vertex -23.6058 22.1422 0
    endloop
  endfacet
  facet normal 0 0 -1
    outer loop
      vertex -25.5626 22.4178 0
      vertex -23.6058 22.1422 0
      vertex -23.6167 22.0315 0
    endloop
  endfacet
  facet normal 0 0 -1
    outer loop
      vertex -25.5626 22.4178 0
      vertex -23.6167 22.0315 0
      vertex -23.6203 21.9203 0
    endloop
  endfacet
  facet normal -0 0 -1
    outer loop
      vertex -23.4909 -21.2697 0
      vertex -25.5626 -22.4178 0
      vertex -26.974 -20.6979 0
    endloop
  endfacet
  facet normal -0 0 -1
    outer loop
      vertex -22.9552 -20.5716 0
      vertex -26.974 -20.6979 0
      vertex -28.27 -18.8894 0
    endloop
  endfacet
  facet normal -0 0 -1
    outer loop
      vertex -23.4909 22.5709 0
      vertex -25.5626 22.4178 0
      vertex -24.0416 24.0416 0
    endloop
  endfacet
  facet normal 0 0 -1
    outer loop
      vertex -22.4668 -20.3105 0
      vertex -28.27 -18.8894 0
      vertex -29.4449 -17 0
    endloop
  endfacet
  facet normal 0 0 -1
    outer loop
      vertex -23.6167 21.8091 0
      vertex -25.5626 22.4178 0
      vertex -23.6203 21.9203 0
    endloop
  endfacet
  facet normal 0 0 -1
    outer loop
      vertex -22.1422 -20.2349 0
      vertex -29.4449 -17 0
      vertex -30.4937 -15.0378 0
    endloop
  endfacet
  facet normal 0 0 -1
    outer loop
      vertex -23.6058 21.6984 0
      vertex -25.5626 22.4178 0
      vertex -23.6167 21.8091 0
    endloop
  endfacet
  facet normal 0 0 -1
    outer loop
      vertex -21.9203 -20.2203 0
      vertex -30.4937 -15.0378 0
      vertex -31.4119 -13.0112 0
    endloop
  endfacet
  facet normal 0 0 -1
    outer loop
      vertex -23.5876 21.5887 0
      vertex -25.5626 22.4178 0
      vertex -23.6058 21.6984 0
    endloop
  endfacet
  facet normal 0 0 -1
    outer loop
      vertex -21.6984 -20.2349 0
      vertex -31.4119 -13.0112 0
      vertex -32.1956 -10.9289 0
    endloop
  endfacet
  facet normal 0 0 -1
    outer loop
      vertex -23.5624 21.4803 0
      vertex -25.5626 22.4178 0
      vertex -23.5876 21.5887 0
    endloop
  endfacet
  facet normal -0 0 -1
    outer loop
      vertex -19.4283 7.04908 0
      vertex -33.7091 4.43789 0
      vertex -19.4863 7.17723 0
    endloop
  endfacet
  facet normal 0 0 -1
    outer loop
      vertex -23.5301 21.3739 0
      vertex -25.5626 22.4178 0
      vertex -23.5624 21.4803 0
    endloop
  endfacet
  facet normal 0 -0 -1
    outer loop
      vertex -33.3467 6.63307 0
      vertex -19.4863 7.17723 0
      vertex -33.7091 4.43789 0
    endloop
  endfacet
  facet normal 0 0 -1
    outer loop
      vertex -23.4909 21.2697 0
      vertex -25.5626 22.4178 0
      vertex -23.5301 21.3739 0
    endloop
  endfacet
  facet normal -0 0 -1
    outer loop
      vertex -19.4863 7.17723 0
      vertex -33.3467 6.63307 0
      vertex -19.5359 7.3089 0
    endloop
  endfacet
  facet normal 0 -0 -1
    outer loop
      vertex -25.5626 22.4178 0
      vertex -23.4909 21.2697 0
      vertex -26.974 20.6979 0
    endloop
  endfacet
  facet normal -0 0 -1
    outer loop
      vertex -19.5359 7.3089 0
      vertex -33.3467 6.63307 0
      vertex -19.5767 7.44354 0
    endloop
  endfacet
  facet normal -0 0 -1
    outer loop
      vertex -23.445 21.1684 0
      vertex -26.974 20.6979 0
      vertex -23.4909 21.2697 0
    endloop
  endfacet
  facet normal -0 0 -1
    outer loop
      vertex -23.1224 20.7182 0
      vertex -26.974 20.6979 0
      vertex -23.1984 20.7994 0
    endloop
  endfacet
  facet normal -0 0 -1
    outer loop
      vertex -23.3926 21.0703 0
      vertex -26.974 20.6979 0
      vertex -23.445 21.1684 0
    endloop
  endfacet
  facet normal -0 0 -1
    outer loop
      vertex -23.1984 20.7994 0
      vertex -26.974 20.6979 0
      vertex -23.269 20.8854 0
    endloop
  endfacet
  facet normal -0 0 -1
    outer loop
      vertex -23.3338 20.9758 0
      vertex -26.974 20.6979 0
      vertex -23.3926 21.0703 0
    endloop
  endfacet
  facet normal -0 0 -1
    outer loop
      vertex -23.269 20.8854 0
      vertex -26.974 20.6979 0
      vertex -23.3338 20.9758 0
    endloop
  endfacet
  facet normal -0 0 -1
    outer loop
      vertex 15.3684 7.71937 0
      vertex 4.36344 3.34819 0
      vertex 15.3546 7.85938 0
    endloop
  endfacet
  facet normal 0 0 -1
    outer loop
      vertex 4.13512 3.6264 0
      vertex 15.3546 7.85938 0
      vertex 4.36344 3.34819 0
    endloop
  endfacet
  facet normal -0 0 -1
    outer loop
      vertex 15.3546 7.85938 0
      vertex 4.13512 3.6264 0
      vertex 15.35 8 0
    endloop
  endfacet
  facet normal -0 0 -1
    outer loop
      vertex 15.35 8 0
      vertex 4.13512 3.6264 0
      vertex 15.3546 8.14062 0
    endloop
  endfacet
  facet normal 0 0 -1
    outer loop
      vertex 3.88909 3.88909 0
      vertex 15.3546 8.14062 0
      vertex 4.13512 3.6264 0
    endloop
  endfacet
  facet normal -0 0 -1
    outer loop
      vertex 15.3546 8.14062 0
      vertex 3.88909 3.88909 0
      vertex 15.3684 8.28063 0
    endloop
  endfacet
  facet normal 0 0 -1
    outer loop
      vertex 3.6264 4.13512 0
      vertex 15.3684 8.28063 0
      vertex 3.88909 3.88909 0
    endloop
  endfacet
  facet normal -0 0 -1
    outer loop
      vertex 15.3684 8.28063 0
      vertex 3.6264 4.13512 0
      vertex 15.3913 8.41944 0
    endloop
  endfacet
  facet normal 0 0 -1
    outer loop
      vertex 3.34819 4.36344 0
      vertex 15.3913 8.41944 0
      vertex 3.6264 4.13512 0
    endloop
  endfacet
  facet normal -0 0 -1
    outer loop
      vertex 15.3913 8.41944 0
      vertex 3.34819 4.36344 0
      vertex 15.4233 8.55646 0
    endloop
  endfacet
  facet normal -0 0 -1
    outer loop
      vertex 15.4233 8.55646 0
      vertex 3.34819 4.36344 0
      vertex 15.4641 8.69109 0
    endloop
  endfacet
  facet normal 0 0 -1
    outer loop
      vertex 3.05564 4.57308 0
      vertex 15.4641 8.69109 0
      vertex 3.34819 4.36344 0
    endloop
  endfacet
  facet normal -0 0 -1
    outer loop
      vertex 15.4641 8.69109 0
      vertex 3.05564 4.57308 0
      vertex 15.5137 8.82277 0
    endloop
  endfacet
  facet normal 0 0 -1
    outer loop
      vertex 2.75 4.76314 0
      vertex 15.5137 8.82277 0
      vertex 3.05564 4.57308 0
    endloop
  endfacet
  facet normal -0 0 -1
    outer loop
      vertex 15.5137 8.82277 0
      vertex 2.75 4.76314 0
      vertex 15.5717 8.95092 0
    endloop
  endfacet
  facet normal 0 0 -1
    outer loop
      vertex 2.43259 4.9328 0
      vertex 15.5717 8.95092 0
      vertex 2.75 4.76314 0
    endloop
  endfacet
  facet normal 0 0 -1
    outer loop
      vertex 2.10476 5.08134 0
      vertex 15.5717 8.95092 0
      vertex 2.43259 4.9328 0
    endloop
  endfacet
  facet normal 0 0 -1
    outer loop
      vertex 1.76792 5.20812 0
      vertex 15.5717 8.95092 0
      vertex 2.10476 5.08134 0
    endloop
  endfacet
  facet normal 0 0 -1
    outer loop
      vertex 1.4235 5.31259 0
      vertex 15.5717 8.95092 0
      vertex 1.76792 5.20812 0
    endloop
  endfacet
  facet normal -0 0 -1
    outer loop
      vertex 15.5717 8.95092 0
      vertex 1.4235 5.31259 0
      vertex 6.63307 33.3467 0
    endloop
  endfacet
  facet normal 0 0 -1
    outer loop
      vertex 1.073 5.39432 0
      vertex 6.63307 33.3467 0
      vertex 1.4235 5.31259 0
    endloop
  endfacet
  facet normal -0 0 -1
    outer loop
      vertex 6.63307 33.3467 0
      vertex 1.073 5.39432 0
      vertex 4.43789 33.7091 0
    endloop
  endfacet
  facet normal 0 0 -1
    outer loop
      vertex 0.717894 5.45295 0
      vertex 4.43789 33.7091 0
      vertex 1.073 5.39432 0
    endloop
  endfacet
  facet normal -0 0 -1
    outer loop
      vertex 4.43789 33.7091 0
      vertex 0.717894 5.45295 0
      vertex 2.22371 33.9272 0
    endloop
  endfacet
  facet normal 0 0 -1
    outer loop
      vertex 0.359716 5.48822 0
      vertex 2.22371 33.9272 0
      vertex 0.717894 5.45295 0
    endloop
  endfacet
  facet normal 0 0 -1
    outer loop
      vertex 0 5.5 0
      vertex 2.22371 33.9272 0
      vertex 0.359716 5.48822 0
    endloop
  endfacet
  facet normal 0 0 -1
    outer loop
      vertex 0 5.5 0
      vertex 0 34 0
      vertex 2.22371 33.9272 0
    endloop
  endfacet
  facet normal 0 0 -1
    outer loop
      vertex -0.359716 5.48822 0
      vertex 0 34 0
      vertex 0 5.5 0
    endloop
  endfacet
  facet normal 0 0 -1
    outer loop
      vertex -2.22371 33.9272 0
      vertex -0.359716 5.48822 0
      vertex -0.717894 5.45295 0
    endloop
  endfacet
  facet normal 0 0 -1
    outer loop
      vertex -4.43789 33.7091 0
      vertex -0.717894 5.45295 0
      vertex -1.073 5.39432 0
    endloop
  endfacet
  facet normal 0 0 -1
    outer loop
      vertex -6.63307 33.3467 0
      vertex -1.073 5.39432 0
      vertex -1.4235 5.31259 0
    endloop
  endfacet
  facet normal 0 0 -1
    outer loop
      vertex -8.79985 32.8415 0
      vertex -1.4235 5.31259 0
      vertex -1.76792 5.20812 0
    endloop
  endfacet
  facet normal 0 0 -1
    outer loop
      vertex -3.34819 4.36344 0
      vertex -15.4233 8.55646 0
      vertex -3.05564 4.57308 0
    endloop
  endfacet
  facet normal 0 0 -1
    outer loop
      vertex -0.359716 5.48822 0
      vertex -2.22371 33.9272 0
      vertex 0 34 0
    endloop
  endfacet
  facet normal 0 0 -1
    outer loop
      vertex -15.4233 8.55646 0
      vertex -3.34819 4.36344 0
      vertex -15.3913 8.41944 0
    endloop
  endfacet
  facet normal 0 0 -1
    outer loop
      vertex -3.6264 4.13512 0
      vertex -15.3913 8.41944 0
      vertex -3.34819 4.36344 0
    endloop
  endfacet
  facet normal 0 0 -1
    outer loop
      vertex -15.3913 8.41944 0
      vertex -3.6264 4.13512 0
      vertex -15.3684 8.28063 0
    endloop
  endfacet
  facet normal 0 0 -1
    outer loop
      vertex -3.88909 3.88909 0
      vertex -15.3684 8.28063 0
      vertex -3.6264 4.13512 0
    endloop
  endfacet
  facet normal 0 0 -1
    outer loop
      vertex -15.3684 8.28063 0
      vertex -3.88909 3.88909 0
      vertex -15.3546 8.14062 0
    endloop
  endfacet
  facet normal 0 0 -1
    outer loop
      vertex -15.3546 8.14062 0
      vertex -3.88909 3.88909 0
      vertex -15.35 8 0
    endloop
  endfacet
  facet normal 0 0 -1
    outer loop
      vertex -15.35 8 0
      vertex -3.88909 3.88909 0
      vertex -4.13512 3.6264 0
    endloop
  endfacet
  facet normal 0 0 -1
    outer loop
      vertex -15.3546 7.85938 0
      vertex -4.13512 3.6264 0
      vertex -4.36344 3.34819 0
    endloop
  endfacet
  facet normal 0 0 -1
    outer loop
      vertex -0.717894 5.45295 0
      vertex -4.43789 33.7091 0
      vertex -2.22371 33.9272 0
    endloop
  endfacet
  facet normal 0 0 -1
    outer loop
      vertex -15.3684 7.71937 0
      vertex -4.36344 3.34819 0
      vertex -4.57308 3.05564 0
    endloop
  endfacet
  facet normal 0 0 -1
    outer loop
      vertex -15.4233 7.44354 0
      vertex -4.57308 3.05564 0
      vertex -4.76314 2.75 0
    endloop
  endfacet
  facet normal 0 0 -1
    outer loop
      vertex -15.4641 7.3089 0
      vertex -4.76314 2.75 0
      vertex -4.9328 2.43259 0
    endloop
  endfacet
  facet normal 0 0 -1
    outer loop
      vertex -15.5717 7.04908 0
      vertex -4.9328 2.43259 0
      vertex -5.08134 2.10476 0
    endloop
  endfacet
  facet normal 0 0 -1
    outer loop
      vertex -15.638 6.925 0
      vertex -5.08134 2.10476 0
      vertex -5.20812 1.76792 0
    endloop
  endfacet
  facet normal 0 0 -1
    outer loop
      vertex -15.7123 6.80552 0
      vertex -5.20812 1.76792 0
      vertex -5.31259 1.4235 0
    endloop
  endfacet
  facet normal 0 0 -1
    outer loop
      vertex -15.8835 6.58241 0
      vertex -5.31259 1.4235 0
      vertex -5.39432 1.073 0
    endloop
  endfacet
  facet normal 0 0 -1
    outer loop
      vertex -15.9797 6.47972 0
      vertex -5.39432 1.073 0
      vertex -5.45295 0.717894 0
    endloop
  endfacet
  facet normal 0 0 -1
    outer loop
      vertex -16.1912 6.29429 0
      vertex -5.45295 0.717894 0
      vertex -5.48822 0.359716 0
    endloop
  endfacet
  facet normal 0 0 -1
    outer loop
      vertex -16.3055 6.21234 0
      vertex -5.48822 0.359716 0
      vertex -5.5 0 0
    endloop
  endfacet
  facet normal 0 0 -1
    outer loop
      vertex -5.20812 -1.76792 0
      vertex -17.2194 5.86839 0
      vertex -5.31259 -1.4235 0
    endloop
  endfacet
  facet normal 0 0 -1
    outer loop
      vertex -4.36344 3.34819 0
      vertex -15.3684 7.71937 0
      vertex -15.3546 7.85938 0
    endloop
  endfacet
  facet normal 0 -0 -1
    outer loop
      vertex -17.0806 5.89131 0
      vertex -5.31259 -1.4235 0
      vertex -17.2194 5.86839 0
    endloop
  endfacet
  facet normal 0 0 -1
    outer loop
      vertex -4.13512 3.6264 0
      vertex -15.3546 7.85938 0
      vertex -15.35 8 0
    endloop
  endfacet
  facet normal 0 0 -1
    outer loop
      vertex -20.2349 -21.6984 0
      vertex -13.0112 -31.4119 0
      vertex -20.2239 -21.8091 0
    endloop
  endfacet
  facet normal 0 0 -1
    outer loop
      vertex -15.4641 8.69109 0
      vertex -3.05564 4.57308 0
      vertex -15.4233 8.55646 0
    endloop
  endfacet
  facet normal 0 0 -1
    outer loop
      vertex -20.2239 -21.8091 0
      vertex -13.0112 -31.4119 0
      vertex -20.2203 -21.9203 0
    endloop
  endfacet
  facet normal 0 0 -1
    outer loop
      vertex -1.4235 5.31259 0
      vertex -8.79985 32.8415 0
      vertex -6.63307 33.3467 0
    endloop
  endfacet
  facet normal 0 0 -1
    outer loop
      vertex -20.2203 -21.9203 0
      vertex -13.0112 -31.4119 0
      vertex -15.0378 -30.4937 0
    endloop
  endfacet
  facet normal 0 0 -1
    outer loop
      vertex -1.76792 5.20812 0
      vertex -10.9289 32.1956 0
      vertex -8.79985 32.8415 0
    endloop
  endfacet
  facet normal 0 0 -1
    outer loop
      vertex -3.05564 4.57308 0
      vertex -15.5137 8.82277 0
      vertex -2.75 4.76314 0
    endloop
  endfacet
  facet normal 0 0 -1
    outer loop
      vertex -15.5137 8.82277 0
      vertex -3.05564 4.57308 0
      vertex -15.4641 8.69109 0
    endloop
  endfacet
  facet normal 0 0 -1
    outer loop
      vertex -1.073 5.39432 0
      vertex -6.63307 33.3467 0
      vertex -4.43789 33.7091 0
    endloop
  endfacet
  facet normal 0 0 -1
    outer loop
      vertex -4.57308 3.05564 0
      vertex -15.3913 7.58055 0
      vertex -15.3684 7.71937 0
    endloop
  endfacet
  facet normal 0 0 -1
    outer loop
      vertex -4.57308 3.05564 0
      vertex -15.4233 7.44354 0
      vertex -15.3913 7.58055 0
    endloop
  endfacet
  facet normal 0 0 -1
    outer loop
      vertex -4.76314 2.75 0
      vertex -15.4641 7.3089 0
      vertex -15.4233 7.44354 0
    endloop
  endfacet
  facet normal 0 0 -1
    outer loop
      vertex -4.9328 2.43259 0
      vertex -15.5137 7.17723 0
      vertex -15.4641 7.3089 0
    endloop
  endfacet
  facet normal 0 0 -1
    outer loop
      vertex -4.9328 2.43259 0
      vertex -15.5717 7.04908 0
      vertex -15.5137 7.17723 0
    endloop
  endfacet
  facet normal 0 0 -1
    outer loop
      vertex -5.08134 2.10476 0
      vertex -15.638 6.925 0
      vertex -15.5717 7.04908 0
    endloop
  endfacet
  facet normal 0 0 -1
    outer loop
      vertex -5.20812 1.76792 0
      vertex -15.7123 6.80552 0
      vertex -15.638 6.925 0
    endloop
  endfacet
  facet normal 0 0 -1
    outer loop
      vertex -5.31259 1.4235 0
      vertex -15.7943 6.69116 0
      vertex -15.7123 6.80552 0
    endloop
  endfacet
  facet normal 0 0 -1
    outer loop
      vertex -5.31259 -1.4235 0
      vertex -16.9435 5.92326 0
      vertex -5.39432 -1.073 0
    endloop
  endfacet
  facet normal 0 0 -1
    outer loop
      vertex -5.31259 1.4235 0
      vertex -15.8835 6.58241 0
      vertex -15.7943 6.69116 0
    endloop
  endfacet
  facet normal 0 0 -1
    outer loop
      vertex -5.39432 1.073 0
      vertex -15.9797 6.47972 0
      vertex -15.8835 6.58241 0
    endloop
  endfacet
  facet normal 0 0 -1
    outer loop
      vertex -5.45295 0.717894 0
      vertex -16.0824 6.38354 0
      vertex -15.9797 6.47972 0
    endloop
  endfacet
  facet normal 0 0 -1
    outer loop
      vertex -5.45295 0.717894 0
      vertex -16.1912 6.29429 0
      vertex -16.0824 6.38354 0
    endloop
  endfacet
  facet normal 0 0 -1
    outer loop
      vertex -5.48822 0.359716 0
      vertex -16.3055 6.21234 0
      vertex -16.1912 6.29429 0
    endloop
  endfacet
  facet normal 0 0 -1
    outer loop
      vertex -5.5 0 0
      vertex -16.425 6.13805 0
      vertex -16.3055 6.21234 0
    endloop
  endfacet
  facet normal 0 0 -1
    outer loop
      vertex -5.5 0 0
      vertex -16.5491 6.07172 0
      vertex -16.425 6.13805 0
    endloop
  endfacet
  facet normal 0 0 -1
    outer loop
      vertex -5.48822 -0.359716 0
      vertex -16.5491 6.07172 0
      vertex -5.5 0 0
    endloop
  endfacet
  facet normal 0 -0 -1
    outer loop
      vertex -16.5491 6.07172 0
      vertex -5.48822 -0.359716 0
      vertex -16.6772 6.01366 0
    endloop
  endfacet
  facet normal 0 0 -1
    outer loop
      vertex -20.2349 -22.1422 0
      vertex -15.0378 -30.4937 0
      vertex -17 -29.4449 0
    endloop
  endfacet
  facet normal 0 0 -1
    outer loop
      vertex -5.45295 -0.717894 0
      vertex -16.6772 6.01366 0
      vertex -5.48822 -0.359716 0
    endloop
  endfacet
  facet normal 0 -0 -1
    outer loop
      vertex -16.6772 6.01366 0
      vertex -5.45295 -0.717894 0
      vertex -16.8089 5.9641 0
    endloop
  endfacet
  facet normal 0 0 -1
    outer loop
      vertex -5.39432 -1.073 0
      vertex -16.8089 5.9641 0
      vertex -5.45295 -0.717894 0
    endloop
  endfacet
  facet normal 0 -0 -1
    outer loop
      vertex -16.8089 5.9641 0
      vertex -5.39432 -1.073 0
      vertex -16.9435 5.92326 0
    endloop
  endfacet
  facet normal 0 -0 -1
    outer loop
      vertex -16.9435 5.92326 0
      vertex -5.31259 -1.4235 0
      vertex -17.0806 5.89131 0
    endloop
  endfacet
  facet normal 0 0 -1
    outer loop
      vertex -20.5716 -20.8854 0
      vertex -3.34819 -4.36344 0
      vertex -20.5068 -20.9758 0
    endloop
  endfacet
  facet normal -0 0 -1
    outer loop
      vertex -3.34819 -4.36344 0
      vertex -20.5716 -20.8854 0
      vertex -3.6264 -4.13512 0
    endloop
  endfacet
  facet normal 0 0 -1
    outer loop
      vertex -20.6422 -20.7994 0
      vertex -3.6264 -4.13512 0
      vertex -20.5716 -20.8854 0
    endloop
  endfacet
  facet normal -0 0 -1
    outer loop
      vertex -3.6264 -4.13512 0
      vertex -20.6422 -20.7994 0
      vertex -3.88909 -3.88909 0
    endloop
  endfacet
  facet normal 0 0 -1
    outer loop
      vertex -20.7182 -20.7182 0
      vertex -3.88909 -3.88909 0
      vertex -20.6422 -20.7994 0
    endloop
  endfacet
  facet normal 0 0 -1
    outer loop
      vertex -20.7994 -20.6422 0
      vertex -3.88909 -3.88909 0
      vertex -20.7182 -20.7182 0
    endloop
  endfacet
  facet normal -0 0 -1
    outer loop
      vertex -3.88909 -3.88909 0
      vertex -20.7994 -20.6422 0
      vertex -4.13512 -3.6264 0
    endloop
  endfacet
  facet normal 0 0 -1
    outer loop
      vertex -20.8854 -20.5716 0
      vertex -4.13512 -3.6264 0
      vertex -20.7994 -20.6422 0
    endloop
  endfacet
  facet normal -0 0 -1
    outer loop
      vertex -4.13512 -3.6264 0
      vertex -20.8854 -20.5716 0
      vertex -4.36344 -3.34819 0
    endloop
  endfacet
  facet normal 0 0 -1
    outer loop
      vertex -20.3105 -22.4668 0
      vertex -17 -29.4449 0
      vertex -18.8894 -28.27 0
    endloop
  endfacet
  facet normal 0 0 -1
    outer loop
      vertex -20.9758 -20.5068 0
      vertex -4.36344 -3.34819 0
      vertex -20.8854 -20.5716 0
    endloop
  endfacet
  facet normal -0 0 -1
    outer loop
      vertex -4.36344 -3.34819 0
      vertex -20.9758 -20.5068 0
      vertex -4.57308 -3.05564 0
    endloop
  endfacet
  facet normal 0 0 -1
    outer loop
      vertex -21.0703 -20.4481 0
      vertex -4.57308 -3.05564 0
      vertex -20.9758 -20.5068 0
    endloop
  endfacet
  facet normal -0 0 -1
    outer loop
      vertex -4.57308 -3.05564 0
      vertex -21.0703 -20.4481 0
      vertex -4.76314 -2.75 0
    endloop
  endfacet
  facet normal 0 0 -1
    outer loop
      vertex -21.1684 -20.3956 0
      vertex -4.76314 -2.75 0
      vertex -21.0703 -20.4481 0
    endloop
  endfacet
  facet normal 0 0 -1
    outer loop
      vertex -21.2697 -20.3497 0
      vertex -4.76314 -2.75 0
      vertex -21.1684 -20.3956 0
    endloop
  endfacet
  facet normal -0 0 -1
    outer loop
      vertex -4.76314 -2.75 0
      vertex -21.2697 -20.3497 0
      vertex -4.9328 -2.43259 0
    endloop
  endfacet
  facet normal 0 0 -1
    outer loop
      vertex -21.3739 -20.3105 0
      vertex -4.9328 -2.43259 0
      vertex -21.2697 -20.3497 0
    endloop
  endfacet
  facet normal -0 0 -1
    outer loop
      vertex -4.9328 -2.43259 0
      vertex -21.3739 -20.3105 0
      vertex -5.08134 -2.10476 0
    endloop
  endfacet
  facet normal -0 0 -1
    outer loop
      vertex -5.08134 -2.10476 0
      vertex -21.3739 -20.3105 0
      vertex -17.5 5.85 0
    endloop
  endfacet
  facet normal 0 0 -1
    outer loop
      vertex -21.4803 -20.2782 0
      vertex -17.5 5.85 0
      vertex -21.3739 -20.3105 0
    endloop
  endfacet
  facet normal -0 0 -1
    outer loop
      vertex -17.5 5.85 0
      vertex -21.4803 -20.2782 0
      vertex -17.6406 5.8546 0
    endloop
  endfacet
  facet normal 0 0 -1
    outer loop
      vertex -21.5887 -20.253 0
      vertex -17.6406 5.8546 0
      vertex -21.4803 -20.2782 0
    endloop
  endfacet
  facet normal -0 0 -1
    outer loop
      vertex -17.6406 5.8546 0
      vertex -21.5887 -20.253 0
      vertex -17.7806 5.86839 0
    endloop
  endfacet
  facet normal 0 0 -1
    outer loop
      vertex -32.1956 -10.9289 0
      vertex -17.7806 5.86839 0
      vertex -21.5887 -20.253 0
    endloop
  endfacet
  facet normal 0 0 -1
    outer loop
      vertex -15.0378 -30.4937 0
      vertex -20.2239 -22.0315 0
      vertex -20.2203 -21.9203 0
    endloop
  endfacet
  facet normal 0 0 -1
    outer loop
      vertex -15.0378 -30.4937 0
      vertex -20.2349 -22.1422 0
      vertex -20.2239 -22.0315 0
    endloop
  endfacet
  facet normal 0 0 -1
    outer loop
      vertex -17 -29.4449 0
      vertex -20.253 -22.252 0
      vertex -20.2349 -22.1422 0
    endloop
  endfacet
  facet normal 0 0 -1
    outer loop
      vertex -17 -29.4449 0
      vertex -20.2782 -22.3603 0
      vertex -20.253 -22.252 0
    endloop
  endfacet
  facet normal 0 0 -1
    outer loop
      vertex -17 -29.4449 0
      vertex -20.3105 -22.4668 0
      vertex -20.2782 -22.3603 0
    endloop
  endfacet
  facet normal 0 0 -1
    outer loop
      vertex -18.8894 -28.27 0
      vertex -20.3497 -22.5709 0
      vertex -20.3105 -22.4668 0
    endloop
  endfacet
  facet normal 0 0 -1
    outer loop
      vertex -18.8894 -28.27 0
      vertex -20.3956 -22.6722 0
      vertex -20.3497 -22.5709 0
    endloop
  endfacet
  facet normal 0 0 -1
    outer loop
      vertex -18.8894 -28.27 0
      vertex -20.4481 -22.7703 0
      vertex -20.3956 -22.6722 0
    endloop
  endfacet
  facet normal 0 0 -1
    outer loop
      vertex -18.8894 -28.27 0
      vertex -20.5068 -22.8648 0
      vertex -20.4481 -22.7703 0
    endloop
  endfacet
  facet normal 0 0 -1
    outer loop
      vertex -18.8894 -28.27 0
      vertex -20.5716 -22.9552 0
      vertex -20.5068 -22.8648 0
    endloop
  endfacet
  facet normal 0 0 -1
    outer loop
      vertex -20.6979 -26.974 0
      vertex -20.5716 -22.9552 0
      vertex -18.8894 -28.27 0
    endloop
  endfacet
  facet normal 0 0 -1
    outer loop
      vertex -20.5716 -22.9552 0
      vertex -20.6979 -26.974 0
      vertex -20.6422 -23.0412 0
    endloop
  endfacet
  facet normal 0 0 -1
    outer loop
      vertex -20.6979 -26.974 0
      vertex -20.7182 -23.1224 0
      vertex -20.6422 -23.0412 0
    endloop
  endfacet
  facet normal 0 0 -1
    outer loop
      vertex -20.6979 -26.974 0
      vertex -20.7994 -23.1984 0
      vertex -20.7182 -23.1224 0
    endloop
  endfacet
  facet normal 0 0 -1
    outer loop
      vertex -20.6979 -26.974 0
      vertex -20.8854 -23.269 0
      vertex -20.7994 -23.1984 0
    endloop
  endfacet
  facet normal 0 0 -1
    outer loop
      vertex -20.6979 -26.974 0
      vertex -20.9758 -23.3338 0
      vertex -20.8854 -23.269 0
    endloop
  endfacet
  facet normal 0 0 -1
    outer loop
      vertex -20.6979 -26.974 0
      vertex -21.0703 -23.3926 0
      vertex -20.9758 -23.3338 0
    endloop
  endfacet
  facet normal 0 0 -1
    outer loop
      vertex -20.6979 -26.974 0
      vertex -21.1684 -23.445 0
      vertex -21.0703 -23.3926 0
    endloop
  endfacet
  facet normal 0 0 -1
    outer loop
      vertex -20.6979 -26.974 0
      vertex -21.2697 -23.4909 0
      vertex -21.1684 -23.445 0
    endloop
  endfacet
  facet normal 0 0 -1
    outer loop
      vertex -22.4178 -25.5626 0
      vertex -21.2697 -23.4909 0
      vertex -20.6979 -26.974 0
    endloop
  endfacet
  facet normal 0 0 -1
    outer loop
      vertex -21.2697 -23.4909 0
      vertex -22.4178 -25.5626 0
      vertex -21.3739 -23.5301 0
    endloop
  endfacet
  facet normal 0 0 -1
    outer loop
      vertex -21.3739 -23.5301 0
      vertex -22.4178 -25.5626 0
      vertex -21.4803 -23.5624 0
    endloop
  endfacet
  facet normal 0 0 -1
    outer loop
      vertex -21.4803 -23.5624 0
      vertex -22.4178 -25.5626 0
      vertex -21.5887 -23.5876 0
    endloop
  endfacet
  facet normal 0 0 -1
    outer loop
      vertex -21.5887 -23.5876 0
      vertex -22.4178 -25.5626 0
      vertex -21.6984 -23.6058 0
    endloop
  endfacet
  facet normal 0 0 -1
    outer loop
      vertex -21.6984 -23.6058 0
      vertex -22.4178 -25.5626 0
      vertex -21.8091 -23.6167 0
    endloop
  endfacet
  facet normal 0 0 -1
    outer loop
      vertex -21.8091 -23.6167 0
      vertex -22.4178 -25.5626 0
      vertex -21.9203 -23.6203 0
    endloop
  endfacet
  facet normal -0 0 -1
    outer loop
      vertex -21.9203 -23.6203 0
      vertex -22.4178 -25.5626 0
      vertex -22.0315 -23.6167 0
    endloop
  endfacet
  facet normal -0 0 -1
    outer loop
      vertex -22.0315 -23.6167 0
      vertex -22.4178 -25.5626 0
      vertex -22.1422 -23.6058 0
    endloop
  endfacet
  facet normal -0 0 -1
    outer loop
      vertex -22.1422 -23.6058 0
      vertex -22.4178 -25.5626 0
      vertex -22.252 -23.5876 0
    endloop
  endfacet
  facet normal -0 0 -1
    outer loop
      vertex -22.252 -23.5876 0
      vertex -22.4178 -25.5626 0
      vertex -22.3603 -23.5624 0
    endloop
  endfacet
  facet normal 0 0 -1
    outer loop
      vertex -22.4178 -25.5626 0
      vertex -22.4668 -23.5301 0
      vertex -22.3603 -23.5624 0
    endloop
  endfacet
  facet normal 0 0 -1
    outer loop
      vertex -22.4178 -25.5626 0
      vertex -22.5709 -23.4909 0
      vertex -22.4668 -23.5301 0
    endloop
  endfacet
  facet normal 0 0 -1
    outer loop
      vertex -24.0416 -24.0416 0
      vertex -22.5709 -23.4909 0
      vertex -22.4178 -25.5626 0
    endloop
  endfacet
  facet normal -0 0 -1
    outer loop
      vertex -22.5709 -23.4909 0
      vertex -24.0416 -24.0416 0
      vertex -22.6722 -23.445 0
    endloop
  endfacet
  facet normal -0 0 -1
    outer loop
      vertex -22.6722 -23.445 0
      vertex -24.0416 -24.0416 0
      vertex -22.7703 -23.3926 0
    endloop
  endfacet
  facet normal -0 0 -1
    outer loop
      vertex -22.7703 -23.3926 0
      vertex -24.0416 -24.0416 0
      vertex -22.8648 -23.3338 0
    endloop
  endfacet
  facet normal -0 0 -1
    outer loop
      vertex -22.8648 -23.3338 0
      vertex -24.0416 -24.0416 0
      vertex -22.9552 -23.269 0
    endloop
  endfacet
  facet normal -0 0 -1
    outer loop
      vertex -22.9552 -23.269 0
      vertex -24.0416 -24.0416 0
      vertex -23.0412 -23.1984 0
    endloop
  endfacet
  facet normal -0 0 -1
    outer loop
      vertex -23.0412 -23.1984 0
      vertex -24.0416 -24.0416 0
      vertex -23.1224 -23.1224 0
    endloop
  endfacet
  facet normal -0 0 -1
    outer loop
      vertex -23.1224 -23.1224 0
      vertex -24.0416 -24.0416 0
      vertex -23.1984 -23.0412 0
    endloop
  endfacet
  facet normal -0 0 -1
    outer loop
      vertex -23.1984 -23.0412 0
      vertex -24.0416 -24.0416 0
      vertex -23.269 -22.9552 0
    endloop
  endfacet
  facet normal -0 0 -1
    outer loop
      vertex -23.269 -22.9552 0
      vertex -24.0416 -24.0416 0
      vertex -23.3338 -22.8648 0
    endloop
  endfacet
  facet normal -0 0 -1
    outer loop
      vertex -23.3338 -22.8648 0
      vertex -24.0416 -24.0416 0
      vertex -23.3926 -22.7703 0
    endloop
  endfacet
  facet normal -0 0 -1
    outer loop
      vertex -23.3926 -22.7703 0
      vertex -24.0416 -24.0416 0
      vertex -23.445 -22.6722 0
    endloop
  endfacet
  facet normal -0 0 -1
    outer loop
      vertex -23.445 -22.6722 0
      vertex -24.0416 -24.0416 0
      vertex -23.4909 -22.5709 0
    endloop
  endfacet
  facet normal -0 0 -1
    outer loop
      vertex -23.6167 -22.0315 0
      vertex -25.5626 -22.4178 0
      vertex -23.6203 -21.9203 0
    endloop
  endfacet
  facet normal -0 0 -1
    outer loop
      vertex -23.6058 -22.1422 0
      vertex -25.5626 -22.4178 0
      vertex -23.6167 -22.0315 0
    endloop
  endfacet
  facet normal -0 0 -1
    outer loop
      vertex -23.5876 -22.252 0
      vertex -25.5626 -22.4178 0
      vertex -23.6058 -22.1422 0
    endloop
  endfacet
  facet normal -0 0 -1
    outer loop
      vertex -23.5624 -22.3603 0
      vertex -25.5626 -22.4178 0
      vertex -23.5876 -22.252 0
    endloop
  endfacet
  facet normal 0 0 -1
    outer loop
      vertex -23.5301 -22.4668 0
      vertex -25.5626 -22.4178 0
      vertex -23.5624 -22.3603 0
    endloop
  endfacet
  facet normal 0 0 -1
    outer loop
      vertex -23.4909 -22.5709 0
      vertex -25.5626 -22.4178 0
      vertex -23.5301 -22.4668 0
    endloop
  endfacet
  facet normal 0 0 -1
    outer loop
      vertex -25.5626 -22.4178 0
      vertex -23.4909 -22.5709 0
      vertex -24.0416 -24.0416 0
    endloop
  endfacet
  facet normal 0 0 -1
    outer loop
      vertex 23.0412 -20.6422 0
      vertex 26.974 -20.6979 0
      vertex 23.1224 -20.7182 0
    endloop
  endfacet
  facet normal 0 0 -1
    outer loop
      vertex 33.9272 2.22371 0
      vertex 23.6167 21.8091 0
      vertex 23.6203 21.9203 0
    endloop
  endfacet
  facet normal 0 0 -1
    outer loop
      vertex 22.9552 -20.5716 0
      vertex 26.974 -20.6979 0
      vertex 23.0412 -20.6422 0
    endloop
  endfacet
  facet normal 0 0 -1
    outer loop
      vertex 33.9272 2.22371 0
      vertex 23.6058 21.6984 0
      vertex 23.6167 21.8091 0
    endloop
  endfacet
  facet normal 0 0 -1
    outer loop
      vertex 26.974 -20.6979 0
      vertex 22.9552 -20.5716 0
      vertex 28.27 -18.8894 0
    endloop
  endfacet
  facet normal 0 0 -1
    outer loop
      vertex 33.9272 2.22371 0
      vertex 23.5876 21.5887 0
      vertex 23.6058 21.6984 0
    endloop
  endfacet
  facet normal 0 0 -1
    outer loop
      vertex 22.8648 -20.5068 0
      vertex 28.27 -18.8894 0
      vertex 22.9552 -20.5716 0
    endloop
  endfacet
  facet normal 0 0 -1
    outer loop
      vertex 33.9272 2.22371 0
      vertex 23.5624 21.4803 0
      vertex 23.5876 21.5887 0
    endloop
  endfacet
  facet normal 0 0 -1
    outer loop
      vertex 22.7703 -20.4481 0
      vertex 28.27 -18.8894 0
      vertex 22.8648 -20.5068 0
    endloop
  endfacet
  facet normal 0 0 -1
    outer loop
      vertex 33.9272 2.22371 0
      vertex 23.5301 21.3739 0
      vertex 23.5624 21.4803 0
    endloop
  endfacet
  facet normal 0 0 -1
    outer loop
      vertex 22.6722 -20.3956 0
      vertex 28.27 -18.8894 0
      vertex 22.7703 -20.4481 0
    endloop
  endfacet
  facet normal 0 0 -1
    outer loop
      vertex 33.9272 2.22371 0
      vertex 23.4909 21.2697 0
      vertex 23.5301 21.3739 0
    endloop
  endfacet
  facet normal 0 0 -1
    outer loop
      vertex 22.5709 -20.3497 0
      vertex 28.27 -18.8894 0
      vertex 22.6722 -20.3956 0
    endloop
  endfacet
  facet normal 0 -0 -1
    outer loop
      vertex 19.6454 7.85938 0
      vertex 33.9272 2.22371 0
      vertex 19.6316 7.71937 0
    endloop
  endfacet
  facet normal 0 0 -1
    outer loop
      vertex 22.4668 -20.3105 0
      vertex 28.27 -18.8894 0
      vertex 22.5709 -20.3497 0
    endloop
  endfacet
  facet normal 0 0 -1
    outer loop
      vertex 33.9272 2.22371 0
      vertex 23.445 21.1684 0
      vertex 23.4909 21.2697 0
    endloop
  endfacet
  facet normal -0 0 -1
    outer loop
      vertex 28.27 -18.8894 0
      vertex 22.4668 -20.3105 0
      vertex 29.4449 -17 0
    endloop
  endfacet
  facet normal 0 -0 -1
    outer loop
      vertex 19.65 8 0
      vertex 33.9272 2.22371 0
      vertex 19.6454 7.85938 0
    endloop
  endfacet
  facet normal 0 0 -1
    outer loop
      vertex 22.3603 -20.2782 0
      vertex 29.4449 -17 0
      vertex 22.4668 -20.3105 0
    endloop
  endfacet
  facet normal 0 0 -1
    outer loop
      vertex 33.9272 2.22371 0
      vertex 23.3926 21.0703 0
      vertex 23.445 21.1684 0
    endloop
  endfacet
  facet normal 0 0 -1
    outer loop
      vertex 22.252 -20.253 0
      vertex 29.4449 -17 0
      vertex 22.3603 -20.2782 0
    endloop
  endfacet
  facet normal 0 0 -1
    outer loop
      vertex 19.6454 8.14062 0
      vertex 33.9272 2.22371 0
      vertex 19.65 8 0
    endloop
  endfacet
  facet normal 0 0 -1
    outer loop
      vertex 22.1422 -20.2349 0
      vertex 29.4449 -17 0
      vertex 22.252 -20.253 0
    endloop
  endfacet
  facet normal 0 0 -1
    outer loop
      vertex 33.9272 2.22371 0
      vertex 23.3338 20.9758 0
      vertex 23.3926 21.0703 0
    endloop
  endfacet
  facet normal -0 0 -1
    outer loop
      vertex 29.4449 -17 0
      vertex 22.1422 -20.2349 0
      vertex 30.4937 -15.0378 0
    endloop
  endfacet
  facet normal 0 0 -1
    outer loop
      vertex 19.6316 8.28063 0
      vertex 33.9272 2.22371 0
      vertex 19.6454 8.14062 0
    endloop
  endfacet
  facet normal 0 0 -1
    outer loop
      vertex 22.0315 -20.2239 0
      vertex 30.4937 -15.0378 0
      vertex 22.1422 -20.2349 0
    endloop
  endfacet
  facet normal 0 0 -1
    outer loop
      vertex 33.9272 2.22371 0
      vertex 23.269 20.8854 0
      vertex 23.3338 20.9758 0
    endloop
  endfacet
  facet normal 0 0 -1
    outer loop
      vertex 21.9203 -20.2203 0
      vertex 30.4937 -15.0378 0
      vertex 22.0315 -20.2239 0
    endloop
  endfacet
  facet normal 0 0 -1
    outer loop
      vertex 19.6087 8.41944 0
      vertex 33.9272 2.22371 0
      vertex 19.6316 8.28063 0
    endloop
  endfacet
  facet normal -0 0 -1
    outer loop
      vertex 30.4937 -15.0378 0
      vertex 21.9203 -20.2203 0
      vertex 31.4119 -13.0112 0
    endloop
  endfacet
  facet normal 0 0 -1
    outer loop
      vertex 33.9272 2.22371 0
      vertex 23.1984 20.7994 0
      vertex 23.269 20.8854 0
    endloop
  endfacet
  facet normal 0 0 -1
    outer loop
      vertex 21.8091 -20.2239 0
      vertex 31.4119 -13.0112 0
      vertex 21.9203 -20.2203 0
    endloop
  endfacet
  facet normal 0 0 -1
    outer loop
      vertex 19.5767 8.55646 0
      vertex 33.9272 2.22371 0
      vertex 19.6087 8.41944 0
    endloop
  endfacet
  facet normal 0 0 -1
    outer loop
      vertex 21.6984 -20.2349 0
      vertex 31.4119 -13.0112 0
      vertex 21.8091 -20.2239 0
    endloop
  endfacet
  facet normal 0 0 -1
    outer loop
      vertex 33.9272 2.22371 0
      vertex 23.1224 20.7182 0
      vertex 23.1984 20.7994 0
    endloop
  endfacet
  facet normal -0 0 -1
    outer loop
      vertex 31.4119 -13.0112 0
      vertex 21.6984 -20.2349 0
      vertex 32.1956 -10.9289 0
    endloop
  endfacet
  facet normal 0 0 -1
    outer loop
      vertex 19.5359 8.69109 0
      vertex 33.9272 2.22371 0
      vertex 19.5767 8.55646 0
    endloop
  endfacet
  facet normal 0 0 -1
    outer loop
      vertex 17.7806 5.86839 0
      vertex 32.1956 -10.9289 0
      vertex 21.6984 -20.2349 0
    endloop
  endfacet
  facet normal 0 0 -1
    outer loop
      vertex 33.9272 2.22371 0
      vertex 23.0412 20.6422 0
      vertex 23.1224 20.7182 0
    endloop
  endfacet
  facet normal 0 -0 -1
    outer loop
      vertex 17.9194 5.89131 0
      vertex 32.1956 -10.9289 0
      vertex 17.7806 5.86839 0
    endloop
  endfacet
  facet normal 0 -0 -1
    outer loop
      vertex 22.9552 20.5716 0
      vertex 33.9272 2.22371 0
      vertex 19.5359 8.69109 0
    endloop
  endfacet
  facet normal 0 0 -1
    outer loop
      vertex 33.7091 -4.43789 0
      vertex 18.575 6.13805 0
      vertex 33.9272 -2.22371 0
    endloop
  endfacet
  facet normal 0 0 -1
    outer loop
      vertex 33.9272 2.22371 0
      vertex 22.9552 20.5716 0
      vertex 23.0412 20.6422 0
    endloop
  endfacet
  facet normal 0 -0 -1
    outer loop
      vertex 18.4509 6.07172 0
      vertex 33.7091 -4.43789 0
      vertex 18.3228 6.01366 0
    endloop
  endfacet
  facet normal 0 0 -1
    outer loop
      vertex 19.4863 8.82277 0
      vertex 22.9552 20.5716 0
      vertex 19.5359 8.69109 0
    endloop
  endfacet
  facet normal 0 -0 -1
    outer loop
      vertex 18.3228 6.01366 0
      vertex 33.3467 -6.63307 0
      vertex 18.1911 5.9641 0
    endloop
  endfacet
  facet normal 0 0 -1
    outer loop
      vertex 19.4283 8.95092 0
      vertex 22.8648 20.5068 0
      vertex 19.4863 8.82277 0
    endloop
  endfacet
  facet normal 0 -0 -1
    outer loop
      vertex 18.1911 5.9641 0
      vertex 32.8415 -8.79985 0
      vertex 18.0565 5.92326 0
    endloop
  endfacet
  facet normal 0 0 -1
    outer loop
      vertex 22.8648 20.5068 0
      vertex 19.4283 8.95092 0
      vertex 22.7703 20.4481 0
    endloop
  endfacet
  facet normal 0 -0 -1
    outer loop
      vertex 18.0565 5.92326 0
      vertex 32.8415 -8.79985 0
      vertex 17.9194 5.89131 0
    endloop
  endfacet
  facet normal 0 0 -1
    outer loop
      vertex 19.362 9.075 0
      vertex 22.7703 20.4481 0
      vertex 19.4283 8.95092 0
    endloop
  endfacet
  facet normal 0 0 -1
    outer loop
      vertex 17.7806 5.86839 0
      vertex 21.6984 -20.2349 0
      vertex 21.5887 -20.253 0
    endloop
  endfacet
  facet normal 0 0 -1
    outer loop
      vertex 22.7703 20.4481 0
      vertex 19.362 9.075 0
      vertex 22.6722 20.3956 0
    endloop
  endfacet
  facet normal 0 0 -1
    outer loop
      vertex 17.6406 5.8546 0
      vertex 21.5887 -20.253 0
      vertex 21.4803 -20.2782 0
    endloop
  endfacet
  facet normal 0 0 -1
    outer loop
      vertex 19.2877 9.19448 0
      vertex 22.6722 20.3956 0
      vertex 19.362 9.075 0
    endloop
  endfacet
  facet normal 0 0 -1
    outer loop
      vertex 17.5 5.85 0
      vertex 21.4803 -20.2782 0
      vertex 21.3739 -20.3105 0
    endloop
  endfacet
  facet normal 0 0 -1
    outer loop
      vertex 22.6722 20.3956 0
      vertex 19.2877 9.19448 0
      vertex 22.5709 20.3497 0
    endloop
  endfacet
  facet normal 0 0 -1
    outer loop
      vertex 4.9328 -2.43259 0
      vertex 21.3739 -20.3105 0
      vertex 21.2697 -20.3497 0
    endloop
  endfacet
  facet normal 0 0 -1
    outer loop
      vertex 19.2057 9.30884 0
      vertex 22.5709 20.3497 0
      vertex 19.2877 9.19448 0
    endloop
  endfacet
  facet normal 0 0 -1
    outer loop
      vertex 4.76314 -2.75 0
      vertex 21.2697 -20.3497 0
      vertex 21.1684 -20.3956 0
    endloop
  endfacet
  facet normal 0 0 -1
    outer loop
      vertex 22.5709 20.3497 0
      vertex 19.2057 9.30884 0
      vertex 22.4668 20.3105 0
    endloop
  endfacet
  facet normal 0 0 -1
    outer loop
      vertex 4.76314 -2.75 0
      vertex 21.1684 -20.3956 0
      vertex 21.0703 -20.4481 0
    endloop
  endfacet
  facet normal 0 0 -1
    outer loop
      vertex 19.1165 9.41759 0
      vertex 22.4668 20.3105 0
      vertex 19.2057 9.30884 0
    endloop
  endfacet
  facet normal 0 0 -1
    outer loop
      vertex 4.57308 -3.05564 0
      vertex 21.0703 -20.4481 0
      vertex 20.9758 -20.5068 0
    endloop
  endfacet
  facet normal 0 0 -1
    outer loop
      vertex 22.4668 20.3105 0
      vertex 19.1165 9.41759 0
      vertex 22.3603 20.2782 0
    endloop
  endfacet
  facet normal 0 0 -1
    outer loop
      vertex 4.36344 -3.34819 0
      vertex 20.9758 -20.5068 0
      vertex 20.8854 -20.5716 0
    endloop
  endfacet
  facet normal 0 0 -1
    outer loop
      vertex 22.3603 20.2782 0
      vertex 19.1165 9.41759 0
      vertex 22.252 20.253 0
    endloop
  endfacet
  facet normal 0 0 -1
    outer loop
      vertex 4.13512 -3.6264 0
      vertex 20.8854 -20.5716 0
      vertex 20.7994 -20.6422 0
    endloop
  endfacet
  facet normal 0 0 -1
    outer loop
      vertex 19.0203 9.52028 0
      vertex 22.252 20.253 0
      vertex 19.1165 9.41759 0
    endloop
  endfacet
  facet normal 0 0 -1
    outer loop
      vertex 3.88909 -3.88909 0
      vertex 20.7994 -20.6422 0
      vertex 20.7182 -20.7182 0
    endloop
  endfacet
  facet normal 0 0 -1
    outer loop
      vertex 22.252 20.253 0
      vertex 19.0203 9.52028 0
      vertex 22.1422 20.2349 0
    endloop
  endfacet
  facet normal 0 0 -1
    outer loop
      vertex 3.88909 -3.88909 0
      vertex 20.7182 -20.7182 0
      vertex 20.6422 -20.7994 0
    endloop
  endfacet
  facet normal 0 0 -1
    outer loop
      vertex 18.9176 9.61646 0
      vertex 22.1422 20.2349 0
      vertex 19.0203 9.52028 0
    endloop
  endfacet
  facet normal 0 0 -1
    outer loop
      vertex 3.6264 -4.13512 0
      vertex 20.6422 -20.7994 0
      vertex 20.5716 -20.8854 0
    endloop
  endfacet
  facet normal 0 0 -1
    outer loop
      vertex 22.1422 20.2349 0
      vertex 18.9176 9.61646 0
      vertex 22.0315 20.2239 0
    endloop
  endfacet
  facet normal 0 0 -1
    outer loop
      vertex 3.34819 -4.36344 0
      vertex 20.5716 -20.8854 0
      vertex 20.5068 -20.9758 0
    endloop
  endfacet
  facet normal 0 0 -1
    outer loop
      vertex 22.0315 20.2239 0
      vertex 18.8088 9.70571 0
      vertex 21.9203 20.2203 0
    endloop
  endfacet
  facet normal 0 0 -1
    outer loop
      vertex 3.05564 -4.57308 0
      vertex 20.5068 -20.9758 0
      vertex 20.4481 -21.0703 0
    endloop
  endfacet
  facet normal 0 0 -1
    outer loop
      vertex 18.6945 9.78766 0
      vertex 21.9203 20.2203 0
      vertex 18.8088 9.70571 0
    endloop
  endfacet
  facet normal 0 0 -1
    outer loop
      vertex 3.05564 -4.57308 0
      vertex 20.4481 -21.0703 0
      vertex 20.3956 -21.1684 0
    endloop
  endfacet
  facet normal -0 0 -1
    outer loop
      vertex 21.9203 20.2203 0
      vertex 18.6945 9.78766 0
      vertex 21.8091 20.2239 0
    endloop
  endfacet
  facet normal 0 0 -1
    outer loop
      vertex 2.75 -4.76314 0
      vertex 20.3956 -21.1684 0
      vertex 20.3497 -21.2697 0
    endloop
  endfacet
  facet normal 0 0 -1
    outer loop
      vertex 18.575 9.86195 0
      vertex 21.8091 20.2239 0
      vertex 18.6945 9.78766 0
    endloop
  endfacet
  facet normal 0 0 -1
    outer loop
      vertex 2.43259 -4.9328 0
      vertex 20.3497 -21.2697 0
      vertex 20.3105 -21.3739 0
    endloop
  endfacet
  facet normal -0 0 -1
    outer loop
      vertex 21.8091 20.2239 0
      vertex 18.575 9.86195 0
      vertex 21.6984 20.2349 0
    endloop
  endfacet
  facet normal 0 0 -1
    outer loop
      vertex 2.10476 -5.08134 0
      vertex 20.3105 -21.3739 0
      vertex 20.2782 -21.4803 0
    endloop
  endfacet
  facet normal 0 0 -1
    outer loop
      vertex 18.4509 9.92828 0
      vertex 21.6984 20.2349 0
      vertex 18.575 9.86195 0
    endloop
  endfacet
  facet normal 0 0 -1
    outer loop
      vertex 1.76792 -5.20812 0
      vertex 20.2782 -21.4803 0
      vertex 20.253 -21.5887 0
    endloop
  endfacet
  facet normal -0 0 -1
    outer loop
      vertex 21.6984 20.2349 0
      vertex 18.4509 9.92828 0
      vertex 21.5887 20.253 0
    endloop
  endfacet
  facet normal 0 0 -1
    outer loop
      vertex 10.9289 -32.1956 0
      vertex 20.253 -21.5887 0
      vertex 20.2349 -21.6984 0
    endloop
  endfacet
  facet normal 0 0 -1
    outer loop
      vertex 18.3228 9.98634 0
      vertex 21.5887 20.253 0
      vertex 18.4509 9.92828 0
    endloop
  endfacet
  facet normal 0 0 -1
    outer loop
      vertex 13.0112 -31.4119 0
      vertex 20.2349 -21.6984 0
      vertex 20.2239 -21.8091 0
    endloop
  endfacet
  facet normal -0 0 -1
    outer loop
      vertex 21.5887 20.253 0
      vertex 18.3228 9.98634 0
      vertex 21.4803 20.2782 0
    endloop
  endfacet
  facet normal 0 0 -1
    outer loop
      vertex 13.0112 -31.4119 0
      vertex 20.2239 -21.8091 0
      vertex 20.2203 -21.9203 0
    endloop
  endfacet
  facet normal 0 0 -1
    outer loop
      vertex 18.1911 10.0359 0
      vertex 21.4803 20.2782 0
      vertex 18.3228 9.98634 0
    endloop
  endfacet
  facet normal 0 0 -1
    outer loop
      vertex 23.269 -20.8854 0
      vertex 26.974 -20.6979 0
      vertex 23.3338 -20.9758 0
    endloop
  endfacet
  facet normal 0 0 -1
    outer loop
      vertex 23.3338 -20.9758 0
      vertex 26.974 -20.6979 0
      vertex 23.3926 -21.0703 0
    endloop
  endfacet
  facet normal 0 0 -1
    outer loop
      vertex 23.1984 -20.7994 0
      vertex 26.974 -20.6979 0
      vertex 23.269 -20.8854 0
    endloop
  endfacet
  facet normal 0 0 -1
    outer loop
      vertex 23.3926 -21.0703 0
      vertex 26.974 -20.6979 0
      vertex 23.445 -21.1684 0
    endloop
  endfacet
  facet normal 0 0 -1
    outer loop
      vertex 23.1224 -20.7182 0
      vertex 26.974 -20.6979 0
      vertex 23.1984 -20.7994 0
    endloop
  endfacet
  facet normal 0 0 -1
    outer loop
      vertex 23.445 -21.1684 0
      vertex 26.974 -20.6979 0
      vertex 23.4909 -21.2697 0
    endloop
  endfacet
  facet normal 0 0 -1
    outer loop
      vertex 33.9272 2.22371 0
      vertex 23.6203 21.9203 0
      vertex 33.7091 4.43789 0
    endloop
  endfacet
  facet normal 0 0 -1
    outer loop
      vertex 25.5626 -22.4178 0
      vertex 23.4909 -21.2697 0
      vertex 26.974 -20.6979 0
    endloop
  endfacet
  facet normal 0 0 -1
    outer loop
      vertex 33.7091 4.43789 0
      vertex 23.6203 21.9203 0
      vertex 33.3467 6.63307 0
    endloop
  endfacet
  facet normal 0 0 -1
    outer loop
      vertex 23.4909 -21.2697 0
      vertex 25.5626 -22.4178 0
      vertex 23.5301 -21.3739 0
    endloop
  endfacet
  facet normal 0 0 -1
    outer loop
      vertex 33.3467 6.63307 0
      vertex 23.6203 21.9203 0
      vertex 32.8415 8.79985 0
    endloop
  endfacet
  facet normal 0 0 -1
    outer loop
      vertex 23.5301 -21.3739 0
      vertex 25.5626 -22.4178 0
      vertex 23.5624 -21.4803 0
    endloop
  endfacet
  facet normal 0 0 -1
    outer loop
      vertex 32.8415 8.79985 0
      vertex 23.6203 21.9203 0
      vertex 32.1956 10.9289 0
    endloop
  endfacet
  facet normal 0 0 -1
    outer loop
      vertex 23.5624 -21.4803 0
      vertex 25.5626 -22.4178 0
      vertex 23.5876 -21.5887 0
    endloop
  endfacet
  facet normal 0 0 -1
    outer loop
      vertex 32.1956 10.9289 0
      vertex 23.6203 21.9203 0
      vertex 31.4119 13.0112 0
    endloop
  endfacet
  facet normal 0 0 -1
    outer loop
      vertex 23.5876 -21.5887 0
      vertex 25.5626 -22.4178 0
      vertex 23.6058 -21.6984 0
    endloop
  endfacet
  facet normal 0 0 -1
    outer loop
      vertex 31.4119 13.0112 0
      vertex 23.6203 21.9203 0
      vertex 30.4937 15.0378 0
    endloop
  endfacet
  facet normal 0 0 -1
    outer loop
      vertex 23.6058 -21.6984 0
      vertex 25.5626 -22.4178 0
      vertex 23.6167 -21.8091 0
    endloop
  endfacet
  facet normal 0 0 -1
    outer loop
      vertex 30.4937 15.0378 0
      vertex 23.6203 21.9203 0
      vertex 29.4449 17 0
    endloop
  endfacet
  facet normal 0 0 -1
    outer loop
      vertex 23.6167 -21.8091 0
      vertex 25.5626 -22.4178 0
      vertex 23.6203 -21.9203 0
    endloop
  endfacet
  facet normal 0 0 -1
    outer loop
      vertex 29.4449 17 0
      vertex 23.6203 21.9203 0
      vertex 28.27 18.8894 0
    endloop
  endfacet
  facet normal 0 0 -1
    outer loop
      vertex 23.4909 -22.5709 0
      vertex 25.5626 -22.4178 0
      vertex 24.0416 -24.0416 0
    endloop
  endfacet
  facet normal 0 0 -1
    outer loop
      vertex 28.27 18.8894 0
      vertex 23.6203 21.9203 0
      vertex 26.974 20.6979 0
    endloop
  endfacet
  facet normal 0 0 -1
    outer loop
      vertex 26.974 20.6979 0
      vertex 23.6203 21.9203 0
      vertex 25.5626 22.4178 0
    endloop
  endfacet
  facet normal 0 0 -1
    outer loop
      vertex 25.5626 -22.4178 0
      vertex 23.6167 -22.0315 0
      vertex 23.6203 -21.9203 0
    endloop
  endfacet
  facet normal 0 0 -1
    outer loop
      vertex 25.5626 -22.4178 0
      vertex 23.6058 -22.1422 0
      vertex 23.6167 -22.0315 0
    endloop
  endfacet
  facet normal 0 0 -1
    outer loop
      vertex 25.5626 -22.4178 0
      vertex 23.5876 -22.252 0
      vertex 23.6058 -22.1422 0
    endloop
  endfacet
  facet normal 0 0 -1
    outer loop
      vertex 25.5626 -22.4178 0
      vertex 23.5624 -22.3603 0
      vertex 23.5876 -22.252 0
    endloop
  endfacet
  facet normal -0 0 -1
    outer loop
      vertex 25.5626 -22.4178 0
      vertex 23.5301 -22.4668 0
      vertex 23.5624 -22.3603 0
    endloop
  endfacet
  facet normal 0 0 -1
    outer loop
      vertex 25.5626 -22.4178 0
      vertex 23.4909 -22.5709 0
      vertex 23.5301 -22.4668 0
    endloop
  endfacet
  facet normal 0 0 -1
    outer loop
      vertex 24.0416 -24.0416 0
      vertex 23.445 -22.6722 0
      vertex 23.4909 -22.5709 0
    endloop
  endfacet
  facet normal 0 0 -1
    outer loop
      vertex 24.0416 -24.0416 0
      vertex 23.3926 -22.7703 0
      vertex 23.445 -22.6722 0
    endloop
  endfacet
  facet normal 0 0 -1
    outer loop
      vertex 24.0416 -24.0416 0
      vertex 23.3338 -22.8648 0
      vertex 23.3926 -22.7703 0
    endloop
  endfacet
  facet normal 0 0 -1
    outer loop
      vertex 24.0416 -24.0416 0
      vertex 23.269 -22.9552 0
      vertex 23.3338 -22.8648 0
    endloop
  endfacet
  facet normal 0 0 -1
    outer loop
      vertex 24.0416 -24.0416 0
      vertex 23.1984 -23.0412 0
      vertex 23.269 -22.9552 0
    endloop
  endfacet
  facet normal 0 0 -1
    outer loop
      vertex 24.0416 -24.0416 0
      vertex 23.1224 -23.1224 0
      vertex 23.1984 -23.0412 0
    endloop
  endfacet
  facet normal 0 0 -1
    outer loop
      vertex 24.0416 -24.0416 0
      vertex 23.0412 -23.1984 0
      vertex 23.1224 -23.1224 0
    endloop
  endfacet
  facet normal 0 0 -1
    outer loop
      vertex 24.0416 -24.0416 0
      vertex 22.9552 -23.269 0
      vertex 23.0412 -23.1984 0
    endloop
  endfacet
  facet normal 0 0 -1
    outer loop
      vertex 24.0416 -24.0416 0
      vertex 22.8648 -23.3338 0
      vertex 22.9552 -23.269 0
    endloop
  endfacet
  facet normal 0 0 -1
    outer loop
      vertex 24.0416 -24.0416 0
      vertex 22.7703 -23.3926 0
      vertex 22.8648 -23.3338 0
    endloop
  endfacet
  facet normal 0 0 -1
    outer loop
      vertex 24.0416 -24.0416 0
      vertex 22.6722 -23.445 0
      vertex 22.7703 -23.3926 0
    endloop
  endfacet
  facet normal 0 0 -1
    outer loop
      vertex 24.0416 -24.0416 0
      vertex 22.5709 -23.4909 0
      vertex 22.6722 -23.445 0
    endloop
  endfacet
  facet normal 0 0 -1
    outer loop
      vertex 22.4178 -25.5626 0
      vertex 22.5709 -23.4909 0
      vertex 24.0416 -24.0416 0
    endloop
  endfacet
  facet normal 0 0 -1
    outer loop
      vertex 22.5709 -23.4909 0
      vertex 22.4178 -25.5626 0
      vertex 22.4668 -23.5301 0
    endloop
  endfacet
  facet normal 0 0 -1
    outer loop
      vertex 22.4178 -25.5626 0
      vertex 22.3603 -23.5624 0
      vertex 22.4668 -23.5301 0
    endloop
  endfacet
  facet normal 0 0 -1
    outer loop
      vertex 22.4178 -25.5626 0
      vertex 22.252 -23.5876 0
      vertex 22.3603 -23.5624 0
    endloop
  endfacet
  facet normal 0 0 -1
    outer loop
      vertex 22.4178 -25.5626 0
      vertex 22.1422 -23.6058 0
      vertex 22.252 -23.5876 0
    endloop
  endfacet
  facet normal 0 0 -1
    outer loop
      vertex 22.4178 -25.5626 0
      vertex 22.0315 -23.6167 0
      vertex 22.1422 -23.6058 0
    endloop
  endfacet
  facet normal 0 0 -1
    outer loop
      vertex 22.4178 -25.5626 0
      vertex 21.9203 -23.6203 0
      vertex 22.0315 -23.6167 0
    endloop
  endfacet
  facet normal 0 0 -1
    outer loop
      vertex 22.4178 -25.5626 0
      vertex 21.8091 -23.6167 0
      vertex 21.9203 -23.6203 0
    endloop
  endfacet
  facet normal 0 0 -1
    outer loop
      vertex 22.4178 -25.5626 0
      vertex 21.6984 -23.6058 0
      vertex 21.8091 -23.6167 0
    endloop
  endfacet
  facet normal 0 0 -1
    outer loop
      vertex 22.4178 -25.5626 0
      vertex 21.5887 -23.5876 0
      vertex 21.6984 -23.6058 0
    endloop
  endfacet
  facet normal 0 0 -1
    outer loop
      vertex 22.4178 -25.5626 0
      vertex 21.4803 -23.5624 0
      vertex 21.5887 -23.5876 0
    endloop
  endfacet
  facet normal 0 0 -1
    outer loop
      vertex 22.4178 -25.5626 0
      vertex 21.3739 -23.5301 0
      vertex 21.4803 -23.5624 0
    endloop
  endfacet
  facet normal 0 0 -1
    outer loop
      vertex 22.4178 -25.5626 0
      vertex 21.2697 -23.4909 0
      vertex 21.3739 -23.5301 0
    endloop
  endfacet
  facet normal 0 0 -1
    outer loop
      vertex 20.6979 -26.974 0
      vertex 21.2697 -23.4909 0
      vertex 22.4178 -25.5626 0
    endloop
  endfacet
  facet normal -0 0 -1
    outer loop
      vertex 21.2697 -23.4909 0
      vertex 20.6979 -26.974 0
      vertex 21.1684 -23.445 0
    endloop
  endfacet
  facet normal -0 0 -1
    outer loop
      vertex 21.1684 -23.445 0
      vertex 20.6979 -26.974 0
      vertex 21.0703 -23.3926 0
    endloop
  endfacet
  facet normal -0 0 -1
    outer loop
      vertex 21.0703 -23.3926 0
      vertex 20.6979 -26.974 0
      vertex 20.9758 -23.3338 0
    endloop
  endfacet
  facet normal -0 0 -1
    outer loop
      vertex 20.9758 -23.3338 0
      vertex 20.6979 -26.974 0
      vertex 20.8854 -23.269 0
    endloop
  endfacet
  facet normal -0 0 -1
    outer loop
      vertex 20.8854 -23.269 0
      vertex 20.6979 -26.974 0
      vertex 20.7994 -23.1984 0
    endloop
  endfacet
  facet normal -0 0 -1
    outer loop
      vertex 20.7994 -23.1984 0
      vertex 20.6979 -26.974 0
      vertex 20.7182 -23.1224 0
    endloop
  endfacet
  facet normal 0 0 -1
    outer loop
      vertex 20.6979 -26.974 0
      vertex 20.6422 -23.0412 0
      vertex 20.7182 -23.1224 0
    endloop
  endfacet
  facet normal 0 0 -1
    outer loop
      vertex 20.6979 -26.974 0
      vertex 20.5716 -22.9552 0
      vertex 20.6422 -23.0412 0
    endloop
  endfacet
  facet normal 0 0 -1
    outer loop
      vertex 18.8894 -28.27 0
      vertex 20.5716 -22.9552 0
      vertex 20.6979 -26.974 0
    endloop
  endfacet
  facet normal -0 0 -1
    outer loop
      vertex 20.5716 -22.9552 0
      vertex 18.8894 -28.27 0
      vertex 20.5068 -22.8648 0
    endloop
  endfacet
  facet normal -0 0 -1
    outer loop
      vertex 20.5068 -22.8648 0
      vertex 18.8894 -28.27 0
      vertex 20.4481 -22.7703 0
    endloop
  endfacet
  facet normal -0 0 -1
    outer loop
      vertex 20.4481 -22.7703 0
      vertex 18.8894 -28.27 0
      vertex 20.3956 -22.6722 0
    endloop
  endfacet
  facet normal -0 0 -1
    outer loop
      vertex 20.3956 -22.6722 0
      vertex 18.8894 -28.27 0
      vertex 20.3497 -22.5709 0
    endloop
  endfacet
  facet normal -0 0 -1
    outer loop
      vertex 20.3497 -22.5709 0
      vertex 18.8894 -28.27 0
      vertex 20.3105 -22.4668 0
    endloop
  endfacet
  facet normal 0 0 -1
    outer loop
      vertex 17 -29.4449 0
      vertex 20.3105 -22.4668 0
      vertex 18.8894 -28.27 0
    endloop
  endfacet
  facet normal -0 0 -1
    outer loop
      vertex 20.3105 -22.4668 0
      vertex 17 -29.4449 0
      vertex 20.2782 -22.3603 0
    endloop
  endfacet
  facet normal -0 0 -1
    outer loop
      vertex 20.2782 -22.3603 0
      vertex 17 -29.4449 0
      vertex 20.253 -22.252 0
    endloop
  endfacet
  facet normal -0 0 -1
    outer loop
      vertex 21.4803 20.2782 0
      vertex 18.1911 10.0359 0
      vertex 21.3739 20.3105 0
    endloop
  endfacet
  facet normal 0 0 -1
    outer loop
      vertex 18.8088 9.70571 0
      vertex 22.0315 20.2239 0
      vertex 18.9176 9.61646 0
    endloop
  endfacet
  facet normal 0 0 -1
    outer loop
      vertex 22.9552 20.5716 0
      vertex 19.4863 8.82277 0
      vertex 22.8648 20.5068 0
    endloop
  endfacet
  facet normal 0 0 -1
    outer loop
      vertex 33.9272 2.22371 0
      vertex 19.6087 7.58055 0
      vertex 19.6316 7.71937 0
    endloop
  endfacet
  facet normal 0 0 -1
    outer loop
      vertex 33.9272 2.22371 0
      vertex 19.5767 7.44354 0
      vertex 19.6087 7.58055 0
    endloop
  endfacet
  facet normal 0 0 -1
    outer loop
      vertex 33.9272 2.22371 0
      vertex 19.5359 7.3089 0
      vertex 19.5767 7.44354 0
    endloop
  endfacet
  facet normal 0 0 -1
    outer loop
      vertex 33.9272 2.22371 0
      vertex 19.4863 7.17723 0
      vertex 19.5359 7.3089 0
    endloop
  endfacet
  facet normal 0 0 -1
    outer loop
      vertex 33.9272 2.22371 0
      vertex 19.4283 7.04908 0
      vertex 19.4863 7.17723 0
    endloop
  endfacet
  facet normal 0 0 -1
    outer loop
      vertex 33.9272 2.22371 0
      vertex 19.362 6.925 0
      vertex 19.4283 7.04908 0
    endloop
  endfacet
  facet normal 0 0 -1
    outer loop
      vertex 33.9272 2.22371 0
      vertex 19.2877 6.80552 0
      vertex 19.362 6.925 0
    endloop
  endfacet
  facet normal 0 0 -1
    outer loop
      vertex 33.9272 2.22371 0
      vertex 19.2057 6.69116 0
      vertex 19.2877 6.80552 0
    endloop
  endfacet
  facet normal 0 0 -1
    outer loop
      vertex 15.0378 -30.4937 0
      vertex 20.2203 -21.9203 0
      vertex 20.2239 -22.0315 0
    endloop
  endfacet
  facet normal 0 0 -1
    outer loop
      vertex 33.9272 2.22371 0
      vertex 19.1165 6.58241 0
      vertex 19.2057 6.69116 0
    endloop
  endfacet
  facet normal 0 0 -1
    outer loop
      vertex 34 0 0
      vertex 19.1165 6.58241 0
      vertex 33.9272 2.22371 0
    endloop
  endfacet
  facet normal 0 -0 -1
    outer loop
      vertex 19.1165 6.58241 0
      vertex 34 0 0
      vertex 19.0203 6.47972 0
    endloop
  endfacet
  facet normal -0 0 -1
    outer loop
      vertex 20.253 -22.252 0
      vertex 17 -29.4449 0
      vertex 20.2349 -22.1422 0
    endloop
  endfacet
  facet normal 0 0 -1
    outer loop
      vertex 15.0378 -30.4937 0
      vertex 20.2349 -22.1422 0
      vertex 17 -29.4449 0
    endloop
  endfacet
  facet normal 0 -0 -1
    outer loop
      vertex 19.0203 6.47972 0
      vertex 34 0 0
      vertex 18.9176 6.38354 0
    endloop
  endfacet
  facet normal 0 -0 -1
    outer loop
      vertex 18.9176 6.38354 0
      vertex 34 0 0
      vertex 18.8088 6.29429 0
    endloop
  endfacet
  facet normal 0 0 -1
    outer loop
      vertex 33.9272 -2.22371 0
      vertex 18.8088 6.29429 0
      vertex 34 0 0
    endloop
  endfacet
  facet normal 0 -0 -1
    outer loop
      vertex 18.8088 6.29429 0
      vertex 33.9272 -2.22371 0
      vertex 18.6945 6.21234 0
    endloop
  endfacet
  facet normal 0 -0 -1
    outer loop
      vertex 18.6945 6.21234 0
      vertex 33.9272 -2.22371 0
      vertex 18.575 6.13805 0
    endloop
  endfacet
  facet normal 0 -0 -1
    outer loop
      vertex 18.575 6.13805 0
      vertex 33.7091 -4.43789 0
      vertex 18.4509 6.07172 0
    endloop
  endfacet
  facet normal 0 0 -1
    outer loop
      vertex 33.3467 -6.63307 0
      vertex 18.3228 6.01366 0
      vertex 33.7091 -4.43789 0
    endloop
  endfacet
  facet normal 0 0 -1
    outer loop
      vertex 32.8415 -8.79985 0
      vertex 18.1911 5.9641 0
      vertex 33.3467 -6.63307 0
    endloop
  endfacet
  facet normal 0 0 -1
    outer loop
      vertex 32.1956 -10.9289 0
      vertex 17.9194 5.89131 0
      vertex 32.8415 -8.79985 0
    endloop
  endfacet
  facet normal 0 0 -1
    outer loop
      vertex 21.3739 -20.3105 0
      vertex 4.9328 -2.43259 0
      vertex 5.08134 -2.10476 0
    endloop
  endfacet
  facet normal 0 0 -1
    outer loop
      vertex 21.5887 -20.253 0
      vertex 17.6406 5.8546 0
      vertex 17.7806 5.86839 0
    endloop
  endfacet
  facet normal 0 0 -1
    outer loop
      vertex 21.4803 -20.2782 0
      vertex 17.5 5.85 0
      vertex 17.6406 5.8546 0
    endloop
  endfacet
  facet normal 0 0 -1
    outer loop
      vertex 21.3739 -20.3105 0
      vertex 5.08134 -2.10476 0
      vertex 17.5 5.85 0
    endloop
  endfacet
  facet normal -0 0 -1
    outer loop
      vertex 17.5 5.85 0
      vertex 5.08134 -2.10476 0
      vertex 17.3594 5.8546 0
    endloop
  endfacet
  facet normal -0 0 -1
    outer loop
      vertex 20.2349 -22.1422 0
      vertex 15.0378 -30.4937 0
      vertex 20.2239 -22.0315 0
    endloop
  endfacet
  facet normal 0 -0 -1
    outer loop
      vertex 5.20812 -1.76792 0
      vertex 17.3594 5.8546 0
      vertex 5.08134 -2.10476 0
    endloop
  endfacet
  facet normal -0 0 -1
    outer loop
      vertex 17.3594 5.8546 0
      vertex 5.20812 -1.76792 0
      vertex 17.2194 5.86839 0
    endloop
  endfacet
  facet normal -0 0 -1
    outer loop
      vertex 17.2194 5.86839 0
      vertex 5.20812 -1.76792 0
      vertex 17.0806 5.89131 0
    endloop
  endfacet
  facet normal 0 -0 -1
    outer loop
      vertex 5.31259 -1.4235 0
      vertex 17.0806 5.89131 0
      vertex 5.20812 -1.76792 0
    endloop
  endfacet
  facet normal -0 0 -1
    outer loop
      vertex 17.0806 5.89131 0
      vertex 5.31259 -1.4235 0
      vertex 16.9435 5.92326 0
    endloop
  endfacet
  facet normal 0 -0 -1
    outer loop
      vertex 5.39432 -1.073 0
      vertex 16.9435 5.92326 0
      vertex 5.31259 -1.4235 0
    endloop
  endfacet
  facet normal -0 0 -1
    outer loop
      vertex 16.9435 5.92326 0
      vertex 5.39432 -1.073 0
      vertex 16.8089 5.9641 0
    endloop
  endfacet
  facet normal 0 -0 -1
    outer loop
      vertex 5.45295 -0.717894 0
      vertex 16.8089 5.9641 0
      vertex 5.39432 -1.073 0
    endloop
  endfacet
  facet normal -0 0 -1
    outer loop
      vertex 16.8089 5.9641 0
      vertex 5.45295 -0.717894 0
      vertex 16.6772 6.01366 0
    endloop
  endfacet
  facet normal 0 -0 -1
    outer loop
      vertex 5.48822 -0.359716 0
      vertex 16.6772 6.01366 0
      vertex 5.45295 -0.717894 0
    endloop
  endfacet
  facet normal -0 0 -1
    outer loop
      vertex 16.6772 6.01366 0
      vertex 5.48822 -0.359716 0
      vertex 16.5491 6.07172 0
    endloop
  endfacet
  facet normal -0 0 -1
    outer loop
      vertex 16.5491 6.07172 0
      vertex 5.48822 -0.359716 0
      vertex 16.425 6.13805 0
    endloop
  endfacet
  facet normal 0 -0 -1
    outer loop
      vertex 5.5 0 0
      vertex 16.425 6.13805 0
      vertex 5.48822 -0.359716 0
    endloop
  endfacet
  facet normal -0 0 -1
    outer loop
      vertex 16.425 6.13805 0
      vertex 5.5 0 0
      vertex 16.3055 6.21234 0
    endloop
  endfacet
  facet normal 0 0 -1
    outer loop
      vertex 5.48822 0.359716 0
      vertex 16.3055 6.21234 0
      vertex 5.5 0 0
    endloop
  endfacet
  facet normal -0 0 -1
    outer loop
      vertex 16.3055 6.21234 0
      vertex 5.48822 0.359716 0
      vertex 16.1912 6.29429 0
    endloop
  endfacet
  facet normal 0 0 -1
    outer loop
      vertex 5.45295 0.717894 0
      vertex 16.1912 6.29429 0
      vertex 5.48822 0.359716 0
    endloop
  endfacet
  facet normal -0 0 -1
    outer loop
      vertex 16.1912 6.29429 0
      vertex 5.45295 0.717894 0
      vertex 16.0824 6.38354 0
    endloop
  endfacet
  facet normal -0 0 -1
    outer loop
      vertex 16.0824 6.38354 0
      vertex 5.45295 0.717894 0
      vertex 15.9797 6.47972 0
    endloop
  endfacet
  facet normal 0 0 -1
    outer loop
      vertex 5.39432 1.073 0
      vertex 15.9797 6.47972 0
      vertex 5.45295 0.717894 0
    endloop
  endfacet
  facet normal -0 0 -1
    outer loop
      vertex 15.9797 6.47972 0
      vertex 5.39432 1.073 0
      vertex 15.8835 6.58241 0
    endloop
  endfacet
  facet normal 0 0 -1
    outer loop
      vertex 20.2203 -21.9203 0
      vertex 15.0378 -30.4937 0
      vertex 13.0112 -31.4119 0
    endloop
  endfacet
  facet normal 0 0 -1
    outer loop
      vertex 23.6167 22.0315 0
      vertex 25.5626 22.4178 0
      vertex 23.6203 21.9203 0
    endloop
  endfacet
  facet normal 0 0 -1
    outer loop
      vertex 23.6058 22.1422 0
      vertex 25.5626 22.4178 0
      vertex 23.6167 22.0315 0
    endloop
  endfacet
  facet normal 0 0 -1
    outer loop
      vertex 23.5876 22.252 0
      vertex 25.5626 22.4178 0
      vertex 23.6058 22.1422 0
    endloop
  endfacet
  facet normal 0 0 -1
    outer loop
      vertex 23.5624 22.3603 0
      vertex 25.5626 22.4178 0
      vertex 23.5876 22.252 0
    endloop
  endfacet
  facet normal 0 0 -1
    outer loop
      vertex 23.5301 22.4668 0
      vertex 25.5626 22.4178 0
      vertex 23.5624 22.3603 0
    endloop
  endfacet
  facet normal 0 0 -1
    outer loop
      vertex 23.4909 22.5709 0
      vertex 25.5626 22.4178 0
      vertex 23.5301 22.4668 0
    endloop
  endfacet
  facet normal 0 0 -1
    outer loop
      vertex 25.5626 22.4178 0
      vertex 23.4909 22.5709 0
      vertex 24.0416 24.0416 0
    endloop
  endfacet
  facet normal 0 0 -1
    outer loop
      vertex 23.445 22.6722 0
      vertex 24.0416 24.0416 0
      vertex 23.4909 22.5709 0
    endloop
  endfacet
  facet normal 0 0 -1
    outer loop
      vertex 23.3926 22.7703 0
      vertex 24.0416 24.0416 0
      vertex 23.445 22.6722 0
    endloop
  endfacet
  facet normal 0 0 -1
    outer loop
      vertex 23.3338 22.8648 0
      vertex 24.0416 24.0416 0
      vertex 23.3926 22.7703 0
    endloop
  endfacet
  facet normal 0 0 -1
    outer loop
      vertex 23.269 22.9552 0
      vertex 24.0416 24.0416 0
      vertex 23.3338 22.8648 0
    endloop
  endfacet
  facet normal 0 0 -1
    outer loop
      vertex 23.1984 23.0412 0
      vertex 24.0416 24.0416 0
      vertex 23.269 22.9552 0
    endloop
  endfacet
  facet normal 0 0 -1
    outer loop
      vertex 23.1224 23.1224 0
      vertex 24.0416 24.0416 0
      vertex 23.1984 23.0412 0
    endloop
  endfacet
  facet normal 0 0 -1
    outer loop
      vertex 23.0412 23.1984 0
      vertex 24.0416 24.0416 0
      vertex 23.1224 23.1224 0
    endloop
  endfacet
  facet normal 0 0 -1
    outer loop
      vertex 22.9552 23.269 0
      vertex 24.0416 24.0416 0
      vertex 23.0412 23.1984 0
    endloop
  endfacet
  facet normal 0 0 -1
    outer loop
      vertex 22.8648 23.3338 0
      vertex 24.0416 24.0416 0
      vertex 22.9552 23.269 0
    endloop
  endfacet
  facet normal 0 0 -1
    outer loop
      vertex 22.7703 23.3926 0
      vertex 24.0416 24.0416 0
      vertex 22.8648 23.3338 0
    endloop
  endfacet
  facet normal 0 0 -1
    outer loop
      vertex 22.6722 23.445 0
      vertex 24.0416 24.0416 0
      vertex 22.7703 23.3926 0
    endloop
  endfacet
  facet normal 0 0 -1
    outer loop
      vertex 22.5709 23.4909 0
      vertex 24.0416 24.0416 0
      vertex 22.6722 23.445 0
    endloop
  endfacet
  facet normal 0 0 -1
    outer loop
      vertex 22.4178 25.5626 0
      vertex 22.5709 23.4909 0
      vertex 22.4668 23.5301 0
    endloop
  endfacet
  facet normal 0 0 -1
    outer loop
      vertex 22.5709 23.4909 0
      vertex 22.4178 25.5626 0
      vertex 24.0416 24.0416 0
    endloop
  endfacet
  facet normal 0 0 -1
    outer loop
      vertex 22.3603 23.5624 0
      vertex 22.4178 25.5626 0
      vertex 22.4668 23.5301 0
    endloop
  endfacet
  facet normal 0 0 -1
    outer loop
      vertex 22.252 23.5876 0
      vertex 22.4178 25.5626 0
      vertex 22.3603 23.5624 0
    endloop
  endfacet
  facet normal 0 0 -1
    outer loop
      vertex 22.1422 23.6058 0
      vertex 22.4178 25.5626 0
      vertex 22.252 23.5876 0
    endloop
  endfacet
  facet normal 0 0 -1
    outer loop
      vertex 22.0315 23.6167 0
      vertex 22.4178 25.5626 0
      vertex 22.1422 23.6058 0
    endloop
  endfacet
  facet normal 0 0 -1
    outer loop
      vertex 21.9203 23.6203 0
      vertex 22.4178 25.5626 0
      vertex 22.0315 23.6167 0
    endloop
  endfacet
  facet normal 0 0 -1
    outer loop
      vertex 21.8091 23.6167 0
      vertex 22.4178 25.5626 0
      vertex 21.9203 23.6203 0
    endloop
  endfacet
  facet normal 0 0 -1
    outer loop
      vertex 21.6984 23.6058 0
      vertex 22.4178 25.5626 0
      vertex 21.8091 23.6167 0
    endloop
  endfacet
  facet normal 0 0 -1
    outer loop
      vertex 21.5887 23.5876 0
      vertex 22.4178 25.5626 0
      vertex 21.6984 23.6058 0
    endloop
  endfacet
  facet normal 0 0 -1
    outer loop
      vertex 21.4803 23.5624 0
      vertex 22.4178 25.5626 0
      vertex 21.5887 23.5876 0
    endloop
  endfacet
  facet normal 0 0 -1
    outer loop
      vertex 21.3739 23.5301 0
      vertex 22.4178 25.5626 0
      vertex 21.4803 23.5624 0
    endloop
  endfacet
  facet normal 0 0 -1
    outer loop
      vertex 21.2697 23.4909 0
      vertex 22.4178 25.5626 0
      vertex 21.3739 23.5301 0
    endloop
  endfacet
  facet normal 0 0 -1
    outer loop
      vertex 20.6979 26.974 0
      vertex 21.2697 23.4909 0
      vertex 21.1684 23.445 0
    endloop
  endfacet
  facet normal 0 0 -1
    outer loop
      vertex 20.6979 26.974 0
      vertex 21.1684 23.445 0
      vertex 21.0703 23.3926 0
    endloop
  endfacet
  facet normal 0 0 -1
    outer loop
      vertex 20.6979 26.974 0
      vertex 21.0703 23.3926 0
      vertex 20.9758 23.3338 0
    endloop
  endfacet
  facet normal 0 0 -1
    outer loop
      vertex 20.6979 26.974 0
      vertex 20.9758 23.3338 0
      vertex 20.8854 23.269 0
    endloop
  endfacet
  facet normal 0 0 -1
    outer loop
      vertex 20.6979 26.974 0
      vertex 20.8854 23.269 0
      vertex 20.7994 23.1984 0
    endloop
  endfacet
  facet normal 0 0 -1
    outer loop
      vertex 20.6979 26.974 0
      vertex 20.7994 23.1984 0
      vertex 20.7182 23.1224 0
    endloop
  endfacet
  facet normal 0 0 -1
    outer loop
      vertex 21.2697 23.4909 0
      vertex 20.6979 26.974 0
      vertex 22.4178 25.5626 0
    endloop
  endfacet
  facet normal 0 0 -1
    outer loop
      vertex 20.6422 23.0412 0
      vertex 20.6979 26.974 0
      vertex 20.7182 23.1224 0
    endloop
  endfacet
  facet normal 0 0 -1
    outer loop
      vertex 20.5716 22.9552 0
      vertex 20.6979 26.974 0
      vertex 20.6422 23.0412 0
    endloop
  endfacet
  facet normal 0 0 -1
    outer loop
      vertex 18.8894 28.27 0
      vertex 20.5716 22.9552 0
      vertex 20.5068 22.8648 0
    endloop
  endfacet
  facet normal 0 0 -1
    outer loop
      vertex 18.8894 28.27 0
      vertex 20.5068 22.8648 0
      vertex 20.4481 22.7703 0
    endloop
  endfacet
  facet normal 0 0 -1
    outer loop
      vertex 18.8894 28.27 0
      vertex 20.4481 22.7703 0
      vertex 20.3956 22.6722 0
    endloop
  endfacet
  facet normal 0 0 -1
    outer loop
      vertex 18.8894 28.27 0
      vertex 20.3956 22.6722 0
      vertex 20.3497 22.5709 0
    endloop
  endfacet
  facet normal 0 0 -1
    outer loop
      vertex 18.8894 28.27 0
      vertex 20.3497 22.5709 0
      vertex 20.3105 22.4668 0
    endloop
  endfacet
  facet normal 0 0 -1
    outer loop
      vertex 17 29.4449 0
      vertex 20.3105 22.4668 0
      vertex 20.2782 22.3603 0
    endloop
  endfacet
  facet normal 0 0 -1
    outer loop
      vertex 17 29.4449 0
      vertex 20.2782 22.3603 0
      vertex 20.253 22.252 0
    endloop
  endfacet
  facet normal 0 0 -1
    outer loop
      vertex 17 29.4449 0
      vertex 20.253 22.252 0
      vertex 20.2349 22.1422 0
    endloop
  endfacet
  facet normal 0 0 -1
    outer loop
      vertex 15.0378 30.4937 0
      vertex 20.2349 22.1422 0
      vertex 20.2239 22.0315 0
    endloop
  endfacet
  facet normal 0 0 -1
    outer loop
      vertex 18.0565 10.0767 0
      vertex 21.3739 20.3105 0
      vertex 18.1911 10.0359 0
    endloop
  endfacet
  facet normal -0 0 -1
    outer loop
      vertex 21.3739 20.3105 0
      vertex 18.0565 10.0767 0
      vertex 21.2697 20.3497 0
    endloop
  endfacet
  facet normal 0 0 -1
    outer loop
      vertex 17.9194 10.1087 0
      vertex 21.2697 20.3497 0
      vertex 18.0565 10.0767 0
    endloop
  endfacet
  facet normal -0 0 -1
    outer loop
      vertex 21.2697 20.3497 0
      vertex 17.9194 10.1087 0
      vertex 21.1684 20.3956 0
    endloop
  endfacet
  facet normal 0 0 -1
    outer loop
      vertex 17.7806 10.1316 0
      vertex 21.1684 20.3956 0
      vertex 17.9194 10.1087 0
    endloop
  endfacet
  facet normal -0 0 -1
    outer loop
      vertex 21.1684 20.3956 0
      vertex 17.7806 10.1316 0
      vertex 21.0703 20.4481 0
    endloop
  endfacet
  facet normal 0 0 -1
    outer loop
      vertex 17.6406 10.1454 0
      vertex 21.0703 20.4481 0
      vertex 17.7806 10.1316 0
    endloop
  endfacet
  facet normal -0 0 -1
    outer loop
      vertex 21.0703 20.4481 0
      vertex 17.6406 10.1454 0
      vertex 20.9758 20.5068 0
    endloop
  endfacet
  facet normal 0 0 -1
    outer loop
      vertex 17.5 10.15 0
      vertex 20.9758 20.5068 0
      vertex 17.6406 10.1454 0
    endloop
  endfacet
  facet normal -0 0 -1
    outer loop
      vertex 20.9758 20.5068 0
      vertex 17.5 10.15 0
      vertex 20.8854 20.5716 0
    endloop
  endfacet
  facet normal 0 0 -1
    outer loop
      vertex 17.3594 10.1454 0
      vertex 20.8854 20.5716 0
      vertex 17.5 10.15 0
    endloop
  endfacet
  facet normal -0 0 -1
    outer loop
      vertex 20.8854 20.5716 0
      vertex 17.3594 10.1454 0
      vertex 20.7994 20.6422 0
    endloop
  endfacet
  facet normal 0 0 -1
    outer loop
      vertex 17.2194 10.1316 0
      vertex 20.7994 20.6422 0
      vertex 17.3594 10.1454 0
    endloop
  endfacet
  facet normal -0 0 -1
    outer loop
      vertex 20.7994 20.6422 0
      vertex 17.2194 10.1316 0
      vertex 20.7182 20.7182 0
    endloop
  endfacet
  facet normal 0 0 -1
    outer loop
      vertex 17.0806 10.1087 0
      vertex 20.7182 20.7182 0
      vertex 17.2194 10.1316 0
    endloop
  endfacet
  facet normal -0 0 -1
    outer loop
      vertex 20.7182 20.7182 0
      vertex 17.0806 10.1087 0
      vertex 20.6422 20.7994 0
    endloop
  endfacet
  facet normal -0 0 -1
    outer loop
      vertex 20.6422 20.7994 0
      vertex 17.0806 10.1087 0
      vertex 20.5716 20.8854 0
    endloop
  endfacet
  facet normal 0 0 -1
    outer loop
      vertex 16.9435 10.0767 0
      vertex 20.5716 20.8854 0
      vertex 17.0806 10.1087 0
    endloop
  endfacet
  facet normal -0 0 -1
    outer loop
      vertex 20.5716 20.8854 0
      vertex 16.9435 10.0767 0
      vertex 20.5068 20.9758 0
    endloop
  endfacet
  facet normal 0 0 -1
    outer loop
      vertex 16.8089 10.0359 0
      vertex 20.5068 20.9758 0
      vertex 16.9435 10.0767 0
    endloop
  endfacet
  facet normal -0 0 -1
    outer loop
      vertex 20.5068 20.9758 0
      vertex 16.8089 10.0359 0
      vertex 20.4481 21.0703 0
    endloop
  endfacet
  facet normal 0 0 -1
    outer loop
      vertex 16.6772 9.98634 0
      vertex 20.4481 21.0703 0
      vertex 16.8089 10.0359 0
    endloop
  endfacet
  facet normal -0 0 -1
    outer loop
      vertex 20.4481 21.0703 0
      vertex 16.6772 9.98634 0
      vertex 20.3956 21.1684 0
    endloop
  endfacet
  facet normal 0 0 -1
    outer loop
      vertex 16.5491 9.92828 0
      vertex 20.3956 21.1684 0
      vertex 16.6772 9.98634 0
    endloop
  endfacet
  facet normal -0 0 -1
    outer loop
      vertex 20.3956 21.1684 0
      vertex 16.5491 9.92828 0
      vertex 20.3497 21.2697 0
    endloop
  endfacet
  facet normal 0 0 -1
    outer loop
      vertex 16.425 9.86195 0
      vertex 20.3497 21.2697 0
      vertex 16.5491 9.92828 0
    endloop
  endfacet
  facet normal -0 0 -1
    outer loop
      vertex 20.3497 21.2697 0
      vertex 16.425 9.86195 0
      vertex 20.3105 21.3739 0
    endloop
  endfacet
  facet normal 0 0 -1
    outer loop
      vertex 16.3055 9.78766 0
      vertex 20.3105 21.3739 0
      vertex 16.425 9.86195 0
    endloop
  endfacet
  facet normal -0 0 -1
    outer loop
      vertex 20.3105 21.3739 0
      vertex 16.3055 9.78766 0
      vertex 20.2782 21.4803 0
    endloop
  endfacet
  facet normal 0 0 -1
    outer loop
      vertex 16.1912 9.70571 0
      vertex 20.2782 21.4803 0
      vertex 16.3055 9.78766 0
    endloop
  endfacet
  facet normal 0 0 -1
    outer loop
      vertex 20.5716 22.9552 0
      vertex 18.8894 28.27 0
      vertex 20.6979 26.974 0
    endloop
  endfacet
  facet normal -0 0 -1
    outer loop
      vertex 20.2782 21.4803 0
      vertex 16.1912 9.70571 0
      vertex 20.253 21.5887 0
    endloop
  endfacet
  facet normal 0 0 -1
    outer loop
      vertex 16.0824 9.61646 0
      vertex 20.253 21.5887 0
      vertex 16.1912 9.70571 0
    endloop
  endfacet
  facet normal 0 0 -1
    outer loop
      vertex 20.3105 22.4668 0
      vertex 17 29.4449 0
      vertex 18.8894 28.27 0
    endloop
  endfacet
  facet normal -0 0 -1
    outer loop
      vertex 20.253 21.5887 0
      vertex 16.0824 9.61646 0
      vertex 20.2349 21.6984 0
    endloop
  endfacet
  facet normal 0 0 -1
    outer loop
      vertex 10.9289 32.1956 0
      vertex 20.2349 21.6984 0
      vertex 16.0824 9.61646 0
    endloop
  endfacet
  facet normal -0 -0 -1
    outer loop
      vertex 13.0112 31.4119 0
      vertex 20.2349 21.6984 0
      vertex 10.9289 32.1956 0
    endloop
  endfacet
  facet normal 0 0 -1
    outer loop
      vertex 20.2349 21.6984 0
      vertex 13.0112 31.4119 0
      vertex 20.2239 21.8091 0
    endloop
  endfacet
  facet normal -0 -0 -1
    outer loop
      vertex 15.0378 30.4937 0
      vertex 20.2203 21.9203 0
      vertex 13.0112 31.4119 0
    endloop
  endfacet
  facet normal 0 0 -1
    outer loop
      vertex 10.9289 32.1956 0
      vertex 16.0824 9.61646 0
      vertex 15.9797 9.52028 0
    endloop
  endfacet
  facet normal 0 0 -1
    outer loop
      vertex 8.79985 32.8415 0
      vertex 15.9797 9.52028 0
      vertex 15.8835 9.41759 0
    endloop
  endfacet
  facet normal 0 0 -1
    outer loop
      vertex 8.79985 32.8415 0
      vertex 15.8835 9.41759 0
      vertex 15.7943 9.30884 0
    endloop
  endfacet
  facet normal 0 0 -1
    outer loop
      vertex 6.63307 33.3467 0
      vertex 15.7943 9.30884 0
      vertex 15.7123 9.19448 0
    endloop
  endfacet
  facet normal 0 0 -1
    outer loop
      vertex 6.63307 33.3467 0
      vertex 15.7123 9.19448 0
      vertex 15.638 9.075 0
    endloop
  endfacet
  facet normal 0 0 -1
    outer loop
      vertex 6.63307 33.3467 0
      vertex 15.638 9.075 0
      vertex 15.5717 8.95092 0
    endloop
  endfacet
  facet normal -0 0 -1
    outer loop
      vertex 15.3913 7.58055 0
      vertex 4.57308 3.05564 0
      vertex 15.3684 7.71937 0
    endloop
  endfacet
  facet normal -0 0 -1
    outer loop
      vertex 15.4233 7.44354 0
      vertex 4.57308 3.05564 0
      vertex 15.3913 7.58055 0
    endloop
  endfacet
  facet normal 0 0 -1
    outer loop
      vertex 4.57308 3.05564 0
      vertex 15.4233 7.44354 0
      vertex 4.76314 2.75 0
    endloop
  endfacet
  facet normal -0 0 -1
    outer loop
      vertex 15.4641 7.3089 0
      vertex 4.76314 2.75 0
      vertex 15.4233 7.44354 0
    endloop
  endfacet
  facet normal 0 0 -1
    outer loop
      vertex 4.76314 2.75 0
      vertex 15.4641 7.3089 0
      vertex 4.9328 2.43259 0
    endloop
  endfacet
  facet normal -0 0 -1
    outer loop
      vertex 15.5137 7.17723 0
      vertex 4.9328 2.43259 0
      vertex 15.4641 7.3089 0
    endloop
  endfacet
  facet normal 0 0 -1
    outer loop
      vertex 20.2349 22.1422 0
      vertex 15.0378 30.4937 0
      vertex 17 29.4449 0
    endloop
  endfacet
  facet normal -0 0 -1
    outer loop
      vertex 15.5717 7.04908 0
      vertex 4.9328 2.43259 0
      vertex 15.5137 7.17723 0
    endloop
  endfacet
  facet normal 0 0 -1
    outer loop
      vertex 5.31259 1.4235 0
      vertex 15.8835 6.58241 0
      vertex 5.39432 1.073 0
    endloop
  endfacet
  facet normal 0 0 -1
    outer loop
      vertex 20.2349 -21.6984 0
      vertex 13.0112 -31.4119 0
      vertex 10.9289 -32.1956 0
    endloop
  endfacet
  facet normal 0 0 -1
    outer loop
      vertex 4.36344 3.34819 0
      vertex 15.3684 7.71937 0
      vertex 4.57308 3.05564 0
    endloop
  endfacet
  facet normal -0 0 -1
    outer loop
      vertex 20.253 -21.5887 0
      vertex 10.9289 -32.1956 0
      vertex 1.76792 -5.20812 0
    endloop
  endfacet
  facet normal 0 0 -1
    outer loop
      vertex 20.2203 21.9203 0
      vertex 15.0378 30.4937 0
      vertex 20.2239 22.0315 0
    endloop
  endfacet
  facet normal 0 0 -1
    outer loop
      vertex 1.76792 -5.20812 0
      vertex 10.9289 -32.1956 0
      vertex 8.79985 -32.8415 0
    endloop
  endfacet
  facet normal 0 0 -1
    outer loop
      vertex 20.2239 21.8091 0
      vertex 13.0112 31.4119 0
      vertex 20.2203 21.9203 0
    endloop
  endfacet
  facet normal 0 0 -1
    outer loop
      vertex 1.4235 -5.31259 0
      vertex 8.79985 -32.8415 0
      vertex 6.63307 -33.3467 0
    endloop
  endfacet
  facet normal 0 0 -1
    outer loop
      vertex 15.9797 9.52028 0
      vertex 8.79985 32.8415 0
      vertex 10.9289 32.1956 0
    endloop
  endfacet
  facet normal 0 0 -1
    outer loop
      vertex 15.7943 9.30884 0
      vertex 6.63307 33.3467 0
      vertex 8.79985 32.8415 0
    endloop
  endfacet
  facet normal 0 0 -1
    outer loop
      vertex 4.9328 2.43259 0
      vertex 15.5717 7.04908 0
      vertex 5.08134 2.10476 0
    endloop
  endfacet
  facet normal -0 0 -1
    outer loop
      vertex 15.638 6.925 0
      vertex 5.08134 2.10476 0
      vertex 15.5717 7.04908 0
    endloop
  endfacet
  facet normal 0 0 -1
    outer loop
      vertex 5.08134 2.10476 0
      vertex 15.638 6.925 0
      vertex 5.20812 1.76792 0
    endloop
  endfacet
  facet normal -0 0 -1
    outer loop
      vertex 15.7123 6.80552 0
      vertex 5.20812 1.76792 0
      vertex 15.638 6.925 0
    endloop
  endfacet
  facet normal 0 0 -1
    outer loop
      vertex 5.20812 1.76792 0
      vertex 15.7123 6.80552 0
      vertex 5.31259 1.4235 0
    endloop
  endfacet
  facet normal -0 0 -1
    outer loop
      vertex 15.7943 6.69116 0
      vertex 5.31259 1.4235 0
      vertex 15.7123 6.80552 0
    endloop
  endfacet
  facet normal -0 0 -1
    outer loop
      vertex 15.8835 6.58241 0
      vertex 5.31259 1.4235 0
      vertex 15.7943 6.69116 0
    endloop
  endfacet
  facet normal 0 0 -1
    outer loop
      vertex 21.2697 -20.3497 0
      vertex 4.76314 -2.75 0
      vertex 4.9328 -2.43259 0
    endloop
  endfacet
  facet normal 0 0 -1
    outer loop
      vertex 21.0703 -20.4481 0
      vertex 4.57308 -3.05564 0
      vertex 4.76314 -2.75 0
    endloop
  endfacet
  facet normal 0 0 -1
    outer loop
      vertex 1.073 -5.39432 0
      vertex 6.63307 -33.3467 0
      vertex 4.43789 -33.7091 0
    endloop
  endfacet
  facet normal 0 0 -1
    outer loop
      vertex 20.9758 -20.5068 0
      vertex 4.36344 -3.34819 0
      vertex 4.57308 -3.05564 0
    endloop
  endfacet
  facet normal 0 0 -1
    outer loop
      vertex 20.8854 -20.5716 0
      vertex 4.13512 -3.6264 0
      vertex 4.36344 -3.34819 0
    endloop
  endfacet
  facet normal 0 0 -1
    outer loop
      vertex 20.7994 -20.6422 0
      vertex 3.88909 -3.88909 0
      vertex 4.13512 -3.6264 0
    endloop
  endfacet
  facet normal 0 0 -1
    outer loop
      vertex 20.6422 -20.7994 0
      vertex 3.6264 -4.13512 0
      vertex 3.88909 -3.88909 0
    endloop
  endfacet
  facet normal 0 0 -1
    outer loop
      vertex 20.5716 -20.8854 0
      vertex 3.34819 -4.36344 0
      vertex 3.6264 -4.13512 0
    endloop
  endfacet
  facet normal 0 0 -1
    outer loop
      vertex 20.5068 -20.9758 0
      vertex 3.05564 -4.57308 0
      vertex 3.34819 -4.36344 0
    endloop
  endfacet
  facet normal 0 0 -1
    outer loop
      vertex 20.3956 -21.1684 0
      vertex 2.75 -4.76314 0
      vertex 3.05564 -4.57308 0
    endloop
  endfacet
  facet normal 0 0 -1
    outer loop
      vertex 20.3497 -21.2697 0
      vertex 2.43259 -4.9328 0
      vertex 2.75 -4.76314 0
    endloop
  endfacet
  facet normal 0 0 -1
    outer loop
      vertex 0.717894 -5.45295 0
      vertex 4.43789 -33.7091 0
      vertex 2.22371 -33.9272 0
    endloop
  endfacet
  facet normal 0 0 -1
    outer loop
      vertex 20.3105 -21.3739 0
      vertex 2.10476 -5.08134 0
      vertex 2.43259 -4.9328 0
    endloop
  endfacet
  facet normal 0 0 -1
    outer loop
      vertex 20.2782 -21.4803 0
      vertex 1.76792 -5.20812 0
      vertex 2.10476 -5.08134 0
    endloop
  endfacet
  facet normal 0 0 -1
    outer loop
      vertex 8.79985 -32.8415 0
      vertex 1.4235 -5.31259 0
      vertex 1.76792 -5.20812 0
    endloop
  endfacet
  facet normal 0 0 -1
    outer loop
      vertex 6.63307 -33.3467 0
      vertex 1.073 -5.39432 0
      vertex 1.4235 -5.31259 0
    endloop
  endfacet
  facet normal 0 0 -1
    outer loop
      vertex 4.43789 -33.7091 0
      vertex 0.717894 -5.45295 0
      vertex 1.073 -5.39432 0
    endloop
  endfacet
  facet normal 0 0 -1
    outer loop
      vertex 2.22371 -33.9272 0
      vertex 0.359716 -5.48822 0
      vertex 0.717894 -5.45295 0
    endloop
  endfacet
  facet normal 0 0 -1
    outer loop
      vertex 0 -34 0
      vertex 0.359716 -5.48822 0
      vertex 2.22371 -33.9272 0
    endloop
  endfacet
  facet normal 0 0 -1
    outer loop
      vertex 0 -34 0
      vertex 0 -5.5 0
      vertex 0.359716 -5.48822 0
    endloop
  endfacet
  facet normal 0 0 -1
    outer loop
      vertex 0 -34 0
      vertex -0.359716 -5.48822 0
      vertex 0 -5.5 0
    endloop
  endfacet
  facet normal 0 0 -1
    outer loop
      vertex -2.22371 -33.9272 0
      vertex -0.359716 -5.48822 0
      vertex 0 -34 0
    endloop
  endfacet
  facet normal -0 0 -1
    outer loop
      vertex -0.359716 -5.48822 0
      vertex -2.22371 -33.9272 0
      vertex -0.717894 -5.45295 0
    endloop
  endfacet
  facet normal 0 0 -1
    outer loop
      vertex -4.43789 -33.7091 0
      vertex -0.717894 -5.45295 0
      vertex -2.22371 -33.9272 0
    endloop
  endfacet
  facet normal -0 0 -1
    outer loop
      vertex -0.717894 -5.45295 0
      vertex -4.43789 -33.7091 0
      vertex -1.073 -5.39432 0
    endloop
  endfacet
  facet normal 0 0 -1
    outer loop
      vertex -6.63307 -33.3467 0
      vertex -1.073 -5.39432 0
      vertex -4.43789 -33.7091 0
    endloop
  endfacet
  facet normal -0 0 -1
    outer loop
      vertex -1.073 -5.39432 0
      vertex -6.63307 -33.3467 0
      vertex -1.4235 -5.31259 0
    endloop
  endfacet
  facet normal 0 0 -1
    outer loop
      vertex -8.79985 -32.8415 0
      vertex -1.4235 -5.31259 0
      vertex -6.63307 -33.3467 0
    endloop
  endfacet
  facet normal -0 0 -1
    outer loop
      vertex -1.4235 -5.31259 0
      vertex -8.79985 -32.8415 0
      vertex -1.76792 -5.20812 0
    endloop
  endfacet
  facet normal 0 0 -1
    outer loop
      vertex -13.0112 -31.4119 0
      vertex -20.2349 -21.6984 0
      vertex -10.9289 -32.1956 0
    endloop
  endfacet
  facet normal 0 0 -1
    outer loop
      vertex -10.9289 -32.1956 0
      vertex -1.76792 -5.20812 0
      vertex -8.79985 -32.8415 0
    endloop
  endfacet
  facet normal 0 0 -1
    outer loop
      vertex -20.253 -21.5887 0
      vertex -10.9289 -32.1956 0
      vertex -20.2349 -21.6984 0
    endloop
  endfacet
  facet normal 0 0 -1
    outer loop
      vertex -10.9289 -32.1956 0
      vertex -20.253 -21.5887 0
      vertex -1.76792 -5.20812 0
    endloop
  endfacet
  facet normal 0 0 -1
    outer loop
      vertex -20.2782 -21.4803 0
      vertex -1.76792 -5.20812 0
      vertex -20.253 -21.5887 0
    endloop
  endfacet
  facet normal -0 0 -1
    outer loop
      vertex -1.76792 -5.20812 0
      vertex -20.2782 -21.4803 0
      vertex -2.10476 -5.08134 0
    endloop
  endfacet
  facet normal 0 0 -1
    outer loop
      vertex -20.3105 -21.3739 0
      vertex -2.10476 -5.08134 0
      vertex -20.2782 -21.4803 0
    endloop
  endfacet
  facet normal -0 0 -1
    outer loop
      vertex -2.10476 -5.08134 0
      vertex -20.3105 -21.3739 0
      vertex -2.43259 -4.9328 0
    endloop
  endfacet
  facet normal 0 0 -1
    outer loop
      vertex -20.3497 -21.2697 0
      vertex -2.43259 -4.9328 0
      vertex -20.3105 -21.3739 0
    endloop
  endfacet
  facet normal -0 0 -1
    outer loop
      vertex -2.43259 -4.9328 0
      vertex -20.3497 -21.2697 0
      vertex -2.75 -4.76314 0
    endloop
  endfacet
  facet normal 0 0 -1
    outer loop
      vertex -20.3956 -21.1684 0
      vertex -2.75 -4.76314 0
      vertex -20.3497 -21.2697 0
    endloop
  endfacet
  facet normal -0 0 -1
    outer loop
      vertex -2.75 -4.76314 0
      vertex -20.3956 -21.1684 0
      vertex -3.05564 -4.57308 0
    endloop
  endfacet
  facet normal 0 0 -1
    outer loop
      vertex -20.4481 -21.0703 0
      vertex -3.05564 -4.57308 0
      vertex -20.3956 -21.1684 0
    endloop
  endfacet
  facet normal 0 0 -1
    outer loop
      vertex -20.5068 -20.9758 0
      vertex -3.05564 -4.57308 0
      vertex -20.4481 -21.0703 0
    endloop
  endfacet
  facet normal -0 0 -1
    outer loop
      vertex -3.05564 -4.57308 0
      vertex -20.5068 -20.9758 0
      vertex -3.34819 -4.36344 0
    endloop
  endfacet
  facet normal 0 -0 -1
    outer loop
      vertex -17.3594 5.8546 0
      vertex -5.08134 -2.10476 0
      vertex -17.5 5.85 0
    endloop
  endfacet
  facet normal 0 0 -1
    outer loop
      vertex -5.08134 -2.10476 0
      vertex -17.3594 5.8546 0
      vertex -5.20812 -1.76792 0
    endloop
  endfacet
  facet normal 0 -0 -1
    outer loop
      vertex -17.2194 5.86839 0
      vertex -5.20812 -1.76792 0
      vertex -17.3594 5.8546 0
    endloop
  endfacet
  facet normal 0.995184 0.0980271 0
    outer loop
      vertex 33.9272 2.22371 4
      vertex 33.7091 4.43789 0
      vertex 33.7091 4.43789 4
    endloop
  endfacet
  facet normal 0.995184 0.0980271 0
    outer loop
      vertex 33.7091 4.43789 0
      vertex 33.9272 2.22371 4
      vertex 33.9272 2.22371 0
    endloop
  endfacet
  facet normal 0.935909 0.352241 0
    outer loop
      vertex 32.1956 10.9289 4
      vertex 31.4119 13.0112 0
      vertex 31.4119 13.0112 4
    endloop
  endfacet
  facet normal 0.935909 0.352241 0
    outer loop
      vertex 31.4119 13.0112 0
      vertex 32.1956 10.9289 4
      vertex 32.1956 10.9289 0
    endloop
  endfacet
  facet normal 0.729831 0.683627 0
    outer loop
      vertex 25.5626 22.4178 4
      vertex 24.0416 24.0416 0
      vertex 24.0416 24.0416 4
    endloop
  endfacet
  facet normal 0.729831 0.683627 0
    outer loop
      vertex 24.0416 24.0416 0
      vertex 25.5626 22.4178 4
      vertex 25.5626 22.4178 0
    endloop
  endfacet
  facet normal 0.812837 0.582492 0
    outer loop
      vertex 28.27 18.8894 4
      vertex 26.974 20.6979 0
      vertex 26.974 20.6979 4
    endloop
  endfacet
  facet normal 0.812837 0.582492 0
    outer loop
      vertex 26.974 20.6979 0
      vertex 28.27 18.8894 4
      vertex 28.27 18.8894 0
    endloop
  endfacet
  facet normal 0.849203 0.528066 0
    outer loop
      vertex 29.4449 17 4
      vertex 28.27 18.8894 0
      vertex 28.27 18.8894 4
    endloop
  endfacet
  facet normal 0.849203 0.528066 0
    outer loop
      vertex 28.27 18.8894 0
      vertex 29.4449 17 4
      vertex 29.4449 17 0
    endloop
  endfacet
  facet normal 0.162884 0.986645 -0
    outer loop
      vertex 6.63307 33.3467 0
      vertex 4.43789 33.7091 4
      vertex 6.63307 33.3467 4
    endloop
  endfacet
  facet normal 0.162884 0.986645 0
    outer loop
      vertex 4.43789 33.7091 4
      vertex 6.63307 33.3467 0
      vertex 4.43789 33.7091 0
    endloop
  endfacet
  facet normal 0.352241 0.935909 -0
    outer loop
      vertex 13.0112 31.4119 0
      vertex 10.9289 32.1956 4
      vertex 13.0112 31.4119 4
    endloop
  endfacet
  facet normal 0.352241 0.935909 0
    outer loop
      vertex 10.9289 32.1956 4
      vertex 13.0112 31.4119 0
      vertex 10.9289 32.1956 0
    endloop
  endfacet
  facet normal 0.412692 0.910871 -0
    outer loop
      vertex 15.0378 30.4937 0
      vertex 13.0112 31.4119 4
      vertex 15.0378 30.4937 4
    endloop
  endfacet
  facet normal 0.412692 0.910871 0
    outer loop
      vertex 13.0112 31.4119 4
      vertex 15.0378 30.4937 0
      vertex 13.0112 31.4119 0
    endloop
  endfacet
  facet normal 0.528066 0.849203 -0
    outer loop
      vertex 18.8894 28.27 0
      vertex 17 29.4449 4
      vertex 18.8894 28.27 4
    endloop
  endfacet
  facet normal 0.528066 0.849203 0
    outer loop
      vertex 17 29.4449 4
      vertex 18.8894 28.27 0
      vertex 17 29.4449 0
    endloop
  endfacet
  facet normal -0.910871 0.412692 0
    outer loop
      vertex -31.4119 13.0112 0
      vertex -30.4937 15.0378 4
      vertex -30.4937 15.0378 0
    endloop
  endfacet
  facet normal -0.910871 0.412692 0
    outer loop
      vertex -30.4937 15.0378 4
      vertex -31.4119 13.0112 0
      vertex -31.4119 13.0112 4
    endloop
  endfacet
  facet normal -0.973879 0.227067 0
    outer loop
      vertex -33.3467 6.63307 0
      vertex -32.8415 8.79985 4
      vertex -32.8415 8.79985 0
    endloop
  endfacet
  facet normal -0.973879 0.227067 0
    outer loop
      vertex -32.8415 8.79985 4
      vertex -33.3467 6.63307 0
      vertex -33.3467 6.63307 4
    endloop
  endfacet
  facet normal 0 0 1
    outer loop
      vertex -18.1911 10.0359 4
      vertex -21.4803 20.2782 4
      vertex -18.3228 9.98634 4
    endloop
  endfacet
  facet normal 0 0 1
    outer loop
      vertex -19.65 8 4
      vertex -20.2239 -21.8091 4
      vertex -20.2203 -21.9203 4
    endloop
  endfacet
  facet normal -0 0 1
    outer loop
      vertex -21.5887 20.253 4
      vertex -18.3228 9.98634 4
      vertex -21.4803 20.2782 4
    endloop
  endfacet
  facet normal 0 0 1
    outer loop
      vertex -19.65 8 4
      vertex -20.2349 -21.6984 4
      vertex -20.2239 -21.8091 4
    endloop
  endfacet
  facet normal 0 0 1
    outer loop
      vertex -18.3228 9.98634 4
      vertex -21.5887 20.253 4
      vertex -18.4509 9.92828 4
    endloop
  endfacet
  facet normal 0 0 1
    outer loop
      vertex -19.65 8 4
      vertex -20.253 -21.5887 4
      vertex -20.2349 -21.6984 4
    endloop
  endfacet
  facet normal -0 0 1
    outer loop
      vertex -21.6984 20.2349 4
      vertex -18.4509 9.92828 4
      vertex -21.5887 20.253 4
    endloop
  endfacet
  facet normal 0 0 1
    outer loop
      vertex -19.65 8 4
      vertex -20.2782 -21.4803 4
      vertex -20.253 -21.5887 4
    endloop
  endfacet
  facet normal 0 0 1
    outer loop
      vertex -18.4509 9.92828 4
      vertex -21.6984 20.2349 4
      vertex -18.575 9.86195 4
    endloop
  endfacet
  facet normal 0 0 1
    outer loop
      vertex -19.65 8 4
      vertex -20.3105 -21.3739 4
      vertex -20.2782 -21.4803 4
    endloop
  endfacet
  facet normal -0 0 1
    outer loop
      vertex -21.8091 20.2239 4
      vertex -18.575 9.86195 4
      vertex -21.6984 20.2349 4
    endloop
  endfacet
  facet normal 0 0 1
    outer loop
      vertex -19.65 8 4
      vertex -20.3497 -21.2697 4
      vertex -20.3105 -21.3739 4
    endloop
  endfacet
  facet normal 0 0 1
    outer loop
      vertex -18.575 9.86195 4
      vertex -21.8091 20.2239 4
      vertex -18.6945 9.78766 4
    endloop
  endfacet
  facet normal 0 0 1
    outer loop
      vertex -19.65 8 4
      vertex -20.3956 -21.1684 4
      vertex -20.3497 -21.2697 4
    endloop
  endfacet
  facet normal -0 0 1
    outer loop
      vertex -21.9203 20.2203 4
      vertex -18.6945 9.78766 4
      vertex -21.8091 20.2239 4
    endloop
  endfacet
  facet normal 0 0 1
    outer loop
      vertex -19.65 8 4
      vertex -20.4481 -21.0703 4
      vertex -20.3956 -21.1684 4
    endloop
  endfacet
  facet normal 0 0 1
    outer loop
      vertex -18.6945 9.78766 4
      vertex -21.9203 20.2203 4
      vertex -18.8088 9.70571 4
    endloop
  endfacet
  facet normal 0 0 1
    outer loop
      vertex -19.65 8 4
      vertex -20.5068 -20.9758 4
      vertex -20.4481 -21.0703 4
    endloop
  endfacet
  facet normal 0 0 1
    outer loop
      vertex -22.0315 20.2239 4
      vertex -18.8088 9.70571 4
      vertex -21.9203 20.2203 4
    endloop
  endfacet
  facet normal 0 0 1
    outer loop
      vertex -19.65 8 4
      vertex -20.5716 -20.8854 4
      vertex -20.5068 -20.9758 4
    endloop
  endfacet
  facet normal 0 0 1
    outer loop
      vertex -18.8088 9.70571 4
      vertex -22.0315 20.2239 4
      vertex -18.9176 9.61646 4
    endloop
  endfacet
  facet normal 0 0 1
    outer loop
      vertex -19.65 8 4
      vertex -20.6422 -20.7994 4
      vertex -20.5716 -20.8854 4
    endloop
  endfacet
  facet normal 0 0 1
    outer loop
      vertex -22.1422 20.2349 4
      vertex -18.9176 9.61646 4
      vertex -22.0315 20.2239 4
    endloop
  endfacet
  facet normal 0 0 1
    outer loop
      vertex -19.65 8 4
      vertex -20.7182 -20.7182 4
      vertex -20.6422 -20.7994 4
    endloop
  endfacet
  facet normal 0 0 1
    outer loop
      vertex -18.9176 9.61646 4
      vertex -22.1422 20.2349 4
      vertex -19.0203 9.52028 4
    endloop
  endfacet
  facet normal 0 0 1
    outer loop
      vertex -19.65 8 4
      vertex -20.7994 -20.6422 4
      vertex -20.7182 -20.7182 4
    endloop
  endfacet
  facet normal 0 0 1
    outer loop
      vertex -22.252 20.253 4
      vertex -19.0203 9.52028 4
      vertex -22.1422 20.2349 4
    endloop
  endfacet
  facet normal 0 0 1
    outer loop
      vertex -19.65 8 4
      vertex -20.8854 -20.5716 4
      vertex -20.7994 -20.6422 4
    endloop
  endfacet
  facet normal -0 0 1
    outer loop
      vertex -29.4449 17 4
      vertex -19.0203 9.52028 4
      vertex -22.252 20.253 4
    endloop
  endfacet
  facet normal 0 0 1
    outer loop
      vertex -19.65 8 4
      vertex -20.9758 -20.5068 4
      vertex -20.8854 -20.5716 4
    endloop
  endfacet
  facet normal 0 0 1
    outer loop
      vertex -19.0203 9.52028 4
      vertex -29.4449 17 4
      vertex -19.1165 9.41759 4
    endloop
  endfacet
  facet normal 0 0 1
    outer loop
      vertex -19.65 8 4
      vertex -21.0703 -20.4481 4
      vertex -20.9758 -20.5068 4
    endloop
  endfacet
  facet normal 0 0 1
    outer loop
      vertex -19.1165 9.41759 4
      vertex -29.4449 17 4
      vertex -19.2057 9.30884 4
    endloop
  endfacet
  facet normal 0 0 1
    outer loop
      vertex -19.65 8 4
      vertex -21.1684 -20.3956 4
      vertex -21.0703 -20.4481 4
    endloop
  endfacet
  facet normal -0 0 1
    outer loop
      vertex -30.4937 15.0378 4
      vertex -19.2057 9.30884 4
      vertex -29.4449 17 4
    endloop
  endfacet
  facet normal 0 -0 1
    outer loop
      vertex -33.9272 -2.22371 4
      vertex -19.65 8 4
      vertex -34 0 4
    endloop
  endfacet
  facet normal 0 0 1
    outer loop
      vertex -19.2057 9.30884 4
      vertex -30.4937 15.0378 4
      vertex -19.2877 9.19448 4
    endloop
  endfacet
  facet normal 0 0 1
    outer loop
      vertex -19.65 8 4
      vertex -21.2697 -20.3497 4
      vertex -21.1684 -20.3956 4
    endloop
  endfacet
  facet normal 0 0 1
    outer loop
      vertex -19.2877 9.19448 4
      vertex -30.4937 15.0378 4
      vertex -19.362 9.075 4
    endloop
  endfacet
  facet normal 0 -0 1
    outer loop
      vertex -33.7091 -4.43789 4
      vertex -19.65 8 4
      vertex -33.9272 -2.22371 4
    endloop
  endfacet
  facet normal 0 0 1
    outer loop
      vertex -19.362 9.075 4
      vertex -30.4937 15.0378 4
      vertex -19.4283 8.95092 4
    endloop
  endfacet
  facet normal 0 -0 1
    outer loop
      vertex -33.3467 -6.63307 4
      vertex -19.65 8 4
      vertex -33.7091 -4.43789 4
    endloop
  endfacet
  facet normal 0 0 1
    outer loop
      vertex -19.4283 8.95092 4
      vertex -30.4937 15.0378 4
      vertex -19.4863 8.82277 4
    endloop
  endfacet
  facet normal 0 0 1
    outer loop
      vertex -19.65 8 4
      vertex -21.3739 -20.3105 4
      vertex -21.2697 -20.3497 4
    endloop
  endfacet
  facet normal -0 0 1
    outer loop
      vertex -31.4119 13.0112 4
      vertex -19.4863 8.82277 4
      vertex -30.4937 15.0378 4
    endloop
  endfacet
  facet normal 0 -0 1
    outer loop
      vertex -32.8415 -8.79985 4
      vertex -19.65 8 4
      vertex -33.3467 -6.63307 4
    endloop
  endfacet
  facet normal 0 0 1
    outer loop
      vertex -19.4863 8.82277 4
      vertex -31.4119 13.0112 4
      vertex -19.5359 8.69109 4
    endloop
  endfacet
  facet normal 0 0 1
    outer loop
      vertex -19.65 8 4
      vertex -21.4803 -20.2782 4
      vertex -21.3739 -20.3105 4
    endloop
  endfacet
  facet normal 0 0 1
    outer loop
      vertex -19.5359 8.69109 4
      vertex -31.4119 13.0112 4
      vertex -19.5767 8.55646 4
    endloop
  endfacet
  facet normal 0 -0 1
    outer loop
      vertex -32.1956 -10.9289 4
      vertex -19.65 8 4
      vertex -32.8415 -8.79985 4
    endloop
  endfacet
  facet normal 0 0 1
    outer loop
      vertex -19.5767 8.55646 4
      vertex -31.4119 13.0112 4
      vertex -19.6087 8.41944 4
    endloop
  endfacet
  facet normal 0 0 1
    outer loop
      vertex -19.65 8 4
      vertex -21.5887 -20.253 4
      vertex -21.4803 -20.2782 4
    endloop
  endfacet
  facet normal -0 0 1
    outer loop
      vertex -32.1956 10.9289 4
      vertex -19.6087 8.41944 4
      vertex -31.4119 13.0112 4
    endloop
  endfacet
  facet normal 0 0 1
    outer loop
      vertex -19.65 8 4
      vertex -32.1956 -10.9289 4
      vertex -21.5887 -20.253 4
    endloop
  endfacet
  facet normal 0 0 1
    outer loop
      vertex -29.4449 17 4
      vertex -22.252 20.253 4
      vertex -22.3603 20.2782 4
    endloop
  endfacet
  facet normal 0 0 1
    outer loop
      vertex -21.5887 -20.253 4
      vertex -32.1956 -10.9289 4
      vertex -21.6984 -20.2349 4
    endloop
  endfacet
  facet normal 0 0 1
    outer loop
      vertex -29.4449 17 4
      vertex -22.3603 20.2782 4
      vertex -22.4668 20.3105 4
    endloop
  endfacet
  facet normal -0 -0 1
    outer loop
      vertex -31.4119 -13.0112 4
      vertex -21.6984 -20.2349 4
      vertex -32.1956 -10.9289 4
    endloop
  endfacet
  facet normal 0 0 1
    outer loop
      vertex -28.27 18.8894 4
      vertex -22.4668 20.3105 4
      vertex -22.5709 20.3497 4
    endloop
  endfacet
  facet normal 0 0 1
    outer loop
      vertex -21.6984 -20.2349 4
      vertex -31.4119 -13.0112 4
      vertex -21.8091 -20.2239 4
    endloop
  endfacet
  facet normal 0 0 1
    outer loop
      vertex -28.27 18.8894 4
      vertex -22.5709 20.3497 4
      vertex -22.6722 20.3956 4
    endloop
  endfacet
  facet normal 0 0 1
    outer loop
      vertex -21.8091 -20.2239 4
      vertex -31.4119 -13.0112 4
      vertex -21.9203 -20.2203 4
    endloop
  endfacet
  facet normal 0 0 1
    outer loop
      vertex -28.27 18.8894 4
      vertex -22.6722 20.3956 4
      vertex -22.7703 20.4481 4
    endloop
  endfacet
  facet normal -0 -0 1
    outer loop
      vertex -30.4937 -15.0378 4
      vertex -21.9203 -20.2203 4
      vertex -31.4119 -13.0112 4
    endloop
  endfacet
  facet normal 0 0 1
    outer loop
      vertex -28.27 18.8894 4
      vertex -22.7703 20.4481 4
      vertex -22.8648 20.5068 4
    endloop
  endfacet
  facet normal 0 0 1
    outer loop
      vertex -21.9203 -20.2203 4
      vertex -30.4937 -15.0378 4
      vertex -22.0315 -20.2239 4
    endloop
  endfacet
  facet normal 0 0 1
    outer loop
      vertex -28.27 18.8894 4
      vertex -22.8648 20.5068 4
      vertex -22.9552 20.5716 4
    endloop
  endfacet
  facet normal 0 0 1
    outer loop
      vertex -22.0315 -20.2239 4
      vertex -30.4937 -15.0378 4
      vertex -22.1422 -20.2349 4
    endloop
  endfacet
  facet normal 0 0 1
    outer loop
      vertex -26.974 20.6979 4
      vertex -22.9552 20.5716 4
      vertex -23.0412 20.6422 4
    endloop
  endfacet
  facet normal -0 -0 1
    outer loop
      vertex -29.4449 -17 4
      vertex -22.1422 -20.2349 4
      vertex -30.4937 -15.0378 4
    endloop
  endfacet
  facet normal -0 0 1
    outer loop
      vertex -26.974 20.6979 4
      vertex -23.0412 20.6422 4
      vertex -23.1224 20.7182 4
    endloop
  endfacet
  facet normal 0 0 1
    outer loop
      vertex -22.1422 -20.2349 4
      vertex -29.4449 -17 4
      vertex -22.252 -20.253 4
    endloop
  endfacet
  facet normal 0 0 1
    outer loop
      vertex -26.974 20.6979 4
      vertex -23.1224 20.7182 4
      vertex -23.1984 20.7994 4
    endloop
  endfacet
  facet normal 0 0 1
    outer loop
      vertex -22.252 -20.253 4
      vertex -29.4449 -17 4
      vertex -22.3603 -20.2782 4
    endloop
  endfacet
  facet normal 0 0 1
    outer loop
      vertex -26.974 20.6979 4
      vertex -23.1984 20.7994 4
      vertex -23.269 20.8854 4
    endloop
  endfacet
  facet normal 0 0 1
    outer loop
      vertex -22.3603 -20.2782 4
      vertex -29.4449 -17 4
      vertex -22.4668 -20.3105 4
    endloop
  endfacet
  facet normal 0 0 1
    outer loop
      vertex -26.974 20.6979 4
      vertex -23.269 20.8854 4
      vertex -23.3338 20.9758 4
    endloop
  endfacet
  facet normal -0 -0 1
    outer loop
      vertex -28.27 -18.8894 4
      vertex -22.4668 -20.3105 4
      vertex -29.4449 -17 4
    endloop
  endfacet
  facet normal 0 0 1
    outer loop
      vertex -26.974 20.6979 4
      vertex -23.3338 20.9758 4
      vertex -23.3926 21.0703 4
    endloop
  endfacet
  facet normal 0 0 1
    outer loop
      vertex -22.4668 -20.3105 4
      vertex -28.27 -18.8894 4
      vertex -22.5709 -20.3497 4
    endloop
  endfacet
  facet normal 0 0 1
    outer loop
      vertex -26.974 20.6979 4
      vertex -23.3926 21.0703 4
      vertex -23.445 21.1684 4
    endloop
  endfacet
  facet normal 0 0 1
    outer loop
      vertex -22.5709 -20.3497 4
      vertex -28.27 -18.8894 4
      vertex -22.6722 -20.3956 4
    endloop
  endfacet
  facet normal 0 0 1
    outer loop
      vertex -26.974 20.6979 4
      vertex -23.445 21.1684 4
      vertex -23.4909 21.2697 4
    endloop
  endfacet
  facet normal 0 0 1
    outer loop
      vertex -19.65 8 4
      vertex -33.9272 2.22371 4
      vertex -34 0 4
    endloop
  endfacet
  facet normal 0 0 1
    outer loop
      vertex -25.5626 22.4178 4
      vertex -23.4909 21.2697 4
      vertex -23.5301 21.3739 4
    endloop
  endfacet
  facet normal 0 0 1
    outer loop
      vertex -22.6722 -20.3956 4
      vertex -28.27 -18.8894 4
      vertex -22.7703 -20.4481 4
    endloop
  endfacet
  facet normal 0 0 1
    outer loop
      vertex -25.5626 22.4178 4
      vertex -23.5301 21.3739 4
      vertex -23.5624 21.4803 4
    endloop
  endfacet
  facet normal 0 0 1
    outer loop
      vertex -22.7703 -20.4481 4
      vertex -28.27 -18.8894 4
      vertex -22.8648 -20.5068 4
    endloop
  endfacet
  facet normal 0 0 1
    outer loop
      vertex -25.5626 22.4178 4
      vertex -23.5624 21.4803 4
      vertex -23.5876 21.5887 4
    endloop
  endfacet
  facet normal 0 0 1
    outer loop
      vertex -22.8648 -20.5068 4
      vertex -28.27 -18.8894 4
      vertex -22.9552 -20.5716 4
    endloop
  endfacet
  facet normal 0 0 1
    outer loop
      vertex -25.5626 22.4178 4
      vertex -23.5876 21.5887 4
      vertex -23.6058 21.6984 4
    endloop
  endfacet
  facet normal 0 -0 1
    outer loop
      vertex -26.974 -20.6979 4
      vertex -22.9552 -20.5716 4
      vertex -28.27 -18.8894 4
    endloop
  endfacet
  facet normal 0 0 1
    outer loop
      vertex -25.5626 22.4178 4
      vertex -23.6058 21.6984 4
      vertex -23.6167 21.8091 4
    endloop
  endfacet
  facet normal 0 0 1
    outer loop
      vertex -22.9552 -20.5716 4
      vertex -26.974 -20.6979 4
      vertex -23.0412 -20.6422 4
    endloop
  endfacet
  facet normal 0 0 1
    outer loop
      vertex -25.5626 22.4178 4
      vertex -23.6167 21.8091 4
      vertex -23.6203 21.9203 4
    endloop
  endfacet
  facet normal 0 0 1
    outer loop
      vertex -23.0412 -20.6422 4
      vertex -26.974 -20.6979 4
      vertex -23.1224 -20.7182 4
    endloop
  endfacet
  facet normal -0 0 1
    outer loop
      vertex -15.9797 6.47972 4
      vertex -5.39432 1.073 4
      vertex -15.8835 6.58241 4
    endloop
  endfacet
  facet normal 0 0 1
    outer loop
      vertex -5.39432 1.073 4
      vertex -15.9797 6.47972 4
      vertex -5.45295 0.717894 4
    endloop
  endfacet
  facet normal -0 0 1
    outer loop
      vertex -16.0824 6.38354 4
      vertex -5.45295 0.717894 4
      vertex -15.9797 6.47972 4
    endloop
  endfacet
  facet normal -0 0 1
    outer loop
      vertex -16.1912 6.29429 4
      vertex -5.45295 0.717894 4
      vertex -16.0824 6.38354 4
    endloop
  endfacet
  facet normal 0 0 1
    outer loop
      vertex -5.45295 0.717894 4
      vertex -16.1912 6.29429 4
      vertex -5.48822 0.359716 4
    endloop
  endfacet
  facet normal -0 0 1
    outer loop
      vertex -16.3055 6.21234 4
      vertex -5.48822 0.359716 4
      vertex -16.1912 6.29429 4
    endloop
  endfacet
  facet normal 0 0 1
    outer loop
      vertex -5.48822 0.359716 4
      vertex -16.3055 6.21234 4
      vertex -5.5 0 4
    endloop
  endfacet
  facet normal -0 0 1
    outer loop
      vertex -16.425 6.13805 4
      vertex -5.5 0 4
      vertex -16.3055 6.21234 4
    endloop
  endfacet
  facet normal 0 0 1
    outer loop
      vertex -5.5 0 4
      vertex -16.425 6.13805 4
      vertex -5.48822 -0.359716 4
    endloop
  endfacet
  facet normal -0 0 1
    outer loop
      vertex -16.5491 6.07172 4
      vertex -5.48822 -0.359716 4
      vertex -16.425 6.13805 4
    endloop
  endfacet
  facet normal -0 0 1
    outer loop
      vertex -16.6772 6.01366 4
      vertex -5.48822 -0.359716 4
      vertex -16.5491 6.07172 4
    endloop
  endfacet
  facet normal 0 0 1
    outer loop
      vertex -5.48822 -0.359716 4
      vertex -16.6772 6.01366 4
      vertex -5.45295 -0.717894 4
    endloop
  endfacet
  facet normal -0 0 1
    outer loop
      vertex -16.8089 5.9641 4
      vertex -5.45295 -0.717894 4
      vertex -16.6772 6.01366 4
    endloop
  endfacet
  facet normal 0 0 1
    outer loop
      vertex -5.45295 -0.717894 4
      vertex -16.8089 5.9641 4
      vertex -5.39432 -1.073 4
    endloop
  endfacet
  facet normal -0 0 1
    outer loop
      vertex -16.9435 5.92326 4
      vertex -5.39432 -1.073 4
      vertex -16.8089 5.9641 4
    endloop
  endfacet
  facet normal 0 0 1
    outer loop
      vertex -5.39432 -1.073 4
      vertex -16.9435 5.92326 4
      vertex -5.31259 -1.4235 4
    endloop
  endfacet
  facet normal -0 0 1
    outer loop
      vertex -17.0806 5.89131 4
      vertex -5.31259 -1.4235 4
      vertex -16.9435 5.92326 4
    endloop
  endfacet
  facet normal 0 0 1
    outer loop
      vertex -5.31259 -1.4235 4
      vertex -17.0806 5.89131 4
      vertex -5.20812 -1.76792 4
    endloop
  endfacet
  facet normal -0 0 1
    outer loop
      vertex -17.2194 5.86839 4
      vertex -5.20812 -1.76792 4
      vertex -17.0806 5.89131 4
    endloop
  endfacet
  facet normal -0 0 1
    outer loop
      vertex -17.3594 5.8546 4
      vertex -5.20812 -1.76792 4
      vertex -17.2194 5.86839 4
    endloop
  endfacet
  facet normal 0 0 1
    outer loop
      vertex -4.9328 -2.43259 4
      vertex -20.2203 -21.9203 4
      vertex -15.0378 -30.4937 4
    endloop
  endfacet
  facet normal 0 0 1
    outer loop
      vertex -5.20812 -1.76792 4
      vertex -17.3594 5.8546 4
      vertex -5.08134 -2.10476 4
    endloop
  endfacet
  facet normal -0 0 1
    outer loop
      vertex -17.5 5.85 4
      vertex -5.08134 -2.10476 4
      vertex -17.3594 5.8546 4
    endloop
  endfacet
  facet normal 0 0 1
    outer loop
      vertex -5.08134 -2.10476 4
      vertex -17.5 5.85 4
      vertex -4.9328 -2.43259 4
    endloop
  endfacet
  facet normal 0 0 1
    outer loop
      vertex -4.9328 -2.43259 4
      vertex -17.5 5.85 4
      vertex -20.2203 -21.9203 4
    endloop
  endfacet
  facet normal 0 0 1
    outer loop
      vertex -20.2203 -21.9203 4
      vertex -17.5 5.85 4
      vertex -17.6406 5.8546 4
    endloop
  endfacet
  facet normal 0 0 1
    outer loop
      vertex -20.2203 -21.9203 4
      vertex -17.6406 5.8546 4
      vertex -17.7806 5.86839 4
    endloop
  endfacet
  facet normal 0 0 1
    outer loop
      vertex -20.2203 -21.9203 4
      vertex -17.7806 5.86839 4
      vertex -17.9194 5.89131 4
    endloop
  endfacet
  facet normal 0 0 1
    outer loop
      vertex -20.2203 -21.9203 4
      vertex -17.9194 5.89131 4
      vertex -18.0565 5.92326 4
    endloop
  endfacet
  facet normal 0 0 1
    outer loop
      vertex -20.2203 -21.9203 4
      vertex -18.0565 5.92326 4
      vertex -18.1911 5.9641 4
    endloop
  endfacet
  facet normal 0 0 1
    outer loop
      vertex -20.2203 -21.9203 4
      vertex -18.1911 5.9641 4
      vertex -18.3228 6.01366 4
    endloop
  endfacet
  facet normal 0 0 1
    outer loop
      vertex -20.2203 -21.9203 4
      vertex -18.3228 6.01366 4
      vertex -18.4509 6.07172 4
    endloop
  endfacet
  facet normal 0 0 1
    outer loop
      vertex -20.2203 -21.9203 4
      vertex -18.4509 6.07172 4
      vertex -18.575 6.13805 4
    endloop
  endfacet
  facet normal 0 0 1
    outer loop
      vertex -20.2203 -21.9203 4
      vertex -18.575 6.13805 4
      vertex -18.6945 6.21234 4
    endloop
  endfacet
  facet normal 0 0 1
    outer loop
      vertex -20.2203 -21.9203 4
      vertex -18.6945 6.21234 4
      vertex -18.8088 6.29429 4
    endloop
  endfacet
  facet normal -0 0 1
    outer loop
      vertex -20.2239 -22.0315 4
      vertex -15.0378 -30.4937 4
      vertex -20.2203 -21.9203 4
    endloop
  endfacet
  facet normal 0 0 1
    outer loop
      vertex -20.2203 -21.9203 4
      vertex -18.8088 6.29429 4
      vertex -18.9176 6.38354 4
    endloop
  endfacet
  facet normal 0 0 1
    outer loop
      vertex -20.2203 -21.9203 4
      vertex -18.9176 6.38354 4
      vertex -19.0203 6.47972 4
    endloop
  endfacet
  facet normal 0 0 1
    outer loop
      vertex -20.2203 -21.9203 4
      vertex -19.0203 6.47972 4
      vertex -19.1165 6.58241 4
    endloop
  endfacet
  facet normal 0 0 1
    outer loop
      vertex -20.2203 -21.9203 4
      vertex -19.1165 6.58241 4
      vertex -19.2057 6.69116 4
    endloop
  endfacet
  facet normal 0 0 1
    outer loop
      vertex -20.2203 -21.9203 4
      vertex -19.2057 6.69116 4
      vertex -19.2877 6.80552 4
    endloop
  endfacet
  facet normal 0 0 1
    outer loop
      vertex -20.2203 -21.9203 4
      vertex -19.2877 6.80552 4
      vertex -19.362 6.925 4
    endloop
  endfacet
  facet normal 0 0 1
    outer loop
      vertex -20.2203 -21.9203 4
      vertex -19.362 6.925 4
      vertex -19.4283 7.04908 4
    endloop
  endfacet
  facet normal 0 0 1
    outer loop
      vertex -20.2203 -21.9203 4
      vertex -19.4283 7.04908 4
      vertex -19.4863 7.17723 4
    endloop
  endfacet
  facet normal 0 0 1
    outer loop
      vertex -20.2203 -21.9203 4
      vertex -19.4863 7.17723 4
      vertex -19.5359 7.3089 4
    endloop
  endfacet
  facet normal 0 0 1
    outer loop
      vertex -20.2203 -21.9203 4
      vertex -19.5359 7.3089 4
      vertex -19.5767 7.44354 4
    endloop
  endfacet
  facet normal 0 0 1
    outer loop
      vertex -20.2203 -21.9203 4
      vertex -19.5767 7.44354 4
      vertex -19.6087 7.58055 4
    endloop
  endfacet
  facet normal 0 0 1
    outer loop
      vertex -20.2203 -21.9203 4
      vertex -19.6087 7.58055 4
      vertex -19.6316 7.71937 4
    endloop
  endfacet
  facet normal 0 0 1
    outer loop
      vertex -20.2203 -21.9203 4
      vertex -19.6316 7.71937 4
      vertex -19.6454 7.85938 4
    endloop
  endfacet
  facet normal 0 0 1
    outer loop
      vertex -20.2203 -21.9203 4
      vertex -19.6454 7.85938 4
      vertex -19.65 8 4
    endloop
  endfacet
  facet normal -0 0 1
    outer loop
      vertex -21.4803 20.2782 4
      vertex -18.1911 10.0359 4
      vertex -21.3739 20.3105 4
    endloop
  endfacet
  facet normal -0 0 1
    outer loop
      vertex -20.2349 -22.1422 4
      vertex -15.0378 -30.4937 4
      vertex -20.2239 -22.0315 4
    endloop
  endfacet
  facet normal 0 0 1
    outer loop
      vertex -15.0378 -30.4937 4
      vertex -20.2349 -22.1422 4
      vertex -17 -29.4449 4
    endloop
  endfacet
  facet normal -0 0 1
    outer loop
      vertex -20.253 -22.252 4
      vertex -17 -29.4449 4
      vertex -20.2349 -22.1422 4
    endloop
  endfacet
  facet normal -0 0 1
    outer loop
      vertex -20.2782 -22.3603 4
      vertex -17 -29.4449 4
      vertex -20.253 -22.252 4
    endloop
  endfacet
  facet normal -0 0 1
    outer loop
      vertex -20.3105 -22.4668 4
      vertex -17 -29.4449 4
      vertex -20.2782 -22.3603 4
    endloop
  endfacet
  facet normal 0 0 1
    outer loop
      vertex -17 -29.4449 4
      vertex -20.3105 -22.4668 4
      vertex -18.8894 -28.27 4
    endloop
  endfacet
  facet normal -0 0 1
    outer loop
      vertex -20.3497 -22.5709 4
      vertex -18.8894 -28.27 4
      vertex -20.3105 -22.4668 4
    endloop
  endfacet
  facet normal -0 0 1
    outer loop
      vertex -20.3956 -22.6722 4
      vertex -18.8894 -28.27 4
      vertex -20.3497 -22.5709 4
    endloop
  endfacet
  facet normal -0 0 1
    outer loop
      vertex -20.4481 -22.7703 4
      vertex -18.8894 -28.27 4
      vertex -20.3956 -22.6722 4
    endloop
  endfacet
  facet normal -0 0 1
    outer loop
      vertex -20.5068 -22.8648 4
      vertex -18.8894 -28.27 4
      vertex -20.4481 -22.7703 4
    endloop
  endfacet
  facet normal -0 0 1
    outer loop
      vertex -20.5716 -22.9552 4
      vertex -18.8894 -28.27 4
      vertex -20.5068 -22.8648 4
    endloop
  endfacet
  facet normal 0 0 1
    outer loop
      vertex -20.6979 -26.974 4
      vertex -20.5716 -22.9552 4
      vertex -20.6422 -23.0412 4
    endloop
  endfacet
  facet normal 0 0 1
    outer loop
      vertex -20.5716 -22.9552 4
      vertex -20.6979 -26.974 4
      vertex -18.8894 -28.27 4
    endloop
  endfacet
  facet normal -0 0 1
    outer loop
      vertex -20.7182 -23.1224 4
      vertex -20.6979 -26.974 4
      vertex -20.6422 -23.0412 4
    endloop
  endfacet
  facet normal -0 0 1
    outer loop
      vertex -20.7994 -23.1984 4
      vertex -20.6979 -26.974 4
      vertex -20.7182 -23.1224 4
    endloop
  endfacet
  facet normal -0 0 1
    outer loop
      vertex -20.8854 -23.269 4
      vertex -20.6979 -26.974 4
      vertex -20.7994 -23.1984 4
    endloop
  endfacet
  facet normal -0 0 1
    outer loop
      vertex -20.9758 -23.3338 4
      vertex -20.6979 -26.974 4
      vertex -20.8854 -23.269 4
    endloop
  endfacet
  facet normal -0 0 1
    outer loop
      vertex -21.0703 -23.3926 4
      vertex -20.6979 -26.974 4
      vertex -20.9758 -23.3338 4
    endloop
  endfacet
  facet normal -0 0 1
    outer loop
      vertex -21.1684 -23.445 4
      vertex -20.6979 -26.974 4
      vertex -21.0703 -23.3926 4
    endloop
  endfacet
  facet normal -0 0 1
    outer loop
      vertex -21.2697 -23.4909 4
      vertex -20.6979 -26.974 4
      vertex -21.1684 -23.445 4
    endloop
  endfacet
  facet normal 0 0 1
    outer loop
      vertex -22.4178 -25.5626 4
      vertex -21.2697 -23.4909 4
      vertex -21.3739 -23.5301 4
    endloop
  endfacet
  facet normal 0 0 1
    outer loop
      vertex -22.4178 -25.5626 4
      vertex -21.3739 -23.5301 4
      vertex -21.4803 -23.5624 4
    endloop
  endfacet
  facet normal 0 0 1
    outer loop
      vertex -22.4178 -25.5626 4
      vertex -21.4803 -23.5624 4
      vertex -21.5887 -23.5876 4
    endloop
  endfacet
  facet normal 0 0 1
    outer loop
      vertex -22.4178 -25.5626 4
      vertex -21.5887 -23.5876 4
      vertex -21.6984 -23.6058 4
    endloop
  endfacet
  facet normal 0 0 1
    outer loop
      vertex -22.4178 -25.5626 4
      vertex -21.6984 -23.6058 4
      vertex -21.8091 -23.6167 4
    endloop
  endfacet
  facet normal 0 0 1
    outer loop
      vertex -22.4178 -25.5626 4
      vertex -21.8091 -23.6167 4
      vertex -21.9203 -23.6203 4
    endloop
  endfacet
  facet normal 0 0 1
    outer loop
      vertex -22.4178 -25.5626 4
      vertex -21.9203 -23.6203 4
      vertex -22.0315 -23.6167 4
    endloop
  endfacet
  facet normal 0 0 1
    outer loop
      vertex -22.4178 -25.5626 4
      vertex -22.0315 -23.6167 4
      vertex -22.1422 -23.6058 4
    endloop
  endfacet
  facet normal 0 0 1
    outer loop
      vertex -22.4178 -25.5626 4
      vertex -22.1422 -23.6058 4
      vertex -22.252 -23.5876 4
    endloop
  endfacet
  facet normal 0 0 1
    outer loop
      vertex -22.4178 -25.5626 4
      vertex -22.252 -23.5876 4
      vertex -22.3603 -23.5624 4
    endloop
  endfacet
  facet normal 0 0 1
    outer loop
      vertex -21.2697 -23.4909 4
      vertex -22.4178 -25.5626 4
      vertex -20.6979 -26.974 4
    endloop
  endfacet
  facet normal 0 0 1
    outer loop
      vertex -22.4668 -23.5301 4
      vertex -22.4178 -25.5626 4
      vertex -22.3603 -23.5624 4
    endloop
  endfacet
  facet normal 0 0 1
    outer loop
      vertex -22.5709 -23.4909 4
      vertex -22.4178 -25.5626 4
      vertex -22.4668 -23.5301 4
    endloop
  endfacet
  facet normal 0 0 1
    outer loop
      vertex -24.0416 -24.0416 4
      vertex -22.5709 -23.4909 4
      vertex -22.6722 -23.445 4
    endloop
  endfacet
  facet normal 0 0 1
    outer loop
      vertex -24.0416 -24.0416 4
      vertex -22.6722 -23.445 4
      vertex -22.7703 -23.3926 4
    endloop
  endfacet
  facet normal 0 0 1
    outer loop
      vertex -24.0416 -24.0416 4
      vertex -22.7703 -23.3926 4
      vertex -22.8648 -23.3338 4
    endloop
  endfacet
  facet normal 0 0 1
    outer loop
      vertex -24.0416 -24.0416 4
      vertex -22.8648 -23.3338 4
      vertex -22.9552 -23.269 4
    endloop
  endfacet
  facet normal 0 0 1
    outer loop
      vertex -24.0416 -24.0416 4
      vertex -22.9552 -23.269 4
      vertex -23.0412 -23.1984 4
    endloop
  endfacet
  facet normal 0 0 1
    outer loop
      vertex -24.0416 -24.0416 4
      vertex -23.0412 -23.1984 4
      vertex -23.1224 -23.1224 4
    endloop
  endfacet
  facet normal 0 0 1
    outer loop
      vertex -24.0416 -24.0416 4
      vertex -23.1224 -23.1224 4
      vertex -23.1984 -23.0412 4
    endloop
  endfacet
  facet normal 0 0 1
    outer loop
      vertex -24.0416 -24.0416 4
      vertex -23.1984 -23.0412 4
      vertex -23.269 -22.9552 4
    endloop
  endfacet
  facet normal 0 0 1
    outer loop
      vertex -24.0416 -24.0416 4
      vertex -23.269 -22.9552 4
      vertex -23.3338 -22.8648 4
    endloop
  endfacet
  facet normal 0 0 1
    outer loop
      vertex -24.0416 -24.0416 4
      vertex -23.3338 -22.8648 4
      vertex -23.3926 -22.7703 4
    endloop
  endfacet
  facet normal 0 0 1
    outer loop
      vertex -24.0416 -24.0416 4
      vertex -23.3926 -22.7703 4
      vertex -23.445 -22.6722 4
    endloop
  endfacet
  facet normal 0 0 1
    outer loop
      vertex -24.0416 -24.0416 4
      vertex -23.445 -22.6722 4
      vertex -23.4909 -22.5709 4
    endloop
  endfacet
  facet normal 0 0 1
    outer loop
      vertex -25.5626 -22.4178 4
      vertex -23.4909 -22.5709 4
      vertex -23.5301 -22.4668 4
    endloop
  endfacet
  facet normal 0 0 1
    outer loop
      vertex -22.5709 -23.4909 4
      vertex -24.0416 -24.0416 4
      vertex -22.4178 -25.5626 4
    endloop
  endfacet
  facet normal -0 0 1
    outer loop
      vertex -25.5626 -22.4178 4
      vertex -23.5301 -22.4668 4
      vertex -23.5624 -22.3603 4
    endloop
  endfacet
  facet normal 0 0 1
    outer loop
      vertex -25.5626 -22.4178 4
      vertex -23.5624 -22.3603 4
      vertex -23.5876 -22.252 4
    endloop
  endfacet
  facet normal 0 0 1
    outer loop
      vertex -25.5626 -22.4178 4
      vertex -23.5876 -22.252 4
      vertex -23.6058 -22.1422 4
    endloop
  endfacet
  facet normal 0 0 1
    outer loop
      vertex -25.5626 -22.4178 4
      vertex -23.6058 -22.1422 4
      vertex -23.6167 -22.0315 4
    endloop
  endfacet
  facet normal 0 0 1
    outer loop
      vertex -25.5626 -22.4178 4
      vertex -23.6167 -22.0315 4
      vertex -23.6203 -21.9203 4
    endloop
  endfacet
  facet normal 0 0 1
    outer loop
      vertex -23.4909 21.2697 4
      vertex -25.5626 22.4178 4
      vertex -26.974 20.6979 4
    endloop
  endfacet
  facet normal 0 0 1
    outer loop
      vertex -22.9552 20.5716 4
      vertex -26.974 20.6979 4
      vertex -28.27 18.8894 4
    endloop
  endfacet
  facet normal 0 0 1
    outer loop
      vertex -23.4909 -22.5709 4
      vertex -25.5626 -22.4178 4
      vertex -24.0416 -24.0416 4
    endloop
  endfacet
  facet normal 0 0 1
    outer loop
      vertex -22.4668 20.3105 4
      vertex -28.27 18.8894 4
      vertex -29.4449 17 4
    endloop
  endfacet
  facet normal 0 0 1
    outer loop
      vertex -23.6167 -21.8091 4
      vertex -25.5626 -22.4178 4
      vertex -23.6203 -21.9203 4
    endloop
  endfacet
  facet normal 0 0 1
    outer loop
      vertex -19.6087 8.41944 4
      vertex -32.1956 10.9289 4
      vertex -19.6316 8.28063 4
    endloop
  endfacet
  facet normal 0 0 1
    outer loop
      vertex -23.6058 -21.6984 4
      vertex -25.5626 -22.4178 4
      vertex -23.6167 -21.8091 4
    endloop
  endfacet
  facet normal 0 0 1
    outer loop
      vertex -19.6316 8.28063 4
      vertex -32.1956 10.9289 4
      vertex -19.6454 8.14062 4
    endloop
  endfacet
  facet normal 0 0 1
    outer loop
      vertex -23.5876 -21.5887 4
      vertex -25.5626 -22.4178 4
      vertex -23.6058 -21.6984 4
    endloop
  endfacet
  facet normal 0 0 1
    outer loop
      vertex -19.6454 8.14062 4
      vertex -32.1956 10.9289 4
      vertex -19.65 8 4
    endloop
  endfacet
  facet normal 0 0 1
    outer loop
      vertex -23.5624 -21.4803 4
      vertex -25.5626 -22.4178 4
      vertex -23.5876 -21.5887 4
    endloop
  endfacet
  facet normal 0 0 1
    outer loop
      vertex -19.65 8 4
      vertex -32.1956 10.9289 4
      vertex -32.8415 8.79985 4
    endloop
  endfacet
  facet normal 0 0 1
    outer loop
      vertex -23.5301 -21.3739 4
      vertex -25.5626 -22.4178 4
      vertex -23.5624 -21.4803 4
    endloop
  endfacet
  facet normal 0 0 1
    outer loop
      vertex -19.65 8 4
      vertex -32.8415 8.79985 4
      vertex -33.3467 6.63307 4
    endloop
  endfacet
  facet normal 0 0 1
    outer loop
      vertex -23.4909 -21.2697 4
      vertex -25.5626 -22.4178 4
      vertex -23.5301 -21.3739 4
    endloop
  endfacet
  facet normal 0 0 1
    outer loop
      vertex -19.65 8 4
      vertex -33.3467 6.63307 4
      vertex -33.7091 4.43789 4
    endloop
  endfacet
  facet normal 0 -0 1
    outer loop
      vertex -25.5626 -22.4178 4
      vertex -23.4909 -21.2697 4
      vertex -26.974 -20.6979 4
    endloop
  endfacet
  facet normal 0 0 1
    outer loop
      vertex -19.65 8 4
      vertex -33.7091 4.43789 4
      vertex -33.9272 2.22371 4
    endloop
  endfacet
  facet normal 0 0 1
    outer loop
      vertex -23.445 -21.1684 4
      vertex -26.974 -20.6979 4
      vertex -23.4909 -21.2697 4
    endloop
  endfacet
  facet normal 0 0 1
    outer loop
      vertex -23.1224 -20.7182 4
      vertex -26.974 -20.6979 4
      vertex -23.1984 -20.7994 4
    endloop
  endfacet
  facet normal 0 0 1
    outer loop
      vertex -23.3926 -21.0703 4
      vertex -26.974 -20.6979 4
      vertex -23.445 -21.1684 4
    endloop
  endfacet
  facet normal 0 0 1
    outer loop
      vertex -23.1984 -20.7994 4
      vertex -26.974 -20.6979 4
      vertex -23.269 -20.8854 4
    endloop
  endfacet
  facet normal 0 0 1
    outer loop
      vertex -23.3338 -20.9758 4
      vertex -26.974 -20.6979 4
      vertex -23.3926 -21.0703 4
    endloop
  endfacet
  facet normal 0 0 1
    outer loop
      vertex -23.269 -20.8854 4
      vertex -26.974 -20.6979 4
      vertex -23.3338 -20.9758 4
    endloop
  endfacet
  facet normal -0 0 1
    outer loop
      vertex 3.88909 -3.88909 4
      vertex 20.7994 -20.6422 4
      vertex 4.13512 -3.6264 4
    endloop
  endfacet
  facet normal 0 0 1
    outer loop
      vertex 20.7994 -20.6422 4
      vertex 3.88909 -3.88909 4
      vertex 20.7182 -20.7182 4
    endloop
  endfacet
  facet normal 0 0 1
    outer loop
      vertex 20.7182 -20.7182 4
      vertex 3.88909 -3.88909 4
      vertex 20.6422 -20.7994 4
    endloop
  endfacet
  facet normal -0 0 1
    outer loop
      vertex 3.6264 -4.13512 4
      vertex 20.6422 -20.7994 4
      vertex 3.88909 -3.88909 4
    endloop
  endfacet
  facet normal 0 0 1
    outer loop
      vertex 20.6422 -20.7994 4
      vertex 3.6264 -4.13512 4
      vertex 20.5716 -20.8854 4
    endloop
  endfacet
  facet normal -0 0 1
    outer loop
      vertex 3.34819 -4.36344 4
      vertex 20.5716 -20.8854 4
      vertex 3.6264 -4.13512 4
    endloop
  endfacet
  facet normal 0 0 1
    outer loop
      vertex 20.5716 -20.8854 4
      vertex 3.34819 -4.36344 4
      vertex 20.5068 -20.9758 4
    endloop
  endfacet
  facet normal -0 0 1
    outer loop
      vertex 3.05564 -4.57308 4
      vertex 20.5068 -20.9758 4
      vertex 3.34819 -4.36344 4
    endloop
  endfacet
  facet normal 0 0 1
    outer loop
      vertex 20.5068 -20.9758 4
      vertex 3.05564 -4.57308 4
      vertex 20.4481 -21.0703 4
    endloop
  endfacet
  facet normal 0 0 1
    outer loop
      vertex 20.4481 -21.0703 4
      vertex 3.05564 -4.57308 4
      vertex 20.3956 -21.1684 4
    endloop
  endfacet
  facet normal -0 0 1
    outer loop
      vertex 2.75 -4.76314 4
      vertex 20.3956 -21.1684 4
      vertex 3.05564 -4.57308 4
    endloop
  endfacet
  facet normal 0 0 1
    outer loop
      vertex 20.3956 -21.1684 4
      vertex 2.75 -4.76314 4
      vertex 20.3497 -21.2697 4
    endloop
  endfacet
  facet normal -0 0 1
    outer loop
      vertex 2.43259 -4.9328 4
      vertex 20.3497 -21.2697 4
      vertex 2.75 -4.76314 4
    endloop
  endfacet
  facet normal 0 0 1
    outer loop
      vertex 20.3497 -21.2697 4
      vertex 2.43259 -4.9328 4
      vertex 20.3105 -21.3739 4
    endloop
  endfacet
  facet normal -0 0 1
    outer loop
      vertex 2.10476 -5.08134 4
      vertex 20.3105 -21.3739 4
      vertex 2.43259 -4.9328 4
    endloop
  endfacet
  facet normal 0 0 1
    outer loop
      vertex 20.3105 -21.3739 4
      vertex 2.10476 -5.08134 4
      vertex 20.2782 -21.4803 4
    endloop
  endfacet
  facet normal -0 0 1
    outer loop
      vertex 1.76792 -5.20812 4
      vertex 20.2782 -21.4803 4
      vertex 2.10476 -5.08134 4
    endloop
  endfacet
  facet normal 0 0 1
    outer loop
      vertex 20.2782 -21.4803 4
      vertex 1.76792 -5.20812 4
      vertex 8.79985 -32.8415 4
    endloop
  endfacet
  facet normal -0 0 1
    outer loop
      vertex 1.4235 -5.31259 4
      vertex 8.79985 -32.8415 4
      vertex 1.76792 -5.20812 4
    endloop
  endfacet
  facet normal 0 0 1
    outer loop
      vertex 8.79985 -32.8415 4
      vertex 1.4235 -5.31259 4
      vertex 6.63307 -33.3467 4
    endloop
  endfacet
  facet normal -0 0 1
    outer loop
      vertex 1.073 -5.39432 4
      vertex 6.63307 -33.3467 4
      vertex 1.4235 -5.31259 4
    endloop
  endfacet
  facet normal 0 0 1
    outer loop
      vertex 6.63307 -33.3467 4
      vertex 1.073 -5.39432 4
      vertex 4.43789 -33.7091 4
    endloop
  endfacet
  facet normal -0 0 1
    outer loop
      vertex 0.717894 -5.45295 4
      vertex 4.43789 -33.7091 4
      vertex 1.073 -5.39432 4
    endloop
  endfacet
  facet normal 0 0 1
    outer loop
      vertex 4.43789 -33.7091 4
      vertex 0.717894 -5.45295 4
      vertex 2.22371 -33.9272 4
    endloop
  endfacet
  facet normal -0 0 1
    outer loop
      vertex 0.359716 -5.48822 4
      vertex 2.22371 -33.9272 4
      vertex 0.717894 -5.45295 4
    endloop
  endfacet
  facet normal -0 0 1
    outer loop
      vertex 0 -5.5 4
      vertex 2.22371 -33.9272 4
      vertex 0.359716 -5.48822 4
    endloop
  endfacet
  facet normal 0 0 1
    outer loop
      vertex 0 -5.5 4
      vertex 0 -34 4
      vertex 2.22371 -33.9272 4
    endloop
  endfacet
  facet normal 0 0 1
    outer loop
      vertex -0.359716 -5.48822 4
      vertex 0 -34 4
      vertex 0 -5.5 4
    endloop
  endfacet
  facet normal 0 0 1
    outer loop
      vertex -2.22371 -33.9272 4
      vertex -0.359716 -5.48822 4
      vertex -0.717894 -5.45295 4
    endloop
  endfacet
  facet normal 0 0 1
    outer loop
      vertex -4.43789 -33.7091 4
      vertex -0.717894 -5.45295 4
      vertex -1.073 -5.39432 4
    endloop
  endfacet
  facet normal 0 0 1
    outer loop
      vertex -6.63307 -33.3467 4
      vertex -1.073 -5.39432 4
      vertex -1.4235 -5.31259 4
    endloop
  endfacet
  facet normal 0 0 1
    outer loop
      vertex -8.79985 -32.8415 4
      vertex -1.4235 -5.31259 4
      vertex -1.76792 -5.20812 4
    endloop
  endfacet
  facet normal 0 0 1
    outer loop
      vertex -10.9289 -32.1956 4
      vertex -1.76792 -5.20812 4
      vertex -2.10476 -5.08134 4
    endloop
  endfacet
  facet normal 0 0 1
    outer loop
      vertex -0.359716 -5.48822 4
      vertex -2.22371 -33.9272 4
      vertex 0 -34 4
    endloop
  endfacet
  facet normal 0 0 1
    outer loop
      vertex -13.0112 -31.4119 4
      vertex -2.10476 -5.08134 4
      vertex -2.43259 -4.9328 4
    endloop
  endfacet
  facet normal 0 0 1
    outer loop
      vertex -15.0378 -30.4937 4
      vertex -2.43259 -4.9328 4
      vertex -2.75 -4.76314 4
    endloop
  endfacet
  facet normal 0 0 1
    outer loop
      vertex -15.0378 -30.4937 4
      vertex -2.75 -4.76314 4
      vertex -3.05564 -4.57308 4
    endloop
  endfacet
  facet normal 0 0 1
    outer loop
      vertex -15.0378 -30.4937 4
      vertex -3.05564 -4.57308 4
      vertex -3.34819 -4.36344 4
    endloop
  endfacet
  facet normal 0 0 1
    outer loop
      vertex -15.0378 -30.4937 4
      vertex -3.34819 -4.36344 4
      vertex -3.6264 -4.13512 4
    endloop
  endfacet
  facet normal 0 0 1
    outer loop
      vertex -15.0378 -30.4937 4
      vertex -3.6264 -4.13512 4
      vertex -3.88909 -3.88909 4
    endloop
  endfacet
  facet normal 0 0 1
    outer loop
      vertex -15.0378 -30.4937 4
      vertex -3.88909 -3.88909 4
      vertex -4.13512 -3.6264 4
    endloop
  endfacet
  facet normal 0 0 1
    outer loop
      vertex -15.0378 -30.4937 4
      vertex -4.13512 -3.6264 4
      vertex -4.36344 -3.34819 4
    endloop
  endfacet
  facet normal 0 0 1
    outer loop
      vertex -0.717894 -5.45295 4
      vertex -4.43789 -33.7091 4
      vertex -2.22371 -33.9272 4
    endloop
  endfacet
  facet normal 0 0 1
    outer loop
      vertex -15.0378 -30.4937 4
      vertex -4.36344 -3.34819 4
      vertex -4.57308 -3.05564 4
    endloop
  endfacet
  facet normal 0 0 1
    outer loop
      vertex -15.0378 -30.4937 4
      vertex -4.57308 -3.05564 4
      vertex -4.76314 -2.75 4
    endloop
  endfacet
  facet normal 0 0 1
    outer loop
      vertex -15.0378 -30.4937 4
      vertex -4.76314 -2.75 4
      vertex -4.9328 -2.43259 4
    endloop
  endfacet
  facet normal -0 0 1
    outer loop
      vertex -15.8835 6.58241 4
      vertex -5.31259 1.4235 4
      vertex -15.7943 6.69116 4
    endloop
  endfacet
  facet normal -0 0 1
    outer loop
      vertex -15.7943 6.69116 4
      vertex -5.31259 1.4235 4
      vertex -15.7123 6.80552 4
    endloop
  endfacet
  facet normal 0 0 1
    outer loop
      vertex -5.20812 1.76792 4
      vertex -15.7123 6.80552 4
      vertex -5.31259 1.4235 4
    endloop
  endfacet
  facet normal -0 0 1
    outer loop
      vertex -15.7123 6.80552 4
      vertex -5.20812 1.76792 4
      vertex -15.638 6.925 4
    endloop
  endfacet
  facet normal 0 0 1
    outer loop
      vertex -5.08134 2.10476 4
      vertex -15.638 6.925 4
      vertex -5.20812 1.76792 4
    endloop
  endfacet
  facet normal -0 0 1
    outer loop
      vertex -15.638 6.925 4
      vertex -5.08134 2.10476 4
      vertex -15.5717 7.04908 4
    endloop
  endfacet
  facet normal 0 0 1
    outer loop
      vertex -4.9328 2.43259 4
      vertex -15.5717 7.04908 4
      vertex -5.08134 2.10476 4
    endloop
  endfacet
  facet normal 0 0 1
    outer loop
      vertex -4.36344 3.34819 4
      vertex -15.3684 7.71937 4
      vertex -4.57308 3.05564 4
    endloop
  endfacet
  facet normal 0 0 1
    outer loop
      vertex -5.31259 1.4235 4
      vertex -15.8835 6.58241 4
      vertex -5.39432 1.073 4
    endloop
  endfacet
  facet normal 0 0 1
    outer loop
      vertex -15.7943 9.30884 4
      vertex -6.63307 33.3467 4
      vertex -8.79985 32.8415 4
    endloop
  endfacet
  facet normal 0 0 1
    outer loop
      vertex -1.073 -5.39432 4
      vertex -6.63307 -33.3467 4
      vertex -4.43789 -33.7091 4
    endloop
  endfacet
  facet normal 0 0 1
    outer loop
      vertex -15.9797 9.52028 4
      vertex -8.79985 32.8415 4
      vertex -10.9289 32.1956 4
    endloop
  endfacet
  facet normal 0 0 1
    outer loop
      vertex -1.4235 -5.31259 4
      vertex -8.79985 -32.8415 4
      vertex -6.63307 -33.3467 4
    endloop
  endfacet
  facet normal 0 0 1
    outer loop
      vertex -20.2239 21.8091 4
      vertex -13.0112 31.4119 4
      vertex -20.2203 21.9203 4
    endloop
  endfacet
  facet normal 0 0 1
    outer loop
      vertex -1.76792 -5.20812 4
      vertex -10.9289 -32.1956 4
      vertex -8.79985 -32.8415 4
    endloop
  endfacet
  facet normal 0 0 1
    outer loop
      vertex -20.2203 21.9203 4
      vertex -13.0112 31.4119 4
      vertex -15.0378 30.4937 4
    endloop
  endfacet
  facet normal 0 0 1
    outer loop
      vertex -2.10476 -5.08134 4
      vertex -13.0112 -31.4119 4
      vertex -10.9289 -32.1956 4
    endloop
  endfacet
  facet normal 0 0 1
    outer loop
      vertex -2.43259 -4.9328 4
      vertex -15.0378 -30.4937 4
      vertex -13.0112 -31.4119 4
    endloop
  endfacet
  facet normal -0 0 1
    outer loop
      vertex -15.5717 7.04908 4
      vertex -4.9328 2.43259 4
      vertex -15.5137 7.17723 4
    endloop
  endfacet
  facet normal -0 0 1
    outer loop
      vertex -15.5137 7.17723 4
      vertex -4.9328 2.43259 4
      vertex -15.4641 7.3089 4
    endloop
  endfacet
  facet normal 0 0 1
    outer loop
      vertex -4.76314 2.75 4
      vertex -15.4641 7.3089 4
      vertex -4.9328 2.43259 4
    endloop
  endfacet
  facet normal -0 0 1
    outer loop
      vertex -15.4641 7.3089 4
      vertex -4.76314 2.75 4
      vertex -15.4233 7.44354 4
    endloop
  endfacet
  facet normal 0 0 1
    outer loop
      vertex -4.57308 3.05564 4
      vertex -15.4233 7.44354 4
      vertex -4.76314 2.75 4
    endloop
  endfacet
  facet normal -0 0 1
    outer loop
      vertex -15.4233 7.44354 4
      vertex -4.57308 3.05564 4
      vertex -15.3913 7.58055 4
    endloop
  endfacet
  facet normal -0 0 1
    outer loop
      vertex -15.3913 7.58055 4
      vertex -4.57308 3.05564 4
      vertex -15.3684 7.71937 4
    endloop
  endfacet
  facet normal 0 0 1
    outer loop
      vertex -6.63307 33.3467 4
      vertex -15.638 9.075 4
      vertex -15.5717 8.95092 4
    endloop
  endfacet
  facet normal 0 0 1
    outer loop
      vertex -6.63307 33.3467 4
      vertex -15.7123 9.19448 4
      vertex -15.638 9.075 4
    endloop
  endfacet
  facet normal 0 0 1
    outer loop
      vertex -6.63307 33.3467 4
      vertex -15.7943 9.30884 4
      vertex -15.7123 9.19448 4
    endloop
  endfacet
  facet normal 0 0 1
    outer loop
      vertex -8.79985 32.8415 4
      vertex -15.8835 9.41759 4
      vertex -15.7943 9.30884 4
    endloop
  endfacet
  facet normal 0 0 1
    outer loop
      vertex -8.79985 32.8415 4
      vertex -15.9797 9.52028 4
      vertex -15.8835 9.41759 4
    endloop
  endfacet
  facet normal 0 0 1
    outer loop
      vertex -10.9289 32.1956 4
      vertex -16.0824 9.61646 4
      vertex -15.9797 9.52028 4
    endloop
  endfacet
  facet normal 0 0 1
    outer loop
      vertex -20.2349 21.6984 4
      vertex -13.0112 31.4119 4
      vertex -20.2239 21.8091 4
    endloop
  endfacet
  facet normal -0 0 1
    outer loop
      vertex -13.0112 31.4119 4
      vertex -20.2349 21.6984 4
      vertex -10.9289 32.1956 4
    endloop
  endfacet
  facet normal 0 0 1
    outer loop
      vertex -10.9289 32.1956 4
      vertex -20.2349 21.6984 4
      vertex -16.0824 9.61646 4
    endloop
  endfacet
  facet normal -0 0 1
    outer loop
      vertex -20.253 21.5887 4
      vertex -16.0824 9.61646 4
      vertex -20.2349 21.6984 4
    endloop
  endfacet
  facet normal 0 0 1
    outer loop
      vertex -16.0824 9.61646 4
      vertex -20.253 21.5887 4
      vertex -16.1912 9.70571 4
    endloop
  endfacet
  facet normal -0 0 1
    outer loop
      vertex -20.2782 21.4803 4
      vertex -16.1912 9.70571 4
      vertex -20.253 21.5887 4
    endloop
  endfacet
  facet normal 0 0 1
    outer loop
      vertex -16.1912 9.70571 4
      vertex -20.2782 21.4803 4
      vertex -16.3055 9.78766 4
    endloop
  endfacet
  facet normal 0 0 1
    outer loop
      vertex -20.2349 22.1422 4
      vertex -15.0378 30.4937 4
      vertex -17 29.4449 4
    endloop
  endfacet
  facet normal -0 0 1
    outer loop
      vertex -20.3105 21.3739 4
      vertex -16.3055 9.78766 4
      vertex -20.2782 21.4803 4
    endloop
  endfacet
  facet normal 0 0 1
    outer loop
      vertex -16.3055 9.78766 4
      vertex -20.3105 21.3739 4
      vertex -16.425 9.86195 4
    endloop
  endfacet
  facet normal -0 0 1
    outer loop
      vertex -20.3497 21.2697 4
      vertex -16.425 9.86195 4
      vertex -20.3105 21.3739 4
    endloop
  endfacet
  facet normal 0 0 1
    outer loop
      vertex -16.425 9.86195 4
      vertex -20.3497 21.2697 4
      vertex -16.5491 9.92828 4
    endloop
  endfacet
  facet normal -0 0 1
    outer loop
      vertex -20.3956 21.1684 4
      vertex -16.5491 9.92828 4
      vertex -20.3497 21.2697 4
    endloop
  endfacet
  facet normal 0 0 1
    outer loop
      vertex -16.5491 9.92828 4
      vertex -20.3956 21.1684 4
      vertex -16.6772 9.98634 4
    endloop
  endfacet
  facet normal -0 0 1
    outer loop
      vertex -20.4481 21.0703 4
      vertex -16.6772 9.98634 4
      vertex -20.3956 21.1684 4
    endloop
  endfacet
  facet normal 0 0 1
    outer loop
      vertex -16.6772 9.98634 4
      vertex -20.4481 21.0703 4
      vertex -16.8089 10.0359 4
    endloop
  endfacet
  facet normal -0 0 1
    outer loop
      vertex -20.5068 20.9758 4
      vertex -16.8089 10.0359 4
      vertex -20.4481 21.0703 4
    endloop
  endfacet
  facet normal 0 0 1
    outer loop
      vertex -16.8089 10.0359 4
      vertex -20.5068 20.9758 4
      vertex -16.9435 10.0767 4
    endloop
  endfacet
  facet normal -0 0 1
    outer loop
      vertex -20.5716 20.8854 4
      vertex -16.9435 10.0767 4
      vertex -20.5068 20.9758 4
    endloop
  endfacet
  facet normal 0 0 1
    outer loop
      vertex -16.9435 10.0767 4
      vertex -20.5716 20.8854 4
      vertex -17.0806 10.1087 4
    endloop
  endfacet
  facet normal -0 0 1
    outer loop
      vertex -20.6422 20.7994 4
      vertex -17.0806 10.1087 4
      vertex -20.5716 20.8854 4
    endloop
  endfacet
  facet normal -0 0 1
    outer loop
      vertex -20.7182 20.7182 4
      vertex -17.0806 10.1087 4
      vertex -20.6422 20.7994 4
    endloop
  endfacet
  facet normal 0 0 1
    outer loop
      vertex -20.3105 22.4668 4
      vertex -17 29.4449 4
      vertex -18.8894 28.27 4
    endloop
  endfacet
  facet normal 0 0 1
    outer loop
      vertex -17.0806 10.1087 4
      vertex -20.7182 20.7182 4
      vertex -17.2194 10.1316 4
    endloop
  endfacet
  facet normal -0 0 1
    outer loop
      vertex -20.7994 20.6422 4
      vertex -17.2194 10.1316 4
      vertex -20.7182 20.7182 4
    endloop
  endfacet
  facet normal 0 0 1
    outer loop
      vertex -17.2194 10.1316 4
      vertex -20.7994 20.6422 4
      vertex -17.3594 10.1454 4
    endloop
  endfacet
  facet normal -0 0 1
    outer loop
      vertex -20.8854 20.5716 4
      vertex -17.3594 10.1454 4
      vertex -20.7994 20.6422 4
    endloop
  endfacet
  facet normal 0 0 1
    outer loop
      vertex -17.3594 10.1454 4
      vertex -20.8854 20.5716 4
      vertex -17.5 10.15 4
    endloop
  endfacet
  facet normal -0 0 1
    outer loop
      vertex -20.9758 20.5068 4
      vertex -17.5 10.15 4
      vertex -20.8854 20.5716 4
    endloop
  endfacet
  facet normal 0 0 1
    outer loop
      vertex -17.5 10.15 4
      vertex -20.9758 20.5068 4
      vertex -17.6406 10.1454 4
    endloop
  endfacet
  facet normal -0 0 1
    outer loop
      vertex -21.0703 20.4481 4
      vertex -17.6406 10.1454 4
      vertex -20.9758 20.5068 4
    endloop
  endfacet
  facet normal 0 0 1
    outer loop
      vertex -17.6406 10.1454 4
      vertex -21.0703 20.4481 4
      vertex -17.7806 10.1316 4
    endloop
  endfacet
  facet normal -0 0 1
    outer loop
      vertex -21.1684 20.3956 4
      vertex -17.7806 10.1316 4
      vertex -21.0703 20.4481 4
    endloop
  endfacet
  facet normal 0 0 1
    outer loop
      vertex -17.7806 10.1316 4
      vertex -21.1684 20.3956 4
      vertex -17.9194 10.1087 4
    endloop
  endfacet
  facet normal -0 0 1
    outer loop
      vertex -21.2697 20.3497 4
      vertex -17.9194 10.1087 4
      vertex -21.1684 20.3956 4
    endloop
  endfacet
  facet normal 0 0 1
    outer loop
      vertex -17.9194 10.1087 4
      vertex -21.2697 20.3497 4
      vertex -18.0565 10.0767 4
    endloop
  endfacet
  facet normal 0 0 1
    outer loop
      vertex -18.0565 10.0767 4
      vertex -21.3739 20.3105 4
      vertex -18.1911 10.0359 4
    endloop
  endfacet
  facet normal -0 0 1
    outer loop
      vertex -21.3739 20.3105 4
      vertex -18.0565 10.0767 4
      vertex -21.2697 20.3497 4
    endloop
  endfacet
  facet normal 0 0 1
    outer loop
      vertex -15.0378 30.4937 4
      vertex -20.2239 22.0315 4
      vertex -20.2203 21.9203 4
    endloop
  endfacet
  facet normal 0 0 1
    outer loop
      vertex -15.0378 30.4937 4
      vertex -20.2349 22.1422 4
      vertex -20.2239 22.0315 4
    endloop
  endfacet
  facet normal 0 0 1
    outer loop
      vertex -17 29.4449 4
      vertex -20.253 22.252 4
      vertex -20.2349 22.1422 4
    endloop
  endfacet
  facet normal 0 0 1
    outer loop
      vertex -17 29.4449 4
      vertex -20.2782 22.3603 4
      vertex -20.253 22.252 4
    endloop
  endfacet
  facet normal 0 0 1
    outer loop
      vertex -17 29.4449 4
      vertex -20.3105 22.4668 4
      vertex -20.2782 22.3603 4
    endloop
  endfacet
  facet normal 0 0 1
    outer loop
      vertex -18.8894 28.27 4
      vertex -20.3497 22.5709 4
      vertex -20.3105 22.4668 4
    endloop
  endfacet
  facet normal 0 0 1
    outer loop
      vertex -18.8894 28.27 4
      vertex -20.3956 22.6722 4
      vertex -20.3497 22.5709 4
    endloop
  endfacet
  facet normal 0 0 1
    outer loop
      vertex -18.8894 28.27 4
      vertex -20.4481 22.7703 4
      vertex -20.3956 22.6722 4
    endloop
  endfacet
  facet normal 0 0 1
    outer loop
      vertex -18.8894 28.27 4
      vertex -20.5068 22.8648 4
      vertex -20.4481 22.7703 4
    endloop
  endfacet
  facet normal 0 0 1
    outer loop
      vertex -18.8894 28.27 4
      vertex -20.5716 22.9552 4
      vertex -20.5068 22.8648 4
    endloop
  endfacet
  facet normal -0 0 1
    outer loop
      vertex -20.6979 26.974 4
      vertex -20.5716 22.9552 4
      vertex -18.8894 28.27 4
    endloop
  endfacet
  facet normal 0 0 1
    outer loop
      vertex -20.5716 22.9552 4
      vertex -20.6979 26.974 4
      vertex -20.6422 23.0412 4
    endloop
  endfacet
  facet normal 0 0 1
    outer loop
      vertex -20.6979 26.974 4
      vertex -20.7182 23.1224 4
      vertex -20.6422 23.0412 4
    endloop
  endfacet
  facet normal 0 0 1
    outer loop
      vertex -20.6979 26.974 4
      vertex -20.7994 23.1984 4
      vertex -20.7182 23.1224 4
    endloop
  endfacet
  facet normal 0 0 1
    outer loop
      vertex -20.6979 26.974 4
      vertex -20.8854 23.269 4
      vertex -20.7994 23.1984 4
    endloop
  endfacet
  facet normal 0 0 1
    outer loop
      vertex -20.6979 26.974 4
      vertex -20.9758 23.3338 4
      vertex -20.8854 23.269 4
    endloop
  endfacet
  facet normal 0 0 1
    outer loop
      vertex -20.6979 26.974 4
      vertex -21.0703 23.3926 4
      vertex -20.9758 23.3338 4
    endloop
  endfacet
  facet normal 0 0 1
    outer loop
      vertex -20.6979 26.974 4
      vertex -21.1684 23.445 4
      vertex -21.0703 23.3926 4
    endloop
  endfacet
  facet normal 0 0 1
    outer loop
      vertex -20.6979 26.974 4
      vertex -21.2697 23.4909 4
      vertex -21.1684 23.445 4
    endloop
  endfacet
  facet normal -0 0 1
    outer loop
      vertex -22.4178 25.5626 4
      vertex -21.2697 23.4909 4
      vertex -20.6979 26.974 4
    endloop
  endfacet
  facet normal 0 0 1
    outer loop
      vertex -21.2697 23.4909 4
      vertex -22.4178 25.5626 4
      vertex -21.3739 23.5301 4
    endloop
  endfacet
  facet normal 0 0 1
    outer loop
      vertex -21.3739 23.5301 4
      vertex -22.4178 25.5626 4
      vertex -21.4803 23.5624 4
    endloop
  endfacet
  facet normal 0 0 1
    outer loop
      vertex -21.4803 23.5624 4
      vertex -22.4178 25.5626 4
      vertex -21.5887 23.5876 4
    endloop
  endfacet
  facet normal 0 0 1
    outer loop
      vertex -21.5887 23.5876 4
      vertex -22.4178 25.5626 4
      vertex -21.6984 23.6058 4
    endloop
  endfacet
  facet normal 0 0 1
    outer loop
      vertex -21.6984 23.6058 4
      vertex -22.4178 25.5626 4
      vertex -21.8091 23.6167 4
    endloop
  endfacet
  facet normal 0 0 1
    outer loop
      vertex -21.8091 23.6167 4
      vertex -22.4178 25.5626 4
      vertex -21.9203 23.6203 4
    endloop
  endfacet
  facet normal 0 0 1
    outer loop
      vertex -21.9203 23.6203 4
      vertex -22.4178 25.5626 4
      vertex -22.0315 23.6167 4
    endloop
  endfacet
  facet normal 0 0 1
    outer loop
      vertex -22.0315 23.6167 4
      vertex -22.4178 25.5626 4
      vertex -22.1422 23.6058 4
    endloop
  endfacet
  facet normal 0 0 1
    outer loop
      vertex -22.1422 23.6058 4
      vertex -22.4178 25.5626 4
      vertex -22.252 23.5876 4
    endloop
  endfacet
  facet normal 0 0 1
    outer loop
      vertex -22.252 23.5876 4
      vertex -22.4178 25.5626 4
      vertex -22.3603 23.5624 4
    endloop
  endfacet
  facet normal 0 0 1
    outer loop
      vertex -22.4178 25.5626 4
      vertex -22.4668 23.5301 4
      vertex -22.3603 23.5624 4
    endloop
  endfacet
  facet normal 0 0 1
    outer loop
      vertex -22.4178 25.5626 4
      vertex -22.5709 23.4909 4
      vertex -22.4668 23.5301 4
    endloop
  endfacet
  facet normal -0 0 1
    outer loop
      vertex -24.0416 24.0416 4
      vertex -22.5709 23.4909 4
      vertex -22.4178 25.5626 4
    endloop
  endfacet
  facet normal 0 0 1
    outer loop
      vertex -22.5709 23.4909 4
      vertex -24.0416 24.0416 4
      vertex -22.6722 23.445 4
    endloop
  endfacet
  facet normal 0 0 1
    outer loop
      vertex -22.6722 23.445 4
      vertex -24.0416 24.0416 4
      vertex -22.7703 23.3926 4
    endloop
  endfacet
  facet normal 0 0 1
    outer loop
      vertex -22.7703 23.3926 4
      vertex -24.0416 24.0416 4
      vertex -22.8648 23.3338 4
    endloop
  endfacet
  facet normal 0 0 1
    outer loop
      vertex -22.8648 23.3338 4
      vertex -24.0416 24.0416 4
      vertex -22.9552 23.269 4
    endloop
  endfacet
  facet normal 0 0 1
    outer loop
      vertex -22.9552 23.269 4
      vertex -24.0416 24.0416 4
      vertex -23.0412 23.1984 4
    endloop
  endfacet
  facet normal 0 0 1
    outer loop
      vertex -23.0412 23.1984 4
      vertex -24.0416 24.0416 4
      vertex -23.1224 23.1224 4
    endloop
  endfacet
  facet normal 0 0 1
    outer loop
      vertex -23.1224 23.1224 4
      vertex -24.0416 24.0416 4
      vertex -23.1984 23.0412 4
    endloop
  endfacet
  facet normal 0 0 1
    outer loop
      vertex -23.1984 23.0412 4
      vertex -24.0416 24.0416 4
      vertex -23.269 22.9552 4
    endloop
  endfacet
  facet normal 0 0 1
    outer loop
      vertex -23.269 22.9552 4
      vertex -24.0416 24.0416 4
      vertex -23.3338 22.8648 4
    endloop
  endfacet
  facet normal 0 0 1
    outer loop
      vertex -23.3338 22.8648 4
      vertex -24.0416 24.0416 4
      vertex -23.3926 22.7703 4
    endloop
  endfacet
  facet normal 0 0 1
    outer loop
      vertex -23.3926 22.7703 4
      vertex -24.0416 24.0416 4
      vertex -23.445 22.6722 4
    endloop
  endfacet
  facet normal 0 0 1
    outer loop
      vertex -23.445 22.6722 4
      vertex -24.0416 24.0416 4
      vertex -23.4909 22.5709 4
    endloop
  endfacet
  facet normal 0 0 1
    outer loop
      vertex -23.6167 22.0315 4
      vertex -25.5626 22.4178 4
      vertex -23.6203 21.9203 4
    endloop
  endfacet
  facet normal 0 0 1
    outer loop
      vertex -23.6058 22.1422 4
      vertex -25.5626 22.4178 4
      vertex -23.6167 22.0315 4
    endloop
  endfacet
  facet normal 0 0 1
    outer loop
      vertex -23.5876 22.252 4
      vertex -25.5626 22.4178 4
      vertex -23.6058 22.1422 4
    endloop
  endfacet
  facet normal 0 0 1
    outer loop
      vertex -23.5624 22.3603 4
      vertex -25.5626 22.4178 4
      vertex -23.5876 22.252 4
    endloop
  endfacet
  facet normal 0 0 1
    outer loop
      vertex -23.5301 22.4668 4
      vertex -25.5626 22.4178 4
      vertex -23.5624 22.3603 4
    endloop
  endfacet
  facet normal 0 0 1
    outer loop
      vertex -23.4909 22.5709 4
      vertex -25.5626 22.4178 4
      vertex -23.5301 22.4668 4
    endloop
  endfacet
  facet normal 0 0 1
    outer loop
      vertex -25.5626 22.4178 4
      vertex -23.4909 22.5709 4
      vertex -24.0416 24.0416 4
    endloop
  endfacet
  facet normal 0 0 1
    outer loop
      vertex 23.0412 20.6422 4
      vertex 26.974 20.6979 4
      vertex 23.1224 20.7182 4
    endloop
  endfacet
  facet normal 0 0 1
    outer loop
      vertex 33.9272 -2.22371 4
      vertex 23.6167 -21.8091 4
      vertex 23.6203 -21.9203 4
    endloop
  endfacet
  facet normal 0 0 1
    outer loop
      vertex 22.9552 20.5716 4
      vertex 26.974 20.6979 4
      vertex 23.0412 20.6422 4
    endloop
  endfacet
  facet normal 0 0 1
    outer loop
      vertex 33.9272 -2.22371 4
      vertex 23.6058 -21.6984 4
      vertex 23.6167 -21.8091 4
    endloop
  endfacet
  facet normal 0 0 1
    outer loop
      vertex 26.974 20.6979 4
      vertex 22.9552 20.5716 4
      vertex 28.27 18.8894 4
    endloop
  endfacet
  facet normal 0 0 1
    outer loop
      vertex 33.9272 -2.22371 4
      vertex 23.5876 -21.5887 4
      vertex 23.6058 -21.6984 4
    endloop
  endfacet
  facet normal -0 0 1
    outer loop
      vertex 22.8648 20.5068 4
      vertex 28.27 18.8894 4
      vertex 22.9552 20.5716 4
    endloop
  endfacet
  facet normal 0 0 1
    outer loop
      vertex 33.9272 -2.22371 4
      vertex 23.5624 -21.4803 4
      vertex 23.5876 -21.5887 4
    endloop
  endfacet
  facet normal -0 0 1
    outer loop
      vertex 22.7703 20.4481 4
      vertex 28.27 18.8894 4
      vertex 22.8648 20.5068 4
    endloop
  endfacet
  facet normal 0 0 1
    outer loop
      vertex 33.9272 -2.22371 4
      vertex 23.5301 -21.3739 4
      vertex 23.5624 -21.4803 4
    endloop
  endfacet
  facet normal -0 0 1
    outer loop
      vertex 22.6722 20.3956 4
      vertex 28.27 18.8894 4
      vertex 22.7703 20.4481 4
    endloop
  endfacet
  facet normal 0 0 1
    outer loop
      vertex 33.9272 -2.22371 4
      vertex 23.4909 -21.2697 4
      vertex 23.5301 -21.3739 4
    endloop
  endfacet
  facet normal -0 0 1
    outer loop
      vertex 22.5709 20.3497 4
      vertex 28.27 18.8894 4
      vertex 22.6722 20.3956 4
    endloop
  endfacet
  facet normal 0 0 1
    outer loop
      vertex 33.3467 6.63307 4
      vertex 19.4863 7.17723 4
      vertex 33.7091 4.43789 4
    endloop
  endfacet
  facet normal -0 0 1
    outer loop
      vertex 22.4668 20.3105 4
      vertex 28.27 18.8894 4
      vertex 22.5709 20.3497 4
    endloop
  endfacet
  facet normal 0 0 1
    outer loop
      vertex 33.9272 -2.22371 4
      vertex 23.445 -21.1684 4
      vertex 23.4909 -21.2697 4
    endloop
  endfacet
  facet normal 0 0 1
    outer loop
      vertex 28.27 18.8894 4
      vertex 22.4668 20.3105 4
      vertex 29.4449 17 4
    endloop
  endfacet
  facet normal -0 0 1
    outer loop
      vertex 19.4283 7.04908 4
      vertex 33.7091 4.43789 4
      vertex 19.4863 7.17723 4
    endloop
  endfacet
  facet normal -0 0 1
    outer loop
      vertex 22.3603 20.2782 4
      vertex 29.4449 17 4
      vertex 22.4668 20.3105 4
    endloop
  endfacet
  facet normal 0 0 1
    outer loop
      vertex 33.9272 -2.22371 4
      vertex 23.3926 -21.0703 4
      vertex 23.445 -21.1684 4
    endloop
  endfacet
  facet normal 0 0 1
    outer loop
      vertex 19.1165 9.41759 4
      vertex 29.4449 17 4
      vertex 22.3603 20.2782 4
    endloop
  endfacet
  facet normal -0 0 1
    outer loop
      vertex 19.362 6.925 4
      vertex 33.7091 4.43789 4
      vertex 19.4283 7.04908 4
    endloop
  endfacet
  facet normal 0 0 1
    outer loop
      vertex 19.6316 7.71937 4
      vertex 32.8415 8.79985 4
      vertex 19.6454 7.85938 4
    endloop
  endfacet
  facet normal 0 0 1
    outer loop
      vertex 33.9272 -2.22371 4
      vertex 23.3338 -20.9758 4
      vertex 23.3926 -21.0703 4
    endloop
  endfacet
  facet normal 0 0 1
    outer loop
      vertex 32.1956 10.9289 4
      vertex 19.65 8 4
      vertex 32.8415 8.79985 4
    endloop
  endfacet
  facet normal -0 0 1
    outer loop
      vertex 19.2877 6.80552 4
      vertex 33.7091 4.43789 4
      vertex 19.362 6.925 4
    endloop
  endfacet
  facet normal 0 -0 1
    outer loop
      vertex 19.6454 8.14062 4
      vertex 32.1956 10.9289 4
      vertex 19.6316 8.28063 4
    endloop
  endfacet
  facet normal 0 0 1
    outer loop
      vertex 33.9272 -2.22371 4
      vertex 23.269 -20.8854 4
      vertex 23.3338 -20.9758 4
    endloop
  endfacet
  facet normal 0 0 1
    outer loop
      vertex 31.4119 13.0112 4
      vertex 19.6087 8.41944 4
      vertex 32.1956 10.9289 4
    endloop
  endfacet
  facet normal 0 0 1
    outer loop
      vertex 33.7091 4.43789 4
      vertex 19.2877 6.80552 4
      vertex 33.9272 2.22371 4
    endloop
  endfacet
  facet normal 0 -0 1
    outer loop
      vertex 19.5767 8.55646 4
      vertex 31.4119 13.0112 4
      vertex 19.5359 8.69109 4
    endloop
  endfacet
  facet normal 0 0 1
    outer loop
      vertex 33.9272 -2.22371 4
      vertex 23.1984 -20.7994 4
      vertex 23.269 -20.8854 4
    endloop
  endfacet
  facet normal 0 0 1
    outer loop
      vertex 30.4937 15.0378 4
      vertex 19.4863 8.82277 4
      vertex 31.4119 13.0112 4
    endloop
  endfacet
  facet normal -0 0 1
    outer loop
      vertex 19.2057 6.69116 4
      vertex 33.9272 2.22371 4
      vertex 19.2877 6.80552 4
    endloop
  endfacet
  facet normal 0 -0 1
    outer loop
      vertex 19.4283 8.95092 4
      vertex 30.4937 15.0378 4
      vertex 19.362 9.075 4
    endloop
  endfacet
  facet normal 0 0 1
    outer loop
      vertex 33.9272 -2.22371 4
      vertex 23.1224 -20.7182 4
      vertex 23.1984 -20.7994 4
    endloop
  endfacet
  facet normal 0 -0 1
    outer loop
      vertex 19.2877 9.19448 4
      vertex 30.4937 15.0378 4
      vertex 19.2057 9.30884 4
    endloop
  endfacet
  facet normal -0 0 1
    outer loop
      vertex 19.1165 6.58241 4
      vertex 33.9272 2.22371 4
      vertex 19.2057 6.69116 4
    endloop
  endfacet
  facet normal 0 -0 1
    outer loop
      vertex 19.2057 9.30884 4
      vertex 29.4449 17 4
      vertex 19.1165 9.41759 4
    endloop
  endfacet
  facet normal 0 0 1
    outer loop
      vertex 33.9272 -2.22371 4
      vertex 23.0412 -20.6422 4
      vertex 23.1224 -20.7182 4
    endloop
  endfacet
  facet normal 0 0 1
    outer loop
      vertex 19.1165 9.41759 4
      vertex 22.3603 20.2782 4
      vertex 22.252 20.253 4
    endloop
  endfacet
  facet normal 0 0 1
    outer loop
      vertex 33.9272 2.22371 4
      vertex 19.1165 6.58241 4
      vertex 34 0 4
    endloop
  endfacet
  facet normal 0 0 1
    outer loop
      vertex 19.0203 9.52028 4
      vertex 22.252 20.253 4
      vertex 22.1422 20.2349 4
    endloop
  endfacet
  facet normal 0 0 1
    outer loop
      vertex 33.9272 -2.22371 4
      vertex 22.9552 -20.5716 4
      vertex 23.0412 -20.6422 4
    endloop
  endfacet
  facet normal 0 0 1
    outer loop
      vertex 18.9176 9.61646 4
      vertex 22.1422 20.2349 4
      vertex 22.0315 20.2239 4
    endloop
  endfacet
  facet normal -0 0 1
    outer loop
      vertex 19.4863 7.17723 4
      vertex 33.3467 6.63307 4
      vertex 19.5359 7.3089 4
    endloop
  endfacet
  facet normal 0 0 1
    outer loop
      vertex 18.8088 9.70571 4
      vertex 22.0315 20.2239 4
      vertex 21.9203 20.2203 4
    endloop
  endfacet
  facet normal -0 0 1
    outer loop
      vertex 19.0203 6.47972 4
      vertex 34 0 4
      vertex 19.1165 6.58241 4
    endloop
  endfacet
  facet normal 0 0 1
    outer loop
      vertex 18.6945 9.78766 4
      vertex 21.9203 20.2203 4
      vertex 21.8091 20.2239 4
    endloop
  endfacet
  facet normal 0 0 1
    outer loop
      vertex 33.9272 -2.22371 4
      vertex 22.8648 -20.5068 4
      vertex 22.9552 -20.5716 4
    endloop
  endfacet
  facet normal 0 0 1
    outer loop
      vertex 18.575 9.86195 4
      vertex 21.8091 20.2239 4
      vertex 21.6984 20.2349 4
    endloop
  endfacet
  facet normal -0 0 1
    outer loop
      vertex 18.9176 6.38354 4
      vertex 34 0 4
      vertex 19.0203 6.47972 4
    endloop
  endfacet
  facet normal 0 0 1
    outer loop
      vertex 18.4509 9.92828 4
      vertex 21.6984 20.2349 4
      vertex 21.5887 20.253 4
    endloop
  endfacet
  facet normal 0 0 1
    outer loop
      vertex 33.9272 -2.22371 4
      vertex 22.7703 -20.4481 4
      vertex 22.8648 -20.5068 4
    endloop
  endfacet
  facet normal 0 0 1
    outer loop
      vertex 18.3228 9.98634 4
      vertex 21.5887 20.253 4
      vertex 21.4803 20.2782 4
    endloop
  endfacet
  facet normal 0 0 1
    outer loop
      vertex 34 0 4
      vertex 18.9176 6.38354 4
      vertex 33.9272 -2.22371 4
    endloop
  endfacet
  facet normal 0 0 1
    outer loop
      vertex 18.1911 10.0359 4
      vertex 21.4803 20.2782 4
      vertex 21.3739 20.3105 4
    endloop
  endfacet
  facet normal 0 0 1
    outer loop
      vertex 33.9272 -2.22371 4
      vertex 22.6722 -20.3956 4
      vertex 22.7703 -20.4481 4
    endloop
  endfacet
  facet normal 0 0 1
    outer loop
      vertex 18.0565 10.0767 4
      vertex 21.3739 20.3105 4
      vertex 21.2697 20.3497 4
    endloop
  endfacet
  facet normal -0 0 1
    outer loop
      vertex 18.8088 6.29429 4
      vertex 33.9272 -2.22371 4
      vertex 18.9176 6.38354 4
    endloop
  endfacet
  facet normal 0 0 1
    outer loop
      vertex 17.9194 10.1087 4
      vertex 21.2697 20.3497 4
      vertex 21.1684 20.3956 4
    endloop
  endfacet
  facet normal 0 0 1
    outer loop
      vertex 33.9272 -2.22371 4
      vertex 22.5709 -20.3497 4
      vertex 22.6722 -20.3956 4
    endloop
  endfacet
  facet normal 0 0 1
    outer loop
      vertex 17.7806 10.1316 4
      vertex 21.1684 20.3956 4
      vertex 21.0703 20.4481 4
    endloop
  endfacet
  facet normal -0 0 1
    outer loop
      vertex 18.6945 6.21234 4
      vertex 33.9272 -2.22371 4
      vertex 18.8088 6.29429 4
    endloop
  endfacet
  facet normal 0 0 1
    outer loop
      vertex 17.6406 10.1454 4
      vertex 21.0703 20.4481 4
      vertex 20.9758 20.5068 4
    endloop
  endfacet
  facet normal 0 0 1
    outer loop
      vertex 33.9272 -2.22371 4
      vertex 22.4668 -20.3105 4
      vertex 22.5709 -20.3497 4
    endloop
  endfacet
  facet normal 0 0 1
    outer loop
      vertex 17.5 10.15 4
      vertex 20.9758 20.5068 4
      vertex 20.8854 20.5716 4
    endloop
  endfacet
  facet normal -0 0 1
    outer loop
      vertex 18.575 6.13805 4
      vertex 33.9272 -2.22371 4
      vertex 18.6945 6.21234 4
    endloop
  endfacet
  facet normal 0 0 1
    outer loop
      vertex 17.3594 10.1454 4
      vertex 20.8854 20.5716 4
      vertex 20.7994 20.6422 4
    endloop
  endfacet
  facet normal 0 0 1
    outer loop
      vertex 33.9272 -2.22371 4
      vertex 22.3603 -20.2782 4
      vertex 22.4668 -20.3105 4
    endloop
  endfacet
  facet normal 0 0 1
    outer loop
      vertex 17.2194 10.1316 4
      vertex 20.7994 20.6422 4
      vertex 20.7182 20.7182 4
    endloop
  endfacet
  facet normal -0 0 1
    outer loop
      vertex 18.4509 6.07172 4
      vertex 33.9272 -2.22371 4
      vertex 18.575 6.13805 4
    endloop
  endfacet
  facet normal 0 0 1
    outer loop
      vertex 17.0806 10.1087 4
      vertex 20.7182 20.7182 4
      vertex 20.6422 20.7994 4
    endloop
  endfacet
  facet normal -0 0 1
    outer loop
      vertex 19.5359 7.3089 4
      vertex 33.3467 6.63307 4
      vertex 19.5767 7.44354 4
    endloop
  endfacet
  facet normal 0 0 1
    outer loop
      vertex 17.0806 10.1087 4
      vertex 20.6422 20.7994 4
      vertex 20.5716 20.8854 4
    endloop
  endfacet
  facet normal 0 0 1
    outer loop
      vertex 33.9272 -2.22371 4
      vertex 22.252 -20.253 4
      vertex 22.3603 -20.2782 4
    endloop
  endfacet
  facet normal 0 0 1
    outer loop
      vertex 16.9435 10.0767 4
      vertex 20.5716 20.8854 4
      vertex 20.5068 20.9758 4
    endloop
  endfacet
  facet normal -0 0 1
    outer loop
      vertex 18.3228 6.01366 4
      vertex 33.9272 -2.22371 4
      vertex 18.4509 6.07172 4
    endloop
  endfacet
  facet normal 0 0 1
    outer loop
      vertex 16.8089 10.0359 4
      vertex 20.5068 20.9758 4
      vertex 20.4481 21.0703 4
    endloop
  endfacet
  facet normal 0 0 1
    outer loop
      vertex 33.9272 -2.22371 4
      vertex 22.1422 -20.2349 4
      vertex 22.252 -20.253 4
    endloop
  endfacet
  facet normal 0 0 1
    outer loop
      vertex 16.6772 9.98634 4
      vertex 20.4481 21.0703 4
      vertex 20.3956 21.1684 4
    endloop
  endfacet
  facet normal -0 0 1
    outer loop
      vertex 18.1911 5.9641 4
      vertex 33.9272 -2.22371 4
      vertex 18.3228 6.01366 4
    endloop
  endfacet
  facet normal 0 0 1
    outer loop
      vertex 16.5491 9.92828 4
      vertex 20.3956 21.1684 4
      vertex 20.3497 21.2697 4
    endloop
  endfacet
  facet normal 0 0 1
    outer loop
      vertex 33.9272 -2.22371 4
      vertex 22.0315 -20.2239 4
      vertex 22.1422 -20.2349 4
    endloop
  endfacet
  facet normal 0 0 1
    outer loop
      vertex 16.425 9.86195 4
      vertex 20.3497 21.2697 4
      vertex 20.3105 21.3739 4
    endloop
  endfacet
  facet normal -0 0 1
    outer loop
      vertex 18.0565 5.92326 4
      vertex 33.9272 -2.22371 4
      vertex 18.1911 5.9641 4
    endloop
  endfacet
  facet normal 0 0 1
    outer loop
      vertex 16.3055 9.78766 4
      vertex 20.3105 21.3739 4
      vertex 20.2782 21.4803 4
    endloop
  endfacet
  facet normal 0 0 1
    outer loop
      vertex 33.9272 -2.22371 4
      vertex 21.9203 -20.2203 4
      vertex 22.0315 -20.2239 4
    endloop
  endfacet
  facet normal 0 0 1
    outer loop
      vertex 16.1912 9.70571 4
      vertex 20.2782 21.4803 4
      vertex 20.253 21.5887 4
    endloop
  endfacet
  facet normal 0 0 1
    outer loop
      vertex 33.9272 -2.22371 4
      vertex 18.0565 5.92326 4
      vertex 21.9203 -20.2203 4
    endloop
  endfacet
  facet normal 0 0 1
    outer loop
      vertex 16.0824 9.61646 4
      vertex 20.253 21.5887 4
      vertex 20.2349 21.6984 4
    endloop
  endfacet
  facet normal 0 0 1
    outer loop
      vertex 21.9203 -20.2203 4
      vertex 18.0565 5.92326 4
      vertex 21.8091 -20.2239 4
    endloop
  endfacet
  facet normal 0 0 1
    outer loop
      vertex 13.0112 31.4119 4
      vertex 20.2349 21.6984 4
      vertex 20.2239 21.8091 4
    endloop
  endfacet
  facet normal -0 0 1
    outer loop
      vertex 17.9194 5.89131 4
      vertex 21.8091 -20.2239 4
      vertex 18.0565 5.92326 4
    endloop
  endfacet
  facet normal 0 0 1
    outer loop
      vertex 13.0112 31.4119 4
      vertex 20.2239 21.8091 4
      vertex 20.2203 21.9203 4
    endloop
  endfacet
  facet normal 0 0 1
    outer loop
      vertex 21.8091 -20.2239 4
      vertex 17.9194 5.89131 4
      vertex 21.6984 -20.2349 4
    endloop
  endfacet
  facet normal -0 0 1
    outer loop
      vertex 23.269 20.8854 4
      vertex 26.974 20.6979 4
      vertex 23.3338 20.9758 4
    endloop
  endfacet
  facet normal -0 0 1
    outer loop
      vertex 23.3338 20.9758 4
      vertex 26.974 20.6979 4
      vertex 23.3926 21.0703 4
    endloop
  endfacet
  facet normal -0 0 1
    outer loop
      vertex 23.1984 20.7994 4
      vertex 26.974 20.6979 4
      vertex 23.269 20.8854 4
    endloop
  endfacet
  facet normal -0 0 1
    outer loop
      vertex 23.3926 21.0703 4
      vertex 26.974 20.6979 4
      vertex 23.445 21.1684 4
    endloop
  endfacet
  facet normal -0 0 1
    outer loop
      vertex 23.1224 20.7182 4
      vertex 26.974 20.6979 4
      vertex 23.1984 20.7994 4
    endloop
  endfacet
  facet normal -0 0 1
    outer loop
      vertex 23.445 21.1684 4
      vertex 26.974 20.6979 4
      vertex 23.4909 21.2697 4
    endloop
  endfacet
  facet normal 0 0 1
    outer loop
      vertex 33.9272 -2.22371 4
      vertex 23.6203 -21.9203 4
      vertex 33.7091 -4.43789 4
    endloop
  endfacet
  facet normal 0 0 1
    outer loop
      vertex 25.5626 22.4178 4
      vertex 23.4909 21.2697 4
      vertex 26.974 20.6979 4
    endloop
  endfacet
  facet normal 0 0 1
    outer loop
      vertex 33.7091 -4.43789 4
      vertex 23.6203 -21.9203 4
      vertex 33.3467 -6.63307 4
    endloop
  endfacet
  facet normal 0 0 1
    outer loop
      vertex 23.4909 21.2697 4
      vertex 25.5626 22.4178 4
      vertex 23.5301 21.3739 4
    endloop
  endfacet
  facet normal 0 0 1
    outer loop
      vertex 33.3467 -6.63307 4
      vertex 23.6203 -21.9203 4
      vertex 32.8415 -8.79985 4
    endloop
  endfacet
  facet normal 0 0 1
    outer loop
      vertex 23.5301 21.3739 4
      vertex 25.5626 22.4178 4
      vertex 23.5624 21.4803 4
    endloop
  endfacet
  facet normal 0 0 1
    outer loop
      vertex 32.8415 -8.79985 4
      vertex 23.6203 -21.9203 4
      vertex 32.1956 -10.9289 4
    endloop
  endfacet
  facet normal 0 0 1
    outer loop
      vertex 23.5624 21.4803 4
      vertex 25.5626 22.4178 4
      vertex 23.5876 21.5887 4
    endloop
  endfacet
  facet normal 0 0 1
    outer loop
      vertex 32.1956 -10.9289 4
      vertex 23.6203 -21.9203 4
      vertex 31.4119 -13.0112 4
    endloop
  endfacet
  facet normal 0 0 1
    outer loop
      vertex 23.5876 21.5887 4
      vertex 25.5626 22.4178 4
      vertex 23.6058 21.6984 4
    endloop
  endfacet
  facet normal 0 0 1
    outer loop
      vertex 31.4119 -13.0112 4
      vertex 23.6203 -21.9203 4
      vertex 30.4937 -15.0378 4
    endloop
  endfacet
  facet normal 0 0 1
    outer loop
      vertex 23.6058 21.6984 4
      vertex 25.5626 22.4178 4
      vertex 23.6167 21.8091 4
    endloop
  endfacet
  facet normal 0 0 1
    outer loop
      vertex 30.4937 -15.0378 4
      vertex 23.6203 -21.9203 4
      vertex 29.4449 -17 4
    endloop
  endfacet
  facet normal 0 0 1
    outer loop
      vertex 23.6167 21.8091 4
      vertex 25.5626 22.4178 4
      vertex 23.6203 21.9203 4
    endloop
  endfacet
  facet normal 0 0 1
    outer loop
      vertex 29.4449 -17 4
      vertex 23.6203 -21.9203 4
      vertex 28.27 -18.8894 4
    endloop
  endfacet
  facet normal -0 0 1
    outer loop
      vertex 23.4909 22.5709 4
      vertex 25.5626 22.4178 4
      vertex 24.0416 24.0416 4
    endloop
  endfacet
  facet normal 0 0 1
    outer loop
      vertex 28.27 -18.8894 4
      vertex 23.6203 -21.9203 4
      vertex 26.974 -20.6979 4
    endloop
  endfacet
  facet normal 0 0 1
    outer loop
      vertex 26.974 -20.6979 4
      vertex 23.6203 -21.9203 4
      vertex 25.5626 -22.4178 4
    endloop
  endfacet
  facet normal 0 0 1
    outer loop
      vertex 25.5626 22.4178 4
      vertex 23.6167 22.0315 4
      vertex 23.6203 21.9203 4
    endloop
  endfacet
  facet normal 0 0 1
    outer loop
      vertex 25.5626 22.4178 4
      vertex 23.6058 22.1422 4
      vertex 23.6167 22.0315 4
    endloop
  endfacet
  facet normal 0 0 1
    outer loop
      vertex 25.5626 22.4178 4
      vertex 23.5876 22.252 4
      vertex 23.6058 22.1422 4
    endloop
  endfacet
  facet normal 0 0 1
    outer loop
      vertex 25.5626 22.4178 4
      vertex 23.5624 22.3603 4
      vertex 23.5876 22.252 4
    endloop
  endfacet
  facet normal 0 0 1
    outer loop
      vertex 25.5626 22.4178 4
      vertex 23.5301 22.4668 4
      vertex 23.5624 22.3603 4
    endloop
  endfacet
  facet normal 0 0 1
    outer loop
      vertex 25.5626 22.4178 4
      vertex 23.4909 22.5709 4
      vertex 23.5301 22.4668 4
    endloop
  endfacet
  facet normal 0 0 1
    outer loop
      vertex 24.0416 24.0416 4
      vertex 23.445 22.6722 4
      vertex 23.4909 22.5709 4
    endloop
  endfacet
  facet normal 0 0 1
    outer loop
      vertex 24.0416 24.0416 4
      vertex 23.3926 22.7703 4
      vertex 23.445 22.6722 4
    endloop
  endfacet
  facet normal 0 0 1
    outer loop
      vertex 24.0416 24.0416 4
      vertex 23.3338 22.8648 4
      vertex 23.3926 22.7703 4
    endloop
  endfacet
  facet normal 0 0 1
    outer loop
      vertex 24.0416 24.0416 4
      vertex 23.269 22.9552 4
      vertex 23.3338 22.8648 4
    endloop
  endfacet
  facet normal 0 0 1
    outer loop
      vertex 24.0416 24.0416 4
      vertex 23.1984 23.0412 4
      vertex 23.269 22.9552 4
    endloop
  endfacet
  facet normal 0 0 1
    outer loop
      vertex 24.0416 24.0416 4
      vertex 23.1224 23.1224 4
      vertex 23.1984 23.0412 4
    endloop
  endfacet
  facet normal 0 0 1
    outer loop
      vertex 24.0416 24.0416 4
      vertex 23.0412 23.1984 4
      vertex 23.1224 23.1224 4
    endloop
  endfacet
  facet normal 0 0 1
    outer loop
      vertex 24.0416 24.0416 4
      vertex 22.9552 23.269 4
      vertex 23.0412 23.1984 4
    endloop
  endfacet
  facet normal 0 0 1
    outer loop
      vertex 24.0416 24.0416 4
      vertex 22.8648 23.3338 4
      vertex 22.9552 23.269 4
    endloop
  endfacet
  facet normal 0 0 1
    outer loop
      vertex 24.0416 24.0416 4
      vertex 22.7703 23.3926 4
      vertex 22.8648 23.3338 4
    endloop
  endfacet
  facet normal 0 0 1
    outer loop
      vertex 24.0416 24.0416 4
      vertex 22.6722 23.445 4
      vertex 22.7703 23.3926 4
    endloop
  endfacet
  facet normal 0 0 1
    outer loop
      vertex 24.0416 24.0416 4
      vertex 22.5709 23.4909 4
      vertex 22.6722 23.445 4
    endloop
  endfacet
  facet normal 0 0 1
    outer loop
      vertex 22.4178 25.5626 4
      vertex 22.5709 23.4909 4
      vertex 24.0416 24.0416 4
    endloop
  endfacet
  facet normal 0 0 1
    outer loop
      vertex 22.5709 23.4909 4
      vertex 22.4178 25.5626 4
      vertex 22.4668 23.5301 4
    endloop
  endfacet
  facet normal 0 0 1
    outer loop
      vertex 22.4178 25.5626 4
      vertex 22.3603 23.5624 4
      vertex 22.4668 23.5301 4
    endloop
  endfacet
  facet normal 0 0 1
    outer loop
      vertex 22.4178 25.5626 4
      vertex 22.252 23.5876 4
      vertex 22.3603 23.5624 4
    endloop
  endfacet
  facet normal 0 0 1
    outer loop
      vertex 22.4178 25.5626 4
      vertex 22.1422 23.6058 4
      vertex 22.252 23.5876 4
    endloop
  endfacet
  facet normal 0 0 1
    outer loop
      vertex 22.4178 25.5626 4
      vertex 22.0315 23.6167 4
      vertex 22.1422 23.6058 4
    endloop
  endfacet
  facet normal 0 0 1
    outer loop
      vertex 22.4178 25.5626 4
      vertex 21.9203 23.6203 4
      vertex 22.0315 23.6167 4
    endloop
  endfacet
  facet normal 0 0 1
    outer loop
      vertex 22.4178 25.5626 4
      vertex 21.8091 23.6167 4
      vertex 21.9203 23.6203 4
    endloop
  endfacet
  facet normal 0 0 1
    outer loop
      vertex 22.4178 25.5626 4
      vertex 21.6984 23.6058 4
      vertex 21.8091 23.6167 4
    endloop
  endfacet
  facet normal 0 0 1
    outer loop
      vertex 22.4178 25.5626 4
      vertex 21.5887 23.5876 4
      vertex 21.6984 23.6058 4
    endloop
  endfacet
  facet normal 0 0 1
    outer loop
      vertex 22.4178 25.5626 4
      vertex 21.4803 23.5624 4
      vertex 21.5887 23.5876 4
    endloop
  endfacet
  facet normal 0 0 1
    outer loop
      vertex 22.4178 25.5626 4
      vertex 21.3739 23.5301 4
      vertex 21.4803 23.5624 4
    endloop
  endfacet
  facet normal 0 0 1
    outer loop
      vertex 22.4178 25.5626 4
      vertex 21.2697 23.4909 4
      vertex 21.3739 23.5301 4
    endloop
  endfacet
  facet normal 0 0 1
    outer loop
      vertex 20.6979 26.974 4
      vertex 21.2697 23.4909 4
      vertex 22.4178 25.5626 4
    endloop
  endfacet
  facet normal 0 0 1
    outer loop
      vertex 21.2697 23.4909 4
      vertex 20.6979 26.974 4
      vertex 21.1684 23.445 4
    endloop
  endfacet
  facet normal 0 0 1
    outer loop
      vertex 21.1684 23.445 4
      vertex 20.6979 26.974 4
      vertex 21.0703 23.3926 4
    endloop
  endfacet
  facet normal 0 0 1
    outer loop
      vertex 21.0703 23.3926 4
      vertex 20.6979 26.974 4
      vertex 20.9758 23.3338 4
    endloop
  endfacet
  facet normal 0 0 1
    outer loop
      vertex 20.9758 23.3338 4
      vertex 20.6979 26.974 4
      vertex 20.8854 23.269 4
    endloop
  endfacet
  facet normal 0 0 1
    outer loop
      vertex 20.8854 23.269 4
      vertex 20.6979 26.974 4
      vertex 20.7994 23.1984 4
    endloop
  endfacet
  facet normal 0 0 1
    outer loop
      vertex 20.7994 23.1984 4
      vertex 20.6979 26.974 4
      vertex 20.7182 23.1224 4
    endloop
  endfacet
  facet normal 0 0 1
    outer loop
      vertex 20.6979 26.974 4
      vertex 20.6422 23.0412 4
      vertex 20.7182 23.1224 4
    endloop
  endfacet
  facet normal 0 0 1
    outer loop
      vertex 20.6979 26.974 4
      vertex 20.5716 22.9552 4
      vertex 20.6422 23.0412 4
    endloop
  endfacet
  facet normal 0 0 1
    outer loop
      vertex 18.8894 28.27 4
      vertex 20.5716 22.9552 4
      vertex 20.6979 26.974 4
    endloop
  endfacet
  facet normal 0 0 1
    outer loop
      vertex 20.5716 22.9552 4
      vertex 18.8894 28.27 4
      vertex 20.5068 22.8648 4
    endloop
  endfacet
  facet normal 0 0 1
    outer loop
      vertex 20.5068 22.8648 4
      vertex 18.8894 28.27 4
      vertex 20.4481 22.7703 4
    endloop
  endfacet
  facet normal 0 0 1
    outer loop
      vertex 20.4481 22.7703 4
      vertex 18.8894 28.27 4
      vertex 20.3956 22.6722 4
    endloop
  endfacet
  facet normal 0 0 1
    outer loop
      vertex 20.3956 22.6722 4
      vertex 18.8894 28.27 4
      vertex 20.3497 22.5709 4
    endloop
  endfacet
  facet normal 0 0 1
    outer loop
      vertex 20.3497 22.5709 4
      vertex 18.8894 28.27 4
      vertex 20.3105 22.4668 4
    endloop
  endfacet
  facet normal 0 0 1
    outer loop
      vertex 17 29.4449 4
      vertex 20.3105 22.4668 4
      vertex 18.8894 28.27 4
    endloop
  endfacet
  facet normal 0 0 1
    outer loop
      vertex 20.3105 22.4668 4
      vertex 17 29.4449 4
      vertex 20.2782 22.3603 4
    endloop
  endfacet
  facet normal 0 0 1
    outer loop
      vertex 20.2782 22.3603 4
      vertex 17 29.4449 4
      vertex 20.253 22.252 4
    endloop
  endfacet
  facet normal -0 0 1
    outer loop
      vertex 17.7806 5.86839 4
      vertex 21.6984 -20.2349 4
      vertex 17.9194 5.89131 4
    endloop
  endfacet
  facet normal 0 0 1
    outer loop
      vertex 15.0378 30.4937 4
      vertex 20.2203 21.9203 4
      vertex 20.2239 22.0315 4
    endloop
  endfacet
  facet normal -0 0 1
    outer loop
      vertex 19.5767 7.44354 4
      vertex 33.3467 6.63307 4
      vertex 19.6087 7.58055 4
    endloop
  endfacet
  facet normal 0 0 1
    outer loop
      vertex 32.8415 8.79985 4
      vertex 19.6087 7.58055 4
      vertex 33.3467 6.63307 4
    endloop
  endfacet
  facet normal 0 0 1
    outer loop
      vertex 19.6087 7.58055 4
      vertex 32.8415 8.79985 4
      vertex 19.6316 7.71937 4
    endloop
  endfacet
  facet normal 0 0 1
    outer loop
      vertex 19.6454 7.85938 4
      vertex 32.8415 8.79985 4
      vertex 19.65 8 4
    endloop
  endfacet
  facet normal 0 -0 1
    outer loop
      vertex 19.65 8 4
      vertex 32.1956 10.9289 4
      vertex 19.6454 8.14062 4
    endloop
  endfacet
  facet normal 0 -0 1
    outer loop
      vertex 19.6316 8.28063 4
      vertex 32.1956 10.9289 4
      vertex 19.6087 8.41944 4
    endloop
  endfacet
  facet normal 0 -0 1
    outer loop
      vertex 19.6087 8.41944 4
      vertex 31.4119 13.0112 4
      vertex 19.5767 8.55646 4
    endloop
  endfacet
  facet normal 0 -0 1
    outer loop
      vertex 19.5359 8.69109 4
      vertex 31.4119 13.0112 4
      vertex 19.4863 8.82277 4
    endloop
  endfacet
  facet normal 0 -0 1
    outer loop
      vertex 19.4863 8.82277 4
      vertex 30.4937 15.0378 4
      vertex 19.4283 8.95092 4
    endloop
  endfacet
  facet normal 0 -0 1
    outer loop
      vertex 19.362 9.075 4
      vertex 30.4937 15.0378 4
      vertex 19.2877 9.19448 4
    endloop
  endfacet
  facet normal 0 0 1
    outer loop
      vertex 29.4449 17 4
      vertex 19.2057 9.30884 4
      vertex 30.4937 15.0378 4
    endloop
  endfacet
  facet normal 0 0 1
    outer loop
      vertex 22.252 20.253 4
      vertex 19.0203 9.52028 4
      vertex 19.1165 9.41759 4
    endloop
  endfacet
  facet normal 0 0 1
    outer loop
      vertex 20.253 22.252 4
      vertex 17 29.4449 4
      vertex 20.2349 22.1422 4
    endloop
  endfacet
  facet normal 0 0 1
    outer loop
      vertex 22.1422 20.2349 4
      vertex 18.9176 9.61646 4
      vertex 19.0203 9.52028 4
    endloop
  endfacet
  facet normal 0 0 1
    outer loop
      vertex 15.0378 30.4937 4
      vertex 20.2349 22.1422 4
      vertex 17 29.4449 4
    endloop
  endfacet
  facet normal 0 0 1
    outer loop
      vertex 22.0315 20.2239 4
      vertex 18.8088 9.70571 4
      vertex 18.9176 9.61646 4
    endloop
  endfacet
  facet normal 0 0 1
    outer loop
      vertex 21.9203 20.2203 4
      vertex 18.6945 9.78766 4
      vertex 18.8088 9.70571 4
    endloop
  endfacet
  facet normal 0 0 1
    outer loop
      vertex 21.8091 20.2239 4
      vertex 18.575 9.86195 4
      vertex 18.6945 9.78766 4
    endloop
  endfacet
  facet normal 0 0 1
    outer loop
      vertex 21.6984 20.2349 4
      vertex 18.4509 9.92828 4
      vertex 18.575 9.86195 4
    endloop
  endfacet
  facet normal 0 0 1
    outer loop
      vertex 21.5887 20.253 4
      vertex 18.3228 9.98634 4
      vertex 18.4509 9.92828 4
    endloop
  endfacet
  facet normal 0 0 1
    outer loop
      vertex 21.4803 20.2782 4
      vertex 18.1911 10.0359 4
      vertex 18.3228 9.98634 4
    endloop
  endfacet
  facet normal 0 0 1
    outer loop
      vertex 21.3739 20.3105 4
      vertex 18.0565 10.0767 4
      vertex 18.1911 10.0359 4
    endloop
  endfacet
  facet normal 0 0 1
    outer loop
      vertex 21.2697 20.3497 4
      vertex 17.9194 10.1087 4
      vertex 18.0565 10.0767 4
    endloop
  endfacet
  facet normal 0 0 1
    outer loop
      vertex 21.1684 20.3956 4
      vertex 17.7806 10.1316 4
      vertex 17.9194 10.1087 4
    endloop
  endfacet
  facet normal 0 0 1
    outer loop
      vertex 21.0703 20.4481 4
      vertex 17.6406 10.1454 4
      vertex 17.7806 10.1316 4
    endloop
  endfacet
  facet normal 0 0 1
    outer loop
      vertex 20.9758 20.5068 4
      vertex 17.5 10.15 4
      vertex 17.6406 10.1454 4
    endloop
  endfacet
  facet normal 0 0 1
    outer loop
      vertex 20.8854 20.5716 4
      vertex 17.3594 10.1454 4
      vertex 17.5 10.15 4
    endloop
  endfacet
  facet normal 0 0 1
    outer loop
      vertex 20.7994 20.6422 4
      vertex 17.2194 10.1316 4
      vertex 17.3594 10.1454 4
    endloop
  endfacet
  facet normal 0 0 1
    outer loop
      vertex 20.7182 20.7182 4
      vertex 17.0806 10.1087 4
      vertex 17.2194 10.1316 4
    endloop
  endfacet
  facet normal 0 0 1
    outer loop
      vertex 20.2349 22.1422 4
      vertex 15.0378 30.4937 4
      vertex 20.2239 22.0315 4
    endloop
  endfacet
  facet normal 0 0 1
    outer loop
      vertex 20.5716 20.8854 4
      vertex 16.9435 10.0767 4
      vertex 17.0806 10.1087 4
    endloop
  endfacet
  facet normal 0 0 1
    outer loop
      vertex 20.5068 20.9758 4
      vertex 16.8089 10.0359 4
      vertex 16.9435 10.0767 4
    endloop
  endfacet
  facet normal 0 0 1
    outer loop
      vertex 20.4481 21.0703 4
      vertex 16.6772 9.98634 4
      vertex 16.8089 10.0359 4
    endloop
  endfacet
  facet normal 0 0 1
    outer loop
      vertex 20.3956 21.1684 4
      vertex 16.5491 9.92828 4
      vertex 16.6772 9.98634 4
    endloop
  endfacet
  facet normal 0 0 1
    outer loop
      vertex 20.3497 21.2697 4
      vertex 16.425 9.86195 4
      vertex 16.5491 9.92828 4
    endloop
  endfacet
  facet normal 0 0 1
    outer loop
      vertex 20.2203 21.9203 4
      vertex 15.0378 30.4937 4
      vertex 13.0112 31.4119 4
    endloop
  endfacet
  facet normal 0 0 1
    outer loop
      vertex 20.3105 21.3739 4
      vertex 16.3055 9.78766 4
      vertex 16.425 9.86195 4
    endloop
  endfacet
  facet normal 0 0 1
    outer loop
      vertex 20.2782 21.4803 4
      vertex 16.1912 9.70571 4
      vertex 16.3055 9.78766 4
    endloop
  endfacet
  facet normal 0 0 1
    outer loop
      vertex 20.2349 21.6984 4
      vertex 13.0112 31.4119 4
      vertex 10.9289 32.1956 4
    endloop
  endfacet
  facet normal 0 0 1
    outer loop
      vertex 20.253 21.5887 4
      vertex 16.0824 9.61646 4
      vertex 16.1912 9.70571 4
    endloop
  endfacet
  facet normal 0 0 1
    outer loop
      vertex 20.2349 21.6984 4
      vertex 10.9289 32.1956 4
      vertex 16.0824 9.61646 4
    endloop
  endfacet
  facet normal 0 0 1
    outer loop
      vertex 16.0824 9.61646 4
      vertex 10.9289 32.1956 4
      vertex 15.9797 9.52028 4
    endloop
  endfacet
  facet normal 0 0 1
    outer loop
      vertex 8.79985 32.8415 4
      vertex 15.9797 9.52028 4
      vertex 10.9289 32.1956 4
    endloop
  endfacet
  facet normal 0 0 1
    outer loop
      vertex 15.9797 9.52028 4
      vertex 8.79985 32.8415 4
      vertex 15.8835 9.41759 4
    endloop
  endfacet
  facet normal 0 0 1
    outer loop
      vertex 1.4235 5.31259 4
      vertex 15.8835 9.41759 4
      vertex 8.79985 32.8415 4
    endloop
  endfacet
  facet normal 0 -0 1
    outer loop
      vertex 1.76792 5.20812 4
      vertex 15.8835 9.41759 4
      vertex 1.4235 5.31259 4
    endloop
  endfacet
  facet normal 0 0 1
    outer loop
      vertex 15.8835 9.41759 4
      vertex 1.76792 5.20812 4
      vertex 15.7943 9.30884 4
    endloop
  endfacet
  facet normal 0 -0 1
    outer loop
      vertex 2.10476 5.08134 4
      vertex 15.7943 9.30884 4
      vertex 1.76792 5.20812 4
    endloop
  endfacet
  facet normal 0 0 1
    outer loop
      vertex 15.7943 9.30884 4
      vertex 2.10476 5.08134 4
      vertex 15.7123 9.19448 4
    endloop
  endfacet
  facet normal 0 0 1
    outer loop
      vertex 15.7123 9.19448 4
      vertex 2.10476 5.08134 4
      vertex 15.638 9.075 4
    endloop
  endfacet
  facet normal 0 0 1
    outer loop
      vertex 15.5717 8.95092 4
      vertex 2.75 4.76314 4
      vertex 15.5137 8.82277 4
    endloop
  endfacet
  facet normal 0 -0 1
    outer loop
      vertex 2.75 4.76314 4
      vertex 15.5717 8.95092 4
      vertex 2.43259 4.9328 4
    endloop
  endfacet
  facet normal -0 0 1
    outer loop
      vertex 23.6167 -22.0315 4
      vertex 25.5626 -22.4178 4
      vertex 23.6203 -21.9203 4
    endloop
  endfacet
  facet normal -0 0 1
    outer loop
      vertex 23.6058 -22.1422 4
      vertex 25.5626 -22.4178 4
      vertex 23.6167 -22.0315 4
    endloop
  endfacet
  facet normal -0 0 1
    outer loop
      vertex 23.5876 -22.252 4
      vertex 25.5626 -22.4178 4
      vertex 23.6058 -22.1422 4
    endloop
  endfacet
  facet normal -0 0 1
    outer loop
      vertex 23.5624 -22.3603 4
      vertex 25.5626 -22.4178 4
      vertex 23.5876 -22.252 4
    endloop
  endfacet
  facet normal 0 0 1
    outer loop
      vertex 23.5301 -22.4668 4
      vertex 25.5626 -22.4178 4
      vertex 23.5624 -22.3603 4
    endloop
  endfacet
  facet normal 0 0 1
    outer loop
      vertex 23.4909 -22.5709 4
      vertex 25.5626 -22.4178 4
      vertex 23.5301 -22.4668 4
    endloop
  endfacet
  facet normal 0 0 1
    outer loop
      vertex 25.5626 -22.4178 4
      vertex 23.4909 -22.5709 4
      vertex 24.0416 -24.0416 4
    endloop
  endfacet
  facet normal -0 0 1
    outer loop
      vertex 23.445 -22.6722 4
      vertex 24.0416 -24.0416 4
      vertex 23.4909 -22.5709 4
    endloop
  endfacet
  facet normal -0 0 1
    outer loop
      vertex 23.3926 -22.7703 4
      vertex 24.0416 -24.0416 4
      vertex 23.445 -22.6722 4
    endloop
  endfacet
  facet normal -0 0 1
    outer loop
      vertex 23.3338 -22.8648 4
      vertex 24.0416 -24.0416 4
      vertex 23.3926 -22.7703 4
    endloop
  endfacet
  facet normal -0 0 1
    outer loop
      vertex 23.269 -22.9552 4
      vertex 24.0416 -24.0416 4
      vertex 23.3338 -22.8648 4
    endloop
  endfacet
  facet normal -0 0 1
    outer loop
      vertex 23.1984 -23.0412 4
      vertex 24.0416 -24.0416 4
      vertex 23.269 -22.9552 4
    endloop
  endfacet
  facet normal -0 0 1
    outer loop
      vertex 23.1224 -23.1224 4
      vertex 24.0416 -24.0416 4
      vertex 23.1984 -23.0412 4
    endloop
  endfacet
  facet normal -0 0 1
    outer loop
      vertex 23.0412 -23.1984 4
      vertex 24.0416 -24.0416 4
      vertex 23.1224 -23.1224 4
    endloop
  endfacet
  facet normal -0 0 1
    outer loop
      vertex 22.9552 -23.269 4
      vertex 24.0416 -24.0416 4
      vertex 23.0412 -23.1984 4
    endloop
  endfacet
  facet normal -0 0 1
    outer loop
      vertex 22.8648 -23.3338 4
      vertex 24.0416 -24.0416 4
      vertex 22.9552 -23.269 4
    endloop
  endfacet
  facet normal -0 0 1
    outer loop
      vertex 22.7703 -23.3926 4
      vertex 24.0416 -24.0416 4
      vertex 22.8648 -23.3338 4
    endloop
  endfacet
  facet normal -0 0 1
    outer loop
      vertex 22.6722 -23.445 4
      vertex 24.0416 -24.0416 4
      vertex 22.7703 -23.3926 4
    endloop
  endfacet
  facet normal -0 0 1
    outer loop
      vertex 22.5709 -23.4909 4
      vertex 24.0416 -24.0416 4
      vertex 22.6722 -23.445 4
    endloop
  endfacet
  facet normal 0 0 1
    outer loop
      vertex 22.4178 -25.5626 4
      vertex 22.5709 -23.4909 4
      vertex 22.4668 -23.5301 4
    endloop
  endfacet
  facet normal 0 0 1
    outer loop
      vertex 22.5709 -23.4909 4
      vertex 22.4178 -25.5626 4
      vertex 24.0416 -24.0416 4
    endloop
  endfacet
  facet normal -0 0 1
    outer loop
      vertex 22.3603 -23.5624 4
      vertex 22.4178 -25.5626 4
      vertex 22.4668 -23.5301 4
    endloop
  endfacet
  facet normal -0 0 1
    outer loop
      vertex 22.252 -23.5876 4
      vertex 22.4178 -25.5626 4
      vertex 22.3603 -23.5624 4
    endloop
  endfacet
  facet normal -0 0 1
    outer loop
      vertex 22.1422 -23.6058 4
      vertex 22.4178 -25.5626 4
      vertex 22.252 -23.5876 4
    endloop
  endfacet
  facet normal -0 0 1
    outer loop
      vertex 22.0315 -23.6167 4
      vertex 22.4178 -25.5626 4
      vertex 22.1422 -23.6058 4
    endloop
  endfacet
  facet normal -0 0 1
    outer loop
      vertex 21.9203 -23.6203 4
      vertex 22.4178 -25.5626 4
      vertex 22.0315 -23.6167 4
    endloop
  endfacet
  facet normal 0 0 1
    outer loop
      vertex 21.8091 -23.6167 4
      vertex 22.4178 -25.5626 4
      vertex 21.9203 -23.6203 4
    endloop
  endfacet
  facet normal 0 0 1
    outer loop
      vertex 21.6984 -23.6058 4
      vertex 22.4178 -25.5626 4
      vertex 21.8091 -23.6167 4
    endloop
  endfacet
  facet normal 0 0 1
    outer loop
      vertex 21.5887 -23.5876 4
      vertex 22.4178 -25.5626 4
      vertex 21.6984 -23.6058 4
    endloop
  endfacet
  facet normal 0 0 1
    outer loop
      vertex 21.4803 -23.5624 4
      vertex 22.4178 -25.5626 4
      vertex 21.5887 -23.5876 4
    endloop
  endfacet
  facet normal 0 0 1
    outer loop
      vertex 21.3739 -23.5301 4
      vertex 22.4178 -25.5626 4
      vertex 21.4803 -23.5624 4
    endloop
  endfacet
  facet normal 0 0 1
    outer loop
      vertex 21.2697 -23.4909 4
      vertex 22.4178 -25.5626 4
      vertex 21.3739 -23.5301 4
    endloop
  endfacet
  facet normal 0 0 1
    outer loop
      vertex 20.6979 -26.974 4
      vertex 21.2697 -23.4909 4
      vertex 21.1684 -23.445 4
    endloop
  endfacet
  facet normal 0 0 1
    outer loop
      vertex 20.6979 -26.974 4
      vertex 21.1684 -23.445 4
      vertex 21.0703 -23.3926 4
    endloop
  endfacet
  facet normal 0 0 1
    outer loop
      vertex 20.6979 -26.974 4
      vertex 21.0703 -23.3926 4
      vertex 20.9758 -23.3338 4
    endloop
  endfacet
  facet normal 0 0 1
    outer loop
      vertex 20.6979 -26.974 4
      vertex 20.9758 -23.3338 4
      vertex 20.8854 -23.269 4
    endloop
  endfacet
  facet normal 0 0 1
    outer loop
      vertex 20.6979 -26.974 4
      vertex 20.8854 -23.269 4
      vertex 20.7994 -23.1984 4
    endloop
  endfacet
  facet normal 0 0 1
    outer loop
      vertex 20.6979 -26.974 4
      vertex 20.7994 -23.1984 4
      vertex 20.7182 -23.1224 4
    endloop
  endfacet
  facet normal 0 0 1
    outer loop
      vertex 21.2697 -23.4909 4
      vertex 20.6979 -26.974 4
      vertex 22.4178 -25.5626 4
    endloop
  endfacet
  facet normal 0 0 1
    outer loop
      vertex 20.6422 -23.0412 4
      vertex 20.6979 -26.974 4
      vertex 20.7182 -23.1224 4
    endloop
  endfacet
  facet normal 0 0 1
    outer loop
      vertex 20.5716 -22.9552 4
      vertex 20.6979 -26.974 4
      vertex 20.6422 -23.0412 4
    endloop
  endfacet
  facet normal 0 0 1
    outer loop
      vertex 18.8894 -28.27 4
      vertex 20.5716 -22.9552 4
      vertex 20.5068 -22.8648 4
    endloop
  endfacet
  facet normal 0 0 1
    outer loop
      vertex 18.8894 -28.27 4
      vertex 20.5068 -22.8648 4
      vertex 20.4481 -22.7703 4
    endloop
  endfacet
  facet normal 0 0 1
    outer loop
      vertex 18.8894 -28.27 4
      vertex 20.4481 -22.7703 4
      vertex 20.3956 -22.6722 4
    endloop
  endfacet
  facet normal 0 0 1
    outer loop
      vertex 18.8894 -28.27 4
      vertex 20.3956 -22.6722 4
      vertex 20.3497 -22.5709 4
    endloop
  endfacet
  facet normal 0 0 1
    outer loop
      vertex 18.8894 -28.27 4
      vertex 20.3497 -22.5709 4
      vertex 20.3105 -22.4668 4
    endloop
  endfacet
  facet normal 0 0 1
    outer loop
      vertex 17 -29.4449 4
      vertex 20.3105 -22.4668 4
      vertex 20.2782 -22.3603 4
    endloop
  endfacet
  facet normal 0 0 1
    outer loop
      vertex 17 -29.4449 4
      vertex 20.2782 -22.3603 4
      vertex 20.253 -22.252 4
    endloop
  endfacet
  facet normal 0 0 1
    outer loop
      vertex 17 -29.4449 4
      vertex 20.253 -22.252 4
      vertex 20.2349 -22.1422 4
    endloop
  endfacet
  facet normal 0 0 1
    outer loop
      vertex 15.0378 -30.4937 4
      vertex 20.2349 -22.1422 4
      vertex 20.2239 -22.0315 4
    endloop
  endfacet
  facet normal 0 0 1
    outer loop
      vertex 21.6984 -20.2349 4
      vertex 17.7806 5.86839 4
      vertex 21.5887 -20.253 4
    endloop
  endfacet
  facet normal -0 0 1
    outer loop
      vertex 17.6406 5.8546 4
      vertex 21.5887 -20.253 4
      vertex 17.7806 5.86839 4
    endloop
  endfacet
  facet normal 0 0 1
    outer loop
      vertex 21.5887 -20.253 4
      vertex 17.6406 5.8546 4
      vertex 21.4803 -20.2782 4
    endloop
  endfacet
  facet normal -0 0 1
    outer loop
      vertex 17.5 5.85 4
      vertex 21.4803 -20.2782 4
      vertex 17.6406 5.8546 4
    endloop
  endfacet
  facet normal 0 0 1
    outer loop
      vertex 21.4803 -20.2782 4
      vertex 17.5 5.85 4
      vertex 21.3739 -20.3105 4
    endloop
  endfacet
  facet normal 0 0 1
    outer loop
      vertex 5.20812 -1.76792 4
      vertex 17.2194 5.86839 4
      vertex 5.31259 -1.4235 4
    endloop
  endfacet
  facet normal 0 0 1
    outer loop
      vertex 16.9435 5.92326 4
      vertex 5.31259 -1.4235 4
      vertex 17.0806 5.89131 4
    endloop
  endfacet
  facet normal 0 0 1
    outer loop
      vertex 5.31259 -1.4235 4
      vertex 16.9435 5.92326 4
      vertex 5.39432 -1.073 4
    endloop
  endfacet
  facet normal 0 0 1
    outer loop
      vertex 17.0806 5.89131 4
      vertex 5.31259 -1.4235 4
      vertex 17.2194 5.86839 4
    endloop
  endfacet
  facet normal 0 0 1
    outer loop
      vertex 17.2194 5.86839 4
      vertex 5.20812 -1.76792 4
      vertex 17.3594 5.8546 4
    endloop
  endfacet
  facet normal 0 0 1
    outer loop
      vertex 5.08134 -2.10476 4
      vertex 17.3594 5.8546 4
      vertex 5.20812 -1.76792 4
    endloop
  endfacet
  facet normal 0 0 1
    outer loop
      vertex 17.3594 5.8546 4
      vertex 5.08134 -2.10476 4
      vertex 17.5 5.85 4
    endloop
  endfacet
  facet normal 0 0 1
    outer loop
      vertex 17.5 5.85 4
      vertex 5.08134 -2.10476 4
      vertex 21.3739 -20.3105 4
    endloop
  endfacet
  facet normal -0 0 1
    outer loop
      vertex 4.9328 -2.43259 4
      vertex 21.3739 -20.3105 4
      vertex 5.08134 -2.10476 4
    endloop
  endfacet
  facet normal 0 0 1
    outer loop
      vertex 20.5716 -22.9552 4
      vertex 18.8894 -28.27 4
      vertex 20.6979 -26.974 4
    endloop
  endfacet
  facet normal 0 0 1
    outer loop
      vertex 21.3739 -20.3105 4
      vertex 4.9328 -2.43259 4
      vertex 21.2697 -20.3497 4
    endloop
  endfacet
  facet normal -0 0 1
    outer loop
      vertex 4.76314 -2.75 4
      vertex 21.2697 -20.3497 4
      vertex 4.9328 -2.43259 4
    endloop
  endfacet
  facet normal 0 0 1
    outer loop
      vertex 21.2697 -20.3497 4
      vertex 4.76314 -2.75 4
      vertex 21.1684 -20.3956 4
    endloop
  endfacet
  facet normal 0 0 1
    outer loop
      vertex 21.1684 -20.3956 4
      vertex 4.76314 -2.75 4
      vertex 21.0703 -20.4481 4
    endloop
  endfacet
  facet normal -0 0 1
    outer loop
      vertex 4.57308 -3.05564 4
      vertex 21.0703 -20.4481 4
      vertex 4.76314 -2.75 4
    endloop
  endfacet
  facet normal 0 0 1
    outer loop
      vertex 21.0703 -20.4481 4
      vertex 4.57308 -3.05564 4
      vertex 20.9758 -20.5068 4
    endloop
  endfacet
  facet normal -0 0 1
    outer loop
      vertex 4.36344 -3.34819 4
      vertex 20.9758 -20.5068 4
      vertex 4.57308 -3.05564 4
    endloop
  endfacet
  facet normal -0 0 1
    outer loop
      vertex 4.13512 -3.6264 4
      vertex 20.8854 -20.5716 4
      vertex 4.36344 -3.34819 4
    endloop
  endfacet
  facet normal 0 0 1
    outer loop
      vertex 20.2782 -21.4803 4
      vertex 8.79985 -32.8415 4
      vertex 20.253 -21.5887 4
    endloop
  endfacet
  facet normal 0 -0 1
    outer loop
      vertex 10.9289 -32.1956 4
      vertex 20.253 -21.5887 4
      vertex 8.79985 -32.8415 4
    endloop
  endfacet
  facet normal 0 0 1
    outer loop
      vertex 20.253 -21.5887 4
      vertex 10.9289 -32.1956 4
      vertex 20.2349 -21.6984 4
    endloop
  endfacet
  facet normal 0 -0 1
    outer loop
      vertex 13.0112 -31.4119 4
      vertex 20.2349 -21.6984 4
      vertex 10.9289 -32.1956 4
    endloop
  endfacet
  facet normal 0 0 1
    outer loop
      vertex 20.9758 -20.5068 4
      vertex 4.36344 -3.34819 4
      vertex 20.8854 -20.5716 4
    endloop
  endfacet
  facet normal 0 0 1
    outer loop
      vertex 16.8089 5.9641 4
      vertex 5.39432 -1.073 4
      vertex 16.9435 5.92326 4
    endloop
  endfacet
  facet normal 0 0 1
    outer loop
      vertex 5.39432 -1.073 4
      vertex 16.8089 5.9641 4
      vertex 5.45295 -0.717894 4
    endloop
  endfacet
  facet normal 0 0 1
    outer loop
      vertex 20.2349 -21.6984 4
      vertex 13.0112 -31.4119 4
      vertex 20.2239 -21.8091 4
    endloop
  endfacet
  facet normal 0 0 1
    outer loop
      vertex 16.6772 6.01366 4
      vertex 5.45295 -0.717894 4
      vertex 16.8089 5.9641 4
    endloop
  endfacet
  facet normal 0 0 1
    outer loop
      vertex 5.45295 -0.717894 4
      vertex 16.6772 6.01366 4
      vertex 5.48822 -0.359716 4
    endloop
  endfacet
  facet normal 0 0 1
    outer loop
      vertex 16.5491 6.07172 4
      vertex 5.48822 -0.359716 4
      vertex 16.6772 6.01366 4
    endloop
  endfacet
  facet normal 0 0 1
    outer loop
      vertex 5.48822 -0.359716 4
      vertex 16.5491 6.07172 4
      vertex 5.5 0 4
    endloop
  endfacet
  facet normal 0 0 1
    outer loop
      vertex 5.5 0 4
      vertex 16.5491 6.07172 4
      vertex 16.425 6.13805 4
    endloop
  endfacet
  facet normal 0 0 1
    outer loop
      vertex 5.5 0 4
      vertex 16.425 6.13805 4
      vertex 16.3055 6.21234 4
    endloop
  endfacet
  facet normal 0 0 1
    outer loop
      vertex 5.48822 0.359716 4
      vertex 16.3055 6.21234 4
      vertex 16.1912 6.29429 4
    endloop
  endfacet
  facet normal 0 0 1
    outer loop
      vertex 5.45295 0.717894 4
      vertex 16.1912 6.29429 4
      vertex 16.0824 6.38354 4
    endloop
  endfacet
  facet normal 0 0 1
    outer loop
      vertex 5.45295 0.717894 4
      vertex 16.0824 6.38354 4
      vertex 15.9797 6.47972 4
    endloop
  endfacet
  facet normal 0 0 1
    outer loop
      vertex 5.39432 1.073 4
      vertex 15.9797 6.47972 4
      vertex 15.8835 6.58241 4
    endloop
  endfacet
  facet normal 0 0 1
    outer loop
      vertex 5.31259 1.4235 4
      vertex 15.8835 6.58241 4
      vertex 15.7943 6.69116 4
    endloop
  endfacet
  facet normal 0 0 1
    outer loop
      vertex 5.31259 1.4235 4
      vertex 15.7943 6.69116 4
      vertex 15.7123 6.80552 4
    endloop
  endfacet
  facet normal 0 0 1
    outer loop
      vertex 5.20812 1.76792 4
      vertex 15.7123 6.80552 4
      vertex 15.638 6.925 4
    endloop
  endfacet
  facet normal 0 0 1
    outer loop
      vertex 5.08134 2.10476 4
      vertex 15.638 6.925 4
      vertex 15.5717 7.04908 4
    endloop
  endfacet
  facet normal 0 0 1
    outer loop
      vertex 4.9328 2.43259 4
      vertex 15.5717 7.04908 4
      vertex 15.5137 7.17723 4
    endloop
  endfacet
  facet normal 0 0 1
    outer loop
      vertex 4.9328 2.43259 4
      vertex 15.5137 7.17723 4
      vertex 15.4641 7.3089 4
    endloop
  endfacet
  facet normal 0 0 1
    outer loop
      vertex 4.76314 2.75 4
      vertex 15.4641 7.3089 4
      vertex 15.4233 7.44354 4
    endloop
  endfacet
  facet normal 0 0 1
    outer loop
      vertex 4.57308 3.05564 4
      vertex 15.4233 7.44354 4
      vertex 15.3913 7.58055 4
    endloop
  endfacet
  facet normal 0 0 1
    outer loop
      vertex 4.57308 3.05564 4
      vertex 15.3913 7.58055 4
      vertex 15.3684 7.71937 4
    endloop
  endfacet
  facet normal 0 0 1
    outer loop
      vertex 4.36344 3.34819 4
      vertex 15.3684 7.71937 4
      vertex 15.3546 7.85938 4
    endloop
  endfacet
  facet normal 0 0 1
    outer loop
      vertex 20.3105 -22.4668 4
      vertex 17 -29.4449 4
      vertex 18.8894 -28.27 4
    endloop
  endfacet
  facet normal 0 0 1
    outer loop
      vertex 4.13512 3.6264 4
      vertex 15.3546 7.85938 4
      vertex 15.35 8 4
    endloop
  endfacet
  facet normal 0 -0 1
    outer loop
      vertex 3.05564 4.57308 4
      vertex 15.5137 8.82277 4
      vertex 2.75 4.76314 4
    endloop
  endfacet
  facet normal 0 0 1
    outer loop
      vertex 15.5137 8.82277 4
      vertex 3.05564 4.57308 4
      vertex 15.4641 8.69109 4
    endloop
  endfacet
  facet normal 0 0 1
    outer loop
      vertex 20.2349 -22.1422 4
      vertex 15.0378 -30.4937 4
      vertex 17 -29.4449 4
    endloop
  endfacet
  facet normal 0 0 1
    outer loop
      vertex 15.4641 8.69109 4
      vertex 3.05564 4.57308 4
      vertex 15.4233 8.55646 4
    endloop
  endfacet
  facet normal 0 0 1
    outer loop
      vertex 20.2203 -21.9203 4
      vertex 15.0378 -30.4937 4
      vertex 20.2239 -22.0315 4
    endloop
  endfacet
  facet normal 0 -0 1
    outer loop
      vertex 2.43259 4.9328 4
      vertex 15.638 9.075 4
      vertex 2.10476 5.08134 4
    endloop
  endfacet
  facet normal 0 -0 1
    outer loop
      vertex 15.0378 -30.4937 4
      vertex 20.2203 -21.9203 4
      vertex 13.0112 -31.4119 4
    endloop
  endfacet
  facet normal 0 0 1
    outer loop
      vertex 1.4235 5.31259 4
      vertex 8.79985 32.8415 4
      vertex 6.63307 33.3467 4
    endloop
  endfacet
  facet normal 0 0 1
    outer loop
      vertex 20.2239 -21.8091 4
      vertex 13.0112 -31.4119 4
      vertex 20.2203 -21.9203 4
    endloop
  endfacet
  facet normal 0 0 1
    outer loop
      vertex 20.8854 -20.5716 4
      vertex 4.13512 -3.6264 4
      vertex 20.7994 -20.6422 4
    endloop
  endfacet
  facet normal 0 0 1
    outer loop
      vertex 16.3055 6.21234 4
      vertex 5.48822 0.359716 4
      vertex 5.5 0 4
    endloop
  endfacet
  facet normal 0 0 1
    outer loop
      vertex 16.1912 6.29429 4
      vertex 5.45295 0.717894 4
      vertex 5.48822 0.359716 4
    endloop
  endfacet
  facet normal 0 0 1
    outer loop
      vertex 15.9797 6.47972 4
      vertex 5.39432 1.073 4
      vertex 5.45295 0.717894 4
    endloop
  endfacet
  facet normal 0 0 1
    outer loop
      vertex 15.8835 6.58241 4
      vertex 5.31259 1.4235 4
      vertex 5.39432 1.073 4
    endloop
  endfacet
  facet normal 0 0 1
    outer loop
      vertex 15.7123 6.80552 4
      vertex 5.20812 1.76792 4
      vertex 5.31259 1.4235 4
    endloop
  endfacet
  facet normal 0 0 1
    outer loop
      vertex 15.638 6.925 4
      vertex 5.08134 2.10476 4
      vertex 5.20812 1.76792 4
    endloop
  endfacet
  facet normal 0 0 1
    outer loop
      vertex 15.5717 7.04908 4
      vertex 4.9328 2.43259 4
      vertex 5.08134 2.10476 4
    endloop
  endfacet
  facet normal 0 0 1
    outer loop
      vertex 15.4641 7.3089 4
      vertex 4.76314 2.75 4
      vertex 4.9328 2.43259 4
    endloop
  endfacet
  facet normal 0 0 1
    outer loop
      vertex 15.4233 7.44354 4
      vertex 4.57308 3.05564 4
      vertex 4.76314 2.75 4
    endloop
  endfacet
  facet normal 0 0 1
    outer loop
      vertex 1.073 5.39432 4
      vertex 6.63307 33.3467 4
      vertex 4.43789 33.7091 4
    endloop
  endfacet
  facet normal 0 0 1
    outer loop
      vertex 15.3684 7.71937 4
      vertex 4.36344 3.34819 4
      vertex 4.57308 3.05564 4
    endloop
  endfacet
  facet normal 0 0 1
    outer loop
      vertex 15.3546 7.85938 4
      vertex 4.13512 3.6264 4
      vertex 4.36344 3.34819 4
    endloop
  endfacet
  facet normal 0 0 1
    outer loop
      vertex 15.35 8 4
      vertex 3.88909 3.88909 4
      vertex 4.13512 3.6264 4
    endloop
  endfacet
  facet normal 0 0 1
    outer loop
      vertex 15.3546 8.14062 4
      vertex 3.88909 3.88909 4
      vertex 15.35 8 4
    endloop
  endfacet
  facet normal 0 0 1
    outer loop
      vertex 15.3684 8.28063 4
      vertex 3.88909 3.88909 4
      vertex 15.3546 8.14062 4
    endloop
  endfacet
  facet normal 0 -0 1
    outer loop
      vertex 3.88909 3.88909 4
      vertex 15.3684 8.28063 4
      vertex 3.6264 4.13512 4
    endloop
  endfacet
  facet normal 0 0 1
    outer loop
      vertex 15.3913 8.41944 4
      vertex 3.6264 4.13512 4
      vertex 15.3684 8.28063 4
    endloop
  endfacet
  facet normal 0 -0 1
    outer loop
      vertex 3.6264 4.13512 4
      vertex 15.3913 8.41944 4
      vertex 3.34819 4.36344 4
    endloop
  endfacet
  facet normal 0 0 1
    outer loop
      vertex 0.717894 5.45295 4
      vertex 4.43789 33.7091 4
      vertex 2.22371 33.9272 4
    endloop
  endfacet
  facet normal 0 0 1
    outer loop
      vertex 15.4233 8.55646 4
      vertex 3.34819 4.36344 4
      vertex 15.3913 8.41944 4
    endloop
  endfacet
  facet normal 0 -0 1
    outer loop
      vertex 3.34819 4.36344 4
      vertex 15.4233 8.55646 4
      vertex 3.05564 4.57308 4
    endloop
  endfacet
  facet normal 0 0 1
    outer loop
      vertex 15.638 9.075 4
      vertex 2.43259 4.9328 4
      vertex 15.5717 8.95092 4
    endloop
  endfacet
  facet normal 0 0 1
    outer loop
      vertex 6.63307 33.3467 4
      vertex 1.073 5.39432 4
      vertex 1.4235 5.31259 4
    endloop
  endfacet
  facet normal 0 0 1
    outer loop
      vertex 4.43789 33.7091 4
      vertex 0.717894 5.45295 4
      vertex 1.073 5.39432 4
    endloop
  endfacet
  facet normal 0 0 1
    outer loop
      vertex 2.22371 33.9272 4
      vertex 0.359716 5.48822 4
      vertex 0.717894 5.45295 4
    endloop
  endfacet
  facet normal 0 0 1
    outer loop
      vertex 0 34 4
      vertex 0.359716 5.48822 4
      vertex 2.22371 33.9272 4
    endloop
  endfacet
  facet normal 0 0 1
    outer loop
      vertex 0 34 4
      vertex 0 5.5 4
      vertex 0.359716 5.48822 4
    endloop
  endfacet
  facet normal 0 0 1
    outer loop
      vertex 0 34 4
      vertex -0.359716 5.48822 4
      vertex 0 5.5 4
    endloop
  endfacet
  facet normal -0 0 1
    outer loop
      vertex -2.22371 33.9272 4
      vertex -0.359716 5.48822 4
      vertex 0 34 4
    endloop
  endfacet
  facet normal 0 0 1
    outer loop
      vertex -0.359716 5.48822 4
      vertex -2.22371 33.9272 4
      vertex -0.717894 5.45295 4
    endloop
  endfacet
  facet normal -0 0 1
    outer loop
      vertex -4.43789 33.7091 4
      vertex -0.717894 5.45295 4
      vertex -2.22371 33.9272 4
    endloop
  endfacet
  facet normal 0 0 1
    outer loop
      vertex -0.717894 5.45295 4
      vertex -4.43789 33.7091 4
      vertex -1.073 5.39432 4
    endloop
  endfacet
  facet normal -0 0 1
    outer loop
      vertex -6.63307 33.3467 4
      vertex -1.073 5.39432 4
      vertex -4.43789 33.7091 4
    endloop
  endfacet
  facet normal 0 0 1
    outer loop
      vertex -1.073 5.39432 4
      vertex -6.63307 33.3467 4
      vertex -1.4235 5.31259 4
    endloop
  endfacet
  facet normal -0 0 1
    outer loop
      vertex -15.5717 8.95092 4
      vertex -1.4235 5.31259 4
      vertex -6.63307 33.3467 4
    endloop
  endfacet
  facet normal 0 0 1
    outer loop
      vertex -1.4235 5.31259 4
      vertex -15.5717 8.95092 4
      vertex -1.76792 5.20812 4
    endloop
  endfacet
  facet normal 0 0 1
    outer loop
      vertex -1.76792 5.20812 4
      vertex -15.5717 8.95092 4
      vertex -2.10476 5.08134 4
    endloop
  endfacet
  facet normal 0 0 1
    outer loop
      vertex -2.10476 5.08134 4
      vertex -15.5717 8.95092 4
      vertex -2.43259 4.9328 4
    endloop
  endfacet
  facet normal 0 0 1
    outer loop
      vertex -2.43259 4.9328 4
      vertex -15.5717 8.95092 4
      vertex -2.75 4.76314 4
    endloop
  endfacet
  facet normal -0 -0 1
    outer loop
      vertex -15.5137 8.82277 4
      vertex -2.75 4.76314 4
      vertex -15.5717 8.95092 4
    endloop
  endfacet
  facet normal 0 0 1
    outer loop
      vertex -2.75 4.76314 4
      vertex -15.5137 8.82277 4
      vertex -3.05564 4.57308 4
    endloop
  endfacet
  facet normal -0 -0 1
    outer loop
      vertex -15.4641 8.69109 4
      vertex -3.05564 4.57308 4
      vertex -15.5137 8.82277 4
    endloop
  endfacet
  facet normal 0 0 1
    outer loop
      vertex -3.05564 4.57308 4
      vertex -15.4641 8.69109 4
      vertex -3.34819 4.36344 4
    endloop
  endfacet
  facet normal -0 -0 1
    outer loop
      vertex -15.4233 8.55646 4
      vertex -3.34819 4.36344 4
      vertex -15.4641 8.69109 4
    endloop
  endfacet
  facet normal -0 -0 1
    outer loop
      vertex -15.3913 8.41944 4
      vertex -3.34819 4.36344 4
      vertex -15.4233 8.55646 4
    endloop
  endfacet
  facet normal 0 0 1
    outer loop
      vertex -3.34819 4.36344 4
      vertex -15.3913 8.41944 4
      vertex -3.6264 4.13512 4
    endloop
  endfacet
  facet normal -0 -0 1
    outer loop
      vertex -15.3684 8.28063 4
      vertex -3.6264 4.13512 4
      vertex -15.3913 8.41944 4
    endloop
  endfacet
  facet normal 0 0 1
    outer loop
      vertex -3.6264 4.13512 4
      vertex -15.3684 8.28063 4
      vertex -3.88909 3.88909 4
    endloop
  endfacet
  facet normal -0 -0 1
    outer loop
      vertex -15.3546 8.14062 4
      vertex -3.88909 3.88909 4
      vertex -15.3684 8.28063 4
    endloop
  endfacet
  facet normal 0 0 1
    outer loop
      vertex -3.88909 3.88909 4
      vertex -15.3546 8.14062 4
      vertex -4.13512 3.6264 4
    endloop
  endfacet
  facet normal -0 -0 1
    outer loop
      vertex -15.35 8 4
      vertex -4.13512 3.6264 4
      vertex -15.3546 8.14062 4
    endloop
  endfacet
  facet normal -0 0 1
    outer loop
      vertex -15.3546 7.85938 4
      vertex -4.13512 3.6264 4
      vertex -15.35 8 4
    endloop
  endfacet
  facet normal 0 0 1
    outer loop
      vertex -4.13512 3.6264 4
      vertex -15.3546 7.85938 4
      vertex -4.36344 3.34819 4
    endloop
  endfacet
  facet normal -0 0 1
    outer loop
      vertex -15.3684 7.71937 4
      vertex -4.36344 3.34819 4
      vertex -15.3546 7.85938 4
    endloop
  endfacet
  facet normal -0.63437 0.773029 0
    outer loop
      vertex -20.6979 26.974 0
      vertex -22.4178 25.5626 4
      vertex -20.6979 26.974 4
    endloop
  endfacet
  facet normal -0.63437 0.773029 0
    outer loop
      vertex -22.4178 25.5626 4
      vertex -20.6979 26.974 0
      vertex -22.4178 25.5626 0
    endloop
  endfacet
  facet normal -0.162884 0.986645 0
    outer loop
      vertex -4.43789 33.7091 0
      vertex -6.63307 33.3467 4
      vertex -4.43789 33.7091 4
    endloop
  endfacet
  facet normal -0.162884 0.986645 0
    outer loop
      vertex -6.63307 33.3467 4
      vertex -4.43789 33.7091 0
      vertex -6.63307 33.3467 0
    endloop
  endfacet
  facet normal 0.0327206 -0.999465 0
    outer loop
      vertex 0 -34 0
      vertex 2.22371 -33.9272 4
      vertex 0 -34 4
    endloop
  endfacet
  facet normal 0.0327206 -0.999465 0
    outer loop
      vertex 2.22371 -33.9272 4
      vertex 0 -34 0
      vertex 2.22371 -33.9272 0
    endloop
  endfacet
  facet normal 0.0980271 -0.995184 0
    outer loop
      vertex 2.22371 -33.9272 0
      vertex 4.43789 -33.7091 4
      vertex 2.22371 -33.9272 4
    endloop
  endfacet
  facet normal 0.0980271 -0.995184 0
    outer loop
      vertex 4.43789 -33.7091 4
      vertex 2.22371 -33.9272 0
      vertex 4.43789 -33.7091 0
    endloop
  endfacet
  facet normal 0.352241 -0.935909 0
    outer loop
      vertex 10.9289 -32.1956 0
      vertex 13.0112 -31.4119 4
      vertex 10.9289 -32.1956 4
    endloop
  endfacet
  facet normal 0.352241 -0.935909 0
    outer loop
      vertex 13.0112 -31.4119 4
      vertex 10.9289 -32.1956 0
      vertex 13.0112 -31.4119 0
    endloop
  endfacet
  facet normal 0.683627 -0.729831 0
    outer loop
      vertex 22.4178 -25.5626 0
      vertex 24.0416 -24.0416 4
      vertex 22.4178 -25.5626 4
    endloop
  endfacet
  facet normal 0.683627 -0.729831 0
    outer loop
      vertex 24.0416 -24.0416 4
      vertex 22.4178 -25.5626 0
      vertex 24.0416 -24.0416 0
    endloop
  endfacet
  facet normal 0.910871 -0.412692 0
    outer loop
      vertex 30.4937 -15.0378 4
      vertex 31.4119 -13.0112 0
      vertex 31.4119 -13.0112 4
    endloop
  endfacet
  facet normal 0.910871 -0.412692 0
    outer loop
      vertex 31.4119 -13.0112 0
      vertex 30.4937 -15.0378 4
      vertex 30.4937 -15.0378 0
    endloop
  endfacet
  facet normal 0.986645 -0.162884 0
    outer loop
      vertex 33.3467 -6.63307 4
      vertex 33.7091 -4.43789 0
      vertex 33.7091 -4.43789 4
    endloop
  endfacet
  facet normal 0.986645 -0.162884 0
    outer loop
      vertex 33.7091 -4.43789 0
      vertex 33.3467 -6.63307 4
      vertex 33.3467 -6.63307 0
    endloop
  endfacet
  facet normal -0.582492 -0.812837 0
    outer loop
      vertex -20.6979 -26.974 0
      vertex -18.8894 -28.27 4
      vertex -20.6979 -26.974 4
    endloop
  endfacet
  facet normal -0.582492 -0.812837 -0
    outer loop
      vertex -18.8894 -28.27 4
      vertex -20.6979 -26.974 0
      vertex -18.8894 -28.27 0
    endloop
  endfacet
  facet normal -0.683627 -0.729831 0
    outer loop
      vertex -24.0416 -24.0416 0
      vertex -22.4178 -25.5626 4
      vertex -24.0416 -24.0416 4
    endloop
  endfacet
  facet normal -0.683627 -0.729831 -0
    outer loop
      vertex -22.4178 -25.5626 4
      vertex -24.0416 -24.0416 0
      vertex -22.4178 -25.5626 0
    endloop
  endfacet
  facet normal -0.63437 -0.773029 0
    outer loop
      vertex -22.4178 -25.5626 0
      vertex -20.6979 -26.974 4
      vertex -22.4178 -25.5626 4
    endloop
  endfacet
  facet normal -0.63437 -0.773029 -0
    outer loop
      vertex -20.6979 -26.974 4
      vertex -22.4178 -25.5626 0
      vertex -20.6979 -26.974 0
    endloop
  endfacet
  facet normal -0.471391 -0.881925 0
    outer loop
      vertex -17 -29.4449 0
      vertex -15.0378 -30.4937 4
      vertex -17 -29.4449 4
    endloop
  endfacet
  facet normal -0.471391 -0.881925 -0
    outer loop
      vertex -15.0378 -30.4937 4
      vertex -17 -29.4449 0
      vertex -15.0378 -30.4937 0
    endloop
  endfacet
  facet normal -0.162884 -0.986645 0
    outer loop
      vertex -6.63307 -33.3467 0
      vertex -4.43789 -33.7091 4
      vertex -6.63307 -33.3467 4
    endloop
  endfacet
  facet normal -0.162884 -0.986645 -0
    outer loop
      vertex -4.43789 -33.7091 4
      vertex -6.63307 -33.3467 0
      vertex -4.43789 -33.7091 0
    endloop
  endfacet
  facet normal -0.0980271 -0.995184 0
    outer loop
      vertex -4.43789 -33.7091 0
      vertex -2.22371 -33.9272 4
      vertex -4.43789 -33.7091 4
    endloop
  endfacet
  facet normal -0.0980271 -0.995184 -0
    outer loop
      vertex -2.22371 -33.9272 4
      vertex -4.43789 -33.7091 0
      vertex -2.22371 -33.9272 0
    endloop
  endfacet
  facet normal -0.729831 -0.683627 0
    outer loop
      vertex -24.0416 -24.0416 0
      vertex -25.5626 -22.4178 4
      vertex -25.5626 -22.4178 0
    endloop
  endfacet
  facet normal -0.729831 -0.683627 0
    outer loop
      vertex -25.5626 -22.4178 4
      vertex -24.0416 -24.0416 0
      vertex -24.0416 -24.0416 4
    endloop
  endfacet
  facet normal -0.910871 -0.412692 0
    outer loop
      vertex -30.4937 -15.0378 0
      vertex -31.4119 -13.0112 4
      vertex -31.4119 -13.0112 0
    endloop
  endfacet
  facet normal -0.910871 -0.412692 0
    outer loop
      vertex -31.4119 -13.0112 4
      vertex -30.4937 -15.0378 0
      vertex -30.4937 -15.0378 4
    endloop
  endfacet
  facet normal -0.881925 -0.471391 0
    outer loop
      vertex -29.4449 -17 0
      vertex -30.4937 -15.0378 4
      vertex -30.4937 -15.0378 0
    endloop
  endfacet
  facet normal -0.881925 -0.471391 0
    outer loop
      vertex -30.4937 -15.0378 4
      vertex -29.4449 -17 0
      vertex -29.4449 -17 4
    endloop
  endfacet
  facet normal -0.973879 -0.227067 0
    outer loop
      vertex -32.8415 -8.79985 0
      vertex -33.3467 -6.63307 4
      vertex -33.3467 -6.63307 0
    endloop
  endfacet
  facet normal -0.973879 -0.227067 0
    outer loop
      vertex -33.3467 -6.63307 4
      vertex -32.8415 -8.79985 0
      vertex -32.8415 -8.79985 4
    endloop
  endfacet
  facet normal -0.995184 -0.0980271 0
    outer loop
      vertex -33.7091 -4.43789 0
      vertex -33.9272 -2.22371 4
      vertex -33.9272 -2.22371 0
    endloop
  endfacet
  facet normal -0.995184 -0.0980271 0
    outer loop
      vertex -33.9272 -2.22371 4
      vertex -33.7091 -4.43789 0
      vertex -33.7091 -4.43789 4
    endloop
  endfacet
  facet normal 0.582492 0.812837 -0
    outer loop
      vertex 20.6979 26.974 0
      vertex 18.8894 28.27 4
      vertex 20.6979 26.974 4
    endloop
  endfacet
  facet normal 0.582492 0.812837 0
    outer loop
      vertex 18.8894 28.27 4
      vertex 20.6979 26.974 0
      vertex 18.8894 28.27 0
    endloop
  endfacet
  facet normal -0.729831 0.683627 0
    outer loop
      vertex -25.5626 22.4178 0
      vertex -24.0416 24.0416 4
      vertex -24.0416 24.0416 0
    endloop
  endfacet
  facet normal -0.729831 0.683627 0
    outer loop
      vertex -24.0416 24.0416 4
      vertex -25.5626 22.4178 0
      vertex -25.5626 22.4178 4
    endloop
  endfacet
  facet normal -0.881925 0.471391 0
    outer loop
      vertex -30.4937 15.0378 0
      vertex -29.4449 17 4
      vertex -29.4449 17 0
    endloop
  endfacet
  facet normal -0.881925 0.471391 0
    outer loop
      vertex -29.4449 17 4
      vertex -30.4937 15.0378 0
      vertex -30.4937 15.0378 4
    endloop
  endfacet
  facet normal -0.986645 0.162884 0
    outer loop
      vertex -33.7091 4.43789 0
      vertex -33.3467 6.63307 4
      vertex -33.3467 6.63307 0
    endloop
  endfacet
  facet normal -0.986645 0.162884 0
    outer loop
      vertex -33.3467 6.63307 4
      vertex -33.7091 4.43789 0
      vertex -33.7091 4.43789 4
    endloop
  endfacet
  facet normal -0.412692 0.910871 0
    outer loop
      vertex -13.0112 31.4119 0
      vertex -15.0378 30.4937 4
      vertex -13.0112 31.4119 4
    endloop
  endfacet
  facet normal -0.412692 0.910871 0
    outer loop
      vertex -15.0378 30.4937 4
      vertex -13.0112 31.4119 0
      vertex -15.0378 30.4937 0
    endloop
  endfacet
  facet normal -0.227067 0.973879 0
    outer loop
      vertex -6.63307 33.3467 0
      vertex -8.79985 32.8415 4
      vertex -6.63307 33.3467 4
    endloop
  endfacet
  facet normal -0.227067 0.973879 0
    outer loop
      vertex -8.79985 32.8415 4
      vertex -6.63307 33.3467 0
      vertex -8.79985 32.8415 0
    endloop
  endfacet
  facet normal -0.0980271 0.995184 0
    outer loop
      vertex -2.22371 33.9272 0
      vertex -4.43789 33.7091 4
      vertex -2.22371 33.9272 4
    endloop
  endfacet
  facet normal -0.0980271 0.995184 0
    outer loop
      vertex -4.43789 33.7091 4
      vertex -2.22371 33.9272 0
      vertex -4.43789 33.7091 0
    endloop
  endfacet
  facet normal 0.227067 -0.973879 0
    outer loop
      vertex 6.63307 -33.3467 0
      vertex 8.79985 -32.8415 4
      vertex 6.63307 -33.3467 4
    endloop
  endfacet
  facet normal 0.227067 -0.973879 0
    outer loop
      vertex 8.79985 -32.8415 4
      vertex 6.63307 -33.3467 0
      vertex 8.79985 -32.8415 0
    endloop
  endfacet
  facet normal 0.582492 -0.812837 0
    outer loop
      vertex 18.8894 -28.27 0
      vertex 20.6979 -26.974 4
      vertex 18.8894 -28.27 4
    endloop
  endfacet
  facet normal 0.582492 -0.812837 0
    outer loop
      vertex 20.6979 -26.974 4
      vertex 18.8894 -28.27 0
      vertex 20.6979 -26.974 0
    endloop
  endfacet
  facet normal 0.849203 -0.528066 0
    outer loop
      vertex 28.27 -18.8894 4
      vertex 29.4449 -17 0
      vertex 29.4449 -17 4
    endloop
  endfacet
  facet normal 0.849203 -0.528066 0
    outer loop
      vertex 29.4449 -17 0
      vertex 28.27 -18.8894 4
      vertex 28.27 -18.8894 0
    endloop
  endfacet
  facet normal 0.973879 -0.227067 0
    outer loop
      vertex 32.8415 -8.79985 4
      vertex 33.3467 -6.63307 0
      vertex 33.3467 -6.63307 4
    endloop
  endfacet
  facet normal 0.973879 -0.227067 0
    outer loop
      vertex 33.3467 -6.63307 0
      vertex 32.8415 -8.79985 4
      vertex 32.8415 -8.79985 0
    endloop
  endfacet
  facet normal -0.227067 -0.973879 0
    outer loop
      vertex -8.79985 -32.8415 0
      vertex -6.63307 -33.3467 4
      vertex -8.79985 -32.8415 4
    endloop
  endfacet
  facet normal -0.227067 -0.973879 -0
    outer loop
      vertex -6.63307 -33.3467 4
      vertex -8.79985 -32.8415 0
      vertex -6.63307 -33.3467 0
    endloop
  endfacet
  facet normal -0.956933 -0.290309 0
    outer loop
      vertex -32.1956 -10.9289 0
      vertex -32.8415 -8.79985 4
      vertex -32.8415 -8.79985 0
    endloop
  endfacet
  facet normal -0.956933 -0.290309 0
    outer loop
      vertex -32.8415 -8.79985 4
      vertex -32.1956 -10.9289 0
      vertex -32.1956 -10.9289 4
    endloop
  endfacet
  facet normal -0.986645 -0.162884 0
    outer loop
      vertex -33.3467 -6.63307 0
      vertex -33.7091 -4.43789 4
      vertex -33.7091 -4.43789 0
    endloop
  endfacet
  facet normal -0.986645 -0.162884 0
    outer loop
      vertex -33.7091 -4.43789 4
      vertex -33.3467 -6.63307 0
      vertex -33.3467 -6.63307 4
    endloop
  endfacet
  facet normal 0.995184 -0.0980271 0
    outer loop
      vertex 33.7091 -4.43789 4
      vertex 33.9272 -2.22371 0
      vertex 33.9272 -2.22371 4
    endloop
  endfacet
  facet normal 0.995184 -0.0980271 0
    outer loop
      vertex 33.9272 -2.22371 0
      vertex 33.7091 -4.43789 4
      vertex 33.7091 -4.43789 0
    endloop
  endfacet
  facet normal -0.999465 -0.0326948 0
    outer loop
      vertex -15.35 8 0
      vertex -15.3546 8.14062 4
      vertex -15.3546 8.14062 0
    endloop
  endfacet
  facet normal -0.999465 -0.0326948 0
    outer loop
      vertex -15.3546 8.14062 4
      vertex -15.35 8 0
      vertex -15.35 8 4
    endloop
  endfacet
  facet normal 0.0326994 -0.999465 0
    outer loop
      vertex -17.6406 10.1454 0
      vertex -17.5 10.15 4
      vertex -17.6406 10.1454 4
    endloop
  endfacet
  facet normal 0.0326994 -0.999465 0
    outer loop
      vertex -17.5 10.15 4
      vertex -17.6406 10.1454 0
      vertex -17.5 10.15 0
    endloop
  endfacet
  facet normal -0.683558 -0.729896 0
    outer loop
      vertex -16.0824 9.61646 0
      vertex -15.9797 9.52028 4
      vertex -16.0824 9.61646 4
    endloop
  endfacet
  facet normal -0.683558 -0.729896 -0
    outer loop
      vertex -15.9797 9.52028 4
      vertex -16.0824 9.61646 0
      vertex -15.9797 9.52028 0
    endloop
  endfacet
  facet normal 0.412817 -0.910814 0
    outer loop
      vertex -18.4509 9.92828 0
      vertex -18.3228 9.98634 4
      vertex -18.4509 9.92828 4
    endloop
  endfacet
  facet normal 0.412817 -0.910814 0
    outer loop
      vertex -18.3228 9.98634 4
      vertex -18.4509 9.92828 0
      vertex -18.3228 9.98634 0
    endloop
  endfacet
  facet normal -0.911035 -0.412329 0
    outer loop
      vertex -15.5137 8.82277 0
      vertex -15.5717 8.95092 4
      vertex -15.5717 8.95092 0
    endloop
  endfacet
  facet normal -0.911035 -0.412329 0
    outer loop
      vertex -15.5717 8.95092 4
      vertex -15.5137 8.82277 0
      vertex -15.5137 8.82277 4
    endloop
  endfacet
  facet normal 0.881987 -0.471274 0
    outer loop
      vertex -19.4283 8.95092 4
      vertex -19.362 9.075 0
      vertex -19.362 9.075 4
    endloop
  endfacet
  facet normal 0.881987 -0.471274 0
    outer loop
      vertex -19.362 9.075 0
      vertex -19.4283 8.95092 4
      vertex -19.4283 8.95092 0
    endloop
  endfacet
  facet normal 0.999465 0.0326948 0
    outer loop
      vertex -19.6454 7.85938 4
      vertex -19.65 8 0
      vertex -19.65 8 4
    endloop
  endfacet
  facet normal 0.999465 0.0326948 0
    outer loop
      vertex -19.65 8 0
      vertex -19.6454 7.85938 4
      vertex -19.6454 7.85938 0
    endloop
  endfacet
  facet normal -0.986663 -0.162774 0
    outer loop
      vertex -15.3684 8.28063 0
      vertex -15.3913 8.41944 4
      vertex -15.3913 8.41944 0
    endloop
  endfacet
  facet normal -0.986663 -0.162774 0
    outer loop
      vertex -15.3913 8.41944 4
      vertex -15.3684 8.28063 0
      vertex -15.3684 8.28063 4
    endloop
  endfacet
  facet normal -0.995178 -0.0980891 0
    outer loop
      vertex -15.3546 8.14062 0
      vertex -15.3684 8.28063 4
      vertex -15.3684 8.28063 0
    endloop
  endfacet
  facet normal -0.995178 -0.0980891 0
    outer loop
      vertex -15.3684 8.28063 4
      vertex -15.3546 8.14062 0
      vertex -15.3546 8.14062 4
    endloop
  endfacet
  facet normal -0.812676 -0.582716 0
    outer loop
      vertex -15.7123 9.19448 0
      vertex -15.7943 9.30884 4
      vertex -15.7943 9.30884 0
    endloop
  endfacet
  facet normal -0.812676 -0.582716 0
    outer loop
      vertex -15.7943 9.30884 4
      vertex -15.7123 9.19448 0
      vertex -15.7123 9.19448 4
    endloop
  endfacet
  facet normal -0.773181 -0.634186 0
    outer loop
      vertex -15.7943 9.30884 0
      vertex -15.8835 9.41759 4
      vertex -15.8835 9.41759 0
    endloop
  endfacet
  facet normal -0.773181 -0.634186 0
    outer loop
      vertex -15.8835 9.41759 4
      vertex -15.7943 9.30884 0
      vertex -15.7943 9.30884 4
    endloop
  endfacet
  facet normal -0.849194 -0.528081 0
    outer loop
      vertex -15.638 9.075 0
      vertex -15.7123 9.19448 4
      vertex -15.7123 9.19448 0
    endloop
  endfacet
  facet normal -0.849194 -0.528081 0
    outer loop
      vertex -15.7123 9.19448 4
      vertex -15.638 9.075 0
      vertex -15.638 9.075 4
    endloop
  endfacet
  facet normal -0.162785 -0.986662 0
    outer loop
      vertex -17.2194 10.1316 0
      vertex -17.0806 10.1087 4
      vertex -17.2194 10.1316 4
    endloop
  endfacet
  facet normal -0.162785 -0.986662 -0
    outer loop
      vertex -17.0806 10.1087 4
      vertex -17.2194 10.1316 0
      vertex -17.0806 10.1087 0
    endloop
  endfacet
  facet normal -0.290086 -0.957 0
    outer loop
      vertex -16.9435 10.0767 0
      vertex -16.8089 10.0359 4
      vertex -16.9435 10.0767 4
    endloop
  endfacet
  facet normal -0.290086 -0.957 -0
    outer loop
      vertex -16.8089 10.0359 4
      vertex -16.9435 10.0767 0
      vertex -16.8089 10.0359 0
    endloop
  endfacet
  facet normal -0.0326994 -0.999465 0
    outer loop
      vertex -17.5 10.15 0
      vertex -17.3594 10.1454 4
      vertex -17.5 10.15 4
    endloop
  endfacet
  facet normal -0.0326994 -0.999465 -0
    outer loop
      vertex -17.3594 10.1454 4
      vertex -17.5 10.15 0
      vertex -17.3594 10.1454 0
    endloop
  endfacet
  facet normal -0.634224 -0.773149 0
    outer loop
      vertex -16.1912 9.70571 0
      vertex -16.0824 9.61646 4
      vertex -16.1912 9.70571 4
    endloop
  endfacet
  facet normal -0.634224 -0.773149 -0
    outer loop
      vertex -16.0824 9.61646 4
      vertex -16.1912 9.70571 0
      vertex -16.0824 9.61646 0
    endloop
  endfacet
  facet normal -0.471381 -0.88193 0
    outer loop
      vertex -16.5491 9.92828 0
      vertex -16.425 9.86195 4
      vertex -16.5491 9.92828 4
    endloop
  endfacet
  facet normal -0.471381 -0.88193 -0
    outer loop
      vertex -16.425 9.86195 4
      vertex -16.5491 9.92828 0
      vertex -16.425 9.86195 0
    endloop
  endfacet
  facet normal 0.986663 -0.162774 0
    outer loop
      vertex -19.6316 8.28063 4
      vertex -19.6087 8.41944 0
      vertex -19.6087 8.41944 4
    endloop
  endfacet
  facet normal 0.986663 -0.162774 0
    outer loop
      vertex -19.6087 8.41944 0
      vertex -19.6316 8.28063 4
      vertex -19.6316 8.28063 0
    endloop
  endfacet
  facet normal 0.957018 -0.290027 0
    outer loop
      vertex -19.5767 8.55646 4
      vertex -19.5359 8.69109 0
      vertex -19.5359 8.69109 4
    endloop
  endfacet
  facet normal 0.957018 -0.290027 0
    outer loop
      vertex -19.5359 8.69109 0
      vertex -19.5767 8.55646 4
      vertex -19.5767 8.55646 0
    endloop
  endfacet
  facet normal 0.999465 -0.0326948 0
    outer loop
      vertex -19.65 8 4
      vertex -19.6454 8.14062 0
      vertex -19.6454 8.14062 4
    endloop
  endfacet
  facet normal 0.999465 -0.0326948 0
    outer loop
      vertex -19.6454 8.14062 0
      vertex -19.65 8 4
      vertex -19.65 8 0
    endloop
  endfacet
  facet normal 0.582683 -0.812699 0
    outer loop
      vertex -18.8088 9.70571 0
      vertex -18.6945 9.78766 4
      vertex -18.8088 9.70571 4
    endloop
  endfacet
  facet normal 0.582683 -0.812699 0
    outer loop
      vertex -18.6945 9.78766 4
      vertex -18.8088 9.70571 0
      vertex -18.6945 9.78766 0
    endloop
  endfacet
  facet normal 0.098096 -0.995177 0
    outer loop
      vertex -17.7806 10.1316 0
      vertex -17.6406 10.1454 4
      vertex -17.7806 10.1316 4
    endloop
  endfacet
  facet normal 0.098096 -0.995177 0
    outer loop
      vertex -17.6406 10.1454 4
      vertex -17.7806 10.1316 0
      vertex -17.6406 10.1454 0
    endloop
  endfacet
  facet normal 0.352198 -0.935926 0
    outer loop
      vertex -18.3228 9.98634 0
      vertex -18.1911 10.0359 4
      vertex -18.3228 9.98634 4
    endloop
  endfacet
  facet normal 0.352198 -0.935926 0
    outer loop
      vertex -18.1911 10.0359 4
      vertex -18.3228 9.98634 0
      vertex -18.1911 10.0359 0
    endloop
  endfacet
  facet normal -0.999465 0.0326948 0
    outer loop
      vertex -15.3546 7.85938 0
      vertex -15.35 8 4
      vertex -15.35 8 0
    endloop
  endfacet
  facet normal -0.999465 0.0326948 0
    outer loop
      vertex -15.35 8 4
      vertex -15.3546 7.85938 0
      vertex -15.3546 7.85938 4
    endloop
  endfacet
  facet normal 0.773181 0.634186 0
    outer loop
      vertex -19.1165 6.58241 4
      vertex -19.2057 6.69116 0
      vertex -19.2057 6.69116 4
    endloop
  endfacet
  facet normal 0.773181 0.634186 0
    outer loop
      vertex -19.2057 6.69116 0
      vertex -19.1165 6.58241 4
      vertex -19.1165 6.58241 0
    endloop
  endfacet
  facet normal 0.911035 0.412329 0
    outer loop
      vertex -19.4283 7.04908 4
      vertex -19.4863 7.17723 0
      vertex -19.4863 7.17723 4
    endloop
  endfacet
  facet normal 0.911035 0.412329 0
    outer loop
      vertex -19.4863 7.17723 0
      vertex -19.4283 7.04908 4
      vertex -19.4283 7.04908 0
    endloop
  endfacet
  facet normal -0.412817 0.910814 0
    outer loop
      vertex -16.5491 6.07172 0
      vertex -16.6772 6.01366 4
      vertex -16.5491 6.07172 4
    endloop
  endfacet
  facet normal -0.412817 0.910814 0
    outer loop
      vertex -16.6772 6.01366 4
      vertex -16.5491 6.07172 0
      vertex -16.6772 6.01366 0
    endloop
  endfacet
  facet normal -0.973796 -0.227423 0
    outer loop
      vertex -15.3913 8.41944 0
      vertex -15.4233 8.55646 4
      vertex -15.4233 8.55646 0
    endloop
  endfacet
  facet normal -0.973796 -0.227423 0
    outer loop
      vertex -15.4233 8.55646 4
      vertex -15.3913 8.41944 0
      vertex -15.3913 8.41944 4
    endloop
  endfacet
  facet normal -0.957018 -0.290027 0
    outer loop
      vertex -15.4233 8.55646 0
      vertex -15.4641 8.69109 4
      vertex -15.4641 8.69109 0
    endloop
  endfacet
  facet normal -0.957018 -0.290027 0
    outer loop
      vertex -15.4641 8.69109 4
      vertex -15.4233 8.55646 0
      vertex -15.4233 8.55646 4
    endloop
  endfacet
  facet normal -0.935814 -0.352494 0
    outer loop
      vertex -15.4641 8.69109 0
      vertex -15.5137 8.82277 4
      vertex -15.5137 8.82277 0
    endloop
  endfacet
  facet normal -0.935814 -0.352494 0
    outer loop
      vertex -15.5137 8.82277 4
      vertex -15.4641 8.69109 0
      vertex -15.4641 8.69109 4
    endloop
  endfacet
  facet normal -0.881987 -0.471274 0
    outer loop
      vertex -15.5717 8.95092 0
      vertex -15.638 9.075 4
      vertex -15.638 9.075 0
    endloop
  endfacet
  facet normal -0.881987 -0.471274 0
    outer loop
      vertex -15.638 9.075 4
      vertex -15.5717 8.95092 0
      vertex -15.5717 8.95092 4
    endloop
  endfacet
  facet normal -0.227297 -0.973825 0
    outer loop
      vertex -17.0806 10.1087 0
      vertex -16.9435 10.0767 4
      vertex -17.0806 10.1087 4
    endloop
  endfacet
  facet normal -0.227297 -0.973825 -0
    outer loop
      vertex -16.9435 10.0767 4
      vertex -17.0806 10.1087 0
      vertex -16.9435 10.0767 0
    endloop
  endfacet
  facet normal -0.098096 -0.995177 0
    outer loop
      vertex -17.3594 10.1454 0
      vertex -17.2194 10.1316 4
      vertex -17.3594 10.1454 4
    endloop
  endfacet
  facet normal -0.098096 -0.995177 -0
    outer loop
      vertex -17.2194 10.1316 4
      vertex -17.3594 10.1454 0
      vertex -17.2194 10.1316 0
    endloop
  endfacet
  facet normal -0.352198 -0.935926 0
    outer loop
      vertex -16.8089 10.0359 0
      vertex -16.6772 9.98634 4
      vertex -16.8089 10.0359 4
    endloop
  endfacet
  facet normal -0.352198 -0.935926 -0
    outer loop
      vertex -16.6772 9.98634 4
      vertex -16.8089 10.0359 0
      vertex -16.6772 9.98634 0
    endloop
  endfacet
  facet normal -0.582683 -0.812699 0
    outer loop
      vertex -16.3055 9.78766 0
      vertex -16.1912 9.70571 4
      vertex -16.3055 9.78766 4
    endloop
  endfacet
  facet normal -0.582683 -0.812699 -0
    outer loop
      vertex -16.1912 9.70571 4
      vertex -16.3055 9.78766 0
      vertex -16.1912 9.70571 0
    endloop
  endfacet
  facet normal -0.527966 -0.849266 0
    outer loop
      vertex -16.425 9.86195 0
      vertex -16.3055 9.78766 4
      vertex -16.425 9.86195 4
    endloop
  endfacet
  facet normal -0.527966 -0.849266 -0
    outer loop
      vertex -16.3055 9.78766 4
      vertex -16.425 9.86195 0
      vertex -16.3055 9.78766 0
    endloop
  endfacet
  facet normal 0.935814 -0.352494 0
    outer loop
      vertex -19.5359 8.69109 4
      vertex -19.4863 8.82277 0
      vertex -19.4863 8.82277 4
    endloop
  endfacet
  facet normal 0.935814 -0.352494 0
    outer loop
      vertex -19.4863 8.82277 0
      vertex -19.5359 8.69109 4
      vertex -19.5359 8.69109 0
    endloop
  endfacet
  facet normal 0.973796 -0.227423 0
    outer loop
      vertex -19.6087 8.41944 4
      vertex -19.5767 8.55646 0
      vertex -19.5767 8.55646 4
    endloop
  endfacet
  facet normal 0.973796 -0.227423 0
    outer loop
      vertex -19.5767 8.55646 0
      vertex -19.6087 8.41944 4
      vertex -19.6087 8.41944 0
    endloop
  endfacet
  facet normal 0.995178 -0.0980891 0
    outer loop
      vertex -19.6454 8.14062 4
      vertex -19.6316 8.28063 0
      vertex -19.6316 8.28063 4
    endloop
  endfacet
  facet normal 0.995178 -0.0980891 0
    outer loop
      vertex -19.6316 8.28063 0
      vertex -19.6454 8.14062 4
      vertex -19.6454 8.14062 0
    endloop
  endfacet
  facet normal 0.729792 -0.683669 0
    outer loop
      vertex -19.1165 9.41759 4
      vertex -19.0203 9.52028 0
      vertex -19.0203 9.52028 4
    endloop
  endfacet
  facet normal 0.729792 -0.683669 0
    outer loop
      vertex -19.0203 9.52028 0
      vertex -19.1165 9.41759 4
      vertex -19.1165 9.41759 0
    endloop
  endfacet
  facet normal 0.634224 -0.773149 0
    outer loop
      vertex -18.9176 9.61646 0
      vertex -18.8088 9.70571 4
      vertex -18.9176 9.61646 4
    endloop
  endfacet
  facet normal 0.634224 -0.773149 0
    outer loop
      vertex -18.8088 9.70571 4
      vertex -18.9176 9.61646 0
      vertex -18.8088 9.70571 0
    endloop
  endfacet
  facet normal 0.527966 -0.849266 0
    outer loop
      vertex -18.6945 9.78766 0
      vertex -18.575 9.86195 4
      vertex -18.6945 9.78766 4
    endloop
  endfacet
  facet normal 0.527966 -0.849266 0
    outer loop
      vertex -18.575 9.86195 4
      vertex -18.6945 9.78766 0
      vertex -18.575 9.86195 0
    endloop
  endfacet
  facet normal 0.290086 -0.957 0
    outer loop
      vertex -18.1911 10.0359 0
      vertex -18.0565 10.0767 4
      vertex -18.1911 10.0359 4
    endloop
  endfacet
  facet normal 0.290086 -0.957 0
    outer loop
      vertex -18.0565 10.0767 4
      vertex -18.1911 10.0359 0
      vertex -18.0565 10.0767 0
    endloop
  endfacet
  facet normal 0.162785 -0.986662 0
    outer loop
      vertex -17.9194 10.1087 0
      vertex -17.7806 10.1316 4
      vertex -17.9194 10.1087 4
    endloop
  endfacet
  facet normal 0.162785 -0.986662 0
    outer loop
      vertex -17.7806 10.1316 4
      vertex -17.9194 10.1087 0
      vertex -17.7806 10.1316 0
    endloop
  endfacet
  facet normal 0.227297 -0.973825 0
    outer loop
      vertex -18.0565 10.0767 0
      vertex -17.9194 10.1087 4
      vertex -18.0565 10.0767 4
    endloop
  endfacet
  facet normal 0.227297 -0.973825 0
    outer loop
      vertex -17.9194 10.1087 4
      vertex -18.0565 10.0767 0
      vertex -17.9194 10.1087 0
    endloop
  endfacet
  facet normal -0.995178 0.0980891 0
    outer loop
      vertex -15.3684 7.71937 0
      vertex -15.3546 7.85938 4
      vertex -15.3546 7.85938 0
    endloop
  endfacet
  facet normal -0.995178 0.0980891 0
    outer loop
      vertex -15.3546 7.85938 4
      vertex -15.3684 7.71937 0
      vertex -15.3684 7.71937 4
    endloop
  endfacet
  facet normal -0.973792 0.227439 0
    outer loop
      vertex -15.4233 7.44354 0
      vertex -15.3913 7.58055 4
      vertex -15.3913 7.58055 0
    endloop
  endfacet
  facet normal -0.973792 0.227439 0
    outer loop
      vertex -15.3913 7.58055 4
      vertex -15.4233 7.44354 0
      vertex -15.4233 7.44354 4
    endloop
  endfacet
  facet normal -0.0326994 0.999465 0
    outer loop
      vertex -17.3594 5.8546 0
      vertex -17.5 5.85 4
      vertex -17.3594 5.8546 4
    endloop
  endfacet
  facet normal -0.0326994 0.999465 0
    outer loop
      vertex -17.5 5.85 4
      vertex -17.3594 5.8546 0
      vertex -17.5 5.85 0
    endloop
  endfacet
  facet normal 0.352198 0.935926 -0
    outer loop
      vertex -18.1911 5.9641 0
      vertex -18.3228 6.01366 4
      vertex -18.1911 5.9641 4
    endloop
  endfacet
  facet normal 0.352198 0.935926 0
    outer loop
      vertex -18.3228 6.01366 4
      vertex -18.1911 5.9641 0
      vertex -18.3228 6.01366 0
    endloop
  endfacet
  facet normal 0.957024 0.290007 0
    outer loop
      vertex -19.5359 7.3089 4
      vertex -19.5767 7.44354 0
      vertex -19.5767 7.44354 4
    endloop
  endfacet
  facet normal 0.957024 0.290007 0
    outer loop
      vertex -19.5767 7.44354 0
      vertex -19.5359 7.3089 4
      vertex -19.5359 7.3089 0
    endloop
  endfacet
  facet normal -0.0980256 0.995184 0
    outer loop
      vertex -17.2194 5.86839 0
      vertex -17.3594 5.8546 4
      vertex -17.2194 5.86839 4
    endloop
  endfacet
  facet normal -0.0980256 0.995184 0
    outer loop
      vertex -17.3594 5.8546 4
      vertex -17.2194 5.86839 0
      vertex -17.3594 5.8546 0
    endloop
  endfacet
  facet normal -0.729792 -0.683669 0
    outer loop
      vertex -15.8835 9.41759 0
      vertex -15.9797 9.52028 4
      vertex -15.9797 9.52028 0
    endloop
  endfacet
  facet normal -0.729792 -0.683669 0
    outer loop
      vertex -15.9797 9.52028 4
      vertex -15.8835 9.41759 0
      vertex -15.8835 9.41759 4
    endloop
  endfacet
  facet normal -0.412817 -0.910814 0
    outer loop
      vertex -16.6772 9.98634 0
      vertex -16.5491 9.92828 4
      vertex -16.6772 9.98634 4
    endloop
  endfacet
  facet normal -0.412817 -0.910814 -0
    outer loop
      vertex -16.5491 9.92828 4
      vertex -16.6772 9.98634 0
      vertex -16.5491 9.92828 0
    endloop
  endfacet
  facet normal 0.849194 -0.528081 0
    outer loop
      vertex -19.362 9.075 4
      vertex -19.2877 9.19448 0
      vertex -19.2877 9.19448 4
    endloop
  endfacet
  facet normal 0.849194 -0.528081 0
    outer loop
      vertex -19.2877 9.19448 0
      vertex -19.362 9.075 4
      vertex -19.362 9.075 0
    endloop
  endfacet
  facet normal 0.812676 -0.582716 0
    outer loop
      vertex -19.2877 9.19448 4
      vertex -19.2057 9.30884 0
      vertex -19.2057 9.30884 4
    endloop
  endfacet
  facet normal 0.812676 -0.582716 0
    outer loop
      vertex -19.2057 9.30884 0
      vertex -19.2877 9.19448 4
      vertex -19.2877 9.19448 0
    endloop
  endfacet
  facet normal 0.773181 -0.634186 0
    outer loop
      vertex -19.2057 9.30884 4
      vertex -19.1165 9.41759 0
      vertex -19.1165 9.41759 4
    endloop
  endfacet
  facet normal 0.773181 -0.634186 0
    outer loop
      vertex -19.1165 9.41759 0
      vertex -19.2057 9.30884 4
      vertex -19.2057 9.30884 0
    endloop
  endfacet
  facet normal 0.911035 -0.412329 0
    outer loop
      vertex -19.4863 8.82277 4
      vertex -19.4283 8.95092 0
      vertex -19.4283 8.95092 4
    endloop
  endfacet
  facet normal 0.911035 -0.412329 0
    outer loop
      vertex -19.4283 8.95092 0
      vertex -19.4863 8.82277 4
      vertex -19.4863 8.82277 0
    endloop
  endfacet
  facet normal 0.683558 -0.729896 0
    outer loop
      vertex -19.0203 9.52028 0
      vertex -18.9176 9.61646 4
      vertex -19.0203 9.52028 4
    endloop
  endfacet
  facet normal 0.683558 -0.729896 0
    outer loop
      vertex -18.9176 9.61646 4
      vertex -19.0203 9.52028 0
      vertex -18.9176 9.61646 0
    endloop
  endfacet
  facet normal 0.471381 -0.88193 0
    outer loop
      vertex -18.575 9.86195 0
      vertex -18.4509 9.92828 4
      vertex -18.575 9.86195 4
    endloop
  endfacet
  facet normal 0.471381 -0.88193 0
    outer loop
      vertex -18.4509 9.92828 4
      vertex -18.575 9.86195 0
      vertex -18.4509 9.92828 0
    endloop
  endfacet
  facet normal -0.881987 0.471274 0
    outer loop
      vertex -15.638 6.925 0
      vertex -15.5717 7.04908 4
      vertex -15.5717 7.04908 0
    endloop
  endfacet
  facet normal -0.881987 0.471274 0
    outer loop
      vertex -15.5717 7.04908 4
      vertex -15.638 6.925 0
      vertex -15.638 6.925 4
    endloop
  endfacet
  facet normal -0.957024 0.290007 0
    outer loop
      vertex -15.4641 7.3089 0
      vertex -15.4233 7.44354 4
      vertex -15.4233 7.44354 0
    endloop
  endfacet
  facet normal -0.957024 0.290007 0
    outer loop
      vertex -15.4233 7.44354 4
      vertex -15.4641 7.3089 0
      vertex -15.4641 7.3089 4
    endloop
  endfacet
  facet normal -0.773181 0.634186 0
    outer loop
      vertex -15.8835 6.58241 0
      vertex -15.7943 6.69116 4
      vertex -15.7943 6.69116 0
    endloop
  endfacet
  facet normal -0.773181 0.634186 0
    outer loop
      vertex -15.7943 6.69116 4
      vertex -15.8835 6.58241 0
      vertex -15.8835 6.58241 4
    endloop
  endfacet
  facet normal -0.812676 0.582716 0
    outer loop
      vertex -15.7943 6.69116 0
      vertex -15.7123 6.80552 4
      vertex -15.7123 6.80552 0
    endloop
  endfacet
  facet normal -0.812676 0.582716 0
    outer loop
      vertex -15.7123 6.80552 4
      vertex -15.7943 6.69116 0
      vertex -15.7943 6.69116 4
    endloop
  endfacet
  facet normal -0.849194 0.528081 0
    outer loop
      vertex -15.7123 6.80552 0
      vertex -15.638 6.925 4
      vertex -15.638 6.925 0
    endloop
  endfacet
  facet normal -0.849194 0.528081 0
    outer loop
      vertex -15.638 6.925 4
      vertex -15.7123 6.80552 0
      vertex -15.7123 6.80552 4
    endloop
  endfacet
  facet normal -0.471381 0.88193 0
    outer loop
      vertex -16.425 6.13805 0
      vertex -16.5491 6.07172 4
      vertex -16.425 6.13805 4
    endloop
  endfacet
  facet normal -0.471381 0.88193 0
    outer loop
      vertex -16.5491 6.07172 4
      vertex -16.425 6.13805 0
      vertex -16.5491 6.07172 0
    endloop
  endfacet
  facet normal -0.527966 0.849266 0
    outer loop
      vertex -16.3055 6.21234 0
      vertex -16.425 6.13805 4
      vertex -16.3055 6.21234 4
    endloop
  endfacet
  facet normal -0.527966 0.849266 0
    outer loop
      vertex -16.425 6.13805 4
      vertex -16.3055 6.21234 0
      vertex -16.425 6.13805 0
    endloop
  endfacet
  facet normal 0.290347 0.956922 -0
    outer loop
      vertex -18.0565 5.92326 0
      vertex -18.1911 5.9641 4
      vertex -18.0565 5.92326 4
    endloop
  endfacet
  facet normal 0.290347 0.956922 0
    outer loop
      vertex -18.1911 5.9641 4
      vertex -18.0565 5.92326 0
      vertex -18.1911 5.9641 0
    endloop
  endfacet
  facet normal 0.812676 0.582716 0
    outer loop
      vertex -19.2057 6.69116 4
      vertex -19.2877 6.80552 0
      vertex -19.2877 6.80552 4
    endloop
  endfacet
  facet normal 0.812676 0.582716 0
    outer loop
      vertex -19.2877 6.80552 0
      vertex -19.2057 6.69116 4
      vertex -19.2057 6.69116 0
    endloop
  endfacet
  facet normal 0.973792 0.227439 0
    outer loop
      vertex -19.5767 7.44354 4
      vertex -19.6087 7.58055 0
      vertex -19.6087 7.58055 4
    endloop
  endfacet
  facet normal 0.973792 0.227439 0
    outer loop
      vertex -19.6087 7.58055 0
      vertex -19.5767 7.44354 4
      vertex -19.5767 7.44354 0
    endloop
  endfacet
  facet normal 0.986665 0.162762 0
    outer loop
      vertex -19.6087 7.58055 4
      vertex -19.6316 7.71937 0
      vertex -19.6316 7.71937 4
    endloop
  endfacet
  facet normal 0.986665 0.162762 0
    outer loop
      vertex -19.6316 7.71937 0
      vertex -19.6087 7.58055 4
      vertex -19.6087 7.58055 0
    endloop
  endfacet
  facet normal 0.995178 0.0980891 0
    outer loop
      vertex -19.6316 7.71937 4
      vertex -19.6454 7.85938 0
      vertex -19.6454 7.85938 4
    endloop
  endfacet
  facet normal 0.995178 0.0980891 0
    outer loop
      vertex -19.6454 7.85938 0
      vertex -19.6316 7.71937 4
      vertex -19.6316 7.71937 0
    endloop
  endfacet
  facet normal -0.290347 0.956922 0
    outer loop
      vertex -16.8089 5.9641 0
      vertex -16.9435 5.92326 4
      vertex -16.8089 5.9641 4
    endloop
  endfacet
  facet normal -0.290347 0.956922 0
    outer loop
      vertex -16.9435 5.92326 4
      vertex -16.8089 5.9641 0
      vertex -16.9435 5.92326 0
    endloop
  endfacet
  facet normal -0.352198 0.935926 0
    outer loop
      vertex -16.6772 6.01366 0
      vertex -16.8089 5.9641 4
      vertex -16.6772 6.01366 4
    endloop
  endfacet
  facet normal -0.352198 0.935926 0
    outer loop
      vertex -16.8089 5.9641 4
      vertex -16.6772 6.01366 0
      vertex -16.8089 5.9641 0
    endloop
  endfacet
  facet normal -0.162923 0.986639 0
    outer loop
      vertex -17.0806 5.89131 0
      vertex -17.2194 5.86839 4
      vertex -17.0806 5.89131 4
    endloop
  endfacet
  facet normal -0.162923 0.986639 0
    outer loop
      vertex -17.2194 5.86839 4
      vertex -17.0806 5.89131 0
      vertex -17.2194 5.86839 0
    endloop
  endfacet
  facet normal -0.911035 0.412329 0
    outer loop
      vertex -15.5717 7.04908 0
      vertex -15.5137 7.17723 4
      vertex -15.5137 7.17723 0
    endloop
  endfacet
  facet normal -0.911035 0.412329 0
    outer loop
      vertex -15.5137 7.17723 4
      vertex -15.5717 7.04908 0
      vertex -15.5717 7.04908 4
    endloop
  endfacet
  facet normal -0.986665 0.162762 0
    outer loop
      vertex -15.3913 7.58055 0
      vertex -15.3684 7.71937 4
      vertex -15.3684 7.71937 0
    endloop
  endfacet
  facet normal -0.986665 0.162762 0
    outer loop
      vertex -15.3684 7.71937 4
      vertex -15.3913 7.58055 0
      vertex -15.3913 7.58055 4
    endloop
  endfacet
  facet normal -0.634224 0.773149 0
    outer loop
      vertex -16.0824 6.38354 0
      vertex -16.1912 6.29429 4
      vertex -16.0824 6.38354 4
    endloop
  endfacet
  facet normal -0.634224 0.773149 0
    outer loop
      vertex -16.1912 6.29429 4
      vertex -16.0824 6.38354 0
      vertex -16.1912 6.29429 0
    endloop
  endfacet
  facet normal -0.729792 0.683669 0
    outer loop
      vertex -15.9797 6.47972 0
      vertex -15.8835 6.58241 4
      vertex -15.8835 6.58241 0
    endloop
  endfacet
  facet normal -0.729792 0.683669 0
    outer loop
      vertex -15.8835 6.58241 4
      vertex -15.9797 6.47972 0
      vertex -15.9797 6.47972 4
    endloop
  endfacet
  facet normal -0.683558 0.729896 0
    outer loop
      vertex -15.9797 6.47972 0
      vertex -16.0824 6.38354 4
      vertex -15.9797 6.47972 4
    endloop
  endfacet
  facet normal -0.683558 0.729896 0
    outer loop
      vertex -16.0824 6.38354 4
      vertex -15.9797 6.47972 0
      vertex -16.0824 6.38354 0
    endloop
  endfacet
  facet normal 0.0980256 0.995184 -0
    outer loop
      vertex -17.6406 5.8546 0
      vertex -17.7806 5.86839 4
      vertex -17.6406 5.8546 4
    endloop
  endfacet
  facet normal 0.0980256 0.995184 0
    outer loop
      vertex -17.7806 5.86839 4
      vertex -17.6406 5.8546 0
      vertex -17.7806 5.86839 0
    endloop
  endfacet
  facet normal 0.683558 0.729896 -0
    outer loop
      vertex -18.9176 6.38354 0
      vertex -19.0203 6.47972 4
      vertex -18.9176 6.38354 4
    endloop
  endfacet
  facet normal 0.683558 0.729896 0
    outer loop
      vertex -19.0203 6.47972 4
      vertex -18.9176 6.38354 0
      vertex -19.0203 6.47972 0
    endloop
  endfacet
  facet normal 0.729792 0.683669 0
    outer loop
      vertex -19.0203 6.47972 4
      vertex -19.1165 6.58241 0
      vertex -19.1165 6.58241 4
    endloop
  endfacet
  facet normal 0.729792 0.683669 0
    outer loop
      vertex -19.1165 6.58241 0
      vertex -19.0203 6.47972 4
      vertex -19.0203 6.47972 0
    endloop
  endfacet
  facet normal 0.849194 0.528081 0
    outer loop
      vertex -19.2877 6.80552 4
      vertex -19.362 6.925 0
      vertex -19.362 6.925 4
    endloop
  endfacet
  facet normal 0.849194 0.528081 0
    outer loop
      vertex -19.362 6.925 0
      vertex -19.2877 6.80552 4
      vertex -19.2877 6.80552 0
    endloop
  endfacet
  facet normal 0.881987 0.471274 0
    outer loop
      vertex -19.362 6.925 4
      vertex -19.4283 7.04908 0
      vertex -19.4283 7.04908 4
    endloop
  endfacet
  facet normal 0.881987 0.471274 0
    outer loop
      vertex -19.4283 7.04908 0
      vertex -19.362 6.925 4
      vertex -19.362 6.925 0
    endloop
  endfacet
  facet normal 0.935805 0.352517 0
    outer loop
      vertex -19.4863 7.17723 4
      vertex -19.5359 7.3089 0
      vertex -19.5359 7.3089 4
    endloop
  endfacet
  facet normal 0.935805 0.352517 0
    outer loop
      vertex -19.5359 7.3089 0
      vertex -19.4863 7.17723 4
      vertex -19.4863 7.17723 0
    endloop
  endfacet
  facet normal -0.22696 0.973904 0
    outer loop
      vertex -16.9435 5.92326 0
      vertex -17.0806 5.89131 4
      vertex -16.9435 5.92326 4
    endloop
  endfacet
  facet normal -0.22696 0.973904 0
    outer loop
      vertex -17.0806 5.89131 4
      vertex -16.9435 5.92326 0
      vertex -17.0806 5.89131 0
    endloop
  endfacet
  facet normal -0.935805 0.352517 0
    outer loop
      vertex -15.5137 7.17723 0
      vertex -15.4641 7.3089 4
      vertex -15.4641 7.3089 0
    endloop
  endfacet
  facet normal -0.935805 0.352517 0
    outer loop
      vertex -15.4641 7.3089 4
      vertex -15.5137 7.17723 0
      vertex -15.5137 7.17723 4
    endloop
  endfacet
  facet normal -0.582683 0.812699 0
    outer loop
      vertex -16.1912 6.29429 0
      vertex -16.3055 6.21234 4
      vertex -16.1912 6.29429 4
    endloop
  endfacet
  facet normal -0.582683 0.812699 0
    outer loop
      vertex -16.3055 6.21234 4
      vertex -16.1912 6.29429 0
      vertex -16.3055 6.21234 0
    endloop
  endfacet
  facet normal 0.22696 0.973904 -0
    outer loop
      vertex -17.9194 5.89131 0
      vertex -18.0565 5.92326 4
      vertex -17.9194 5.89131 4
    endloop
  endfacet
  facet normal 0.22696 0.973904 0
    outer loop
      vertex -18.0565 5.92326 4
      vertex -17.9194 5.89131 0
      vertex -18.0565 5.92326 0
    endloop
  endfacet
  facet normal 0.0326994 0.999465 -0
    outer loop
      vertex -17.5 5.85 0
      vertex -17.6406 5.8546 4
      vertex -17.5 5.85 4
    endloop
  endfacet
  facet normal 0.0326994 0.999465 0
    outer loop
      vertex -17.6406 5.8546 4
      vertex -17.5 5.85 0
      vertex -17.6406 5.8546 0
    endloop
  endfacet
  facet normal 0.412817 0.910814 -0
    outer loop
      vertex -18.3228 6.01366 0
      vertex -18.4509 6.07172 4
      vertex -18.3228 6.01366 4
    endloop
  endfacet
  facet normal 0.412817 0.910814 0
    outer loop
      vertex -18.4509 6.07172 4
      vertex -18.3228 6.01366 0
      vertex -18.4509 6.07172 0
    endloop
  endfacet
  facet normal 0.527966 0.849266 -0
    outer loop
      vertex -18.575 6.13805 0
      vertex -18.6945 6.21234 4
      vertex -18.575 6.13805 4
    endloop
  endfacet
  facet normal 0.527966 0.849266 0
    outer loop
      vertex -18.6945 6.21234 4
      vertex -18.575 6.13805 0
      vertex -18.6945 6.21234 0
    endloop
  endfacet
  facet normal 0.471381 0.88193 -0
    outer loop
      vertex -18.4509 6.07172 0
      vertex -18.575 6.13805 4
      vertex -18.4509 6.07172 4
    endloop
  endfacet
  facet normal 0.471381 0.88193 0
    outer loop
      vertex -18.575 6.13805 4
      vertex -18.4509 6.07172 0
      vertex -18.575 6.13805 0
    endloop
  endfacet
  facet normal 0.162923 0.986639 -0
    outer loop
      vertex -17.7806 5.86839 0
      vertex -17.9194 5.89131 4
      vertex -17.7806 5.86839 4
    endloop
  endfacet
  facet normal 0.162923 0.986639 0
    outer loop
      vertex -17.9194 5.89131 4
      vertex -17.7806 5.86839 0
      vertex -17.9194 5.89131 0
    endloop
  endfacet
  facet normal 0.582683 0.812699 -0
    outer loop
      vertex -18.6945 6.21234 0
      vertex -18.8088 6.29429 4
      vertex -18.6945 6.21234 4
    endloop
  endfacet
  facet normal 0.582683 0.812699 0
    outer loop
      vertex -18.8088 6.29429 4
      vertex -18.6945 6.21234 0
      vertex -18.8088 6.29429 0
    endloop
  endfacet
  facet normal 0.634224 0.773149 -0
    outer loop
      vertex -18.8088 6.29429 0
      vertex -18.9176 6.38354 4
      vertex -18.8088 6.29429 4
    endloop
  endfacet
  facet normal 0.634224 0.773149 0
    outer loop
      vertex -18.9176 6.38354 4
      vertex -18.8088 6.29429 0
      vertex -18.9176 6.38354 0
    endloop
  endfacet
  facet normal -0.881987 -0.471274 0
    outer loop
      vertex 19.4283 8.95092 0
      vertex 19.362 9.075 4
      vertex 19.362 9.075 0
    endloop
  endfacet
  facet normal -0.881987 -0.471274 0
    outer loop
      vertex 19.362 9.075 4
      vertex 19.4283 8.95092 0
      vertex 19.4283 8.95092 4
    endloop
  endfacet
  facet normal -0.352198 -0.935926 0
    outer loop
      vertex 18.1911 10.0359 0
      vertex 18.3228 9.98634 4
      vertex 18.1911 10.0359 4
    endloop
  endfacet
  facet normal -0.352198 -0.935926 -0
    outer loop
      vertex 18.3228 9.98634 4
      vertex 18.1911 10.0359 0
      vertex 18.3228 9.98634 0
    endloop
  endfacet
  facet normal 0.412817 -0.910814 0
    outer loop
      vertex 16.5491 9.92828 0
      vertex 16.6772 9.98634 4
      vertex 16.5491 9.92828 4
    endloop
  endfacet
  facet normal 0.412817 -0.910814 0
    outer loop
      vertex 16.6772 9.98634 4
      vertex 16.5491 9.92828 0
      vertex 16.6772 9.98634 0
    endloop
  endfacet
  facet normal 0.935814 -0.352494 0
    outer loop
      vertex 15.4641 8.69109 4
      vertex 15.5137 8.82277 0
      vertex 15.5137 8.82277 4
    endloop
  endfacet
  facet normal 0.935814 -0.352494 0
    outer loop
      vertex 15.5137 8.82277 0
      vertex 15.4641 8.69109 4
      vertex 15.4641 8.69109 0
    endloop
  endfacet
  facet normal -0.995178 0.0980891 0
    outer loop
      vertex 19.6316 7.71937 0
      vertex 19.6454 7.85938 4
      vertex 19.6454 7.85938 0
    endloop
  endfacet
  facet normal -0.995178 0.0980891 0
    outer loop
      vertex 19.6454 7.85938 4
      vertex 19.6316 7.71937 0
      vertex 19.6316 7.71937 4
    endloop
  endfacet
  facet normal -0.527966 -0.849266 0
    outer loop
      vertex 18.575 9.86195 0
      vertex 18.6945 9.78766 4
      vertex 18.575 9.86195 4
    endloop
  endfacet
  facet normal -0.527966 -0.849266 -0
    outer loop
      vertex 18.6945 9.78766 4
      vertex 18.575 9.86195 0
      vertex 18.6945 9.78766 0
    endloop
  endfacet
  facet normal 0.773181 -0.634186 0
    outer loop
      vertex 15.7943 9.30884 4
      vertex 15.8835 9.41759 0
      vertex 15.8835 9.41759 4
    endloop
  endfacet
  facet normal 0.773181 -0.634186 0
    outer loop
      vertex 15.8835 9.41759 0
      vertex 15.7943 9.30884 4
      vertex 15.7943 9.30884 0
    endloop
  endfacet
  facet normal 0.227297 -0.973825 0
    outer loop
      vertex 16.9435 10.0767 0
      vertex 17.0806 10.1087 4
      vertex 16.9435 10.0767 4
    endloop
  endfacet
  facet normal 0.227297 -0.973825 0
    outer loop
      vertex 17.0806 10.1087 4
      vertex 16.9435 10.0767 0
      vertex 17.0806 10.1087 0
    endloop
  endfacet
  facet normal 0.634224 0.773149 -0
    outer loop
      vertex 16.1912 6.29429 0
      vertex 16.0824 6.38354 4
      vertex 16.1912 6.29429 4
    endloop
  endfacet
  facet normal 0.634224 0.773149 0
    outer loop
      vertex 16.0824 6.38354 4
      vertex 16.1912 6.29429 0
      vertex 16.0824 6.38354 0
    endloop
  endfacet
  facet normal -0.995178 -0.0980891 0
    outer loop
      vertex 19.6454 8.14062 0
      vertex 19.6316 8.28063 4
      vertex 19.6316 8.28063 0
    endloop
  endfacet
  facet normal -0.995178 -0.0980891 0
    outer loop
      vertex 19.6316 8.28063 4
      vertex 19.6454 8.14062 0
      vertex 19.6454 8.14062 4
    endloop
  endfacet
  facet normal -0.935814 -0.352494 0
    outer loop
      vertex 19.5359 8.69109 0
      vertex 19.4863 8.82277 4
      vertex 19.4863 8.82277 0
    endloop
  endfacet
  facet normal -0.935814 -0.352494 0
    outer loop
      vertex 19.4863 8.82277 4
      vertex 19.5359 8.69109 0
      vertex 19.5359 8.69109 4
    endloop
  endfacet
  facet normal -0.812676 -0.582716 0
    outer loop
      vertex 19.2877 9.19448 0
      vertex 19.2057 9.30884 4
      vertex 19.2057 9.30884 0
    endloop
  endfacet
  facet normal -0.812676 -0.582716 0
    outer loop
      vertex 19.2057 9.30884 4
      vertex 19.2877 9.19448 0
      vertex 19.2877 9.19448 4
    endloop
  endfacet
  facet normal -0.729792 -0.683669 0
    outer loop
      vertex 19.1165 9.41759 0
      vertex 19.0203 9.52028 4
      vertex 19.0203 9.52028 0
    endloop
  endfacet
  facet normal -0.729792 -0.683669 0
    outer loop
      vertex 19.0203 9.52028 4
      vertex 19.1165 9.41759 0
      vertex 19.1165 9.41759 4
    endloop
  endfacet
  facet normal 0.0326994 -0.999465 0
    outer loop
      vertex 17.3594 10.1454 0
      vertex 17.5 10.15 4
      vertex 17.3594 10.1454 4
    endloop
  endfacet
  facet normal 0.0326994 -0.999465 0
    outer loop
      vertex 17.5 10.15 4
      vertex 17.3594 10.1454 0
      vertex 17.5 10.15 0
    endloop
  endfacet
  facet normal -0.290086 -0.957 0
    outer loop
      vertex 18.0565 10.0767 0
      vertex 18.1911 10.0359 4
      vertex 18.0565 10.0767 4
    endloop
  endfacet
  facet normal -0.290086 -0.957 -0
    outer loop
      vertex 18.1911 10.0359 4
      vertex 18.0565 10.0767 0
      vertex 18.1911 10.0359 0
    endloop
  endfacet
  facet normal -0.162785 -0.986662 0
    outer loop
      vertex 17.7806 10.1316 0
      vertex 17.9194 10.1087 4
      vertex 17.7806 10.1316 4
    endloop
  endfacet
  facet normal -0.162785 -0.986662 -0
    outer loop
      vertex 17.9194 10.1087 4
      vertex 17.7806 10.1316 0
      vertex 17.9194 10.1087 0
    endloop
  endfacet
  facet normal -0.471381 -0.88193 0
    outer loop
      vertex 18.4509 9.92828 0
      vertex 18.575 9.86195 4
      vertex 18.4509 9.92828 4
    endloop
  endfacet
  facet normal -0.471381 -0.88193 -0
    outer loop
      vertex 18.575 9.86195 4
      vertex 18.4509 9.92828 0
      vertex 18.575 9.86195 0
    endloop
  endfacet
  facet normal -0.634224 -0.773149 0
    outer loop
      vertex 18.8088 9.70571 0
      vertex 18.9176 9.61646 4
      vertex 18.8088 9.70571 4
    endloop
  endfacet
  facet normal -0.634224 -0.773149 -0
    outer loop
      vertex 18.9176 9.61646 4
      vertex 18.8088 9.70571 0
      vertex 18.9176 9.61646 0
    endloop
  endfacet
  facet normal 0.999465 0.0326948 0
    outer loop
      vertex 15.3546 7.85938 4
      vertex 15.35 8 0
      vertex 15.35 8 4
    endloop
  endfacet
  facet normal 0.999465 0.0326948 0
    outer loop
      vertex 15.35 8 0
      vertex 15.3546 7.85938 4
      vertex 15.3546 7.85938 0
    endloop
  endfacet
  facet normal 0.957018 -0.290027 0
    outer loop
      vertex 15.4233 8.55646 4
      vertex 15.4641 8.69109 0
      vertex 15.4641 8.69109 4
    endloop
  endfacet
  facet normal 0.957018 -0.290027 0
    outer loop
      vertex 15.4641 8.69109 0
      vertex 15.4233 8.55646 4
      vertex 15.4233 8.55646 0
    endloop
  endfacet
  facet normal 0.986663 -0.162774 0
    outer loop
      vertex 15.3684 8.28063 4
      vertex 15.3913 8.41944 0
      vertex 15.3913 8.41944 4
    endloop
  endfacet
  facet normal 0.986663 -0.162774 0
    outer loop
      vertex 15.3913 8.41944 0
      vertex 15.3684 8.28063 4
      vertex 15.3684 8.28063 0
    endloop
  endfacet
  facet normal 0.881987 -0.471274 0
    outer loop
      vertex 15.5717 8.95092 4
      vertex 15.638 9.075 0
      vertex 15.638 9.075 4
    endloop
  endfacet
  facet normal 0.881987 -0.471274 0
    outer loop
      vertex 15.638 9.075 0
      vertex 15.5717 8.95092 4
      vertex 15.5717 8.95092 0
    endloop
  endfacet
  facet normal 0.849194 -0.528081 0
    outer loop
      vertex 15.638 9.075 4
      vertex 15.7123 9.19448 0
      vertex 15.7123 9.19448 4
    endloop
  endfacet
  facet normal 0.849194 -0.528081 0
    outer loop
      vertex 15.7123 9.19448 0
      vertex 15.638 9.075 4
      vertex 15.638 9.075 0
    endloop
  endfacet
  facet normal 0.098096 -0.995177 0
    outer loop
      vertex 17.2194 10.1316 0
      vertex 17.3594 10.1454 4
      vertex 17.2194 10.1316 4
    endloop
  endfacet
  facet normal 0.098096 -0.995177 0
    outer loop
      vertex 17.3594 10.1454 4
      vertex 17.2194 10.1316 0
      vertex 17.3594 10.1454 0
    endloop
  endfacet
  facet normal 0.582683 -0.812699 0
    outer loop
      vertex 16.1912 9.70571 0
      vertex 16.3055 9.78766 4
      vertex 16.1912 9.70571 4
    endloop
  endfacet
  facet normal 0.582683 -0.812699 0
    outer loop
      vertex 16.3055 9.78766 4
      vertex 16.1912 9.70571 0
      vertex 16.3055 9.78766 0
    endloop
  endfacet
  facet normal 0.634224 -0.773149 0
    outer loop
      vertex 16.0824 9.61646 0
      vertex 16.1912 9.70571 4
      vertex 16.0824 9.61646 4
    endloop
  endfacet
  facet normal 0.634224 -0.773149 0
    outer loop
      vertex 16.1912 9.70571 4
      vertex 16.0824 9.61646 0
      vertex 16.1912 9.70571 0
    endloop
  endfacet
  facet normal 0.527966 -0.849266 0
    outer loop
      vertex 16.3055 9.78766 0
      vertex 16.425 9.86195 4
      vertex 16.3055 9.78766 4
    endloop
  endfacet
  facet normal 0.527966 -0.849266 0
    outer loop
      vertex 16.425 9.86195 4
      vertex 16.3055 9.78766 0
      vertex 16.425 9.86195 0
    endloop
  endfacet
  facet normal -0.999465 -0.0326948 0
    outer loop
      vertex 19.65 8 0
      vertex 19.6454 8.14062 4
      vertex 19.6454 8.14062 0
    endloop
  endfacet
  facet normal -0.999465 -0.0326948 0
    outer loop
      vertex 19.6454 8.14062 4
      vertex 19.65 8 0
      vertex 19.65 8 4
    endloop
  endfacet
  facet normal -0.957024 0.290007 0
    outer loop
      vertex 19.5359 7.3089 0
      vertex 19.5767 7.44354 4
      vertex 19.5767 7.44354 0
    endloop
  endfacet
  facet normal -0.957024 0.290007 0
    outer loop
      vertex 19.5767 7.44354 4
      vertex 19.5359 7.3089 0
      vertex 19.5359 7.3089 4
    endloop
  endfacet
  facet normal -0.683558 0.729896 0
    outer loop
      vertex 19.0203 6.47972 0
      vertex 18.9176 6.38354 4
      vertex 19.0203 6.47972 4
    endloop
  endfacet
  facet normal -0.683558 0.729896 0
    outer loop
      vertex 18.9176 6.38354 4
      vertex 19.0203 6.47972 0
      vertex 18.9176 6.38354 0
    endloop
  endfacet
  facet normal 0.773181 0.634186 0
    outer loop
      vertex 15.8835 6.58241 4
      vertex 15.7943 6.69116 0
      vertex 15.7943 6.69116 4
    endloop
  endfacet
  facet normal 0.773181 0.634186 0
    outer loop
      vertex 15.7943 6.69116 0
      vertex 15.8835 6.58241 4
      vertex 15.8835 6.58241 0
    endloop
  endfacet
  facet normal -0.986663 -0.162774 0
    outer loop
      vertex 19.6316 8.28063 0
      vertex 19.6087 8.41944 4
      vertex 19.6087 8.41944 0
    endloop
  endfacet
  facet normal -0.986663 -0.162774 0
    outer loop
      vertex 19.6087 8.41944 4
      vertex 19.6316 8.28063 0
      vertex 19.6316 8.28063 4
    endloop
  endfacet
  facet normal -0.911035 -0.412329 0
    outer loop
      vertex 19.4863 8.82277 0
      vertex 19.4283 8.95092 4
      vertex 19.4283 8.95092 0
    endloop
  endfacet
  facet normal -0.911035 -0.412329 0
    outer loop
      vertex 19.4283 8.95092 4
      vertex 19.4863 8.82277 0
      vertex 19.4863 8.82277 4
    endloop
  endfacet
  facet normal -0.973796 -0.227423 0
    outer loop
      vertex 19.6087 8.41944 0
      vertex 19.5767 8.55646 4
      vertex 19.5767 8.55646 0
    endloop
  endfacet
  facet normal -0.973796 -0.227423 0
    outer loop
      vertex 19.5767 8.55646 4
      vertex 19.6087 8.41944 0
      vertex 19.6087 8.41944 4
    endloop
  endfacet
  facet normal -0.849194 -0.528081 0
    outer loop
      vertex 19.362 9.075 0
      vertex 19.2877 9.19448 4
      vertex 19.2877 9.19448 0
    endloop
  endfacet
  facet normal -0.849194 -0.528081 0
    outer loop
      vertex 19.2877 9.19448 4
      vertex 19.362 9.075 0
      vertex 19.362 9.075 4
    endloop
  endfacet
  facet normal -0.683558 -0.729896 0
    outer loop
      vertex 18.9176 9.61646 0
      vertex 19.0203 9.52028 4
      vertex 18.9176 9.61646 4
    endloop
  endfacet
  facet normal -0.683558 -0.729896 -0
    outer loop
      vertex 19.0203 9.52028 4
      vertex 18.9176 9.61646 0
      vertex 19.0203 9.52028 0
    endloop
  endfacet
  facet normal -0.773181 -0.634186 0
    outer loop
      vertex 19.2057 9.30884 0
      vertex 19.1165 9.41759 4
      vertex 19.1165 9.41759 0
    endloop
  endfacet
  facet normal -0.773181 -0.634186 0
    outer loop
      vertex 19.1165 9.41759 4
      vertex 19.2057 9.30884 0
      vertex 19.2057 9.30884 4
    endloop
  endfacet
  facet normal -0.098096 -0.995177 0
    outer loop
      vertex 17.6406 10.1454 0
      vertex 17.7806 10.1316 4
      vertex 17.6406 10.1454 4
    endloop
  endfacet
  facet normal -0.098096 -0.995177 -0
    outer loop
      vertex 17.7806 10.1316 4
      vertex 17.6406 10.1454 0
      vertex 17.7806 10.1316 0
    endloop
  endfacet
  facet normal -0.0326994 -0.999465 0
    outer loop
      vertex 17.5 10.15 0
      vertex 17.6406 10.1454 4
      vertex 17.5 10.15 4
    endloop
  endfacet
  facet normal -0.0326994 -0.999465 -0
    outer loop
      vertex 17.6406 10.1454 4
      vertex 17.5 10.15 0
      vertex 17.6406 10.1454 0
    endloop
  endfacet
  facet normal -0.227297 -0.973825 0
    outer loop
      vertex 17.9194 10.1087 0
      vertex 18.0565 10.0767 4
      vertex 17.9194 10.1087 4
    endloop
  endfacet
  facet normal -0.227297 -0.973825 -0
    outer loop
      vertex 18.0565 10.0767 4
      vertex 17.9194 10.1087 0
      vertex 18.0565 10.0767 0
    endloop
  endfacet
  facet normal -0.412817 -0.910814 0
    outer loop
      vertex 18.3228 9.98634 0
      vertex 18.4509 9.92828 4
      vertex 18.3228 9.98634 4
    endloop
  endfacet
  facet normal -0.412817 -0.910814 -0
    outer loop
      vertex 18.4509 9.92828 4
      vertex 18.3228 9.98634 0
      vertex 18.4509 9.92828 0
    endloop
  endfacet
  facet normal -0.582683 -0.812699 0
    outer loop
      vertex 18.6945 9.78766 0
      vertex 18.8088 9.70571 4
      vertex 18.6945 9.78766 4
    endloop
  endfacet
  facet normal -0.582683 -0.812699 -0
    outer loop
      vertex 18.8088 9.70571 4
      vertex 18.6945 9.78766 0
      vertex 18.8088 9.70571 0
    endloop
  endfacet
  facet normal 0.995178 -0.0980891 0
    outer loop
      vertex 15.3546 8.14062 4
      vertex 15.3684 8.28063 0
      vertex 15.3684 8.28063 4
    endloop
  endfacet
  facet normal 0.995178 -0.0980891 0
    outer loop
      vertex 15.3684 8.28063 0
      vertex 15.3546 8.14062 4
      vertex 15.3546 8.14062 0
    endloop
  endfacet
  facet normal 0.999465 -0.0326948 0
    outer loop
      vertex 15.35 8 4
      vertex 15.3546 8.14062 0
      vertex 15.3546 8.14062 4
    endloop
  endfacet
  facet normal 0.999465 -0.0326948 0
    outer loop
      vertex 15.3546 8.14062 0
      vertex 15.35 8 4
      vertex 15.35 8 0
    endloop
  endfacet
  facet normal 0.973796 -0.227423 0
    outer loop
      vertex 15.3913 8.41944 4
      vertex 15.4233 8.55646 0
      vertex 15.4233 8.55646 4
    endloop
  endfacet
  facet normal 0.973796 -0.227423 0
    outer loop
      vertex 15.4233 8.55646 0
      vertex 15.3913 8.41944 4
      vertex 15.3913 8.41944 0
    endloop
  endfacet
  facet normal 0.911035 -0.412329 0
    outer loop
      vertex 15.5137 8.82277 4
      vertex 15.5717 8.95092 0
      vertex 15.5717 8.95092 4
    endloop
  endfacet
  facet normal 0.911035 -0.412329 0
    outer loop
      vertex 15.5717 8.95092 0
      vertex 15.5137 8.82277 4
      vertex 15.5137 8.82277 0
    endloop
  endfacet
  facet normal 0.812676 -0.582716 0
    outer loop
      vertex 15.7123 9.19448 4
      vertex 15.7943 9.30884 0
      vertex 15.7943 9.30884 4
    endloop
  endfacet
  facet normal 0.812676 -0.582716 0
    outer loop
      vertex 15.7943 9.30884 0
      vertex 15.7123 9.19448 4
      vertex 15.7123 9.19448 0
    endloop
  endfacet
  facet normal 0.290086 -0.957 0
    outer loop
      vertex 16.8089 10.0359 0
      vertex 16.9435 10.0767 4
      vertex 16.8089 10.0359 4
    endloop
  endfacet
  facet normal 0.290086 -0.957 0
    outer loop
      vertex 16.9435 10.0767 4
      vertex 16.8089 10.0359 0
      vertex 16.9435 10.0767 0
    endloop
  endfacet
  facet normal 0.352198 -0.935926 0
    outer loop
      vertex 16.6772 9.98634 0
      vertex 16.8089 10.0359 4
      vertex 16.6772 9.98634 4
    endloop
  endfacet
  facet normal 0.352198 -0.935926 0
    outer loop
      vertex 16.8089 10.0359 4
      vertex 16.6772 9.98634 0
      vertex 16.8089 10.0359 0
    endloop
  endfacet
  facet normal 0.162785 -0.986662 0
    outer loop
      vertex 17.0806 10.1087 0
      vertex 17.2194 10.1316 4
      vertex 17.0806 10.1087 4
    endloop
  endfacet
  facet normal 0.162785 -0.986662 0
    outer loop
      vertex 17.2194 10.1316 4
      vertex 17.0806 10.1087 0
      vertex 17.2194 10.1316 0
    endloop
  endfacet
  facet normal 0.471381 -0.88193 0
    outer loop
      vertex 16.425 9.86195 0
      vertex 16.5491 9.92828 4
      vertex 16.425 9.86195 4
    endloop
  endfacet
  facet normal 0.471381 -0.88193 0
    outer loop
      vertex 16.5491 9.92828 4
      vertex 16.425 9.86195 0
      vertex 16.5491 9.92828 0
    endloop
  endfacet
  facet normal 0.683558 -0.729896 0
    outer loop
      vertex 15.9797 9.52028 0
      vertex 16.0824 9.61646 4
      vertex 15.9797 9.52028 4
    endloop
  endfacet
  facet normal 0.683558 -0.729896 0
    outer loop
      vertex 16.0824 9.61646 4
      vertex 15.9797 9.52028 0
      vertex 16.0824 9.61646 0
    endloop
  endfacet
  facet normal 0.729792 -0.683669 0
    outer loop
      vertex 15.8835 9.41759 4
      vertex 15.9797 9.52028 0
      vertex 15.9797 9.52028 4
    endloop
  endfacet
  facet normal 0.729792 -0.683669 0
    outer loop
      vertex 15.9797 9.52028 0
      vertex 15.8835 9.41759 4
      vertex 15.8835 9.41759 0
    endloop
  endfacet
  facet normal -0.935805 0.352517 0
    outer loop
      vertex 19.4863 7.17723 0
      vertex 19.5359 7.3089 4
      vertex 19.5359 7.3089 0
    endloop
  endfacet
  facet normal -0.935805 0.352517 0
    outer loop
      vertex 19.5359 7.3089 4
      vertex 19.4863 7.17723 0
      vertex 19.4863 7.17723 4
    endloop
  endfacet
  facet normal -0.812676 0.582716 0
    outer loop
      vertex 19.2057 6.69116 0
      vertex 19.2877 6.80552 4
      vertex 19.2877 6.80552 0
    endloop
  endfacet
  facet normal -0.812676 0.582716 0
    outer loop
      vertex 19.2877 6.80552 4
      vertex 19.2057 6.69116 0
      vertex 19.2057 6.69116 4
    endloop
  endfacet
  facet normal 0.352198 0.935926 -0
    outer loop
      vertex 16.8089 5.9641 0
      vertex 16.6772 6.01366 4
      vertex 16.8089 5.9641 4
    endloop
  endfacet
  facet normal 0.352198 0.935926 0
    outer loop
      vertex 16.6772 6.01366 4
      vertex 16.8089 5.9641 0
      vertex 16.6772 6.01366 0
    endloop
  endfacet
  facet normal -0.0326994 0.999465 0
    outer loop
      vertex 17.6406 5.8546 0
      vertex 17.5 5.85 4
      vertex 17.6406 5.8546 4
    endloop
  endfacet
  facet normal -0.0326994 0.999465 0
    outer loop
      vertex 17.5 5.85 4
      vertex 17.6406 5.8546 0
      vertex 17.5 5.85 0
    endloop
  endfacet
  facet normal 0.995178 0.0980891 0
    outer loop
      vertex 15.3684 7.71937 4
      vertex 15.3546 7.85938 0
      vertex 15.3546 7.85938 4
    endloop
  endfacet
  facet normal 0.995178 0.0980891 0
    outer loop
      vertex 15.3546 7.85938 0
      vertex 15.3684 7.71937 4
      vertex 15.3684 7.71937 0
    endloop
  endfacet
  facet normal 0.911035 0.412329 0
    outer loop
      vertex 15.5717 7.04908 4
      vertex 15.5137 7.17723 0
      vertex 15.5137 7.17723 4
    endloop
  endfacet
  facet normal 0.911035 0.412329 0
    outer loop
      vertex 15.5137 7.17723 0
      vertex 15.5717 7.04908 4
      vertex 15.5717 7.04908 0
    endloop
  endfacet
  facet normal 0.729792 0.683669 0
    outer loop
      vertex 15.9797 6.47972 4
      vertex 15.8835 6.58241 0
      vertex 15.8835 6.58241 4
    endloop
  endfacet
  facet normal 0.729792 0.683669 0
    outer loop
      vertex 15.8835 6.58241 0
      vertex 15.9797 6.47972 4
      vertex 15.9797 6.47972 0
    endloop
  endfacet
  facet normal -0.0980256 0.995184 0
    outer loop
      vertex 17.7806 5.86839 0
      vertex 17.6406 5.8546 4
      vertex 17.7806 5.86839 4
    endloop
  endfacet
  facet normal -0.0980256 0.995184 0
    outer loop
      vertex 17.6406 5.8546 4
      vertex 17.7806 5.86839 0
      vertex 17.6406 5.8546 0
    endloop
  endfacet
  facet normal -0.290347 0.956922 0
    outer loop
      vertex 18.1911 5.9641 0
      vertex 18.0565 5.92326 4
      vertex 18.1911 5.9641 4
    endloop
  endfacet
  facet normal -0.290347 0.956922 0
    outer loop
      vertex 18.0565 5.92326 4
      vertex 18.1911 5.9641 0
      vertex 18.0565 5.92326 0
    endloop
  endfacet
  facet normal -0.412817 0.910814 0
    outer loop
      vertex 18.4509 6.07172 0
      vertex 18.3228 6.01366 4
      vertex 18.4509 6.07172 4
    endloop
  endfacet
  facet normal -0.412817 0.910814 0
    outer loop
      vertex 18.3228 6.01366 4
      vertex 18.4509 6.07172 0
      vertex 18.3228 6.01366 0
    endloop
  endfacet
  facet normal -0.957018 -0.290027 0
    outer loop
      vertex 19.5767 8.55646 0
      vertex 19.5359 8.69109 4
      vertex 19.5359 8.69109 0
    endloop
  endfacet
  facet normal -0.957018 -0.290027 0
    outer loop
      vertex 19.5359 8.69109 4
      vertex 19.5767 8.55646 0
      vertex 19.5767 8.55646 4
    endloop
  endfacet
  facet normal -0.973792 0.227439 0
    outer loop
      vertex 19.5767 7.44354 0
      vertex 19.6087 7.58055 4
      vertex 19.6087 7.58055 0
    endloop
  endfacet
  facet normal -0.973792 0.227439 0
    outer loop
      vertex 19.6087 7.58055 4
      vertex 19.5767 7.44354 0
      vertex 19.5767 7.44354 4
    endloop
  endfacet
  facet normal -0.999465 0.0326948 0
    outer loop
      vertex 19.6454 7.85938 0
      vertex 19.65 8 4
      vertex 19.65 8 0
    endloop
  endfacet
  facet normal -0.999465 0.0326948 0
    outer loop
      vertex 19.65 8 4
      vertex 19.6454 7.85938 0
      vertex 19.6454 7.85938 4
    endloop
  endfacet
  facet normal -0.881987 0.471274 0
    outer loop
      vertex 19.362 6.925 0
      vertex 19.4283 7.04908 4
      vertex 19.4283 7.04908 0
    endloop
  endfacet
  facet normal -0.881987 0.471274 0
    outer loop
      vertex 19.4283 7.04908 4
      vertex 19.362 6.925 0
      vertex 19.362 6.925 4
    endloop
  endfacet
  facet normal -0.911035 0.412329 0
    outer loop
      vertex 19.4283 7.04908 0
      vertex 19.4863 7.17723 4
      vertex 19.4863 7.17723 0
    endloop
  endfacet
  facet normal -0.911035 0.412329 0
    outer loop
      vertex 19.4863 7.17723 4
      vertex 19.4283 7.04908 0
      vertex 19.4283 7.04908 4
    endloop
  endfacet
  facet normal -0.773181 0.634186 0
    outer loop
      vertex 19.1165 6.58241 0
      vertex 19.2057 6.69116 4
      vertex 19.2057 6.69116 0
    endloop
  endfacet
  facet normal -0.773181 0.634186 0
    outer loop
      vertex 19.2057 6.69116 4
      vertex 19.1165 6.58241 0
      vertex 19.1165 6.58241 4
    endloop
  endfacet
  facet normal -0.849194 0.528081 0
    outer loop
      vertex 19.2877 6.80552 0
      vertex 19.362 6.925 4
      vertex 19.362 6.925 0
    endloop
  endfacet
  facet normal -0.849194 0.528081 0
    outer loop
      vertex 19.362 6.925 4
      vertex 19.2877 6.80552 0
      vertex 19.2877 6.80552 4
    endloop
  endfacet
  facet normal 0.471381 0.88193 -0
    outer loop
      vertex 16.5491 6.07172 0
      vertex 16.425 6.13805 4
      vertex 16.5491 6.07172 4
    endloop
  endfacet
  facet normal 0.471381 0.88193 0
    outer loop
      vertex 16.425 6.13805 4
      vertex 16.5491 6.07172 0
      vertex 16.425 6.13805 0
    endloop
  endfacet
  facet normal 0.290347 0.956922 -0
    outer loop
      vertex 16.9435 5.92326 0
      vertex 16.8089 5.9641 4
      vertex 16.9435 5.92326 4
    endloop
  endfacet
  facet normal 0.290347 0.956922 0
    outer loop
      vertex 16.8089 5.9641 4
      vertex 16.9435 5.92326 0
      vertex 16.8089 5.9641 0
    endloop
  endfacet
  facet normal 0.0980256 0.995184 -0
    outer loop
      vertex 17.3594 5.8546 0
      vertex 17.2194 5.86839 4
      vertex 17.3594 5.8546 4
    endloop
  endfacet
  facet normal 0.0980256 0.995184 0
    outer loop
      vertex 17.2194 5.86839 4
      vertex 17.3594 5.8546 0
      vertex 17.2194 5.86839 0
    endloop
  endfacet
  facet normal 0.973792 0.227439 0
    outer loop
      vertex 15.4233 7.44354 4
      vertex 15.3913 7.58055 0
      vertex 15.3913 7.58055 4
    endloop
  endfacet
  facet normal 0.973792 0.227439 0
    outer loop
      vertex 15.3913 7.58055 0
      vertex 15.4233 7.44354 4
      vertex 15.4233 7.44354 0
    endloop
  endfacet
  facet normal 0.986665 0.162762 0
    outer loop
      vertex 15.3913 7.58055 4
      vertex 15.3684 7.71937 0
      vertex 15.3684 7.71937 4
    endloop
  endfacet
  facet normal 0.986665 0.162762 0
    outer loop
      vertex 15.3684 7.71937 0
      vertex 15.3913 7.58055 4
      vertex 15.3913 7.58055 0
    endloop
  endfacet
  facet normal 0.812676 0.582716 0
    outer loop
      vertex 15.7943 6.69116 4
      vertex 15.7123 6.80552 0
      vertex 15.7123 6.80552 4
    endloop
  endfacet
  facet normal 0.812676 0.582716 0
    outer loop
      vertex 15.7123 6.80552 0
      vertex 15.7943 6.69116 4
      vertex 15.7943 6.69116 0
    endloop
  endfacet
  facet normal 0.683558 0.729896 -0
    outer loop
      vertex 16.0824 6.38354 0
      vertex 15.9797 6.47972 4
      vertex 16.0824 6.38354 4
    endloop
  endfacet
  facet normal 0.683558 0.729896 0
    outer loop
      vertex 15.9797 6.47972 4
      vertex 16.0824 6.38354 0
      vertex 15.9797 6.47972 0
    endloop
  endfacet
  facet normal -0.162923 0.986639 0
    outer loop
      vertex 17.9194 5.89131 0
      vertex 17.7806 5.86839 4
      vertex 17.9194 5.89131 4
    endloop
  endfacet
  facet normal -0.162923 0.986639 0
    outer loop
      vertex 17.7806 5.86839 4
      vertex 17.9194 5.89131 0
      vertex 17.7806 5.86839 0
    endloop
  endfacet
  facet normal -0.352198 0.935926 0
    outer loop
      vertex 18.3228 6.01366 0
      vertex 18.1911 5.9641 4
      vertex 18.3228 6.01366 4
    endloop
  endfacet
  facet normal -0.352198 0.935926 0
    outer loop
      vertex 18.1911 5.9641 4
      vertex 18.3228 6.01366 0
      vertex 18.1911 5.9641 0
    endloop
  endfacet
  facet normal -0.986665 0.162762 0
    outer loop
      vertex 19.6087 7.58055 0
      vertex 19.6316 7.71937 4
      vertex 19.6316 7.71937 0
    endloop
  endfacet
  facet normal -0.986665 0.162762 0
    outer loop
      vertex 19.6316 7.71937 4
      vertex 19.6087 7.58055 0
      vertex 19.6087 7.58055 4
    endloop
  endfacet
  facet normal -0.527966 0.849266 0
    outer loop
      vertex 18.6945 6.21234 0
      vertex 18.575 6.13805 4
      vertex 18.6945 6.21234 4
    endloop
  endfacet
  facet normal -0.527966 0.849266 0
    outer loop
      vertex 18.575 6.13805 4
      vertex 18.6945 6.21234 0
      vertex 18.575 6.13805 0
    endloop
  endfacet
  facet normal -0.471381 0.88193 0
    outer loop
      vertex 18.575 6.13805 0
      vertex 18.4509 6.07172 4
      vertex 18.575 6.13805 4
    endloop
  endfacet
  facet normal -0.471381 0.88193 0
    outer loop
      vertex 18.4509 6.07172 4
      vertex 18.575 6.13805 0
      vertex 18.4509 6.07172 0
    endloop
  endfacet
  facet normal -0.729792 0.683669 0
    outer loop
      vertex 19.0203 6.47972 0
      vertex 19.1165 6.58241 4
      vertex 19.1165 6.58241 0
    endloop
  endfacet
  facet normal -0.729792 0.683669 0
    outer loop
      vertex 19.1165 6.58241 4
      vertex 19.0203 6.47972 0
      vertex 19.0203 6.47972 4
    endloop
  endfacet
  facet normal -0.634224 0.773149 0
    outer loop
      vertex 18.9176 6.38354 0
      vertex 18.8088 6.29429 4
      vertex 18.9176 6.38354 4
    endloop
  endfacet
  facet normal -0.634224 0.773149 0
    outer loop
      vertex 18.8088 6.29429 4
      vertex 18.9176 6.38354 0
      vertex 18.8088 6.29429 0
    endloop
  endfacet
  facet normal 0.0326994 0.999465 -0
    outer loop
      vertex 17.5 5.85 0
      vertex 17.3594 5.8546 4
      vertex 17.5 5.85 4
    endloop
  endfacet
  facet normal 0.0326994 0.999465 0
    outer loop
      vertex 17.3594 5.8546 4
      vertex 17.5 5.85 0
      vertex 17.3594 5.8546 0
    endloop
  endfacet
  facet normal 0.582683 0.812699 -0
    outer loop
      vertex 16.3055 6.21234 0
      vertex 16.1912 6.29429 4
      vertex 16.3055 6.21234 4
    endloop
  endfacet
  facet normal 0.582683 0.812699 0
    outer loop
      vertex 16.1912 6.29429 4
      vertex 16.3055 6.21234 0
      vertex 16.1912 6.29429 0
    endloop
  endfacet
  facet normal 0.412817 0.910814 -0
    outer loop
      vertex 16.6772 6.01366 0
      vertex 16.5491 6.07172 4
      vertex 16.6772 6.01366 4
    endloop
  endfacet
  facet normal 0.412817 0.910814 0
    outer loop
      vertex 16.5491 6.07172 4
      vertex 16.6772 6.01366 0
      vertex 16.5491 6.07172 0
    endloop
  endfacet
  facet normal 0.22696 0.973904 -0
    outer loop
      vertex 17.0806 5.89131 0
      vertex 16.9435 5.92326 4
      vertex 17.0806 5.89131 4
    endloop
  endfacet
  facet normal 0.22696 0.973904 0
    outer loop
      vertex 16.9435 5.92326 4
      vertex 17.0806 5.89131 0
      vertex 16.9435 5.92326 0
    endloop
  endfacet
  facet normal 0.935805 0.352517 0
    outer loop
      vertex 15.5137 7.17723 4
      vertex 15.4641 7.3089 0
      vertex 15.4641 7.3089 4
    endloop
  endfacet
  facet normal 0.935805 0.352517 0
    outer loop
      vertex 15.4641 7.3089 0
      vertex 15.5137 7.17723 4
      vertex 15.5137 7.17723 0
    endloop
  endfacet
  facet normal 0.957024 0.290007 0
    outer loop
      vertex 15.4641 7.3089 4
      vertex 15.4233 7.44354 0
      vertex 15.4233 7.44354 4
    endloop
  endfacet
  facet normal 0.957024 0.290007 0
    outer loop
      vertex 15.4233 7.44354 0
      vertex 15.4641 7.3089 4
      vertex 15.4641 7.3089 0
    endloop
  endfacet
  facet normal 0.849194 0.528081 0
    outer loop
      vertex 15.7123 6.80552 4
      vertex 15.638 6.925 0
      vertex 15.638 6.925 4
    endloop
  endfacet
  facet normal 0.849194 0.528081 0
    outer loop
      vertex 15.638 6.925 0
      vertex 15.7123 6.80552 4
      vertex 15.7123 6.80552 0
    endloop
  endfacet
  facet normal 0.881987 0.471274 0
    outer loop
      vertex 15.638 6.925 4
      vertex 15.5717 7.04908 0
      vertex 15.5717 7.04908 4
    endloop
  endfacet
  facet normal 0.881987 0.471274 0
    outer loop
      vertex 15.5717 7.04908 0
      vertex 15.638 6.925 4
      vertex 15.638 6.925 0
    endloop
  endfacet
  facet normal -0.22696 0.973904 0
    outer loop
      vertex 18.0565 5.92326 0
      vertex 17.9194 5.89131 4
      vertex 18.0565 5.92326 4
    endloop
  endfacet
  facet normal -0.22696 0.973904 0
    outer loop
      vertex 17.9194 5.89131 4
      vertex 18.0565 5.92326 0
      vertex 17.9194 5.89131 0
    endloop
  endfacet
  facet normal -0.582683 0.812699 0
    outer loop
      vertex 18.8088 6.29429 0
      vertex 18.6945 6.21234 4
      vertex 18.8088 6.29429 4
    endloop
  endfacet
  facet normal -0.582683 0.812699 0
    outer loop
      vertex 18.6945 6.21234 4
      vertex 18.8088 6.29429 0
      vertex 18.6945 6.21234 0
    endloop
  endfacet
  facet normal 0.527966 0.849266 -0
    outer loop
      vertex 16.425 6.13805 0
      vertex 16.3055 6.21234 4
      vertex 16.425 6.13805 4
    endloop
  endfacet
  facet normal 0.527966 0.849266 0
    outer loop
      vertex 16.3055 6.21234 4
      vertex 16.425 6.13805 0
      vertex 16.3055 6.21234 0
    endloop
  endfacet
  facet normal 0.162923 0.986639 -0
    outer loop
      vertex 17.2194 5.86839 0
      vertex 17.0806 5.89131 4
      vertex 17.2194 5.86839 4
    endloop
  endfacet
  facet normal 0.162923 0.986639 0
    outer loop
      vertex 17.0806 5.89131 4
      vertex 17.2194 5.86839 0
      vertex 17.0806 5.89131 0
    endloop
  endfacet
  facet normal -0.999464 -0.0327305 0
    outer loop
      vertex 5.5 0 0
      vertex 5.48822 0.359716 4
      vertex 5.48822 0.359716 0
    endloop
  endfacet
  facet normal -0.999464 -0.0327305 0
    outer loop
      vertex 5.48822 0.359716 4
      vertex 5.5 0 0
      vertex 5.5 0 4
    endloop
  endfacet
  facet normal 0.999464 -0.0327305 0
    outer loop
      vertex -5.5 0 4
      vertex -5.48822 0.359716 0
      vertex -5.48822 0.359716 4
    endloop
  endfacet
  facet normal 0.999464 -0.0327305 0
    outer loop
      vertex -5.48822 0.359716 0
      vertex -5.5 0 4
      vertex -5.5 0 0
    endloop
  endfacet
  facet normal -0.0327305 -0.999464 0
    outer loop
      vertex 0 5.5 0
      vertex 0.359716 5.48822 4
      vertex 0 5.5 4
    endloop
  endfacet
  facet normal -0.0327305 -0.999464 -0
    outer loop
      vertex 0.359716 5.48822 4
      vertex 0 5.5 0
      vertex 0.359716 5.48822 0
    endloop
  endfacet
  facet normal 0.0327305 0.999464 -0
    outer loop
      vertex 0 -5.5 0
      vertex -0.359716 -5.48822 4
      vertex 0 -5.5 4
    endloop
  endfacet
  facet normal 0.0327305 0.999464 0
    outer loop
      vertex -0.359716 -5.48822 4
      vertex 0 -5.5 0
      vertex -0.359716 -5.48822 0
    endloop
  endfacet
  facet normal 0.729872 0.683583 0
    outer loop
      vertex -3.88909 -3.88909 4
      vertex -4.13512 -3.6264 0
      vertex -4.13512 -3.6264 4
    endloop
  endfacet
  facet normal 0.729872 0.683583 0
    outer loop
      vertex -4.13512 -3.6264 0
      vertex -3.88909 -3.88909 4
      vertex -3.88909 -3.88909 0
    endloop
  endfacet
  facet normal -0.683583 -0.729872 0
    outer loop
      vertex 3.6264 4.13512 0
      vertex 3.88909 3.88909 4
      vertex 3.6264 4.13512 4
    endloop
  endfacet
  facet normal -0.683583 -0.729872 -0
    outer loop
      vertex 3.88909 3.88909 4
      vertex 3.6264 4.13512 0
      vertex 3.88909 3.88909 0
    endloop
  endfacet
  facet normal 0.683583 -0.729872 0
    outer loop
      vertex -3.88909 3.88909 0
      vertex -3.6264 4.13512 4
      vertex -3.88909 3.88909 4
    endloop
  endfacet
  facet normal 0.683583 -0.729872 0
    outer loop
      vertex -3.6264 4.13512 4
      vertex -3.88909 3.88909 0
      vertex -3.6264 4.13512 0
    endloop
  endfacet
  facet normal 0.352256 -0.935904 0
    outer loop
      vertex -2.10476 5.08134 0
      vertex -1.76792 5.20812 4
      vertex -2.10476 5.08134 4
    endloop
  endfacet
  facet normal 0.352256 -0.935904 0
    outer loop
      vertex -1.76792 5.20812 4
      vertex -2.10476 5.08134 0
      vertex -1.76792 5.20812 0
    endloop
  endfacet
  facet normal -0.729872 0.683583 0
    outer loop
      vertex 3.88909 -3.88909 0
      vertex 4.13512 -3.6264 4
      vertex 4.13512 -3.6264 0
    endloop
  endfacet
  facet normal -0.729872 0.683583 0
    outer loop
      vertex 4.13512 -3.6264 4
      vertex 3.88909 -3.88909 0
      vertex 3.88909 -3.88909 4
    endloop
  endfacet
  facet normal -0.910862 -0.412712 0
    outer loop
      vertex 5.08134 2.10476 0
      vertex 4.9328 2.43259 4
      vertex 4.9328 2.43259 0
    endloop
  endfacet
  facet normal -0.910862 -0.412712 0
    outer loop
      vertex 4.9328 2.43259 4
      vertex 5.08134 2.10476 0
      vertex 5.08134 2.10476 4
    endloop
  endfacet
  facet normal -0.352256 -0.935904 0
    outer loop
      vertex 1.76792 5.20812 0
      vertex 2.10476 5.08134 4
      vertex 1.76792 5.20812 4
    endloop
  endfacet
  facet normal -0.352256 -0.935904 -0
    outer loop
      vertex 2.10476 5.08134 4
      vertex 1.76792 5.20812 0
      vertex 2.10476 5.08134 0
    endloop
  endfacet
  facet normal -0.52807 -0.849201 0
    outer loop
      vertex 2.75 4.76314 0
      vertex 3.05564 4.57308 4
      vertex 2.75 4.76314 4
    endloop
  endfacet
  facet normal -0.52807 -0.849201 -0
    outer loop
      vertex 3.05564 4.57308 4
      vertex 2.75 4.76314 0
      vertex 3.05564 4.57308 0
    endloop
  endfacet
  facet normal 0.910862 -0.412712 0
    outer loop
      vertex -5.08134 2.10476 4
      vertex -4.9328 2.43259 0
      vertex -4.9328 2.43259 4
    endloop
  endfacet
  facet normal 0.910862 -0.412712 0
    outer loop
      vertex -4.9328 2.43259 0
      vertex -5.08134 2.10476 4
      vertex -5.08134 2.10476 0
    endloop
  endfacet
  facet normal 0.1629 -0.986643 0
    outer loop
      vertex -1.073 5.39432 0
      vertex -0.717894 5.45295 4
      vertex -1.073 5.39432 4
    endloop
  endfacet
  facet normal 0.1629 -0.986643 0
    outer loop
      vertex -0.717894 5.45295 4
      vertex -1.073 5.39432 0
      vertex -0.717894 5.45295 0
    endloop
  endfacet
  facet normal 0.412712 0.910862 -0
    outer loop
      vertex -2.10476 -5.08134 0
      vertex -2.43259 -4.9328 4
      vertex -2.10476 -5.08134 4
    endloop
  endfacet
  facet normal 0.412712 0.910862 0
    outer loop
      vertex -2.43259 -4.9328 4
      vertex -2.10476 -5.08134 0
      vertex -2.43259 -4.9328 0
    endloop
  endfacet
  facet normal -0.973874 -0.227089 0
    outer loop
      vertex 5.39432 1.073 0
      vertex 5.31259 1.4235 4
      vertex 5.31259 1.4235 0
    endloop
  endfacet
  facet normal -0.973874 -0.227089 0
    outer loop
      vertex 5.31259 1.4235 4
      vertex 5.39432 1.073 0
      vertex 5.39432 1.073 4
    endloop
  endfacet
  facet normal -0.995187 -0.0979966 0
    outer loop
      vertex 5.48822 0.359716 0
      vertex 5.45295 0.717894 4
      vertex 5.45295 0.717894 0
    endloop
  endfacet
  facet normal -0.995187 -0.0979966 0
    outer loop
      vertex 5.45295 0.717894 4
      vertex 5.48822 0.359716 0
      vertex 5.48822 0.359716 4
    endloop
  endfacet
  facet normal -0.956947 -0.290263 0
    outer loop
      vertex 5.31259 1.4235 0
      vertex 5.20812 1.76792 4
      vertex 5.20812 1.76792 0
    endloop
  endfacet
  facet normal -0.956947 -0.290263 0
    outer loop
      vertex 5.20812 1.76792 4
      vertex 5.31259 1.4235 0
      vertex 5.31259 1.4235 4
    endloop
  endfacet
  facet normal -0.812845 -0.582481 0
    outer loop
      vertex 4.57308 3.05564 0
      vertex 4.36344 3.34819 4
      vertex 4.36344 3.34819 0
    endloop
  endfacet
  facet normal -0.812845 -0.582481 0
    outer loop
      vertex 4.36344 3.34819 4
      vertex 4.57308 3.05564 0
      vertex 4.57308 3.05564 4
    endloop
  endfacet
  facet normal -0.773012 -0.634392 0
    outer loop
      vertex 4.36344 3.34819 0
      vertex 4.13512 3.6264 4
      vertex 4.13512 3.6264 0
    endloop
  endfacet
  facet normal -0.773012 -0.634392 0
    outer loop
      vertex 4.13512 3.6264 4
      vertex 4.36344 3.34819 0
      vertex 4.36344 3.34819 4
    endloop
  endfacet
  facet normal -0.88192 -0.471399 0
    outer loop
      vertex 4.9328 2.43259 0
      vertex 4.76314 2.75 4
      vertex 4.76314 2.75 0
    endloop
  endfacet
  facet normal -0.88192 -0.471399 0
    outer loop
      vertex 4.76314 2.75 4
      vertex 4.9328 2.43259 0
      vertex 4.9328 2.43259 4
    endloop
  endfacet
  facet normal -0.1629 -0.986643 0
    outer loop
      vertex 0.717894 5.45295 0
      vertex 1.073 5.39432 4
      vertex 0.717894 5.45295 4
    endloop
  endfacet
  facet normal -0.1629 -0.986643 -0
    outer loop
      vertex 1.073 5.39432 4
      vertex 0.717894 5.45295 0
      vertex 1.073 5.39432 0
    endloop
  endfacet
  facet normal -0.0979966 -0.995187 0
    outer loop
      vertex 0.359716 5.48822 0
      vertex 0.717894 5.45295 4
      vertex 0.359716 5.48822 4
    endloop
  endfacet
  facet normal -0.0979966 -0.995187 -0
    outer loop
      vertex 0.717894 5.45295 4
      vertex 0.359716 5.48822 0
      vertex 0.717894 5.45295 0
    endloop
  endfacet
  facet normal -0.471399 -0.88192 0
    outer loop
      vertex 2.43259 4.9328 0
      vertex 2.75 4.76314 4
      vertex 2.43259 4.9328 4
    endloop
  endfacet
  facet normal -0.471399 -0.88192 -0
    outer loop
      vertex 2.75 4.76314 4
      vertex 2.43259 4.9328 0
      vertex 2.75 4.76314 0
    endloop
  endfacet
  facet normal -0.634392 -0.773012 0
    outer loop
      vertex 3.34819 4.36344 0
      vertex 3.6264 4.13512 4
      vertex 3.34819 4.36344 4
    endloop
  endfacet
  facet normal -0.634392 -0.773012 -0
    outer loop
      vertex 3.6264 4.13512 4
      vertex 3.34819 4.36344 0
      vertex 3.6264 4.13512 0
    endloop
  endfacet
  facet normal 0.973874 -0.227089 0
    outer loop
      vertex -5.39432 1.073 4
      vertex -5.31259 1.4235 0
      vertex -5.31259 1.4235 4
    endloop
  endfacet
  facet normal 0.973874 -0.227089 0
    outer loop
      vertex -5.31259 1.4235 0
      vertex -5.39432 1.073 4
      vertex -5.39432 1.073 0
    endloop
  endfacet
  facet normal 0.812845 -0.582481 0
    outer loop
      vertex -4.57308 3.05564 4
      vertex -4.36344 3.34819 0
      vertex -4.36344 3.34819 4
    endloop
  endfacet
  facet normal 0.812845 -0.582481 0
    outer loop
      vertex -4.36344 3.34819 0
      vertex -4.57308 3.05564 4
      vertex -4.57308 3.05564 0
    endloop
  endfacet
  facet normal 0.729872 -0.683583 0
    outer loop
      vertex -4.13512 3.6264 4
      vertex -3.88909 3.88909 0
      vertex -3.88909 3.88909 4
    endloop
  endfacet
  facet normal 0.729872 -0.683583 0
    outer loop
      vertex -3.88909 3.88909 0
      vertex -4.13512 3.6264 4
      vertex -4.13512 3.6264 0
    endloop
  endfacet
  facet normal 0.849201 -0.52807 0
    outer loop
      vertex -4.76314 2.75 4
      vertex -4.57308 3.05564 0
      vertex -4.57308 3.05564 4
    endloop
  endfacet
  facet normal 0.849201 -0.52807 0
    outer loop
      vertex -4.57308 3.05564 0
      vertex -4.76314 2.75 4
      vertex -4.76314 2.75 0
    endloop
  endfacet
  facet normal 0.935904 -0.352256 0
    outer loop
      vertex -5.20812 1.76792 4
      vertex -5.08134 2.10476 0
      vertex -5.08134 2.10476 4
    endloop
  endfacet
  facet normal 0.935904 -0.352256 0
    outer loop
      vertex -5.08134 2.10476 0
      vertex -5.20812 1.76792 4
      vertex -5.20812 1.76792 0
    endloop
  endfacet
  facet normal 0.986643 -0.1629 0
    outer loop
      vertex -5.45295 0.717894 4
      vertex -5.39432 1.073 0
      vertex -5.39432 1.073 4
    endloop
  endfacet
  facet normal 0.986643 -0.1629 0
    outer loop
      vertex -5.39432 1.073 0
      vertex -5.45295 0.717894 4
      vertex -5.45295 0.717894 0
    endloop
  endfacet
  facet normal 0.52807 -0.849201 0
    outer loop
      vertex -3.05564 4.57308 0
      vertex -2.75 4.76314 4
      vertex -3.05564 4.57308 4
    endloop
  endfacet
  facet normal 0.52807 -0.849201 0
    outer loop
      vertex -2.75 4.76314 4
      vertex -3.05564 4.57308 0
      vertex -2.75 4.76314 0
    endloop
  endfacet
  facet normal 0.0979966 -0.995187 0
    outer loop
      vertex -0.717894 5.45295 0
      vertex -0.359716 5.48822 4
      vertex -0.717894 5.45295 4
    endloop
  endfacet
  facet normal 0.0979966 -0.995187 0
    outer loop
      vertex -0.359716 5.48822 4
      vertex -0.717894 5.45295 0
      vertex -0.359716 5.48822 0
    endloop
  endfacet
  facet normal -0.582481 0.812845 0
    outer loop
      vertex 3.34819 -4.36344 0
      vertex 3.05564 -4.57308 4
      vertex 3.34819 -4.36344 4
    endloop
  endfacet
  facet normal -0.582481 0.812845 0
    outer loop
      vertex 3.05564 -4.57308 4
      vertex 3.34819 -4.36344 0
      vertex 3.05564 -4.57308 0
    endloop
  endfacet
  facet normal -0.634392 0.773012 0
    outer loop
      vertex 3.6264 -4.13512 0
      vertex 3.34819 -4.36344 4
      vertex 3.6264 -4.13512 4
    endloop
  endfacet
  facet normal -0.634392 0.773012 0
    outer loop
      vertex 3.34819 -4.36344 4
      vertex 3.6264 -4.13512 0
      vertex 3.34819 -4.36344 0
    endloop
  endfacet
  facet normal -0.773012 0.634392 0
    outer loop
      vertex 4.13512 -3.6264 0
      vertex 4.36344 -3.34819 4
      vertex 4.36344 -3.34819 0
    endloop
  endfacet
  facet normal -0.773012 0.634392 0
    outer loop
      vertex 4.36344 -3.34819 4
      vertex 4.13512 -3.6264 0
      vertex 4.13512 -3.6264 4
    endloop
  endfacet
  facet normal -0.88192 0.471399 0
    outer loop
      vertex 4.76314 -2.75 0
      vertex 4.9328 -2.43259 4
      vertex 4.9328 -2.43259 0
    endloop
  endfacet
  facet normal -0.88192 0.471399 0
    outer loop
      vertex 4.9328 -2.43259 4
      vertex 4.76314 -2.75 0
      vertex 4.76314 -2.75 4
    endloop
  endfacet
  facet normal -0.995187 0.0979966 0
    outer loop
      vertex 5.45295 -0.717894 0
      vertex 5.48822 -0.359716 4
      vertex 5.48822 -0.359716 0
    endloop
  endfacet
  facet normal -0.995187 0.0979966 0
    outer loop
      vertex 5.48822 -0.359716 4
      vertex 5.45295 -0.717894 0
      vertex 5.45295 -0.717894 4
    endloop
  endfacet
  facet normal 0.683583 0.729872 -0
    outer loop
      vertex -3.6264 -4.13512 0
      vertex -3.88909 -3.88909 4
      vertex -3.6264 -4.13512 4
    endloop
  endfacet
  facet normal 0.683583 0.729872 0
    outer loop
      vertex -3.88909 -3.88909 4
      vertex -3.6264 -4.13512 0
      vertex -3.88909 -3.88909 0
    endloop
  endfacet
  facet normal 0.52807 0.849201 -0
    outer loop
      vertex -2.75 -4.76314 0
      vertex -3.05564 -4.57308 4
      vertex -2.75 -4.76314 4
    endloop
  endfacet
  facet normal 0.52807 0.849201 0
    outer loop
      vertex -3.05564 -4.57308 4
      vertex -2.75 -4.76314 0
      vertex -3.05564 -4.57308 0
    endloop
  endfacet
  facet normal 0.352256 0.935904 -0
    outer loop
      vertex -1.76792 -5.20812 0
      vertex -2.10476 -5.08134 4
      vertex -1.76792 -5.20812 4
    endloop
  endfacet
  facet normal 0.352256 0.935904 0
    outer loop
      vertex -2.10476 -5.08134 4
      vertex -1.76792 -5.20812 0
      vertex -2.10476 -5.08134 0
    endloop
  endfacet
  facet normal 0.1629 0.986643 -0
    outer loop
      vertex -0.717894 -5.45295 0
      vertex -1.073 -5.39432 4
      vertex -0.717894 -5.45295 4
    endloop
  endfacet
  facet normal 0.1629 0.986643 0
    outer loop
      vertex -1.073 -5.39432 4
      vertex -0.717894 -5.45295 0
      vertex -1.073 -5.39432 0
    endloop
  endfacet
  facet normal -0.986643 -0.1629 0
    outer loop
      vertex 5.45295 0.717894 0
      vertex 5.39432 1.073 4
      vertex 5.39432 1.073 0
    endloop
  endfacet
  facet normal -0.986643 -0.1629 0
    outer loop
      vertex 5.39432 1.073 4
      vertex 5.45295 0.717894 0
      vertex 5.45295 0.717894 4
    endloop
  endfacet
  facet normal -0.935904 -0.352256 0
    outer loop
      vertex 5.20812 1.76792 0
      vertex 5.08134 2.10476 4
      vertex 5.08134 2.10476 0
    endloop
  endfacet
  facet normal -0.935904 -0.352256 0
    outer loop
      vertex 5.08134 2.10476 4
      vertex 5.20812 1.76792 0
      vertex 5.20812 1.76792 4
    endloop
  endfacet
  facet normal -0.729872 -0.683583 0
    outer loop
      vertex 4.13512 3.6264 0
      vertex 3.88909 3.88909 4
      vertex 3.88909 3.88909 0
    endloop
  endfacet
  facet normal -0.729872 -0.683583 0
    outer loop
      vertex 3.88909 3.88909 4
      vertex 4.13512 3.6264 0
      vertex 4.13512 3.6264 4
    endloop
  endfacet
  facet normal -0.849201 -0.52807 0
    outer loop
      vertex 4.76314 2.75 0
      vertex 4.57308 3.05564 4
      vertex 4.57308 3.05564 0
    endloop
  endfacet
  facet normal -0.849201 -0.52807 0
    outer loop
      vertex 4.57308 3.05564 4
      vertex 4.76314 2.75 0
      vertex 4.76314 2.75 4
    endloop
  endfacet
  facet normal -0.227089 -0.973874 0
    outer loop
      vertex 1.073 5.39432 0
      vertex 1.4235 5.31259 4
      vertex 1.073 5.39432 4
    endloop
  endfacet
  facet normal -0.227089 -0.973874 -0
    outer loop
      vertex 1.4235 5.31259 4
      vertex 1.073 5.39432 0
      vertex 1.4235 5.31259 0
    endloop
  endfacet
  facet normal -0.290263 -0.956947 0
    outer loop
      vertex 1.4235 5.31259 0
      vertex 1.76792 5.20812 4
      vertex 1.4235 5.31259 4
    endloop
  endfacet
  facet normal -0.290263 -0.956947 -0
    outer loop
      vertex 1.76792 5.20812 4
      vertex 1.4235 5.31259 0
      vertex 1.76792 5.20812 0
    endloop
  endfacet
  facet normal -0.412712 -0.910862 0
    outer loop
      vertex 2.10476 5.08134 0
      vertex 2.43259 4.9328 4
      vertex 2.10476 5.08134 4
    endloop
  endfacet
  facet normal -0.412712 -0.910862 -0
    outer loop
      vertex 2.43259 4.9328 4
      vertex 2.10476 5.08134 0
      vertex 2.43259 4.9328 0
    endloop
  endfacet
  facet normal -0.582481 -0.812845 0
    outer loop
      vertex 3.05564 4.57308 0
      vertex 3.34819 4.36344 4
      vertex 3.05564 4.57308 4
    endloop
  endfacet
  facet normal -0.582481 -0.812845 -0
    outer loop
      vertex 3.34819 4.36344 4
      vertex 3.05564 4.57308 0
      vertex 3.34819 4.36344 0
    endloop
  endfacet
  facet normal 0.773012 -0.634392 0
    outer loop
      vertex -4.36344 3.34819 4
      vertex -4.13512 3.6264 0
      vertex -4.13512 3.6264 4
    endloop
  endfacet
  facet normal 0.773012 -0.634392 0
    outer loop
      vertex -4.13512 3.6264 0
      vertex -4.36344 3.34819 4
      vertex -4.36344 3.34819 0
    endloop
  endfacet
  facet normal 0.88192 -0.471399 0
    outer loop
      vertex -4.9328 2.43259 4
      vertex -4.76314 2.75 0
      vertex -4.76314 2.75 4
    endloop
  endfacet
  facet normal 0.88192 -0.471399 0
    outer loop
      vertex -4.76314 2.75 0
      vertex -4.9328 2.43259 4
      vertex -4.9328 2.43259 0
    endloop
  endfacet
  facet normal 0.956947 -0.290263 0
    outer loop
      vertex -5.31259 1.4235 4
      vertex -5.20812 1.76792 0
      vertex -5.20812 1.76792 4
    endloop
  endfacet
  facet normal 0.956947 -0.290263 0
    outer loop
      vertex -5.20812 1.76792 0
      vertex -5.31259 1.4235 4
      vertex -5.31259 1.4235 0
    endloop
  endfacet
  facet normal 0.995187 -0.0979966 0
    outer loop
      vertex -5.48822 0.359716 4
      vertex -5.45295 0.717894 0
      vertex -5.45295 0.717894 4
    endloop
  endfacet
  facet normal 0.995187 -0.0979966 0
    outer loop
      vertex -5.45295 0.717894 0
      vertex -5.48822 0.359716 4
      vertex -5.48822 0.359716 0
    endloop
  endfacet
  facet normal 0.471399 -0.88192 0
    outer loop
      vertex -2.75 4.76314 0
      vertex -2.43259 4.9328 4
      vertex -2.75 4.76314 4
    endloop
  endfacet
  facet normal 0.471399 -0.88192 0
    outer loop
      vertex -2.43259 4.9328 4
      vertex -2.75 4.76314 0
      vertex -2.43259 4.9328 0
    endloop
  endfacet
  facet normal 0.412712 -0.910862 0
    outer loop
      vertex -2.43259 4.9328 0
      vertex -2.10476 5.08134 4
      vertex -2.43259 4.9328 4
    endloop
  endfacet
  facet normal 0.412712 -0.910862 0
    outer loop
      vertex -2.10476 5.08134 4
      vertex -2.43259 4.9328 0
      vertex -2.10476 5.08134 0
    endloop
  endfacet
  facet normal 0.582481 -0.812845 0
    outer loop
      vertex -3.34819 4.36344 0
      vertex -3.05564 4.57308 4
      vertex -3.34819 4.36344 4
    endloop
  endfacet
  facet normal 0.582481 -0.812845 0
    outer loop
      vertex -3.05564 4.57308 4
      vertex -3.34819 4.36344 0
      vertex -3.05564 4.57308 0
    endloop
  endfacet
  facet normal 0.634392 -0.773012 0
    outer loop
      vertex -3.6264 4.13512 0
      vertex -3.34819 4.36344 4
      vertex -3.6264 4.13512 4
    endloop
  endfacet
  facet normal 0.634392 -0.773012 0
    outer loop
      vertex -3.34819 4.36344 4
      vertex -3.6264 4.13512 0
      vertex -3.34819 4.36344 0
    endloop
  endfacet
  facet normal 0.227089 -0.973874 0
    outer loop
      vertex -1.4235 5.31259 0
      vertex -1.073 5.39432 4
      vertex -1.4235 5.31259 4
    endloop
  endfacet
  facet normal 0.227089 -0.973874 0
    outer loop
      vertex -1.073 5.39432 4
      vertex -1.4235 5.31259 0
      vertex -1.073 5.39432 0
    endloop
  endfacet
  facet normal 0.290263 -0.956947 0
    outer loop
      vertex -1.76792 5.20812 0
      vertex -1.4235 5.31259 4
      vertex -1.76792 5.20812 4
    endloop
  endfacet
  facet normal 0.290263 -0.956947 0
    outer loop
      vertex -1.4235 5.31259 4
      vertex -1.76792 5.20812 0
      vertex -1.4235 5.31259 0
    endloop
  endfacet
  facet normal 0.0327305 -0.999464 0
    outer loop
      vertex -0.359716 5.48822 0
      vertex 0 5.5 4
      vertex -0.359716 5.48822 4
    endloop
  endfacet
  facet normal 0.0327305 -0.999464 0
    outer loop
      vertex 0 5.5 4
      vertex -0.359716 5.48822 0
      vertex 0 5.5 0
    endloop
  endfacet
  facet normal -0.999464 0.0327305 0
    outer loop
      vertex 5.48822 -0.359716 0
      vertex 5.5 0 4
      vertex 5.5 0 0
    endloop
  endfacet
  facet normal -0.999464 0.0327305 0
    outer loop
      vertex 5.5 0 4
      vertex 5.48822 -0.359716 0
      vertex 5.48822 -0.359716 4
    endloop
  endfacet
  facet normal -0.0327305 0.999464 0
    outer loop
      vertex 0.359716 -5.48822 0
      vertex 0 -5.5 4
      vertex 0.359716 -5.48822 4
    endloop
  endfacet
  facet normal -0.0327305 0.999464 0
    outer loop
      vertex 0 -5.5 4
      vertex 0.359716 -5.48822 0
      vertex 0 -5.5 0
    endloop
  endfacet
  facet normal -0.1629 0.986643 0
    outer loop
      vertex 1.073 -5.39432 0
      vertex 0.717894 -5.45295 4
      vertex 1.073 -5.39432 4
    endloop
  endfacet
  facet normal -0.1629 0.986643 0
    outer loop
      vertex 0.717894 -5.45295 4
      vertex 1.073 -5.39432 0
      vertex 0.717894 -5.45295 0
    endloop
  endfacet
  facet normal -0.352256 0.935904 0
    outer loop
      vertex 2.10476 -5.08134 0
      vertex 1.76792 -5.20812 4
      vertex 2.10476 -5.08134 4
    endloop
  endfacet
  facet normal -0.352256 0.935904 0
    outer loop
      vertex 1.76792 -5.20812 4
      vertex 2.10476 -5.08134 0
      vertex 1.76792 -5.20812 0
    endloop
  endfacet
  facet normal -0.227089 0.973874 0
    outer loop
      vertex 1.4235 -5.31259 0
      vertex 1.073 -5.39432 4
      vertex 1.4235 -5.31259 4
    endloop
  endfacet
  facet normal -0.227089 0.973874 0
    outer loop
      vertex 1.073 -5.39432 4
      vertex 1.4235 -5.31259 0
      vertex 1.073 -5.39432 0
    endloop
  endfacet
  facet normal -0.683583 0.729872 0
    outer loop
      vertex 3.88909 -3.88909 0
      vertex 3.6264 -4.13512 4
      vertex 3.88909 -3.88909 4
    endloop
  endfacet
  facet normal -0.683583 0.729872 0
    outer loop
      vertex 3.6264 -4.13512 4
      vertex 3.88909 -3.88909 0
      vertex 3.6264 -4.13512 0
    endloop
  endfacet
  facet normal -0.52807 0.849201 0
    outer loop
      vertex 3.05564 -4.57308 0
      vertex 2.75 -4.76314 4
      vertex 3.05564 -4.57308 4
    endloop
  endfacet
  facet normal -0.52807 0.849201 0
    outer loop
      vertex 2.75 -4.76314 4
      vertex 3.05564 -4.57308 0
      vertex 2.75 -4.76314 0
    endloop
  endfacet
  facet normal -0.412712 0.910862 0
    outer loop
      vertex 2.43259 -4.9328 0
      vertex 2.10476 -5.08134 4
      vertex 2.43259 -4.9328 4
    endloop
  endfacet
  facet normal -0.412712 0.910862 0
    outer loop
      vertex 2.10476 -5.08134 4
      vertex 2.43259 -4.9328 0
      vertex 2.10476 -5.08134 0
    endloop
  endfacet
  facet normal -0.812845 0.582481 0
    outer loop
      vertex 4.36344 -3.34819 0
      vertex 4.57308 -3.05564 4
      vertex 4.57308 -3.05564 0
    endloop
  endfacet
  facet normal -0.812845 0.582481 0
    outer loop
      vertex 4.57308 -3.05564 4
      vertex 4.36344 -3.34819 0
      vertex 4.36344 -3.34819 4
    endloop
  endfacet
  facet normal -0.910862 0.412712 0
    outer loop
      vertex 4.9328 -2.43259 0
      vertex 5.08134 -2.10476 4
      vertex 5.08134 -2.10476 0
    endloop
  endfacet
  facet normal -0.910862 0.412712 0
    outer loop
      vertex 5.08134 -2.10476 4
      vertex 4.9328 -2.43259 0
      vertex 4.9328 -2.43259 4
    endloop
  endfacet
  facet normal -0.956947 0.290263 0
    outer loop
      vertex 5.20812 -1.76792 0
      vertex 5.31259 -1.4235 4
      vertex 5.31259 -1.4235 0
    endloop
  endfacet
  facet normal -0.956947 0.290263 0
    outer loop
      vertex 5.31259 -1.4235 4
      vertex 5.20812 -1.76792 0
      vertex 5.20812 -1.76792 4
    endloop
  endfacet
  facet normal -0.986643 0.1629 0
    outer loop
      vertex 5.39432 -1.073 0
      vertex 5.45295 -0.717894 4
      vertex 5.45295 -0.717894 0
    endloop
  endfacet
  facet normal -0.986643 0.1629 0
    outer loop
      vertex 5.45295 -0.717894 4
      vertex 5.39432 -1.073 0
      vertex 5.39432 -1.073 4
    endloop
  endfacet
  facet normal 0.634392 0.773012 -0
    outer loop
      vertex -3.34819 -4.36344 0
      vertex -3.6264 -4.13512 4
      vertex -3.34819 -4.36344 4
    endloop
  endfacet
  facet normal 0.634392 0.773012 0
    outer loop
      vertex -3.6264 -4.13512 4
      vertex -3.34819 -4.36344 0
      vertex -3.6264 -4.13512 0
    endloop
  endfacet
  facet normal 0.471399 0.88192 -0
    outer loop
      vertex -2.43259 -4.9328 0
      vertex -2.75 -4.76314 4
      vertex -2.43259 -4.9328 4
    endloop
  endfacet
  facet normal 0.471399 0.88192 0
    outer loop
      vertex -2.75 -4.76314 4
      vertex -2.43259 -4.9328 0
      vertex -2.75 -4.76314 0
    endloop
  endfacet
  facet normal 0.290263 0.956947 -0
    outer loop
      vertex -1.4235 -5.31259 0
      vertex -1.76792 -5.20812 4
      vertex -1.4235 -5.31259 4
    endloop
  endfacet
  facet normal 0.290263 0.956947 0
    outer loop
      vertex -1.76792 -5.20812 4
      vertex -1.4235 -5.31259 0
      vertex -1.76792 -5.20812 0
    endloop
  endfacet
  facet normal 0.0979966 0.995187 -0
    outer loop
      vertex -0.359716 -5.48822 0
      vertex -0.717894 -5.45295 4
      vertex -0.359716 -5.48822 4
    endloop
  endfacet
  facet normal 0.0979966 0.995187 0
    outer loop
      vertex -0.717894 -5.45295 4
      vertex -0.359716 -5.48822 0
      vertex -0.717894 -5.45295 0
    endloop
  endfacet
  facet normal 0.849201 0.52807 0
    outer loop
      vertex -4.57308 -3.05564 4
      vertex -4.76314 -2.75 0
      vertex -4.76314 -2.75 4
    endloop
  endfacet
  facet normal 0.849201 0.52807 0
    outer loop
      vertex -4.76314 -2.75 0
      vertex -4.57308 -3.05564 4
      vertex -4.57308 -3.05564 0
    endloop
  endfacet
  facet normal 0.910862 0.412712 0
    outer loop
      vertex -4.9328 -2.43259 4
      vertex -5.08134 -2.10476 0
      vertex -5.08134 -2.10476 4
    endloop
  endfacet
  facet normal 0.910862 0.412712 0
    outer loop
      vertex -5.08134 -2.10476 0
      vertex -4.9328 -2.43259 4
      vertex -4.9328 -2.43259 0
    endloop
  endfacet
  facet normal 0.88192 0.471399 0
    outer loop
      vertex -4.76314 -2.75 4
      vertex -4.9328 -2.43259 0
      vertex -4.9328 -2.43259 4
    endloop
  endfacet
  facet normal 0.88192 0.471399 0
    outer loop
      vertex -4.9328 -2.43259 0
      vertex -4.76314 -2.75 4
      vertex -4.76314 -2.75 0
    endloop
  endfacet
  facet normal 0.773012 0.634392 0
    outer loop
      vertex -4.13512 -3.6264 4
      vertex -4.36344 -3.34819 0
      vertex -4.36344 -3.34819 4
    endloop
  endfacet
  facet normal 0.773012 0.634392 0
    outer loop
      vertex -4.36344 -3.34819 0
      vertex -4.13512 -3.6264 4
      vertex -4.13512 -3.6264 0
    endloop
  endfacet
  facet normal 0.812845 0.582481 0
    outer loop
      vertex -4.36344 -3.34819 4
      vertex -4.57308 -3.05564 0
      vertex -4.57308 -3.05564 4
    endloop
  endfacet
  facet normal 0.812845 0.582481 0
    outer loop
      vertex -4.57308 -3.05564 0
      vertex -4.36344 -3.34819 4
      vertex -4.36344 -3.34819 0
    endloop
  endfacet
  facet normal 0.935904 0.352256 0
    outer loop
      vertex -5.08134 -2.10476 4
      vertex -5.20812 -1.76792 0
      vertex -5.20812 -1.76792 4
    endloop
  endfacet
  facet normal 0.935904 0.352256 0
    outer loop
      vertex -5.20812 -1.76792 0
      vertex -5.08134 -2.10476 4
      vertex -5.08134 -2.10476 0
    endloop
  endfacet
  facet normal 0.973874 0.227089 0
    outer loop
      vertex -5.31259 -1.4235 4
      vertex -5.39432 -1.073 0
      vertex -5.39432 -1.073 4
    endloop
  endfacet
  facet normal 0.973874 0.227089 0
    outer loop
      vertex -5.39432 -1.073 0
      vertex -5.31259 -1.4235 4
      vertex -5.31259 -1.4235 0
    endloop
  endfacet
  facet normal 0.956947 0.290263 0
    outer loop
      vertex -5.20812 -1.76792 4
      vertex -5.31259 -1.4235 0
      vertex -5.31259 -1.4235 4
    endloop
  endfacet
  facet normal 0.956947 0.290263 0
    outer loop
      vertex -5.31259 -1.4235 0
      vertex -5.20812 -1.76792 4
      vertex -5.20812 -1.76792 0
    endloop
  endfacet
  facet normal 0.986643 0.1629 0
    outer loop
      vertex -5.39432 -1.073 4
      vertex -5.45295 -0.717894 0
      vertex -5.45295 -0.717894 4
    endloop
  endfacet
  facet normal 0.986643 0.1629 0
    outer loop
      vertex -5.45295 -0.717894 0
      vertex -5.39432 -1.073 4
      vertex -5.39432 -1.073 0
    endloop
  endfacet
  facet normal 0.999464 0.0327305 0
    outer loop
      vertex -5.48822 -0.359716 4
      vertex -5.5 0 0
      vertex -5.5 0 4
    endloop
  endfacet
  facet normal 0.999464 0.0327305 0
    outer loop
      vertex -5.5 0 0
      vertex -5.48822 -0.359716 4
      vertex -5.48822 -0.359716 0
    endloop
  endfacet
  facet normal -0.0979966 0.995187 0
    outer loop
      vertex 0.717894 -5.45295 0
      vertex 0.359716 -5.48822 4
      vertex 0.717894 -5.45295 4
    endloop
  endfacet
  facet normal -0.0979966 0.995187 0
    outer loop
      vertex 0.359716 -5.48822 4
      vertex 0.717894 -5.45295 0
      vertex 0.359716 -5.48822 0
    endloop
  endfacet
  facet normal -0.290263 0.956947 0
    outer loop
      vertex 1.76792 -5.20812 0
      vertex 1.4235 -5.31259 4
      vertex 1.76792 -5.20812 4
    endloop
  endfacet
  facet normal -0.290263 0.956947 0
    outer loop
      vertex 1.4235 -5.31259 4
      vertex 1.76792 -5.20812 0
      vertex 1.4235 -5.31259 0
    endloop
  endfacet
  facet normal -0.471399 0.88192 0
    outer loop
      vertex 2.75 -4.76314 0
      vertex 2.43259 -4.9328 4
      vertex 2.75 -4.76314 4
    endloop
  endfacet
  facet normal -0.471399 0.88192 0
    outer loop
      vertex 2.43259 -4.9328 4
      vertex 2.75 -4.76314 0
      vertex 2.43259 -4.9328 0
    endloop
  endfacet
  facet normal -0.849201 0.52807 0
    outer loop
      vertex 4.57308 -3.05564 0
      vertex 4.76314 -2.75 4
      vertex 4.76314 -2.75 0
    endloop
  endfacet
  facet normal -0.849201 0.52807 0
    outer loop
      vertex 4.76314 -2.75 4
      vertex 4.57308 -3.05564 0
      vertex 4.57308 -3.05564 4
    endloop
  endfacet
  facet normal -0.935904 0.352256 0
    outer loop
      vertex 5.08134 -2.10476 0
      vertex 5.20812 -1.76792 4
      vertex 5.20812 -1.76792 0
    endloop
  endfacet
  facet normal -0.935904 0.352256 0
    outer loop
      vertex 5.20812 -1.76792 4
      vertex 5.08134 -2.10476 0
      vertex 5.08134 -2.10476 4
    endloop
  endfacet
  facet normal -0.973874 0.227089 0
    outer loop
      vertex 5.31259 -1.4235 0
      vertex 5.39432 -1.073 4
      vertex 5.39432 -1.073 0
    endloop
  endfacet
  facet normal -0.973874 0.227089 0
    outer loop
      vertex 5.39432 -1.073 4
      vertex 5.31259 -1.4235 0
      vertex 5.31259 -1.4235 4
    endloop
  endfacet
  facet normal 0.582481 0.812845 -0
    outer loop
      vertex -3.05564 -4.57308 0
      vertex -3.34819 -4.36344 4
      vertex -3.05564 -4.57308 4
    endloop
  endfacet
  facet normal 0.582481 0.812845 0
    outer loop
      vertex -3.34819 -4.36344 4
      vertex -3.05564 -4.57308 0
      vertex -3.34819 -4.36344 0
    endloop
  endfacet
  facet normal 0.227089 0.973874 -0
    outer loop
      vertex -1.073 -5.39432 0
      vertex -1.4235 -5.31259 4
      vertex -1.073 -5.39432 4
    endloop
  endfacet
  facet normal 0.227089 0.973874 0
    outer loop
      vertex -1.4235 -5.31259 4
      vertex -1.073 -5.39432 0
      vertex -1.4235 -5.31259 0
    endloop
  endfacet
  facet normal 0.995187 0.0979966 0
    outer loop
      vertex -5.45295 -0.717894 4
      vertex -5.48822 -0.359716 0
      vertex -5.48822 -0.359716 4
    endloop
  endfacet
  facet normal 0.995187 0.0979966 0
    outer loop
      vertex -5.48822 -0.359716 0
      vertex -5.45295 -0.717894 4
      vertex -5.45295 -0.717894 0
    endloop
  endfacet
endsolid OpenSCAD_Model
