solid OpenSCAD_Model
  facet normal -0.683343 -0.730098 0
    outer loop
      vertex 23.0412 23.1984 0
      vertex 23.1224 23.1224 4
      vertex 23.0412 23.1984 4
    endloop
  endfacet
  facet normal -0.683343 -0.730098 -0
    outer loop
      vertex 23.1224 23.1224 4
      vertex 23.0412 23.1984 0
      vertex 23.1224 23.1224 0
    endloop
  endfacet
  facet normal 0.683343 -0.730098 0
    outer loop
      vertex 20.7182 23.1224 0
      vertex 20.7994 23.1984 4
      vertex 20.7182 23.1224 4
    endloop
  endfacet
  facet normal 0.683343 -0.730098 0
    outer loop
      vertex 20.7994 23.1984 4
      vertex 20.7182 23.1224 0
      vertex 20.7994 23.1984 0
    endloop
  endfacet
  facet normal -0.0323571 -0.999476 0
    outer loop
      vertex 21.9203 23.6203 0
      vertex 22.0315 23.6167 4
      vertex 21.9203 23.6203 4
    endloop
  endfacet
  facet normal -0.0323571 -0.999476 -0
    outer loop
      vertex 22.0315 23.6167 4
      vertex 21.9203 23.6203 0
      vertex 22.0315 23.6167 0
    endloop
  endfacet
  facet normal 0.999476 -0.0323571 0
    outer loop
      vertex 20.2203 21.9203 4
      vertex 20.2239 22.0315 0
      vertex 20.2239 22.0315 4
    endloop
  endfacet
  facet normal 0.999476 -0.0323571 0
    outer loop
      vertex 20.2239 22.0315 0
      vertex 20.2203 21.9203 4
      vertex 20.2203 21.9203 0
    endloop
  endfacet
  facet normal 0.910859 -0.412719 0
    outer loop
      vertex 20.3497 22.5709 4
      vertex 20.3956 22.6722 0
      vertex 20.3956 22.6722 4
    endloop
  endfacet
  facet normal 0.910859 -0.412719 0
    outer loop
      vertex 20.3956 22.6722 0
      vertex 20.3497 22.5709 4
      vertex 20.3497 22.5709 0
    endloop
  endfacet
  facet normal -0.352404 -0.935848 0
    outer loop
      vertex 22.4668 23.5301 0
      vertex 22.5709 23.4909 4
      vertex 22.4668 23.5301 4
    endloop
  endfacet
  facet normal -0.352404 -0.935848 -0
    outer loop
      vertex 22.5709 23.4909 4
      vertex 22.4668 23.5301 0
      vertex 22.5709 23.4909 0
    endloop
  endfacet
  facet normal 0.352108 -0.93596 0
    outer loop
      vertex 21.2697 23.4909 0
      vertex 21.3739 23.5301 4
      vertex 21.2697 23.4909 4
    endloop
  endfacet
  facet normal 0.352108 -0.93596 0
    outer loop
      vertex 21.3739 23.5301 4
      vertex 21.2697 23.4909 0
      vertex 21.3739 23.5301 0
    endloop
  endfacet
  facet normal 0.16367 -0.986515 0
    outer loop
      vertex 21.5887 23.5876 0
      vertex 21.6984 23.6058 4
      vertex 21.5887 23.5876 4
    endloop
  endfacet
  facet normal 0.16367 -0.986515 0
    outer loop
      vertex 21.6984 23.6058 4
      vertex 21.5887 23.5876 0
      vertex 21.6984 23.6058 0
    endloop
  endfacet
  facet normal 0.81276 -0.582598 0
    outer loop
      vertex 20.5068 22.8648 4
      vertex 20.5716 22.9552 0
      vertex 20.5716 22.9552 4
    endloop
  endfacet
  facet normal 0.81276 -0.582598 0
    outer loop
      vertex 20.5716 22.9552 0
      vertex 20.5068 22.8648 4
      vertex 20.5068 22.8648 0
    endloop
  endfacet
  facet normal -0.935848 -0.352404 0
    outer loop
      vertex 23.5301 22.4668 0
      vertex 23.4909 22.5709 4
      vertex 23.4909 22.5709 0
    endloop
  endfacet
  facet normal -0.935848 -0.352404 0
    outer loop
      vertex 23.4909 22.5709 4
      vertex 23.5301 22.4668 0
      vertex 23.5301 22.4668 4
    endloop
  endfacet
  facet normal -0.528302 -0.849057 0
    outer loop
      vertex 22.7703 23.3926 0
      vertex 22.8648 23.3338 4
      vertex 22.7703 23.3926 4
    endloop
  endfacet
  facet normal -0.528302 -0.849057 -0
    outer loop
      vertex 22.8648 23.3338 4
      vertex 22.7703 23.3926 0
      vertex 22.8648 23.3338 0
    endloop
  endfacet
  facet normal -0.163525 -0.986539 0
    outer loop
      vertex 22.1422 23.6058 0
      vertex 22.252 23.5876 4
      vertex 22.1422 23.6058 4
    endloop
  endfacet
  facet normal -0.163525 -0.986539 -0
    outer loop
      vertex 22.252 23.5876 4
      vertex 22.1422 23.6058 0
      vertex 22.252 23.5876 0
    endloop
  endfacet
  facet normal -0.0979904 -0.995187 0
    outer loop
      vertex 22.0315 23.6167 0
      vertex 22.1422 23.6058 4
      vertex 22.0315 23.6167 4
    endloop
  endfacet
  facet normal -0.0979904 -0.995187 -0
    outer loop
      vertex 22.1422 23.6058 4
      vertex 22.0315 23.6167 0
      vertex 22.1422 23.6058 0
    endloop
  endfacet
  facet normal -0.290232 -0.956956 0
    outer loop
      vertex 22.3603 23.5624 0
      vertex 22.4668 23.5301 4
      vertex 22.3603 23.5624 4
    endloop
  endfacet
  facet normal -0.290232 -0.956956 -0
    outer loop
      vertex 22.4668 23.5301 4
      vertex 22.3603 23.5624 0
      vertex 22.4668 23.5301 0
    endloop
  endfacet
  facet normal 0.528302 -0.849057 0
    outer loop
      vertex 20.9758 23.3338 0
      vertex 21.0703 23.3926 4
      vertex 20.9758 23.3338 4
    endloop
  endfacet
  facet normal 0.528302 -0.849057 0
    outer loop
      vertex 21.0703 23.3926 4
      vertex 20.9758 23.3338 0
      vertex 21.0703 23.3926 0
    endloop
  endfacet
  facet normal 0.582598 -0.81276 0
    outer loop
      vertex 20.8854 23.269 0
      vertex 20.9758 23.3338 4
      vertex 20.8854 23.269 4
    endloop
  endfacet
  facet normal 0.582598 -0.81276 0
    outer loop
      vertex 20.9758 23.3338 4
      vertex 20.8854 23.269 0
      vertex 20.9758 23.3338 0
    endloop
  endfacet
  facet normal 0.0979904 -0.995187 0
    outer loop
      vertex 21.6984 23.6058 0
      vertex 21.8091 23.6167 4
      vertex 21.6984 23.6058 4
    endloop
  endfacet
  facet normal 0.0979904 -0.995187 0
    outer loop
      vertex 21.8091 23.6167 4
      vertex 21.6984 23.6058 0
      vertex 21.8091 23.6167 0
    endloop
  endfacet
  facet normal 0.999476 0.0323571 0
    outer loop
      vertex 20.2239 21.8091 4
      vertex 20.2203 21.9203 0
      vertex 20.2203 21.9203 4
    endloop
  endfacet
  facet normal 0.999476 0.0323571 0
    outer loop
      vertex 20.2203 21.9203 0
      vertex 20.2239 21.8091 4
      vertex 20.2239 21.8091 0
    endloop
  endfacet
  facet normal 0.974026 0.226434 0
    outer loop
      vertex 20.2782 21.4803 4
      vertex 20.253 21.5887 0
      vertex 20.253 21.5887 4
    endloop
  endfacet
  facet normal 0.974026 0.226434 0
    outer loop
      vertex 20.253 21.5887 0
      vertex 20.2782 21.4803 4
      vertex 20.2782 21.4803 0
    endloop
  endfacet
  facet normal 0.910859 0.412719 0
    outer loop
      vertex 20.3956 21.1684 4
      vertex 20.3497 21.2697 0
      vertex 20.3497 21.2697 4
    endloop
  endfacet
  facet normal 0.910859 0.412719 0
    outer loop
      vertex 20.3497 21.2697 0
      vertex 20.3956 21.1684 4
      vertex 20.3956 21.1684 0
    endloop
  endfacet
  facet normal 0.81276 0.582598 0
    outer loop
      vertex 20.5716 20.8854 4
      vertex 20.5068 20.9758 0
      vertex 20.5068 20.9758 4
    endloop
  endfacet
  facet normal 0.81276 0.582598 0
    outer loop
      vertex 20.5068 20.9758 0
      vertex 20.5716 20.8854 4
      vertex 20.5716 20.8854 0
    endloop
  endfacet
  facet normal 0.97398 -0.226633 0
    outer loop
      vertex 20.253 22.252 4
      vertex 20.2782 22.3603 0
      vertex 20.2782 22.3603 4
    endloop
  endfacet
  facet normal 0.97398 -0.226633 0
    outer loop
      vertex 20.2782 22.3603 0
      vertex 20.253 22.252 4
      vertex 20.253 22.252 0
    endloop
  endfacet
  facet normal 0.730098 -0.683343 0
    outer loop
      vertex 20.6422 23.0412 4
      vertex 20.7182 23.1224 0
      vertex 20.7182 23.1224 4
    endloop
  endfacet
  facet normal 0.730098 -0.683343 0
    outer loop
      vertex 20.7182 23.1224 0
      vertex 20.6422 23.0412 4
      vertex 20.6422 23.0412 0
    endloop
  endfacet
  facet normal -0.849057 -0.528302 0
    outer loop
      vertex 23.3926 22.7703 0
      vertex 23.3338 22.8648 4
      vertex 23.3338 22.8648 0
    endloop
  endfacet
  facet normal -0.849057 -0.528302 0
    outer loop
      vertex 23.3338 22.8648 4
      vertex 23.3926 22.7703 0
      vertex 23.3926 22.7703 4
    endloop
  endfacet
  facet normal -0.849057 0.528302 0
    outer loop
      vertex 23.3338 20.9758 0
      vertex 23.3926 21.0703 4
      vertex 23.3926 21.0703 0
    endloop
  endfacet
  facet normal -0.849057 0.528302 0
    outer loop
      vertex 23.3926 21.0703 4
      vertex 23.3338 20.9758 0
      vertex 23.3338 20.9758 4
    endloop
  endfacet
  facet normal -0.986515 0.16367 0
    outer loop
      vertex 23.5876 21.5887 0
      vertex 23.6058 21.6984 4
      vertex 23.6058 21.6984 0
    endloop
  endfacet
  facet normal -0.986515 0.16367 0
    outer loop
      vertex 23.6058 21.6984 4
      vertex 23.5876 21.5887 0
      vertex 23.5876 21.5887 4
    endloop
  endfacet
  facet normal -0.93596 0.352108 0
    outer loop
      vertex 23.4909 21.2697 0
      vertex 23.5301 21.3739 4
      vertex 23.5301 21.3739 0
    endloop
  endfacet
  facet normal -0.93596 0.352108 0
    outer loop
      vertex 23.5301 21.3739 4
      vertex 23.4909 21.2697 0
      vertex 23.4909 21.2697 4
    endloop
  endfacet
  facet normal -0.986539 -0.163525 0
    outer loop
      vertex 23.6058 22.1422 0
      vertex 23.5876 22.252 4
      vertex 23.5876 22.252 0
    endloop
  endfacet
  facet normal -0.986539 -0.163525 0
    outer loop
      vertex 23.5876 22.252 4
      vertex 23.6058 22.1422 0
      vertex 23.6058 22.1422 4
    endloop
  endfacet
  facet normal -0.0988807 0.995099 0
    outer loop
      vertex 22.1422 20.2349 0
      vertex 22.0315 20.2239 4
      vertex 22.1422 20.2349 4
    endloop
  endfacet
  facet normal -0.0988807 0.995099 0
    outer loop
      vertex 22.0315 20.2239 4
      vertex 22.1422 20.2349 0
      vertex 22.0315 20.2239 0
    endloop
  endfacet
  facet normal -0.0323571 0.999476 0
    outer loop
      vertex 22.0315 20.2239 0
      vertex 21.9203 20.2203 4
      vertex 22.0315 20.2239 4
    endloop
  endfacet
  facet normal -0.0323571 0.999476 0
    outer loop
      vertex 21.9203 20.2203 4
      vertex 22.0315 20.2239 0
      vertex 21.9203 20.2203 0
    endloop
  endfacet
  facet normal -0.352404 0.935848 0
    outer loop
      vertex 22.5709 20.3497 0
      vertex 22.4668 20.3105 4
      vertex 22.5709 20.3497 4
    endloop
  endfacet
  facet normal -0.352404 0.935848 0
    outer loop
      vertex 22.4668 20.3105 4
      vertex 22.5709 20.3497 0
      vertex 22.4668 20.3105 0
    endloop
  endfacet
  facet normal -0.226633 0.97398 0
    outer loop
      vertex 22.3603 20.2782 0
      vertex 22.252 20.253 4
      vertex 22.3603 20.2782 4
    endloop
  endfacet
  facet normal -0.226633 0.97398 0
    outer loop
      vertex 22.252 20.253 4
      vertex 22.3603 20.2782 0
      vertex 22.252 20.253 0
    endloop
  endfacet
  facet normal -0.412719 0.910859 0
    outer loop
      vertex 22.6722 20.3956 0
      vertex 22.5709 20.3497 4
      vertex 22.6722 20.3956 4
    endloop
  endfacet
  facet normal -0.412719 0.910859 0
    outer loop
      vertex 22.5709 20.3497 4
      vertex 22.6722 20.3956 0
      vertex 22.5709 20.3497 0
    endloop
  endfacet
  facet normal 0.226434 0.974026 -0
    outer loop
      vertex 21.5887 20.253 0
      vertex 21.4803 20.2782 4
      vertex 21.5887 20.253 4
    endloop
  endfacet
  facet normal 0.226434 0.974026 0
    outer loop
      vertex 21.4803 20.2782 4
      vertex 21.5887 20.253 0
      vertex 21.4803 20.2782 0
    endloop
  endfacet
  facet normal 0.412719 0.910859 -0
    outer loop
      vertex 21.2697 20.3497 0
      vertex 21.1684 20.3956 4
      vertex 21.2697 20.3497 4
    endloop
  endfacet
  facet normal 0.412719 0.910859 0
    outer loop
      vertex 21.1684 20.3956 4
      vertex 21.2697 20.3497 0
      vertex 21.1684 20.3956 0
    endloop
  endfacet
  facet normal -0.582598 -0.81276 0
    outer loop
      vertex 22.8648 23.3338 0
      vertex 22.9552 23.269 4
      vertex 22.8648 23.3338 4
    endloop
  endfacet
  facet normal -0.582598 -0.81276 -0
    outer loop
      vertex 22.9552 23.269 4
      vertex 22.8648 23.3338 0
      vertex 22.9552 23.269 0
    endloop
  endfacet
  facet normal -0.634509 -0.772915 0
    outer loop
      vertex 22.9552 23.269 0
      vertex 23.0412 23.1984 4
      vertex 22.9552 23.269 4
    endloop
  endfacet
  facet normal -0.634509 -0.772915 -0
    outer loop
      vertex 23.0412 23.1984 4
      vertex 22.9552 23.269 0
      vertex 23.0412 23.1984 0
    endloop
  endfacet
  facet normal -0.412719 -0.910859 0
    outer loop
      vertex 22.5709 23.4909 0
      vertex 22.6722 23.445 4
      vertex 22.5709 23.4909 4
    endloop
  endfacet
  facet normal -0.412719 -0.910859 -0
    outer loop
      vertex 22.6722 23.445 4
      vertex 22.5709 23.4909 0
      vertex 22.6722 23.445 0
    endloop
  endfacet
  facet normal -0.471148 -0.882054 0
    outer loop
      vertex 22.6722 23.445 0
      vertex 22.7703 23.3926 4
      vertex 22.6722 23.445 4
    endloop
  endfacet
  facet normal -0.471148 -0.882054 -0
    outer loop
      vertex 22.7703 23.3926 4
      vertex 22.6722 23.445 0
      vertex 22.7703 23.3926 0
    endloop
  endfacet
  facet normal 0.471148 -0.882054 0
    outer loop
      vertex 21.0703 23.3926 0
      vertex 21.1684 23.445 4
      vertex 21.0703 23.3926 4
    endloop
  endfacet
  facet normal 0.471148 -0.882054 0
    outer loop
      vertex 21.1684 23.445 4
      vertex 21.0703 23.3926 0
      vertex 21.1684 23.445 0
    endloop
  endfacet
  facet normal 0.412719 -0.910859 0
    outer loop
      vertex 21.1684 23.445 0
      vertex 21.2697 23.4909 4
      vertex 21.1684 23.445 4
    endloop
  endfacet
  facet normal 0.412719 -0.910859 0
    outer loop
      vertex 21.2697 23.4909 4
      vertex 21.1684 23.445 0
      vertex 21.2697 23.4909 0
    endloop
  endfacet
  facet normal 0.634509 -0.772915 0
    outer loop
      vertex 20.7994 23.1984 0
      vertex 20.8854 23.269 4
      vertex 20.7994 23.1984 4
    endloop
  endfacet
  facet normal 0.634509 -0.772915 0
    outer loop
      vertex 20.8854 23.269 4
      vertex 20.7994 23.1984 0
      vertex 20.8854 23.269 0
    endloop
  endfacet
  facet normal 0.290482 -0.956881 0
    outer loop
      vertex 21.3739 23.5301 0
      vertex 21.4803 23.5624 4
      vertex 21.3739 23.5301 4
    endloop
  endfacet
  facet normal 0.290482 -0.956881 0
    outer loop
      vertex 21.4803 23.5624 4
      vertex 21.3739 23.5301 0
      vertex 21.4803 23.5624 0
    endloop
  endfacet
  facet normal 0.0323571 -0.999476 0
    outer loop
      vertex 21.8091 23.6167 0
      vertex 21.9203 23.6203 4
      vertex 21.8091 23.6167 4
    endloop
  endfacet
  facet normal 0.0323571 -0.999476 0
    outer loop
      vertex 21.9203 23.6203 4
      vertex 21.8091 23.6167 0
      vertex 21.9203 23.6203 0
    endloop
  endfacet
  facet normal 0.995099 0.0988807 0
    outer loop
      vertex 20.2349 21.6984 4
      vertex 20.2239 21.8091 0
      vertex 20.2239 21.8091 4
    endloop
  endfacet
  facet normal 0.995099 0.0988807 0
    outer loop
      vertex 20.2239 21.8091 0
      vertex 20.2349 21.6984 4
      vertex 20.2349 21.6984 0
    endloop
  endfacet
  facet normal 0.956881 0.290482 0
    outer loop
      vertex 20.3105 21.3739 4
      vertex 20.2782 21.4803 0
      vertex 20.2782 21.4803 4
    endloop
  endfacet
  facet normal 0.956881 0.290482 0
    outer loop
      vertex 20.2782 21.4803 0
      vertex 20.3105 21.3739 4
      vertex 20.3105 21.3739 0
    endloop
  endfacet
  facet normal 0.88168 0.471847 0
    outer loop
      vertex 20.4481 21.0703 4
      vertex 20.3956 21.1684 0
      vertex 20.3956 21.1684 4
    endloop
  endfacet
  facet normal 0.88168 0.471847 0
    outer loop
      vertex 20.3956 21.1684 0
      vertex 20.4481 21.0703 4
      vertex 20.4481 21.0703 0
    endloop
  endfacet
  facet normal 0.772915 0.634509 0
    outer loop
      vertex 20.6422 20.7994 4
      vertex 20.5716 20.8854 0
      vertex 20.5716 20.8854 4
    endloop
  endfacet
  facet normal 0.772915 0.634509 0
    outer loop
      vertex 20.5716 20.8854 0
      vertex 20.6422 20.7994 4
      vertex 20.6422 20.7994 0
    endloop
  endfacet
  facet normal 0.956956 -0.290232 0
    outer loop
      vertex 20.2782 22.3603 4
      vertex 20.3105 22.4668 0
      vertex 20.3105 22.4668 4
    endloop
  endfacet
  facet normal 0.956956 -0.290232 0
    outer loop
      vertex 20.3105 22.4668 0
      vertex 20.2782 22.3603 4
      vertex 20.2782 22.3603 0
    endloop
  endfacet
  facet normal 0.935848 -0.352404 0
    outer loop
      vertex 20.3105 22.4668 4
      vertex 20.3497 22.5709 0
      vertex 20.3497 22.5709 4
    endloop
  endfacet
  facet normal 0.935848 -0.352404 0
    outer loop
      vertex 20.3497 22.5709 0
      vertex 20.3105 22.4668 4
      vertex 20.3105 22.4668 0
    endloop
  endfacet
  facet normal 0.995099 -0.0988807 0
    outer loop
      vertex 20.2239 22.0315 4
      vertex 20.2349 22.1422 0
      vertex 20.2349 22.1422 4
    endloop
  endfacet
  facet normal 0.995099 -0.0988807 0
    outer loop
      vertex 20.2349 22.1422 0
      vertex 20.2239 22.0315 4
      vertex 20.2239 22.0315 0
    endloop
  endfacet
  facet normal 0.88168 -0.471847 0
    outer loop
      vertex 20.3956 22.6722 4
      vertex 20.4481 22.7703 0
      vertex 20.4481 22.7703 4
    endloop
  endfacet
  facet normal 0.88168 -0.471847 0
    outer loop
      vertex 20.4481 22.7703 0
      vertex 20.3956 22.6722 4
      vertex 20.3956 22.6722 0
    endloop
  endfacet
  facet normal -0.730098 -0.683343 0
    outer loop
      vertex 23.1984 23.0412 0
      vertex 23.1224 23.1224 4
      vertex 23.1224 23.1224 0
    endloop
  endfacet
  facet normal -0.730098 -0.683343 0
    outer loop
      vertex 23.1224 23.1224 4
      vertex 23.1984 23.0412 0
      vertex 23.1984 23.0412 4
    endloop
  endfacet
  facet normal -0.730098 0.683343 0
    outer loop
      vertex 23.1224 20.7182 0
      vertex 23.1984 20.7994 4
      vertex 23.1984 20.7994 0
    endloop
  endfacet
  facet normal -0.730098 0.683343 0
    outer loop
      vertex 23.1984 20.7994 4
      vertex 23.1224 20.7182 0
      vertex 23.1224 20.7182 4
    endloop
  endfacet
  facet normal -0.81276 0.582598 0
    outer loop
      vertex 23.269 20.8854 0
      vertex 23.3338 20.9758 4
      vertex 23.3338 20.9758 0
    endloop
  endfacet
  facet normal -0.81276 0.582598 0
    outer loop
      vertex 23.3338 20.9758 4
      vertex 23.269 20.8854 0
      vertex 23.269 20.8854 4
    endloop
  endfacet
  facet normal -0.882054 0.471148 0
    outer loop
      vertex 23.3926 21.0703 0
      vertex 23.445 21.1684 4
      vertex 23.445 21.1684 0
    endloop
  endfacet
  facet normal -0.882054 0.471148 0
    outer loop
      vertex 23.445 21.1684 4
      vertex 23.3926 21.0703 0
      vertex 23.3926 21.0703 4
    endloop
  endfacet
  facet normal -0.995187 0.0979904 0
    outer loop
      vertex 23.6058 21.6984 0
      vertex 23.6167 21.8091 4
      vertex 23.6167 21.8091 0
    endloop
  endfacet
  facet normal -0.995187 0.0979904 0
    outer loop
      vertex 23.6167 21.8091 4
      vertex 23.6058 21.6984 0
      vertex 23.6058 21.6984 4
    endloop
  endfacet
  facet normal -0.956881 0.290482 0
    outer loop
      vertex 23.5301 21.3739 0
      vertex 23.5624 21.4803 4
      vertex 23.5624 21.4803 0
    endloop
  endfacet
  facet normal -0.956881 0.290482 0
    outer loop
      vertex 23.5624 21.4803 4
      vertex 23.5301 21.3739 0
      vertex 23.5301 21.3739 4
    endloop
  endfacet
  facet normal -0.974026 0.226434 0
    outer loop
      vertex 23.5624 21.4803 0
      vertex 23.5876 21.5887 4
      vertex 23.5876 21.5887 0
    endloop
  endfacet
  facet normal -0.974026 0.226434 0
    outer loop
      vertex 23.5876 21.5887 4
      vertex 23.5624 21.4803 0
      vertex 23.5624 21.4803 4
    endloop
  endfacet
  facet normal -0.995187 -0.0979904 0
    outer loop
      vertex 23.6167 22.0315 0
      vertex 23.6058 22.1422 4
      vertex 23.6058 22.1422 0
    endloop
  endfacet
  facet normal -0.995187 -0.0979904 0
    outer loop
      vertex 23.6058 22.1422 4
      vertex 23.6167 22.0315 0
      vertex 23.6167 22.0315 4
    endloop
  endfacet
  facet normal -0.999476 -0.0323571 0
    outer loop
      vertex 23.6203 21.9203 0
      vertex 23.6167 22.0315 4
      vertex 23.6167 22.0315 0
    endloop
  endfacet
  facet normal -0.999476 -0.0323571 0
    outer loop
      vertex 23.6167 22.0315 4
      vertex 23.6203 21.9203 0
      vertex 23.6203 21.9203 4
    endloop
  endfacet
  facet normal -0.956956 -0.290232 0
    outer loop
      vertex 23.5624 22.3603 0
      vertex 23.5301 22.4668 4
      vertex 23.5301 22.4668 0
    endloop
  endfacet
  facet normal -0.956956 -0.290232 0
    outer loop
      vertex 23.5301 22.4668 4
      vertex 23.5624 22.3603 0
      vertex 23.5624 22.3603 4
    endloop
  endfacet
  facet normal -0.97398 -0.226633 0
    outer loop
      vertex 23.5876 22.252 0
      vertex 23.5624 22.3603 4
      vertex 23.5624 22.3603 0
    endloop
  endfacet
  facet normal -0.97398 -0.226633 0
    outer loop
      vertex 23.5624 22.3603 4
      vertex 23.5876 22.252 0
      vertex 23.5876 22.252 4
    endloop
  endfacet
  facet normal -0.882054 -0.471148 0
    outer loop
      vertex 23.445 22.6722 0
      vertex 23.3926 22.7703 4
      vertex 23.3926 22.7703 0
    endloop
  endfacet
  facet normal -0.882054 -0.471148 0
    outer loop
      vertex 23.3926 22.7703 4
      vertex 23.445 22.6722 0
      vertex 23.445 22.6722 4
    endloop
  endfacet
  facet normal -0.910859 -0.412719 0
    outer loop
      vertex 23.4909 22.5709 0
      vertex 23.445 22.6722 4
      vertex 23.445 22.6722 0
    endloop
  endfacet
  facet normal -0.910859 -0.412719 0
    outer loop
      vertex 23.445 22.6722 4
      vertex 23.4909 22.5709 0
      vertex 23.4909 22.5709 4
    endloop
  endfacet
  facet normal -0.290232 0.956956 0
    outer loop
      vertex 22.4668 20.3105 0
      vertex 22.3603 20.2782 4
      vertex 22.4668 20.3105 4
    endloop
  endfacet
  facet normal -0.290232 0.956956 0
    outer loop
      vertex 22.3603 20.2782 4
      vertex 22.4668 20.3105 0
      vertex 22.3603 20.2782 0
    endloop
  endfacet
  facet normal -0.471847 0.88168 0
    outer loop
      vertex 22.7703 20.4481 0
      vertex 22.6722 20.3956 4
      vertex 22.7703 20.4481 4
    endloop
  endfacet
  facet normal -0.471847 0.88168 0
    outer loop
      vertex 22.6722 20.3956 4
      vertex 22.7703 20.4481 0
      vertex 22.6722 20.3956 0
    endloop
  endfacet
  facet normal -0.582598 0.81276 0
    outer loop
      vertex 22.9552 20.5716 0
      vertex 22.8648 20.5068 4
      vertex 22.9552 20.5716 4
    endloop
  endfacet
  facet normal -0.582598 0.81276 0
    outer loop
      vertex 22.8648 20.5068 4
      vertex 22.9552 20.5716 0
      vertex 22.8648 20.5068 0
    endloop
  endfacet
  facet normal -0.683343 0.730098 0
    outer loop
      vertex 23.1224 20.7182 0
      vertex 23.0412 20.6422 4
      vertex 23.1224 20.7182 4
    endloop
  endfacet
  facet normal -0.683343 0.730098 0
    outer loop
      vertex 23.0412 20.6422 4
      vertex 23.1224 20.7182 0
      vertex 23.0412 20.6422 0
    endloop
  endfacet
  facet normal 0.352108 0.93596 -0
    outer loop
      vertex 21.3739 20.3105 0
      vertex 21.2697 20.3497 4
      vertex 21.3739 20.3105 4
    endloop
  endfacet
  facet normal 0.352108 0.93596 0
    outer loop
      vertex 21.2697 20.3497 4
      vertex 21.3739 20.3105 0
      vertex 21.2697 20.3497 0
    endloop
  endfacet
  facet normal 0.290482 0.956881 -0
    outer loop
      vertex 21.4803 20.2782 0
      vertex 21.3739 20.3105 4
      vertex 21.4803 20.2782 4
    endloop
  endfacet
  facet normal 0.290482 0.956881 0
    outer loop
      vertex 21.3739 20.3105 4
      vertex 21.4803 20.2782 0
      vertex 21.3739 20.3105 0
    endloop
  endfacet
  facet normal 0.162794 0.98666 -0
    outer loop
      vertex 21.6984 20.2349 0
      vertex 21.5887 20.253 4
      vertex 21.6984 20.2349 4
    endloop
  endfacet
  facet normal 0.162794 0.98666 0
    outer loop
      vertex 21.5887 20.253 4
      vertex 21.6984 20.2349 0
      vertex 21.5887 20.253 0
    endloop
  endfacet
  facet normal 0.0323571 0.999476 -0
    outer loop
      vertex 21.9203 20.2203 0
      vertex 21.8091 20.2239 4
      vertex 21.9203 20.2203 4
    endloop
  endfacet
  facet normal 0.0323571 0.999476 0
    outer loop
      vertex 21.8091 20.2239 4
      vertex 21.9203 20.2203 0
      vertex 21.8091 20.2239 0
    endloop
  endfacet
  facet normal 0.527654 0.84946 -0
    outer loop
      vertex 21.0703 20.4481 0
      vertex 20.9758 20.5068 4
      vertex 21.0703 20.4481 4
    endloop
  endfacet
  facet normal 0.527654 0.84946 0
    outer loop
      vertex 20.9758 20.5068 4
      vertex 21.0703 20.4481 0
      vertex 20.9758 20.5068 0
    endloop
  endfacet
  facet normal 0.582598 0.81276 -0
    outer loop
      vertex 20.9758 20.5068 0
      vertex 20.8854 20.5716 4
      vertex 20.9758 20.5068 4
    endloop
  endfacet
  facet normal 0.582598 0.81276 0
    outer loop
      vertex 20.8854 20.5716 4
      vertex 20.9758 20.5068 0
      vertex 20.8854 20.5716 0
    endloop
  endfacet
  facet normal 0.683343 0.730098 -0
    outer loop
      vertex 20.7994 20.6422 0
      vertex 20.7182 20.7182 4
      vertex 20.7994 20.6422 4
    endloop
  endfacet
  facet normal 0.683343 0.730098 0
    outer loop
      vertex 20.7182 20.7182 4
      vertex 20.7994 20.6422 0
      vertex 20.7182 20.7182 0
    endloop
  endfacet
  facet normal -0.226633 -0.97398 0
    outer loop
      vertex 22.252 23.5876 0
      vertex 22.3603 23.5624 4
      vertex 22.252 23.5876 4
    endloop
  endfacet
  facet normal -0.226633 -0.97398 -0
    outer loop
      vertex 22.3603 23.5624 4
      vertex 22.252 23.5876 0
      vertex 22.3603 23.5624 0
    endloop
  endfacet
  facet normal 0.226434 -0.974026 0
    outer loop
      vertex 21.4803 23.5624 0
      vertex 21.5887 23.5876 4
      vertex 21.4803 23.5624 4
    endloop
  endfacet
  facet normal 0.226434 -0.974026 0
    outer loop
      vertex 21.5887 23.5876 4
      vertex 21.4803 23.5624 0
      vertex 21.5887 23.5876 0
    endloop
  endfacet
  facet normal 0.98666 0.162794 0
    outer loop
      vertex 20.253 21.5887 4
      vertex 20.2349 21.6984 0
      vertex 20.2349 21.6984 4
    endloop
  endfacet
  facet normal 0.98666 0.162794 0
    outer loop
      vertex 20.2349 21.6984 0
      vertex 20.253 21.5887 4
      vertex 20.253 21.5887 0
    endloop
  endfacet
  facet normal 0.93596 0.352108 0
    outer loop
      vertex 20.3497 21.2697 4
      vertex 20.3105 21.3739 0
      vertex 20.3105 21.3739 4
    endloop
  endfacet
  facet normal 0.93596 0.352108 0
    outer loop
      vertex 20.3105 21.3739 0
      vertex 20.3497 21.2697 4
      vertex 20.3497 21.2697 0
    endloop
  endfacet
  facet normal 0.84946 0.527654 0
    outer loop
      vertex 20.5068 20.9758 4
      vertex 20.4481 21.0703 0
      vertex 20.4481 21.0703 4
    endloop
  endfacet
  facet normal 0.84946 0.527654 0
    outer loop
      vertex 20.4481 21.0703 0
      vertex 20.5068 20.9758 4
      vertex 20.5068 20.9758 0
    endloop
  endfacet
  facet normal 0.730098 0.683343 0
    outer loop
      vertex 20.7182 20.7182 4
      vertex 20.6422 20.7994 0
      vertex 20.6422 20.7994 4
    endloop
  endfacet
  facet normal 0.730098 0.683343 0
    outer loop
      vertex 20.6422 20.7994 0
      vertex 20.7182 20.7182 4
      vertex 20.7182 20.7182 0
    endloop
  endfacet
  facet normal 0.986684 -0.16265 0
    outer loop
      vertex 20.2349 22.1422 4
      vertex 20.253 22.252 0
      vertex 20.253 22.252 4
    endloop
  endfacet
  facet normal 0.986684 -0.16265 0
    outer loop
      vertex 20.253 22.252 0
      vertex 20.2349 22.1422 4
      vertex 20.2349 22.1422 0
    endloop
  endfacet
  facet normal 0.84946 -0.527654 0
    outer loop
      vertex 20.4481 22.7703 4
      vertex 20.5068 22.8648 0
      vertex 20.5068 22.8648 4
    endloop
  endfacet
  facet normal 0.84946 -0.527654 0
    outer loop
      vertex 20.5068 22.8648 0
      vertex 20.4481 22.7703 4
      vertex 20.4481 22.7703 0
    endloop
  endfacet
  facet normal 0.772915 -0.634509 0
    outer loop
      vertex 20.5716 22.9552 4
      vertex 20.6422 23.0412 0
      vertex 20.6422 23.0412 4
    endloop
  endfacet
  facet normal 0.772915 -0.634509 0
    outer loop
      vertex 20.6422 23.0412 0
      vertex 20.5716 22.9552 4
      vertex 20.5716 22.9552 0
    endloop
  endfacet
  facet normal -0.772915 0.634509 0
    outer loop
      vertex 23.1984 20.7994 0
      vertex 23.269 20.8854 4
      vertex 23.269 20.8854 0
    endloop
  endfacet
  facet normal -0.772915 0.634509 0
    outer loop
      vertex 23.269 20.8854 4
      vertex 23.1984 20.7994 0
      vertex 23.1984 20.7994 4
    endloop
  endfacet
  facet normal -0.910859 0.412719 0
    outer loop
      vertex 23.445 21.1684 0
      vertex 23.4909 21.2697 4
      vertex 23.4909 21.2697 0
    endloop
  endfacet
  facet normal -0.910859 0.412719 0
    outer loop
      vertex 23.4909 21.2697 4
      vertex 23.445 21.1684 0
      vertex 23.445 21.1684 4
    endloop
  endfacet
  facet normal -0.999476 0.0323571 0
    outer loop
      vertex 23.6167 21.8091 0
      vertex 23.6203 21.9203 4
      vertex 23.6203 21.9203 0
    endloop
  endfacet
  facet normal -0.999476 0.0323571 0
    outer loop
      vertex 23.6203 21.9203 4
      vertex 23.6167 21.8091 0
      vertex 23.6167 21.8091 4
    endloop
  endfacet
  facet normal -0.772915 -0.634509 0
    outer loop
      vertex 23.269 22.9552 0
      vertex 23.1984 23.0412 4
      vertex 23.1984 23.0412 0
    endloop
  endfacet
  facet normal -0.772915 -0.634509 0
    outer loop
      vertex 23.1984 23.0412 4
      vertex 23.269 22.9552 0
      vertex 23.269 22.9552 4
    endloop
  endfacet
  facet normal -0.81276 -0.582598 0
    outer loop
      vertex 23.3338 22.8648 0
      vertex 23.269 22.9552 4
      vertex 23.269 22.9552 0
    endloop
  endfacet
  facet normal -0.81276 -0.582598 0
    outer loop
      vertex 23.269 22.9552 4
      vertex 23.3338 22.8648 0
      vertex 23.3338 22.8648 4
    endloop
  endfacet
  facet normal -0.16265 0.986684 0
    outer loop
      vertex 22.252 20.253 0
      vertex 22.1422 20.2349 4
      vertex 22.252 20.253 4
    endloop
  endfacet
  facet normal -0.16265 0.986684 0
    outer loop
      vertex 22.1422 20.2349 4
      vertex 22.252 20.253 0
      vertex 22.1422 20.2349 0
    endloop
  endfacet
  facet normal -0.527654 0.84946 0
    outer loop
      vertex 22.8648 20.5068 0
      vertex 22.7703 20.4481 4
      vertex 22.8648 20.5068 4
    endloop
  endfacet
  facet normal -0.527654 0.84946 0
    outer loop
      vertex 22.7703 20.4481 4
      vertex 22.8648 20.5068 0
      vertex 22.7703 20.4481 0
    endloop
  endfacet
  facet normal -0.634509 0.772915 0
    outer loop
      vertex 23.0412 20.6422 0
      vertex 22.9552 20.5716 4
      vertex 23.0412 20.6422 4
    endloop
  endfacet
  facet normal -0.634509 0.772915 0
    outer loop
      vertex 22.9552 20.5716 4
      vertex 23.0412 20.6422 0
      vertex 22.9552 20.5716 0
    endloop
  endfacet
  facet normal 0.0988807 0.995099 -0
    outer loop
      vertex 21.8091 20.2239 0
      vertex 21.6984 20.2349 4
      vertex 21.8091 20.2239 4
    endloop
  endfacet
  facet normal 0.0988807 0.995099 0
    outer loop
      vertex 21.6984 20.2349 4
      vertex 21.8091 20.2239 0
      vertex 21.6984 20.2349 0
    endloop
  endfacet
  facet normal 0.471847 0.88168 -0
    outer loop
      vertex 21.1684 20.3956 0
      vertex 21.0703 20.4481 4
      vertex 21.1684 20.3956 4
    endloop
  endfacet
  facet normal 0.471847 0.88168 0
    outer loop
      vertex 21.0703 20.4481 4
      vertex 21.1684 20.3956 0
      vertex 21.0703 20.4481 0
    endloop
  endfacet
  facet normal 0.634509 0.772915 -0
    outer loop
      vertex 20.8854 20.5716 0
      vertex 20.7994 20.6422 4
      vertex 20.8854 20.5716 4
    endloop
  endfacet
  facet normal 0.634509 0.772915 0
    outer loop
      vertex 20.7994 20.6422 4
      vertex 20.8854 20.5716 0
      vertex 20.7994 20.6422 0
    endloop
  endfacet
  facet normal 0.81276 -0.582598 0
    outer loop
      vertex -23.3338 22.8648 4
      vertex -23.269 22.9552 0
      vertex -23.269 22.9552 4
    endloop
  endfacet
  facet normal 0.81276 -0.582598 0
    outer loop
      vertex -23.269 22.9552 0
      vertex -23.3338 22.8648 4
      vertex -23.3338 22.8648 0
    endloop
  endfacet
  facet normal 0.730098 -0.683343 0
    outer loop
      vertex -23.1984 23.0412 4
      vertex -23.1224 23.1224 0
      vertex -23.1224 23.1224 4
    endloop
  endfacet
  facet normal 0.730098 -0.683343 0
    outer loop
      vertex -23.1224 23.1224 0
      vertex -23.1984 23.0412 4
      vertex -23.1984 23.0412 0
    endloop
  endfacet
  facet normal -0.730098 -0.683343 0
    outer loop
      vertex -20.6422 23.0412 0
      vertex -20.7182 23.1224 4
      vertex -20.7182 23.1224 0
    endloop
  endfacet
  facet normal -0.730098 -0.683343 0
    outer loop
      vertex -20.7182 23.1224 4
      vertex -20.6422 23.0412 0
      vertex -20.6422 23.0412 4
    endloop
  endfacet
  facet normal 0.999476 -0.0323571 0
    outer loop
      vertex -23.6203 21.9203 4
      vertex -23.6167 22.0315 0
      vertex -23.6167 22.0315 4
    endloop
  endfacet
  facet normal 0.999476 -0.0323571 0
    outer loop
      vertex -23.6167 22.0315 0
      vertex -23.6203 21.9203 4
      vertex -23.6203 21.9203 0
    endloop
  endfacet
  facet normal -0.0323571 -0.999476 0
    outer loop
      vertex -21.9203 23.6203 0
      vertex -21.8091 23.6167 4
      vertex -21.9203 23.6203 4
    endloop
  endfacet
  facet normal -0.0323571 -0.999476 -0
    outer loop
      vertex -21.8091 23.6167 4
      vertex -21.9203 23.6203 0
      vertex -21.8091 23.6167 0
    endloop
  endfacet
  facet normal -0.634509 -0.772915 0
    outer loop
      vertex -20.8854 23.269 0
      vertex -20.7994 23.1984 4
      vertex -20.8854 23.269 4
    endloop
  endfacet
  facet normal -0.634509 -0.772915 -0
    outer loop
      vertex -20.7994 23.1984 4
      vertex -20.8854 23.269 0
      vertex -20.7994 23.1984 0
    endloop
  endfacet
  facet normal 0.935848 -0.352404 0
    outer loop
      vertex -23.5301 22.4668 4
      vertex -23.4909 22.5709 0
      vertex -23.4909 22.5709 4
    endloop
  endfacet
  facet normal 0.935848 -0.352404 0
    outer loop
      vertex -23.4909 22.5709 0
      vertex -23.5301 22.4668 4
      vertex -23.5301 22.4668 0
    endloop
  endfacet
  facet normal 0.352404 -0.935848 0
    outer loop
      vertex -22.5709 23.4909 0
      vertex -22.4668 23.5301 4
      vertex -22.5709 23.4909 4
    endloop
  endfacet
  facet normal 0.352404 -0.935848 0
    outer loop
      vertex -22.4668 23.5301 4
      vertex -22.5709 23.4909 0
      vertex -22.4668 23.5301 0
    endloop
  endfacet
  facet normal -0.412719 -0.910859 0
    outer loop
      vertex -21.2697 23.4909 0
      vertex -21.1684 23.445 4
      vertex -21.2697 23.4909 4
    endloop
  endfacet
  facet normal -0.412719 -0.910859 -0
    outer loop
      vertex -21.1684 23.445 4
      vertex -21.2697 23.4909 0
      vertex -21.1684 23.445 0
    endloop
  endfacet
  facet normal 0.0979904 -0.995187 0
    outer loop
      vertex -22.1422 23.6058 0
      vertex -22.0315 23.6167 4
      vertex -22.1422 23.6058 4
    endloop
  endfacet
  facet normal 0.0979904 -0.995187 0
    outer loop
      vertex -22.0315 23.6167 4
      vertex -22.1422 23.6058 0
      vertex -22.0315 23.6167 0
    endloop
  endfacet
  facet normal -0.935848 -0.352404 0
    outer loop
      vertex -20.3105 22.4668 0
      vertex -20.3497 22.5709 4
      vertex -20.3497 22.5709 0
    endloop
  endfacet
  facet normal -0.935848 -0.352404 0
    outer loop
      vertex -20.3497 22.5709 4
      vertex -20.3105 22.4668 0
      vertex -20.3105 22.4668 4
    endloop
  endfacet
  facet normal -0.999476 0.0323571 0
    outer loop
      vertex -20.2239 21.8091 0
      vertex -20.2203 21.9203 4
      vertex -20.2203 21.9203 0
    endloop
  endfacet
  facet normal -0.999476 0.0323571 0
    outer loop
      vertex -20.2203 21.9203 4
      vertex -20.2239 21.8091 0
      vertex -20.2239 21.8091 4
    endloop
  endfacet
  facet normal -0.910859 0.412719 0
    outer loop
      vertex -20.3956 21.1684 0
      vertex -20.3497 21.2697 4
      vertex -20.3497 21.2697 0
    endloop
  endfacet
  facet normal -0.910859 0.412719 0
    outer loop
      vertex -20.3497 21.2697 4
      vertex -20.3956 21.1684 0
      vertex -20.3956 21.1684 4
    endloop
  endfacet
  facet normal 0.849057 -0.528302 0
    outer loop
      vertex -23.3926 22.7703 4
      vertex -23.3338 22.8648 0
      vertex -23.3338 22.8648 4
    endloop
  endfacet
  facet normal 0.849057 -0.528302 0
    outer loop
      vertex -23.3338 22.8648 0
      vertex -23.3926 22.7703 4
      vertex -23.3926 22.7703 0
    endloop
  endfacet
  facet normal 0.986539 -0.163525 0
    outer loop
      vertex -23.6058 22.1422 4
      vertex -23.5876 22.252 0
      vertex -23.5876 22.252 4
    endloop
  endfacet
  facet normal 0.986539 -0.163525 0
    outer loop
      vertex -23.5876 22.252 0
      vertex -23.6058 22.1422 4
      vertex -23.6058 22.1422 0
    endloop
  endfacet
  facet normal 0.995187 -0.0979904 0
    outer loop
      vertex -23.6167 22.0315 4
      vertex -23.6058 22.1422 0
      vertex -23.6058 22.1422 4
    endloop
  endfacet
  facet normal 0.995187 -0.0979904 0
    outer loop
      vertex -23.6058 22.1422 0
      vertex -23.6167 22.0315 4
      vertex -23.6167 22.0315 0
    endloop
  endfacet
  facet normal 0.956956 -0.290232 0
    outer loop
      vertex -23.5624 22.3603 4
      vertex -23.5301 22.4668 0
      vertex -23.5301 22.4668 4
    endloop
  endfacet
  facet normal 0.956956 -0.290232 0
    outer loop
      vertex -23.5301 22.4668 0
      vertex -23.5624 22.3603 4
      vertex -23.5624 22.3603 0
    endloop
  endfacet
  facet normal 0.81276 0.582598 0
    outer loop
      vertex -23.269 20.8854 4
      vertex -23.3338 20.9758 0
      vertex -23.3338 20.9758 4
    endloop
  endfacet
  facet normal 0.81276 0.582598 0
    outer loop
      vertex -23.3338 20.9758 0
      vertex -23.269 20.8854 4
      vertex -23.269 20.8854 0
    endloop
  endfacet
  facet normal 0.730098 0.683343 0
    outer loop
      vertex -23.1224 20.7182 4
      vertex -23.1984 20.7994 0
      vertex -23.1984 20.7994 4
    endloop
  endfacet
  facet normal 0.730098 0.683343 0
    outer loop
      vertex -23.1984 20.7994 0
      vertex -23.1224 20.7182 4
      vertex -23.1224 20.7182 0
    endloop
  endfacet
  facet normal 0.999476 0.0323571 0
    outer loop
      vertex -23.6167 21.8091 4
      vertex -23.6203 21.9203 0
      vertex -23.6203 21.9203 4
    endloop
  endfacet
  facet normal 0.999476 0.0323571 0
    outer loop
      vertex -23.6203 21.9203 0
      vertex -23.6167 21.8091 4
      vertex -23.6167 21.8091 0
    endloop
  endfacet
  facet normal -0.471847 0.88168 0
    outer loop
      vertex -21.0703 20.4481 0
      vertex -21.1684 20.3956 4
      vertex -21.0703 20.4481 4
    endloop
  endfacet
  facet normal -0.471847 0.88168 0
    outer loop
      vertex -21.1684 20.3956 4
      vertex -21.0703 20.4481 0
      vertex -21.1684 20.3956 0
    endloop
  endfacet
  facet normal -0.0988807 0.995099 0
    outer loop
      vertex -21.6984 20.2349 0
      vertex -21.8091 20.2239 4
      vertex -21.6984 20.2349 4
    endloop
  endfacet
  facet normal -0.0988807 0.995099 0
    outer loop
      vertex -21.8091 20.2239 4
      vertex -21.6984 20.2349 0
      vertex -21.8091 20.2239 0
    endloop
  endfacet
  facet normal -0.0323571 0.999476 0
    outer loop
      vertex -21.8091 20.2239 0
      vertex -21.9203 20.2203 4
      vertex -21.8091 20.2239 4
    endloop
  endfacet
  facet normal -0.0323571 0.999476 0
    outer loop
      vertex -21.9203 20.2203 4
      vertex -21.8091 20.2239 0
      vertex -21.9203 20.2203 0
    endloop
  endfacet
  facet normal -0.352108 0.93596 0
    outer loop
      vertex -21.2697 20.3497 0
      vertex -21.3739 20.3105 4
      vertex -21.2697 20.3497 4
    endloop
  endfacet
  facet normal -0.352108 0.93596 0
    outer loop
      vertex -21.3739 20.3105 4
      vertex -21.2697 20.3497 0
      vertex -21.3739 20.3105 0
    endloop
  endfacet
  facet normal -0.226434 0.974026 0
    outer loop
      vertex -21.4803 20.2782 0
      vertex -21.5887 20.253 4
      vertex -21.4803 20.2782 4
    endloop
  endfacet
  facet normal -0.226434 0.974026 0
    outer loop
      vertex -21.5887 20.253 4
      vertex -21.4803 20.2782 0
      vertex -21.5887 20.253 0
    endloop
  endfacet
  facet normal -0.412719 0.910859 0
    outer loop
      vertex -21.1684 20.3956 0
      vertex -21.2697 20.3497 4
      vertex -21.1684 20.3956 4
    endloop
  endfacet
  facet normal -0.412719 0.910859 0
    outer loop
      vertex -21.2697 20.3497 4
      vertex -21.1684 20.3956 0
      vertex -21.2697 20.3497 0
    endloop
  endfacet
  facet normal -0.582598 0.81276 0
    outer loop
      vertex -20.8854 20.5716 0
      vertex -20.9758 20.5068 4
      vertex -20.8854 20.5716 4
    endloop
  endfacet
  facet normal -0.582598 0.81276 0
    outer loop
      vertex -20.9758 20.5068 4
      vertex -20.8854 20.5716 0
      vertex -20.9758 20.5068 0
    endloop
  endfacet
  facet normal -0.683343 0.730098 0
    outer loop
      vertex -20.7182 20.7182 0
      vertex -20.7994 20.6422 4
      vertex -20.7182 20.7182 4
    endloop
  endfacet
  facet normal -0.683343 0.730098 0
    outer loop
      vertex -20.7994 20.6422 4
      vertex -20.7182 20.7182 0
      vertex -20.7994 20.6422 0
    endloop
  endfacet
  facet normal 0.582598 0.81276 -0
    outer loop
      vertex -22.8648 20.5068 0
      vertex -22.9552 20.5716 4
      vertex -22.8648 20.5068 4
    endloop
  endfacet
  facet normal 0.582598 0.81276 0
    outer loop
      vertex -22.9552 20.5716 4
      vertex -22.8648 20.5068 0
      vertex -22.9552 20.5716 0
    endloop
  endfacet
  facet normal 0.683343 0.730098 -0
    outer loop
      vertex -23.0412 20.6422 0
      vertex -23.1224 20.7182 4
      vertex -23.0412 20.6422 4
    endloop
  endfacet
  facet normal 0.683343 0.730098 0
    outer loop
      vertex -23.1224 20.7182 4
      vertex -23.0412 20.6422 0
      vertex -23.1224 20.7182 0
    endloop
  endfacet
  facet normal 0.528302 -0.849057 0
    outer loop
      vertex -22.8648 23.3338 0
      vertex -22.7703 23.3926 4
      vertex -22.8648 23.3338 4
    endloop
  endfacet
  facet normal 0.528302 -0.849057 0
    outer loop
      vertex -22.7703 23.3926 4
      vertex -22.8648 23.3338 0
      vertex -22.7703 23.3926 0
    endloop
  endfacet
  facet normal -0.582598 -0.81276 0
    outer loop
      vertex -20.9758 23.3338 0
      vertex -20.8854 23.269 4
      vertex -20.9758 23.3338 4
    endloop
  endfacet
  facet normal -0.582598 -0.81276 -0
    outer loop
      vertex -20.8854 23.269 4
      vertex -20.9758 23.3338 0
      vertex -20.8854 23.269 0
    endloop
  endfacet
  facet normal -0.528302 -0.849057 0
    outer loop
      vertex -21.0703 23.3926 0
      vertex -20.9758 23.3338 4
      vertex -21.0703 23.3926 4
    endloop
  endfacet
  facet normal -0.528302 -0.849057 -0
    outer loop
      vertex -20.9758 23.3338 4
      vertex -21.0703 23.3926 0
      vertex -20.9758 23.3338 0
    endloop
  endfacet
  facet normal -0.226434 -0.974026 0
    outer loop
      vertex -21.5887 23.5876 0
      vertex -21.4803 23.5624 4
      vertex -21.5887 23.5876 4
    endloop
  endfacet
  facet normal -0.226434 -0.974026 -0
    outer loop
      vertex -21.4803 23.5624 4
      vertex -21.5887 23.5876 0
      vertex -21.4803 23.5624 0
    endloop
  endfacet
  facet normal -0.16367 -0.986515 0
    outer loop
      vertex -21.6984 23.6058 0
      vertex -21.5887 23.5876 4
      vertex -21.6984 23.6058 4
    endloop
  endfacet
  facet normal -0.16367 -0.986515 -0
    outer loop
      vertex -21.5887 23.5876 4
      vertex -21.6984 23.6058 0
      vertex -21.5887 23.5876 0
    endloop
  endfacet
  facet normal -0.352108 -0.93596 0
    outer loop
      vertex -21.3739 23.5301 0
      vertex -21.2697 23.4909 4
      vertex -21.3739 23.5301 4
    endloop
  endfacet
  facet normal -0.352108 -0.93596 -0
    outer loop
      vertex -21.2697 23.4909 4
      vertex -21.3739 23.5301 0
      vertex -21.2697 23.4909 0
    endloop
  endfacet
  facet normal 0.163525 -0.986539 0
    outer loop
      vertex -22.252 23.5876 0
      vertex -22.1422 23.6058 4
      vertex -22.252 23.5876 4
    endloop
  endfacet
  facet normal 0.163525 -0.986539 0
    outer loop
      vertex -22.1422 23.6058 4
      vertex -22.252 23.5876 0
      vertex -22.1422 23.6058 0
    endloop
  endfacet
  facet normal 0.471148 -0.882054 0
    outer loop
      vertex -22.7703 23.3926 0
      vertex -22.6722 23.445 4
      vertex -22.7703 23.3926 4
    endloop
  endfacet
  facet normal 0.471148 -0.882054 0
    outer loop
      vertex -22.6722 23.445 4
      vertex -22.7703 23.3926 0
      vertex -22.6722 23.445 0
    endloop
  endfacet
  facet normal -0.995099 -0.0988807 0
    outer loop
      vertex -20.2239 22.0315 0
      vertex -20.2349 22.1422 4
      vertex -20.2349 22.1422 0
    endloop
  endfacet
  facet normal -0.995099 -0.0988807 0
    outer loop
      vertex -20.2349 22.1422 4
      vertex -20.2239 22.0315 0
      vertex -20.2239 22.0315 4
    endloop
  endfacet
  facet normal -0.999476 -0.0323571 0
    outer loop
      vertex -20.2203 21.9203 0
      vertex -20.2239 22.0315 4
      vertex -20.2239 22.0315 0
    endloop
  endfacet
  facet normal -0.999476 -0.0323571 0
    outer loop
      vertex -20.2239 22.0315 4
      vertex -20.2203 21.9203 0
      vertex -20.2203 21.9203 4
    endloop
  endfacet
  facet normal -0.97398 -0.226633 0
    outer loop
      vertex -20.253 22.252 0
      vertex -20.2782 22.3603 4
      vertex -20.2782 22.3603 0
    endloop
  endfacet
  facet normal -0.97398 -0.226633 0
    outer loop
      vertex -20.2782 22.3603 4
      vertex -20.253 22.252 0
      vertex -20.253 22.252 4
    endloop
  endfacet
  facet normal -0.910859 -0.412719 0
    outer loop
      vertex -20.3497 22.5709 0
      vertex -20.3956 22.6722 4
      vertex -20.3956 22.6722 0
    endloop
  endfacet
  facet normal -0.910859 -0.412719 0
    outer loop
      vertex -20.3956 22.6722 4
      vertex -20.3497 22.5709 0
      vertex -20.3497 22.5709 4
    endloop
  endfacet
  facet normal -0.81276 -0.582598 0
    outer loop
      vertex -20.5068 22.8648 0
      vertex -20.5716 22.9552 4
      vertex -20.5716 22.9552 0
    endloop
  endfacet
  facet normal -0.81276 -0.582598 0
    outer loop
      vertex -20.5716 22.9552 4
      vertex -20.5068 22.8648 0
      vertex -20.5068 22.8648 4
    endloop
  endfacet
  facet normal -0.974026 0.226434 0
    outer loop
      vertex -20.2782 21.4803 0
      vertex -20.253 21.5887 4
      vertex -20.253 21.5887 0
    endloop
  endfacet
  facet normal -0.974026 0.226434 0
    outer loop
      vertex -20.253 21.5887 4
      vertex -20.2782 21.4803 0
      vertex -20.2782 21.4803 4
    endloop
  endfacet
  facet normal 0.772915 -0.634509 0
    outer loop
      vertex -23.269 22.9552 4
      vertex -23.1984 23.0412 0
      vertex -23.1984 23.0412 4
    endloop
  endfacet
  facet normal 0.772915 -0.634509 0
    outer loop
      vertex -23.1984 23.0412 0
      vertex -23.269 22.9552 4
      vertex -23.269 22.9552 0
    endloop
  endfacet
  facet normal 0.882054 -0.471148 0
    outer loop
      vertex -23.445 22.6722 4
      vertex -23.3926 22.7703 0
      vertex -23.3926 22.7703 4
    endloop
  endfacet
  facet normal 0.882054 -0.471148 0
    outer loop
      vertex -23.3926 22.7703 0
      vertex -23.445 22.6722 4
      vertex -23.445 22.6722 0
    endloop
  endfacet
  facet normal 0.910859 -0.412719 0
    outer loop
      vertex -23.4909 22.5709 4
      vertex -23.445 22.6722 0
      vertex -23.445 22.6722 4
    endloop
  endfacet
  facet normal 0.910859 -0.412719 0
    outer loop
      vertex -23.445 22.6722 0
      vertex -23.4909 22.5709 4
      vertex -23.4909 22.5709 0
    endloop
  endfacet
  facet normal 0.849057 0.528302 0
    outer loop
      vertex -23.3338 20.9758 4
      vertex -23.3926 21.0703 0
      vertex -23.3926 21.0703 4
    endloop
  endfacet
  facet normal 0.849057 0.528302 0
    outer loop
      vertex -23.3926 21.0703 0
      vertex -23.3338 20.9758 4
      vertex -23.3338 20.9758 0
    endloop
  endfacet
  facet normal 0.910859 0.412719 0
    outer loop
      vertex -23.445 21.1684 4
      vertex -23.4909 21.2697 0
      vertex -23.4909 21.2697 4
    endloop
  endfacet
  facet normal 0.910859 0.412719 0
    outer loop
      vertex -23.4909 21.2697 0
      vertex -23.445 21.1684 4
      vertex -23.445 21.1684 0
    endloop
  endfacet
  facet normal 0.882054 0.471148 0
    outer loop
      vertex -23.3926 21.0703 4
      vertex -23.445 21.1684 0
      vertex -23.445 21.1684 4
    endloop
  endfacet
  facet normal 0.882054 0.471148 0
    outer loop
      vertex -23.445 21.1684 0
      vertex -23.3926 21.0703 4
      vertex -23.3926 21.0703 0
    endloop
  endfacet
  facet normal 0.772915 0.634509 0
    outer loop
      vertex -23.1984 20.7994 4
      vertex -23.269 20.8854 0
      vertex -23.269 20.8854 4
    endloop
  endfacet
  facet normal 0.772915 0.634509 0
    outer loop
      vertex -23.269 20.8854 0
      vertex -23.1984 20.7994 4
      vertex -23.1984 20.7994 0
    endloop
  endfacet
  facet normal 0.93596 0.352108 0
    outer loop
      vertex -23.4909 21.2697 4
      vertex -23.5301 21.3739 0
      vertex -23.5301 21.3739 4
    endloop
  endfacet
  facet normal 0.93596 0.352108 0
    outer loop
      vertex -23.5301 21.3739 0
      vertex -23.4909 21.2697 4
      vertex -23.4909 21.2697 0
    endloop
  endfacet
  facet normal 0.974026 0.226434 0
    outer loop
      vertex -23.5624 21.4803 4
      vertex -23.5876 21.5887 0
      vertex -23.5876 21.5887 4
    endloop
  endfacet
  facet normal 0.974026 0.226434 0
    outer loop
      vertex -23.5876 21.5887 0
      vertex -23.5624 21.4803 4
      vertex -23.5624 21.4803 0
    endloop
  endfacet
  facet normal 0.956881 0.290482 0
    outer loop
      vertex -23.5301 21.3739 4
      vertex -23.5624 21.4803 0
      vertex -23.5624 21.4803 4
    endloop
  endfacet
  facet normal 0.956881 0.290482 0
    outer loop
      vertex -23.5624 21.4803 0
      vertex -23.5301 21.3739 4
      vertex -23.5301 21.3739 0
    endloop
  endfacet
  facet normal 0.986515 0.16367 0
    outer loop
      vertex -23.5876 21.5887 4
      vertex -23.6058 21.6984 0
      vertex -23.6058 21.6984 4
    endloop
  endfacet
  facet normal 0.986515 0.16367 0
    outer loop
      vertex -23.6058 21.6984 0
      vertex -23.5876 21.5887 4
      vertex -23.5876 21.5887 0
    endloop
  endfacet
  facet normal -0.290482 0.956881 0
    outer loop
      vertex -21.3739 20.3105 0
      vertex -21.4803 20.2782 4
      vertex -21.3739 20.3105 4
    endloop
  endfacet
  facet normal -0.290482 0.956881 0
    outer loop
      vertex -21.4803 20.2782 4
      vertex -21.3739 20.3105 0
      vertex -21.4803 20.2782 0
    endloop
  endfacet
  facet normal -0.634509 0.772915 0
    outer loop
      vertex -20.7994 20.6422 0
      vertex -20.8854 20.5716 4
      vertex -20.7994 20.6422 4
    endloop
  endfacet
  facet normal -0.634509 0.772915 0
    outer loop
      vertex -20.8854 20.5716 4
      vertex -20.7994 20.6422 0
      vertex -20.8854 20.5716 0
    endloop
  endfacet
  facet normal 0.226633 0.97398 -0
    outer loop
      vertex -22.252 20.253 0
      vertex -22.3603 20.2782 4
      vertex -22.252 20.253 4
    endloop
  endfacet
  facet normal 0.226633 0.97398 0
    outer loop
      vertex -22.3603 20.2782 4
      vertex -22.252 20.253 0
      vertex -22.3603 20.2782 0
    endloop
  endfacet
  facet normal 0.352404 0.935848 -0
    outer loop
      vertex -22.4668 20.3105 0
      vertex -22.5709 20.3497 4
      vertex -22.4668 20.3105 4
    endloop
  endfacet
  facet normal 0.352404 0.935848 0
    outer loop
      vertex -22.5709 20.3497 4
      vertex -22.4668 20.3105 0
      vertex -22.5709 20.3497 0
    endloop
  endfacet
  facet normal 0.290232 0.956956 -0
    outer loop
      vertex -22.3603 20.2782 0
      vertex -22.4668 20.3105 4
      vertex -22.3603 20.2782 4
    endloop
  endfacet
  facet normal 0.290232 0.956956 0
    outer loop
      vertex -22.4668 20.3105 4
      vertex -22.3603 20.2782 0
      vertex -22.4668 20.3105 0
    endloop
  endfacet
  facet normal 0.0323571 0.999476 -0
    outer loop
      vertex -21.9203 20.2203 0
      vertex -22.0315 20.2239 4
      vertex -21.9203 20.2203 4
    endloop
  endfacet
  facet normal 0.0323571 0.999476 0
    outer loop
      vertex -22.0315 20.2239 4
      vertex -21.9203 20.2203 0
      vertex -22.0315 20.2239 0
    endloop
  endfacet
  facet normal 0.16265 0.986684 -0
    outer loop
      vertex -22.1422 20.2349 0
      vertex -22.252 20.253 4
      vertex -22.1422 20.2349 4
    endloop
  endfacet
  facet normal 0.16265 0.986684 0
    outer loop
      vertex -22.252 20.253 4
      vertex -22.1422 20.2349 0
      vertex -22.252 20.253 0
    endloop
  endfacet
  facet normal 0.0988807 0.995099 -0
    outer loop
      vertex -22.0315 20.2239 0
      vertex -22.1422 20.2349 4
      vertex -22.0315 20.2239 4
    endloop
  endfacet
  facet normal 0.0988807 0.995099 0
    outer loop
      vertex -22.1422 20.2349 4
      vertex -22.0315 20.2239 0
      vertex -22.1422 20.2349 0
    endloop
  endfacet
  facet normal 0.412719 0.910859 -0
    outer loop
      vertex -22.5709 20.3497 0
      vertex -22.6722 20.3956 4
      vertex -22.5709 20.3497 4
    endloop
  endfacet
  facet normal 0.412719 0.910859 0
    outer loop
      vertex -22.6722 20.3956 4
      vertex -22.5709 20.3497 0
      vertex -22.6722 20.3956 0
    endloop
  endfacet
  facet normal 0.527654 0.84946 -0
    outer loop
      vertex -22.7703 20.4481 0
      vertex -22.8648 20.5068 4
      vertex -22.7703 20.4481 4
    endloop
  endfacet
  facet normal 0.527654 0.84946 0
    outer loop
      vertex -22.8648 20.5068 4
      vertex -22.7703 20.4481 0
      vertex -22.8648 20.5068 0
    endloop
  endfacet
  facet normal 0.471847 0.88168 -0
    outer loop
      vertex -22.6722 20.3956 0
      vertex -22.7703 20.4481 4
      vertex -22.6722 20.3956 4
    endloop
  endfacet
  facet normal 0.471847 0.88168 0
    outer loop
      vertex -22.7703 20.4481 4
      vertex -22.6722 20.3956 0
      vertex -22.7703 20.4481 0
    endloop
  endfacet
  facet normal 0.634509 0.772915 -0
    outer loop
      vertex -22.9552 20.5716 0
      vertex -23.0412 20.6422 4
      vertex -22.9552 20.5716 4
    endloop
  endfacet
  facet normal 0.634509 0.772915 0
    outer loop
      vertex -23.0412 20.6422 4
      vertex -22.9552 20.5716 0
      vertex -23.0412 20.6422 0
    endloop
  endfacet
  facet normal 0.683343 -0.730098 0
    outer loop
      vertex -23.1224 23.1224 0
      vertex -23.0412 23.1984 4
      vertex -23.1224 23.1224 4
    endloop
  endfacet
  facet normal 0.683343 -0.730098 0
    outer loop
      vertex -23.0412 23.1984 4
      vertex -23.1224 23.1224 0
      vertex -23.0412 23.1984 0
    endloop
  endfacet
  facet normal -0.683343 -0.730098 0
    outer loop
      vertex -20.7994 23.1984 0
      vertex -20.7182 23.1224 4
      vertex -20.7994 23.1984 4
    endloop
  endfacet
  facet normal -0.683343 -0.730098 -0
    outer loop
      vertex -20.7182 23.1224 4
      vertex -20.7994 23.1984 0
      vertex -20.7182 23.1224 0
    endloop
  endfacet
  facet normal -0.471148 -0.882054 0
    outer loop
      vertex -21.1684 23.445 0
      vertex -21.0703 23.3926 4
      vertex -21.1684 23.445 4
    endloop
  endfacet
  facet normal -0.471148 -0.882054 -0
    outer loop
      vertex -21.0703 23.3926 4
      vertex -21.1684 23.445 0
      vertex -21.0703 23.3926 0
    endloop
  endfacet
  facet normal -0.0979904 -0.995187 0
    outer loop
      vertex -21.8091 23.6167 0
      vertex -21.6984 23.6058 4
      vertex -21.8091 23.6167 4
    endloop
  endfacet
  facet normal -0.0979904 -0.995187 -0
    outer loop
      vertex -21.6984 23.6058 4
      vertex -21.8091 23.6167 0
      vertex -21.6984 23.6058 0
    endloop
  endfacet
  facet normal -0.290482 -0.956881 0
    outer loop
      vertex -21.4803 23.5624 0
      vertex -21.3739 23.5301 4
      vertex -21.4803 23.5624 4
    endloop
  endfacet
  facet normal -0.290482 -0.956881 -0
    outer loop
      vertex -21.3739 23.5301 4
      vertex -21.4803 23.5624 0
      vertex -21.3739 23.5301 0
    endloop
  endfacet
  facet normal 0.0323571 -0.999476 0
    outer loop
      vertex -22.0315 23.6167 0
      vertex -21.9203 23.6203 4
      vertex -22.0315 23.6167 4
    endloop
  endfacet
  facet normal 0.0323571 -0.999476 0
    outer loop
      vertex -21.9203 23.6203 4
      vertex -22.0315 23.6167 0
      vertex -21.9203 23.6203 0
    endloop
  endfacet
  facet normal 0.226633 -0.97398 0
    outer loop
      vertex -22.3603 23.5624 0
      vertex -22.252 23.5876 4
      vertex -22.3603 23.5624 4
    endloop
  endfacet
  facet normal 0.226633 -0.97398 0
    outer loop
      vertex -22.252 23.5876 4
      vertex -22.3603 23.5624 0
      vertex -22.252 23.5876 0
    endloop
  endfacet
  facet normal 0.290232 -0.956956 0
    outer loop
      vertex -22.4668 23.5301 0
      vertex -22.3603 23.5624 4
      vertex -22.4668 23.5301 4
    endloop
  endfacet
  facet normal 0.290232 -0.956956 0
    outer loop
      vertex -22.3603 23.5624 4
      vertex -22.4668 23.5301 0
      vertex -22.3603 23.5624 0
    endloop
  endfacet
  facet normal 0.412719 -0.910859 0
    outer loop
      vertex -22.6722 23.445 0
      vertex -22.5709 23.4909 4
      vertex -22.6722 23.445 4
    endloop
  endfacet
  facet normal 0.412719 -0.910859 0
    outer loop
      vertex -22.5709 23.4909 4
      vertex -22.6722 23.445 0
      vertex -22.5709 23.4909 0
    endloop
  endfacet
  facet normal 0.582598 -0.81276 0
    outer loop
      vertex -22.9552 23.269 0
      vertex -22.8648 23.3338 4
      vertex -22.9552 23.269 4
    endloop
  endfacet
  facet normal 0.582598 -0.81276 0
    outer loop
      vertex -22.8648 23.3338 4
      vertex -22.9552 23.269 0
      vertex -22.8648 23.3338 0
    endloop
  endfacet
  facet normal -0.986684 -0.16265 0
    outer loop
      vertex -20.2349 22.1422 0
      vertex -20.253 22.252 4
      vertex -20.253 22.252 0
    endloop
  endfacet
  facet normal -0.986684 -0.16265 0
    outer loop
      vertex -20.253 22.252 4
      vertex -20.2349 22.1422 0
      vertex -20.2349 22.1422 4
    endloop
  endfacet
  facet normal -0.88168 -0.471847 0
    outer loop
      vertex -20.3956 22.6722 0
      vertex -20.4481 22.7703 4
      vertex -20.4481 22.7703 0
    endloop
  endfacet
  facet normal -0.88168 -0.471847 0
    outer loop
      vertex -20.4481 22.7703 4
      vertex -20.3956 22.6722 0
      vertex -20.3956 22.6722 4
    endloop
  endfacet
  facet normal -0.84946 -0.527654 0
    outer loop
      vertex -20.4481 22.7703 0
      vertex -20.5068 22.8648 4
      vertex -20.5068 22.8648 0
    endloop
  endfacet
  facet normal -0.84946 -0.527654 0
    outer loop
      vertex -20.5068 22.8648 4
      vertex -20.4481 22.7703 0
      vertex -20.4481 22.7703 4
    endloop
  endfacet
  facet normal -0.772915 -0.634509 0
    outer loop
      vertex -20.5716 22.9552 0
      vertex -20.6422 23.0412 4
      vertex -20.6422 23.0412 0
    endloop
  endfacet
  facet normal -0.772915 -0.634509 0
    outer loop
      vertex -20.6422 23.0412 4
      vertex -20.5716 22.9552 0
      vertex -20.5716 22.9552 4
    endloop
  endfacet
  facet normal -0.93596 0.352108 0
    outer loop
      vertex -20.3497 21.2697 0
      vertex -20.3105 21.3739 4
      vertex -20.3105 21.3739 0
    endloop
  endfacet
  facet normal -0.93596 0.352108 0
    outer loop
      vertex -20.3105 21.3739 4
      vertex -20.3497 21.2697 0
      vertex -20.3497 21.2697 4
    endloop
  endfacet
  facet normal -0.956881 0.290482 0
    outer loop
      vertex -20.3105 21.3739 0
      vertex -20.2782 21.4803 4
      vertex -20.2782 21.4803 0
    endloop
  endfacet
  facet normal -0.956881 0.290482 0
    outer loop
      vertex -20.2782 21.4803 4
      vertex -20.3105 21.3739 0
      vertex -20.3105 21.3739 4
    endloop
  endfacet
  facet normal -0.98666 0.162794 0
    outer loop
      vertex -20.253 21.5887 0
      vertex -20.2349 21.6984 4
      vertex -20.2349 21.6984 0
    endloop
  endfacet
  facet normal -0.98666 0.162794 0
    outer loop
      vertex -20.2349 21.6984 4
      vertex -20.253 21.5887 0
      vertex -20.253 21.5887 4
    endloop
  endfacet
  facet normal -0.84946 0.527654 0
    outer loop
      vertex -20.5068 20.9758 0
      vertex -20.4481 21.0703 4
      vertex -20.4481 21.0703 0
    endloop
  endfacet
  facet normal -0.84946 0.527654 0
    outer loop
      vertex -20.4481 21.0703 4
      vertex -20.5068 20.9758 0
      vertex -20.5068 20.9758 4
    endloop
  endfacet
  facet normal -0.81276 0.582598 0
    outer loop
      vertex -20.5716 20.8854 0
      vertex -20.5068 20.9758 4
      vertex -20.5068 20.9758 0
    endloop
  endfacet
  facet normal -0.81276 0.582598 0
    outer loop
      vertex -20.5068 20.9758 4
      vertex -20.5716 20.8854 0
      vertex -20.5716 20.8854 4
    endloop
  endfacet
  facet normal -0.730098 0.683343 0
    outer loop
      vertex -20.7182 20.7182 0
      vertex -20.6422 20.7994 4
      vertex -20.6422 20.7994 0
    endloop
  endfacet
  facet normal -0.730098 0.683343 0
    outer loop
      vertex -20.6422 20.7994 4
      vertex -20.7182 20.7182 0
      vertex -20.7182 20.7182 4
    endloop
  endfacet
  facet normal 0.97398 -0.226633 0
    outer loop
      vertex -23.5876 22.252 4
      vertex -23.5624 22.3603 0
      vertex -23.5624 22.3603 4
    endloop
  endfacet
  facet normal 0.97398 -0.226633 0
    outer loop
      vertex -23.5624 22.3603 0
      vertex -23.5876 22.252 4
      vertex -23.5876 22.252 0
    endloop
  endfacet
  facet normal 0.995187 0.0979904 0
    outer loop
      vertex -23.6058 21.6984 4
      vertex -23.6167 21.8091 0
      vertex -23.6167 21.8091 4
    endloop
  endfacet
  facet normal 0.995187 0.0979904 0
    outer loop
      vertex -23.6167 21.8091 0
      vertex -23.6058 21.6984 4
      vertex -23.6058 21.6984 0
    endloop
  endfacet
  facet normal -0.162794 0.98666 0
    outer loop
      vertex -21.5887 20.253 0
      vertex -21.6984 20.2349 4
      vertex -21.5887 20.253 4
    endloop
  endfacet
  facet normal -0.162794 0.98666 0
    outer loop
      vertex -21.6984 20.2349 4
      vertex -21.5887 20.253 0
      vertex -21.6984 20.2349 0
    endloop
  endfacet
  facet normal -0.527654 0.84946 0
    outer loop
      vertex -20.9758 20.5068 0
      vertex -21.0703 20.4481 4
      vertex -20.9758 20.5068 4
    endloop
  endfacet
  facet normal -0.527654 0.84946 0
    outer loop
      vertex -21.0703 20.4481 4
      vertex -20.9758 20.5068 0
      vertex -21.0703 20.4481 0
    endloop
  endfacet
  facet normal 0.634509 -0.772915 0
    outer loop
      vertex -23.0412 23.1984 0
      vertex -22.9552 23.269 4
      vertex -23.0412 23.1984 4
    endloop
  endfacet
  facet normal 0.634509 -0.772915 0
    outer loop
      vertex -22.9552 23.269 4
      vertex -23.0412 23.1984 0
      vertex -22.9552 23.269 0
    endloop
  endfacet
  facet normal -0.956956 -0.290232 0
    outer loop
      vertex -20.2782 22.3603 0
      vertex -20.3105 22.4668 4
      vertex -20.3105 22.4668 0
    endloop
  endfacet
  facet normal -0.956956 -0.290232 0
    outer loop
      vertex -20.3105 22.4668 4
      vertex -20.2782 22.3603 0
      vertex -20.2782 22.3603 4
    endloop
  endfacet
  facet normal -0.995099 0.0988807 0
    outer loop
      vertex -20.2349 21.6984 0
      vertex -20.2239 21.8091 4
      vertex -20.2239 21.8091 0
    endloop
  endfacet
  facet normal -0.995099 0.0988807 0
    outer loop
      vertex -20.2239 21.8091 4
      vertex -20.2349 21.6984 0
      vertex -20.2349 21.6984 4
    endloop
  endfacet
  facet normal -0.88168 0.471847 0
    outer loop
      vertex -20.4481 21.0703 0
      vertex -20.3956 21.1684 4
      vertex -20.3956 21.1684 0
    endloop
  endfacet
  facet normal -0.88168 0.471847 0
    outer loop
      vertex -20.3956 21.1684 4
      vertex -20.4481 21.0703 0
      vertex -20.4481 21.0703 4
    endloop
  endfacet
  facet normal -0.772915 0.634509 0
    outer loop
      vertex -20.6422 20.7994 0
      vertex -20.5716 20.8854 4
      vertex -20.5716 20.8854 0
    endloop
  endfacet
  facet normal -0.772915 0.634509 0
    outer loop
      vertex -20.5716 20.8854 4
      vertex -20.6422 20.7994 0
      vertex -20.6422 20.7994 4
    endloop
  endfacet
  facet normal 0.683343 0.730098 -0
    outer loop
      vertex -23.0412 -23.1984 0
      vertex -23.1224 -23.1224 4
      vertex -23.0412 -23.1984 4
    endloop
  endfacet
  facet normal 0.683343 0.730098 0
    outer loop
      vertex -23.1224 -23.1224 4
      vertex -23.0412 -23.1984 0
      vertex -23.1224 -23.1224 0
    endloop
  endfacet
  facet normal -0.730098 -0.683343 0
    outer loop
      vertex -20.6422 -20.7994 0
      vertex -20.7182 -20.7182 4
      vertex -20.7182 -20.7182 0
    endloop
  endfacet
  facet normal -0.730098 -0.683343 0
    outer loop
      vertex -20.7182 -20.7182 4
      vertex -20.6422 -20.7994 0
      vertex -20.6422 -20.7994 4
    endloop
  endfacet
  facet normal -0.683343 0.730098 0
    outer loop
      vertex -20.7182 -23.1224 0
      vertex -20.7994 -23.1984 4
      vertex -20.7182 -23.1224 4
    endloop
  endfacet
  facet normal -0.683343 0.730098 0
    outer loop
      vertex -20.7994 -23.1984 4
      vertex -20.7182 -23.1224 0
      vertex -20.7994 -23.1984 0
    endloop
  endfacet
  facet normal 0.683343 -0.730098 0
    outer loop
      vertex -23.1224 -20.7182 0
      vertex -23.0412 -20.6422 4
      vertex -23.1224 -20.7182 4
    endloop
  endfacet
  facet normal 0.683343 -0.730098 0
    outer loop
      vertex -23.0412 -20.6422 4
      vertex -23.1224 -20.7182 0
      vertex -23.0412 -20.6422 0
    endloop
  endfacet
  facet normal -0.0323571 -0.999476 0
    outer loop
      vertex -21.9203 -20.2203 0
      vertex -21.8091 -20.2239 4
      vertex -21.9203 -20.2203 4
    endloop
  endfacet
  facet normal -0.0323571 -0.999476 -0
    outer loop
      vertex -21.8091 -20.2239 4
      vertex -21.9203 -20.2203 0
      vertex -21.8091 -20.2239 0
    endloop
  endfacet
  facet normal 0.999476 -0.0323571 0
    outer loop
      vertex -23.6203 -21.9203 4
      vertex -23.6167 -21.8091 0
      vertex -23.6167 -21.8091 4
    endloop
  endfacet
  facet normal 0.999476 -0.0323571 0
    outer loop
      vertex -23.6167 -21.8091 0
      vertex -23.6203 -21.9203 4
      vertex -23.6203 -21.9203 0
    endloop
  endfacet
  facet normal 0.0323571 0.999476 -0
    outer loop
      vertex -21.9203 -23.6203 0
      vertex -22.0315 -23.6167 4
      vertex -21.9203 -23.6203 4
    endloop
  endfacet
  facet normal 0.0323571 0.999476 0
    outer loop
      vertex -22.0315 -23.6167 4
      vertex -21.9203 -23.6203 0
      vertex -22.0315 -23.6167 0
    endloop
  endfacet
  facet normal -0.352108 0.93596 0
    outer loop
      vertex -21.2697 -23.4909 0
      vertex -21.3739 -23.5301 4
      vertex -21.2697 -23.4909 4
    endloop
  endfacet
  facet normal -0.352108 0.93596 0
    outer loop
      vertex -21.3739 -23.5301 4
      vertex -21.2697 -23.4909 0
      vertex -21.3739 -23.5301 0
    endloop
  endfacet
  facet normal -0.974026 -0.226434 0
    outer loop
      vertex -20.253 -21.5887 0
      vertex -20.2782 -21.4803 4
      vertex -20.2782 -21.4803 0
    endloop
  endfacet
  facet normal -0.974026 -0.226434 0
    outer loop
      vertex -20.2782 -21.4803 4
      vertex -20.253 -21.5887 0
      vertex -20.253 -21.5887 4
    endloop
  endfacet
  facet normal -0.995099 -0.0988807 0
    outer loop
      vertex -20.2239 -21.8091 0
      vertex -20.2349 -21.6984 4
      vertex -20.2349 -21.6984 0
    endloop
  endfacet
  facet normal -0.995099 -0.0988807 0
    outer loop
      vertex -20.2349 -21.6984 4
      vertex -20.2239 -21.8091 0
      vertex -20.2239 -21.8091 4
    endloop
  endfacet
  facet normal -0.999476 0.0323571 0
    outer loop
      vertex -20.2239 -22.0315 0
      vertex -20.2203 -21.9203 4
      vertex -20.2203 -21.9203 0
    endloop
  endfacet
  facet normal -0.999476 0.0323571 0
    outer loop
      vertex -20.2203 -21.9203 4
      vertex -20.2239 -22.0315 0
      vertex -20.2239 -22.0315 4
    endloop
  endfacet
  facet normal -0.772915 0.634509 0
    outer loop
      vertex -20.6422 -23.0412 0
      vertex -20.5716 -22.9552 4
      vertex -20.5716 -22.9552 0
    endloop
  endfacet
  facet normal -0.772915 0.634509 0
    outer loop
      vertex -20.5716 -22.9552 4
      vertex -20.6422 -23.0412 0
      vertex -20.6422 -23.0412 4
    endloop
  endfacet
  facet normal 0.97398 0.226633 0
    outer loop
      vertex -23.5624 -22.3603 4
      vertex -23.5876 -22.252 0
      vertex -23.5876 -22.252 4
    endloop
  endfacet
  facet normal 0.97398 0.226633 0
    outer loop
      vertex -23.5876 -22.252 0
      vertex -23.5624 -22.3603 4
      vertex -23.5624 -22.3603 0
    endloop
  endfacet
  facet normal 0.849057 -0.528302 0
    outer loop
      vertex -23.3926 -21.0703 4
      vertex -23.3338 -20.9758 0
      vertex -23.3338 -20.9758 4
    endloop
  endfacet
  facet normal 0.849057 -0.528302 0
    outer loop
      vertex -23.3338 -20.9758 0
      vertex -23.3926 -21.0703 4
      vertex -23.3926 -21.0703 0
    endloop
  endfacet
  facet normal 0.412719 -0.910859 0
    outer loop
      vertex -22.6722 -20.3956 0
      vertex -22.5709 -20.3497 4
      vertex -22.6722 -20.3956 4
    endloop
  endfacet
  facet normal 0.412719 -0.910859 0
    outer loop
      vertex -22.5709 -20.3497 4
      vertex -22.6722 -20.3956 0
      vertex -22.5709 -20.3497 0
    endloop
  endfacet
  facet normal -0.582598 -0.81276 0
    outer loop
      vertex -20.9758 -20.5068 0
      vertex -20.8854 -20.5716 4
      vertex -20.9758 -20.5068 4
    endloop
  endfacet
  facet normal -0.582598 -0.81276 -0
    outer loop
      vertex -20.8854 -20.5716 4
      vertex -20.9758 -20.5068 0
      vertex -20.8854 -20.5716 0
    endloop
  endfacet
  facet normal 0.471148 0.882054 -0
    outer loop
      vertex -22.6722 -23.445 0
      vertex -22.7703 -23.3926 4
      vertex -22.6722 -23.445 4
    endloop
  endfacet
  facet normal 0.471148 0.882054 0
    outer loop
      vertex -22.7703 -23.3926 4
      vertex -22.6722 -23.445 0
      vertex -22.7703 -23.3926 0
    endloop
  endfacet
  facet normal 0.0979904 0.995187 -0
    outer loop
      vertex -22.0315 -23.6167 0
      vertex -22.1422 -23.6058 4
      vertex -22.0315 -23.6167 4
    endloop
  endfacet
  facet normal 0.0979904 0.995187 0
    outer loop
      vertex -22.1422 -23.6058 4
      vertex -22.0315 -23.6167 0
      vertex -22.1422 -23.6058 0
    endloop
  endfacet
  facet normal 0.163525 0.986539 -0
    outer loop
      vertex -22.1422 -23.6058 0
      vertex -22.252 -23.5876 4
      vertex -22.1422 -23.6058 4
    endloop
  endfacet
  facet normal 0.163525 0.986539 0
    outer loop
      vertex -22.252 -23.5876 4
      vertex -22.1422 -23.6058 0
      vertex -22.252 -23.5876 0
    endloop
  endfacet
  facet normal 0.290232 0.956956 -0
    outer loop
      vertex -22.3603 -23.5624 0
      vertex -22.4668 -23.5301 4
      vertex -22.3603 -23.5624 4
    endloop
  endfacet
  facet normal 0.290232 0.956956 0
    outer loop
      vertex -22.4668 -23.5301 4
      vertex -22.3603 -23.5624 0
      vertex -22.4668 -23.5301 0
    endloop
  endfacet
  facet normal -0.528302 0.849057 0
    outer loop
      vertex -20.9758 -23.3338 0
      vertex -21.0703 -23.3926 4
      vertex -20.9758 -23.3338 4
    endloop
  endfacet
  facet normal -0.528302 0.849057 0
    outer loop
      vertex -21.0703 -23.3926 4
      vertex -20.9758 -23.3338 0
      vertex -21.0703 -23.3926 0
    endloop
  endfacet
  facet normal -0.582598 0.81276 0
    outer loop
      vertex -20.8854 -23.269 0
      vertex -20.9758 -23.3338 4
      vertex -20.8854 -23.269 4
    endloop
  endfacet
  facet normal -0.582598 0.81276 0
    outer loop
      vertex -20.9758 -23.3338 4
      vertex -20.8854 -23.269 0
      vertex -20.9758 -23.3338 0
    endloop
  endfacet
  facet normal -0.88168 -0.471847 0
    outer loop
      vertex -20.3956 -21.1684 0
      vertex -20.4481 -21.0703 4
      vertex -20.4481 -21.0703 0
    endloop
  endfacet
  facet normal -0.88168 -0.471847 0
    outer loop
      vertex -20.4481 -21.0703 4
      vertex -20.3956 -21.1684 0
      vertex -20.3956 -21.1684 4
    endloop
  endfacet
  facet normal -0.999476 -0.0323571 0
    outer loop
      vertex -20.2203 -21.9203 0
      vertex -20.2239 -21.8091 4
      vertex -20.2239 -21.8091 0
    endloop
  endfacet
  facet normal -0.999476 -0.0323571 0
    outer loop
      vertex -20.2239 -21.8091 4
      vertex -20.2203 -21.9203 0
      vertex -20.2203 -21.9203 4
    endloop
  endfacet
  facet normal -0.81276 -0.582598 0
    outer loop
      vertex -20.5068 -20.9758 0
      vertex -20.5716 -20.8854 4
      vertex -20.5716 -20.8854 0
    endloop
  endfacet
  facet normal -0.81276 -0.582598 0
    outer loop
      vertex -20.5716 -20.8854 4
      vertex -20.5068 -20.9758 0
      vertex -20.5068 -20.9758 4
    endloop
  endfacet
  facet normal -0.97398 0.226633 0
    outer loop
      vertex -20.2782 -22.3603 0
      vertex -20.253 -22.252 4
      vertex -20.253 -22.252 0
    endloop
  endfacet
  facet normal -0.97398 0.226633 0
    outer loop
      vertex -20.253 -22.252 4
      vertex -20.2782 -22.3603 0
      vertex -20.2782 -22.3603 4
    endloop
  endfacet
  facet normal -0.910859 0.412719 0
    outer loop
      vertex -20.3956 -22.6722 0
      vertex -20.3497 -22.5709 4
      vertex -20.3497 -22.5709 0
    endloop
  endfacet
  facet normal -0.910859 0.412719 0
    outer loop
      vertex -20.3497 -22.5709 4
      vertex -20.3956 -22.6722 0
      vertex -20.3956 -22.6722 4
    endloop
  endfacet
  facet normal -0.730098 0.683343 0
    outer loop
      vertex -20.7182 -23.1224 0
      vertex -20.6422 -23.0412 4
      vertex -20.6422 -23.0412 0
    endloop
  endfacet
  facet normal -0.730098 0.683343 0
    outer loop
      vertex -20.6422 -23.0412 4
      vertex -20.7182 -23.1224 0
      vertex -20.7182 -23.1224 4
    endloop
  endfacet
  facet normal 0.81276 -0.582598 0
    outer loop
      vertex -23.3338 -20.9758 4
      vertex -23.269 -20.8854 0
      vertex -23.269 -20.8854 4
    endloop
  endfacet
  facet normal 0.81276 -0.582598 0
    outer loop
      vertex -23.269 -20.8854 0
      vertex -23.3338 -20.9758 4
      vertex -23.3338 -20.9758 0
    endloop
  endfacet
  facet normal 0.93596 -0.352108 0
    outer loop
      vertex -23.5301 -21.3739 4
      vertex -23.4909 -21.2697 0
      vertex -23.4909 -21.2697 4
    endloop
  endfacet
  facet normal 0.93596 -0.352108 0
    outer loop
      vertex -23.4909 -21.2697 0
      vertex -23.5301 -21.3739 4
      vertex -23.5301 -21.3739 0
    endloop
  endfacet
  facet normal 0.986515 -0.16367 0
    outer loop
      vertex -23.6058 -21.6984 4
      vertex -23.5876 -21.5887 0
      vertex -23.5876 -21.5887 4
    endloop
  endfacet
  facet normal 0.986515 -0.16367 0
    outer loop
      vertex -23.5876 -21.5887 0
      vertex -23.6058 -21.6984 4
      vertex -23.6058 -21.6984 0
    endloop
  endfacet
  facet normal 0.956881 -0.290482 0
    outer loop
      vertex -23.5624 -21.4803 4
      vertex -23.5301 -21.3739 0
      vertex -23.5301 -21.3739 4
    endloop
  endfacet
  facet normal 0.956881 -0.290482 0
    outer loop
      vertex -23.5301 -21.3739 0
      vertex -23.5624 -21.4803 4
      vertex -23.5624 -21.4803 0
    endloop
  endfacet
  facet normal 0.849057 0.528302 0
    outer loop
      vertex -23.3338 -22.8648 4
      vertex -23.3926 -22.7703 0
      vertex -23.3926 -22.7703 4
    endloop
  endfacet
  facet normal 0.849057 0.528302 0
    outer loop
      vertex -23.3926 -22.7703 0
      vertex -23.3338 -22.8648 4
      vertex -23.3338 -22.8648 0
    endloop
  endfacet
  facet normal 0.81276 0.582598 0
    outer loop
      vertex -23.269 -22.9552 4
      vertex -23.3338 -22.8648 0
      vertex -23.3338 -22.8648 4
    endloop
  endfacet
  facet normal 0.81276 0.582598 0
    outer loop
      vertex -23.3338 -22.8648 0
      vertex -23.269 -22.9552 4
      vertex -23.269 -22.9552 0
    endloop
  endfacet
  facet normal 0.0988807 -0.995099 0
    outer loop
      vertex -22.1422 -20.2349 0
      vertex -22.0315 -20.2239 4
      vertex -22.1422 -20.2349 4
    endloop
  endfacet
  facet normal 0.0988807 -0.995099 0
    outer loop
      vertex -22.0315 -20.2239 4
      vertex -22.1422 -20.2349 0
      vertex -22.0315 -20.2239 0
    endloop
  endfacet
  facet normal 0.226633 -0.97398 0
    outer loop
      vertex -22.3603 -20.2782 0
      vertex -22.252 -20.253 4
      vertex -22.3603 -20.2782 4
    endloop
  endfacet
  facet normal 0.226633 -0.97398 0
    outer loop
      vertex -22.252 -20.253 4
      vertex -22.3603 -20.2782 0
      vertex -22.252 -20.253 0
    endloop
  endfacet
  facet normal 0.582598 -0.81276 0
    outer loop
      vertex -22.9552 -20.5716 0
      vertex -22.8648 -20.5068 4
      vertex -22.9552 -20.5716 4
    endloop
  endfacet
  facet normal 0.582598 -0.81276 0
    outer loop
      vertex -22.8648 -20.5068 4
      vertex -22.9552 -20.5716 0
      vertex -22.8648 -20.5068 0
    endloop
  endfacet
  facet normal -0.226434 -0.974026 0
    outer loop
      vertex -21.5887 -20.253 0
      vertex -21.4803 -20.2782 4
      vertex -21.5887 -20.253 4
    endloop
  endfacet
  facet normal -0.226434 -0.974026 -0
    outer loop
      vertex -21.4803 -20.2782 4
      vertex -21.5887 -20.253 0
      vertex -21.4803 -20.2782 0
    endloop
  endfacet
  facet normal -0.0988807 -0.995099 0
    outer loop
      vertex -21.8091 -20.2239 0
      vertex -21.6984 -20.2349 4
      vertex -21.8091 -20.2239 4
    endloop
  endfacet
  facet normal -0.0988807 -0.995099 -0
    outer loop
      vertex -21.6984 -20.2349 4
      vertex -21.8091 -20.2239 0
      vertex -21.6984 -20.2349 0
    endloop
  endfacet
  facet normal -0.412719 -0.910859 0
    outer loop
      vertex -21.2697 -20.3497 0
      vertex -21.1684 -20.3956 4
      vertex -21.2697 -20.3497 4
    endloop
  endfacet
  facet normal -0.412719 -0.910859 -0
    outer loop
      vertex -21.1684 -20.3956 4
      vertex -21.2697 -20.3497 0
      vertex -21.1684 -20.3956 0
    endloop
  endfacet
  facet normal -0.634509 -0.772915 0
    outer loop
      vertex -20.8854 -20.5716 0
      vertex -20.7994 -20.6422 4
      vertex -20.8854 -20.5716 4
    endloop
  endfacet
  facet normal -0.634509 -0.772915 -0
    outer loop
      vertex -20.7994 -20.6422 4
      vertex -20.8854 -20.5716 0
      vertex -20.7994 -20.6422 0
    endloop
  endfacet
  facet normal 0.634509 0.772915 -0
    outer loop
      vertex -22.9552 -23.269 0
      vertex -23.0412 -23.1984 4
      vertex -22.9552 -23.269 4
    endloop
  endfacet
  facet normal 0.634509 0.772915 0
    outer loop
      vertex -23.0412 -23.1984 4
      vertex -22.9552 -23.269 0
      vertex -23.0412 -23.1984 0
    endloop
  endfacet
  facet normal 0.528302 0.849057 -0
    outer loop
      vertex -22.7703 -23.3926 0
      vertex -22.8648 -23.3338 4
      vertex -22.7703 -23.3926 4
    endloop
  endfacet
  facet normal 0.528302 0.849057 0
    outer loop
      vertex -22.8648 -23.3338 4
      vertex -22.7703 -23.3926 0
      vertex -22.8648 -23.3338 0
    endloop
  endfacet
  facet normal 0.352404 0.935848 -0
    outer loop
      vertex -22.4668 -23.5301 0
      vertex -22.5709 -23.4909 4
      vertex -22.4668 -23.5301 4
    endloop
  endfacet
  facet normal 0.352404 0.935848 0
    outer loop
      vertex -22.5709 -23.4909 4
      vertex -22.4668 -23.5301 0
      vertex -22.5709 -23.4909 0
    endloop
  endfacet
  facet normal 0.226633 0.97398 -0
    outer loop
      vertex -22.252 -23.5876 0
      vertex -22.3603 -23.5624 4
      vertex -22.252 -23.5876 4
    endloop
  endfacet
  facet normal 0.226633 0.97398 0
    outer loop
      vertex -22.3603 -23.5624 4
      vertex -22.252 -23.5876 0
      vertex -22.3603 -23.5624 0
    endloop
  endfacet
  facet normal -0.412719 0.910859 0
    outer loop
      vertex -21.1684 -23.445 0
      vertex -21.2697 -23.4909 4
      vertex -21.1684 -23.445 4
    endloop
  endfacet
  facet normal -0.412719 0.910859 0
    outer loop
      vertex -21.2697 -23.4909 4
      vertex -21.1684 -23.445 0
      vertex -21.2697 -23.4909 0
    endloop
  endfacet
  facet normal -0.471148 0.882054 0
    outer loop
      vertex -21.0703 -23.3926 0
      vertex -21.1684 -23.445 4
      vertex -21.0703 -23.3926 4
    endloop
  endfacet
  facet normal -0.471148 0.882054 0
    outer loop
      vertex -21.1684 -23.445 4
      vertex -21.0703 -23.3926 0
      vertex -21.1684 -23.445 0
    endloop
  endfacet
  facet normal -0.634509 0.772915 0
    outer loop
      vertex -20.7994 -23.1984 0
      vertex -20.8854 -23.269 4
      vertex -20.7994 -23.1984 4
    endloop
  endfacet
  facet normal -0.634509 0.772915 0
    outer loop
      vertex -20.8854 -23.269 4
      vertex -20.7994 -23.1984 0
      vertex -20.8854 -23.269 0
    endloop
  endfacet
  facet normal -0.226434 0.974026 0
    outer loop
      vertex -21.4803 -23.5624 0
      vertex -21.5887 -23.5876 4
      vertex -21.4803 -23.5624 4
    endloop
  endfacet
  facet normal -0.226434 0.974026 0
    outer loop
      vertex -21.5887 -23.5876 4
      vertex -21.4803 -23.5624 0
      vertex -21.5887 -23.5876 0
    endloop
  endfacet
  facet normal -0.16367 0.986515 0
    outer loop
      vertex -21.5887 -23.5876 0
      vertex -21.6984 -23.6058 4
      vertex -21.5887 -23.5876 4
    endloop
  endfacet
  facet normal -0.16367 0.986515 0
    outer loop
      vertex -21.6984 -23.6058 4
      vertex -21.5887 -23.5876 0
      vertex -21.6984 -23.6058 0
    endloop
  endfacet
  facet normal -0.0323571 0.999476 0
    outer loop
      vertex -21.8091 -23.6167 0
      vertex -21.9203 -23.6203 4
      vertex -21.8091 -23.6167 4
    endloop
  endfacet
  facet normal -0.0323571 0.999476 0
    outer loop
      vertex -21.9203 -23.6203 4
      vertex -21.8091 -23.6167 0
      vertex -21.9203 -23.6203 0
    endloop
  endfacet
  facet normal -0.93596 -0.352108 0
    outer loop
      vertex -20.3105 -21.3739 0
      vertex -20.3497 -21.2697 4
      vertex -20.3497 -21.2697 0
    endloop
  endfacet
  facet normal -0.93596 -0.352108 0
    outer loop
      vertex -20.3497 -21.2697 4
      vertex -20.3105 -21.3739 0
      vertex -20.3105 -21.3739 4
    endloop
  endfacet
  facet normal -0.910859 -0.412719 0
    outer loop
      vertex -20.3497 -21.2697 0
      vertex -20.3956 -21.1684 4
      vertex -20.3956 -21.1684 0
    endloop
  endfacet
  facet normal -0.910859 -0.412719 0
    outer loop
      vertex -20.3956 -21.1684 4
      vertex -20.3497 -21.2697 0
      vertex -20.3497 -21.2697 4
    endloop
  endfacet
  facet normal -0.84946 -0.527654 0
    outer loop
      vertex -20.4481 -21.0703 0
      vertex -20.5068 -20.9758 4
      vertex -20.5068 -20.9758 0
    endloop
  endfacet
  facet normal -0.84946 -0.527654 0
    outer loop
      vertex -20.5068 -20.9758 4
      vertex -20.4481 -21.0703 0
      vertex -20.4481 -21.0703 4
    endloop
  endfacet
  facet normal -0.772915 -0.634509 0
    outer loop
      vertex -20.5716 -20.8854 0
      vertex -20.6422 -20.7994 4
      vertex -20.6422 -20.7994 0
    endloop
  endfacet
  facet normal -0.772915 -0.634509 0
    outer loop
      vertex -20.6422 -20.7994 4
      vertex -20.5716 -20.8854 0
      vertex -20.5716 -20.8854 4
    endloop
  endfacet
  facet normal -0.935848 0.352404 0
    outer loop
      vertex -20.3497 -22.5709 0
      vertex -20.3105 -22.4668 4
      vertex -20.3105 -22.4668 0
    endloop
  endfacet
  facet normal -0.935848 0.352404 0
    outer loop
      vertex -20.3105 -22.4668 4
      vertex -20.3497 -22.5709 0
      vertex -20.3497 -22.5709 4
    endloop
  endfacet
  facet normal -0.986684 0.16265 0
    outer loop
      vertex -20.253 -22.252 0
      vertex -20.2349 -22.1422 4
      vertex -20.2349 -22.1422 0
    endloop
  endfacet
  facet normal -0.986684 0.16265 0
    outer loop
      vertex -20.2349 -22.1422 4
      vertex -20.253 -22.252 0
      vertex -20.253 -22.252 4
    endloop
  endfacet
  facet normal -0.956956 0.290232 0
    outer loop
      vertex -20.3105 -22.4668 0
      vertex -20.2782 -22.3603 4
      vertex -20.2782 -22.3603 0
    endloop
  endfacet
  facet normal -0.956956 0.290232 0
    outer loop
      vertex -20.2782 -22.3603 4
      vertex -20.3105 -22.4668 0
      vertex -20.3105 -22.4668 4
    endloop
  endfacet
  facet normal -0.995099 0.0988807 0
    outer loop
      vertex -20.2349 -22.1422 0
      vertex -20.2239 -22.0315 4
      vertex -20.2239 -22.0315 0
    endloop
  endfacet
  facet normal -0.995099 0.0988807 0
    outer loop
      vertex -20.2239 -22.0315 4
      vertex -20.2349 -22.1422 0
      vertex -20.2349 -22.1422 4
    endloop
  endfacet
  facet normal -0.84946 0.527654 0
    outer loop
      vertex -20.5068 -22.8648 0
      vertex -20.4481 -22.7703 4
      vertex -20.4481 -22.7703 0
    endloop
  endfacet
  facet normal -0.84946 0.527654 0
    outer loop
      vertex -20.4481 -22.7703 4
      vertex -20.5068 -22.8648 0
      vertex -20.5068 -22.8648 4
    endloop
  endfacet
  facet normal -0.88168 0.471847 0
    outer loop
      vertex -20.4481 -22.7703 0
      vertex -20.3956 -22.6722 4
      vertex -20.3956 -22.6722 0
    endloop
  endfacet
  facet normal -0.88168 0.471847 0
    outer loop
      vertex -20.3956 -22.6722 4
      vertex -20.4481 -22.7703 0
      vertex -20.4481 -22.7703 4
    endloop
  endfacet
  facet normal -0.81276 0.582598 0
    outer loop
      vertex -20.5716 -22.9552 0
      vertex -20.5068 -22.8648 4
      vertex -20.5068 -22.8648 0
    endloop
  endfacet
  facet normal -0.81276 0.582598 0
    outer loop
      vertex -20.5068 -22.8648 4
      vertex -20.5716 -22.9552 0
      vertex -20.5716 -22.9552 4
    endloop
  endfacet
  facet normal 0.730098 0.683343 0
    outer loop
      vertex -23.1224 -23.1224 4
      vertex -23.1984 -23.0412 0
      vertex -23.1984 -23.0412 4
    endloop
  endfacet
  facet normal 0.730098 0.683343 0
    outer loop
      vertex -23.1984 -23.0412 0
      vertex -23.1224 -23.1224 4
      vertex -23.1224 -23.1224 0
    endloop
  endfacet
  facet normal 0.772915 -0.634509 0
    outer loop
      vertex -23.269 -20.8854 4
      vertex -23.1984 -20.7994 0
      vertex -23.1984 -20.7994 4
    endloop
  endfacet
  facet normal 0.772915 -0.634509 0
    outer loop
      vertex -23.1984 -20.7994 0
      vertex -23.269 -20.8854 4
      vertex -23.269 -20.8854 0
    endloop
  endfacet
  facet normal 0.730098 -0.683343 0
    outer loop
      vertex -23.1984 -20.7994 4
      vertex -23.1224 -20.7182 0
      vertex -23.1224 -20.7182 4
    endloop
  endfacet
  facet normal 0.730098 -0.683343 0
    outer loop
      vertex -23.1224 -20.7182 0
      vertex -23.1984 -20.7994 4
      vertex -23.1984 -20.7994 0
    endloop
  endfacet
  facet normal 0.910859 -0.412719 0
    outer loop
      vertex -23.4909 -21.2697 4
      vertex -23.445 -21.1684 0
      vertex -23.445 -21.1684 4
    endloop
  endfacet
  facet normal 0.910859 -0.412719 0
    outer loop
      vertex -23.445 -21.1684 0
      vertex -23.4909 -21.2697 4
      vertex -23.4909 -21.2697 0
    endloop
  endfacet
  facet normal 0.974026 -0.226434 0
    outer loop
      vertex -23.5876 -21.5887 4
      vertex -23.5624 -21.4803 0
      vertex -23.5624 -21.4803 4
    endloop
  endfacet
  facet normal 0.974026 -0.226434 0
    outer loop
      vertex -23.5624 -21.4803 0
      vertex -23.5876 -21.5887 4
      vertex -23.5876 -21.5887 0
    endloop
  endfacet
  facet normal 0.986539 0.163525 0
    outer loop
      vertex -23.5876 -22.252 4
      vertex -23.6058 -22.1422 0
      vertex -23.6058 -22.1422 4
    endloop
  endfacet
  facet normal 0.986539 0.163525 0
    outer loop
      vertex -23.6058 -22.1422 0
      vertex -23.5876 -22.252 4
      vertex -23.5876 -22.252 0
    endloop
  endfacet
  facet normal 0.999476 0.0323571 0
    outer loop
      vertex -23.6167 -22.0315 4
      vertex -23.6203 -21.9203 0
      vertex -23.6203 -21.9203 4
    endloop
  endfacet
  facet normal 0.999476 0.0323571 0
    outer loop
      vertex -23.6203 -21.9203 0
      vertex -23.6167 -22.0315 4
      vertex -23.6167 -22.0315 0
    endloop
  endfacet
  facet normal 0.995187 0.0979904 0
    outer loop
      vertex -23.6058 -22.1422 4
      vertex -23.6167 -22.0315 0
      vertex -23.6167 -22.0315 4
    endloop
  endfacet
  facet normal 0.995187 0.0979904 0
    outer loop
      vertex -23.6167 -22.0315 0
      vertex -23.6058 -22.1422 4
      vertex -23.6058 -22.1422 0
    endloop
  endfacet
  facet normal 0.935848 0.352404 0
    outer loop
      vertex -23.4909 -22.5709 4
      vertex -23.5301 -22.4668 0
      vertex -23.5301 -22.4668 4
    endloop
  endfacet
  facet normal 0.935848 0.352404 0
    outer loop
      vertex -23.5301 -22.4668 0
      vertex -23.4909 -22.5709 4
      vertex -23.4909 -22.5709 0
    endloop
  endfacet
  facet normal 0.956956 0.290232 0
    outer loop
      vertex -23.5301 -22.4668 4
      vertex -23.5624 -22.3603 0
      vertex -23.5624 -22.3603 4
    endloop
  endfacet
  facet normal 0.956956 0.290232 0
    outer loop
      vertex -23.5624 -22.3603 0
      vertex -23.5301 -22.4668 4
      vertex -23.5301 -22.4668 0
    endloop
  endfacet
  facet normal 0.910859 0.412719 0
    outer loop
      vertex -23.445 -22.6722 4
      vertex -23.4909 -22.5709 0
      vertex -23.4909 -22.5709 4
    endloop
  endfacet
  facet normal 0.910859 0.412719 0
    outer loop
      vertex -23.4909 -22.5709 0
      vertex -23.445 -22.6722 4
      vertex -23.445 -22.6722 0
    endloop
  endfacet
  facet normal 0.882054 0.471148 0
    outer loop
      vertex -23.3926 -22.7703 4
      vertex -23.445 -22.6722 0
      vertex -23.445 -22.6722 4
    endloop
  endfacet
  facet normal 0.882054 0.471148 0
    outer loop
      vertex -23.445 -22.6722 0
      vertex -23.3926 -22.7703 4
      vertex -23.3926 -22.7703 0
    endloop
  endfacet
  facet normal 0.0323571 -0.999476 0
    outer loop
      vertex -22.0315 -20.2239 0
      vertex -21.9203 -20.2203 4
      vertex -22.0315 -20.2239 4
    endloop
  endfacet
  facet normal 0.0323571 -0.999476 0
    outer loop
      vertex -21.9203 -20.2203 4
      vertex -22.0315 -20.2239 0
      vertex -21.9203 -20.2203 0
    endloop
  endfacet
  facet normal 0.16265 -0.986684 0
    outer loop
      vertex -22.252 -20.253 0
      vertex -22.1422 -20.2349 4
      vertex -22.252 -20.253 4
    endloop
  endfacet
  facet normal 0.16265 -0.986684 0
    outer loop
      vertex -22.1422 -20.2349 4
      vertex -22.252 -20.253 0
      vertex -22.1422 -20.2349 0
    endloop
  endfacet
  facet normal 0.352404 -0.935848 0
    outer loop
      vertex -22.5709 -20.3497 0
      vertex -22.4668 -20.3105 4
      vertex -22.5709 -20.3497 4
    endloop
  endfacet
  facet normal 0.352404 -0.935848 0
    outer loop
      vertex -22.4668 -20.3105 4
      vertex -22.5709 -20.3497 0
      vertex -22.4668 -20.3105 0
    endloop
  endfacet
  facet normal 0.471847 -0.88168 0
    outer loop
      vertex -22.7703 -20.4481 0
      vertex -22.6722 -20.3956 4
      vertex -22.7703 -20.4481 4
    endloop
  endfacet
  facet normal 0.471847 -0.88168 0
    outer loop
      vertex -22.6722 -20.3956 4
      vertex -22.7703 -20.4481 0
      vertex -22.6722 -20.3956 0
    endloop
  endfacet
  facet normal 0.527654 -0.84946 0
    outer loop
      vertex -22.8648 -20.5068 0
      vertex -22.7703 -20.4481 4
      vertex -22.8648 -20.5068 4
    endloop
  endfacet
  facet normal 0.527654 -0.84946 0
    outer loop
      vertex -22.7703 -20.4481 4
      vertex -22.8648 -20.5068 0
      vertex -22.7703 -20.4481 0
    endloop
  endfacet
  facet normal 0.634509 -0.772915 0
    outer loop
      vertex -23.0412 -20.6422 0
      vertex -22.9552 -20.5716 4
      vertex -23.0412 -20.6422 4
    endloop
  endfacet
  facet normal 0.634509 -0.772915 0
    outer loop
      vertex -22.9552 -20.5716 4
      vertex -23.0412 -20.6422 0
      vertex -22.9552 -20.5716 0
    endloop
  endfacet
  facet normal -0.290482 -0.956881 0
    outer loop
      vertex -21.4803 -20.2782 0
      vertex -21.3739 -20.3105 4
      vertex -21.4803 -20.2782 4
    endloop
  endfacet
  facet normal -0.290482 -0.956881 -0
    outer loop
      vertex -21.3739 -20.3105 4
      vertex -21.4803 -20.2782 0
      vertex -21.3739 -20.3105 0
    endloop
  endfacet
  facet normal -0.162794 -0.98666 0
    outer loop
      vertex -21.6984 -20.2349 0
      vertex -21.5887 -20.253 4
      vertex -21.6984 -20.2349 4
    endloop
  endfacet
  facet normal -0.162794 -0.98666 -0
    outer loop
      vertex -21.5887 -20.253 4
      vertex -21.6984 -20.2349 0
      vertex -21.5887 -20.253 0
    endloop
  endfacet
  facet normal -0.527654 -0.84946 0
    outer loop
      vertex -21.0703 -20.4481 0
      vertex -20.9758 -20.5068 4
      vertex -21.0703 -20.4481 4
    endloop
  endfacet
  facet normal -0.527654 -0.84946 -0
    outer loop
      vertex -20.9758 -20.5068 4
      vertex -21.0703 -20.4481 0
      vertex -20.9758 -20.5068 0
    endloop
  endfacet
  facet normal -0.471847 -0.88168 0
    outer loop
      vertex -21.1684 -20.3956 0
      vertex -21.0703 -20.4481 4
      vertex -21.1684 -20.3956 4
    endloop
  endfacet
  facet normal -0.471847 -0.88168 -0
    outer loop
      vertex -21.0703 -20.4481 4
      vertex -21.1684 -20.3956 0
      vertex -21.0703 -20.4481 0
    endloop
  endfacet
  facet normal -0.683343 -0.730098 0
    outer loop
      vertex -20.7994 -20.6422 0
      vertex -20.7182 -20.7182 4
      vertex -20.7994 -20.6422 4
    endloop
  endfacet
  facet normal -0.683343 -0.730098 -0
    outer loop
      vertex -20.7182 -20.7182 4
      vertex -20.7994 -20.6422 0
      vertex -20.7182 -20.7182 0
    endloop
  endfacet
  facet normal 0.582598 0.81276 -0
    outer loop
      vertex -22.8648 -23.3338 0
      vertex -22.9552 -23.269 4
      vertex -22.8648 -23.3338 4
    endloop
  endfacet
  facet normal 0.582598 0.81276 0
    outer loop
      vertex -22.9552 -23.269 4
      vertex -22.8648 -23.3338 0
      vertex -22.9552 -23.269 0
    endloop
  endfacet
  facet normal 0.412719 0.910859 -0
    outer loop
      vertex -22.5709 -23.4909 0
      vertex -22.6722 -23.445 4
      vertex -22.5709 -23.4909 4
    endloop
  endfacet
  facet normal 0.412719 0.910859 0
    outer loop
      vertex -22.6722 -23.445 4
      vertex -22.5709 -23.4909 0
      vertex -22.6722 -23.445 0
    endloop
  endfacet
  facet normal -0.290482 0.956881 0
    outer loop
      vertex -21.3739 -23.5301 0
      vertex -21.4803 -23.5624 4
      vertex -21.3739 -23.5301 4
    endloop
  endfacet
  facet normal -0.290482 0.956881 0
    outer loop
      vertex -21.4803 -23.5624 4
      vertex -21.3739 -23.5301 0
      vertex -21.4803 -23.5624 0
    endloop
  endfacet
  facet normal -0.0979904 0.995187 0
    outer loop
      vertex -21.6984 -23.6058 0
      vertex -21.8091 -23.6167 4
      vertex -21.6984 -23.6058 4
    endloop
  endfacet
  facet normal -0.0979904 0.995187 0
    outer loop
      vertex -21.8091 -23.6167 4
      vertex -21.6984 -23.6058 0
      vertex -21.8091 -23.6167 0
    endloop
  endfacet
  facet normal -0.98666 -0.162794 0
    outer loop
      vertex -20.2349 -21.6984 0
      vertex -20.253 -21.5887 4
      vertex -20.253 -21.5887 0
    endloop
  endfacet
  facet normal -0.98666 -0.162794 0
    outer loop
      vertex -20.253 -21.5887 4
      vertex -20.2349 -21.6984 0
      vertex -20.2349 -21.6984 4
    endloop
  endfacet
  facet normal -0.956881 -0.290482 0
    outer loop
      vertex -20.2782 -21.4803 0
      vertex -20.3105 -21.3739 4
      vertex -20.3105 -21.3739 0
    endloop
  endfacet
  facet normal -0.956881 -0.290482 0
    outer loop
      vertex -20.3105 -21.3739 4
      vertex -20.2782 -21.4803 0
      vertex -20.2782 -21.4803 4
    endloop
  endfacet
  facet normal 0.882054 -0.471148 0
    outer loop
      vertex -23.445 -21.1684 4
      vertex -23.3926 -21.0703 0
      vertex -23.3926 -21.0703 4
    endloop
  endfacet
  facet normal 0.882054 -0.471148 0
    outer loop
      vertex -23.3926 -21.0703 0
      vertex -23.445 -21.1684 4
      vertex -23.445 -21.1684 0
    endloop
  endfacet
  facet normal 0.995187 -0.0979904 0
    outer loop
      vertex -23.6167 -21.8091 4
      vertex -23.6058 -21.6984 0
      vertex -23.6058 -21.6984 4
    endloop
  endfacet
  facet normal 0.995187 -0.0979904 0
    outer loop
      vertex -23.6058 -21.6984 0
      vertex -23.6167 -21.8091 4
      vertex -23.6167 -21.8091 0
    endloop
  endfacet
  facet normal 0.772915 0.634509 0
    outer loop
      vertex -23.1984 -23.0412 4
      vertex -23.269 -22.9552 0
      vertex -23.269 -22.9552 4
    endloop
  endfacet
  facet normal 0.772915 0.634509 0
    outer loop
      vertex -23.269 -22.9552 0
      vertex -23.1984 -23.0412 4
      vertex -23.1984 -23.0412 0
    endloop
  endfacet
  facet normal 0.290232 -0.956956 0
    outer loop
      vertex -22.4668 -20.3105 0
      vertex -22.3603 -20.2782 4
      vertex -22.4668 -20.3105 4
    endloop
  endfacet
  facet normal 0.290232 -0.956956 0
    outer loop
      vertex -22.3603 -20.2782 4
      vertex -22.4668 -20.3105 0
      vertex -22.3603 -20.2782 0
    endloop
  endfacet
  facet normal -0.352108 -0.93596 0
    outer loop
      vertex -21.3739 -20.3105 0
      vertex -21.2697 -20.3497 4
      vertex -21.3739 -20.3105 4
    endloop
  endfacet
  facet normal -0.352108 -0.93596 -0
    outer loop
      vertex -21.2697 -20.3497 4
      vertex -21.3739 -20.3105 0
      vertex -21.2697 -20.3497 0
    endloop
  endfacet
  facet normal -0.730098 0.683343 0
    outer loop
      vertex 23.1224 -23.1224 0
      vertex 23.1984 -23.0412 4
      vertex 23.1984 -23.0412 0
    endloop
  endfacet
  facet normal -0.730098 0.683343 0
    outer loop
      vertex 23.1984 -23.0412 4
      vertex 23.1224 -23.1224 0
      vertex 23.1224 -23.1224 4
    endloop
  endfacet
  facet normal 0.683343 -0.730098 0
    outer loop
      vertex 20.7182 -20.7182 0
      vertex 20.7994 -20.6422 4
      vertex 20.7182 -20.7182 4
    endloop
  endfacet
  facet normal 0.683343 -0.730098 0
    outer loop
      vertex 20.7994 -20.6422 4
      vertex 20.7182 -20.7182 0
      vertex 20.7994 -20.6422 0
    endloop
  endfacet
  facet normal -0.730098 -0.683343 0
    outer loop
      vertex 23.1984 -20.7994 0
      vertex 23.1224 -20.7182 4
      vertex 23.1224 -20.7182 0
    endloop
  endfacet
  facet normal -0.730098 -0.683343 0
    outer loop
      vertex 23.1224 -20.7182 4
      vertex 23.1984 -20.7994 0
      vertex 23.1984 -20.7994 4
    endloop
  endfacet
  facet normal 0.999476 -0.0323571 0
    outer loop
      vertex 20.2203 -21.9203 4
      vertex 20.2239 -21.8091 0
      vertex 20.2239 -21.8091 4
    endloop
  endfacet
  facet normal 0.999476 -0.0323571 0
    outer loop
      vertex 20.2239 -21.8091 0
      vertex 20.2203 -21.9203 4
      vertex 20.2203 -21.9203 0
    endloop
  endfacet
  facet normal -0.0323571 -0.999476 0
    outer loop
      vertex 21.9203 -20.2203 0
      vertex 22.0315 -20.2239 4
      vertex 21.9203 -20.2203 4
    endloop
  endfacet
  facet normal -0.0323571 -0.999476 -0
    outer loop
      vertex 22.0315 -20.2239 4
      vertex 21.9203 -20.2203 0
      vertex 22.0315 -20.2239 0
    endloop
  endfacet
  facet normal -0.412719 -0.910859 0
    outer loop
      vertex 22.5709 -20.3497 0
      vertex 22.6722 -20.3956 4
      vertex 22.5709 -20.3497 4
    endloop
  endfacet
  facet normal -0.412719 -0.910859 -0
    outer loop
      vertex 22.6722 -20.3956 4
      vertex 22.5709 -20.3497 0
      vertex 22.6722 -20.3956 0
    endloop
  endfacet
  facet normal -0.999476 0.0323571 0
    outer loop
      vertex 23.6167 -22.0315 0
      vertex 23.6203 -21.9203 4
      vertex 23.6203 -21.9203 0
    endloop
  endfacet
  facet normal -0.999476 0.0323571 0
    outer loop
      vertex 23.6203 -21.9203 4
      vertex 23.6167 -22.0315 0
      vertex 23.6167 -22.0315 4
    endloop
  endfacet
  facet normal -0.93596 -0.352108 0
    outer loop
      vertex 23.5301 -21.3739 0
      vertex 23.4909 -21.2697 4
      vertex 23.4909 -21.2697 0
    endloop
  endfacet
  facet normal -0.93596 -0.352108 0
    outer loop
      vertex 23.4909 -21.2697 4
      vertex 23.5301 -21.3739 0
      vertex 23.5301 -21.3739 4
    endloop
  endfacet
  facet normal 0.226434 -0.974026 0
    outer loop
      vertex 21.4803 -20.2782 0
      vertex 21.5887 -20.253 4
      vertex 21.4803 -20.2782 4
    endloop
  endfacet
  facet normal 0.226434 -0.974026 0
    outer loop
      vertex 21.5887 -20.253 4
      vertex 21.4803 -20.2782 0
      vertex 21.5887 -20.253 0
    endloop
  endfacet
  facet normal 0.0988807 -0.995099 0
    outer loop
      vertex 21.6984 -20.2349 0
      vertex 21.8091 -20.2239 4
      vertex 21.6984 -20.2349 4
    endloop
  endfacet
  facet normal 0.0988807 -0.995099 0
    outer loop
      vertex 21.8091 -20.2239 4
      vertex 21.6984 -20.2349 0
      vertex 21.8091 -20.2239 0
    endloop
  endfacet
  facet normal -0.226633 0.97398 0
    outer loop
      vertex 22.3603 -23.5624 0
      vertex 22.252 -23.5876 4
      vertex 22.3603 -23.5624 4
    endloop
  endfacet
  facet normal -0.226633 0.97398 0
    outer loop
      vertex 22.252 -23.5876 4
      vertex 22.3603 -23.5624 0
      vertex 22.252 -23.5876 0
    endloop
  endfacet
  facet normal 0.528302 0.849057 -0
    outer loop
      vertex 21.0703 -23.3926 0
      vertex 20.9758 -23.3338 4
      vertex 21.0703 -23.3926 4
    endloop
  endfacet
  facet normal 0.528302 0.849057 0
    outer loop
      vertex 20.9758 -23.3338 4
      vertex 21.0703 -23.3926 0
      vertex 20.9758 -23.3338 0
    endloop
  endfacet
  facet normal 0.0323571 0.999476 -0
    outer loop
      vertex 21.9203 -23.6203 0
      vertex 21.8091 -23.6167 4
      vertex 21.9203 -23.6203 4
    endloop
  endfacet
  facet normal 0.0323571 0.999476 0
    outer loop
      vertex 21.8091 -23.6167 4
      vertex 21.9203 -23.6203 0
      vertex 21.8091 -23.6167 0
    endloop
  endfacet
  facet normal 0.910859 0.412719 0
    outer loop
      vertex 20.3956 -22.6722 4
      vertex 20.3497 -22.5709 0
      vertex 20.3497 -22.5709 4
    endloop
  endfacet
  facet normal 0.910859 0.412719 0
    outer loop
      vertex 20.3497 -22.5709 0
      vertex 20.3956 -22.6722 4
      vertex 20.3956 -22.6722 0
    endloop
  endfacet
  facet normal 0.81276 -0.582598 0
    outer loop
      vertex 20.5068 -20.9758 4
      vertex 20.5716 -20.8854 0
      vertex 20.5716 -20.8854 4
    endloop
  endfacet
  facet normal 0.81276 -0.582598 0
    outer loop
      vertex 20.5716 -20.8854 0
      vertex 20.5068 -20.9758 4
      vertex 20.5068 -20.9758 0
    endloop
  endfacet
  facet normal -0.882054 0.471148 0
    outer loop
      vertex 23.3926 -22.7703 0
      vertex 23.445 -22.6722 4
      vertex 23.445 -22.6722 0
    endloop
  endfacet
  facet normal -0.882054 0.471148 0
    outer loop
      vertex 23.445 -22.6722 4
      vertex 23.3926 -22.7703 0
      vertex 23.3926 -22.7703 4
    endloop
  endfacet
  facet normal -0.995187 0.0979904 0
    outer loop
      vertex 23.6058 -22.1422 0
      vertex 23.6167 -22.0315 4
      vertex 23.6167 -22.0315 0
    endloop
  endfacet
  facet normal -0.995187 0.0979904 0
    outer loop
      vertex 23.6167 -22.0315 4
      vertex 23.6058 -22.1422 0
      vertex 23.6058 -22.1422 4
    endloop
  endfacet
  facet normal -0.986539 0.163525 0
    outer loop
      vertex 23.5876 -22.252 0
      vertex 23.6058 -22.1422 4
      vertex 23.6058 -22.1422 0
    endloop
  endfacet
  facet normal -0.986539 0.163525 0
    outer loop
      vertex 23.6058 -22.1422 4
      vertex 23.5876 -22.252 0
      vertex 23.5876 -22.252 4
    endloop
  endfacet
  facet normal -0.956956 0.290232 0
    outer loop
      vertex 23.5301 -22.4668 0
      vertex 23.5624 -22.3603 4
      vertex 23.5624 -22.3603 0
    endloop
  endfacet
  facet normal -0.956956 0.290232 0
    outer loop
      vertex 23.5624 -22.3603 4
      vertex 23.5301 -22.4668 0
      vertex 23.5301 -22.4668 4
    endloop
  endfacet
  facet normal -0.849057 -0.528302 0
    outer loop
      vertex 23.3926 -21.0703 0
      vertex 23.3338 -20.9758 4
      vertex 23.3338 -20.9758 0
    endloop
  endfacet
  facet normal -0.849057 -0.528302 0
    outer loop
      vertex 23.3338 -20.9758 4
      vertex 23.3926 -21.0703 0
      vertex 23.3926 -21.0703 4
    endloop
  endfacet
  facet normal -0.882054 -0.471148 0
    outer loop
      vertex 23.445 -21.1684 0
      vertex 23.3926 -21.0703 4
      vertex 23.3926 -21.0703 0
    endloop
  endfacet
  facet normal -0.882054 -0.471148 0
    outer loop
      vertex 23.3926 -21.0703 4
      vertex 23.445 -21.1684 0
      vertex 23.445 -21.1684 4
    endloop
  endfacet
  facet normal -0.81276 -0.582598 0
    outer loop
      vertex 23.3338 -20.9758 0
      vertex 23.269 -20.8854 4
      vertex 23.269 -20.8854 0
    endloop
  endfacet
  facet normal -0.81276 -0.582598 0
    outer loop
      vertex 23.269 -20.8854 4
      vertex 23.3338 -20.9758 0
      vertex 23.3338 -20.9758 4
    endloop
  endfacet
  facet normal -0.986515 -0.16367 0
    outer loop
      vertex 23.6058 -21.6984 0
      vertex 23.5876 -21.5887 4
      vertex 23.5876 -21.5887 0
    endloop
  endfacet
  facet normal -0.986515 -0.16367 0
    outer loop
      vertex 23.5876 -21.5887 4
      vertex 23.6058 -21.6984 0
      vertex 23.6058 -21.6984 4
    endloop
  endfacet
  facet normal 0.471847 -0.88168 0
    outer loop
      vertex 21.0703 -20.4481 0
      vertex 21.1684 -20.3956 4
      vertex 21.0703 -20.4481 4
    endloop
  endfacet
  facet normal 0.471847 -0.88168 0
    outer loop
      vertex 21.1684 -20.3956 4
      vertex 21.0703 -20.4481 0
      vertex 21.1684 -20.3956 0
    endloop
  endfacet
  facet normal 0.0323571 -0.999476 0
    outer loop
      vertex 21.8091 -20.2239 0
      vertex 21.9203 -20.2203 4
      vertex 21.8091 -20.2239 4
    endloop
  endfacet
  facet normal 0.0323571 -0.999476 0
    outer loop
      vertex 21.9203 -20.2203 4
      vertex 21.8091 -20.2239 0
      vertex 21.9203 -20.2203 0
    endloop
  endfacet
  facet normal 0.412719 -0.910859 0
    outer loop
      vertex 21.1684 -20.3956 0
      vertex 21.2697 -20.3497 4
      vertex 21.1684 -20.3956 4
    endloop
  endfacet
  facet normal 0.412719 -0.910859 0
    outer loop
      vertex 21.2697 -20.3497 4
      vertex 21.1684 -20.3956 0
      vertex 21.2697 -20.3497 0
    endloop
  endfacet
  facet normal 0.582598 -0.81276 0
    outer loop
      vertex 20.8854 -20.5716 0
      vertex 20.9758 -20.5068 4
      vertex 20.8854 -20.5716 4
    endloop
  endfacet
  facet normal 0.582598 -0.81276 0
    outer loop
      vertex 20.9758 -20.5068 4
      vertex 20.8854 -20.5716 0
      vertex 20.9758 -20.5068 0
    endloop
  endfacet
  facet normal -0.290232 -0.956956 0
    outer loop
      vertex 22.3603 -20.2782 0
      vertex 22.4668 -20.3105 4
      vertex 22.3603 -20.2782 4
    endloop
  endfacet
  facet normal -0.290232 -0.956956 -0
    outer loop
      vertex 22.4668 -20.3105 4
      vertex 22.3603 -20.2782 0
      vertex 22.4668 -20.3105 0
    endloop
  endfacet
  facet normal -0.226633 -0.97398 0
    outer loop
      vertex 22.252 -20.253 0
      vertex 22.3603 -20.2782 4
      vertex 22.252 -20.253 4
    endloop
  endfacet
  facet normal -0.226633 -0.97398 -0
    outer loop
      vertex 22.3603 -20.2782 4
      vertex 22.252 -20.253 0
      vertex 22.3603 -20.2782 0
    endloop
  endfacet
  facet normal -0.471847 -0.88168 0
    outer loop
      vertex 22.6722 -20.3956 0
      vertex 22.7703 -20.4481 4
      vertex 22.6722 -20.3956 4
    endloop
  endfacet
  facet normal -0.471847 -0.88168 -0
    outer loop
      vertex 22.7703 -20.4481 4
      vertex 22.6722 -20.3956 0
      vertex 22.7703 -20.4481 0
    endloop
  endfacet
  facet normal -0.683343 -0.730098 0
    outer loop
      vertex 23.0412 -20.6422 0
      vertex 23.1224 -20.7182 4
      vertex 23.0412 -20.6422 4
    endloop
  endfacet
  facet normal -0.683343 -0.730098 -0
    outer loop
      vertex 23.1224 -20.7182 4
      vertex 23.0412 -20.6422 0
      vertex 23.1224 -20.7182 0
    endloop
  endfacet
  facet normal 0.412719 0.910859 -0
    outer loop
      vertex 21.2697 -23.4909 0
      vertex 21.1684 -23.445 4
      vertex 21.2697 -23.4909 4
    endloop
  endfacet
  facet normal 0.412719 0.910859 0
    outer loop
      vertex 21.1684 -23.445 4
      vertex 21.2697 -23.4909 0
      vertex 21.1684 -23.445 0
    endloop
  endfacet
  facet normal 0.352108 0.93596 -0
    outer loop
      vertex 21.3739 -23.5301 0
      vertex 21.2697 -23.4909 4
      vertex 21.3739 -23.5301 4
    endloop
  endfacet
  facet normal 0.352108 0.93596 0
    outer loop
      vertex 21.2697 -23.4909 4
      vertex 21.3739 -23.5301 0
      vertex 21.2697 -23.4909 0
    endloop
  endfacet
  facet normal 0.16367 0.986515 -0
    outer loop
      vertex 21.6984 -23.6058 0
      vertex 21.5887 -23.5876 4
      vertex 21.6984 -23.6058 4
    endloop
  endfacet
  facet normal 0.16367 0.986515 0
    outer loop
      vertex 21.5887 -23.5876 4
      vertex 21.6984 -23.6058 0
      vertex 21.5887 -23.5876 0
    endloop
  endfacet
  facet normal 0.290482 0.956881 -0
    outer loop
      vertex 21.4803 -23.5624 0
      vertex 21.3739 -23.5301 4
      vertex 21.4803 -23.5624 4
    endloop
  endfacet
  facet normal 0.290482 0.956881 0
    outer loop
      vertex 21.3739 -23.5301 4
      vertex 21.4803 -23.5624 0
      vertex 21.3739 -23.5301 0
    endloop
  endfacet
  facet normal -0.528302 0.849057 0
    outer loop
      vertex 22.8648 -23.3338 0
      vertex 22.7703 -23.3926 4
      vertex 22.8648 -23.3338 4
    endloop
  endfacet
  facet normal -0.528302 0.849057 0
    outer loop
      vertex 22.7703 -23.3926 4
      vertex 22.8648 -23.3338 0
      vertex 22.7703 -23.3926 0
    endloop
  endfacet
  facet normal -0.582598 0.81276 0
    outer loop
      vertex 22.9552 -23.269 0
      vertex 22.8648 -23.3338 4
      vertex 22.9552 -23.269 4
    endloop
  endfacet
  facet normal -0.582598 0.81276 0
    outer loop
      vertex 22.8648 -23.3338 4
      vertex 22.9552 -23.269 0
      vertex 22.8648 -23.3338 0
    endloop
  endfacet
  facet normal 0.999476 0.0323571 0
    outer loop
      vertex 20.2239 -22.0315 4
      vertex 20.2203 -21.9203 0
      vertex 20.2203 -21.9203 4
    endloop
  endfacet
  facet normal 0.999476 0.0323571 0
    outer loop
      vertex 20.2203 -21.9203 0
      vertex 20.2239 -22.0315 4
      vertex 20.2239 -22.0315 0
    endloop
  endfacet
  facet normal 0.995099 0.0988807 0
    outer loop
      vertex 20.2349 -22.1422 4
      vertex 20.2239 -22.0315 0
      vertex 20.2239 -22.0315 4
    endloop
  endfacet
  facet normal 0.995099 0.0988807 0
    outer loop
      vertex 20.2239 -22.0315 0
      vertex 20.2349 -22.1422 4
      vertex 20.2349 -22.1422 0
    endloop
  endfacet
  facet normal 0.935848 0.352404 0
    outer loop
      vertex 20.3497 -22.5709 4
      vertex 20.3105 -22.4668 0
      vertex 20.3105 -22.4668 4
    endloop
  endfacet
  facet normal 0.935848 0.352404 0
    outer loop
      vertex 20.3105 -22.4668 0
      vertex 20.3497 -22.5709 4
      vertex 20.3497 -22.5709 0
    endloop
  endfacet
  facet normal 0.97398 0.226633 0
    outer loop
      vertex 20.2782 -22.3603 4
      vertex 20.253 -22.252 0
      vertex 20.253 -22.252 4
    endloop
  endfacet
  facet normal 0.97398 0.226633 0
    outer loop
      vertex 20.253 -22.252 0
      vertex 20.2782 -22.3603 4
      vertex 20.2782 -22.3603 0
    endloop
  endfacet
  facet normal 0.81276 0.582598 0
    outer loop
      vertex 20.5716 -22.9552 4
      vertex 20.5068 -22.8648 0
      vertex 20.5068 -22.8648 4
    endloop
  endfacet
  facet normal 0.81276 0.582598 0
    outer loop
      vertex 20.5068 -22.8648 0
      vertex 20.5716 -22.9552 4
      vertex 20.5716 -22.9552 0
    endloop
  endfacet
  facet normal 0.974026 -0.226434 0
    outer loop
      vertex 20.253 -21.5887 4
      vertex 20.2782 -21.4803 0
      vertex 20.2782 -21.4803 4
    endloop
  endfacet
  facet normal 0.974026 -0.226434 0
    outer loop
      vertex 20.2782 -21.4803 0
      vertex 20.253 -21.5887 4
      vertex 20.253 -21.5887 0
    endloop
  endfacet
  facet normal 0.995099 -0.0988807 0
    outer loop
      vertex 20.2239 -21.8091 4
      vertex 20.2349 -21.6984 0
      vertex 20.2349 -21.6984 4
    endloop
  endfacet
  facet normal 0.995099 -0.0988807 0
    outer loop
      vertex 20.2349 -21.6984 0
      vertex 20.2239 -21.8091 4
      vertex 20.2239 -21.8091 0
    endloop
  endfacet
  facet normal 0.910859 -0.412719 0
    outer loop
      vertex 20.3497 -21.2697 4
      vertex 20.3956 -21.1684 0
      vertex 20.3956 -21.1684 4
    endloop
  endfacet
  facet normal 0.910859 -0.412719 0
    outer loop
      vertex 20.3956 -21.1684 0
      vertex 20.3497 -21.2697 4
      vertex 20.3497 -21.2697 0
    endloop
  endfacet
  facet normal 0.772915 -0.634509 0
    outer loop
      vertex 20.5716 -20.8854 4
      vertex 20.6422 -20.7994 0
      vertex 20.6422 -20.7994 4
    endloop
  endfacet
  facet normal 0.772915 -0.634509 0
    outer loop
      vertex 20.6422 -20.7994 0
      vertex 20.5716 -20.8854 4
      vertex 20.5716 -20.8854 0
    endloop
  endfacet
  facet normal -0.772915 0.634509 0
    outer loop
      vertex 23.1984 -23.0412 0
      vertex 23.269 -22.9552 4
      vertex 23.269 -22.9552 0
    endloop
  endfacet
  facet normal -0.772915 0.634509 0
    outer loop
      vertex 23.269 -22.9552 4
      vertex 23.1984 -23.0412 0
      vertex 23.1984 -23.0412 4
    endloop
  endfacet
  facet normal -0.849057 0.528302 0
    outer loop
      vertex 23.3338 -22.8648 0
      vertex 23.3926 -22.7703 4
      vertex 23.3926 -22.7703 0
    endloop
  endfacet
  facet normal -0.849057 0.528302 0
    outer loop
      vertex 23.3926 -22.7703 4
      vertex 23.3338 -22.8648 0
      vertex 23.3338 -22.8648 4
    endloop
  endfacet
  facet normal -0.935848 0.352404 0
    outer loop
      vertex 23.4909 -22.5709 0
      vertex 23.5301 -22.4668 4
      vertex 23.5301 -22.4668 0
    endloop
  endfacet
  facet normal -0.935848 0.352404 0
    outer loop
      vertex 23.5301 -22.4668 4
      vertex 23.4909 -22.5709 0
      vertex 23.4909 -22.5709 4
    endloop
  endfacet
  facet normal -0.97398 0.226633 0
    outer loop
      vertex 23.5624 -22.3603 0
      vertex 23.5876 -22.252 4
      vertex 23.5876 -22.252 0
    endloop
  endfacet
  facet normal -0.97398 0.226633 0
    outer loop
      vertex 23.5876 -22.252 4
      vertex 23.5624 -22.3603 0
      vertex 23.5624 -22.3603 4
    endloop
  endfacet
  facet normal -0.910859 -0.412719 0
    outer loop
      vertex 23.4909 -21.2697 0
      vertex 23.445 -21.1684 4
      vertex 23.445 -21.1684 0
    endloop
  endfacet
  facet normal -0.910859 -0.412719 0
    outer loop
      vertex 23.445 -21.1684 4
      vertex 23.4909 -21.2697 0
      vertex 23.4909 -21.2697 4
    endloop
  endfacet
  facet normal -0.772915 -0.634509 0
    outer loop
      vertex 23.269 -20.8854 0
      vertex 23.1984 -20.7994 4
      vertex 23.1984 -20.7994 0
    endloop
  endfacet
  facet normal -0.772915 -0.634509 0
    outer loop
      vertex 23.1984 -20.7994 4
      vertex 23.269 -20.8854 0
      vertex 23.269 -20.8854 4
    endloop
  endfacet
  facet normal -0.974026 -0.226434 0
    outer loop
      vertex 23.5876 -21.5887 0
      vertex 23.5624 -21.4803 4
      vertex 23.5624 -21.4803 0
    endloop
  endfacet
  facet normal -0.974026 -0.226434 0
    outer loop
      vertex 23.5624 -21.4803 4
      vertex 23.5876 -21.5887 0
      vertex 23.5876 -21.5887 4
    endloop
  endfacet
  facet normal -0.956881 -0.290482 0
    outer loop
      vertex 23.5624 -21.4803 0
      vertex 23.5301 -21.3739 4
      vertex 23.5301 -21.3739 0
    endloop
  endfacet
  facet normal -0.956881 -0.290482 0
    outer loop
      vertex 23.5301 -21.3739 4
      vertex 23.5624 -21.4803 0
      vertex 23.5624 -21.4803 4
    endloop
  endfacet
  facet normal -0.995187 -0.0979904 0
    outer loop
      vertex 23.6167 -21.8091 0
      vertex 23.6058 -21.6984 4
      vertex 23.6058 -21.6984 0
    endloop
  endfacet
  facet normal -0.995187 -0.0979904 0
    outer loop
      vertex 23.6058 -21.6984 4
      vertex 23.6167 -21.8091 0
      vertex 23.6167 -21.8091 4
    endloop
  endfacet
  facet normal -0.999476 -0.0323571 0
    outer loop
      vertex 23.6203 -21.9203 0
      vertex 23.6167 -21.8091 4
      vertex 23.6167 -21.8091 0
    endloop
  endfacet
  facet normal -0.999476 -0.0323571 0
    outer loop
      vertex 23.6167 -21.8091 4
      vertex 23.6203 -21.9203 0
      vertex 23.6203 -21.9203 4
    endloop
  endfacet
  facet normal 0.352108 -0.93596 0
    outer loop
      vertex 21.2697 -20.3497 0
      vertex 21.3739 -20.3105 4
      vertex 21.2697 -20.3497 4
    endloop
  endfacet
  facet normal 0.352108 -0.93596 0
    outer loop
      vertex 21.3739 -20.3105 4
      vertex 21.2697 -20.3497 0
      vertex 21.3739 -20.3105 0
    endloop
  endfacet
  facet normal 0.290482 -0.956881 0
    outer loop
      vertex 21.3739 -20.3105 0
      vertex 21.4803 -20.2782 4
      vertex 21.3739 -20.3105 4
    endloop
  endfacet
  facet normal 0.290482 -0.956881 0
    outer loop
      vertex 21.4803 -20.2782 4
      vertex 21.3739 -20.3105 0
      vertex 21.4803 -20.2782 0
    endloop
  endfacet
  facet normal 0.527654 -0.84946 0
    outer loop
      vertex 20.9758 -20.5068 0
      vertex 21.0703 -20.4481 4
      vertex 20.9758 -20.5068 4
    endloop
  endfacet
  facet normal 0.527654 -0.84946 0
    outer loop
      vertex 21.0703 -20.4481 4
      vertex 20.9758 -20.5068 0
      vertex 21.0703 -20.4481 0
    endloop
  endfacet
  facet normal 0.634509 -0.772915 0
    outer loop
      vertex 20.7994 -20.6422 0
      vertex 20.8854 -20.5716 4
      vertex 20.7994 -20.6422 4
    endloop
  endfacet
  facet normal 0.634509 -0.772915 0
    outer loop
      vertex 20.8854 -20.5716 4
      vertex 20.7994 -20.6422 0
      vertex 20.8854 -20.5716 0
    endloop
  endfacet
  facet normal -0.16265 -0.986684 0
    outer loop
      vertex 22.1422 -20.2349 0
      vertex 22.252 -20.253 4
      vertex 22.1422 -20.2349 4
    endloop
  endfacet
  facet normal -0.16265 -0.986684 -0
    outer loop
      vertex 22.252 -20.253 4
      vertex 22.1422 -20.2349 0
      vertex 22.252 -20.253 0
    endloop
  endfacet
  facet normal -0.0988807 -0.995099 0
    outer loop
      vertex 22.0315 -20.2239 0
      vertex 22.1422 -20.2349 4
      vertex 22.0315 -20.2239 4
    endloop
  endfacet
  facet normal -0.0988807 -0.995099 -0
    outer loop
      vertex 22.1422 -20.2349 4
      vertex 22.0315 -20.2239 0
      vertex 22.1422 -20.2349 0
    endloop
  endfacet
  facet normal -0.582598 -0.81276 0
    outer loop
      vertex 22.8648 -20.5068 0
      vertex 22.9552 -20.5716 4
      vertex 22.8648 -20.5068 4
    endloop
  endfacet
  facet normal -0.582598 -0.81276 -0
    outer loop
      vertex 22.9552 -20.5716 4
      vertex 22.8648 -20.5068 0
      vertex 22.9552 -20.5716 0
    endloop
  endfacet
  facet normal -0.683343 0.730098 0
    outer loop
      vertex 23.1224 -23.1224 0
      vertex 23.0412 -23.1984 4
      vertex 23.1224 -23.1224 4
    endloop
  endfacet
  facet normal -0.683343 0.730098 0
    outer loop
      vertex 23.0412 -23.1984 4
      vertex 23.1224 -23.1224 0
      vertex 23.0412 -23.1984 0
    endloop
  endfacet
  facet normal 0.683343 0.730098 -0
    outer loop
      vertex 20.7994 -23.1984 0
      vertex 20.7182 -23.1224 4
      vertex 20.7994 -23.1984 4
    endloop
  endfacet
  facet normal 0.683343 0.730098 0
    outer loop
      vertex 20.7182 -23.1224 4
      vertex 20.7994 -23.1984 0
      vertex 20.7182 -23.1224 0
    endloop
  endfacet
  facet normal 0.582598 0.81276 -0
    outer loop
      vertex 20.9758 -23.3338 0
      vertex 20.8854 -23.269 4
      vertex 20.9758 -23.3338 4
    endloop
  endfacet
  facet normal 0.582598 0.81276 0
    outer loop
      vertex 20.8854 -23.269 4
      vertex 20.9758 -23.3338 0
      vertex 20.8854 -23.269 0
    endloop
  endfacet
  facet normal 0.471148 0.882054 -0
    outer loop
      vertex 21.1684 -23.445 0
      vertex 21.0703 -23.3926 4
      vertex 21.1684 -23.445 4
    endloop
  endfacet
  facet normal 0.471148 0.882054 0
    outer loop
      vertex 21.0703 -23.3926 4
      vertex 21.1684 -23.445 0
      vertex 21.0703 -23.3926 0
    endloop
  endfacet
  facet normal 0.0979904 0.995187 -0
    outer loop
      vertex 21.8091 -23.6167 0
      vertex 21.6984 -23.6058 4
      vertex 21.8091 -23.6167 4
    endloop
  endfacet
  facet normal 0.0979904 0.995187 0
    outer loop
      vertex 21.6984 -23.6058 4
      vertex 21.8091 -23.6167 0
      vertex 21.6984 -23.6058 0
    endloop
  endfacet
  facet normal -0.163525 0.986539 0
    outer loop
      vertex 22.252 -23.5876 0
      vertex 22.1422 -23.6058 4
      vertex 22.252 -23.5876 4
    endloop
  endfacet
  facet normal -0.163525 0.986539 0
    outer loop
      vertex 22.1422 -23.6058 4
      vertex 22.252 -23.5876 0
      vertex 22.1422 -23.6058 0
    endloop
  endfacet
  facet normal -0.0323571 0.999476 0
    outer loop
      vertex 22.0315 -23.6167 0
      vertex 21.9203 -23.6203 4
      vertex 22.0315 -23.6167 4
    endloop
  endfacet
  facet normal -0.0323571 0.999476 0
    outer loop
      vertex 21.9203 -23.6203 4
      vertex 22.0315 -23.6167 0
      vertex 21.9203 -23.6203 0
    endloop
  endfacet
  facet normal -0.0979904 0.995187 0
    outer loop
      vertex 22.1422 -23.6058 0
      vertex 22.0315 -23.6167 4
      vertex 22.1422 -23.6058 4
    endloop
  endfacet
  facet normal -0.0979904 0.995187 0
    outer loop
      vertex 22.0315 -23.6167 4
      vertex 22.1422 -23.6058 0
      vertex 22.0315 -23.6167 0
    endloop
  endfacet
  facet normal -0.352404 0.935848 0
    outer loop
      vertex 22.5709 -23.4909 0
      vertex 22.4668 -23.5301 4
      vertex 22.5709 -23.4909 4
    endloop
  endfacet
  facet normal -0.352404 0.935848 0
    outer loop
      vertex 22.4668 -23.5301 4
      vertex 22.5709 -23.4909 0
      vertex 22.4668 -23.5301 0
    endloop
  endfacet
  facet normal -0.290232 0.956956 0
    outer loop
      vertex 22.4668 -23.5301 0
      vertex 22.3603 -23.5624 4
      vertex 22.4668 -23.5301 4
    endloop
  endfacet
  facet normal -0.290232 0.956956 0
    outer loop
      vertex 22.3603 -23.5624 4
      vertex 22.4668 -23.5301 0
      vertex 22.3603 -23.5624 0
    endloop
  endfacet
  facet normal -0.412719 0.910859 0
    outer loop
      vertex 22.6722 -23.445 0
      vertex 22.5709 -23.4909 4
      vertex 22.6722 -23.445 4
    endloop
  endfacet
  facet normal -0.412719 0.910859 0
    outer loop
      vertex 22.5709 -23.4909 4
      vertex 22.6722 -23.445 0
      vertex 22.5709 -23.4909 0
    endloop
  endfacet
  facet normal -0.471148 0.882054 0
    outer loop
      vertex 22.7703 -23.3926 0
      vertex 22.6722 -23.445 4
      vertex 22.7703 -23.3926 4
    endloop
  endfacet
  facet normal -0.471148 0.882054 0
    outer loop
      vertex 22.6722 -23.445 4
      vertex 22.7703 -23.3926 0
      vertex 22.6722 -23.445 0
    endloop
  endfacet
  facet normal 0.956956 0.290232 0
    outer loop
      vertex 20.3105 -22.4668 4
      vertex 20.2782 -22.3603 0
      vertex 20.2782 -22.3603 4
    endloop
  endfacet
  facet normal 0.956956 0.290232 0
    outer loop
      vertex 20.2782 -22.3603 0
      vertex 20.3105 -22.4668 4
      vertex 20.3105 -22.4668 0
    endloop
  endfacet
  facet normal 0.88168 0.471847 0
    outer loop
      vertex 20.4481 -22.7703 4
      vertex 20.3956 -22.6722 0
      vertex 20.3956 -22.6722 4
    endloop
  endfacet
  facet normal 0.88168 0.471847 0
    outer loop
      vertex 20.3956 -22.6722 0
      vertex 20.4481 -22.7703 4
      vertex 20.4481 -22.7703 0
    endloop
  endfacet
  facet normal 0.730098 0.683343 0
    outer loop
      vertex 20.7182 -23.1224 4
      vertex 20.6422 -23.0412 0
      vertex 20.6422 -23.0412 4
    endloop
  endfacet
  facet normal 0.730098 0.683343 0
    outer loop
      vertex 20.6422 -23.0412 0
      vertex 20.7182 -23.1224 4
      vertex 20.7182 -23.1224 0
    endloop
  endfacet
  facet normal 0.956881 -0.290482 0
    outer loop
      vertex 20.2782 -21.4803 4
      vertex 20.3105 -21.3739 0
      vertex 20.3105 -21.3739 4
    endloop
  endfacet
  facet normal 0.956881 -0.290482 0
    outer loop
      vertex 20.3105 -21.3739 0
      vertex 20.2782 -21.4803 4
      vertex 20.2782 -21.4803 0
    endloop
  endfacet
  facet normal 0.98666 -0.162794 0
    outer loop
      vertex 20.2349 -21.6984 4
      vertex 20.253 -21.5887 0
      vertex 20.253 -21.5887 4
    endloop
  endfacet
  facet normal 0.98666 -0.162794 0
    outer loop
      vertex 20.253 -21.5887 0
      vertex 20.2349 -21.6984 4
      vertex 20.2349 -21.6984 0
    endloop
  endfacet
  facet normal 0.84946 -0.527654 0
    outer loop
      vertex 20.4481 -21.0703 4
      vertex 20.5068 -20.9758 0
      vertex 20.5068 -20.9758 4
    endloop
  endfacet
  facet normal 0.84946 -0.527654 0
    outer loop
      vertex 20.5068 -20.9758 0
      vertex 20.4481 -21.0703 4
      vertex 20.4481 -21.0703 0
    endloop
  endfacet
  facet normal 0.88168 -0.471847 0
    outer loop
      vertex 20.3956 -21.1684 4
      vertex 20.4481 -21.0703 0
      vertex 20.4481 -21.0703 4
    endloop
  endfacet
  facet normal 0.88168 -0.471847 0
    outer loop
      vertex 20.4481 -21.0703 0
      vertex 20.3956 -21.1684 4
      vertex 20.3956 -21.1684 0
    endloop
  endfacet
  facet normal 0.730098 -0.683343 0
    outer loop
      vertex 20.6422 -20.7994 4
      vertex 20.7182 -20.7182 0
      vertex 20.7182 -20.7182 4
    endloop
  endfacet
  facet normal 0.730098 -0.683343 0
    outer loop
      vertex 20.7182 -20.7182 0
      vertex 20.6422 -20.7994 4
      vertex 20.6422 -20.7994 0
    endloop
  endfacet
  facet normal -0.81276 0.582598 0
    outer loop
      vertex 23.269 -22.9552 0
      vertex 23.3338 -22.8648 4
      vertex 23.3338 -22.8648 0
    endloop
  endfacet
  facet normal -0.81276 0.582598 0
    outer loop
      vertex 23.3338 -22.8648 4
      vertex 23.269 -22.9552 0
      vertex 23.269 -22.9552 4
    endloop
  endfacet
  facet normal -0.910859 0.412719 0
    outer loop
      vertex 23.445 -22.6722 0
      vertex 23.4909 -22.5709 4
      vertex 23.4909 -22.5709 0
    endloop
  endfacet
  facet normal -0.910859 0.412719 0
    outer loop
      vertex 23.4909 -22.5709 4
      vertex 23.445 -22.6722 0
      vertex 23.445 -22.6722 4
    endloop
  endfacet
  facet normal 0.162794 -0.98666 0
    outer loop
      vertex 21.5887 -20.253 0
      vertex 21.6984 -20.2349 4
      vertex 21.5887 -20.253 4
    endloop
  endfacet
  facet normal 0.162794 -0.98666 0
    outer loop
      vertex 21.6984 -20.2349 4
      vertex 21.5887 -20.253 0
      vertex 21.6984 -20.2349 0
    endloop
  endfacet
  facet normal -0.352404 -0.935848 0
    outer loop
      vertex 22.4668 -20.3105 0
      vertex 22.5709 -20.3497 4
      vertex 22.4668 -20.3105 4
    endloop
  endfacet
  facet normal -0.352404 -0.935848 -0
    outer loop
      vertex 22.5709 -20.3497 4
      vertex 22.4668 -20.3105 0
      vertex 22.5709 -20.3497 0
    endloop
  endfacet
  facet normal -0.527654 -0.84946 0
    outer loop
      vertex 22.7703 -20.4481 0
      vertex 22.8648 -20.5068 4
      vertex 22.7703 -20.4481 4
    endloop
  endfacet
  facet normal -0.527654 -0.84946 -0
    outer loop
      vertex 22.8648 -20.5068 4
      vertex 22.7703 -20.4481 0
      vertex 22.8648 -20.5068 0
    endloop
  endfacet
  facet normal -0.634509 -0.772915 0
    outer loop
      vertex 22.9552 -20.5716 0
      vertex 23.0412 -20.6422 4
      vertex 22.9552 -20.5716 4
    endloop
  endfacet
  facet normal -0.634509 -0.772915 -0
    outer loop
      vertex 23.0412 -20.6422 4
      vertex 22.9552 -20.5716 0
      vertex 23.0412 -20.6422 0
    endloop
  endfacet
  facet normal 0.634509 0.772915 -0
    outer loop
      vertex 20.8854 -23.269 0
      vertex 20.7994 -23.1984 4
      vertex 20.8854 -23.269 4
    endloop
  endfacet
  facet normal 0.634509 0.772915 0
    outer loop
      vertex 20.7994 -23.1984 4
      vertex 20.8854 -23.269 0
      vertex 20.7994 -23.1984 0
    endloop
  endfacet
  facet normal 0.226434 0.974026 -0
    outer loop
      vertex 21.5887 -23.5876 0
      vertex 21.4803 -23.5624 4
      vertex 21.5887 -23.5876 4
    endloop
  endfacet
  facet normal 0.226434 0.974026 0
    outer loop
      vertex 21.4803 -23.5624 4
      vertex 21.5887 -23.5876 0
      vertex 21.4803 -23.5624 0
    endloop
  endfacet
  facet normal -0.634509 0.772915 0
    outer loop
      vertex 23.0412 -23.1984 0
      vertex 22.9552 -23.269 4
      vertex 23.0412 -23.1984 4
    endloop
  endfacet
  facet normal -0.634509 0.772915 0
    outer loop
      vertex 22.9552 -23.269 4
      vertex 23.0412 -23.1984 0
      vertex 22.9552 -23.269 0
    endloop
  endfacet
  facet normal 0.986684 0.16265 0
    outer loop
      vertex 20.253 -22.252 4
      vertex 20.2349 -22.1422 0
      vertex 20.2349 -22.1422 4
    endloop
  endfacet
  facet normal 0.986684 0.16265 0
    outer loop
      vertex 20.2349 -22.1422 0
      vertex 20.253 -22.252 4
      vertex 20.253 -22.252 0
    endloop
  endfacet
  facet normal 0.84946 0.527654 0
    outer loop
      vertex 20.5068 -22.8648 4
      vertex 20.4481 -22.7703 0
      vertex 20.4481 -22.7703 4
    endloop
  endfacet
  facet normal 0.84946 0.527654 0
    outer loop
      vertex 20.4481 -22.7703 0
      vertex 20.5068 -22.8648 4
      vertex 20.5068 -22.8648 0
    endloop
  endfacet
  facet normal 0.772915 0.634509 0
    outer loop
      vertex 20.6422 -23.0412 4
      vertex 20.5716 -22.9552 0
      vertex 20.5716 -22.9552 4
    endloop
  endfacet
  facet normal 0.772915 0.634509 0
    outer loop
      vertex 20.5716 -22.9552 0
      vertex 20.6422 -23.0412 4
      vertex 20.6422 -23.0412 0
    endloop
  endfacet
  facet normal 0.93596 -0.352108 0
    outer loop
      vertex 20.3105 -21.3739 4
      vertex 20.3497 -21.2697 0
      vertex 20.3497 -21.2697 4
    endloop
  endfacet
  facet normal 0.93596 -0.352108 0
    outer loop
      vertex 20.3497 -21.2697 0
      vertex 20.3105 -21.3739 4
      vertex 20.3105 -21.3739 0
    endloop
  endfacet
  facet normal 0.999465 0.0327206 0
    outer loop
      vertex 34 0 4
      vertex 33.9272 2.22371 0
      vertex 33.9272 2.22371 4
    endloop
  endfacet
  facet normal 0.999465 0.0327206 0
    outer loop
      vertex 33.9272 2.22371 0
      vertex 34 0 4
      vertex 34 0 0
    endloop
  endfacet
  facet normal -0.999465 0.0327206 0
    outer loop
      vertex -34 0 0
      vertex -33.9272 2.22371 4
      vertex -33.9272 2.22371 0
    endloop
  endfacet
  facet normal -0.999465 0.0327206 0
    outer loop
      vertex -33.9272 2.22371 4
      vertex -34 0 0
      vertex -34 0 4
    endloop
  endfacet
  facet normal 0.0327206 0.999465 -0
    outer loop
      vertex 2.22371 33.9272 0
      vertex 0 34 4
      vertex 2.22371 33.9272 4
    endloop
  endfacet
  facet normal 0.0327206 0.999465 0
    outer loop
      vertex 0 34 4
      vertex 2.22371 33.9272 0
      vertex 0 34 0
    endloop
  endfacet
  facet normal 0.683627 0.729831 -0
    outer loop
      vertex 24.0416 24.0416 0
      vertex 22.4178 25.5626 4
      vertex 24.0416 24.0416 4
    endloop
  endfacet
  facet normal 0.683627 0.729831 0
    outer loop
      vertex 22.4178 25.5626 4
      vertex 24.0416 24.0416 0
      vertex 22.4178 25.5626 0
    endloop
  endfacet
  facet normal -0.683627 0.729831 0
    outer loop
      vertex -22.4178 25.5626 0
      vertex -24.0416 24.0416 4
      vertex -22.4178 25.5626 4
    endloop
  endfacet
  facet normal -0.683627 0.729831 0
    outer loop
      vertex -24.0416 24.0416 4
      vertex -22.4178 25.5626 0
      vertex -24.0416 24.0416 0
    endloop
  endfacet
  facet normal -0.352241 0.935909 0
    outer loop
      vertex -10.9289 32.1956 0
      vertex -13.0112 31.4119 4
      vertex -10.9289 32.1956 4
    endloop
  endfacet
  facet normal -0.352241 0.935909 0
    outer loop
      vertex -13.0112 31.4119 4
      vertex -10.9289 32.1956 0
      vertex -13.0112 31.4119 0
    endloop
  endfacet
  facet normal 0.910871 0.412692 0
    outer loop
      vertex 31.4119 13.0112 4
      vertex 30.4937 15.0378 0
      vertex 30.4937 15.0378 4
    endloop
  endfacet
  facet normal 0.910871 0.412692 0
    outer loop
      vertex 30.4937 15.0378 0
      vertex 31.4119 13.0112 4
      vertex 31.4119 13.0112 0
    endloop
  endfacet
  facet normal 0.352241 0.935909 -0
    outer loop
      vertex 13.0112 31.4119 0
      vertex 10.9289 32.1956 4
      vertex 13.0112 31.4119 4
    endloop
  endfacet
  facet normal 0.352241 0.935909 0
    outer loop
      vertex 10.9289 32.1956 4
      vertex 13.0112 31.4119 0
      vertex 10.9289 32.1956 0
    endloop
  endfacet
  facet normal 0.528066 0.849203 -0
    outer loop
      vertex 18.8894 28.27 0
      vertex 17 29.4449 4
      vertex 18.8894 28.27 4
    endloop
  endfacet
  facet normal 0.528066 0.849203 0
    outer loop
      vertex 17 29.4449 4
      vertex 18.8894 28.27 0
      vertex 17 29.4449 0
    endloop
  endfacet
  facet normal -0.910871 0.412692 0
    outer loop
      vertex -31.4119 13.0112 0
      vertex -30.4937 15.0378 4
      vertex -30.4937 15.0378 0
    endloop
  endfacet
  facet normal -0.910871 0.412692 0
    outer loop
      vertex -30.4937 15.0378 4
      vertex -31.4119 13.0112 0
      vertex -31.4119 13.0112 4
    endloop
  endfacet
  facet normal -0.773029 0.63437 0
    outer loop
      vertex -26.974 20.6979 0
      vertex -25.5626 22.4178 4
      vertex -25.5626 22.4178 0
    endloop
  endfacet
  facet normal -0.773029 0.63437 0
    outer loop
      vertex -25.5626 22.4178 4
      vertex -26.974 20.6979 0
      vertex -26.974 20.6979 4
    endloop
  endfacet
  facet normal -0.162884 0.986645 0
    outer loop
      vertex -4.43789 33.7091 0
      vertex -6.63307 33.3467 4
      vertex -4.43789 33.7091 4
    endloop
  endfacet
  facet normal -0.162884 0.986645 0
    outer loop
      vertex -6.63307 33.3467 4
      vertex -4.43789 33.7091 0
      vertex -6.63307 33.3467 0
    endloop
  endfacet
  facet normal -0.773029 -0.63437 0
    outer loop
      vertex -25.5626 -22.4178 0
      vertex -26.974 -20.6979 4
      vertex -26.974 -20.6979 0
    endloop
  endfacet
  facet normal -0.773029 -0.63437 0
    outer loop
      vertex -26.974 -20.6979 4
      vertex -25.5626 -22.4178 0
      vertex -25.5626 -22.4178 4
    endloop
  endfacet
  facet normal -0.995184 -0.0980271 0
    outer loop
      vertex -33.7091 -4.43789 0
      vertex -33.9272 -2.22371 4
      vertex -33.9272 -2.22371 0
    endloop
  endfacet
  facet normal -0.995184 -0.0980271 0
    outer loop
      vertex -33.9272 -2.22371 4
      vertex -33.7091 -4.43789 0
      vertex -33.7091 -4.43789 4
    endloop
  endfacet
  facet normal 0 0 -1
    outer loop
      vertex 20.3956 -21.1684 0
      vertex -20.3956 -21.1684 0
      vertex 20.4481 -21.0703 0
    endloop
  endfacet
  facet normal 0 0 -1
    outer loop
      vertex 20.7182 20.7182 0
      vertex -20.2239 21.8091 0
      vertex -20.2203 21.9203 0
    endloop
  endfacet
  facet normal 0 0 -1
    outer loop
      vertex -20.4481 -21.0703 0
      vertex 20.4481 -21.0703 0
      vertex -20.3956 -21.1684 0
    endloop
  endfacet
  facet normal 0 0 -1
    outer loop
      vertex 20.7182 20.7182 0
      vertex -20.2349 21.6984 0
      vertex -20.2239 21.8091 0
    endloop
  endfacet
  facet normal 0 0 -1
    outer loop
      vertex 20.4481 -21.0703 0
      vertex -20.4481 -21.0703 0
      vertex 20.5068 -20.9758 0
    endloop
  endfacet
  facet normal 0 0 -1
    outer loop
      vertex 20.7182 20.7182 0
      vertex -20.253 21.5887 0
      vertex -20.2349 21.6984 0
    endloop
  endfacet
  facet normal 0 0 -1
    outer loop
      vertex -20.5068 -20.9758 0
      vertex 20.5068 -20.9758 0
      vertex -20.4481 -21.0703 0
    endloop
  endfacet
  facet normal 0 0 -1
    outer loop
      vertex 20.7182 20.7182 0
      vertex -20.2782 21.4803 0
      vertex -20.253 21.5887 0
    endloop
  endfacet
  facet normal 0 0 -1
    outer loop
      vertex 20.5068 -20.9758 0
      vertex -20.5068 -20.9758 0
      vertex 20.5716 -20.8854 0
    endloop
  endfacet
  facet normal 0 0 -1
    outer loop
      vertex 20.7182 20.7182 0
      vertex -20.3105 21.3739 0
      vertex -20.2782 21.4803 0
    endloop
  endfacet
  facet normal 0 0 -1
    outer loop
      vertex -20.5716 -20.8854 0
      vertex 20.5716 -20.8854 0
      vertex -20.5068 -20.9758 0
    endloop
  endfacet
  facet normal 0 0 -1
    outer loop
      vertex 20.7182 20.7182 0
      vertex -20.3497 21.2697 0
      vertex -20.3105 21.3739 0
    endloop
  endfacet
  facet normal 0 0 -1
    outer loop
      vertex 20.5716 -20.8854 0
      vertex -20.5716 -20.8854 0
      vertex 20.6422 -20.7994 0
    endloop
  endfacet
  facet normal 0 0 -1
    outer loop
      vertex 20.7182 20.7182 0
      vertex -20.3956 21.1684 0
      vertex -20.3497 21.2697 0
    endloop
  endfacet
  facet normal 0 0 -1
    outer loop
      vertex -20.6422 -20.7994 0
      vertex 20.6422 -20.7994 0
      vertex -20.5716 -20.8854 0
    endloop
  endfacet
  facet normal 0 0 -1
    outer loop
      vertex 20.7182 20.7182 0
      vertex -20.4481 21.0703 0
      vertex -20.3956 21.1684 0
    endloop
  endfacet
  facet normal 0 0 -1
    outer loop
      vertex 20.6422 -20.7994 0
      vertex -20.6422 -20.7994 0
      vertex 20.7182 -20.7182 0
    endloop
  endfacet
  facet normal 0 0 -1
    outer loop
      vertex 20.7182 20.7182 0
      vertex -20.5068 20.9758 0
      vertex -20.4481 21.0703 0
    endloop
  endfacet
  facet normal 0 0 -1
    outer loop
      vertex -20.7182 -20.7182 0
      vertex 20.7182 -20.7182 0
      vertex -20.6422 -20.7994 0
    endloop
  endfacet
  facet normal 0 0 -1
    outer loop
      vertex 20.7182 20.7182 0
      vertex -20.5716 20.8854 0
      vertex -20.5068 20.9758 0
    endloop
  endfacet
  facet normal 0 0 -1
    outer loop
      vertex 20.7182 -20.7182 0
      vertex -20.7182 -20.7182 0
      vertex 20.7182 20.7182 0
    endloop
  endfacet
  facet normal 0 0 -1
    outer loop
      vertex 20.7182 20.7182 0
      vertex -20.6422 20.7994 0
      vertex -20.5716 20.8854 0
    endloop
  endfacet
  facet normal 0 0 -1
    outer loop
      vertex -20.7182 20.7182 0
      vertex 20.7182 20.7182 0
      vertex -20.7182 -20.7182 0
    endloop
  endfacet
  facet normal 0 0 -1
    outer loop
      vertex 20.7182 20.7182 0
      vertex -20.7182 20.7182 0
      vertex -20.6422 20.7994 0
    endloop
  endfacet
  facet normal 0 0 -1
    outer loop
      vertex -20.7994 -20.6422 0
      vertex -20.7182 20.7182 0
      vertex -20.7182 -20.7182 0
    endloop
  endfacet
  facet normal 0 0 -1
    outer loop
      vertex -20.7994 -20.6422 0
      vertex -20.7994 20.6422 0
      vertex -20.7182 20.7182 0
    endloop
  endfacet
  facet normal 0 0 -1
    outer loop
      vertex -20.8854 -20.5716 0
      vertex -20.7994 20.6422 0
      vertex -20.7994 -20.6422 0
    endloop
  endfacet
  facet normal 0 0 -1
    outer loop
      vertex -20.8854 -20.5716 0
      vertex -20.8854 20.5716 0
      vertex -20.7994 20.6422 0
    endloop
  endfacet
  facet normal 0 0 -1
    outer loop
      vertex -20.9758 -20.5068 0
      vertex -20.8854 20.5716 0
      vertex -20.8854 -20.5716 0
    endloop
  endfacet
  facet normal 0 0 -1
    outer loop
      vertex -20.9758 -20.5068 0
      vertex -20.9758 20.5068 0
      vertex -20.8854 20.5716 0
    endloop
  endfacet
  facet normal 0 0 -1
    outer loop
      vertex -21.0703 -20.4481 0
      vertex -20.9758 20.5068 0
      vertex -20.9758 -20.5068 0
    endloop
  endfacet
  facet normal 0 0 -1
    outer loop
      vertex -21.0703 -20.4481 0
      vertex -21.0703 20.4481 0
      vertex -20.9758 20.5068 0
    endloop
  endfacet
  facet normal 0 0 -1
    outer loop
      vertex -21.1684 -20.3956 0
      vertex -21.0703 20.4481 0
      vertex -21.0703 -20.4481 0
    endloop
  endfacet
  facet normal 0 0 -1
    outer loop
      vertex -21.1684 -20.3956 0
      vertex -21.1684 20.3956 0
      vertex -21.0703 20.4481 0
    endloop
  endfacet
  facet normal 0 0 -1
    outer loop
      vertex -34 0 0
      vertex -21.1684 -20.3956 0
      vertex -21.2697 -20.3497 0
    endloop
  endfacet
  facet normal 0 0 -1
    outer loop
      vertex -21.1684 -20.3956 0
      vertex -34 0 0
      vertex -21.1684 20.3956 0
    endloop
  endfacet
  facet normal 0 0 -1
    outer loop
      vertex -33.7091 -4.43789 0
      vertex -21.2697 -20.3497 0
      vertex -21.3739 -20.3105 0
    endloop
  endfacet
  facet normal 0 0 -1
    outer loop
      vertex -21.1684 20.3956 0
      vertex -34 0 0
      vertex -21.2697 20.3497 0
    endloop
  endfacet
  facet normal 0 0 -1
    outer loop
      vertex -33.3467 -6.63307 0
      vertex -21.3739 -20.3105 0
      vertex -21.4803 -20.2782 0
    endloop
  endfacet
  facet normal 0 -0 -1
    outer loop
      vertex -33.9272 2.22371 0
      vertex -21.2697 20.3497 0
      vertex -34 0 0
    endloop
  endfacet
  facet normal 0 0 -1
    outer loop
      vertex -32.8415 -8.79985 0
      vertex -21.4803 -20.2782 0
      vertex -21.5887 -20.253 0
    endloop
  endfacet
  facet normal 0 -0 -1
    outer loop
      vertex -33.7091 4.43789 0
      vertex -21.2697 20.3497 0
      vertex -33.9272 2.22371 0
    endloop
  endfacet
  facet normal 0 0 -1
    outer loop
      vertex -32.1956 -10.9289 0
      vertex -21.5887 -20.253 0
      vertex -21.6984 -20.2349 0
    endloop
  endfacet
  facet normal 0 0 -1
    outer loop
      vertex -21.2697 20.3497 0
      vertex -33.7091 4.43789 0
      vertex -21.3739 20.3105 0
    endloop
  endfacet
  facet normal 0 0 -1
    outer loop
      vertex -31.4119 -13.0112 0
      vertex -21.6984 -20.2349 0
      vertex -21.8091 -20.2239 0
    endloop
  endfacet
  facet normal 0 -0 -1
    outer loop
      vertex -33.3467 6.63307 0
      vertex -21.3739 20.3105 0
      vertex -33.7091 4.43789 0
    endloop
  endfacet
  facet normal 0 0 -1
    outer loop
      vertex -31.4119 -13.0112 0
      vertex -21.8091 -20.2239 0
      vertex -21.9203 -20.2203 0
    endloop
  endfacet
  facet normal 0 0 -1
    outer loop
      vertex -21.3739 20.3105 0
      vertex -33.3467 6.63307 0
      vertex -21.4803 20.2782 0
    endloop
  endfacet
  facet normal 0 0 -1
    outer loop
      vertex -30.4937 -15.0378 0
      vertex -21.9203 -20.2203 0
      vertex -22.0315 -20.2239 0
    endloop
  endfacet
  facet normal 0 -0 -1
    outer loop
      vertex -32.8415 8.79985 0
      vertex -21.4803 20.2782 0
      vertex -33.3467 6.63307 0
    endloop
  endfacet
  facet normal 0 0 -1
    outer loop
      vertex -30.4937 -15.0378 0
      vertex -22.0315 -20.2239 0
      vertex -22.1422 -20.2349 0
    endloop
  endfacet
  facet normal 0 0 -1
    outer loop
      vertex -21.4803 20.2782 0
      vertex -32.8415 8.79985 0
      vertex -21.5887 20.253 0
    endloop
  endfacet
  facet normal 0 0 -1
    outer loop
      vertex -29.4449 -17 0
      vertex -22.1422 -20.2349 0
      vertex -22.252 -20.253 0
    endloop
  endfacet
  facet normal 0 -0 -1
    outer loop
      vertex -32.1956 10.9289 0
      vertex -21.5887 20.253 0
      vertex -32.8415 8.79985 0
    endloop
  endfacet
  facet normal 0 0 -1
    outer loop
      vertex -29.4449 -17 0
      vertex -22.252 -20.253 0
      vertex -22.3603 -20.2782 0
    endloop
  endfacet
  facet normal 0 0 -1
    outer loop
      vertex -21.5887 20.253 0
      vertex -32.1956 10.9289 0
      vertex -21.6984 20.2349 0
    endloop
  endfacet
  facet normal 0 0 -1
    outer loop
      vertex -29.4449 -17 0
      vertex -22.3603 -20.2782 0
      vertex -22.4668 -20.3105 0
    endloop
  endfacet
  facet normal 0 -0 -1
    outer loop
      vertex -31.4119 13.0112 0
      vertex -21.6984 20.2349 0
      vertex -32.1956 10.9289 0
    endloop
  endfacet
  facet normal 0 0 -1
    outer loop
      vertex -28.27 -18.8894 0
      vertex -22.4668 -20.3105 0
      vertex -22.5709 -20.3497 0
    endloop
  endfacet
  facet normal 0 0 -1
    outer loop
      vertex -21.6984 20.2349 0
      vertex -31.4119 13.0112 0
      vertex -21.8091 20.2239 0
    endloop
  endfacet
  facet normal 0 0 -1
    outer loop
      vertex -28.27 -18.8894 0
      vertex -22.5709 -20.3497 0
      vertex -22.6722 -20.3956 0
    endloop
  endfacet
  facet normal 0 0 -1
    outer loop
      vertex -21.8091 20.2239 0
      vertex -31.4119 13.0112 0
      vertex -21.9203 20.2203 0
    endloop
  endfacet
  facet normal 0 0 -1
    outer loop
      vertex -28.27 -18.8894 0
      vertex -22.6722 -20.3956 0
      vertex -22.7703 -20.4481 0
    endloop
  endfacet
  facet normal 0 -0 -1
    outer loop
      vertex -30.4937 15.0378 0
      vertex -21.9203 20.2203 0
      vertex -31.4119 13.0112 0
    endloop
  endfacet
  facet normal 0 0 -1
    outer loop
      vertex -28.27 -18.8894 0
      vertex -22.7703 -20.4481 0
      vertex -22.8648 -20.5068 0
    endloop
  endfacet
  facet normal -0 0 -1
    outer loop
      vertex -21.9203 20.2203 0
      vertex -30.4937 15.0378 0
      vertex -22.0315 20.2239 0
    endloop
  endfacet
  facet normal 0 0 -1
    outer loop
      vertex -28.27 -18.8894 0
      vertex -22.8648 -20.5068 0
      vertex -22.9552 -20.5716 0
    endloop
  endfacet
  facet normal -0 0 -1
    outer loop
      vertex -22.0315 20.2239 0
      vertex -30.4937 15.0378 0
      vertex -22.1422 20.2349 0
    endloop
  endfacet
  facet normal 0 0 -1
    outer loop
      vertex -26.974 -20.6979 0
      vertex -22.9552 -20.5716 0
      vertex -23.0412 -20.6422 0
    endloop
  endfacet
  facet normal 0 -0 -1
    outer loop
      vertex -29.4449 17 0
      vertex -22.1422 20.2349 0
      vertex -30.4937 15.0378 0
    endloop
  endfacet
  facet normal 0 0 -1
    outer loop
      vertex -26.974 -20.6979 0
      vertex -23.0412 -20.6422 0
      vertex -23.1224 -20.7182 0
    endloop
  endfacet
  facet normal -0 0 -1
    outer loop
      vertex -22.1422 20.2349 0
      vertex -29.4449 17 0
      vertex -22.252 20.253 0
    endloop
  endfacet
  facet normal 0 0 -1
    outer loop
      vertex -26.974 -20.6979 0
      vertex -23.1224 -20.7182 0
      vertex -23.1984 -20.7994 0
    endloop
  endfacet
  facet normal -0 0 -1
    outer loop
      vertex -22.252 20.253 0
      vertex -29.4449 17 0
      vertex -22.3603 20.2782 0
    endloop
  endfacet
  facet normal 0 0 -1
    outer loop
      vertex -26.974 -20.6979 0
      vertex -23.1984 -20.7994 0
      vertex -23.269 -20.8854 0
    endloop
  endfacet
  facet normal -0 0 -1
    outer loop
      vertex -22.3603 20.2782 0
      vertex -29.4449 17 0
      vertex -22.4668 20.3105 0
    endloop
  endfacet
  facet normal 0 0 -1
    outer loop
      vertex -26.974 -20.6979 0
      vertex -23.269 -20.8854 0
      vertex -23.3338 -20.9758 0
    endloop
  endfacet
  facet normal 0 -0 -1
    outer loop
      vertex -28.27 18.8894 0
      vertex -22.4668 20.3105 0
      vertex -29.4449 17 0
    endloop
  endfacet
  facet normal 0 0 -1
    outer loop
      vertex -26.974 -20.6979 0
      vertex -23.3338 -20.9758 0
      vertex -23.3926 -21.0703 0
    endloop
  endfacet
  facet normal -0 0 -1
    outer loop
      vertex -22.4668 20.3105 0
      vertex -28.27 18.8894 0
      vertex -22.5709 20.3497 0
    endloop
  endfacet
  facet normal 0 0 -1
    outer loop
      vertex -26.974 -20.6979 0
      vertex -23.3926 -21.0703 0
      vertex -23.445 -21.1684 0
    endloop
  endfacet
  facet normal -0 0 -1
    outer loop
      vertex -22.5709 20.3497 0
      vertex -28.27 18.8894 0
      vertex -22.6722 20.3956 0
    endloop
  endfacet
  facet normal 0 0 -1
    outer loop
      vertex -26.974 -20.6979 0
      vertex -23.445 -21.1684 0
      vertex -23.4909 -21.2697 0
    endloop
  endfacet
  facet normal 0 0 -1
    outer loop
      vertex -21.2697 -20.3497 0
      vertex -33.9272 -2.22371 0
      vertex -34 0 0
    endloop
  endfacet
  facet normal 0 0 -1
    outer loop
      vertex -25.5626 -22.4178 0
      vertex -23.4909 -21.2697 0
      vertex -23.5301 -21.3739 0
    endloop
  endfacet
  facet normal -0 0 -1
    outer loop
      vertex -22.6722 20.3956 0
      vertex -28.27 18.8894 0
      vertex -22.7703 20.4481 0
    endloop
  endfacet
  facet normal 0 0 -1
    outer loop
      vertex -25.5626 -22.4178 0
      vertex -23.5301 -21.3739 0
      vertex -23.5624 -21.4803 0
    endloop
  endfacet
  facet normal -0 0 -1
    outer loop
      vertex -22.7703 20.4481 0
      vertex -28.27 18.8894 0
      vertex -22.8648 20.5068 0
    endloop
  endfacet
  facet normal 0 0 -1
    outer loop
      vertex -25.5626 -22.4178 0
      vertex -23.5624 -21.4803 0
      vertex -23.5876 -21.5887 0
    endloop
  endfacet
  facet normal -0 0 -1
    outer loop
      vertex -22.8648 20.5068 0
      vertex -28.27 18.8894 0
      vertex -22.9552 20.5716 0
    endloop
  endfacet
  facet normal 0 0 -1
    outer loop
      vertex -25.5626 -22.4178 0
      vertex -23.5876 -21.5887 0
      vertex -23.6058 -21.6984 0
    endloop
  endfacet
  facet normal 0 -0 -1
    outer loop
      vertex -26.974 20.6979 0
      vertex -22.9552 20.5716 0
      vertex -28.27 18.8894 0
    endloop
  endfacet
  facet normal 0 0 -1
    outer loop
      vertex -25.5626 -22.4178 0
      vertex -23.6058 -21.6984 0
      vertex -23.6167 -21.8091 0
    endloop
  endfacet
  facet normal 0 0 -1
    outer loop
      vertex -22.9552 20.5716 0
      vertex -26.974 20.6979 0
      vertex -23.0412 20.6422 0
    endloop
  endfacet
  facet normal 0 0 -1
    outer loop
      vertex -25.5626 -22.4178 0
      vertex -23.6167 -21.8091 0
      vertex -23.6203 -21.9203 0
    endloop
  endfacet
  facet normal 0 0 -1
    outer loop
      vertex -23.0412 20.6422 0
      vertex -26.974 20.6979 0
      vertex -23.1224 20.7182 0
    endloop
  endfacet
  facet normal 0 0 -1
    outer loop
      vertex -20.2349 22.1422 0
      vertex -15.0378 30.4937 0
      vertex -20.2239 22.0315 0
    endloop
  endfacet
  facet normal 0 0 -1
    outer loop
      vertex -15.0378 30.4937 0
      vertex -20.2349 22.1422 0
      vertex -17 29.4449 0
    endloop
  endfacet
  facet normal 0 0 -1
    outer loop
      vertex -20.253 22.252 0
      vertex -17 29.4449 0
      vertex -20.2349 22.1422 0
    endloop
  endfacet
  facet normal 0 0 -1
    outer loop
      vertex -20.2782 22.3603 0
      vertex -17 29.4449 0
      vertex -20.253 22.252 0
    endloop
  endfacet
  facet normal 0 0 -1
    outer loop
      vertex -20.3105 22.4668 0
      vertex -17 29.4449 0
      vertex -20.2782 22.3603 0
    endloop
  endfacet
  facet normal 0 0 -1
    outer loop
      vertex -17 29.4449 0
      vertex -20.3105 22.4668 0
      vertex -18.8894 28.27 0
    endloop
  endfacet
  facet normal 0 0 -1
    outer loop
      vertex -20.3497 22.5709 0
      vertex -18.8894 28.27 0
      vertex -20.3105 22.4668 0
    endloop
  endfacet
  facet normal 0 0 -1
    outer loop
      vertex -20.3956 22.6722 0
      vertex -18.8894 28.27 0
      vertex -20.3497 22.5709 0
    endloop
  endfacet
  facet normal 0 0 -1
    outer loop
      vertex -20.4481 22.7703 0
      vertex -18.8894 28.27 0
      vertex -20.3956 22.6722 0
    endloop
  endfacet
  facet normal 0 0 -1
    outer loop
      vertex -20.5068 22.8648 0
      vertex -18.8894 28.27 0
      vertex -20.4481 22.7703 0
    endloop
  endfacet
  facet normal 0 0 -1
    outer loop
      vertex -20.5716 22.9552 0
      vertex -18.8894 28.27 0
      vertex -20.5068 22.8648 0
    endloop
  endfacet
  facet normal 0 0 -1
    outer loop
      vertex -20.6979 26.974 0
      vertex -20.5716 22.9552 0
      vertex -20.6422 23.0412 0
    endloop
  endfacet
  facet normal 0 0 -1
    outer loop
      vertex -20.5716 22.9552 0
      vertex -20.6979 26.974 0
      vertex -18.8894 28.27 0
    endloop
  endfacet
  facet normal 0 0 -1
    outer loop
      vertex -20.7182 23.1224 0
      vertex -20.6979 26.974 0
      vertex -20.6422 23.0412 0
    endloop
  endfacet
  facet normal 0 0 -1
    outer loop
      vertex -20.7994 23.1984 0
      vertex -20.6979 26.974 0
      vertex -20.7182 23.1224 0
    endloop
  endfacet
  facet normal 0 0 -1
    outer loop
      vertex -20.8854 23.269 0
      vertex -20.6979 26.974 0
      vertex -20.7994 23.1984 0
    endloop
  endfacet
  facet normal 0 0 -1
    outer loop
      vertex -20.9758 23.3338 0
      vertex -20.6979 26.974 0
      vertex -20.8854 23.269 0
    endloop
  endfacet
  facet normal 0 0 -1
    outer loop
      vertex -21.0703 23.3926 0
      vertex -20.6979 26.974 0
      vertex -20.9758 23.3338 0
    endloop
  endfacet
  facet normal 0 0 -1
    outer loop
      vertex -21.1684 23.445 0
      vertex -20.6979 26.974 0
      vertex -21.0703 23.3926 0
    endloop
  endfacet
  facet normal 0 0 -1
    outer loop
      vertex -21.2697 23.4909 0
      vertex -20.6979 26.974 0
      vertex -21.1684 23.445 0
    endloop
  endfacet
  facet normal 0 0 -1
    outer loop
      vertex -22.4178 25.5626 0
      vertex -21.2697 23.4909 0
      vertex -21.3739 23.5301 0
    endloop
  endfacet
  facet normal 0 0 -1
    outer loop
      vertex -22.4178 25.5626 0
      vertex -21.3739 23.5301 0
      vertex -21.4803 23.5624 0
    endloop
  endfacet
  facet normal 0 0 -1
    outer loop
      vertex -22.4178 25.5626 0
      vertex -21.4803 23.5624 0
      vertex -21.5887 23.5876 0
    endloop
  endfacet
  facet normal 0 0 -1
    outer loop
      vertex -22.4178 25.5626 0
      vertex -21.5887 23.5876 0
      vertex -21.6984 23.6058 0
    endloop
  endfacet
  facet normal 0 0 -1
    outer loop
      vertex -22.4178 25.5626 0
      vertex -21.6984 23.6058 0
      vertex -21.8091 23.6167 0
    endloop
  endfacet
  facet normal 0 0 -1
    outer loop
      vertex -22.4178 25.5626 0
      vertex -21.8091 23.6167 0
      vertex -21.9203 23.6203 0
    endloop
  endfacet
  facet normal 0 0 -1
    outer loop
      vertex -22.4178 25.5626 0
      vertex -21.9203 23.6203 0
      vertex -22.0315 23.6167 0
    endloop
  endfacet
  facet normal 0 0 -1
    outer loop
      vertex -22.4178 25.5626 0
      vertex -22.0315 23.6167 0
      vertex -22.1422 23.6058 0
    endloop
  endfacet
  facet normal 0 0 -1
    outer loop
      vertex -22.4178 25.5626 0
      vertex -22.1422 23.6058 0
      vertex -22.252 23.5876 0
    endloop
  endfacet
  facet normal 0 0 -1
    outer loop
      vertex -22.4178 25.5626 0
      vertex -22.252 23.5876 0
      vertex -22.3603 23.5624 0
    endloop
  endfacet
  facet normal 0 0 -1
    outer loop
      vertex -21.2697 23.4909 0
      vertex -22.4178 25.5626 0
      vertex -20.6979 26.974 0
    endloop
  endfacet
  facet normal 0 0 -1
    outer loop
      vertex -22.4668 23.5301 0
      vertex -22.4178 25.5626 0
      vertex -22.3603 23.5624 0
    endloop
  endfacet
  facet normal 0 0 -1
    outer loop
      vertex -22.5709 23.4909 0
      vertex -22.4178 25.5626 0
      vertex -22.4668 23.5301 0
    endloop
  endfacet
  facet normal 0 0 -1
    outer loop
      vertex -24.0416 24.0416 0
      vertex -22.5709 23.4909 0
      vertex -22.6722 23.445 0
    endloop
  endfacet
  facet normal 0 0 -1
    outer loop
      vertex -24.0416 24.0416 0
      vertex -22.6722 23.445 0
      vertex -22.7703 23.3926 0
    endloop
  endfacet
  facet normal 0 0 -1
    outer loop
      vertex -24.0416 24.0416 0
      vertex -22.7703 23.3926 0
      vertex -22.8648 23.3338 0
    endloop
  endfacet
  facet normal 0 0 -1
    outer loop
      vertex -24.0416 24.0416 0
      vertex -22.8648 23.3338 0
      vertex -22.9552 23.269 0
    endloop
  endfacet
  facet normal 0 0 -1
    outer loop
      vertex -24.0416 24.0416 0
      vertex -22.9552 23.269 0
      vertex -23.0412 23.1984 0
    endloop
  endfacet
  facet normal 0 0 -1
    outer loop
      vertex -24.0416 24.0416 0
      vertex -23.0412 23.1984 0
      vertex -23.1224 23.1224 0
    endloop
  endfacet
  facet normal 0 0 -1
    outer loop
      vertex -24.0416 24.0416 0
      vertex -23.1224 23.1224 0
      vertex -23.1984 23.0412 0
    endloop
  endfacet
  facet normal 0 0 -1
    outer loop
      vertex -24.0416 24.0416 0
      vertex -23.1984 23.0412 0
      vertex -23.269 22.9552 0
    endloop
  endfacet
  facet normal 0 0 -1
    outer loop
      vertex -24.0416 24.0416 0
      vertex -23.269 22.9552 0
      vertex -23.3338 22.8648 0
    endloop
  endfacet
  facet normal 0 0 -1
    outer loop
      vertex -24.0416 24.0416 0
      vertex -23.3338 22.8648 0
      vertex -23.3926 22.7703 0
    endloop
  endfacet
  facet normal 0 0 -1
    outer loop
      vertex -24.0416 24.0416 0
      vertex -23.3926 22.7703 0
      vertex -23.445 22.6722 0
    endloop
  endfacet
  facet normal 0 0 -1
    outer loop
      vertex -24.0416 24.0416 0
      vertex -23.445 22.6722 0
      vertex -23.4909 22.5709 0
    endloop
  endfacet
  facet normal 0 0 -1
    outer loop
      vertex -25.5626 22.4178 0
      vertex -23.4909 22.5709 0
      vertex -23.5301 22.4668 0
    endloop
  endfacet
  facet normal 0 0 -1
    outer loop
      vertex -22.5709 23.4909 0
      vertex -24.0416 24.0416 0
      vertex -22.4178 25.5626 0
    endloop
  endfacet
  facet normal 0 0 -1
    outer loop
      vertex -25.5626 22.4178 0
      vertex -23.5301 22.4668 0
      vertex -23.5624 22.3603 0
    endloop
  endfacet
  facet normal 0 0 -1
    outer loop
      vertex -25.5626 22.4178 0
      vertex -23.5624 22.3603 0
      vertex -23.5876 22.252 0
    endloop
  endfacet
  facet normal 0 0 -1
    outer loop
      vertex -25.5626 22.4178 0
      vertex -23.5876 22.252 0
      vertex -23.6058 22.1422 0
    endloop
  endfacet
  facet normal 0 0 -1
    outer loop
      vertex -25.5626 22.4178 0
      vertex -23.6058 22.1422 0
      vertex -23.6167 22.0315 0
    endloop
  endfacet
  facet normal 0 0 -1
    outer loop
      vertex -25.5626 22.4178 0
      vertex -23.6167 22.0315 0
      vertex -23.6203 21.9203 0
    endloop
  endfacet
  facet normal -0 0 -1
    outer loop
      vertex -23.4909 -21.2697 0
      vertex -25.5626 -22.4178 0
      vertex -26.974 -20.6979 0
    endloop
  endfacet
  facet normal -0 0 -1
    outer loop
      vertex -22.9552 -20.5716 0
      vertex -26.974 -20.6979 0
      vertex -28.27 -18.8894 0
    endloop
  endfacet
  facet normal -0 0 -1
    outer loop
      vertex -23.4909 22.5709 0
      vertex -25.5626 22.4178 0
      vertex -24.0416 24.0416 0
    endloop
  endfacet
  facet normal 0 0 -1
    outer loop
      vertex -22.4668 -20.3105 0
      vertex -28.27 -18.8894 0
      vertex -29.4449 -17 0
    endloop
  endfacet
  facet normal 0 0 -1
    outer loop
      vertex -23.6167 21.8091 0
      vertex -25.5626 22.4178 0
      vertex -23.6203 21.9203 0
    endloop
  endfacet
  facet normal 0 0 -1
    outer loop
      vertex -22.1422 -20.2349 0
      vertex -29.4449 -17 0
      vertex -30.4937 -15.0378 0
    endloop
  endfacet
  facet normal 0 0 -1
    outer loop
      vertex -23.6058 21.6984 0
      vertex -25.5626 22.4178 0
      vertex -23.6167 21.8091 0
    endloop
  endfacet
  facet normal 0 0 -1
    outer loop
      vertex -21.9203 -20.2203 0
      vertex -30.4937 -15.0378 0
      vertex -31.4119 -13.0112 0
    endloop
  endfacet
  facet normal 0 0 -1
    outer loop
      vertex -23.5876 21.5887 0
      vertex -25.5626 22.4178 0
      vertex -23.6058 21.6984 0
    endloop
  endfacet
  facet normal 0 0 -1
    outer loop
      vertex -21.6984 -20.2349 0
      vertex -31.4119 -13.0112 0
      vertex -32.1956 -10.9289 0
    endloop
  endfacet
  facet normal 0 0 -1
    outer loop
      vertex -23.5624 21.4803 0
      vertex -25.5626 22.4178 0
      vertex -23.5876 21.5887 0
    endloop
  endfacet
  facet normal 0 0 -1
    outer loop
      vertex -21.5887 -20.253 0
      vertex -32.1956 -10.9289 0
      vertex -32.8415 -8.79985 0
    endloop
  endfacet
  facet normal 0 0 -1
    outer loop
      vertex -23.5301 21.3739 0
      vertex -25.5626 22.4178 0
      vertex -23.5624 21.4803 0
    endloop
  endfacet
  facet normal 0 0 -1
    outer loop
      vertex -21.4803 -20.2782 0
      vertex -32.8415 -8.79985 0
      vertex -33.3467 -6.63307 0
    endloop
  endfacet
  facet normal 0 0 -1
    outer loop
      vertex -23.4909 21.2697 0
      vertex -25.5626 22.4178 0
      vertex -23.5301 21.3739 0
    endloop
  endfacet
  facet normal 0 0 -1
    outer loop
      vertex -21.3739 -20.3105 0
      vertex -33.3467 -6.63307 0
      vertex -33.7091 -4.43789 0
    endloop
  endfacet
  facet normal 0 -0 -1
    outer loop
      vertex -25.5626 22.4178 0
      vertex -23.4909 21.2697 0
      vertex -26.974 20.6979 0
    endloop
  endfacet
  facet normal 0 0 -1
    outer loop
      vertex -21.2697 -20.3497 0
      vertex -33.7091 -4.43789 0
      vertex -33.9272 -2.22371 0
    endloop
  endfacet
  facet normal -0 0 -1
    outer loop
      vertex -23.445 21.1684 0
      vertex -26.974 20.6979 0
      vertex -23.4909 21.2697 0
    endloop
  endfacet
  facet normal -0 0 -1
    outer loop
      vertex -23.1224 20.7182 0
      vertex -26.974 20.6979 0
      vertex -23.1984 20.7994 0
    endloop
  endfacet
  facet normal -0 0 -1
    outer loop
      vertex -23.3926 21.0703 0
      vertex -26.974 20.6979 0
      vertex -23.445 21.1684 0
    endloop
  endfacet
  facet normal -0 0 -1
    outer loop
      vertex -23.1984 20.7994 0
      vertex -26.974 20.6979 0
      vertex -23.269 20.8854 0
    endloop
  endfacet
  facet normal -0 0 -1
    outer loop
      vertex -23.3338 20.9758 0
      vertex -26.974 20.6979 0
      vertex -23.3926 21.0703 0
    endloop
  endfacet
  facet normal -0 0 -1
    outer loop
      vertex -23.269 20.8854 0
      vertex -26.974 20.6979 0
      vertex -23.3338 20.9758 0
    endloop
  endfacet
  facet normal 0 0 -1
    outer loop
      vertex 23.0412 -20.6422 0
      vertex 26.974 -20.6979 0
      vertex 23.1224 -20.7182 0
    endloop
  endfacet
  facet normal 0 0 -1
    outer loop
      vertex 33.9272 2.22371 0
      vertex 23.6167 21.8091 0
      vertex 23.6203 21.9203 0
    endloop
  endfacet
  facet normal 0 0 -1
    outer loop
      vertex 22.9552 -20.5716 0
      vertex 26.974 -20.6979 0
      vertex 23.0412 -20.6422 0
    endloop
  endfacet
  facet normal 0 0 -1
    outer loop
      vertex 33.9272 2.22371 0
      vertex 23.6058 21.6984 0
      vertex 23.6167 21.8091 0
    endloop
  endfacet
  facet normal 0 0 -1
    outer loop
      vertex 26.974 -20.6979 0
      vertex 22.9552 -20.5716 0
      vertex 28.27 -18.8894 0
    endloop
  endfacet
  facet normal 0 0 -1
    outer loop
      vertex 33.9272 2.22371 0
      vertex 23.5876 21.5887 0
      vertex 23.6058 21.6984 0
    endloop
  endfacet
  facet normal 0 0 -1
    outer loop
      vertex 22.8648 -20.5068 0
      vertex 28.27 -18.8894 0
      vertex 22.9552 -20.5716 0
    endloop
  endfacet
  facet normal 0 0 -1
    outer loop
      vertex 33.9272 2.22371 0
      vertex 23.5624 21.4803 0
      vertex 23.5876 21.5887 0
    endloop
  endfacet
  facet normal 0 0 -1
    outer loop
      vertex 22.7703 -20.4481 0
      vertex 28.27 -18.8894 0
      vertex 22.8648 -20.5068 0
    endloop
  endfacet
  facet normal 0 0 -1
    outer loop
      vertex 33.9272 2.22371 0
      vertex 23.5301 21.3739 0
      vertex 23.5624 21.4803 0
    endloop
  endfacet
  facet normal 0 0 -1
    outer loop
      vertex 22.6722 -20.3956 0
      vertex 28.27 -18.8894 0
      vertex 22.7703 -20.4481 0
    endloop
  endfacet
  facet normal 0 0 -1
    outer loop
      vertex 33.9272 2.22371 0
      vertex 23.4909 21.2697 0
      vertex 23.5301 21.3739 0
    endloop
  endfacet
  facet normal 0 0 -1
    outer loop
      vertex 22.5709 -20.3497 0
      vertex 28.27 -18.8894 0
      vertex 22.6722 -20.3956 0
    endloop
  endfacet
  facet normal 0 0 -1
    outer loop
      vertex 33.9272 2.22371 0
      vertex 23.445 21.1684 0
      vertex 23.4909 21.2697 0
    endloop
  endfacet
  facet normal 0 0 -1
    outer loop
      vertex 22.4668 -20.3105 0
      vertex 28.27 -18.8894 0
      vertex 22.5709 -20.3497 0
    endloop
  endfacet
  facet normal 0 0 -1
    outer loop
      vertex 33.9272 2.22371 0
      vertex 23.3926 21.0703 0
      vertex 23.445 21.1684 0
    endloop
  endfacet
  facet normal -0 0 -1
    outer loop
      vertex 28.27 -18.8894 0
      vertex 22.4668 -20.3105 0
      vertex 29.4449 -17 0
    endloop
  endfacet
  facet normal 0 0 -1
    outer loop
      vertex 33.9272 2.22371 0
      vertex 23.3338 20.9758 0
      vertex 23.3926 21.0703 0
    endloop
  endfacet
  facet normal 0 0 -1
    outer loop
      vertex 22.3603 -20.2782 0
      vertex 29.4449 -17 0
      vertex 22.4668 -20.3105 0
    endloop
  endfacet
  facet normal 0 0 -1
    outer loop
      vertex 33.9272 2.22371 0
      vertex 23.269 20.8854 0
      vertex 23.3338 20.9758 0
    endloop
  endfacet
  facet normal 0 0 -1
    outer loop
      vertex 22.252 -20.253 0
      vertex 29.4449 -17 0
      vertex 22.3603 -20.2782 0
    endloop
  endfacet
  facet normal 0 0 -1
    outer loop
      vertex 33.9272 2.22371 0
      vertex 23.1984 20.7994 0
      vertex 23.269 20.8854 0
    endloop
  endfacet
  facet normal 0 0 -1
    outer loop
      vertex 22.1422 -20.2349 0
      vertex 29.4449 -17 0
      vertex 22.252 -20.253 0
    endloop
  endfacet
  facet normal 0 0 -1
    outer loop
      vertex 33.9272 2.22371 0
      vertex 23.1224 20.7182 0
      vertex 23.1984 20.7994 0
    endloop
  endfacet
  facet normal -0 0 -1
    outer loop
      vertex 29.4449 -17 0
      vertex 22.1422 -20.2349 0
      vertex 30.4937 -15.0378 0
    endloop
  endfacet
  facet normal 0 0 -1
    outer loop
      vertex 33.9272 2.22371 0
      vertex 23.0412 20.6422 0
      vertex 23.1224 20.7182 0
    endloop
  endfacet
  facet normal 0 0 -1
    outer loop
      vertex 22.0315 -20.2239 0
      vertex 30.4937 -15.0378 0
      vertex 22.1422 -20.2349 0
    endloop
  endfacet
  facet normal 0 0 -1
    outer loop
      vertex 33.9272 2.22371 0
      vertex 22.9552 20.5716 0
      vertex 23.0412 20.6422 0
    endloop
  endfacet
  facet normal 0 0 -1
    outer loop
      vertex 21.9203 -20.2203 0
      vertex 30.4937 -15.0378 0
      vertex 22.0315 -20.2239 0
    endloop
  endfacet
  facet normal 0 0 -1
    outer loop
      vertex 33.9272 2.22371 0
      vertex 22.8648 20.5068 0
      vertex 22.9552 20.5716 0
    endloop
  endfacet
  facet normal -0 0 -1
    outer loop
      vertex 30.4937 -15.0378 0
      vertex 21.9203 -20.2203 0
      vertex 31.4119 -13.0112 0
    endloop
  endfacet
  facet normal 0 0 -1
    outer loop
      vertex 33.9272 2.22371 0
      vertex 22.7703 20.4481 0
      vertex 22.8648 20.5068 0
    endloop
  endfacet
  facet normal 0 0 -1
    outer loop
      vertex 21.8091 -20.2239 0
      vertex 31.4119 -13.0112 0
      vertex 21.9203 -20.2203 0
    endloop
  endfacet
  facet normal 0 0 -1
    outer loop
      vertex 33.9272 2.22371 0
      vertex 22.6722 20.3956 0
      vertex 22.7703 20.4481 0
    endloop
  endfacet
  facet normal 0 0 -1
    outer loop
      vertex 21.6984 -20.2349 0
      vertex 31.4119 -13.0112 0
      vertex 21.8091 -20.2239 0
    endloop
  endfacet
  facet normal 0 0 -1
    outer loop
      vertex 33.9272 2.22371 0
      vertex 22.5709 20.3497 0
      vertex 22.6722 20.3956 0
    endloop
  endfacet
  facet normal -0 0 -1
    outer loop
      vertex 31.4119 -13.0112 0
      vertex 21.6984 -20.2349 0
      vertex 32.1956 -10.9289 0
    endloop
  endfacet
  facet normal 0 0 -1
    outer loop
      vertex 33.9272 2.22371 0
      vertex 22.4668 20.3105 0
      vertex 22.5709 20.3497 0
    endloop
  endfacet
  facet normal 0 0 -1
    outer loop
      vertex 21.5887 -20.253 0
      vertex 32.1956 -10.9289 0
      vertex 21.6984 -20.2349 0
    endloop
  endfacet
  facet normal 0 0 -1
    outer loop
      vertex 33.9272 2.22371 0
      vertex 22.3603 20.2782 0
      vertex 22.4668 20.3105 0
    endloop
  endfacet
  facet normal -0 0 -1
    outer loop
      vertex 32.1956 -10.9289 0
      vertex 21.5887 -20.253 0
      vertex 32.8415 -8.79985 0
    endloop
  endfacet
  facet normal 0 0 -1
    outer loop
      vertex 33.9272 2.22371 0
      vertex 22.252 20.253 0
      vertex 22.3603 20.2782 0
    endloop
  endfacet
  facet normal 0 0 -1
    outer loop
      vertex 21.4803 -20.2782 0
      vertex 32.8415 -8.79985 0
      vertex 21.5887 -20.253 0
    endloop
  endfacet
  facet normal 0 0 -1
    outer loop
      vertex 33.9272 2.22371 0
      vertex 22.1422 20.2349 0
      vertex 22.252 20.253 0
    endloop
  endfacet
  facet normal -0 0 -1
    outer loop
      vertex 32.8415 -8.79985 0
      vertex 21.4803 -20.2782 0
      vertex 33.3467 -6.63307 0
    endloop
  endfacet
  facet normal 0 0 -1
    outer loop
      vertex 33.9272 2.22371 0
      vertex 22.0315 20.2239 0
      vertex 22.1422 20.2349 0
    endloop
  endfacet
  facet normal 0 0 -1
    outer loop
      vertex 21.3739 -20.3105 0
      vertex 33.3467 -6.63307 0
      vertex 21.4803 -20.2782 0
    endloop
  endfacet
  facet normal 0 0 -1
    outer loop
      vertex 33.9272 2.22371 0
      vertex 21.9203 20.2203 0
      vertex 22.0315 20.2239 0
    endloop
  endfacet
  facet normal -0 0 -1
    outer loop
      vertex 33.3467 -6.63307 0
      vertex 21.3739 -20.3105 0
      vertex 33.7091 -4.43789 0
    endloop
  endfacet
  facet normal 0 0 -1
    outer loop
      vertex 33.9272 2.22371 0
      vertex 21.8091 20.2239 0
      vertex 21.9203 20.2203 0
    endloop
  endfacet
  facet normal 0 0 -1
    outer loop
      vertex 21.2697 -20.3497 0
      vertex 33.7091 -4.43789 0
      vertex 21.3739 -20.3105 0
    endloop
  endfacet
  facet normal 0 0 -1
    outer loop
      vertex 33.9272 2.22371 0
      vertex 21.6984 20.2349 0
      vertex 21.8091 20.2239 0
    endloop
  endfacet
  facet normal -0 0 -1
    outer loop
      vertex 33.7091 -4.43789 0
      vertex 21.2697 -20.3497 0
      vertex 33.9272 -2.22371 0
    endloop
  endfacet
  facet normal 0 0 -1
    outer loop
      vertex 33.9272 2.22371 0
      vertex 21.5887 20.253 0
      vertex 21.6984 20.2349 0
    endloop
  endfacet
  facet normal -0 0 -1
    outer loop
      vertex 33.9272 -2.22371 0
      vertex 21.2697 -20.3497 0
      vertex 34 0 0
    endloop
  endfacet
  facet normal 0 0 -1
    outer loop
      vertex 33.9272 2.22371 0
      vertex 21.4803 20.2782 0
      vertex 21.5887 20.253 0
    endloop
  endfacet
  facet normal 0 0 -1
    outer loop
      vertex 21.1684 -20.3956 0
      vertex 34 0 0
      vertex 21.2697 -20.3497 0
    endloop
  endfacet
  facet normal 0 0 -1
    outer loop
      vertex 33.9272 2.22371 0
      vertex 21.3739 20.3105 0
      vertex 21.4803 20.2782 0
    endloop
  endfacet
  facet normal 0 0 -1
    outer loop
      vertex 21.1684 20.3956 0
      vertex 34 0 0
      vertex 21.1684 -20.3956 0
    endloop
  endfacet
  facet normal 0 0 -1
    outer loop
      vertex 33.9272 2.22371 0
      vertex 21.2697 20.3497 0
      vertex 21.3739 20.3105 0
    endloop
  endfacet
  facet normal 0 0 -1
    outer loop
      vertex 34 0 0
      vertex 21.1684 20.3956 0
      vertex 33.9272 2.22371 0
    endloop
  endfacet
  facet normal 0 0 -1
    outer loop
      vertex 33.9272 2.22371 0
      vertex 21.1684 20.3956 0
      vertex 21.2697 20.3497 0
    endloop
  endfacet
  facet normal 0 0 -1
    outer loop
      vertex 21.0703 -20.4481 0
      vertex 21.1684 20.3956 0
      vertex 21.1684 -20.3956 0
    endloop
  endfacet
  facet normal 0 0 -1
    outer loop
      vertex 21.0703 -20.4481 0
      vertex 21.0703 20.4481 0
      vertex 21.1684 20.3956 0
    endloop
  endfacet
  facet normal 0 0 -1
    outer loop
      vertex 20.9758 -20.5068 0
      vertex 21.0703 20.4481 0
      vertex 21.0703 -20.4481 0
    endloop
  endfacet
  facet normal 0 0 -1
    outer loop
      vertex 20.9758 -20.5068 0
      vertex 20.9758 20.5068 0
      vertex 21.0703 20.4481 0
    endloop
  endfacet
  facet normal 0 0 -1
    outer loop
      vertex 20.8854 -20.5716 0
      vertex 20.9758 20.5068 0
      vertex 20.9758 -20.5068 0
    endloop
  endfacet
  facet normal 0 0 -1
    outer loop
      vertex 20.8854 -20.5716 0
      vertex 20.8854 20.5716 0
      vertex 20.9758 20.5068 0
    endloop
  endfacet
  facet normal 0 0 -1
    outer loop
      vertex 20.7994 -20.6422 0
      vertex 20.8854 20.5716 0
      vertex 20.8854 -20.5716 0
    endloop
  endfacet
  facet normal 0 0 -1
    outer loop
      vertex 20.7994 -20.6422 0
      vertex 20.7994 20.6422 0
      vertex 20.8854 20.5716 0
    endloop
  endfacet
  facet normal 0 0 -1
    outer loop
      vertex 20.7182 -20.7182 0
      vertex 20.7994 20.6422 0
      vertex 20.7994 -20.6422 0
    endloop
  endfacet
  facet normal 0 0 -1
    outer loop
      vertex 20.7182 -20.7182 0
      vertex 20.7182 20.7182 0
      vertex 20.7994 20.6422 0
    endloop
  endfacet
  facet normal 0 0 -1
    outer loop
      vertex -2.22371 -33.9272 0
      vertex -20.3497 -21.2697 0
      vertex 0 -34 0
    endloop
  endfacet
  facet normal 0 0 -1
    outer loop
      vertex -20.3956 -21.1684 0
      vertex 0 -34 0
      vertex -20.3497 -21.2697 0
    endloop
  endfacet
  facet normal 0 0 -1
    outer loop
      vertex -4.43789 -33.7091 0
      vertex -20.3497 -21.2697 0
      vertex -2.22371 -33.9272 0
    endloop
  endfacet
  facet normal 0 0 -1
    outer loop
      vertex 0 -34 0
      vertex -20.3956 -21.1684 0
      vertex 20.3956 -21.1684 0
    endloop
  endfacet
  facet normal 0 0 -1
    outer loop
      vertex -20.3497 -21.2697 0
      vertex -4.43789 -33.7091 0
      vertex -20.3105 -21.3739 0
    endloop
  endfacet
  facet normal 0 0 -1
    outer loop
      vertex 20.7182 20.7182 0
      vertex -20.2203 21.9203 0
      vertex 20.6422 20.7994 0
    endloop
  endfacet
  facet normal 0 0 -1
    outer loop
      vertex -6.63307 -33.3467 0
      vertex -20.3105 -21.3739 0
      vertex -4.43789 -33.7091 0
    endloop
  endfacet
  facet normal 0 0 -1
    outer loop
      vertex 20.6422 20.7994 0
      vertex -20.2203 21.9203 0
      vertex 20.5716 20.8854 0
    endloop
  endfacet
  facet normal 0 0 -1
    outer loop
      vertex -20.3105 -21.3739 0
      vertex -6.63307 -33.3467 0
      vertex -20.2782 -21.4803 0
    endloop
  endfacet
  facet normal 0 0 -1
    outer loop
      vertex -20.2203 21.9203 0
      vertex 20.5068 20.9758 0
      vertex 20.5716 20.8854 0
    endloop
  endfacet
  facet normal 0 0 -1
    outer loop
      vertex 0 -34 0
      vertex 20.3956 -21.1684 0
      vertex 20.3497 -21.2697 0
    endloop
  endfacet
  facet normal 0 0 -1
    outer loop
      vertex -20.2239 22.0315 0
      vertex -15.0378 30.4937 0
      vertex -20.2203 21.9203 0
    endloop
  endfacet
  facet normal 0 0 -1
    outer loop
      vertex 4.43789 -33.7091 0
      vertex 20.3497 -21.2697 0
      vertex 20.3105 -21.3739 0
    endloop
  endfacet
  facet normal 0 0 -1
    outer loop
      vertex -13.0112 31.4119 0
      vertex -20.2203 21.9203 0
      vertex -15.0378 30.4937 0
    endloop
  endfacet
  facet normal 0 0 -1
    outer loop
      vertex 6.63307 -33.3467 0
      vertex 20.3105 -21.3739 0
      vertex 20.2782 -21.4803 0
    endloop
  endfacet
  facet normal 0 0 -1
    outer loop
      vertex -10.9289 32.1956 0
      vertex -20.2203 21.9203 0
      vertex -13.0112 31.4119 0
    endloop
  endfacet
  facet normal 0 0 -1
    outer loop
      vertex 8.79985 -32.8415 0
      vertex 20.2782 -21.4803 0
      vertex 20.253 -21.5887 0
    endloop
  endfacet
  facet normal 0 0 -1
    outer loop
      vertex -8.79985 32.8415 0
      vertex -20.2203 21.9203 0
      vertex -10.9289 32.1956 0
    endloop
  endfacet
  facet normal 0 0 -1
    outer loop
      vertex 10.9289 -32.1956 0
      vertex 20.253 -21.5887 0
      vertex 20.2349 -21.6984 0
    endloop
  endfacet
  facet normal 0 0 -1
    outer loop
      vertex -20.2203 21.9203 0
      vertex 20.4481 21.0703 0
      vertex 20.5068 20.9758 0
    endloop
  endfacet
  facet normal 0 0 -1
    outer loop
      vertex 13.0112 -31.4119 0
      vertex 20.2349 -21.6984 0
      vertex 20.2239 -21.8091 0
    endloop
  endfacet
  facet normal 0 0 -1
    outer loop
      vertex -6.63307 33.3467 0
      vertex -20.2203 21.9203 0
      vertex -8.79985 32.8415 0
    endloop
  endfacet
  facet normal 0 0 -1
    outer loop
      vertex 13.0112 -31.4119 0
      vertex 20.2239 -21.8091 0
      vertex 20.2203 -21.9203 0
    endloop
  endfacet
  facet normal 0 0 -1
    outer loop
      vertex -4.43789 33.7091 0
      vertex -20.2203 21.9203 0
      vertex -6.63307 33.3467 0
    endloop
  endfacet
  facet normal 0 0 -1
    outer loop
      vertex 23.269 -20.8854 0
      vertex 26.974 -20.6979 0
      vertex 23.3338 -20.9758 0
    endloop
  endfacet
  facet normal 0 0 -1
    outer loop
      vertex 23.3338 -20.9758 0
      vertex 26.974 -20.6979 0
      vertex 23.3926 -21.0703 0
    endloop
  endfacet
  facet normal 0 0 -1
    outer loop
      vertex 23.1984 -20.7994 0
      vertex 26.974 -20.6979 0
      vertex 23.269 -20.8854 0
    endloop
  endfacet
  facet normal 0 0 -1
    outer loop
      vertex 23.3926 -21.0703 0
      vertex 26.974 -20.6979 0
      vertex 23.445 -21.1684 0
    endloop
  endfacet
  facet normal 0 0 -1
    outer loop
      vertex 23.1224 -20.7182 0
      vertex 26.974 -20.6979 0
      vertex 23.1984 -20.7994 0
    endloop
  endfacet
  facet normal 0 0 -1
    outer loop
      vertex 23.445 -21.1684 0
      vertex 26.974 -20.6979 0
      vertex 23.4909 -21.2697 0
    endloop
  endfacet
  facet normal 0 0 -1
    outer loop
      vertex 33.9272 2.22371 0
      vertex 23.6203 21.9203 0
      vertex 33.7091 4.43789 0
    endloop
  endfacet
  facet normal 0 0 -1
    outer loop
      vertex 25.5626 -22.4178 0
      vertex 23.4909 -21.2697 0
      vertex 26.974 -20.6979 0
    endloop
  endfacet
  facet normal 0 0 -1
    outer loop
      vertex 33.7091 4.43789 0
      vertex 23.6203 21.9203 0
      vertex 33.3467 6.63307 0
    endloop
  endfacet
  facet normal 0 0 -1
    outer loop
      vertex 23.4909 -21.2697 0
      vertex 25.5626 -22.4178 0
      vertex 23.5301 -21.3739 0
    endloop
  endfacet
  facet normal 0 0 -1
    outer loop
      vertex 33.3467 6.63307 0
      vertex 23.6203 21.9203 0
      vertex 32.8415 8.79985 0
    endloop
  endfacet
  facet normal 0 0 -1
    outer loop
      vertex 23.5301 -21.3739 0
      vertex 25.5626 -22.4178 0
      vertex 23.5624 -21.4803 0
    endloop
  endfacet
  facet normal 0 0 -1
    outer loop
      vertex 32.8415 8.79985 0
      vertex 23.6203 21.9203 0
      vertex 32.1956 10.9289 0
    endloop
  endfacet
  facet normal 0 0 -1
    outer loop
      vertex 23.5624 -21.4803 0
      vertex 25.5626 -22.4178 0
      vertex 23.5876 -21.5887 0
    endloop
  endfacet
  facet normal 0 0 -1
    outer loop
      vertex 32.1956 10.9289 0
      vertex 23.6203 21.9203 0
      vertex 31.4119 13.0112 0
    endloop
  endfacet
  facet normal 0 0 -1
    outer loop
      vertex 23.5876 -21.5887 0
      vertex 25.5626 -22.4178 0
      vertex 23.6058 -21.6984 0
    endloop
  endfacet
  facet normal 0 0 -1
    outer loop
      vertex 31.4119 13.0112 0
      vertex 23.6203 21.9203 0
      vertex 30.4937 15.0378 0
    endloop
  endfacet
  facet normal 0 0 -1
    outer loop
      vertex 23.6058 -21.6984 0
      vertex 25.5626 -22.4178 0
      vertex 23.6167 -21.8091 0
    endloop
  endfacet
  facet normal 0 0 -1
    outer loop
      vertex 30.4937 15.0378 0
      vertex 23.6203 21.9203 0
      vertex 29.4449 17 0
    endloop
  endfacet
  facet normal 0 0 -1
    outer loop
      vertex 23.6167 -21.8091 0
      vertex 25.5626 -22.4178 0
      vertex 23.6203 -21.9203 0
    endloop
  endfacet
  facet normal 0 0 -1
    outer loop
      vertex 29.4449 17 0
      vertex 23.6203 21.9203 0
      vertex 28.27 18.8894 0
    endloop
  endfacet
  facet normal 0 0 -1
    outer loop
      vertex 23.4909 -22.5709 0
      vertex 25.5626 -22.4178 0
      vertex 24.0416 -24.0416 0
    endloop
  endfacet
  facet normal 0 0 -1
    outer loop
      vertex 28.27 18.8894 0
      vertex 23.6203 21.9203 0
      vertex 26.974 20.6979 0
    endloop
  endfacet
  facet normal 0 0 -1
    outer loop
      vertex 26.974 20.6979 0
      vertex 23.6203 21.9203 0
      vertex 25.5626 22.4178 0
    endloop
  endfacet
  facet normal 0 0 -1
    outer loop
      vertex 25.5626 -22.4178 0
      vertex 23.6167 -22.0315 0
      vertex 23.6203 -21.9203 0
    endloop
  endfacet
  facet normal 0 0 -1
    outer loop
      vertex 25.5626 -22.4178 0
      vertex 23.6058 -22.1422 0
      vertex 23.6167 -22.0315 0
    endloop
  endfacet
  facet normal 0 0 -1
    outer loop
      vertex 25.5626 -22.4178 0
      vertex 23.5876 -22.252 0
      vertex 23.6058 -22.1422 0
    endloop
  endfacet
  facet normal 0 0 -1
    outer loop
      vertex 25.5626 -22.4178 0
      vertex 23.5624 -22.3603 0
      vertex 23.5876 -22.252 0
    endloop
  endfacet
  facet normal -0 0 -1
    outer loop
      vertex 25.5626 -22.4178 0
      vertex 23.5301 -22.4668 0
      vertex 23.5624 -22.3603 0
    endloop
  endfacet
  facet normal 0 0 -1
    outer loop
      vertex 25.5626 -22.4178 0
      vertex 23.4909 -22.5709 0
      vertex 23.5301 -22.4668 0
    endloop
  endfacet
  facet normal 0 0 -1
    outer loop
      vertex 24.0416 -24.0416 0
      vertex 23.445 -22.6722 0
      vertex 23.4909 -22.5709 0
    endloop
  endfacet
  facet normal 0 0 -1
    outer loop
      vertex 24.0416 -24.0416 0
      vertex 23.3926 -22.7703 0
      vertex 23.445 -22.6722 0
    endloop
  endfacet
  facet normal 0 0 -1
    outer loop
      vertex 24.0416 -24.0416 0
      vertex 23.3338 -22.8648 0
      vertex 23.3926 -22.7703 0
    endloop
  endfacet
  facet normal 0 0 -1
    outer loop
      vertex 24.0416 -24.0416 0
      vertex 23.269 -22.9552 0
      vertex 23.3338 -22.8648 0
    endloop
  endfacet
  facet normal 0 0 -1
    outer loop
      vertex 24.0416 -24.0416 0
      vertex 23.1984 -23.0412 0
      vertex 23.269 -22.9552 0
    endloop
  endfacet
  facet normal 0 0 -1
    outer loop
      vertex 24.0416 -24.0416 0
      vertex 23.1224 -23.1224 0
      vertex 23.1984 -23.0412 0
    endloop
  endfacet
  facet normal 0 0 -1
    outer loop
      vertex 24.0416 -24.0416 0
      vertex 23.0412 -23.1984 0
      vertex 23.1224 -23.1224 0
    endloop
  endfacet
  facet normal 0 0 -1
    outer loop
      vertex 24.0416 -24.0416 0
      vertex 22.9552 -23.269 0
      vertex 23.0412 -23.1984 0
    endloop
  endfacet
  facet normal 0 0 -1
    outer loop
      vertex 24.0416 -24.0416 0
      vertex 22.8648 -23.3338 0
      vertex 22.9552 -23.269 0
    endloop
  endfacet
  facet normal 0 0 -1
    outer loop
      vertex 24.0416 -24.0416 0
      vertex 22.7703 -23.3926 0
      vertex 22.8648 -23.3338 0
    endloop
  endfacet
  facet normal 0 0 -1
    outer loop
      vertex 24.0416 -24.0416 0
      vertex 22.6722 -23.445 0
      vertex 22.7703 -23.3926 0
    endloop
  endfacet
  facet normal 0 0 -1
    outer loop
      vertex 24.0416 -24.0416 0
      vertex 22.5709 -23.4909 0
      vertex 22.6722 -23.445 0
    endloop
  endfacet
  facet normal 0 0 -1
    outer loop
      vertex 22.4178 -25.5626 0
      vertex 22.5709 -23.4909 0
      vertex 24.0416 -24.0416 0
    endloop
  endfacet
  facet normal 0 0 -1
    outer loop
      vertex 22.5709 -23.4909 0
      vertex 22.4178 -25.5626 0
      vertex 22.4668 -23.5301 0
    endloop
  endfacet
  facet normal 0 0 -1
    outer loop
      vertex 22.4178 -25.5626 0
      vertex 22.3603 -23.5624 0
      vertex 22.4668 -23.5301 0
    endloop
  endfacet
  facet normal 0 0 -1
    outer loop
      vertex 22.4178 -25.5626 0
      vertex 22.252 -23.5876 0
      vertex 22.3603 -23.5624 0
    endloop
  endfacet
  facet normal 0 0 -1
    outer loop
      vertex 22.4178 -25.5626 0
      vertex 22.1422 -23.6058 0
      vertex 22.252 -23.5876 0
    endloop
  endfacet
  facet normal 0 0 -1
    outer loop
      vertex 22.4178 -25.5626 0
      vertex 22.0315 -23.6167 0
      vertex 22.1422 -23.6058 0
    endloop
  endfacet
  facet normal 0 0 -1
    outer loop
      vertex 22.4178 -25.5626 0
      vertex 21.9203 -23.6203 0
      vertex 22.0315 -23.6167 0
    endloop
  endfacet
  facet normal 0 0 -1
    outer loop
      vertex 22.4178 -25.5626 0
      vertex 21.8091 -23.6167 0
      vertex 21.9203 -23.6203 0
    endloop
  endfacet
  facet normal 0 0 -1
    outer loop
      vertex 22.4178 -25.5626 0
      vertex 21.6984 -23.6058 0
      vertex 21.8091 -23.6167 0
    endloop
  endfacet
  facet normal 0 0 -1
    outer loop
      vertex 22.4178 -25.5626 0
      vertex 21.5887 -23.5876 0
      vertex 21.6984 -23.6058 0
    endloop
  endfacet
  facet normal 0 0 -1
    outer loop
      vertex 22.4178 -25.5626 0
      vertex 21.4803 -23.5624 0
      vertex 21.5887 -23.5876 0
    endloop
  endfacet
  facet normal 0 0 -1
    outer loop
      vertex 22.4178 -25.5626 0
      vertex 21.3739 -23.5301 0
      vertex 21.4803 -23.5624 0
    endloop
  endfacet
  facet normal 0 0 -1
    outer loop
      vertex 22.4178 -25.5626 0
      vertex 21.2697 -23.4909 0
      vertex 21.3739 -23.5301 0
    endloop
  endfacet
  facet normal 0 0 -1
    outer loop
      vertex 20.6979 -26.974 0
      vertex 21.2697 -23.4909 0
      vertex 22.4178 -25.5626 0
    endloop
  endfacet
  facet normal -0 0 -1
    outer loop
      vertex 21.2697 -23.4909 0
      vertex 20.6979 -26.974 0
      vertex 21.1684 -23.445 0
    endloop
  endfacet
  facet normal -0 0 -1
    outer loop
      vertex 21.1684 -23.445 0
      vertex 20.6979 -26.974 0
      vertex 21.0703 -23.3926 0
    endloop
  endfacet
  facet normal -0 0 -1
    outer loop
      vertex 21.0703 -23.3926 0
      vertex 20.6979 -26.974 0
      vertex 20.9758 -23.3338 0
    endloop
  endfacet
  facet normal -0 0 -1
    outer loop
      vertex 20.9758 -23.3338 0
      vertex 20.6979 -26.974 0
      vertex 20.8854 -23.269 0
    endloop
  endfacet
  facet normal -0 0 -1
    outer loop
      vertex 20.8854 -23.269 0
      vertex 20.6979 -26.974 0
      vertex 20.7994 -23.1984 0
    endloop
  endfacet
  facet normal -0 0 -1
    outer loop
      vertex 20.7994 -23.1984 0
      vertex 20.6979 -26.974 0
      vertex 20.7182 -23.1224 0
    endloop
  endfacet
  facet normal 0 0 -1
    outer loop
      vertex 20.6979 -26.974 0
      vertex 20.6422 -23.0412 0
      vertex 20.7182 -23.1224 0
    endloop
  endfacet
  facet normal 0 0 -1
    outer loop
      vertex 20.6979 -26.974 0
      vertex 20.5716 -22.9552 0
      vertex 20.6422 -23.0412 0
    endloop
  endfacet
  facet normal 0 0 -1
    outer loop
      vertex 18.8894 -28.27 0
      vertex 20.5716 -22.9552 0
      vertex 20.6979 -26.974 0
    endloop
  endfacet
  facet normal -0 0 -1
    outer loop
      vertex 20.5716 -22.9552 0
      vertex 18.8894 -28.27 0
      vertex 20.5068 -22.8648 0
    endloop
  endfacet
  facet normal -0 0 -1
    outer loop
      vertex 20.5068 -22.8648 0
      vertex 18.8894 -28.27 0
      vertex 20.4481 -22.7703 0
    endloop
  endfacet
  facet normal -0 0 -1
    outer loop
      vertex 20.4481 -22.7703 0
      vertex 18.8894 -28.27 0
      vertex 20.3956 -22.6722 0
    endloop
  endfacet
  facet normal -0 0 -1
    outer loop
      vertex 20.3956 -22.6722 0
      vertex 18.8894 -28.27 0
      vertex 20.3497 -22.5709 0
    endloop
  endfacet
  facet normal -0 0 -1
    outer loop
      vertex 20.3497 -22.5709 0
      vertex 18.8894 -28.27 0
      vertex 20.3105 -22.4668 0
    endloop
  endfacet
  facet normal 0 0 -1
    outer loop
      vertex 17 -29.4449 0
      vertex 20.3105 -22.4668 0
      vertex 18.8894 -28.27 0
    endloop
  endfacet
  facet normal -0 0 -1
    outer loop
      vertex 20.3105 -22.4668 0
      vertex 17 -29.4449 0
      vertex 20.2782 -22.3603 0
    endloop
  endfacet
  facet normal -0 0 -1
    outer loop
      vertex 20.2782 -22.3603 0
      vertex 17 -29.4449 0
      vertex 20.253 -22.252 0
    endloop
  endfacet
  facet normal -0 0 -1
    outer loop
      vertex 20.2349 -22.1422 0
      vertex 15.0378 -30.4937 0
      vertex 20.2239 -22.0315 0
    endloop
  endfacet
  facet normal 0 0 -1
    outer loop
      vertex 15.0378 -30.4937 0
      vertex 20.2349 -22.1422 0
      vertex 17 -29.4449 0
    endloop
  endfacet
  facet normal -0 0 -1
    outer loop
      vertex 20.253 -22.252 0
      vertex 17 -29.4449 0
      vertex 20.2349 -22.1422 0
    endloop
  endfacet
  facet normal 0 0 -1
    outer loop
      vertex 23.6167 22.0315 0
      vertex 25.5626 22.4178 0
      vertex 23.6203 21.9203 0
    endloop
  endfacet
  facet normal 0 0 -1
    outer loop
      vertex 23.6058 22.1422 0
      vertex 25.5626 22.4178 0
      vertex 23.6167 22.0315 0
    endloop
  endfacet
  facet normal 0 0 -1
    outer loop
      vertex 23.5876 22.252 0
      vertex 25.5626 22.4178 0
      vertex 23.6058 22.1422 0
    endloop
  endfacet
  facet normal 0 0 -1
    outer loop
      vertex 23.5624 22.3603 0
      vertex 25.5626 22.4178 0
      vertex 23.5876 22.252 0
    endloop
  endfacet
  facet normal 0 0 -1
    outer loop
      vertex 23.5301 22.4668 0
      vertex 25.5626 22.4178 0
      vertex 23.5624 22.3603 0
    endloop
  endfacet
  facet normal 0 0 -1
    outer loop
      vertex 23.4909 22.5709 0
      vertex 25.5626 22.4178 0
      vertex 23.5301 22.4668 0
    endloop
  endfacet
  facet normal 0 0 -1
    outer loop
      vertex 25.5626 22.4178 0
      vertex 23.4909 22.5709 0
      vertex 24.0416 24.0416 0
    endloop
  endfacet
  facet normal 0 0 -1
    outer loop
      vertex 23.445 22.6722 0
      vertex 24.0416 24.0416 0
      vertex 23.4909 22.5709 0
    endloop
  endfacet
  facet normal 0 0 -1
    outer loop
      vertex 23.3926 22.7703 0
      vertex 24.0416 24.0416 0
      vertex 23.445 22.6722 0
    endloop
  endfacet
  facet normal 0 0 -1
    outer loop
      vertex 23.3338 22.8648 0
      vertex 24.0416 24.0416 0
      vertex 23.3926 22.7703 0
    endloop
  endfacet
  facet normal 0 0 -1
    outer loop
      vertex 23.269 22.9552 0
      vertex 24.0416 24.0416 0
      vertex 23.3338 22.8648 0
    endloop
  endfacet
  facet normal 0 0 -1
    outer loop
      vertex 23.1984 23.0412 0
      vertex 24.0416 24.0416 0
      vertex 23.269 22.9552 0
    endloop
  endfacet
  facet normal 0 0 -1
    outer loop
      vertex 23.1224 23.1224 0
      vertex 24.0416 24.0416 0
      vertex 23.1984 23.0412 0
    endloop
  endfacet
  facet normal 0 0 -1
    outer loop
      vertex 23.0412 23.1984 0
      vertex 24.0416 24.0416 0
      vertex 23.1224 23.1224 0
    endloop
  endfacet
  facet normal 0 0 -1
    outer loop
      vertex 22.9552 23.269 0
      vertex 24.0416 24.0416 0
      vertex 23.0412 23.1984 0
    endloop
  endfacet
  facet normal 0 0 -1
    outer loop
      vertex 22.8648 23.3338 0
      vertex 24.0416 24.0416 0
      vertex 22.9552 23.269 0
    endloop
  endfacet
  facet normal 0 0 -1
    outer loop
      vertex 22.7703 23.3926 0
      vertex 24.0416 24.0416 0
      vertex 22.8648 23.3338 0
    endloop
  endfacet
  facet normal 0 0 -1
    outer loop
      vertex 22.6722 23.445 0
      vertex 24.0416 24.0416 0
      vertex 22.7703 23.3926 0
    endloop
  endfacet
  facet normal 0 0 -1
    outer loop
      vertex 22.5709 23.4909 0
      vertex 24.0416 24.0416 0
      vertex 22.6722 23.445 0
    endloop
  endfacet
  facet normal 0 0 -1
    outer loop
      vertex 22.4178 25.5626 0
      vertex 22.5709 23.4909 0
      vertex 22.4668 23.5301 0
    endloop
  endfacet
  facet normal 0 0 -1
    outer loop
      vertex 22.5709 23.4909 0
      vertex 22.4178 25.5626 0
      vertex 24.0416 24.0416 0
    endloop
  endfacet
  facet normal 0 0 -1
    outer loop
      vertex 22.3603 23.5624 0
      vertex 22.4178 25.5626 0
      vertex 22.4668 23.5301 0
    endloop
  endfacet
  facet normal 0 0 -1
    outer loop
      vertex 22.252 23.5876 0
      vertex 22.4178 25.5626 0
      vertex 22.3603 23.5624 0
    endloop
  endfacet
  facet normal 0 0 -1
    outer loop
      vertex 22.1422 23.6058 0
      vertex 22.4178 25.5626 0
      vertex 22.252 23.5876 0
    endloop
  endfacet
  facet normal 0 0 -1
    outer loop
      vertex 22.0315 23.6167 0
      vertex 22.4178 25.5626 0
      vertex 22.1422 23.6058 0
    endloop
  endfacet
  facet normal 0 0 -1
    outer loop
      vertex 21.9203 23.6203 0
      vertex 22.4178 25.5626 0
      vertex 22.0315 23.6167 0
    endloop
  endfacet
  facet normal 0 0 -1
    outer loop
      vertex 21.8091 23.6167 0
      vertex 22.4178 25.5626 0
      vertex 21.9203 23.6203 0
    endloop
  endfacet
  facet normal 0 0 -1
    outer loop
      vertex 21.6984 23.6058 0
      vertex 22.4178 25.5626 0
      vertex 21.8091 23.6167 0
    endloop
  endfacet
  facet normal 0 0 -1
    outer loop
      vertex 21.5887 23.5876 0
      vertex 22.4178 25.5626 0
      vertex 21.6984 23.6058 0
    endloop
  endfacet
  facet normal 0 0 -1
    outer loop
      vertex 21.4803 23.5624 0
      vertex 22.4178 25.5626 0
      vertex 21.5887 23.5876 0
    endloop
  endfacet
  facet normal 0 0 -1
    outer loop
      vertex 21.3739 23.5301 0
      vertex 22.4178 25.5626 0
      vertex 21.4803 23.5624 0
    endloop
  endfacet
  facet normal 0 0 -1
    outer loop
      vertex 21.2697 23.4909 0
      vertex 22.4178 25.5626 0
      vertex 21.3739 23.5301 0
    endloop
  endfacet
  facet normal 0 0 -1
    outer loop
      vertex 20.6979 26.974 0
      vertex 21.2697 23.4909 0
      vertex 21.1684 23.445 0
    endloop
  endfacet
  facet normal 0 0 -1
    outer loop
      vertex 20.6979 26.974 0
      vertex 21.1684 23.445 0
      vertex 21.0703 23.3926 0
    endloop
  endfacet
  facet normal 0 0 -1
    outer loop
      vertex 20.6979 26.974 0
      vertex 21.0703 23.3926 0
      vertex 20.9758 23.3338 0
    endloop
  endfacet
  facet normal 0 0 -1
    outer loop
      vertex 20.6979 26.974 0
      vertex 20.9758 23.3338 0
      vertex 20.8854 23.269 0
    endloop
  endfacet
  facet normal 0 0 -1
    outer loop
      vertex 20.6979 26.974 0
      vertex 20.8854 23.269 0
      vertex 20.7994 23.1984 0
    endloop
  endfacet
  facet normal 0 0 -1
    outer loop
      vertex 20.6979 26.974 0
      vertex 20.7994 23.1984 0
      vertex 20.7182 23.1224 0
    endloop
  endfacet
  facet normal 0 0 -1
    outer loop
      vertex 21.2697 23.4909 0
      vertex 20.6979 26.974 0
      vertex 22.4178 25.5626 0
    endloop
  endfacet
  facet normal 0 0 -1
    outer loop
      vertex 20.6422 23.0412 0
      vertex 20.6979 26.974 0
      vertex 20.7182 23.1224 0
    endloop
  endfacet
  facet normal 0 0 -1
    outer loop
      vertex 20.5716 22.9552 0
      vertex 20.6979 26.974 0
      vertex 20.6422 23.0412 0
    endloop
  endfacet
  facet normal 0 0 -1
    outer loop
      vertex 18.8894 28.27 0
      vertex 20.5716 22.9552 0
      vertex 20.5068 22.8648 0
    endloop
  endfacet
  facet normal 0 0 -1
    outer loop
      vertex 18.8894 28.27 0
      vertex 20.5068 22.8648 0
      vertex 20.4481 22.7703 0
    endloop
  endfacet
  facet normal 0 0 -1
    outer loop
      vertex 18.8894 28.27 0
      vertex 20.4481 22.7703 0
      vertex 20.3956 22.6722 0
    endloop
  endfacet
  facet normal 0 0 -1
    outer loop
      vertex 18.8894 28.27 0
      vertex 20.3956 22.6722 0
      vertex 20.3497 22.5709 0
    endloop
  endfacet
  facet normal 0 0 -1
    outer loop
      vertex 18.8894 28.27 0
      vertex 20.3497 22.5709 0
      vertex 20.3105 22.4668 0
    endloop
  endfacet
  facet normal 0 0 -1
    outer loop
      vertex 17 29.4449 0
      vertex 20.3105 22.4668 0
      vertex 20.2782 22.3603 0
    endloop
  endfacet
  facet normal 0 0 -1
    outer loop
      vertex 17 29.4449 0
      vertex 20.2782 22.3603 0
      vertex 20.253 22.252 0
    endloop
  endfacet
  facet normal 0 0 -1
    outer loop
      vertex 17 29.4449 0
      vertex 20.253 22.252 0
      vertex 20.2349 22.1422 0
    endloop
  endfacet
  facet normal 0 0 -1
    outer loop
      vertex 15.0378 30.4937 0
      vertex 20.2349 22.1422 0
      vertex 20.2239 22.0315 0
    endloop
  endfacet
  facet normal 0 0 -1
    outer loop
      vertex 20.5716 22.9552 0
      vertex 18.8894 28.27 0
      vertex 20.6979 26.974 0
    endloop
  endfacet
  facet normal 0 0 -1
    outer loop
      vertex 15.0378 30.4937 0
      vertex 20.2239 22.0315 0
      vertex 20.2203 21.9203 0
    endloop
  endfacet
  facet normal 0 0 -1
    outer loop
      vertex -2.22371 33.9272 0
      vertex -20.2203 21.9203 0
      vertex -4.43789 33.7091 0
    endloop
  endfacet
  facet normal -0 0 -1
    outer loop
      vertex 20.2239 -22.0315 0
      vertex 15.0378 -30.4937 0
      vertex 20.2203 -21.9203 0
    endloop
  endfacet
  facet normal 0 0 -1
    outer loop
      vertex -20.2203 21.9203 0
      vertex 20.3956 21.1684 0
      vertex 20.4481 21.0703 0
    endloop
  endfacet
  facet normal 0 0 -1
    outer loop
      vertex 13.0112 -31.4119 0
      vertex 20.2203 -21.9203 0
      vertex 15.0378 -30.4937 0
    endloop
  endfacet
  facet normal 0 0 -1
    outer loop
      vertex 20.3105 22.4668 0
      vertex 17 29.4449 0
      vertex 18.8894 28.27 0
    endloop
  endfacet
  facet normal 0 0 -1
    outer loop
      vertex 20.2349 -21.6984 0
      vertex 13.0112 -31.4119 0
      vertex 10.9289 -32.1956 0
    endloop
  endfacet
  facet normal 0 0 -1
    outer loop
      vertex 20.2349 22.1422 0
      vertex 15.0378 30.4937 0
      vertex 17 29.4449 0
    endloop
  endfacet
  facet normal 0 0 -1
    outer loop
      vertex 20.253 -21.5887 0
      vertex 10.9289 -32.1956 0
      vertex 8.79985 -32.8415 0
    endloop
  endfacet
  facet normal 0 0 -1
    outer loop
      vertex 20.2203 21.9203 0
      vertex 13.0112 31.4119 0
      vertex 15.0378 30.4937 0
    endloop
  endfacet
  facet normal 0 0 -1
    outer loop
      vertex 20.2782 -21.4803 0
      vertex 8.79985 -32.8415 0
      vertex 6.63307 -33.3467 0
    endloop
  endfacet
  facet normal 0 0 -1
    outer loop
      vertex 20.2239 21.8091 0
      vertex 13.0112 31.4119 0
      vertex 20.2203 21.9203 0
    endloop
  endfacet
  facet normal 0 0 -1
    outer loop
      vertex 20.3105 -21.3739 0
      vertex 6.63307 -33.3467 0
      vertex 4.43789 -33.7091 0
    endloop
  endfacet
  facet normal 0 0 -1
    outer loop
      vertex 20.2349 21.6984 0
      vertex 13.0112 31.4119 0
      vertex 20.2239 21.8091 0
    endloop
  endfacet
  facet normal 0 0 -1
    outer loop
      vertex 20.3497 -21.2697 0
      vertex 4.43789 -33.7091 0
      vertex 2.22371 -33.9272 0
    endloop
  endfacet
  facet normal -0 -0 -1
    outer loop
      vertex 13.0112 31.4119 0
      vertex 20.2349 21.6984 0
      vertex 10.9289 32.1956 0
    endloop
  endfacet
  facet normal 0 0 -1
    outer loop
      vertex 20.3497 -21.2697 0
      vertex 2.22371 -33.9272 0
      vertex 0 -34 0
    endloop
  endfacet
  facet normal 0 0 -1
    outer loop
      vertex 20.253 21.5887 0
      vertex 10.9289 32.1956 0
      vertex 20.2349 21.6984 0
    endloop
  endfacet
  facet normal 0 0 -1
    outer loop
      vertex -8.79985 -32.8415 0
      vertex -20.2782 -21.4803 0
      vertex -6.63307 -33.3467 0
    endloop
  endfacet
  facet normal -0 -0 -1
    outer loop
      vertex 10.9289 32.1956 0
      vertex 20.253 21.5887 0
      vertex 8.79985 32.8415 0
    endloop
  endfacet
  facet normal 0 0 -1
    outer loop
      vertex -20.2782 -21.4803 0
      vertex -8.79985 -32.8415 0
      vertex -20.253 -21.5887 0
    endloop
  endfacet
  facet normal 0 0 -1
    outer loop
      vertex 20.2782 21.4803 0
      vertex 8.79985 32.8415 0
      vertex 20.253 21.5887 0
    endloop
  endfacet
  facet normal 0 0 -1
    outer loop
      vertex -10.9289 -32.1956 0
      vertex -20.253 -21.5887 0
      vertex -8.79985 -32.8415 0
    endloop
  endfacet
  facet normal -0 -0 -1
    outer loop
      vertex 8.79985 32.8415 0
      vertex 20.2782 21.4803 0
      vertex 6.63307 33.3467 0
    endloop
  endfacet
  facet normal 0 0 -1
    outer loop
      vertex -20.253 -21.5887 0
      vertex -10.9289 -32.1956 0
      vertex -20.2349 -21.6984 0
    endloop
  endfacet
  facet normal 0 0 -1
    outer loop
      vertex 20.3105 21.3739 0
      vertex 6.63307 33.3467 0
      vertex 20.2782 21.4803 0
    endloop
  endfacet
  facet normal 0 0 -1
    outer loop
      vertex -13.0112 -31.4119 0
      vertex -20.2349 -21.6984 0
      vertex -10.9289 -32.1956 0
    endloop
  endfacet
  facet normal -0 -0 -1
    outer loop
      vertex 6.63307 33.3467 0
      vertex 20.3105 21.3739 0
      vertex 4.43789 33.7091 0
    endloop
  endfacet
  facet normal 0 0 -1
    outer loop
      vertex -20.2349 -21.6984 0
      vertex -13.0112 -31.4119 0
      vertex -20.2239 -21.8091 0
    endloop
  endfacet
  facet normal 0 0 -1
    outer loop
      vertex 20.3497 21.2697 0
      vertex 4.43789 33.7091 0
      vertex 20.3105 21.3739 0
    endloop
  endfacet
  facet normal 0 0 -1
    outer loop
      vertex -20.2239 -21.8091 0
      vertex -13.0112 -31.4119 0
      vertex -20.2203 -21.9203 0
    endloop
  endfacet
  facet normal -0 -0 -1
    outer loop
      vertex 4.43789 33.7091 0
      vertex 20.3497 21.2697 0
      vertex 2.22371 33.9272 0
    endloop
  endfacet
  facet normal 0 0 -1
    outer loop
      vertex -20.2203 -21.9203 0
      vertex -13.0112 -31.4119 0
      vertex -15.0378 -30.4937 0
    endloop
  endfacet
  facet normal -0 -0 -1
    outer loop
      vertex 2.22371 33.9272 0
      vertex 20.3497 21.2697 0
      vertex 0 34 0
    endloop
  endfacet
  facet normal 0 0 -1
    outer loop
      vertex -20.2349 -22.1422 0
      vertex -15.0378 -30.4937 0
      vertex -17 -29.4449 0
    endloop
  endfacet
  facet normal 0 0 -1
    outer loop
      vertex 20.3956 21.1684 0
      vertex 0 34 0
      vertex 20.3497 21.2697 0
    endloop
  endfacet
  facet normal 0 0 -1
    outer loop
      vertex -20.3105 -22.4668 0
      vertex -17 -29.4449 0
      vertex -18.8894 -28.27 0
    endloop
  endfacet
  facet normal 0 0 -1
    outer loop
      vertex -20.2203 21.9203 0
      vertex 0 34 0
      vertex 20.3956 21.1684 0
    endloop
  endfacet
  facet normal 0 0 -1
    outer loop
      vertex 0 34 0
      vertex -20.2203 21.9203 0
      vertex -2.22371 33.9272 0
    endloop
  endfacet
  facet normal 0 0 -1
    outer loop
      vertex -15.0378 -30.4937 0
      vertex -20.2239 -22.0315 0
      vertex -20.2203 -21.9203 0
    endloop
  endfacet
  facet normal 0 0 -1
    outer loop
      vertex -15.0378 -30.4937 0
      vertex -20.2349 -22.1422 0
      vertex -20.2239 -22.0315 0
    endloop
  endfacet
  facet normal 0 0 -1
    outer loop
      vertex -17 -29.4449 0
      vertex -20.253 -22.252 0
      vertex -20.2349 -22.1422 0
    endloop
  endfacet
  facet normal 0 0 -1
    outer loop
      vertex -17 -29.4449 0
      vertex -20.2782 -22.3603 0
      vertex -20.253 -22.252 0
    endloop
  endfacet
  facet normal 0 0 -1
    outer loop
      vertex -17 -29.4449 0
      vertex -20.3105 -22.4668 0
      vertex -20.2782 -22.3603 0
    endloop
  endfacet
  facet normal 0 0 -1
    outer loop
      vertex -18.8894 -28.27 0
      vertex -20.3497 -22.5709 0
      vertex -20.3105 -22.4668 0
    endloop
  endfacet
  facet normal 0 0 -1
    outer loop
      vertex -18.8894 -28.27 0
      vertex -20.3956 -22.6722 0
      vertex -20.3497 -22.5709 0
    endloop
  endfacet
  facet normal 0 0 -1
    outer loop
      vertex -18.8894 -28.27 0
      vertex -20.4481 -22.7703 0
      vertex -20.3956 -22.6722 0
    endloop
  endfacet
  facet normal 0 0 -1
    outer loop
      vertex -18.8894 -28.27 0
      vertex -20.5068 -22.8648 0
      vertex -20.4481 -22.7703 0
    endloop
  endfacet
  facet normal 0 0 -1
    outer loop
      vertex -18.8894 -28.27 0
      vertex -20.5716 -22.9552 0
      vertex -20.5068 -22.8648 0
    endloop
  endfacet
  facet normal 0 0 -1
    outer loop
      vertex -20.6979 -26.974 0
      vertex -20.5716 -22.9552 0
      vertex -18.8894 -28.27 0
    endloop
  endfacet
  facet normal 0 0 -1
    outer loop
      vertex -20.5716 -22.9552 0
      vertex -20.6979 -26.974 0
      vertex -20.6422 -23.0412 0
    endloop
  endfacet
  facet normal 0 0 -1
    outer loop
      vertex -20.6979 -26.974 0
      vertex -20.7182 -23.1224 0
      vertex -20.6422 -23.0412 0
    endloop
  endfacet
  facet normal 0 0 -1
    outer loop
      vertex -20.6979 -26.974 0
      vertex -20.7994 -23.1984 0
      vertex -20.7182 -23.1224 0
    endloop
  endfacet
  facet normal 0 0 -1
    outer loop
      vertex -20.6979 -26.974 0
      vertex -20.8854 -23.269 0
      vertex -20.7994 -23.1984 0
    endloop
  endfacet
  facet normal 0 0 -1
    outer loop
      vertex -20.6979 -26.974 0
      vertex -20.9758 -23.3338 0
      vertex -20.8854 -23.269 0
    endloop
  endfacet
  facet normal 0 0 -1
    outer loop
      vertex -20.6979 -26.974 0
      vertex -21.0703 -23.3926 0
      vertex -20.9758 -23.3338 0
    endloop
  endfacet
  facet normal 0 0 -1
    outer loop
      vertex -20.6979 -26.974 0
      vertex -21.1684 -23.445 0
      vertex -21.0703 -23.3926 0
    endloop
  endfacet
  facet normal 0 0 -1
    outer loop
      vertex -20.6979 -26.974 0
      vertex -21.2697 -23.4909 0
      vertex -21.1684 -23.445 0
    endloop
  endfacet
  facet normal 0 0 -1
    outer loop
      vertex -22.4178 -25.5626 0
      vertex -21.2697 -23.4909 0
      vertex -20.6979 -26.974 0
    endloop
  endfacet
  facet normal 0 0 -1
    outer loop
      vertex -21.2697 -23.4909 0
      vertex -22.4178 -25.5626 0
      vertex -21.3739 -23.5301 0
    endloop
  endfacet
  facet normal 0 0 -1
    outer loop
      vertex -21.3739 -23.5301 0
      vertex -22.4178 -25.5626 0
      vertex -21.4803 -23.5624 0
    endloop
  endfacet
  facet normal 0 0 -1
    outer loop
      vertex -21.4803 -23.5624 0
      vertex -22.4178 -25.5626 0
      vertex -21.5887 -23.5876 0
    endloop
  endfacet
  facet normal 0 0 -1
    outer loop
      vertex -21.5887 -23.5876 0
      vertex -22.4178 -25.5626 0
      vertex -21.6984 -23.6058 0
    endloop
  endfacet
  facet normal 0 0 -1
    outer loop
      vertex -21.6984 -23.6058 0
      vertex -22.4178 -25.5626 0
      vertex -21.8091 -23.6167 0
    endloop
  endfacet
  facet normal 0 0 -1
    outer loop
      vertex -21.8091 -23.6167 0
      vertex -22.4178 -25.5626 0
      vertex -21.9203 -23.6203 0
    endloop
  endfacet
  facet normal -0 0 -1
    outer loop
      vertex -21.9203 -23.6203 0
      vertex -22.4178 -25.5626 0
      vertex -22.0315 -23.6167 0
    endloop
  endfacet
  facet normal -0 0 -1
    outer loop
      vertex -22.0315 -23.6167 0
      vertex -22.4178 -25.5626 0
      vertex -22.1422 -23.6058 0
    endloop
  endfacet
  facet normal -0 0 -1
    outer loop
      vertex -22.1422 -23.6058 0
      vertex -22.4178 -25.5626 0
      vertex -22.252 -23.5876 0
    endloop
  endfacet
  facet normal -0 0 -1
    outer loop
      vertex -22.252 -23.5876 0
      vertex -22.4178 -25.5626 0
      vertex -22.3603 -23.5624 0
    endloop
  endfacet
  facet normal 0 0 -1
    outer loop
      vertex -22.4178 -25.5626 0
      vertex -22.4668 -23.5301 0
      vertex -22.3603 -23.5624 0
    endloop
  endfacet
  facet normal 0 0 -1
    outer loop
      vertex -22.4178 -25.5626 0
      vertex -22.5709 -23.4909 0
      vertex -22.4668 -23.5301 0
    endloop
  endfacet
  facet normal 0 0 -1
    outer loop
      vertex -24.0416 -24.0416 0
      vertex -22.5709 -23.4909 0
      vertex -22.4178 -25.5626 0
    endloop
  endfacet
  facet normal -0 0 -1
    outer loop
      vertex -22.5709 -23.4909 0
      vertex -24.0416 -24.0416 0
      vertex -22.6722 -23.445 0
    endloop
  endfacet
  facet normal -0 0 -1
    outer loop
      vertex -22.6722 -23.445 0
      vertex -24.0416 -24.0416 0
      vertex -22.7703 -23.3926 0
    endloop
  endfacet
  facet normal -0 0 -1
    outer loop
      vertex -22.7703 -23.3926 0
      vertex -24.0416 -24.0416 0
      vertex -22.8648 -23.3338 0
    endloop
  endfacet
  facet normal -0 0 -1
    outer loop
      vertex -22.8648 -23.3338 0
      vertex -24.0416 -24.0416 0
      vertex -22.9552 -23.269 0
    endloop
  endfacet
  facet normal -0 0 -1
    outer loop
      vertex -22.9552 -23.269 0
      vertex -24.0416 -24.0416 0
      vertex -23.0412 -23.1984 0
    endloop
  endfacet
  facet normal -0 0 -1
    outer loop
      vertex -23.0412 -23.1984 0
      vertex -24.0416 -24.0416 0
      vertex -23.1224 -23.1224 0
    endloop
  endfacet
  facet normal -0 0 -1
    outer loop
      vertex -23.1224 -23.1224 0
      vertex -24.0416 -24.0416 0
      vertex -23.1984 -23.0412 0
    endloop
  endfacet
  facet normal -0 0 -1
    outer loop
      vertex -23.1984 -23.0412 0
      vertex -24.0416 -24.0416 0
      vertex -23.269 -22.9552 0
    endloop
  endfacet
  facet normal -0 0 -1
    outer loop
      vertex -23.269 -22.9552 0
      vertex -24.0416 -24.0416 0
      vertex -23.3338 -22.8648 0
    endloop
  endfacet
  facet normal -0 0 -1
    outer loop
      vertex -23.3338 -22.8648 0
      vertex -24.0416 -24.0416 0
      vertex -23.3926 -22.7703 0
    endloop
  endfacet
  facet normal -0 0 -1
    outer loop
      vertex -23.3926 -22.7703 0
      vertex -24.0416 -24.0416 0
      vertex -23.445 -22.6722 0
    endloop
  endfacet
  facet normal -0 0 -1
    outer loop
      vertex -23.445 -22.6722 0
      vertex -24.0416 -24.0416 0
      vertex -23.4909 -22.5709 0
    endloop
  endfacet
  facet normal -0 0 -1
    outer loop
      vertex -23.6167 -22.0315 0
      vertex -25.5626 -22.4178 0
      vertex -23.6203 -21.9203 0
    endloop
  endfacet
  facet normal -0 0 -1
    outer loop
      vertex -23.6058 -22.1422 0
      vertex -25.5626 -22.4178 0
      vertex -23.6167 -22.0315 0
    endloop
  endfacet
  facet normal -0 0 -1
    outer loop
      vertex -23.5876 -22.252 0
      vertex -25.5626 -22.4178 0
      vertex -23.6058 -22.1422 0
    endloop
  endfacet
  facet normal -0 0 -1
    outer loop
      vertex -23.5624 -22.3603 0
      vertex -25.5626 -22.4178 0
      vertex -23.5876 -22.252 0
    endloop
  endfacet
  facet normal 0 0 -1
    outer loop
      vertex -23.5301 -22.4668 0
      vertex -25.5626 -22.4178 0
      vertex -23.5624 -22.3603 0
    endloop
  endfacet
  facet normal 0 0 -1
    outer loop
      vertex -23.4909 -22.5709 0
      vertex -25.5626 -22.4178 0
      vertex -23.5301 -22.4668 0
    endloop
  endfacet
  facet normal 0 0 -1
    outer loop
      vertex -25.5626 -22.4178 0
      vertex -23.4909 -22.5709 0
      vertex -24.0416 -24.0416 0
    endloop
  endfacet
  facet normal 0.973879 0.227067 0
    outer loop
      vertex 33.3467 6.63307 4
      vertex 32.8415 8.79985 0
      vertex 32.8415 8.79985 4
    endloop
  endfacet
  facet normal 0.973879 0.227067 0
    outer loop
      vertex 32.8415 8.79985 0
      vertex 33.3467 6.63307 4
      vertex 33.3467 6.63307 0
    endloop
  endfacet
  facet normal 0.956933 0.290309 0
    outer loop
      vertex 32.8415 8.79985 4
      vertex 32.1956 10.9289 0
      vertex 32.1956 10.9289 4
    endloop
  endfacet
  facet normal 0.956933 0.290309 0
    outer loop
      vertex 32.1956 10.9289 0
      vertex 32.8415 8.79985 4
      vertex 32.8415 8.79985 0
    endloop
  endfacet
  facet normal 0.812837 0.582492 0
    outer loop
      vertex 28.27 18.8894 4
      vertex 26.974 20.6979 0
      vertex 26.974 20.6979 4
    endloop
  endfacet
  facet normal 0.812837 0.582492 0
    outer loop
      vertex 26.974 20.6979 0
      vertex 28.27 18.8894 4
      vertex 28.27 18.8894 0
    endloop
  endfacet
  facet normal 0.773029 0.63437 0
    outer loop
      vertex 26.974 20.6979 4
      vertex 25.5626 22.4178 0
      vertex 25.5626 22.4178 4
    endloop
  endfacet
  facet normal 0.773029 0.63437 0
    outer loop
      vertex 25.5626 22.4178 0
      vertex 26.974 20.6979 4
      vertex 26.974 20.6979 0
    endloop
  endfacet
  facet normal 0.881925 0.471391 0
    outer loop
      vertex 30.4937 15.0378 4
      vertex 29.4449 17 0
      vertex 29.4449 17 4
    endloop
  endfacet
  facet normal 0.881925 0.471391 0
    outer loop
      vertex 29.4449 17 0
      vertex 30.4937 15.0378 4
      vertex 30.4937 15.0378 0
    endloop
  endfacet
  facet normal 0.227067 0.973879 -0
    outer loop
      vertex 8.79985 32.8415 0
      vertex 6.63307 33.3467 4
      vertex 8.79985 32.8415 4
    endloop
  endfacet
  facet normal 0.227067 0.973879 0
    outer loop
      vertex 6.63307 33.3467 4
      vertex 8.79985 32.8415 0
      vertex 6.63307 33.3467 0
    endloop
  endfacet
  facet normal 0.290309 0.956933 -0
    outer loop
      vertex 10.9289 32.1956 0
      vertex 8.79985 32.8415 4
      vertex 10.9289 32.1956 4
    endloop
  endfacet
  facet normal 0.290309 0.956933 0
    outer loop
      vertex 8.79985 32.8415 4
      vertex 10.9289 32.1956 0
      vertex 8.79985 32.8415 0
    endloop
  endfacet
  facet normal 0.471391 0.881925 -0
    outer loop
      vertex 17 29.4449 0
      vertex 15.0378 30.4937 4
      vertex 17 29.4449 4
    endloop
  endfacet
  facet normal 0.471391 0.881925 0
    outer loop
      vertex 15.0378 30.4937 4
      vertex 17 29.4449 0
      vertex 15.0378 30.4937 0
    endloop
  endfacet
  facet normal 0.63437 0.773029 -0
    outer loop
      vertex 22.4178 25.5626 0
      vertex 20.6979 26.974 4
      vertex 22.4178 25.5626 4
    endloop
  endfacet
  facet normal 0.63437 0.773029 0
    outer loop
      vertex 20.6979 26.974 4
      vertex 22.4178 25.5626 0
      vertex 20.6979 26.974 0
    endloop
  endfacet
  facet normal -0.956933 0.290309 0
    outer loop
      vertex -32.8415 8.79985 0
      vertex -32.1956 10.9289 4
      vertex -32.1956 10.9289 0
    endloop
  endfacet
  facet normal -0.956933 0.290309 0
    outer loop
      vertex -32.1956 10.9289 4
      vertex -32.8415 8.79985 0
      vertex -32.8415 8.79985 4
    endloop
  endfacet
  facet normal -0.812837 0.582492 0
    outer loop
      vertex -28.27 18.8894 0
      vertex -26.974 20.6979 4
      vertex -26.974 20.6979 0
    endloop
  endfacet
  facet normal -0.812837 0.582492 0
    outer loop
      vertex -26.974 20.6979 4
      vertex -28.27 18.8894 0
      vertex -28.27 18.8894 4
    endloop
  endfacet
  facet normal -0.849203 0.528066 0
    outer loop
      vertex -29.4449 17 0
      vertex -28.27 18.8894 4
      vertex -28.27 18.8894 0
    endloop
  endfacet
  facet normal -0.849203 0.528066 0
    outer loop
      vertex -28.27 18.8894 4
      vertex -29.4449 17 0
      vertex -29.4449 17 4
    endloop
  endfacet
  facet normal -0.935909 0.352241 0
    outer loop
      vertex -32.1956 10.9289 0
      vertex -31.4119 13.0112 4
      vertex -31.4119 13.0112 0
    endloop
  endfacet
  facet normal -0.935909 0.352241 0
    outer loop
      vertex -31.4119 13.0112 4
      vertex -32.1956 10.9289 0
      vertex -32.1956 10.9289 4
    endloop
  endfacet
  facet normal -0 0 1
    outer loop
      vertex -20.7994 20.6422 4
      vertex -2.25552 1.97804 4
      vertex -20.7182 20.7182 4
    endloop
  endfacet
  facet normal 0 0 1
    outer loop
      vertex -3 0 4
      vertex -20.2239 -21.8091 4
      vertex -20.2203 -21.9203 4
    endloop
  endfacet
  facet normal 0 0 1
    outer loop
      vertex -2.25552 1.97804 4
      vertex -20.7994 20.6422 4
      vertex -2.38006 1.82628 4
    endloop
  endfacet
  facet normal 0 0 1
    outer loop
      vertex -3 0 4
      vertex -20.2349 -21.6984 4
      vertex -20.2239 -21.8091 4
    endloop
  endfacet
  facet normal -0 0 1
    outer loop
      vertex -20.8854 20.5716 4
      vertex -2.38006 1.82628 4
      vertex -20.7994 20.6422 4
    endloop
  endfacet
  facet normal 0 0 1
    outer loop
      vertex -3 0 4
      vertex -20.253 -21.5887 4
      vertex -20.2349 -21.6984 4
    endloop
  endfacet
  facet normal -0 0 1
    outer loop
      vertex -20.9758 20.5068 4
      vertex -2.38006 1.82628 4
      vertex -20.8854 20.5716 4
    endloop
  endfacet
  facet normal 0 0 1
    outer loop
      vertex -3 0 4
      vertex -20.2782 -21.4803 4
      vertex -20.253 -21.5887 4
    endloop
  endfacet
  facet normal 0 0 1
    outer loop
      vertex -2.38006 1.82628 4
      vertex -20.9758 20.5068 4
      vertex -2.49441 1.66671 4
    endloop
  endfacet
  facet normal 0 0 1
    outer loop
      vertex -3 0 4
      vertex -20.3105 -21.3739 4
      vertex -20.2782 -21.4803 4
    endloop
  endfacet
  facet normal -0 0 1
    outer loop
      vertex -21.0703 20.4481 4
      vertex -2.49441 1.66671 4
      vertex -20.9758 20.5068 4
    endloop
  endfacet
  facet normal 0 0 1
    outer loop
      vertex -3 0 4
      vertex -20.3497 -21.2697 4
      vertex -20.3105 -21.3739 4
    endloop
  endfacet
  facet normal 0 0 1
    outer loop
      vertex -2.49441 1.66671 4
      vertex -21.0703 20.4481 4
      vertex -2.59808 1.5 4
    endloop
  endfacet
  facet normal 0 0 1
    outer loop
      vertex -3 0 4
      vertex -20.3956 -21.1684 4
      vertex -20.3497 -21.2697 4
    endloop
  endfacet
  facet normal -0 0 1
    outer loop
      vertex -21.1684 20.3956 4
      vertex -2.59808 1.5 4
      vertex -21.0703 20.4481 4
    endloop
  endfacet
  facet normal 0 0 1
    outer loop
      vertex -3 0 4
      vertex -20.4481 -21.0703 4
      vertex -20.3956 -21.1684 4
    endloop
  endfacet
  facet normal 0 0 1
    outer loop
      vertex -2.59808 1.5 4
      vertex -21.1684 20.3956 4
      vertex -2.69062 1.32687 4
    endloop
  endfacet
  facet normal 0 0 1
    outer loop
      vertex -3 0 4
      vertex -20.5068 -20.9758 4
      vertex -20.4481 -21.0703 4
    endloop
  endfacet
  facet normal -0 0 1
    outer loop
      vertex -21.2697 20.3497 4
      vertex -2.69062 1.32687 4
      vertex -21.1684 20.3956 4
    endloop
  endfacet
  facet normal 0 0 1
    outer loop
      vertex -3 0 4
      vertex -20.5716 -20.8854 4
      vertex -20.5068 -20.9758 4
    endloop
  endfacet
  facet normal 0 0 1
    outer loop
      vertex -2.69062 1.32687 4
      vertex -21.2697 20.3497 4
      vertex -2.77164 1.14805 4
    endloop
  endfacet
  facet normal 0 0 1
    outer loop
      vertex -3 0 4
      vertex -20.6422 -20.7994 4
      vertex -20.5716 -20.8854 4
    endloop
  endfacet
  facet normal -0 0 1
    outer loop
      vertex -21.3739 20.3105 4
      vertex -2.77164 1.14805 4
      vertex -21.2697 20.3497 4
    endloop
  endfacet
  facet normal 0 0 1
    outer loop
      vertex -3 0 4
      vertex -20.7182 -20.7182 4
      vertex -20.6422 -20.7994 4
    endloop
  endfacet
  facet normal 0 0 1
    outer loop
      vertex -2.77164 1.14805 4
      vertex -21.3739 20.3105 4
      vertex -2.84079 0.964318 4
    endloop
  endfacet
  facet normal 0 0 1
    outer loop
      vertex -3 0 4
      vertex -20.7994 -20.6422 4
      vertex -20.7182 -20.7182 4
    endloop
  endfacet
  facet normal -0 0 1
    outer loop
      vertex -21.4803 20.2782 4
      vertex -2.84079 0.964318 4
      vertex -21.3739 20.3105 4
    endloop
  endfacet
  facet normal 0 0 1
    outer loop
      vertex -3 0 4
      vertex -20.8854 -20.5716 4
      vertex -20.7994 -20.6422 4
    endloop
  endfacet
  facet normal 0 0 1
    outer loop
      vertex -2.84079 0.964318 4
      vertex -21.4803 20.2782 4
      vertex -2.89778 0.776457 4
    endloop
  endfacet
  facet normal 0 0 1
    outer loop
      vertex -3 0 4
      vertex -20.9758 -20.5068 4
      vertex -20.8854 -20.5716 4
    endloop
  endfacet
  facet normal -0 0 1
    outer loop
      vertex -32.8415 8.79985 4
      vertex -2.89778 0.776457 4
      vertex -21.4803 20.2782 4
    endloop
  endfacet
  facet normal 0 0 1
    outer loop
      vertex -3 0 4
      vertex -21.0703 -20.4481 4
      vertex -20.9758 -20.5068 4
    endloop
  endfacet
  facet normal 0 0 1
    outer loop
      vertex -2.89778 0.776457 4
      vertex -32.8415 8.79985 4
      vertex -2.94236 0.585271 4
    endloop
  endfacet
  facet normal 0 0 1
    outer loop
      vertex -3 0 4
      vertex -21.1684 -20.3956 4
      vertex -21.0703 -20.4481 4
    endloop
  endfacet
  facet normal -0 0 1
    outer loop
      vertex -33.3467 6.63307 4
      vertex -2.94236 0.585271 4
      vertex -32.8415 8.79985 4
    endloop
  endfacet
  facet normal 0 -0 1
    outer loop
      vertex -33.9272 -2.22371 4
      vertex -3 0 4
      vertex -34 0 4
    endloop
  endfacet
  facet normal 0 0 1
    outer loop
      vertex -2.94236 0.585271 4
      vertex -33.3467 6.63307 4
      vertex -2.97433 0.391578 4
    endloop
  endfacet
  facet normal 0 0 1
    outer loop
      vertex -3 0 4
      vertex -21.2697 -20.3497 4
      vertex -21.1684 -20.3956 4
    endloop
  endfacet
  facet normal -0 0 1
    outer loop
      vertex -33.7091 4.43789 4
      vertex -2.97433 0.391578 4
      vertex -33.3467 6.63307 4
    endloop
  endfacet
  facet normal 0 -0 1
    outer loop
      vertex -33.7091 -4.43789 4
      vertex -3 0 4
      vertex -33.9272 -2.22371 4
    endloop
  endfacet
  facet normal 0 0 1
    outer loop
      vertex -32.8415 8.79985 4
      vertex -21.4803 20.2782 4
      vertex -21.5887 20.253 4
    endloop
  endfacet
  facet normal 0 -0 1
    outer loop
      vertex -33.3467 -6.63307 4
      vertex -3 0 4
      vertex -33.7091 -4.43789 4
    endloop
  endfacet
  facet normal 0 0 1
    outer loop
      vertex -32.1956 10.9289 4
      vertex -21.5887 20.253 4
      vertex -21.6984 20.2349 4
    endloop
  endfacet
  facet normal 0 0 1
    outer loop
      vertex -3 0 4
      vertex -21.3739 -20.3105 4
      vertex -21.2697 -20.3497 4
    endloop
  endfacet
  facet normal 0 0 1
    outer loop
      vertex -31.4119 13.0112 4
      vertex -21.6984 20.2349 4
      vertex -21.8091 20.2239 4
    endloop
  endfacet
  facet normal 0 -0 1
    outer loop
      vertex -32.8415 -8.79985 4
      vertex -3 0 4
      vertex -33.3467 -6.63307 4
    endloop
  endfacet
  facet normal 0 0 1
    outer loop
      vertex -31.4119 13.0112 4
      vertex -21.8091 20.2239 4
      vertex -21.9203 20.2203 4
    endloop
  endfacet
  facet normal 0 0 1
    outer loop
      vertex -3 0 4
      vertex -21.4803 -20.2782 4
      vertex -21.3739 -20.3105 4
    endloop
  endfacet
  facet normal 0 0 1
    outer loop
      vertex -30.4937 15.0378 4
      vertex -21.9203 20.2203 4
      vertex -22.0315 20.2239 4
    endloop
  endfacet
  facet normal 0 0 1
    outer loop
      vertex -3 0 4
      vertex -32.8415 -8.79985 4
      vertex -21.4803 -20.2782 4
    endloop
  endfacet
  facet normal 0 0 1
    outer loop
      vertex -30.4937 15.0378 4
      vertex -22.0315 20.2239 4
      vertex -22.1422 20.2349 4
    endloop
  endfacet
  facet normal 0 0 1
    outer loop
      vertex -21.4803 -20.2782 4
      vertex -32.8415 -8.79985 4
      vertex -21.5887 -20.253 4
    endloop
  endfacet
  facet normal 0 0 1
    outer loop
      vertex -29.4449 17 4
      vertex -22.1422 20.2349 4
      vertex -22.252 20.253 4
    endloop
  endfacet
  facet normal -0 -0 1
    outer loop
      vertex -32.1956 -10.9289 4
      vertex -21.5887 -20.253 4
      vertex -32.8415 -8.79985 4
    endloop
  endfacet
  facet normal 0 0 1
    outer loop
      vertex -29.4449 17 4
      vertex -22.252 20.253 4
      vertex -22.3603 20.2782 4
    endloop
  endfacet
  facet normal 0 0 1
    outer loop
      vertex -21.5887 -20.253 4
      vertex -32.1956 -10.9289 4
      vertex -21.6984 -20.2349 4
    endloop
  endfacet
  facet normal 0 0 1
    outer loop
      vertex -29.4449 17 4
      vertex -22.3603 20.2782 4
      vertex -22.4668 20.3105 4
    endloop
  endfacet
  facet normal -0 -0 1
    outer loop
      vertex -31.4119 -13.0112 4
      vertex -21.6984 -20.2349 4
      vertex -32.1956 -10.9289 4
    endloop
  endfacet
  facet normal 0 0 1
    outer loop
      vertex -28.27 18.8894 4
      vertex -22.4668 20.3105 4
      vertex -22.5709 20.3497 4
    endloop
  endfacet
  facet normal 0 0 1
    outer loop
      vertex -21.6984 -20.2349 4
      vertex -31.4119 -13.0112 4
      vertex -21.8091 -20.2239 4
    endloop
  endfacet
  facet normal 0 0 1
    outer loop
      vertex -28.27 18.8894 4
      vertex -22.5709 20.3497 4
      vertex -22.6722 20.3956 4
    endloop
  endfacet
  facet normal 0 0 1
    outer loop
      vertex -21.8091 -20.2239 4
      vertex -31.4119 -13.0112 4
      vertex -21.9203 -20.2203 4
    endloop
  endfacet
  facet normal 0 0 1
    outer loop
      vertex -28.27 18.8894 4
      vertex -22.6722 20.3956 4
      vertex -22.7703 20.4481 4
    endloop
  endfacet
  facet normal -0 -0 1
    outer loop
      vertex -30.4937 -15.0378 4
      vertex -21.9203 -20.2203 4
      vertex -31.4119 -13.0112 4
    endloop
  endfacet
  facet normal 0 0 1
    outer loop
      vertex -28.27 18.8894 4
      vertex -22.7703 20.4481 4
      vertex -22.8648 20.5068 4
    endloop
  endfacet
  facet normal 0 0 1
    outer loop
      vertex -21.9203 -20.2203 4
      vertex -30.4937 -15.0378 4
      vertex -22.0315 -20.2239 4
    endloop
  endfacet
  facet normal 0 0 1
    outer loop
      vertex -28.27 18.8894 4
      vertex -22.8648 20.5068 4
      vertex -22.9552 20.5716 4
    endloop
  endfacet
  facet normal 0 0 1
    outer loop
      vertex -22.0315 -20.2239 4
      vertex -30.4937 -15.0378 4
      vertex -22.1422 -20.2349 4
    endloop
  endfacet
  facet normal 0 0 1
    outer loop
      vertex -26.974 20.6979 4
      vertex -22.9552 20.5716 4
      vertex -23.0412 20.6422 4
    endloop
  endfacet
  facet normal -0 -0 1
    outer loop
      vertex -29.4449 -17 4
      vertex -22.1422 -20.2349 4
      vertex -30.4937 -15.0378 4
    endloop
  endfacet
  facet normal -0 0 1
    outer loop
      vertex -26.974 20.6979 4
      vertex -23.0412 20.6422 4
      vertex -23.1224 20.7182 4
    endloop
  endfacet
  facet normal 0 0 1
    outer loop
      vertex -22.1422 -20.2349 4
      vertex -29.4449 -17 4
      vertex -22.252 -20.253 4
    endloop
  endfacet
  facet normal 0 0 1
    outer loop
      vertex -26.974 20.6979 4
      vertex -23.1224 20.7182 4
      vertex -23.1984 20.7994 4
    endloop
  endfacet
  facet normal 0 0 1
    outer loop
      vertex -22.252 -20.253 4
      vertex -29.4449 -17 4
      vertex -22.3603 -20.2782 4
    endloop
  endfacet
  facet normal 0 0 1
    outer loop
      vertex -26.974 20.6979 4
      vertex -23.1984 20.7994 4
      vertex -23.269 20.8854 4
    endloop
  endfacet
  facet normal 0 0 1
    outer loop
      vertex -22.3603 -20.2782 4
      vertex -29.4449 -17 4
      vertex -22.4668 -20.3105 4
    endloop
  endfacet
  facet normal 0 0 1
    outer loop
      vertex -26.974 20.6979 4
      vertex -23.269 20.8854 4
      vertex -23.3338 20.9758 4
    endloop
  endfacet
  facet normal -0 -0 1
    outer loop
      vertex -28.27 -18.8894 4
      vertex -22.4668 -20.3105 4
      vertex -29.4449 -17 4
    endloop
  endfacet
  facet normal 0 0 1
    outer loop
      vertex -26.974 20.6979 4
      vertex -23.3338 20.9758 4
      vertex -23.3926 21.0703 4
    endloop
  endfacet
  facet normal 0 0 1
    outer loop
      vertex -22.4668 -20.3105 4
      vertex -28.27 -18.8894 4
      vertex -22.5709 -20.3497 4
    endloop
  endfacet
  facet normal 0 0 1
    outer loop
      vertex -26.974 20.6979 4
      vertex -23.3926 21.0703 4
      vertex -23.445 21.1684 4
    endloop
  endfacet
  facet normal 0 0 1
    outer loop
      vertex -22.5709 -20.3497 4
      vertex -28.27 -18.8894 4
      vertex -22.6722 -20.3956 4
    endloop
  endfacet
  facet normal 0 0 1
    outer loop
      vertex -26.974 20.6979 4
      vertex -23.445 21.1684 4
      vertex -23.4909 21.2697 4
    endloop
  endfacet
  facet normal 0 0 1
    outer loop
      vertex -3 0 4
      vertex -33.9272 2.22371 4
      vertex -34 0 4
    endloop
  endfacet
  facet normal 0 0 1
    outer loop
      vertex -25.5626 22.4178 4
      vertex -23.4909 21.2697 4
      vertex -23.5301 21.3739 4
    endloop
  endfacet
  facet normal 0 0 1
    outer loop
      vertex -22.6722 -20.3956 4
      vertex -28.27 -18.8894 4
      vertex -22.7703 -20.4481 4
    endloop
  endfacet
  facet normal 0 0 1
    outer loop
      vertex -25.5626 22.4178 4
      vertex -23.5301 21.3739 4
      vertex -23.5624 21.4803 4
    endloop
  endfacet
  facet normal 0 0 1
    outer loop
      vertex -22.7703 -20.4481 4
      vertex -28.27 -18.8894 4
      vertex -22.8648 -20.5068 4
    endloop
  endfacet
  facet normal 0 0 1
    outer loop
      vertex -25.5626 22.4178 4
      vertex -23.5624 21.4803 4
      vertex -23.5876 21.5887 4
    endloop
  endfacet
  facet normal 0 0 1
    outer loop
      vertex -22.8648 -20.5068 4
      vertex -28.27 -18.8894 4
      vertex -22.9552 -20.5716 4
    endloop
  endfacet
  facet normal 0 0 1
    outer loop
      vertex -25.5626 22.4178 4
      vertex -23.5876 21.5887 4
      vertex -23.6058 21.6984 4
    endloop
  endfacet
  facet normal 0 -0 1
    outer loop
      vertex -26.974 -20.6979 4
      vertex -22.9552 -20.5716 4
      vertex -28.27 -18.8894 4
    endloop
  endfacet
  facet normal 0 0 1
    outer loop
      vertex -25.5626 22.4178 4
      vertex -23.6058 21.6984 4
      vertex -23.6167 21.8091 4
    endloop
  endfacet
  facet normal 0 0 1
    outer loop
      vertex -22.9552 -20.5716 4
      vertex -26.974 -20.6979 4
      vertex -23.0412 -20.6422 4
    endloop
  endfacet
  facet normal 0 0 1
    outer loop
      vertex -25.5626 22.4178 4
      vertex -23.6167 21.8091 4
      vertex -23.6203 21.9203 4
    endloop
  endfacet
  facet normal 0 0 1
    outer loop
      vertex -23.0412 -20.6422 4
      vertex -26.974 -20.6979 4
      vertex -23.1224 -20.7182 4
    endloop
  endfacet
  facet normal -0 0 1
    outer loop
      vertex -20.2349 -22.1422 4
      vertex -15.0378 -30.4937 4
      vertex -20.2239 -22.0315 4
    endloop
  endfacet
  facet normal 0 0 1
    outer loop
      vertex -15.0378 -30.4937 4
      vertex -20.2349 -22.1422 4
      vertex -17 -29.4449 4
    endloop
  endfacet
  facet normal -0 0 1
    outer loop
      vertex -20.253 -22.252 4
      vertex -17 -29.4449 4
      vertex -20.2349 -22.1422 4
    endloop
  endfacet
  facet normal -0 0 1
    outer loop
      vertex -20.2782 -22.3603 4
      vertex -17 -29.4449 4
      vertex -20.253 -22.252 4
    endloop
  endfacet
  facet normal -0 0 1
    outer loop
      vertex -20.3105 -22.4668 4
      vertex -17 -29.4449 4
      vertex -20.2782 -22.3603 4
    endloop
  endfacet
  facet normal 0 0 1
    outer loop
      vertex -17 -29.4449 4
      vertex -20.3105 -22.4668 4
      vertex -18.8894 -28.27 4
    endloop
  endfacet
  facet normal -0 0 1
    outer loop
      vertex -20.3497 -22.5709 4
      vertex -18.8894 -28.27 4
      vertex -20.3105 -22.4668 4
    endloop
  endfacet
  facet normal -0 0 1
    outer loop
      vertex -20.3956 -22.6722 4
      vertex -18.8894 -28.27 4
      vertex -20.3497 -22.5709 4
    endloop
  endfacet
  facet normal -0 0 1
    outer loop
      vertex -20.4481 -22.7703 4
      vertex -18.8894 -28.27 4
      vertex -20.3956 -22.6722 4
    endloop
  endfacet
  facet normal -0 0 1
    outer loop
      vertex -20.5068 -22.8648 4
      vertex -18.8894 -28.27 4
      vertex -20.4481 -22.7703 4
    endloop
  endfacet
  facet normal -0 0 1
    outer loop
      vertex -20.5716 -22.9552 4
      vertex -18.8894 -28.27 4
      vertex -20.5068 -22.8648 4
    endloop
  endfacet
  facet normal 0 0 1
    outer loop
      vertex -20.6979 -26.974 4
      vertex -20.5716 -22.9552 4
      vertex -20.6422 -23.0412 4
    endloop
  endfacet
  facet normal 0 0 1
    outer loop
      vertex -20.5716 -22.9552 4
      vertex -20.6979 -26.974 4
      vertex -18.8894 -28.27 4
    endloop
  endfacet
  facet normal -0 0 1
    outer loop
      vertex -20.7182 -23.1224 4
      vertex -20.6979 -26.974 4
      vertex -20.6422 -23.0412 4
    endloop
  endfacet
  facet normal -0 0 1
    outer loop
      vertex -20.7994 -23.1984 4
      vertex -20.6979 -26.974 4
      vertex -20.7182 -23.1224 4
    endloop
  endfacet
  facet normal -0 0 1
    outer loop
      vertex -20.8854 -23.269 4
      vertex -20.6979 -26.974 4
      vertex -20.7994 -23.1984 4
    endloop
  endfacet
  facet normal -0 0 1
    outer loop
      vertex -20.9758 -23.3338 4
      vertex -20.6979 -26.974 4
      vertex -20.8854 -23.269 4
    endloop
  endfacet
  facet normal -0 0 1
    outer loop
      vertex -21.0703 -23.3926 4
      vertex -20.6979 -26.974 4
      vertex -20.9758 -23.3338 4
    endloop
  endfacet
  facet normal -0 0 1
    outer loop
      vertex -21.1684 -23.445 4
      vertex -20.6979 -26.974 4
      vertex -21.0703 -23.3926 4
    endloop
  endfacet
  facet normal -0 0 1
    outer loop
      vertex -21.2697 -23.4909 4
      vertex -20.6979 -26.974 4
      vertex -21.1684 -23.445 4
    endloop
  endfacet
  facet normal 0 0 1
    outer loop
      vertex -22.4178 -25.5626 4
      vertex -21.2697 -23.4909 4
      vertex -21.3739 -23.5301 4
    endloop
  endfacet
  facet normal 0 0 1
    outer loop
      vertex -22.4178 -25.5626 4
      vertex -21.3739 -23.5301 4
      vertex -21.4803 -23.5624 4
    endloop
  endfacet
  facet normal 0 0 1
    outer loop
      vertex -22.4178 -25.5626 4
      vertex -21.4803 -23.5624 4
      vertex -21.5887 -23.5876 4
    endloop
  endfacet
  facet normal 0 0 1
    outer loop
      vertex -22.4178 -25.5626 4
      vertex -21.5887 -23.5876 4
      vertex -21.6984 -23.6058 4
    endloop
  endfacet
  facet normal 0 0 1
    outer loop
      vertex -22.4178 -25.5626 4
      vertex -21.6984 -23.6058 4
      vertex -21.8091 -23.6167 4
    endloop
  endfacet
  facet normal 0 0 1
    outer loop
      vertex -22.4178 -25.5626 4
      vertex -21.8091 -23.6167 4
      vertex -21.9203 -23.6203 4
    endloop
  endfacet
  facet normal 0 0 1
    outer loop
      vertex -22.4178 -25.5626 4
      vertex -21.9203 -23.6203 4
      vertex -22.0315 -23.6167 4
    endloop
  endfacet
  facet normal 0 0 1
    outer loop
      vertex -22.4178 -25.5626 4
      vertex -22.0315 -23.6167 4
      vertex -22.1422 -23.6058 4
    endloop
  endfacet
  facet normal 0 0 1
    outer loop
      vertex -22.4178 -25.5626 4
      vertex -22.1422 -23.6058 4
      vertex -22.252 -23.5876 4
    endloop
  endfacet
  facet normal 0 0 1
    outer loop
      vertex -22.4178 -25.5626 4
      vertex -22.252 -23.5876 4
      vertex -22.3603 -23.5624 4
    endloop
  endfacet
  facet normal 0 0 1
    outer loop
      vertex -21.2697 -23.4909 4
      vertex -22.4178 -25.5626 4
      vertex -20.6979 -26.974 4
    endloop
  endfacet
  facet normal 0 0 1
    outer loop
      vertex -22.4668 -23.5301 4
      vertex -22.4178 -25.5626 4
      vertex -22.3603 -23.5624 4
    endloop
  endfacet
  facet normal 0 0 1
    outer loop
      vertex -22.5709 -23.4909 4
      vertex -22.4178 -25.5626 4
      vertex -22.4668 -23.5301 4
    endloop
  endfacet
  facet normal 0 0 1
    outer loop
      vertex -24.0416 -24.0416 4
      vertex -22.5709 -23.4909 4
      vertex -22.6722 -23.445 4
    endloop
  endfacet
  facet normal 0 0 1
    outer loop
      vertex -24.0416 -24.0416 4
      vertex -22.6722 -23.445 4
      vertex -22.7703 -23.3926 4
    endloop
  endfacet
  facet normal 0 0 1
    outer loop
      vertex -24.0416 -24.0416 4
      vertex -22.7703 -23.3926 4
      vertex -22.8648 -23.3338 4
    endloop
  endfacet
  facet normal 0 0 1
    outer loop
      vertex -24.0416 -24.0416 4
      vertex -22.8648 -23.3338 4
      vertex -22.9552 -23.269 4
    endloop
  endfacet
  facet normal 0 0 1
    outer loop
      vertex -24.0416 -24.0416 4
      vertex -22.9552 -23.269 4
      vertex -23.0412 -23.1984 4
    endloop
  endfacet
  facet normal 0 0 1
    outer loop
      vertex -24.0416 -24.0416 4
      vertex -23.0412 -23.1984 4
      vertex -23.1224 -23.1224 4
    endloop
  endfacet
  facet normal 0 0 1
    outer loop
      vertex -24.0416 -24.0416 4
      vertex -23.1224 -23.1224 4
      vertex -23.1984 -23.0412 4
    endloop
  endfacet
  facet normal 0 0 1
    outer loop
      vertex -24.0416 -24.0416 4
      vertex -23.1984 -23.0412 4
      vertex -23.269 -22.9552 4
    endloop
  endfacet
  facet normal 0 0 1
    outer loop
      vertex -24.0416 -24.0416 4
      vertex -23.269 -22.9552 4
      vertex -23.3338 -22.8648 4
    endloop
  endfacet
  facet normal 0 0 1
    outer loop
      vertex -24.0416 -24.0416 4
      vertex -23.3338 -22.8648 4
      vertex -23.3926 -22.7703 4
    endloop
  endfacet
  facet normal 0 0 1
    outer loop
      vertex -24.0416 -24.0416 4
      vertex -23.3926 -22.7703 4
      vertex -23.445 -22.6722 4
    endloop
  endfacet
  facet normal 0 0 1
    outer loop
      vertex -24.0416 -24.0416 4
      vertex -23.445 -22.6722 4
      vertex -23.4909 -22.5709 4
    endloop
  endfacet
  facet normal 0 0 1
    outer loop
      vertex -25.5626 -22.4178 4
      vertex -23.4909 -22.5709 4
      vertex -23.5301 -22.4668 4
    endloop
  endfacet
  facet normal 0 0 1
    outer loop
      vertex -22.5709 -23.4909 4
      vertex -24.0416 -24.0416 4
      vertex -22.4178 -25.5626 4
    endloop
  endfacet
  facet normal -0 0 1
    outer loop
      vertex -25.5626 -22.4178 4
      vertex -23.5301 -22.4668 4
      vertex -23.5624 -22.3603 4
    endloop
  endfacet
  facet normal 0 0 1
    outer loop
      vertex -25.5626 -22.4178 4
      vertex -23.5624 -22.3603 4
      vertex -23.5876 -22.252 4
    endloop
  endfacet
  facet normal 0 0 1
    outer loop
      vertex -25.5626 -22.4178 4
      vertex -23.5876 -22.252 4
      vertex -23.6058 -22.1422 4
    endloop
  endfacet
  facet normal 0 0 1
    outer loop
      vertex -25.5626 -22.4178 4
      vertex -23.6058 -22.1422 4
      vertex -23.6167 -22.0315 4
    endloop
  endfacet
  facet normal 0 0 1
    outer loop
      vertex -25.5626 -22.4178 4
      vertex -23.6167 -22.0315 4
      vertex -23.6203 -21.9203 4
    endloop
  endfacet
  facet normal 0 0 1
    outer loop
      vertex -23.4909 21.2697 4
      vertex -25.5626 22.4178 4
      vertex -26.974 20.6979 4
    endloop
  endfacet
  facet normal 0 0 1
    outer loop
      vertex -22.9552 20.5716 4
      vertex -26.974 20.6979 4
      vertex -28.27 18.8894 4
    endloop
  endfacet
  facet normal 0 0 1
    outer loop
      vertex -23.4909 -22.5709 4
      vertex -25.5626 -22.4178 4
      vertex -24.0416 -24.0416 4
    endloop
  endfacet
  facet normal 0 0 1
    outer loop
      vertex -22.4668 20.3105 4
      vertex -28.27 18.8894 4
      vertex -29.4449 17 4
    endloop
  endfacet
  facet normal 0 0 1
    outer loop
      vertex -23.6167 -21.8091 4
      vertex -25.5626 -22.4178 4
      vertex -23.6203 -21.9203 4
    endloop
  endfacet
  facet normal 0 0 1
    outer loop
      vertex -22.1422 20.2349 4
      vertex -29.4449 17 4
      vertex -30.4937 15.0378 4
    endloop
  endfacet
  facet normal 0 0 1
    outer loop
      vertex -23.6058 -21.6984 4
      vertex -25.5626 -22.4178 4
      vertex -23.6167 -21.8091 4
    endloop
  endfacet
  facet normal 0 0 1
    outer loop
      vertex -21.9203 20.2203 4
      vertex -30.4937 15.0378 4
      vertex -31.4119 13.0112 4
    endloop
  endfacet
  facet normal 0 0 1
    outer loop
      vertex -23.5876 -21.5887 4
      vertex -25.5626 -22.4178 4
      vertex -23.6058 -21.6984 4
    endloop
  endfacet
  facet normal 0 0 1
    outer loop
      vertex -21.6984 20.2349 4
      vertex -31.4119 13.0112 4
      vertex -32.1956 10.9289 4
    endloop
  endfacet
  facet normal 0 0 1
    outer loop
      vertex -23.5624 -21.4803 4
      vertex -25.5626 -22.4178 4
      vertex -23.5876 -21.5887 4
    endloop
  endfacet
  facet normal 0 0 1
    outer loop
      vertex -21.5887 20.253 4
      vertex -32.1956 10.9289 4
      vertex -32.8415 8.79985 4
    endloop
  endfacet
  facet normal 0 0 1
    outer loop
      vertex -23.5301 -21.3739 4
      vertex -25.5626 -22.4178 4
      vertex -23.5624 -21.4803 4
    endloop
  endfacet
  facet normal 0 0 1
    outer loop
      vertex -2.97433 0.391578 4
      vertex -33.7091 4.43789 4
      vertex -2.99358 0.196209 4
    endloop
  endfacet
  facet normal 0 0 1
    outer loop
      vertex -23.4909 -21.2697 4
      vertex -25.5626 -22.4178 4
      vertex -23.5301 -21.3739 4
    endloop
  endfacet
  facet normal -0 0 1
    outer loop
      vertex -33.9272 2.22371 4
      vertex -2.99358 0.196209 4
      vertex -33.7091 4.43789 4
    endloop
  endfacet
  facet normal 0 -0 1
    outer loop
      vertex -25.5626 -22.4178 4
      vertex -23.4909 -21.2697 4
      vertex -26.974 -20.6979 4
    endloop
  endfacet
  facet normal 0 0 1
    outer loop
      vertex -2.99358 0.196209 4
      vertex -33.9272 2.22371 4
      vertex -3 0 4
    endloop
  endfacet
  facet normal 0 0 1
    outer loop
      vertex -23.445 -21.1684 4
      vertex -26.974 -20.6979 4
      vertex -23.4909 -21.2697 4
    endloop
  endfacet
  facet normal 0 0 1
    outer loop
      vertex -23.1224 -20.7182 4
      vertex -26.974 -20.6979 4
      vertex -23.1984 -20.7994 4
    endloop
  endfacet
  facet normal 0 0 1
    outer loop
      vertex -23.3926 -21.0703 4
      vertex -26.974 -20.6979 4
      vertex -23.445 -21.1684 4
    endloop
  endfacet
  facet normal 0 0 1
    outer loop
      vertex -23.1984 -20.7994 4
      vertex -26.974 -20.6979 4
      vertex -23.269 -20.8854 4
    endloop
  endfacet
  facet normal 0 0 1
    outer loop
      vertex -23.3338 -20.9758 4
      vertex -26.974 -20.6979 4
      vertex -23.3926 -21.0703 4
    endloop
  endfacet
  facet normal 0 0 1
    outer loop
      vertex -23.269 -20.8854 4
      vertex -26.974 -20.6979 4
      vertex -23.3338 -20.9758 4
    endloop
  endfacet
  facet normal -0 0 1
    outer loop
      vertex 2.12132 -2.12132 4
      vertex 20.7182 -20.7182 4
      vertex 2.25552 -1.97804 4
    endloop
  endfacet
  facet normal 0 0 1
    outer loop
      vertex 20.7182 -20.7182 4
      vertex 2.12132 -2.12132 4
      vertex 20.6422 -20.7994 4
    endloop
  endfacet
  facet normal -0 0 1
    outer loop
      vertex 1.97804 -2.25552 4
      vertex 20.6422 -20.7994 4
      vertex 2.12132 -2.12132 4
    endloop
  endfacet
  facet normal 0 0 1
    outer loop
      vertex 20.6422 -20.7994 4
      vertex 1.97804 -2.25552 4
      vertex 20.5716 -20.8854 4
    endloop
  endfacet
  facet normal -0 0 1
    outer loop
      vertex 1.82628 -2.38006 4
      vertex 20.5716 -20.8854 4
      vertex 1.97804 -2.25552 4
    endloop
  endfacet
  facet normal 0 0 1
    outer loop
      vertex 20.5716 -20.8854 4
      vertex 1.82628 -2.38006 4
      vertex 20.5068 -20.9758 4
    endloop
  endfacet
  facet normal -0 0 1
    outer loop
      vertex 1.66671 -2.49441 4
      vertex 20.5068 -20.9758 4
      vertex 1.82628 -2.38006 4
    endloop
  endfacet
  facet normal 0 0 1
    outer loop
      vertex 20.5068 -20.9758 4
      vertex 1.66671 -2.49441 4
      vertex 20.4481 -21.0703 4
    endloop
  endfacet
  facet normal -0 0 1
    outer loop
      vertex 1.5 -2.59808 4
      vertex 20.4481 -21.0703 4
      vertex 1.66671 -2.49441 4
    endloop
  endfacet
  facet normal 0 0 1
    outer loop
      vertex 20.4481 -21.0703 4
      vertex 1.5 -2.59808 4
      vertex 20.3956 -21.1684 4
    endloop
  endfacet
  facet normal -0 0 1
    outer loop
      vertex 1.32687 -2.69062 4
      vertex 20.3956 -21.1684 4
      vertex 1.5 -2.59808 4
    endloop
  endfacet
  facet normal 0 0 1
    outer loop
      vertex 20.3956 -21.1684 4
      vertex 1.32687 -2.69062 4
      vertex 20.3497 -21.2697 4
    endloop
  endfacet
  facet normal -0 0 1
    outer loop
      vertex 1.14805 -2.77164 4
      vertex 20.3497 -21.2697 4
      vertex 1.32687 -2.69062 4
    endloop
  endfacet
  facet normal 0 0 1
    outer loop
      vertex 20.3497 -21.2697 4
      vertex 1.14805 -2.77164 4
      vertex 20.3105 -21.3739 4
    endloop
  endfacet
  facet normal -0 0 1
    outer loop
      vertex 0.964318 -2.84079 4
      vertex 20.3105 -21.3739 4
      vertex 1.14805 -2.77164 4
    endloop
  endfacet
  facet normal 0 0 1
    outer loop
      vertex 20.3105 -21.3739 4
      vertex 0.964318 -2.84079 4
      vertex 20.2782 -21.4803 4
    endloop
  endfacet
  facet normal 0 0 1
    outer loop
      vertex 20.2782 -21.4803 4
      vertex 0.964318 -2.84079 4
      vertex 8.79985 -32.8415 4
    endloop
  endfacet
  facet normal -0 0 1
    outer loop
      vertex 0.776457 -2.89778 4
      vertex 8.79985 -32.8415 4
      vertex 0.964318 -2.84079 4
    endloop
  endfacet
  facet normal 0 0 1
    outer loop
      vertex 8.79985 -32.8415 4
      vertex 0.776457 -2.89778 4
      vertex 6.63307 -33.3467 4
    endloop
  endfacet
  facet normal -0 0 1
    outer loop
      vertex 0.585271 -2.94236 4
      vertex 6.63307 -33.3467 4
      vertex 0.776457 -2.89778 4
    endloop
  endfacet
  facet normal 0 0 1
    outer loop
      vertex 6.63307 -33.3467 4
      vertex 0.585271 -2.94236 4
      vertex 4.43789 -33.7091 4
    endloop
  endfacet
  facet normal -0 0 1
    outer loop
      vertex 0.391578 -2.97433 4
      vertex 4.43789 -33.7091 4
      vertex 0.585271 -2.94236 4
    endloop
  endfacet
  facet normal 0 0 1
    outer loop
      vertex 4.43789 -33.7091 4
      vertex 0.391578 -2.97433 4
      vertex 2.22371 -33.9272 4
    endloop
  endfacet
  facet normal -0 0 1
    outer loop
      vertex 0.196209 -2.99358 4
      vertex 2.22371 -33.9272 4
      vertex 0.391578 -2.97433 4
    endloop
  endfacet
  facet normal -0 0 1
    outer loop
      vertex 0 -3 4
      vertex 2.22371 -33.9272 4
      vertex 0.196209 -2.99358 4
    endloop
  endfacet
  facet normal 0 0 1
    outer loop
      vertex 0 -3 4
      vertex 0 -34 4
      vertex 2.22371 -33.9272 4
    endloop
  endfacet
  facet normal 0 0 1
    outer loop
      vertex -0.196209 -2.99358 4
      vertex 0 -34 4
      vertex 0 -3 4
    endloop
  endfacet
  facet normal 0 0 1
    outer loop
      vertex -2.22371 -33.9272 4
      vertex -0.196209 -2.99358 4
      vertex -0.391578 -2.97433 4
    endloop
  endfacet
  facet normal 0 0 1
    outer loop
      vertex -4.43789 -33.7091 4
      vertex -0.391578 -2.97433 4
      vertex -0.585271 -2.94236 4
    endloop
  endfacet
  facet normal 0 0 1
    outer loop
      vertex -6.63307 -33.3467 4
      vertex -0.585271 -2.94236 4
      vertex -0.776457 -2.89778 4
    endloop
  endfacet
  facet normal 0 0 1
    outer loop
      vertex -8.79985 -32.8415 4
      vertex -0.776457 -2.89778 4
      vertex -0.964318 -2.84079 4
    endloop
  endfacet
  facet normal 0 0 1
    outer loop
      vertex -20.2203 -21.9203 4
      vertex -0.964318 -2.84079 4
      vertex -1.14805 -2.77164 4
    endloop
  endfacet
  facet normal 0 0 1
    outer loop
      vertex -20.2203 -21.9203 4
      vertex -1.14805 -2.77164 4
      vertex -1.32687 -2.69062 4
    endloop
  endfacet
  facet normal 0 0 1
    outer loop
      vertex -20.2203 -21.9203 4
      vertex -1.32687 -2.69062 4
      vertex -1.5 -2.59808 4
    endloop
  endfacet
  facet normal 0 0 1
    outer loop
      vertex -20.2203 -21.9203 4
      vertex -1.5 -2.59808 4
      vertex -1.66671 -2.49441 4
    endloop
  endfacet
  facet normal 0 0 1
    outer loop
      vertex -20.2203 -21.9203 4
      vertex -1.66671 -2.49441 4
      vertex -1.82628 -2.38006 4
    endloop
  endfacet
  facet normal 0 0 1
    outer loop
      vertex -20.2203 -21.9203 4
      vertex -1.82628 -2.38006 4
      vertex -1.97804 -2.25552 4
    endloop
  endfacet
  facet normal 0 0 1
    outer loop
      vertex -20.2203 -21.9203 4
      vertex -1.97804 -2.25552 4
      vertex -2.12132 -2.12132 4
    endloop
  endfacet
  facet normal 0 0 1
    outer loop
      vertex -0.196209 -2.99358 4
      vertex -2.22371 -33.9272 4
      vertex 0 -34 4
    endloop
  endfacet
  facet normal 0 0 1
    outer loop
      vertex -20.2203 -21.9203 4
      vertex -2.12132 -2.12132 4
      vertex -2.25552 -1.97804 4
    endloop
  endfacet
  facet normal 0 0 1
    outer loop
      vertex -20.2203 -21.9203 4
      vertex -2.25552 -1.97804 4
      vertex -2.38006 -1.82628 4
    endloop
  endfacet
  facet normal 0 0 1
    outer loop
      vertex -20.2203 -21.9203 4
      vertex -2.38006 -1.82628 4
      vertex -2.49441 -1.66671 4
    endloop
  endfacet
  facet normal 0 0 1
    outer loop
      vertex -20.2203 -21.9203 4
      vertex -2.49441 -1.66671 4
      vertex -2.59808 -1.5 4
    endloop
  endfacet
  facet normal 0 0 1
    outer loop
      vertex -20.2203 -21.9203 4
      vertex -2.59808 -1.5 4
      vertex -2.69062 -1.32687 4
    endloop
  endfacet
  facet normal 0 0 1
    outer loop
      vertex -20.2203 -21.9203 4
      vertex -2.69062 -1.32687 4
      vertex -2.77164 -1.14805 4
    endloop
  endfacet
  facet normal 0 0 1
    outer loop
      vertex -20.2203 -21.9203 4
      vertex -2.77164 -1.14805 4
      vertex -2.84079 -0.964318 4
    endloop
  endfacet
  facet normal 0 0 1
    outer loop
      vertex -20.2203 -21.9203 4
      vertex -2.84079 -0.964318 4
      vertex -2.89778 -0.776457 4
    endloop
  endfacet
  facet normal 0 0 1
    outer loop
      vertex -20.2203 -21.9203 4
      vertex -2.89778 -0.776457 4
      vertex -2.94236 -0.585271 4
    endloop
  endfacet
  facet normal 0 0 1
    outer loop
      vertex -20.2203 -21.9203 4
      vertex -2.94236 -0.585271 4
      vertex -2.97433 -0.391578 4
    endloop
  endfacet
  facet normal 0 0 1
    outer loop
      vertex -3 0 4
      vertex -20.2203 -21.9203 4
      vertex -2.99358 -0.196209 4
    endloop
  endfacet
  facet normal 0 0 1
    outer loop
      vertex -2.12132 2.12132 4
      vertex -20.7182 20.7182 4
      vertex -2.25552 1.97804 4
    endloop
  endfacet
  facet normal -0 0 1
    outer loop
      vertex -20.6422 20.7994 4
      vertex -1.97804 2.25552 4
      vertex -20.5716 20.8854 4
    endloop
  endfacet
  facet normal 0 0 1
    outer loop
      vertex -2.99358 -0.196209 4
      vertex -20.2203 -21.9203 4
      vertex -2.97433 -0.391578 4
    endloop
  endfacet
  facet normal 0 0 1
    outer loop
      vertex -1.97804 2.25552 4
      vertex -20.6422 20.7994 4
      vertex -2.12132 2.12132 4
    endloop
  endfacet
  facet normal 0 0 1
    outer loop
      vertex -0.391578 -2.97433 4
      vertex -4.43789 -33.7091 4
      vertex -2.22371 -33.9272 4
    endloop
  endfacet
  facet normal -0 0 1
    outer loop
      vertex -20.7182 20.7182 4
      vertex -2.12132 2.12132 4
      vertex -20.6422 20.7994 4
    endloop
  endfacet
  facet normal 0 0 1
    outer loop
      vertex -0.585271 -2.94236 4
      vertex -6.63307 -33.3467 4
      vertex -4.43789 -33.7091 4
    endloop
  endfacet
  facet normal 0 0 1
    outer loop
      vertex -20.2349 21.6984 4
      vertex -13.0112 31.4119 4
      vertex -20.2239 21.8091 4
    endloop
  endfacet
  facet normal 0 0 1
    outer loop
      vertex -0.776457 -2.89778 4
      vertex -8.79985 -32.8415 4
      vertex -6.63307 -33.3467 4
    endloop
  endfacet
  facet normal 0 0 1
    outer loop
      vertex -20.2239 21.8091 4
      vertex -13.0112 31.4119 4
      vertex -20.2203 21.9203 4
    endloop
  endfacet
  facet normal 0 0 1
    outer loop
      vertex -0.964318 -2.84079 4
      vertex -10.9289 -32.1956 4
      vertex -8.79985 -32.8415 4
    endloop
  endfacet
  facet normal 0 0 1
    outer loop
      vertex -20.2203 21.9203 4
      vertex -13.0112 31.4119 4
      vertex -15.0378 30.4937 4
    endloop
  endfacet
  facet normal 0 0 1
    outer loop
      vertex -0.964318 -2.84079 4
      vertex -20.2203 -21.9203 4
      vertex -10.9289 -32.1956 4
    endloop
  endfacet
  facet normal 0 0 1
    outer loop
      vertex -20.2349 22.1422 4
      vertex -15.0378 30.4937 4
      vertex -17 29.4449 4
    endloop
  endfacet
  facet normal 0 0 1
    outer loop
      vertex -10.9289 -32.1956 4
      vertex -20.2203 -21.9203 4
      vertex -13.0112 -31.4119 4
    endloop
  endfacet
  facet normal 0 0 1
    outer loop
      vertex -20.3105 22.4668 4
      vertex -17 29.4449 4
      vertex -18.8894 28.27 4
    endloop
  endfacet
  facet normal 0 0 1
    outer loop
      vertex -13.0112 -31.4119 4
      vertex -20.2203 -21.9203 4
      vertex -15.0378 -30.4937 4
    endloop
  endfacet
  facet normal -0 0 1
    outer loop
      vertex -20.2239 -22.0315 4
      vertex -15.0378 -30.4937 4
      vertex -20.2203 -21.9203 4
    endloop
  endfacet
  facet normal 0 0 1
    outer loop
      vertex -15.0378 30.4937 4
      vertex -20.2239 22.0315 4
      vertex -20.2203 21.9203 4
    endloop
  endfacet
  facet normal 0 0 1
    outer loop
      vertex -15.0378 30.4937 4
      vertex -20.2349 22.1422 4
      vertex -20.2239 22.0315 4
    endloop
  endfacet
  facet normal 0 0 1
    outer loop
      vertex -17 29.4449 4
      vertex -20.253 22.252 4
      vertex -20.2349 22.1422 4
    endloop
  endfacet
  facet normal 0 0 1
    outer loop
      vertex -17 29.4449 4
      vertex -20.2782 22.3603 4
      vertex -20.253 22.252 4
    endloop
  endfacet
  facet normal 0 0 1
    outer loop
      vertex -17 29.4449 4
      vertex -20.3105 22.4668 4
      vertex -20.2782 22.3603 4
    endloop
  endfacet
  facet normal 0 0 1
    outer loop
      vertex -18.8894 28.27 4
      vertex -20.3497 22.5709 4
      vertex -20.3105 22.4668 4
    endloop
  endfacet
  facet normal 0 0 1
    outer loop
      vertex -18.8894 28.27 4
      vertex -20.3956 22.6722 4
      vertex -20.3497 22.5709 4
    endloop
  endfacet
  facet normal 0 0 1
    outer loop
      vertex -18.8894 28.27 4
      vertex -20.4481 22.7703 4
      vertex -20.3956 22.6722 4
    endloop
  endfacet
  facet normal 0 0 1
    outer loop
      vertex -18.8894 28.27 4
      vertex -20.5068 22.8648 4
      vertex -20.4481 22.7703 4
    endloop
  endfacet
  facet normal 0 0 1
    outer loop
      vertex -18.8894 28.27 4
      vertex -20.5716 22.9552 4
      vertex -20.5068 22.8648 4
    endloop
  endfacet
  facet normal -0 0 1
    outer loop
      vertex -20.6979 26.974 4
      vertex -20.5716 22.9552 4
      vertex -18.8894 28.27 4
    endloop
  endfacet
  facet normal 0 0 1
    outer loop
      vertex -20.5716 22.9552 4
      vertex -20.6979 26.974 4
      vertex -20.6422 23.0412 4
    endloop
  endfacet
  facet normal 0 0 1
    outer loop
      vertex -20.6979 26.974 4
      vertex -20.7182 23.1224 4
      vertex -20.6422 23.0412 4
    endloop
  endfacet
  facet normal 0 0 1
    outer loop
      vertex -20.6979 26.974 4
      vertex -20.7994 23.1984 4
      vertex -20.7182 23.1224 4
    endloop
  endfacet
  facet normal 0 0 1
    outer loop
      vertex -20.6979 26.974 4
      vertex -20.8854 23.269 4
      vertex -20.7994 23.1984 4
    endloop
  endfacet
  facet normal 0 0 1
    outer loop
      vertex -20.6979 26.974 4
      vertex -20.9758 23.3338 4
      vertex -20.8854 23.269 4
    endloop
  endfacet
  facet normal 0 0 1
    outer loop
      vertex -20.6979 26.974 4
      vertex -21.0703 23.3926 4
      vertex -20.9758 23.3338 4
    endloop
  endfacet
  facet normal 0 0 1
    outer loop
      vertex -20.6979 26.974 4
      vertex -21.1684 23.445 4
      vertex -21.0703 23.3926 4
    endloop
  endfacet
  facet normal 0 0 1
    outer loop
      vertex -20.6979 26.974 4
      vertex -21.2697 23.4909 4
      vertex -21.1684 23.445 4
    endloop
  endfacet
  facet normal -0 0 1
    outer loop
      vertex -22.4178 25.5626 4
      vertex -21.2697 23.4909 4
      vertex -20.6979 26.974 4
    endloop
  endfacet
  facet normal 0 0 1
    outer loop
      vertex -21.2697 23.4909 4
      vertex -22.4178 25.5626 4
      vertex -21.3739 23.5301 4
    endloop
  endfacet
  facet normal 0 0 1
    outer loop
      vertex -21.3739 23.5301 4
      vertex -22.4178 25.5626 4
      vertex -21.4803 23.5624 4
    endloop
  endfacet
  facet normal 0 0 1
    outer loop
      vertex -21.4803 23.5624 4
      vertex -22.4178 25.5626 4
      vertex -21.5887 23.5876 4
    endloop
  endfacet
  facet normal 0 0 1
    outer loop
      vertex -21.5887 23.5876 4
      vertex -22.4178 25.5626 4
      vertex -21.6984 23.6058 4
    endloop
  endfacet
  facet normal 0 0 1
    outer loop
      vertex -21.6984 23.6058 4
      vertex -22.4178 25.5626 4
      vertex -21.8091 23.6167 4
    endloop
  endfacet
  facet normal 0 0 1
    outer loop
      vertex -21.8091 23.6167 4
      vertex -22.4178 25.5626 4
      vertex -21.9203 23.6203 4
    endloop
  endfacet
  facet normal 0 0 1
    outer loop
      vertex -21.9203 23.6203 4
      vertex -22.4178 25.5626 4
      vertex -22.0315 23.6167 4
    endloop
  endfacet
  facet normal 0 0 1
    outer loop
      vertex -22.0315 23.6167 4
      vertex -22.4178 25.5626 4
      vertex -22.1422 23.6058 4
    endloop
  endfacet
  facet normal 0 0 1
    outer loop
      vertex -22.1422 23.6058 4
      vertex -22.4178 25.5626 4
      vertex -22.252 23.5876 4
    endloop
  endfacet
  facet normal 0 0 1
    outer loop
      vertex -22.252 23.5876 4
      vertex -22.4178 25.5626 4
      vertex -22.3603 23.5624 4
    endloop
  endfacet
  facet normal 0 0 1
    outer loop
      vertex -22.4178 25.5626 4
      vertex -22.4668 23.5301 4
      vertex -22.3603 23.5624 4
    endloop
  endfacet
  facet normal 0 0 1
    outer loop
      vertex -22.4178 25.5626 4
      vertex -22.5709 23.4909 4
      vertex -22.4668 23.5301 4
    endloop
  endfacet
  facet normal -0 0 1
    outer loop
      vertex -24.0416 24.0416 4
      vertex -22.5709 23.4909 4
      vertex -22.4178 25.5626 4
    endloop
  endfacet
  facet normal 0 0 1
    outer loop
      vertex -22.5709 23.4909 4
      vertex -24.0416 24.0416 4
      vertex -22.6722 23.445 4
    endloop
  endfacet
  facet normal 0 0 1
    outer loop
      vertex -22.6722 23.445 4
      vertex -24.0416 24.0416 4
      vertex -22.7703 23.3926 4
    endloop
  endfacet
  facet normal 0 0 1
    outer loop
      vertex -22.7703 23.3926 4
      vertex -24.0416 24.0416 4
      vertex -22.8648 23.3338 4
    endloop
  endfacet
  facet normal 0 0 1
    outer loop
      vertex -22.8648 23.3338 4
      vertex -24.0416 24.0416 4
      vertex -22.9552 23.269 4
    endloop
  endfacet
  facet normal 0 0 1
    outer loop
      vertex -22.9552 23.269 4
      vertex -24.0416 24.0416 4
      vertex -23.0412 23.1984 4
    endloop
  endfacet
  facet normal 0 0 1
    outer loop
      vertex -23.0412 23.1984 4
      vertex -24.0416 24.0416 4
      vertex -23.1224 23.1224 4
    endloop
  endfacet
  facet normal 0 0 1
    outer loop
      vertex -23.1224 23.1224 4
      vertex -24.0416 24.0416 4
      vertex -23.1984 23.0412 4
    endloop
  endfacet
  facet normal 0 0 1
    outer loop
      vertex -23.1984 23.0412 4
      vertex -24.0416 24.0416 4
      vertex -23.269 22.9552 4
    endloop
  endfacet
  facet normal 0 0 1
    outer loop
      vertex -23.269 22.9552 4
      vertex -24.0416 24.0416 4
      vertex -23.3338 22.8648 4
    endloop
  endfacet
  facet normal 0 0 1
    outer loop
      vertex -23.3338 22.8648 4
      vertex -24.0416 24.0416 4
      vertex -23.3926 22.7703 4
    endloop
  endfacet
  facet normal 0 0 1
    outer loop
      vertex -23.3926 22.7703 4
      vertex -24.0416 24.0416 4
      vertex -23.445 22.6722 4
    endloop
  endfacet
  facet normal 0 0 1
    outer loop
      vertex -23.445 22.6722 4
      vertex -24.0416 24.0416 4
      vertex -23.4909 22.5709 4
    endloop
  endfacet
  facet normal 0 0 1
    outer loop
      vertex -23.6167 22.0315 4
      vertex -25.5626 22.4178 4
      vertex -23.6203 21.9203 4
    endloop
  endfacet
  facet normal 0 0 1
    outer loop
      vertex -23.6058 22.1422 4
      vertex -25.5626 22.4178 4
      vertex -23.6167 22.0315 4
    endloop
  endfacet
  facet normal 0 0 1
    outer loop
      vertex -23.5876 22.252 4
      vertex -25.5626 22.4178 4
      vertex -23.6058 22.1422 4
    endloop
  endfacet
  facet normal 0 0 1
    outer loop
      vertex -23.5624 22.3603 4
      vertex -25.5626 22.4178 4
      vertex -23.5876 22.252 4
    endloop
  endfacet
  facet normal 0 0 1
    outer loop
      vertex -23.5301 22.4668 4
      vertex -25.5626 22.4178 4
      vertex -23.5624 22.3603 4
    endloop
  endfacet
  facet normal 0 0 1
    outer loop
      vertex -23.4909 22.5709 4
      vertex -25.5626 22.4178 4
      vertex -23.5301 22.4668 4
    endloop
  endfacet
  facet normal 0 0 1
    outer loop
      vertex -25.5626 22.4178 4
      vertex -23.4909 22.5709 4
      vertex -24.0416 24.0416 4
    endloop
  endfacet
  facet normal 0 0 1
    outer loop
      vertex 23.0412 20.6422 4
      vertex 26.974 20.6979 4
      vertex 23.1224 20.7182 4
    endloop
  endfacet
  facet normal 0 0 1
    outer loop
      vertex 33.9272 -2.22371 4
      vertex 23.6167 -21.8091 4
      vertex 23.6203 -21.9203 4
    endloop
  endfacet
  facet normal 0 0 1
    outer loop
      vertex 22.9552 20.5716 4
      vertex 26.974 20.6979 4
      vertex 23.0412 20.6422 4
    endloop
  endfacet
  facet normal 0 0 1
    outer loop
      vertex 33.9272 -2.22371 4
      vertex 23.6058 -21.6984 4
      vertex 23.6167 -21.8091 4
    endloop
  endfacet
  facet normal 0 0 1
    outer loop
      vertex 26.974 20.6979 4
      vertex 22.9552 20.5716 4
      vertex 28.27 18.8894 4
    endloop
  endfacet
  facet normal 0 0 1
    outer loop
      vertex 33.9272 -2.22371 4
      vertex 23.5876 -21.5887 4
      vertex 23.6058 -21.6984 4
    endloop
  endfacet
  facet normal -0 0 1
    outer loop
      vertex 22.8648 20.5068 4
      vertex 28.27 18.8894 4
      vertex 22.9552 20.5716 4
    endloop
  endfacet
  facet normal 0 0 1
    outer loop
      vertex 33.9272 -2.22371 4
      vertex 23.5624 -21.4803 4
      vertex 23.5876 -21.5887 4
    endloop
  endfacet
  facet normal -0 0 1
    outer loop
      vertex 22.7703 20.4481 4
      vertex 28.27 18.8894 4
      vertex 22.8648 20.5068 4
    endloop
  endfacet
  facet normal 0 0 1
    outer loop
      vertex 33.9272 -2.22371 4
      vertex 23.5301 -21.3739 4
      vertex 23.5624 -21.4803 4
    endloop
  endfacet
  facet normal -0 0 1
    outer loop
      vertex 22.6722 20.3956 4
      vertex 28.27 18.8894 4
      vertex 22.7703 20.4481 4
    endloop
  endfacet
  facet normal 0 0 1
    outer loop
      vertex 33.9272 -2.22371 4
      vertex 23.4909 -21.2697 4
      vertex 23.5301 -21.3739 4
    endloop
  endfacet
  facet normal -0 0 1
    outer loop
      vertex 22.5709 20.3497 4
      vertex 28.27 18.8894 4
      vertex 22.6722 20.3956 4
    endloop
  endfacet
  facet normal 0 0 1
    outer loop
      vertex 33.9272 -2.22371 4
      vertex 23.445 -21.1684 4
      vertex 23.4909 -21.2697 4
    endloop
  endfacet
  facet normal -0 0 1
    outer loop
      vertex 22.4668 20.3105 4
      vertex 28.27 18.8894 4
      vertex 22.5709 20.3497 4
    endloop
  endfacet
  facet normal 0 0 1
    outer loop
      vertex 33.9272 -2.22371 4
      vertex 23.3926 -21.0703 4
      vertex 23.445 -21.1684 4
    endloop
  endfacet
  facet normal 0 0 1
    outer loop
      vertex 28.27 18.8894 4
      vertex 22.4668 20.3105 4
      vertex 29.4449 17 4
    endloop
  endfacet
  facet normal 0 0 1
    outer loop
      vertex 33.9272 -2.22371 4
      vertex 23.3338 -20.9758 4
      vertex 23.3926 -21.0703 4
    endloop
  endfacet
  facet normal -0 0 1
    outer loop
      vertex 22.3603 20.2782 4
      vertex 29.4449 17 4
      vertex 22.4668 20.3105 4
    endloop
  endfacet
  facet normal 0 0 1
    outer loop
      vertex 33.9272 -2.22371 4
      vertex 23.269 -20.8854 4
      vertex 23.3338 -20.9758 4
    endloop
  endfacet
  facet normal -0 0 1
    outer loop
      vertex 22.252 20.253 4
      vertex 29.4449 17 4
      vertex 22.3603 20.2782 4
    endloop
  endfacet
  facet normal 0 0 1
    outer loop
      vertex 33.9272 -2.22371 4
      vertex 23.1984 -20.7994 4
      vertex 23.269 -20.8854 4
    endloop
  endfacet
  facet normal -0 0 1
    outer loop
      vertex 22.1422 20.2349 4
      vertex 29.4449 17 4
      vertex 22.252 20.253 4
    endloop
  endfacet
  facet normal 0 0 1
    outer loop
      vertex 33.9272 -2.22371 4
      vertex 23.1224 -20.7182 4
      vertex 23.1984 -20.7994 4
    endloop
  endfacet
  facet normal 0 0 1
    outer loop
      vertex 29.4449 17 4
      vertex 22.1422 20.2349 4
      vertex 30.4937 15.0378 4
    endloop
  endfacet
  facet normal 0 0 1
    outer loop
      vertex 33.9272 -2.22371 4
      vertex 23.0412 -20.6422 4
      vertex 23.1224 -20.7182 4
    endloop
  endfacet
  facet normal -0 0 1
    outer loop
      vertex 22.0315 20.2239 4
      vertex 30.4937 15.0378 4
      vertex 22.1422 20.2349 4
    endloop
  endfacet
  facet normal 0 0 1
    outer loop
      vertex 33.9272 -2.22371 4
      vertex 22.9552 -20.5716 4
      vertex 23.0412 -20.6422 4
    endloop
  endfacet
  facet normal -0 0 1
    outer loop
      vertex 21.9203 20.2203 4
      vertex 30.4937 15.0378 4
      vertex 22.0315 20.2239 4
    endloop
  endfacet
  facet normal 0 0 1
    outer loop
      vertex 33.9272 -2.22371 4
      vertex 22.8648 -20.5068 4
      vertex 22.9552 -20.5716 4
    endloop
  endfacet
  facet normal 0 0 1
    outer loop
      vertex 30.4937 15.0378 4
      vertex 21.9203 20.2203 4
      vertex 31.4119 13.0112 4
    endloop
  endfacet
  facet normal 0 0 1
    outer loop
      vertex 33.9272 -2.22371 4
      vertex 22.7703 -20.4481 4
      vertex 22.8648 -20.5068 4
    endloop
  endfacet
  facet normal 0 0 1
    outer loop
      vertex 21.8091 20.2239 4
      vertex 31.4119 13.0112 4
      vertex 21.9203 20.2203 4
    endloop
  endfacet
  facet normal 0 0 1
    outer loop
      vertex 33.9272 -2.22371 4
      vertex 22.6722 -20.3956 4
      vertex 22.7703 -20.4481 4
    endloop
  endfacet
  facet normal 0 0 1
    outer loop
      vertex 21.6984 20.2349 4
      vertex 31.4119 13.0112 4
      vertex 21.8091 20.2239 4
    endloop
  endfacet
  facet normal 0 0 1
    outer loop
      vertex 33.9272 -2.22371 4
      vertex 22.5709 -20.3497 4
      vertex 22.6722 -20.3956 4
    endloop
  endfacet
  facet normal 0 0 1
    outer loop
      vertex 31.4119 13.0112 4
      vertex 21.6984 20.2349 4
      vertex 32.1956 10.9289 4
    endloop
  endfacet
  facet normal 0 0 1
    outer loop
      vertex 33.9272 -2.22371 4
      vertex 22.4668 -20.3105 4
      vertex 22.5709 -20.3497 4
    endloop
  endfacet
  facet normal 0 0 1
    outer loop
      vertex 21.5887 20.253 4
      vertex 32.1956 10.9289 4
      vertex 21.6984 20.2349 4
    endloop
  endfacet
  facet normal 0 0 1
    outer loop
      vertex 33.9272 -2.22371 4
      vertex 22.3603 -20.2782 4
      vertex 22.4668 -20.3105 4
    endloop
  endfacet
  facet normal 0 0 1
    outer loop
      vertex 32.1956 10.9289 4
      vertex 21.5887 20.253 4
      vertex 32.8415 8.79985 4
    endloop
  endfacet
  facet normal 0 0 1
    outer loop
      vertex 33.9272 -2.22371 4
      vertex 22.252 -20.253 4
      vertex 22.3603 -20.2782 4
    endloop
  endfacet
  facet normal 0 0 1
    outer loop
      vertex 21.4803 20.2782 4
      vertex 32.8415 8.79985 4
      vertex 21.5887 20.253 4
    endloop
  endfacet
  facet normal 0 0 1
    outer loop
      vertex 33.9272 -2.22371 4
      vertex 22.1422 -20.2349 4
      vertex 22.252 -20.253 4
    endloop
  endfacet
  facet normal 0 0 1
    outer loop
      vertex 2.89778 0.776457 4
      vertex 32.8415 8.79985 4
      vertex 21.4803 20.2782 4
    endloop
  endfacet
  facet normal 0 0 1
    outer loop
      vertex 33.9272 -2.22371 4
      vertex 22.0315 -20.2239 4
      vertex 22.1422 -20.2349 4
    endloop
  endfacet
  facet normal 0 -0 1
    outer loop
      vertex 2.94236 0.585271 4
      vertex 33.3467 6.63307 4
      vertex 2.89778 0.776457 4
    endloop
  endfacet
  facet normal -0 0 1
    outer loop
      vertex 2.99358 -0.196209 4
      vertex 33.9272 -2.22371 4
      vertex 3 0 4
    endloop
  endfacet
  facet normal 0 0 1
    outer loop
      vertex 33.3467 6.63307 4
      vertex 2.94236 0.585271 4
      vertex 33.7091 4.43789 4
    endloop
  endfacet
  facet normal 0 0 1
    outer loop
      vertex 33.9272 -2.22371 4
      vertex 21.9203 -20.2203 4
      vertex 22.0315 -20.2239 4
    endloop
  endfacet
  facet normal 0 -0 1
    outer loop
      vertex 2.99358 0.196209 4
      vertex 33.9272 2.22371 4
      vertex 2.97433 0.391578 4
    endloop
  endfacet
  facet normal 0 0 1
    outer loop
      vertex 33.9272 -2.22371 4
      vertex 21.8091 -20.2239 4
      vertex 21.9203 -20.2203 4
    endloop
  endfacet
  facet normal 0 0 1
    outer loop
      vertex 33.7091 4.43789 4
      vertex 2.97433 0.391578 4
      vertex 33.9272 2.22371 4
    endloop
  endfacet
  facet normal 0 0 1
    outer loop
      vertex 33.9272 -2.22371 4
      vertex 21.6984 -20.2349 4
      vertex 21.8091 -20.2239 4
    endloop
  endfacet
  facet normal 0 0 1
    outer loop
      vertex 32.8415 8.79985 4
      vertex 2.89778 0.776457 4
      vertex 33.3467 6.63307 4
    endloop
  endfacet
  facet normal 0 0 1
    outer loop
      vertex 33.9272 -2.22371 4
      vertex 21.5887 -20.253 4
      vertex 21.6984 -20.2349 4
    endloop
  endfacet
  facet normal 0 0 1
    outer loop
      vertex 2.84079 0.964318 4
      vertex 21.4803 20.2782 4
      vertex 21.3739 20.3105 4
    endloop
  endfacet
  facet normal -0 0 1
    outer loop
      vertex 2.97433 -0.391578 4
      vertex 33.9272 -2.22371 4
      vertex 2.99358 -0.196209 4
    endloop
  endfacet
  facet normal 0 0 1
    outer loop
      vertex 2.77164 1.14805 4
      vertex 21.3739 20.3105 4
      vertex 21.2697 20.3497 4
    endloop
  endfacet
  facet normal -0 0 1
    outer loop
      vertex 2.94236 -0.585271 4
      vertex 33.9272 -2.22371 4
      vertex 2.97433 -0.391578 4
    endloop
  endfacet
  facet normal 0 0 1
    outer loop
      vertex 2.69062 1.32687 4
      vertex 21.2697 20.3497 4
      vertex 21.1684 20.3956 4
    endloop
  endfacet
  facet normal -0 0 1
    outer loop
      vertex 2.89778 -0.776457 4
      vertex 33.9272 -2.22371 4
      vertex 2.94236 -0.585271 4
    endloop
  endfacet
  facet normal 0 0 1
    outer loop
      vertex 2.59808 1.5 4
      vertex 21.1684 20.3956 4
      vertex 21.0703 20.4481 4
    endloop
  endfacet
  facet normal 0 0 1
    outer loop
      vertex 33.9272 -2.22371 4
      vertex 2.89778 -0.776457 4
      vertex 21.5887 -20.253 4
    endloop
  endfacet
  facet normal 0 0 1
    outer loop
      vertex 2.49441 1.66671 4
      vertex 21.0703 20.4481 4
      vertex 20.9758 20.5068 4
    endloop
  endfacet
  facet normal 0 0 1
    outer loop
      vertex 21.5887 -20.253 4
      vertex 2.89778 -0.776457 4
      vertex 21.4803 -20.2782 4
    endloop
  endfacet
  facet normal 0 0 1
    outer loop
      vertex 2.38006 1.82628 4
      vertex 20.9758 20.5068 4
      vertex 20.8854 20.5716 4
    endloop
  endfacet
  facet normal -0 0 1
    outer loop
      vertex 2.84079 -0.964318 4
      vertex 21.4803 -20.2782 4
      vertex 2.89778 -0.776457 4
    endloop
  endfacet
  facet normal 0 0 1
    outer loop
      vertex 2.38006 1.82628 4
      vertex 20.8854 20.5716 4
      vertex 20.7994 20.6422 4
    endloop
  endfacet
  facet normal 0 0 1
    outer loop
      vertex 21.4803 -20.2782 4
      vertex 2.84079 -0.964318 4
      vertex 21.3739 -20.3105 4
    endloop
  endfacet
  facet normal 0 0 1
    outer loop
      vertex 2.25552 1.97804 4
      vertex 20.7994 20.6422 4
      vertex 20.7182 20.7182 4
    endloop
  endfacet
  facet normal -0 0 1
    outer loop
      vertex 2.77164 -1.14805 4
      vertex 21.3739 -20.3105 4
      vertex 2.84079 -0.964318 4
    endloop
  endfacet
  facet normal 0 0 1
    outer loop
      vertex 2.12132 2.12132 4
      vertex 20.7182 20.7182 4
      vertex 20.6422 20.7994 4
    endloop
  endfacet
  facet normal 0 0 1
    outer loop
      vertex 21.3739 -20.3105 4
      vertex 2.77164 -1.14805 4
      vertex 21.2697 -20.3497 4
    endloop
  endfacet
  facet normal 0 0 1
    outer loop
      vertex 1.97804 2.25552 4
      vertex 20.6422 20.7994 4
      vertex 20.5716 20.8854 4
    endloop
  endfacet
  facet normal -0 0 1
    outer loop
      vertex 2.69062 -1.32687 4
      vertex 21.2697 -20.3497 4
      vertex 2.77164 -1.14805 4
    endloop
  endfacet
  facet normal 0 0 1
    outer loop
      vertex 1.82628 2.38006 4
      vertex 20.5716 20.8854 4
      vertex 20.5068 20.9758 4
    endloop
  endfacet
  facet normal 0 0 1
    outer loop
      vertex 21.2697 -20.3497 4
      vertex 2.69062 -1.32687 4
      vertex 21.1684 -20.3956 4
    endloop
  endfacet
  facet normal 0 0 1
    outer loop
      vertex 1.66671 2.49441 4
      vertex 20.5068 20.9758 4
      vertex 20.4481 21.0703 4
    endloop
  endfacet
  facet normal -0 0 1
    outer loop
      vertex 2.59808 -1.5 4
      vertex 21.1684 -20.3956 4
      vertex 2.69062 -1.32687 4
    endloop
  endfacet
  facet normal 0 0 1
    outer loop
      vertex 1.5 2.59808 4
      vertex 20.4481 21.0703 4
      vertex 20.3956 21.1684 4
    endloop
  endfacet
  facet normal 0 0 1
    outer loop
      vertex 21.1684 -20.3956 4
      vertex 2.59808 -1.5 4
      vertex 21.0703 -20.4481 4
    endloop
  endfacet
  facet normal 0 0 1
    outer loop
      vertex 1.32687 2.69062 4
      vertex 20.3956 21.1684 4
      vertex 20.3497 21.2697 4
    endloop
  endfacet
  facet normal -0 0 1
    outer loop
      vertex 2.49441 -1.66671 4
      vertex 21.0703 -20.4481 4
      vertex 2.59808 -1.5 4
    endloop
  endfacet
  facet normal 0 0 1
    outer loop
      vertex 1.14805 2.77164 4
      vertex 20.3497 21.2697 4
      vertex 20.3105 21.3739 4
    endloop
  endfacet
  facet normal 0 0 1
    outer loop
      vertex 21.0703 -20.4481 4
      vertex 2.49441 -1.66671 4
      vertex 20.9758 -20.5068 4
    endloop
  endfacet
  facet normal 0 0 1
    outer loop
      vertex 0.964318 2.84079 4
      vertex 20.3105 21.3739 4
      vertex 20.2782 21.4803 4
    endloop
  endfacet
  facet normal -0 0 1
    outer loop
      vertex 2.38006 -1.82628 4
      vertex 20.9758 -20.5068 4
      vertex 2.49441 -1.66671 4
    endloop
  endfacet
  facet normal 0 0 1
    outer loop
      vertex 8.79985 32.8415 4
      vertex 20.2782 21.4803 4
      vertex 20.253 21.5887 4
    endloop
  endfacet
  facet normal 0 0 1
    outer loop
      vertex 20.9758 -20.5068 4
      vertex 2.38006 -1.82628 4
      vertex 20.8854 -20.5716 4
    endloop
  endfacet
  facet normal 0 0 1
    outer loop
      vertex 10.9289 32.1956 4
      vertex 20.253 21.5887 4
      vertex 20.2349 21.6984 4
    endloop
  endfacet
  facet normal 0 0 1
    outer loop
      vertex 20.8854 -20.5716 4
      vertex 2.38006 -1.82628 4
      vertex 20.7994 -20.6422 4
    endloop
  endfacet
  facet normal 0 0 1
    outer loop
      vertex 13.0112 31.4119 4
      vertex 20.2349 21.6984 4
      vertex 20.2239 21.8091 4
    endloop
  endfacet
  facet normal 0 0 1
    outer loop
      vertex 20.2782 -21.4803 4
      vertex 8.79985 -32.8415 4
      vertex 20.253 -21.5887 4
    endloop
  endfacet
  facet normal 0 0 1
    outer loop
      vertex 13.0112 31.4119 4
      vertex 20.2239 21.8091 4
      vertex 20.2203 21.9203 4
    endloop
  endfacet
  facet normal 0 -0 1
    outer loop
      vertex 10.9289 -32.1956 4
      vertex 20.253 -21.5887 4
      vertex 8.79985 -32.8415 4
    endloop
  endfacet
  facet normal -0 0 1
    outer loop
      vertex 23.269 20.8854 4
      vertex 26.974 20.6979 4
      vertex 23.3338 20.9758 4
    endloop
  endfacet
  facet normal -0 0 1
    outer loop
      vertex 23.3338 20.9758 4
      vertex 26.974 20.6979 4
      vertex 23.3926 21.0703 4
    endloop
  endfacet
  facet normal -0 0 1
    outer loop
      vertex 23.1984 20.7994 4
      vertex 26.974 20.6979 4
      vertex 23.269 20.8854 4
    endloop
  endfacet
  facet normal -0 0 1
    outer loop
      vertex 23.3926 21.0703 4
      vertex 26.974 20.6979 4
      vertex 23.445 21.1684 4
    endloop
  endfacet
  facet normal -0 0 1
    outer loop
      vertex 23.1224 20.7182 4
      vertex 26.974 20.6979 4
      vertex 23.1984 20.7994 4
    endloop
  endfacet
  facet normal -0 0 1
    outer loop
      vertex 23.445 21.1684 4
      vertex 26.974 20.6979 4
      vertex 23.4909 21.2697 4
    endloop
  endfacet
  facet normal 0 0 1
    outer loop
      vertex 33.9272 -2.22371 4
      vertex 23.6203 -21.9203 4
      vertex 33.7091 -4.43789 4
    endloop
  endfacet
  facet normal 0 0 1
    outer loop
      vertex 25.5626 22.4178 4
      vertex 23.4909 21.2697 4
      vertex 26.974 20.6979 4
    endloop
  endfacet
  facet normal 0 0 1
    outer loop
      vertex 33.7091 -4.43789 4
      vertex 23.6203 -21.9203 4
      vertex 33.3467 -6.63307 4
    endloop
  endfacet
  facet normal 0 0 1
    outer loop
      vertex 23.4909 21.2697 4
      vertex 25.5626 22.4178 4
      vertex 23.5301 21.3739 4
    endloop
  endfacet
  facet normal 0 0 1
    outer loop
      vertex 33.3467 -6.63307 4
      vertex 23.6203 -21.9203 4
      vertex 32.8415 -8.79985 4
    endloop
  endfacet
  facet normal 0 0 1
    outer loop
      vertex 23.5301 21.3739 4
      vertex 25.5626 22.4178 4
      vertex 23.5624 21.4803 4
    endloop
  endfacet
  facet normal 0 0 1
    outer loop
      vertex 32.8415 -8.79985 4
      vertex 23.6203 -21.9203 4
      vertex 32.1956 -10.9289 4
    endloop
  endfacet
  facet normal 0 0 1
    outer loop
      vertex 23.5624 21.4803 4
      vertex 25.5626 22.4178 4
      vertex 23.5876 21.5887 4
    endloop
  endfacet
  facet normal 0 0 1
    outer loop
      vertex 32.1956 -10.9289 4
      vertex 23.6203 -21.9203 4
      vertex 31.4119 -13.0112 4
    endloop
  endfacet
  facet normal 0 0 1
    outer loop
      vertex 23.5876 21.5887 4
      vertex 25.5626 22.4178 4
      vertex 23.6058 21.6984 4
    endloop
  endfacet
  facet normal 0 0 1
    outer loop
      vertex 31.4119 -13.0112 4
      vertex 23.6203 -21.9203 4
      vertex 30.4937 -15.0378 4
    endloop
  endfacet
  facet normal 0 0 1
    outer loop
      vertex 23.6058 21.6984 4
      vertex 25.5626 22.4178 4
      vertex 23.6167 21.8091 4
    endloop
  endfacet
  facet normal 0 0 1
    outer loop
      vertex 30.4937 -15.0378 4
      vertex 23.6203 -21.9203 4
      vertex 29.4449 -17 4
    endloop
  endfacet
  facet normal 0 0 1
    outer loop
      vertex 23.6167 21.8091 4
      vertex 25.5626 22.4178 4
      vertex 23.6203 21.9203 4
    endloop
  endfacet
  facet normal 0 0 1
    outer loop
      vertex 29.4449 -17 4
      vertex 23.6203 -21.9203 4
      vertex 28.27 -18.8894 4
    endloop
  endfacet
  facet normal -0 0 1
    outer loop
      vertex 23.4909 22.5709 4
      vertex 25.5626 22.4178 4
      vertex 24.0416 24.0416 4
    endloop
  endfacet
  facet normal 0 0 1
    outer loop
      vertex 28.27 -18.8894 4
      vertex 23.6203 -21.9203 4
      vertex 26.974 -20.6979 4
    endloop
  endfacet
  facet normal 0 0 1
    outer loop
      vertex 26.974 -20.6979 4
      vertex 23.6203 -21.9203 4
      vertex 25.5626 -22.4178 4
    endloop
  endfacet
  facet normal 0 0 1
    outer loop
      vertex 25.5626 22.4178 4
      vertex 23.6167 22.0315 4
      vertex 23.6203 21.9203 4
    endloop
  endfacet
  facet normal 0 0 1
    outer loop
      vertex 25.5626 22.4178 4
      vertex 23.6058 22.1422 4
      vertex 23.6167 22.0315 4
    endloop
  endfacet
  facet normal 0 0 1
    outer loop
      vertex 25.5626 22.4178 4
      vertex 23.5876 22.252 4
      vertex 23.6058 22.1422 4
    endloop
  endfacet
  facet normal 0 0 1
    outer loop
      vertex 25.5626 22.4178 4
      vertex 23.5624 22.3603 4
      vertex 23.5876 22.252 4
    endloop
  endfacet
  facet normal 0 0 1
    outer loop
      vertex 25.5626 22.4178 4
      vertex 23.5301 22.4668 4
      vertex 23.5624 22.3603 4
    endloop
  endfacet
  facet normal 0 0 1
    outer loop
      vertex 25.5626 22.4178 4
      vertex 23.4909 22.5709 4
      vertex 23.5301 22.4668 4
    endloop
  endfacet
  facet normal 0 0 1
    outer loop
      vertex 24.0416 24.0416 4
      vertex 23.445 22.6722 4
      vertex 23.4909 22.5709 4
    endloop
  endfacet
  facet normal 0 0 1
    outer loop
      vertex 24.0416 24.0416 4
      vertex 23.3926 22.7703 4
      vertex 23.445 22.6722 4
    endloop
  endfacet
  facet normal 0 0 1
    outer loop
      vertex 24.0416 24.0416 4
      vertex 23.3338 22.8648 4
      vertex 23.3926 22.7703 4
    endloop
  endfacet
  facet normal 0 0 1
    outer loop
      vertex 24.0416 24.0416 4
      vertex 23.269 22.9552 4
      vertex 23.3338 22.8648 4
    endloop
  endfacet
  facet normal 0 0 1
    outer loop
      vertex 24.0416 24.0416 4
      vertex 23.1984 23.0412 4
      vertex 23.269 22.9552 4
    endloop
  endfacet
  facet normal 0 0 1
    outer loop
      vertex 24.0416 24.0416 4
      vertex 23.1224 23.1224 4
      vertex 23.1984 23.0412 4
    endloop
  endfacet
  facet normal 0 0 1
    outer loop
      vertex 24.0416 24.0416 4
      vertex 23.0412 23.1984 4
      vertex 23.1224 23.1224 4
    endloop
  endfacet
  facet normal 0 0 1
    outer loop
      vertex 24.0416 24.0416 4
      vertex 22.9552 23.269 4
      vertex 23.0412 23.1984 4
    endloop
  endfacet
  facet normal 0 0 1
    outer loop
      vertex 24.0416 24.0416 4
      vertex 22.8648 23.3338 4
      vertex 22.9552 23.269 4
    endloop
  endfacet
  facet normal 0 0 1
    outer loop
      vertex 24.0416 24.0416 4
      vertex 22.7703 23.3926 4
      vertex 22.8648 23.3338 4
    endloop
  endfacet
  facet normal 0 0 1
    outer loop
      vertex 24.0416 24.0416 4
      vertex 22.6722 23.445 4
      vertex 22.7703 23.3926 4
    endloop
  endfacet
  facet normal 0 0 1
    outer loop
      vertex 24.0416 24.0416 4
      vertex 22.5709 23.4909 4
      vertex 22.6722 23.445 4
    endloop
  endfacet
  facet normal 0 0 1
    outer loop
      vertex 22.4178 25.5626 4
      vertex 22.5709 23.4909 4
      vertex 24.0416 24.0416 4
    endloop
  endfacet
  facet normal 0 0 1
    outer loop
      vertex 22.5709 23.4909 4
      vertex 22.4178 25.5626 4
      vertex 22.4668 23.5301 4
    endloop
  endfacet
  facet normal 0 0 1
    outer loop
      vertex 22.4178 25.5626 4
      vertex 22.3603 23.5624 4
      vertex 22.4668 23.5301 4
    endloop
  endfacet
  facet normal 0 0 1
    outer loop
      vertex 22.4178 25.5626 4
      vertex 22.252 23.5876 4
      vertex 22.3603 23.5624 4
    endloop
  endfacet
  facet normal 0 0 1
    outer loop
      vertex 22.4178 25.5626 4
      vertex 22.1422 23.6058 4
      vertex 22.252 23.5876 4
    endloop
  endfacet
  facet normal 0 0 1
    outer loop
      vertex 22.4178 25.5626 4
      vertex 22.0315 23.6167 4
      vertex 22.1422 23.6058 4
    endloop
  endfacet
  facet normal 0 0 1
    outer loop
      vertex 22.4178 25.5626 4
      vertex 21.9203 23.6203 4
      vertex 22.0315 23.6167 4
    endloop
  endfacet
  facet normal 0 0 1
    outer loop
      vertex 22.4178 25.5626 4
      vertex 21.8091 23.6167 4
      vertex 21.9203 23.6203 4
    endloop
  endfacet
  facet normal 0 0 1
    outer loop
      vertex 22.4178 25.5626 4
      vertex 21.6984 23.6058 4
      vertex 21.8091 23.6167 4
    endloop
  endfacet
  facet normal 0 0 1
    outer loop
      vertex 22.4178 25.5626 4
      vertex 21.5887 23.5876 4
      vertex 21.6984 23.6058 4
    endloop
  endfacet
  facet normal 0 0 1
    outer loop
      vertex 22.4178 25.5626 4
      vertex 21.4803 23.5624 4
      vertex 21.5887 23.5876 4
    endloop
  endfacet
  facet normal 0 0 1
    outer loop
      vertex 22.4178 25.5626 4
      vertex 21.3739 23.5301 4
      vertex 21.4803 23.5624 4
    endloop
  endfacet
  facet normal 0 0 1
    outer loop
      vertex 22.4178 25.5626 4
      vertex 21.2697 23.4909 4
      vertex 21.3739 23.5301 4
    endloop
  endfacet
  facet normal 0 0 1
    outer loop
      vertex 20.6979 26.974 4
      vertex 21.2697 23.4909 4
      vertex 22.4178 25.5626 4
    endloop
  endfacet
  facet normal 0 0 1
    outer loop
      vertex 21.2697 23.4909 4
      vertex 20.6979 26.974 4
      vertex 21.1684 23.445 4
    endloop
  endfacet
  facet normal 0 0 1
    outer loop
      vertex 21.1684 23.445 4
      vertex 20.6979 26.974 4
      vertex 21.0703 23.3926 4
    endloop
  endfacet
  facet normal 0 0 1
    outer loop
      vertex 21.0703 23.3926 4
      vertex 20.6979 26.974 4
      vertex 20.9758 23.3338 4
    endloop
  endfacet
  facet normal 0 0 1
    outer loop
      vertex 20.9758 23.3338 4
      vertex 20.6979 26.974 4
      vertex 20.8854 23.269 4
    endloop
  endfacet
  facet normal 0 0 1
    outer loop
      vertex 20.8854 23.269 4
      vertex 20.6979 26.974 4
      vertex 20.7994 23.1984 4
    endloop
  endfacet
  facet normal 0 0 1
    outer loop
      vertex 20.7994 23.1984 4
      vertex 20.6979 26.974 4
      vertex 20.7182 23.1224 4
    endloop
  endfacet
  facet normal 0 0 1
    outer loop
      vertex 20.6979 26.974 4
      vertex 20.6422 23.0412 4
      vertex 20.7182 23.1224 4
    endloop
  endfacet
  facet normal 0 0 1
    outer loop
      vertex 20.6979 26.974 4
      vertex 20.5716 22.9552 4
      vertex 20.6422 23.0412 4
    endloop
  endfacet
  facet normal 0 0 1
    outer loop
      vertex 18.8894 28.27 4
      vertex 20.5716 22.9552 4
      vertex 20.6979 26.974 4
    endloop
  endfacet
  facet normal 0 0 1
    outer loop
      vertex 20.5716 22.9552 4
      vertex 18.8894 28.27 4
      vertex 20.5068 22.8648 4
    endloop
  endfacet
  facet normal 0 0 1
    outer loop
      vertex 20.5068 22.8648 4
      vertex 18.8894 28.27 4
      vertex 20.4481 22.7703 4
    endloop
  endfacet
  facet normal 0 0 1
    outer loop
      vertex 20.4481 22.7703 4
      vertex 18.8894 28.27 4
      vertex 20.3956 22.6722 4
    endloop
  endfacet
  facet normal 0 0 1
    outer loop
      vertex 20.3956 22.6722 4
      vertex 18.8894 28.27 4
      vertex 20.3497 22.5709 4
    endloop
  endfacet
  facet normal 0 0 1
    outer loop
      vertex 20.3497 22.5709 4
      vertex 18.8894 28.27 4
      vertex 20.3105 22.4668 4
    endloop
  endfacet
  facet normal 0 0 1
    outer loop
      vertex 17 29.4449 4
      vertex 20.3105 22.4668 4
      vertex 18.8894 28.27 4
    endloop
  endfacet
  facet normal 0 0 1
    outer loop
      vertex 20.3105 22.4668 4
      vertex 17 29.4449 4
      vertex 20.2782 22.3603 4
    endloop
  endfacet
  facet normal 0 0 1
    outer loop
      vertex 20.2782 22.3603 4
      vertex 17 29.4449 4
      vertex 20.253 22.252 4
    endloop
  endfacet
  facet normal 0 0 1
    outer loop
      vertex 20.2349 22.1422 4
      vertex 15.0378 30.4937 4
      vertex 20.2239 22.0315 4
    endloop
  endfacet
  facet normal 0 0 1
    outer loop
      vertex 15.0378 30.4937 4
      vertex 20.2349 22.1422 4
      vertex 17 29.4449 4
    endloop
  endfacet
  facet normal 0 0 1
    outer loop
      vertex 20.253 22.252 4
      vertex 17 29.4449 4
      vertex 20.2349 22.1422 4
    endloop
  endfacet
  facet normal -0 0 1
    outer loop
      vertex 23.6167 -22.0315 4
      vertex 25.5626 -22.4178 4
      vertex 23.6203 -21.9203 4
    endloop
  endfacet
  facet normal -0 0 1
    outer loop
      vertex 23.6058 -22.1422 4
      vertex 25.5626 -22.4178 4
      vertex 23.6167 -22.0315 4
    endloop
  endfacet
  facet normal -0 0 1
    outer loop
      vertex 23.5876 -22.252 4
      vertex 25.5626 -22.4178 4
      vertex 23.6058 -22.1422 4
    endloop
  endfacet
  facet normal -0 0 1
    outer loop
      vertex 23.5624 -22.3603 4
      vertex 25.5626 -22.4178 4
      vertex 23.5876 -22.252 4
    endloop
  endfacet
  facet normal 0 0 1
    outer loop
      vertex 23.5301 -22.4668 4
      vertex 25.5626 -22.4178 4
      vertex 23.5624 -22.3603 4
    endloop
  endfacet
  facet normal 0 0 1
    outer loop
      vertex 23.4909 -22.5709 4
      vertex 25.5626 -22.4178 4
      vertex 23.5301 -22.4668 4
    endloop
  endfacet
  facet normal 0 0 1
    outer loop
      vertex 25.5626 -22.4178 4
      vertex 23.4909 -22.5709 4
      vertex 24.0416 -24.0416 4
    endloop
  endfacet
  facet normal -0 0 1
    outer loop
      vertex 23.445 -22.6722 4
      vertex 24.0416 -24.0416 4
      vertex 23.4909 -22.5709 4
    endloop
  endfacet
  facet normal -0 0 1
    outer loop
      vertex 23.3926 -22.7703 4
      vertex 24.0416 -24.0416 4
      vertex 23.445 -22.6722 4
    endloop
  endfacet
  facet normal -0 0 1
    outer loop
      vertex 23.3338 -22.8648 4
      vertex 24.0416 -24.0416 4
      vertex 23.3926 -22.7703 4
    endloop
  endfacet
  facet normal -0 0 1
    outer loop
      vertex 23.269 -22.9552 4
      vertex 24.0416 -24.0416 4
      vertex 23.3338 -22.8648 4
    endloop
  endfacet
  facet normal -0 0 1
    outer loop
      vertex 23.1984 -23.0412 4
      vertex 24.0416 -24.0416 4
      vertex 23.269 -22.9552 4
    endloop
  endfacet
  facet normal -0 0 1
    outer loop
      vertex 23.1224 -23.1224 4
      vertex 24.0416 -24.0416 4
      vertex 23.1984 -23.0412 4
    endloop
  endfacet
  facet normal -0 0 1
    outer loop
      vertex 23.0412 -23.1984 4
      vertex 24.0416 -24.0416 4
      vertex 23.1224 -23.1224 4
    endloop
  endfacet
  facet normal -0 0 1
    outer loop
      vertex 22.9552 -23.269 4
      vertex 24.0416 -24.0416 4
      vertex 23.0412 -23.1984 4
    endloop
  endfacet
  facet normal -0 0 1
    outer loop
      vertex 22.8648 -23.3338 4
      vertex 24.0416 -24.0416 4
      vertex 22.9552 -23.269 4
    endloop
  endfacet
  facet normal -0 0 1
    outer loop
      vertex 22.7703 -23.3926 4
      vertex 24.0416 -24.0416 4
      vertex 22.8648 -23.3338 4
    endloop
  endfacet
  facet normal -0 0 1
    outer loop
      vertex 22.6722 -23.445 4
      vertex 24.0416 -24.0416 4
      vertex 22.7703 -23.3926 4
    endloop
  endfacet
  facet normal -0 0 1
    outer loop
      vertex 22.5709 -23.4909 4
      vertex 24.0416 -24.0416 4
      vertex 22.6722 -23.445 4
    endloop
  endfacet
  facet normal 0 0 1
    outer loop
      vertex 22.4178 -25.5626 4
      vertex 22.5709 -23.4909 4
      vertex 22.4668 -23.5301 4
    endloop
  endfacet
  facet normal 0 0 1
    outer loop
      vertex 22.5709 -23.4909 4
      vertex 22.4178 -25.5626 4
      vertex 24.0416 -24.0416 4
    endloop
  endfacet
  facet normal -0 0 1
    outer loop
      vertex 22.3603 -23.5624 4
      vertex 22.4178 -25.5626 4
      vertex 22.4668 -23.5301 4
    endloop
  endfacet
  facet normal -0 0 1
    outer loop
      vertex 22.252 -23.5876 4
      vertex 22.4178 -25.5626 4
      vertex 22.3603 -23.5624 4
    endloop
  endfacet
  facet normal -0 0 1
    outer loop
      vertex 22.1422 -23.6058 4
      vertex 22.4178 -25.5626 4
      vertex 22.252 -23.5876 4
    endloop
  endfacet
  facet normal -0 0 1
    outer loop
      vertex 22.0315 -23.6167 4
      vertex 22.4178 -25.5626 4
      vertex 22.1422 -23.6058 4
    endloop
  endfacet
  facet normal -0 0 1
    outer loop
      vertex 21.9203 -23.6203 4
      vertex 22.4178 -25.5626 4
      vertex 22.0315 -23.6167 4
    endloop
  endfacet
  facet normal 0 0 1
    outer loop
      vertex 21.8091 -23.6167 4
      vertex 22.4178 -25.5626 4
      vertex 21.9203 -23.6203 4
    endloop
  endfacet
  facet normal 0 0 1
    outer loop
      vertex 21.6984 -23.6058 4
      vertex 22.4178 -25.5626 4
      vertex 21.8091 -23.6167 4
    endloop
  endfacet
  facet normal 0 0 1
    outer loop
      vertex 21.5887 -23.5876 4
      vertex 22.4178 -25.5626 4
      vertex 21.6984 -23.6058 4
    endloop
  endfacet
  facet normal 0 0 1
    outer loop
      vertex 21.4803 -23.5624 4
      vertex 22.4178 -25.5626 4
      vertex 21.5887 -23.5876 4
    endloop
  endfacet
  facet normal 0 0 1
    outer loop
      vertex 21.3739 -23.5301 4
      vertex 22.4178 -25.5626 4
      vertex 21.4803 -23.5624 4
    endloop
  endfacet
  facet normal 0 0 1
    outer loop
      vertex 21.2697 -23.4909 4
      vertex 22.4178 -25.5626 4
      vertex 21.3739 -23.5301 4
    endloop
  endfacet
  facet normal 0 0 1
    outer loop
      vertex 20.6979 -26.974 4
      vertex 21.2697 -23.4909 4
      vertex 21.1684 -23.445 4
    endloop
  endfacet
  facet normal 0 0 1
    outer loop
      vertex 20.6979 -26.974 4
      vertex 21.1684 -23.445 4
      vertex 21.0703 -23.3926 4
    endloop
  endfacet
  facet normal 0 0 1
    outer loop
      vertex 20.6979 -26.974 4
      vertex 21.0703 -23.3926 4
      vertex 20.9758 -23.3338 4
    endloop
  endfacet
  facet normal 0 0 1
    outer loop
      vertex 20.6979 -26.974 4
      vertex 20.9758 -23.3338 4
      vertex 20.8854 -23.269 4
    endloop
  endfacet
  facet normal 0 0 1
    outer loop
      vertex 20.6979 -26.974 4
      vertex 20.8854 -23.269 4
      vertex 20.7994 -23.1984 4
    endloop
  endfacet
  facet normal 0 0 1
    outer loop
      vertex 20.6979 -26.974 4
      vertex 20.7994 -23.1984 4
      vertex 20.7182 -23.1224 4
    endloop
  endfacet
  facet normal 0 0 1
    outer loop
      vertex 21.2697 -23.4909 4
      vertex 20.6979 -26.974 4
      vertex 22.4178 -25.5626 4
    endloop
  endfacet
  facet normal 0 0 1
    outer loop
      vertex 20.6422 -23.0412 4
      vertex 20.6979 -26.974 4
      vertex 20.7182 -23.1224 4
    endloop
  endfacet
  facet normal 0 0 1
    outer loop
      vertex 20.5716 -22.9552 4
      vertex 20.6979 -26.974 4
      vertex 20.6422 -23.0412 4
    endloop
  endfacet
  facet normal 0 0 1
    outer loop
      vertex 18.8894 -28.27 4
      vertex 20.5716 -22.9552 4
      vertex 20.5068 -22.8648 4
    endloop
  endfacet
  facet normal 0 0 1
    outer loop
      vertex 18.8894 -28.27 4
      vertex 20.5068 -22.8648 4
      vertex 20.4481 -22.7703 4
    endloop
  endfacet
  facet normal 0 0 1
    outer loop
      vertex 18.8894 -28.27 4
      vertex 20.4481 -22.7703 4
      vertex 20.3956 -22.6722 4
    endloop
  endfacet
  facet normal 0 0 1
    outer loop
      vertex 18.8894 -28.27 4
      vertex 20.3956 -22.6722 4
      vertex 20.3497 -22.5709 4
    endloop
  endfacet
  facet normal 0 0 1
    outer loop
      vertex 18.8894 -28.27 4
      vertex 20.3497 -22.5709 4
      vertex 20.3105 -22.4668 4
    endloop
  endfacet
  facet normal 0 0 1
    outer loop
      vertex 17 -29.4449 4
      vertex 20.3105 -22.4668 4
      vertex 20.2782 -22.3603 4
    endloop
  endfacet
  facet normal 0 0 1
    outer loop
      vertex 17 -29.4449 4
      vertex 20.2782 -22.3603 4
      vertex 20.253 -22.252 4
    endloop
  endfacet
  facet normal 0 0 1
    outer loop
      vertex 17 -29.4449 4
      vertex 20.253 -22.252 4
      vertex 20.2349 -22.1422 4
    endloop
  endfacet
  facet normal 0 0 1
    outer loop
      vertex 15.0378 -30.4937 4
      vertex 20.2349 -22.1422 4
      vertex 20.2239 -22.0315 4
    endloop
  endfacet
  facet normal 0 0 1
    outer loop
      vertex 20.5716 -22.9552 4
      vertex 18.8894 -28.27 4
      vertex 20.6979 -26.974 4
    endloop
  endfacet
  facet normal 0 0 1
    outer loop
      vertex 15.0378 -30.4937 4
      vertex 20.2239 -22.0315 4
      vertex 20.2203 -21.9203 4
    endloop
  endfacet
  facet normal 0 -0 1
    outer loop
      vertex 3 0 4
      vertex 34 0 4
      vertex 2.99358 0.196209 4
    endloop
  endfacet
  facet normal 0 0 1
    outer loop
      vertex 20.2239 22.0315 4
      vertex 15.0378 30.4937 4
      vertex 20.2203 21.9203 4
    endloop
  endfacet
  facet normal 0 -0 1
    outer loop
      vertex 13.0112 -31.4119 4
      vertex 20.2349 -21.6984 4
      vertex 10.9289 -32.1956 4
    endloop
  endfacet
  facet normal 0 0 1
    outer loop
      vertex 13.0112 31.4119 4
      vertex 20.2203 21.9203 4
      vertex 15.0378 30.4937 4
    endloop
  endfacet
  facet normal 0 0 1
    outer loop
      vertex 20.3105 -22.4668 4
      vertex 17 -29.4449 4
      vertex 18.8894 -28.27 4
    endloop
  endfacet
  facet normal 0 0 1
    outer loop
      vertex 20.2349 21.6984 4
      vertex 13.0112 31.4119 4
      vertex 10.9289 32.1956 4
    endloop
  endfacet
  facet normal 0 0 1
    outer loop
      vertex 20.2349 -22.1422 4
      vertex 15.0378 -30.4937 4
      vertex 17 -29.4449 4
    endloop
  endfacet
  facet normal 0 0 1
    outer loop
      vertex 20.253 21.5887 4
      vertex 10.9289 32.1956 4
      vertex 8.79985 32.8415 4
    endloop
  endfacet
  facet normal 0 0 1
    outer loop
      vertex 20.2203 -21.9203 4
      vertex 13.0112 -31.4119 4
      vertex 15.0378 -30.4937 4
    endloop
  endfacet
  facet normal 0 0 1
    outer loop
      vertex 20.2782 21.4803 4
      vertex 8.79985 32.8415 4
      vertex 0.964318 2.84079 4
    endloop
  endfacet
  facet normal 0 0 1
    outer loop
      vertex 20.2239 -21.8091 4
      vertex 13.0112 -31.4119 4
      vertex 20.2203 -21.9203 4
    endloop
  endfacet
  facet normal 0 0 1
    outer loop
      vertex 0.776457 2.89778 4
      vertex 8.79985 32.8415 4
      vertex 6.63307 33.3467 4
    endloop
  endfacet
  facet normal 0 0 1
    outer loop
      vertex 20.2349 -21.6984 4
      vertex 13.0112 -31.4119 4
      vertex 20.2239 -21.8091 4
    endloop
  endfacet
  facet normal 0 0 1
    outer loop
      vertex 0.585271 2.94236 4
      vertex 6.63307 33.3467 4
      vertex 4.43789 33.7091 4
    endloop
  endfacet
  facet normal -0 0 1
    outer loop
      vertex 2.25552 -1.97804 4
      vertex 20.7994 -20.6422 4
      vertex 2.38006 -1.82628 4
    endloop
  endfacet
  facet normal 0 0 1
    outer loop
      vertex 20.7994 -20.6422 4
      vertex 2.25552 -1.97804 4
      vertex 20.7182 -20.7182 4
    endloop
  endfacet
  facet normal 0 0 1
    outer loop
      vertex 20.253 -21.5887 4
      vertex 10.9289 -32.1956 4
      vertex 20.2349 -21.6984 4
    endloop
  endfacet
  facet normal 0 0 1
    outer loop
      vertex 34 0 4
      vertex 3 0 4
      vertex 33.9272 -2.22371 4
    endloop
  endfacet
  facet normal 0 0 1
    outer loop
      vertex 33.9272 2.22371 4
      vertex 2.99358 0.196209 4
      vertex 34 0 4
    endloop
  endfacet
  facet normal 0 -0 1
    outer loop
      vertex 2.97433 0.391578 4
      vertex 33.7091 4.43789 4
      vertex 2.94236 0.585271 4
    endloop
  endfacet
  facet normal 0 0 1
    outer loop
      vertex 21.4803 20.2782 4
      vertex 2.84079 0.964318 4
      vertex 2.89778 0.776457 4
    endloop
  endfacet
  facet normal 0 0 1
    outer loop
      vertex 21.3739 20.3105 4
      vertex 2.77164 1.14805 4
      vertex 2.84079 0.964318 4
    endloop
  endfacet
  facet normal 0 0 1
    outer loop
      vertex 21.2697 20.3497 4
      vertex 2.69062 1.32687 4
      vertex 2.77164 1.14805 4
    endloop
  endfacet
  facet normal 0 0 1
    outer loop
      vertex 21.1684 20.3956 4
      vertex 2.59808 1.5 4
      vertex 2.69062 1.32687 4
    endloop
  endfacet
  facet normal 0 0 1
    outer loop
      vertex 21.0703 20.4481 4
      vertex 2.49441 1.66671 4
      vertex 2.59808 1.5 4
    endloop
  endfacet
  facet normal 0 0 1
    outer loop
      vertex 20.9758 20.5068 4
      vertex 2.38006 1.82628 4
      vertex 2.49441 1.66671 4
    endloop
  endfacet
  facet normal 0 0 1
    outer loop
      vertex 20.7994 20.6422 4
      vertex 2.25552 1.97804 4
      vertex 2.38006 1.82628 4
    endloop
  endfacet
  facet normal 0 0 1
    outer loop
      vertex 0.391578 2.97433 4
      vertex 4.43789 33.7091 4
      vertex 2.22371 33.9272 4
    endloop
  endfacet
  facet normal 0 0 1
    outer loop
      vertex 20.7182 20.7182 4
      vertex 2.12132 2.12132 4
      vertex 2.25552 1.97804 4
    endloop
  endfacet
  facet normal 0 0 1
    outer loop
      vertex 20.6422 20.7994 4
      vertex 1.97804 2.25552 4
      vertex 2.12132 2.12132 4
    endloop
  endfacet
  facet normal 0 0 1
    outer loop
      vertex 20.5716 20.8854 4
      vertex 1.82628 2.38006 4
      vertex 1.97804 2.25552 4
    endloop
  endfacet
  facet normal 0 0 1
    outer loop
      vertex 20.5068 20.9758 4
      vertex 1.66671 2.49441 4
      vertex 1.82628 2.38006 4
    endloop
  endfacet
  facet normal 0 0 1
    outer loop
      vertex 20.4481 21.0703 4
      vertex 1.5 2.59808 4
      vertex 1.66671 2.49441 4
    endloop
  endfacet
  facet normal 0 0 1
    outer loop
      vertex 20.3956 21.1684 4
      vertex 1.32687 2.69062 4
      vertex 1.5 2.59808 4
    endloop
  endfacet
  facet normal 0 0 1
    outer loop
      vertex 20.3497 21.2697 4
      vertex 1.14805 2.77164 4
      vertex 1.32687 2.69062 4
    endloop
  endfacet
  facet normal 0 0 1
    outer loop
      vertex 20.3105 21.3739 4
      vertex 0.964318 2.84079 4
      vertex 1.14805 2.77164 4
    endloop
  endfacet
  facet normal 0 0 1
    outer loop
      vertex 8.79985 32.8415 4
      vertex 0.776457 2.89778 4
      vertex 0.964318 2.84079 4
    endloop
  endfacet
  facet normal 0 0 1
    outer loop
      vertex 6.63307 33.3467 4
      vertex 0.585271 2.94236 4
      vertex 0.776457 2.89778 4
    endloop
  endfacet
  facet normal 0 0 1
    outer loop
      vertex 4.43789 33.7091 4
      vertex 0.391578 2.97433 4
      vertex 0.585271 2.94236 4
    endloop
  endfacet
  facet normal 0 0 1
    outer loop
      vertex 2.22371 33.9272 4
      vertex 0.196209 2.99358 4
      vertex 0.391578 2.97433 4
    endloop
  endfacet
  facet normal 0 0 1
    outer loop
      vertex 0 34 4
      vertex 0.196209 2.99358 4
      vertex 2.22371 33.9272 4
    endloop
  endfacet
  facet normal 0 0 1
    outer loop
      vertex 0 34 4
      vertex 0 3 4
      vertex 0.196209 2.99358 4
    endloop
  endfacet
  facet normal 0 0 1
    outer loop
      vertex 0 34 4
      vertex -0.196209 2.99358 4
      vertex 0 3 4
    endloop
  endfacet
  facet normal -0 0 1
    outer loop
      vertex -2.22371 33.9272 4
      vertex -0.196209 2.99358 4
      vertex 0 34 4
    endloop
  endfacet
  facet normal 0 0 1
    outer loop
      vertex -0.196209 2.99358 4
      vertex -2.22371 33.9272 4
      vertex -0.391578 2.97433 4
    endloop
  endfacet
  facet normal -0 0 1
    outer loop
      vertex -4.43789 33.7091 4
      vertex -0.391578 2.97433 4
      vertex -2.22371 33.9272 4
    endloop
  endfacet
  facet normal 0 0 1
    outer loop
      vertex -0.391578 2.97433 4
      vertex -4.43789 33.7091 4
      vertex -0.585271 2.94236 4
    endloop
  endfacet
  facet normal -0 0 1
    outer loop
      vertex -6.63307 33.3467 4
      vertex -0.585271 2.94236 4
      vertex -4.43789 33.7091 4
    endloop
  endfacet
  facet normal 0 0 1
    outer loop
      vertex -0.585271 2.94236 4
      vertex -6.63307 33.3467 4
      vertex -0.776457 2.89778 4
    endloop
  endfacet
  facet normal -0 0 1
    outer loop
      vertex -8.79985 32.8415 4
      vertex -0.776457 2.89778 4
      vertex -6.63307 33.3467 4
    endloop
  endfacet
  facet normal 0 0 1
    outer loop
      vertex -0.776457 2.89778 4
      vertex -8.79985 32.8415 4
      vertex -0.964318 2.84079 4
    endloop
  endfacet
  facet normal -0 0 1
    outer loop
      vertex -13.0112 31.4119 4
      vertex -20.2349 21.6984 4
      vertex -10.9289 32.1956 4
    endloop
  endfacet
  facet normal 0 0 1
    outer loop
      vertex -20.253 21.5887 4
      vertex -10.9289 32.1956 4
      vertex -20.2349 21.6984 4
    endloop
  endfacet
  facet normal -0 0 1
    outer loop
      vertex -10.9289 32.1956 4
      vertex -20.253 21.5887 4
      vertex -8.79985 32.8415 4
    endloop
  endfacet
  facet normal 0 0 1
    outer loop
      vertex -20.2782 21.4803 4
      vertex -8.79985 32.8415 4
      vertex -20.253 21.5887 4
    endloop
  endfacet
  facet normal 0 0 1
    outer loop
      vertex -8.79985 32.8415 4
      vertex -20.2782 21.4803 4
      vertex -0.964318 2.84079 4
    endloop
  endfacet
  facet normal -0 0 1
    outer loop
      vertex -20.3105 21.3739 4
      vertex -0.964318 2.84079 4
      vertex -20.2782 21.4803 4
    endloop
  endfacet
  facet normal 0 0 1
    outer loop
      vertex -0.964318 2.84079 4
      vertex -20.3105 21.3739 4
      vertex -1.14805 2.77164 4
    endloop
  endfacet
  facet normal -0 0 1
    outer loop
      vertex -20.3497 21.2697 4
      vertex -1.14805 2.77164 4
      vertex -20.3105 21.3739 4
    endloop
  endfacet
  facet normal 0 0 1
    outer loop
      vertex -1.14805 2.77164 4
      vertex -20.3497 21.2697 4
      vertex -1.32687 2.69062 4
    endloop
  endfacet
  facet normal -0 0 1
    outer loop
      vertex -20.3956 21.1684 4
      vertex -1.32687 2.69062 4
      vertex -20.3497 21.2697 4
    endloop
  endfacet
  facet normal 0 0 1
    outer loop
      vertex -1.32687 2.69062 4
      vertex -20.3956 21.1684 4
      vertex -1.5 2.59808 4
    endloop
  endfacet
  facet normal -0 0 1
    outer loop
      vertex -20.4481 21.0703 4
      vertex -1.5 2.59808 4
      vertex -20.3956 21.1684 4
    endloop
  endfacet
  facet normal 0 0 1
    outer loop
      vertex -1.5 2.59808 4
      vertex -20.4481 21.0703 4
      vertex -1.66671 2.49441 4
    endloop
  endfacet
  facet normal -0 0 1
    outer loop
      vertex -20.5068 20.9758 4
      vertex -1.66671 2.49441 4
      vertex -20.4481 21.0703 4
    endloop
  endfacet
  facet normal 0 0 1
    outer loop
      vertex -1.66671 2.49441 4
      vertex -20.5068 20.9758 4
      vertex -1.82628 2.38006 4
    endloop
  endfacet
  facet normal -0 0 1
    outer loop
      vertex -20.5716 20.8854 4
      vertex -1.82628 2.38006 4
      vertex -20.5068 20.9758 4
    endloop
  endfacet
  facet normal 0 0 1
    outer loop
      vertex -1.82628 2.38006 4
      vertex -20.5716 20.8854 4
      vertex -1.97804 2.25552 4
    endloop
  endfacet
  facet normal -0.528066 0.849203 0
    outer loop
      vertex -17 29.4449 0
      vertex -18.8894 28.27 4
      vertex -17 29.4449 4
    endloop
  endfacet
  facet normal -0.528066 0.849203 0
    outer loop
      vertex -18.8894 28.27 4
      vertex -17 29.4449 0
      vertex -18.8894 28.27 0
    endloop
  endfacet
  facet normal -0.471391 0.881925 0
    outer loop
      vertex -15.0378 30.4937 0
      vertex -17 29.4449 4
      vertex -15.0378 30.4937 4
    endloop
  endfacet
  facet normal -0.471391 0.881925 0
    outer loop
      vertex -17 29.4449 4
      vertex -15.0378 30.4937 0
      vertex -17 29.4449 0
    endloop
  endfacet
  facet normal -0.582492 0.812837 0
    outer loop
      vertex -18.8894 28.27 0
      vertex -20.6979 26.974 4
      vertex -18.8894 28.27 4
    endloop
  endfacet
  facet normal -0.582492 0.812837 0
    outer loop
      vertex -20.6979 26.974 4
      vertex -18.8894 28.27 0
      vertex -20.6979 26.974 0
    endloop
  endfacet
  facet normal -0.290309 0.956933 0
    outer loop
      vertex -8.79985 32.8415 0
      vertex -10.9289 32.1956 4
      vertex -8.79985 32.8415 4
    endloop
  endfacet
  facet normal -0.290309 0.956933 0
    outer loop
      vertex -10.9289 32.1956 4
      vertex -8.79985 32.8415 0
      vertex -10.9289 32.1956 0
    endloop
  endfacet
  facet normal -0.0327206 0.999465 0
    outer loop
      vertex 0 34 0
      vertex -2.22371 33.9272 4
      vertex 0 34 4
    endloop
  endfacet
  facet normal -0.0327206 0.999465 0
    outer loop
      vertex -2.22371 33.9272 4
      vertex 0 34 0
      vertex -2.22371 33.9272 0
    endloop
  endfacet
  facet normal 0.986645 -0.162884 0
    outer loop
      vertex 33.3467 -6.63307 4
      vertex 33.7091 -4.43789 0
      vertex 33.7091 -4.43789 4
    endloop
  endfacet
  facet normal 0.986645 -0.162884 0
    outer loop
      vertex 33.7091 -4.43789 0
      vertex 33.3467 -6.63307 4
      vertex 33.3467 -6.63307 0
    endloop
  endfacet
  facet normal 0.162884 -0.986645 0
    outer loop
      vertex 4.43789 -33.7091 0
      vertex 6.63307 -33.3467 4
      vertex 4.43789 -33.7091 4
    endloop
  endfacet
  facet normal 0.162884 -0.986645 0
    outer loop
      vertex 6.63307 -33.3467 4
      vertex 4.43789 -33.7091 0
      vertex 6.63307 -33.3467 0
    endloop
  endfacet
  facet normal 0.412692 -0.910871 0
    outer loop
      vertex 13.0112 -31.4119 0
      vertex 15.0378 -30.4937 4
      vertex 13.0112 -31.4119 4
    endloop
  endfacet
  facet normal 0.412692 -0.910871 0
    outer loop
      vertex 15.0378 -30.4937 4
      vertex 13.0112 -31.4119 0
      vertex 15.0378 -30.4937 0
    endloop
  endfacet
  facet normal 0.290309 -0.956933 0
    outer loop
      vertex 8.79985 -32.8415 0
      vertex 10.9289 -32.1956 4
      vertex 8.79985 -32.8415 4
    endloop
  endfacet
  facet normal 0.290309 -0.956933 0
    outer loop
      vertex 10.9289 -32.1956 4
      vertex 8.79985 -32.8415 0
      vertex 10.9289 -32.1956 0
    endloop
  endfacet
  facet normal 0.63437 -0.773029 0
    outer loop
      vertex 20.6979 -26.974 0
      vertex 22.4178 -25.5626 4
      vertex 20.6979 -26.974 4
    endloop
  endfacet
  facet normal 0.63437 -0.773029 0
    outer loop
      vertex 22.4178 -25.5626 4
      vertex 20.6979 -26.974 0
      vertex 22.4178 -25.5626 0
    endloop
  endfacet
  facet normal 0.729831 -0.683627 0
    outer loop
      vertex 24.0416 -24.0416 4
      vertex 25.5626 -22.4178 0
      vertex 25.5626 -22.4178 4
    endloop
  endfacet
  facet normal 0.729831 -0.683627 0
    outer loop
      vertex 25.5626 -22.4178 0
      vertex 24.0416 -24.0416 4
      vertex 24.0416 -24.0416 0
    endloop
  endfacet
  facet normal 0.582492 -0.812837 0
    outer loop
      vertex 18.8894 -28.27 0
      vertex 20.6979 -26.974 4
      vertex 18.8894 -28.27 4
    endloop
  endfacet
  facet normal 0.582492 -0.812837 0
    outer loop
      vertex 20.6979 -26.974 4
      vertex 18.8894 -28.27 0
      vertex 20.6979 -26.974 0
    endloop
  endfacet
  facet normal 0.471391 -0.881925 0
    outer loop
      vertex 15.0378 -30.4937 0
      vertex 17 -29.4449 4
      vertex 15.0378 -30.4937 4
    endloop
  endfacet
  facet normal 0.471391 -0.881925 0
    outer loop
      vertex 17 -29.4449 4
      vertex 15.0378 -30.4937 0
      vertex 17 -29.4449 0
    endloop
  endfacet
  facet normal 0.812837 -0.582492 0
    outer loop
      vertex 26.974 -20.6979 4
      vertex 28.27 -18.8894 0
      vertex 28.27 -18.8894 4
    endloop
  endfacet
  facet normal 0.812837 -0.582492 0
    outer loop
      vertex 28.27 -18.8894 0
      vertex 26.974 -20.6979 4
      vertex 26.974 -20.6979 0
    endloop
  endfacet
  facet normal 0.773029 -0.63437 0
    outer loop
      vertex 25.5626 -22.4178 4
      vertex 26.974 -20.6979 0
      vertex 26.974 -20.6979 4
    endloop
  endfacet
  facet normal 0.773029 -0.63437 0
    outer loop
      vertex 26.974 -20.6979 0
      vertex 25.5626 -22.4178 4
      vertex 25.5626 -22.4178 0
    endloop
  endfacet
  facet normal 0.935909 -0.352241 0
    outer loop
      vertex 31.4119 -13.0112 4
      vertex 32.1956 -10.9289 0
      vertex 32.1956 -10.9289 4
    endloop
  endfacet
  facet normal 0.935909 -0.352241 0
    outer loop
      vertex 32.1956 -10.9289 0
      vertex 31.4119 -13.0112 4
      vertex 31.4119 -13.0112 0
    endloop
  endfacet
  facet normal 0.881925 -0.471391 0
    outer loop
      vertex 29.4449 -17 4
      vertex 30.4937 -15.0378 0
      vertex 30.4937 -15.0378 4
    endloop
  endfacet
  facet normal 0.881925 -0.471391 0
    outer loop
      vertex 30.4937 -15.0378 0
      vertex 29.4449 -17 4
      vertex 29.4449 -17 0
    endloop
  endfacet
  facet normal 0.956933 -0.290309 0
    outer loop
      vertex 32.1956 -10.9289 4
      vertex 32.8415 -8.79985 0
      vertex 32.8415 -8.79985 4
    endloop
  endfacet
  facet normal 0.956933 -0.290309 0
    outer loop
      vertex 32.8415 -8.79985 0
      vertex 32.1956 -10.9289 4
      vertex 32.1956 -10.9289 0
    endloop
  endfacet
  facet normal -0.290309 -0.956933 0
    outer loop
      vertex -10.9289 -32.1956 0
      vertex -8.79985 -32.8415 4
      vertex -10.9289 -32.1956 4
    endloop
  endfacet
  facet normal -0.290309 -0.956933 -0
    outer loop
      vertex -8.79985 -32.8415 4
      vertex -10.9289 -32.1956 0
      vertex -8.79985 -32.8415 0
    endloop
  endfacet
  facet normal -0.412692 -0.910871 0
    outer loop
      vertex -15.0378 -30.4937 0
      vertex -13.0112 -31.4119 4
      vertex -15.0378 -30.4937 4
    endloop
  endfacet
  facet normal -0.412692 -0.910871 -0
    outer loop
      vertex -13.0112 -31.4119 4
      vertex -15.0378 -30.4937 0
      vertex -13.0112 -31.4119 0
    endloop
  endfacet
  facet normal -0.528066 -0.849203 0
    outer loop
      vertex -18.8894 -28.27 0
      vertex -17 -29.4449 4
      vertex -18.8894 -28.27 4
    endloop
  endfacet
  facet normal -0.528066 -0.849203 -0
    outer loop
      vertex -17 -29.4449 4
      vertex -18.8894 -28.27 0
      vertex -17 -29.4449 0
    endloop
  endfacet
  facet normal -0.352241 -0.935909 0
    outer loop
      vertex -13.0112 -31.4119 0
      vertex -10.9289 -32.1956 4
      vertex -13.0112 -31.4119 4
    endloop
  endfacet
  facet normal -0.352241 -0.935909 -0
    outer loop
      vertex -10.9289 -32.1956 4
      vertex -13.0112 -31.4119 0
      vertex -10.9289 -32.1956 0
    endloop
  endfacet
  facet normal -0.849203 -0.528066 0
    outer loop
      vertex -28.27 -18.8894 0
      vertex -29.4449 -17 4
      vertex -29.4449 -17 0
    endloop
  endfacet
  facet normal -0.849203 -0.528066 0
    outer loop
      vertex -29.4449 -17 4
      vertex -28.27 -18.8894 0
      vertex -28.27 -18.8894 4
    endloop
  endfacet
  facet normal -0.812837 -0.582492 0
    outer loop
      vertex -26.974 -20.6979 0
      vertex -28.27 -18.8894 4
      vertex -28.27 -18.8894 0
    endloop
  endfacet
  facet normal -0.812837 -0.582492 0
    outer loop
      vertex -28.27 -18.8894 4
      vertex -26.974 -20.6979 0
      vertex -26.974 -20.6979 4
    endloop
  endfacet
  facet normal -0.935909 -0.352241 0
    outer loop
      vertex -31.4119 -13.0112 0
      vertex -32.1956 -10.9289 4
      vertex -32.1956 -10.9289 0
    endloop
  endfacet
  facet normal -0.935909 -0.352241 0
    outer loop
      vertex -32.1956 -10.9289 4
      vertex -31.4119 -13.0112 0
      vertex -31.4119 -13.0112 4
    endloop
  endfacet
  facet normal -0.999465 -0.0327206 0
    outer loop
      vertex -33.9272 -2.22371 0
      vertex -34 0 4
      vertex -34 0 0
    endloop
  endfacet
  facet normal -0.999465 -0.0327206 0
    outer loop
      vertex -34 0 4
      vertex -33.9272 -2.22371 0
      vertex -33.9272 -2.22371 4
    endloop
  endfacet
  facet normal 0.986645 0.162884 0
    outer loop
      vertex 33.7091 4.43789 4
      vertex 33.3467 6.63307 0
      vertex 33.3467 6.63307 4
    endloop
  endfacet
  facet normal 0.986645 0.162884 0
    outer loop
      vertex 33.3467 6.63307 0
      vertex 33.7091 4.43789 4
      vertex 33.7091 4.43789 0
    endloop
  endfacet
  facet normal 0.995184 0.0980271 0
    outer loop
      vertex 33.9272 2.22371 4
      vertex 33.7091 4.43789 0
      vertex 33.7091 4.43789 4
    endloop
  endfacet
  facet normal 0.995184 0.0980271 0
    outer loop
      vertex 33.7091 4.43789 0
      vertex 33.9272 2.22371 4
      vertex 33.9272 2.22371 0
    endloop
  endfacet
  facet normal 0.0980271 0.995184 -0
    outer loop
      vertex 4.43789 33.7091 0
      vertex 2.22371 33.9272 4
      vertex 4.43789 33.7091 4
    endloop
  endfacet
  facet normal 0.0980271 0.995184 0
    outer loop
      vertex 2.22371 33.9272 4
      vertex 4.43789 33.7091 0
      vertex 2.22371 33.9272 0
    endloop
  endfacet
  facet normal 0.412692 0.910871 -0
    outer loop
      vertex 15.0378 30.4937 0
      vertex 13.0112 31.4119 4
      vertex 15.0378 30.4937 4
    endloop
  endfacet
  facet normal 0.412692 0.910871 0
    outer loop
      vertex 13.0112 31.4119 4
      vertex 15.0378 30.4937 0
      vertex 13.0112 31.4119 0
    endloop
  endfacet
  facet normal 0.582492 0.812837 -0
    outer loop
      vertex 20.6979 26.974 0
      vertex 18.8894 28.27 4
      vertex 20.6979 26.974 4
    endloop
  endfacet
  facet normal 0.582492 0.812837 0
    outer loop
      vertex 18.8894 28.27 4
      vertex 20.6979 26.974 0
      vertex 18.8894 28.27 0
    endloop
  endfacet
  facet normal -0.729831 0.683627 0
    outer loop
      vertex -25.5626 22.4178 0
      vertex -24.0416 24.0416 4
      vertex -24.0416 24.0416 0
    endloop
  endfacet
  facet normal -0.729831 0.683627 0
    outer loop
      vertex -24.0416 24.0416 4
      vertex -25.5626 22.4178 0
      vertex -25.5626 22.4178 4
    endloop
  endfacet
  facet normal -0.881925 0.471391 0
    outer loop
      vertex -30.4937 15.0378 0
      vertex -29.4449 17 4
      vertex -29.4449 17 0
    endloop
  endfacet
  facet normal -0.881925 0.471391 0
    outer loop
      vertex -29.4449 17 4
      vertex -30.4937 15.0378 0
      vertex -30.4937 15.0378 4
    endloop
  endfacet
  facet normal -0.973879 0.227067 0
    outer loop
      vertex -33.3467 6.63307 0
      vertex -32.8415 8.79985 4
      vertex -32.8415 8.79985 0
    endloop
  endfacet
  facet normal -0.973879 0.227067 0
    outer loop
      vertex -32.8415 8.79985 4
      vertex -33.3467 6.63307 0
      vertex -33.3467 6.63307 4
    endloop
  endfacet
  facet normal -0.995184 0.0980271 0
    outer loop
      vertex -33.9272 2.22371 0
      vertex -33.7091 4.43789 4
      vertex -33.7091 4.43789 0
    endloop
  endfacet
  facet normal -0.995184 0.0980271 0
    outer loop
      vertex -33.7091 4.43789 4
      vertex -33.9272 2.22371 0
      vertex -33.9272 2.22371 4
    endloop
  endfacet
  facet normal -0.412692 0.910871 0
    outer loop
      vertex -13.0112 31.4119 0
      vertex -15.0378 30.4937 4
      vertex -13.0112 31.4119 4
    endloop
  endfacet
  facet normal -0.412692 0.910871 0
    outer loop
      vertex -15.0378 30.4937 4
      vertex -13.0112 31.4119 0
      vertex -15.0378 30.4937 0
    endloop
  endfacet
  facet normal -0.63437 0.773029 0
    outer loop
      vertex -20.6979 26.974 0
      vertex -22.4178 25.5626 4
      vertex -20.6979 26.974 4
    endloop
  endfacet
  facet normal -0.63437 0.773029 0
    outer loop
      vertex -22.4178 25.5626 4
      vertex -20.6979 26.974 0
      vertex -22.4178 25.5626 0
    endloop
  endfacet
  facet normal -0.227067 0.973879 0
    outer loop
      vertex -6.63307 33.3467 0
      vertex -8.79985 32.8415 4
      vertex -6.63307 33.3467 4
    endloop
  endfacet
  facet normal -0.227067 0.973879 0
    outer loop
      vertex -8.79985 32.8415 4
      vertex -6.63307 33.3467 0
      vertex -8.79985 32.8415 0
    endloop
  endfacet
  facet normal -0.0980271 0.995184 0
    outer loop
      vertex -2.22371 33.9272 0
      vertex -4.43789 33.7091 4
      vertex -2.22371 33.9272 4
    endloop
  endfacet
  facet normal -0.0980271 0.995184 0
    outer loop
      vertex -4.43789 33.7091 4
      vertex -2.22371 33.9272 0
      vertex -4.43789 33.7091 0
    endloop
  endfacet
  facet normal 0.999465 -0.0327206 0
    outer loop
      vertex 33.9272 -2.22371 4
      vertex 34 0 0
      vertex 34 0 4
    endloop
  endfacet
  facet normal 0.999465 -0.0327206 0
    outer loop
      vertex 34 0 0
      vertex 33.9272 -2.22371 4
      vertex 33.9272 -2.22371 0
    endloop
  endfacet
  facet normal 0.0327206 -0.999465 0
    outer loop
      vertex 0 -34 0
      vertex 2.22371 -33.9272 4
      vertex 0 -34 4
    endloop
  endfacet
  facet normal 0.0327206 -0.999465 0
    outer loop
      vertex 2.22371 -33.9272 4
      vertex 0 -34 0
      vertex 2.22371 -33.9272 0
    endloop
  endfacet
  facet normal 0.352241 -0.935909 0
    outer loop
      vertex 10.9289 -32.1956 0
      vertex 13.0112 -31.4119 4
      vertex 10.9289 -32.1956 4
    endloop
  endfacet
  facet normal 0.352241 -0.935909 0
    outer loop
      vertex 13.0112 -31.4119 4
      vertex 10.9289 -32.1956 0
      vertex 13.0112 -31.4119 0
    endloop
  endfacet
  facet normal 0.683627 -0.729831 0
    outer loop
      vertex 22.4178 -25.5626 0
      vertex 24.0416 -24.0416 4
      vertex 22.4178 -25.5626 4
    endloop
  endfacet
  facet normal 0.683627 -0.729831 0
    outer loop
      vertex 24.0416 -24.0416 4
      vertex 22.4178 -25.5626 0
      vertex 24.0416 -24.0416 0
    endloop
  endfacet
  facet normal 0.528066 -0.849203 0
    outer loop
      vertex 17 -29.4449 0
      vertex 18.8894 -28.27 4
      vertex 17 -29.4449 4
    endloop
  endfacet
  facet normal 0.528066 -0.849203 0
    outer loop
      vertex 18.8894 -28.27 4
      vertex 17 -29.4449 0
      vertex 18.8894 -28.27 0
    endloop
  endfacet
  facet normal 0.910871 -0.412692 0
    outer loop
      vertex 30.4937 -15.0378 4
      vertex 31.4119 -13.0112 0
      vertex 31.4119 -13.0112 4
    endloop
  endfacet
  facet normal 0.910871 -0.412692 0
    outer loop
      vertex 31.4119 -13.0112 0
      vertex 30.4937 -15.0378 4
      vertex 30.4937 -15.0378 0
    endloop
  endfacet
  facet normal -0.582492 -0.812837 0
    outer loop
      vertex -20.6979 -26.974 0
      vertex -18.8894 -28.27 4
      vertex -20.6979 -26.974 4
    endloop
  endfacet
  facet normal -0.582492 -0.812837 -0
    outer loop
      vertex -18.8894 -28.27 4
      vertex -20.6979 -26.974 0
      vertex -18.8894 -28.27 0
    endloop
  endfacet
  facet normal -0.683627 -0.729831 0
    outer loop
      vertex -24.0416 -24.0416 0
      vertex -22.4178 -25.5626 4
      vertex -24.0416 -24.0416 4
    endloop
  endfacet
  facet normal -0.683627 -0.729831 -0
    outer loop
      vertex -22.4178 -25.5626 4
      vertex -24.0416 -24.0416 0
      vertex -22.4178 -25.5626 0
    endloop
  endfacet
  facet normal -0.63437 -0.773029 0
    outer loop
      vertex -22.4178 -25.5626 0
      vertex -20.6979 -26.974 4
      vertex -22.4178 -25.5626 4
    endloop
  endfacet
  facet normal -0.63437 -0.773029 -0
    outer loop
      vertex -20.6979 -26.974 4
      vertex -22.4178 -25.5626 0
      vertex -20.6979 -26.974 0
    endloop
  endfacet
  facet normal -0.471391 -0.881925 0
    outer loop
      vertex -17 -29.4449 0
      vertex -15.0378 -30.4937 4
      vertex -17 -29.4449 4
    endloop
  endfacet
  facet normal -0.471391 -0.881925 -0
    outer loop
      vertex -15.0378 -30.4937 4
      vertex -17 -29.4449 0
      vertex -15.0378 -30.4937 0
    endloop
  endfacet
  facet normal -0.0980271 -0.995184 0
    outer loop
      vertex -4.43789 -33.7091 0
      vertex -2.22371 -33.9272 4
      vertex -4.43789 -33.7091 4
    endloop
  endfacet
  facet normal -0.0980271 -0.995184 -0
    outer loop
      vertex -2.22371 -33.9272 4
      vertex -4.43789 -33.7091 0
      vertex -2.22371 -33.9272 0
    endloop
  endfacet
  facet normal -0.162884 -0.986645 0
    outer loop
      vertex -6.63307 -33.3467 0
      vertex -4.43789 -33.7091 4
      vertex -6.63307 -33.3467 4
    endloop
  endfacet
  facet normal -0.162884 -0.986645 -0
    outer loop
      vertex -4.43789 -33.7091 4
      vertex -6.63307 -33.3467 0
      vertex -4.43789 -33.7091 0
    endloop
  endfacet
  facet normal -0.0327206 -0.999465 0
    outer loop
      vertex -2.22371 -33.9272 0
      vertex 0 -34 4
      vertex -2.22371 -33.9272 4
    endloop
  endfacet
  facet normal -0.0327206 -0.999465 -0
    outer loop
      vertex 0 -34 4
      vertex -2.22371 -33.9272 0
      vertex 0 -34 0
    endloop
  endfacet
  facet normal -0.729831 -0.683627 0
    outer loop
      vertex -24.0416 -24.0416 0
      vertex -25.5626 -22.4178 4
      vertex -25.5626 -22.4178 0
    endloop
  endfacet
  facet normal -0.729831 -0.683627 0
    outer loop
      vertex -25.5626 -22.4178 4
      vertex -24.0416 -24.0416 0
      vertex -24.0416 -24.0416 4
    endloop
  endfacet
  facet normal -0.910871 -0.412692 0
    outer loop
      vertex -30.4937 -15.0378 0
      vertex -31.4119 -13.0112 4
      vertex -31.4119 -13.0112 0
    endloop
  endfacet
  facet normal -0.910871 -0.412692 0
    outer loop
      vertex -31.4119 -13.0112 4
      vertex -30.4937 -15.0378 0
      vertex -30.4937 -15.0378 4
    endloop
  endfacet
  facet normal -0.973879 -0.227067 0
    outer loop
      vertex -32.8415 -8.79985 0
      vertex -33.3467 -6.63307 4
      vertex -33.3467 -6.63307 0
    endloop
  endfacet
  facet normal -0.973879 -0.227067 0
    outer loop
      vertex -33.3467 -6.63307 4
      vertex -32.8415 -8.79985 0
      vertex -32.8415 -8.79985 4
    endloop
  endfacet
  facet normal -0.986645 -0.162884 0
    outer loop
      vertex -33.3467 -6.63307 0
      vertex -33.7091 -4.43789 4
      vertex -33.7091 -4.43789 0
    endloop
  endfacet
  facet normal -0.986645 -0.162884 0
    outer loop
      vertex -33.7091 -4.43789 4
      vertex -33.3467 -6.63307 0
      vertex -33.3467 -6.63307 4
    endloop
  endfacet
  facet normal 0.935909 0.352241 0
    outer loop
      vertex 32.1956 10.9289 4
      vertex 31.4119 13.0112 0
      vertex 31.4119 13.0112 4
    endloop
  endfacet
  facet normal 0.935909 0.352241 0
    outer loop
      vertex 31.4119 13.0112 0
      vertex 32.1956 10.9289 4
      vertex 32.1956 10.9289 0
    endloop
  endfacet
  facet normal 0.729831 0.683627 0
    outer loop
      vertex 25.5626 22.4178 4
      vertex 24.0416 24.0416 0
      vertex 24.0416 24.0416 4
    endloop
  endfacet
  facet normal 0.729831 0.683627 0
    outer loop
      vertex 24.0416 24.0416 0
      vertex 25.5626 22.4178 4
      vertex 25.5626 22.4178 0
    endloop
  endfacet
  facet normal 0.849203 0.528066 0
    outer loop
      vertex 29.4449 17 4
      vertex 28.27 18.8894 0
      vertex 28.27 18.8894 4
    endloop
  endfacet
  facet normal 0.849203 0.528066 0
    outer loop
      vertex 28.27 18.8894 0
      vertex 29.4449 17 4
      vertex 29.4449 17 0
    endloop
  endfacet
  facet normal 0.162884 0.986645 -0
    outer loop
      vertex 6.63307 33.3467 0
      vertex 4.43789 33.7091 4
      vertex 6.63307 33.3467 4
    endloop
  endfacet
  facet normal 0.162884 0.986645 0
    outer loop
      vertex 4.43789 33.7091 4
      vertex 6.63307 33.3467 0
      vertex 4.43789 33.7091 0
    endloop
  endfacet
  facet normal -0.986645 0.162884 0
    outer loop
      vertex -33.7091 4.43789 0
      vertex -33.3467 6.63307 4
      vertex -33.3467 6.63307 0
    endloop
  endfacet
  facet normal -0.986645 0.162884 0
    outer loop
      vertex -33.3467 6.63307 4
      vertex -33.7091 4.43789 0
      vertex -33.7091 4.43789 4
    endloop
  endfacet
  facet normal 0.0980271 -0.995184 0
    outer loop
      vertex 2.22371 -33.9272 0
      vertex 4.43789 -33.7091 4
      vertex 2.22371 -33.9272 4
    endloop
  endfacet
  facet normal 0.0980271 -0.995184 0
    outer loop
      vertex 4.43789 -33.7091 4
      vertex 2.22371 -33.9272 0
      vertex 4.43789 -33.7091 0
    endloop
  endfacet
  facet normal 0.227067 -0.973879 0
    outer loop
      vertex 6.63307 -33.3467 0
      vertex 8.79985 -32.8415 4
      vertex 6.63307 -33.3467 4
    endloop
  endfacet
  facet normal 0.227067 -0.973879 0
    outer loop
      vertex 8.79985 -32.8415 4
      vertex 6.63307 -33.3467 0
      vertex 8.79985 -32.8415 0
    endloop
  endfacet
  facet normal 0.849203 -0.528066 0
    outer loop
      vertex 28.27 -18.8894 4
      vertex 29.4449 -17 0
      vertex 29.4449 -17 4
    endloop
  endfacet
  facet normal 0.849203 -0.528066 0
    outer loop
      vertex 29.4449 -17 0
      vertex 28.27 -18.8894 4
      vertex 28.27 -18.8894 0
    endloop
  endfacet
  facet normal 0.995184 -0.0980271 0
    outer loop
      vertex 33.7091 -4.43789 4
      vertex 33.9272 -2.22371 0
      vertex 33.9272 -2.22371 4
    endloop
  endfacet
  facet normal 0.995184 -0.0980271 0
    outer loop
      vertex 33.9272 -2.22371 0
      vertex 33.7091 -4.43789 4
      vertex 33.7091 -4.43789 0
    endloop
  endfacet
  facet normal 0.973879 -0.227067 0
    outer loop
      vertex 32.8415 -8.79985 4
      vertex 33.3467 -6.63307 0
      vertex 33.3467 -6.63307 4
    endloop
  endfacet
  facet normal 0.973879 -0.227067 0
    outer loop
      vertex 33.3467 -6.63307 0
      vertex 32.8415 -8.79985 4
      vertex 32.8415 -8.79985 0
    endloop
  endfacet
  facet normal -0.227067 -0.973879 0
    outer loop
      vertex -8.79985 -32.8415 0
      vertex -6.63307 -33.3467 4
      vertex -8.79985 -32.8415 4
    endloop
  endfacet
  facet normal -0.227067 -0.973879 -0
    outer loop
      vertex -6.63307 -33.3467 4
      vertex -8.79985 -32.8415 0
      vertex -6.63307 -33.3467 0
    endloop
  endfacet
  facet normal -0.881925 -0.471391 0
    outer loop
      vertex -29.4449 -17 0
      vertex -30.4937 -15.0378 4
      vertex -30.4937 -15.0378 0
    endloop
  endfacet
  facet normal -0.881925 -0.471391 0
    outer loop
      vertex -30.4937 -15.0378 4
      vertex -29.4449 -17 0
      vertex -29.4449 -17 4
    endloop
  endfacet
  facet normal -0.956933 -0.290309 0
    outer loop
      vertex -32.1956 -10.9289 0
      vertex -32.8415 -8.79985 4
      vertex -32.8415 -8.79985 0
    endloop
  endfacet
  facet normal -0.956933 -0.290309 0
    outer loop
      vertex -32.8415 -8.79985 4
      vertex -32.1956 -10.9289 0
      vertex -32.1956 -10.9289 4
    endloop
  endfacet
  facet normal 0.634374 0.773026 -0
    outer loop
      vertex 1.97804 2.25552 4
      vertex 1.82628 2.38006 11
      vertex 1.97804 2.25552 11
    endloop
  endfacet
  facet normal 0.634374 0.773026 0
    outer loop
      vertex 1.82628 2.38006 11
      vertex 1.97804 2.25552 4
      vertex 1.82628 2.38006 4
    endloop
  endfacet
  facet normal -0.352242 0.935909 0
    outer loop
      vertex -0.964318 2.84079 4
      vertex -1.14805 2.77164 11
      vertex -0.964318 2.84079 11
    endloop
  endfacet
  facet normal -0.352242 0.935909 0
    outer loop
      vertex -1.14805 2.77164 11
      vertex -0.964318 2.84079 4
      vertex -1.14805 2.77164 4
    endloop
  endfacet
  facet normal -0.910868 0.412697 0
    outer loop
      vertex -2.77164 1.14805 4
      vertex -2.69062 1.32687 11
      vertex -2.69062 1.32687 4
    endloop
  endfacet
  facet normal -0.910868 0.412697 0
    outer loop
      vertex -2.69062 1.32687 11
      vertex -2.77164 1.14805 4
      vertex -2.77164 1.14805 11
    endloop
  endfacet
  facet normal 0.881921 0.471397 0
    outer loop
      vertex 2.69062 1.32687 11
      vertex 2.59808 1.5 4
      vertex 2.59808 1.5 11
    endloop
  endfacet
  facet normal 0.881921 0.471397 0
    outer loop
      vertex 2.59808 1.5 4
      vertex 2.69062 1.32687 11
      vertex 2.69062 1.32687 4
    endloop
  endfacet
  facet normal 0.352242 0.935909 -0
    outer loop
      vertex 1.14805 2.77164 4
      vertex 0.964318 2.84079 11
      vertex 1.14805 2.77164 11
    endloop
  endfacet
  facet normal 0.352242 0.935909 0
    outer loop
      vertex 0.964318 2.84079 11
      vertex 1.14805 2.77164 4
      vertex 0.964318 2.84079 4
    endloop
  endfacet
  facet normal 0.162852 0.986651 -0
    outer loop
      vertex 0.585271 2.94236 4
      vertex 0.391578 2.97433 11
      vertex 0.585271 2.94236 11
    endloop
  endfacet
  facet normal 0.162852 0.986651 0
    outer loop
      vertex 0.391578 2.97433 11
      vertex 0.585271 2.94236 4
      vertex 0.391578 2.97433 4
    endloop
  endfacet
  facet normal -0.986651 0.162852 0
    outer loop
      vertex -2.97433 0.391578 4
      vertex -2.94236 0.585271 11
      vertex -2.94236 0.585271 4
    endloop
  endfacet
  facet normal -0.986651 0.162852 0
    outer loop
      vertex -2.94236 0.585271 11
      vertex -2.97433 0.391578 4
      vertex -2.97433 0.391578 11
    endloop
  endfacet
  facet normal -0.729855 0.683602 0
    outer loop
      vertex -2.25552 1.97804 4
      vertex -2.12132 2.12132 11
      vertex -2.12132 2.12132 4
    endloop
  endfacet
  facet normal -0.729855 0.683602 0
    outer loop
      vertex -2.12132 2.12132 11
      vertex -2.25552 1.97804 4
      vertex -2.25552 1.97804 11
    endloop
  endfacet
  facet normal -0.162852 0.986651 0
    outer loop
      vertex -0.391578 2.97433 4
      vertex -0.585271 2.94236 11
      vertex -0.391578 2.97433 11
    endloop
  endfacet
  facet normal -0.162852 0.986651 0
    outer loop
      vertex -0.585271 2.94236 11
      vertex -0.391578 2.97433 4
      vertex -0.585271 2.94236 4
    endloop
  endfacet
  facet normal 0.995181 -0.0980567 0
    outer loop
      vertex 2.97433 -0.391578 11
      vertex 2.99358 -0.196209 4
      vertex 2.99358 -0.196209 11
    endloop
  endfacet
  facet normal 0.995181 -0.0980567 0
    outer loop
      vertex 2.99358 -0.196209 4
      vertex 2.97433 -0.391578 11
      vertex 2.97433 -0.391578 4
    endloop
  endfacet
  facet normal 0.773026 -0.634374 0
    outer loop
      vertex 2.25552 -1.97804 11
      vertex 2.38006 -1.82628 4
      vertex 2.38006 -1.82628 11
    endloop
  endfacet
  facet normal 0.773026 -0.634374 0
    outer loop
      vertex 2.38006 -1.82628 4
      vertex 2.25552 -1.97804 11
      vertex 2.25552 -1.97804 4
    endloop
  endfacet
  facet normal -0.162852 -0.986651 0
    outer loop
      vertex -0.585271 -2.94236 4
      vertex -0.391578 -2.97433 11
      vertex -0.585271 -2.94236 11
    endloop
  endfacet
  facet normal -0.162852 -0.986651 -0
    outer loop
      vertex -0.391578 -2.97433 11
      vertex -0.585271 -2.94236 4
      vertex -0.391578 -2.97433 4
    endloop
  endfacet
  facet normal -0.683602 -0.729855 0
    outer loop
      vertex -2.12132 -2.12132 4
      vertex -1.97804 -2.25552 11
      vertex -2.12132 -2.12132 11
    endloop
  endfacet
  facet normal -0.683602 -0.729855 -0
    outer loop
      vertex -1.97804 -2.25552 11
      vertex -2.12132 -2.12132 4
      vertex -1.97804 -2.25552 4
    endloop
  endfacet
  facet normal 0.973875 0.227084 0
    outer loop
      vertex 2.94236 0.585271 11
      vertex 2.89778 0.776457 4
      vertex 2.89778 0.776457 11
    endloop
  endfacet
  facet normal 0.973875 0.227084 0
    outer loop
      vertex 2.89778 0.776457 4
      vertex 2.94236 0.585271 11
      vertex 2.94236 0.585271 4
    endloop
  endfacet
  facet normal 0.956936 0.290299 0
    outer loop
      vertex 2.89778 0.776457 11
      vertex 2.84079 0.964318 4
      vertex 2.84079 0.964318 11
    endloop
  endfacet
  facet normal 0.956936 0.290299 0
    outer loop
      vertex 2.84079 0.964318 4
      vertex 2.89778 0.776457 11
      vertex 2.89778 0.776457 4
    endloop
  endfacet
  facet normal 0.773026 0.634374 0
    outer loop
      vertex 2.38006 1.82628 11
      vertex 2.25552 1.97804 4
      vertex 2.25552 1.97804 11
    endloop
  endfacet
  facet normal 0.773026 0.634374 0
    outer loop
      vertex 2.25552 1.97804 4
      vertex 2.38006 1.82628 11
      vertex 2.38006 1.82628 4
    endloop
  endfacet
  facet normal 0.812838 0.58249 0
    outer loop
      vertex 2.49441 1.66671 11
      vertex 2.38006 1.82628 4
      vertex 2.38006 1.82628 11
    endloop
  endfacet
  facet normal 0.812838 0.58249 0
    outer loop
      vertex 2.38006 1.82628 4
      vertex 2.49441 1.66671 11
      vertex 2.49441 1.66671 4
    endloop
  endfacet
  facet normal 0.528079 0.849195 -0
    outer loop
      vertex 1.66671 2.49441 4
      vertex 1.5 2.59808 11
      vertex 1.66671 2.49441 11
    endloop
  endfacet
  facet normal 0.528079 0.849195 0
    outer loop
      vertex 1.5 2.59808 11
      vertex 1.66671 2.49441 4
      vertex 1.5 2.59808 4
    endloop
  endfacet
  facet normal 0.0327027 0.999465 -0
    outer loop
      vertex 0.196209 2.99358 4
      vertex 0 3 11
      vertex 0.196209 2.99358 11
    endloop
  endfacet
  facet normal 0.0327027 0.999465 0
    outer loop
      vertex 0 3 11
      vertex 0.196209 2.99358 4
      vertex 0 3 4
    endloop
  endfacet
  facet normal 0.290299 0.956936 -0
    outer loop
      vertex 0.964318 2.84079 4
      vertex 0.776457 2.89778 11
      vertex 0.964318 2.84079 11
    endloop
  endfacet
  facet normal 0.290299 0.956936 0
    outer loop
      vertex 0.776457 2.89778 11
      vertex 0.964318 2.84079 4
      vertex 0.776457 2.89778 4
    endloop
  endfacet
  facet normal 0.227084 0.973875 -0
    outer loop
      vertex 0.776457 2.89778 4
      vertex 0.585271 2.94236 11
      vertex 0.776457 2.89778 11
    endloop
  endfacet
  facet normal 0.227084 0.973875 0
    outer loop
      vertex 0.585271 2.94236 11
      vertex 0.776457 2.89778 4
      vertex 0.585271 2.94236 4
    endloop
  endfacet
  facet normal -0.999465 0.0327027 0
    outer loop
      vertex -3 0 4
      vertex -2.99358 0.196209 11
      vertex -2.99358 0.196209 4
    endloop
  endfacet
  facet normal -0.999465 0.0327027 0
    outer loop
      vertex -2.99358 0.196209 11
      vertex -3 0 4
      vertex -3 0 11
    endloop
  endfacet
  facet normal -0.935909 0.352242 0
    outer loop
      vertex -2.84079 0.964318 4
      vertex -2.77164 1.14805 11
      vertex -2.77164 1.14805 4
    endloop
  endfacet
  facet normal -0.935909 0.352242 0
    outer loop
      vertex -2.77164 1.14805 11
      vertex -2.84079 0.964318 4
      vertex -2.84079 0.964318 11
    endloop
  endfacet
  facet normal -0.973875 0.227084 0
    outer loop
      vertex -2.94236 0.585271 4
      vertex -2.89778 0.776457 11
      vertex -2.89778 0.776457 4
    endloop
  endfacet
  facet normal -0.973875 0.227084 0
    outer loop
      vertex -2.89778 0.776457 11
      vertex -2.94236 0.585271 4
      vertex -2.94236 0.585271 11
    endloop
  endfacet
  facet normal -0.849195 0.528079 0
    outer loop
      vertex -2.59808 1.5 4
      vertex -2.49441 1.66671 11
      vertex -2.49441 1.66671 4
    endloop
  endfacet
  facet normal -0.849195 0.528079 0
    outer loop
      vertex -2.49441 1.66671 11
      vertex -2.59808 1.5 4
      vertex -2.59808 1.5 11
    endloop
  endfacet
  facet normal -0.812838 0.58249 0
    outer loop
      vertex -2.49441 1.66671 4
      vertex -2.38006 1.82628 11
      vertex -2.38006 1.82628 4
    endloop
  endfacet
  facet normal -0.812838 0.58249 0
    outer loop
      vertex -2.38006 1.82628 11
      vertex -2.49441 1.66671 4
      vertex -2.49441 1.66671 11
    endloop
  endfacet
  facet normal -0.0980567 0.995181 0
    outer loop
      vertex -0.196209 2.99358 4
      vertex -0.391578 2.97433 11
      vertex -0.196209 2.99358 11
    endloop
  endfacet
  facet normal -0.0980567 0.995181 0
    outer loop
      vertex -0.391578 2.97433 11
      vertex -0.196209 2.99358 4
      vertex -0.391578 2.97433 4
    endloop
  endfacet
  facet normal -0.528079 0.849195 0
    outer loop
      vertex -1.5 2.59808 4
      vertex -1.66671 2.49441 11
      vertex -1.5 2.59808 11
    endloop
  endfacet
  facet normal -0.528079 0.849195 0
    outer loop
      vertex -1.66671 2.49441 11
      vertex -1.5 2.59808 4
      vertex -1.66671 2.49441 4
    endloop
  endfacet
  facet normal -0.471397 0.881921 0
    outer loop
      vertex -1.32687 2.69062 4
      vertex -1.5 2.59808 11
      vertex -1.32687 2.69062 11
    endloop
  endfacet
  facet normal -0.471397 0.881921 0
    outer loop
      vertex -1.5 2.59808 11
      vertex -1.32687 2.69062 4
      vertex -1.5 2.59808 4
    endloop
  endfacet
  facet normal -0.683602 0.729855 0
    outer loop
      vertex -1.97804 2.25552 4
      vertex -2.12132 2.12132 11
      vertex -1.97804 2.25552 11
    endloop
  endfacet
  facet normal -0.683602 0.729855 0
    outer loop
      vertex -2.12132 2.12132 11
      vertex -1.97804 2.25552 4
      vertex -2.12132 2.12132 4
    endloop
  endfacet
  facet normal 0.999465 0.0327027 0
    outer loop
      vertex 3 0 11
      vertex 2.99358 0.196209 4
      vertex 2.99358 0.196209 11
    endloop
  endfacet
  facet normal 0.999465 0.0327027 0
    outer loop
      vertex 2.99358 0.196209 4
      vertex 3 0 11
      vertex 3 0 4
    endloop
  endfacet
  facet normal 0.634374 -0.773026 0
    outer loop
      vertex 1.82628 -2.38006 4
      vertex 1.97804 -2.25552 11
      vertex 1.82628 -2.38006 11
    endloop
  endfacet
  facet normal 0.634374 -0.773026 0
    outer loop
      vertex 1.97804 -2.25552 11
      vertex 1.82628 -2.38006 4
      vertex 1.97804 -2.25552 4
    endloop
  endfacet
  facet normal 0.471397 -0.881921 0
    outer loop
      vertex 1.32687 -2.69062 4
      vertex 1.5 -2.59808 11
      vertex 1.32687 -2.69062 11
    endloop
  endfacet
  facet normal 0.471397 -0.881921 0
    outer loop
      vertex 1.5 -2.59808 11
      vertex 1.32687 -2.69062 4
      vertex 1.5 -2.59808 4
    endloop
  endfacet
  facet normal -0.0327027 -0.999465 0
    outer loop
      vertex -0.196209 -2.99358 4
      vertex 0 -3 11
      vertex -0.196209 -2.99358 11
    endloop
  endfacet
  facet normal -0.0327027 -0.999465 -0
    outer loop
      vertex 0 -3 11
      vertex -0.196209 -2.99358 4
      vertex 0 -3 4
    endloop
  endfacet
  facet normal -0.352242 -0.935909 0
    outer loop
      vertex -1.14805 -2.77164 4
      vertex -0.964318 -2.84079 11
      vertex -1.14805 -2.77164 11
    endloop
  endfacet
  facet normal -0.352242 -0.935909 -0
    outer loop
      vertex -0.964318 -2.84079 11
      vertex -1.14805 -2.77164 4
      vertex -0.964318 -2.84079 4
    endloop
  endfacet
  facet normal -0.528079 -0.849195 0
    outer loop
      vertex -1.66671 -2.49441 4
      vertex -1.5 -2.59808 11
      vertex -1.66671 -2.49441 11
    endloop
  endfacet
  facet normal -0.528079 -0.849195 -0
    outer loop
      vertex -1.5 -2.59808 11
      vertex -1.66671 -2.49441 4
      vertex -1.5 -2.59808 4
    endloop
  endfacet
  facet normal -0.412697 -0.910868 0
    outer loop
      vertex -1.32687 -2.69062 4
      vertex -1.14805 -2.77164 11
      vertex -1.32687 -2.69062 11
    endloop
  endfacet
  facet normal -0.412697 -0.910868 -0
    outer loop
      vertex -1.14805 -2.77164 11
      vertex -1.32687 -2.69062 4
      vertex -1.14805 -2.77164 4
    endloop
  endfacet
  facet normal -0.935909 -0.352242 0
    outer loop
      vertex -2.77164 -1.14805 4
      vertex -2.84079 -0.964318 11
      vertex -2.84079 -0.964318 4
    endloop
  endfacet
  facet normal -0.935909 -0.352242 0
    outer loop
      vertex -2.84079 -0.964318 11
      vertex -2.77164 -1.14805 4
      vertex -2.77164 -1.14805 11
    endloop
  endfacet
  facet normal -0.999465 -0.0327027 0
    outer loop
      vertex -2.99358 -0.196209 4
      vertex -3 0 11
      vertex -3 0 4
    endloop
  endfacet
  facet normal -0.999465 -0.0327027 0
    outer loop
      vertex -3 0 11
      vertex -2.99358 -0.196209 4
      vertex -2.99358 -0.196209 11
    endloop
  endfacet
  facet normal -0.729855 -0.683602 0
    outer loop
      vertex -2.12132 -2.12132 4
      vertex -2.25552 -1.97804 11
      vertex -2.25552 -1.97804 4
    endloop
  endfacet
  facet normal -0.729855 -0.683602 0
    outer loop
      vertex -2.25552 -1.97804 11
      vertex -2.12132 -2.12132 4
      vertex -2.12132 -2.12132 11
    endloop
  endfacet
  facet normal 0.986651 0.162852 0
    outer loop
      vertex 2.97433 0.391578 11
      vertex 2.94236 0.585271 4
      vertex 2.94236 0.585271 11
    endloop
  endfacet
  facet normal 0.986651 0.162852 0
    outer loop
      vertex 2.94236 0.585271 4
      vertex 2.97433 0.391578 11
      vertex 2.97433 0.391578 4
    endloop
  endfacet
  facet normal 0.995181 0.0980567 0
    outer loop
      vertex 2.99358 0.196209 11
      vertex 2.97433 0.391578 4
      vertex 2.97433 0.391578 11
    endloop
  endfacet
  facet normal 0.995181 0.0980567 0
    outer loop
      vertex 2.97433 0.391578 4
      vertex 2.99358 0.196209 11
      vertex 2.99358 0.196209 4
    endloop
  endfacet
  facet normal 0.910868 0.412697 0
    outer loop
      vertex 2.77164 1.14805 11
      vertex 2.69062 1.32687 4
      vertex 2.69062 1.32687 11
    endloop
  endfacet
  facet normal 0.910868 0.412697 0
    outer loop
      vertex 2.69062 1.32687 4
      vertex 2.77164 1.14805 11
      vertex 2.77164 1.14805 4
    endloop
  endfacet
  facet normal 0.935909 0.352242 0
    outer loop
      vertex 2.84079 0.964318 11
      vertex 2.77164 1.14805 4
      vertex 2.77164 1.14805 11
    endloop
  endfacet
  facet normal 0.935909 0.352242 0
    outer loop
      vertex 2.77164 1.14805 4
      vertex 2.84079 0.964318 11
      vertex 2.84079 0.964318 4
    endloop
  endfacet
  facet normal 0.729855 0.683602 0
    outer loop
      vertex 2.25552 1.97804 11
      vertex 2.12132 2.12132 4
      vertex 2.12132 2.12132 11
    endloop
  endfacet
  facet normal 0.729855 0.683602 0
    outer loop
      vertex 2.12132 2.12132 4
      vertex 2.25552 1.97804 11
      vertex 2.25552 1.97804 4
    endloop
  endfacet
  facet normal 0.683602 0.729855 -0
    outer loop
      vertex 2.12132 2.12132 4
      vertex 1.97804 2.25552 11
      vertex 2.12132 2.12132 11
    endloop
  endfacet
  facet normal 0.683602 0.729855 0
    outer loop
      vertex 1.97804 2.25552 11
      vertex 2.12132 2.12132 4
      vertex 1.97804 2.25552 4
    endloop
  endfacet
  facet normal 0.58249 0.812838 -0
    outer loop
      vertex 1.82628 2.38006 4
      vertex 1.66671 2.49441 11
      vertex 1.82628 2.38006 11
    endloop
  endfacet
  facet normal 0.58249 0.812838 0
    outer loop
      vertex 1.66671 2.49441 11
      vertex 1.82628 2.38006 4
      vertex 1.66671 2.49441 4
    endloop
  endfacet
  facet normal 0.412697 0.910868 -0
    outer loop
      vertex 1.32687 2.69062 4
      vertex 1.14805 2.77164 11
      vertex 1.32687 2.69062 11
    endloop
  endfacet
  facet normal 0.412697 0.910868 0
    outer loop
      vertex 1.14805 2.77164 11
      vertex 1.32687 2.69062 4
      vertex 1.14805 2.77164 4
    endloop
  endfacet
  facet normal 0.471397 0.881921 -0
    outer loop
      vertex 1.5 2.59808 4
      vertex 1.32687 2.69062 11
      vertex 1.5 2.59808 11
    endloop
  endfacet
  facet normal 0.471397 0.881921 0
    outer loop
      vertex 1.32687 2.69062 11
      vertex 1.5 2.59808 4
      vertex 1.32687 2.69062 4
    endloop
  endfacet
  facet normal 0.0980567 0.995181 -0
    outer loop
      vertex 0.391578 2.97433 4
      vertex 0.196209 2.99358 11
      vertex 0.391578 2.97433 11
    endloop
  endfacet
  facet normal 0.0980567 0.995181 0
    outer loop
      vertex 0.196209 2.99358 11
      vertex 0.391578 2.97433 4
      vertex 0.196209 2.99358 4
    endloop
  endfacet
  facet normal -0.995181 0.0980567 0
    outer loop
      vertex -2.99358 0.196209 4
      vertex -2.97433 0.391578 11
      vertex -2.97433 0.391578 4
    endloop
  endfacet
  facet normal -0.995181 0.0980567 0
    outer loop
      vertex -2.97433 0.391578 11
      vertex -2.99358 0.196209 4
      vertex -2.99358 0.196209 11
    endloop
  endfacet
  facet normal 0 0 1
    outer loop
      vertex 2.99358 0.196209 11
      vertex 2.99358 -0.196209 11
      vertex 3 0 11
    endloop
  endfacet
  facet normal 0 0 1
    outer loop
      vertex 2.97433 0.391578 11
      vertex 2.99358 -0.196209 11
      vertex 2.99358 0.196209 11
    endloop
  endfacet
  facet normal 0 0 1
    outer loop
      vertex 2.97433 0.391578 11
      vertex 2.97433 -0.391578 11
      vertex 2.99358 -0.196209 11
    endloop
  endfacet
  facet normal 0 0 1
    outer loop
      vertex 2.94236 0.585271 11
      vertex 2.97433 -0.391578 11
      vertex 2.97433 0.391578 11
    endloop
  endfacet
  facet normal 0 0 1
    outer loop
      vertex 2.94236 0.585271 11
      vertex 2.94236 -0.585271 11
      vertex 2.97433 -0.391578 11
    endloop
  endfacet
  facet normal 0 0 1
    outer loop
      vertex 2.89778 0.776457 11
      vertex 2.94236 -0.585271 11
      vertex 2.94236 0.585271 11
    endloop
  endfacet
  facet normal 0 0 1
    outer loop
      vertex 2.89778 0.776457 11
      vertex 2.89778 -0.776457 11
      vertex 2.94236 -0.585271 11
    endloop
  endfacet
  facet normal 0 0 1
    outer loop
      vertex 2.84079 0.964318 11
      vertex 2.89778 -0.776457 11
      vertex 2.89778 0.776457 11
    endloop
  endfacet
  facet normal 0 0 1
    outer loop
      vertex 2.84079 0.964318 11
      vertex 2.84079 -0.964318 11
      vertex 2.89778 -0.776457 11
    endloop
  endfacet
  facet normal 0 0 1
    outer loop
      vertex 2.77164 1.14805 11
      vertex 2.84079 -0.964318 11
      vertex 2.84079 0.964318 11
    endloop
  endfacet
  facet normal 0 0 1
    outer loop
      vertex 2.77164 1.14805 11
      vertex 2.77164 -1.14805 11
      vertex 2.84079 -0.964318 11
    endloop
  endfacet
  facet normal 0 0 1
    outer loop
      vertex 2.69062 1.32687 11
      vertex 2.77164 -1.14805 11
      vertex 2.77164 1.14805 11
    endloop
  endfacet
  facet normal 0 0 1
    outer loop
      vertex 2.69062 1.32687 11
      vertex 2.69062 -1.32687 11
      vertex 2.77164 -1.14805 11
    endloop
  endfacet
  facet normal 0 0 1
    outer loop
      vertex 2.59808 1.5 11
      vertex 2.69062 -1.32687 11
      vertex 2.69062 1.32687 11
    endloop
  endfacet
  facet normal 0 0 1
    outer loop
      vertex 2.59808 1.5 11
      vertex 2.59808 -1.5 11
      vertex 2.69062 -1.32687 11
    endloop
  endfacet
  facet normal 0 0 1
    outer loop
      vertex 2.49441 1.66671 11
      vertex 2.59808 -1.5 11
      vertex 2.59808 1.5 11
    endloop
  endfacet
  facet normal 0 0 1
    outer loop
      vertex 2.49441 1.66671 11
      vertex 2.49441 -1.66671 11
      vertex 2.59808 -1.5 11
    endloop
  endfacet
  facet normal 0 0 1
    outer loop
      vertex 2.38006 1.82628 11
      vertex 2.49441 -1.66671 11
      vertex 2.49441 1.66671 11
    endloop
  endfacet
  facet normal 0 0 1
    outer loop
      vertex 2.38006 1.82628 11
      vertex 2.38006 -1.82628 11
      vertex 2.49441 -1.66671 11
    endloop
  endfacet
  facet normal 0 0 1
    outer loop
      vertex 2.25552 1.97804 11
      vertex 2.38006 -1.82628 11
      vertex 2.38006 1.82628 11
    endloop
  endfacet
  facet normal 0 0 1
    outer loop
      vertex 2.25552 1.97804 11
      vertex 2.25552 -1.97804 11
      vertex 2.38006 -1.82628 11
    endloop
  endfacet
  facet normal 0 0 1
    outer loop
      vertex 2.12132 2.12132 11
      vertex 2.25552 -1.97804 11
      vertex 2.25552 1.97804 11
    endloop
  endfacet
  facet normal 0 0 1
    outer loop
      vertex 2.12132 2.12132 11
      vertex 2.12132 -2.12132 11
      vertex 2.25552 -1.97804 11
    endloop
  endfacet
  facet normal 0 0 1
    outer loop
      vertex 1.97804 2.25552 11
      vertex 2.12132 -2.12132 11
      vertex 2.12132 2.12132 11
    endloop
  endfacet
  facet normal 0 0 1
    outer loop
      vertex 1.97804 2.25552 11
      vertex 1.97804 -2.25552 11
      vertex 2.12132 -2.12132 11
    endloop
  endfacet
  facet normal 0 0 1
    outer loop
      vertex 1.82628 2.38006 11
      vertex 1.97804 -2.25552 11
      vertex 1.97804 2.25552 11
    endloop
  endfacet
  facet normal 0 0 1
    outer loop
      vertex 1.82628 2.38006 11
      vertex 1.82628 -2.38006 11
      vertex 1.97804 -2.25552 11
    endloop
  endfacet
  facet normal 0 0 1
    outer loop
      vertex 1.66671 2.49441 11
      vertex 1.82628 -2.38006 11
      vertex 1.82628 2.38006 11
    endloop
  endfacet
  facet normal 0 0 1
    outer loop
      vertex 1.66671 2.49441 11
      vertex 1.66671 -2.49441 11
      vertex 1.82628 -2.38006 11
    endloop
  endfacet
  facet normal 0 0 1
    outer loop
      vertex 1.5 2.59808 11
      vertex 1.66671 -2.49441 11
      vertex 1.66671 2.49441 11
    endloop
  endfacet
  facet normal 0 0 1
    outer loop
      vertex 1.5 2.59808 11
      vertex 1.5 -2.59808 11
      vertex 1.66671 -2.49441 11
    endloop
  endfacet
  facet normal 0 0 1
    outer loop
      vertex 1.32687 2.69062 11
      vertex 1.5 -2.59808 11
      vertex 1.5 2.59808 11
    endloop
  endfacet
  facet normal 0 0 1
    outer loop
      vertex 1.32687 2.69062 11
      vertex 1.32687 -2.69062 11
      vertex 1.5 -2.59808 11
    endloop
  endfacet
  facet normal 0 0 1
    outer loop
      vertex 1.14805 2.77164 11
      vertex 1.32687 -2.69062 11
      vertex 1.32687 2.69062 11
    endloop
  endfacet
  facet normal 0 0 1
    outer loop
      vertex 1.14805 2.77164 11
      vertex 1.14805 -2.77164 11
      vertex 1.32687 -2.69062 11
    endloop
  endfacet
  facet normal 0 0 1
    outer loop
      vertex 0.964318 2.84079 11
      vertex 1.14805 -2.77164 11
      vertex 1.14805 2.77164 11
    endloop
  endfacet
  facet normal 0 0 1
    outer loop
      vertex 0.964318 2.84079 11
      vertex 0.964318 -2.84079 11
      vertex 1.14805 -2.77164 11
    endloop
  endfacet
  facet normal 0 0 1
    outer loop
      vertex 0.776457 2.89778 11
      vertex 0.964318 -2.84079 11
      vertex 0.964318 2.84079 11
    endloop
  endfacet
  facet normal 0 0 1
    outer loop
      vertex 0.776457 2.89778 11
      vertex 0.776457 -2.89778 11
      vertex 0.964318 -2.84079 11
    endloop
  endfacet
  facet normal 0 0 1
    outer loop
      vertex 0.585271 2.94236 11
      vertex 0.776457 -2.89778 11
      vertex 0.776457 2.89778 11
    endloop
  endfacet
  facet normal 0 0 1
    outer loop
      vertex 0.585271 2.94236 11
      vertex 0.585271 -2.94236 11
      vertex 0.776457 -2.89778 11
    endloop
  endfacet
  facet normal 0 0 1
    outer loop
      vertex 0.391578 2.97433 11
      vertex 0.585271 -2.94236 11
      vertex 0.585271 2.94236 11
    endloop
  endfacet
  facet normal 0 0 1
    outer loop
      vertex 0.391578 2.97433 11
      vertex 0.391578 -2.97433 11
      vertex 0.585271 -2.94236 11
    endloop
  endfacet
  facet normal 0 0 1
    outer loop
      vertex 0.196209 2.99358 11
      vertex 0.391578 -2.97433 11
      vertex 0.391578 2.97433 11
    endloop
  endfacet
  facet normal 0 0 1
    outer loop
      vertex 0.196209 2.99358 11
      vertex 0.196209 -2.99358 11
      vertex 0.391578 -2.97433 11
    endloop
  endfacet
  facet normal 0 0 1
    outer loop
      vertex 0 3 11
      vertex 0.196209 -2.99358 11
      vertex 0.196209 2.99358 11
    endloop
  endfacet
  facet normal 0 0 1
    outer loop
      vertex 0 3 11
      vertex 0 -3 11
      vertex 0.196209 -2.99358 11
    endloop
  endfacet
  facet normal -0 0 1
    outer loop
      vertex -0.196209 2.99358 11
      vertex 0 -3 11
      vertex 0 3 11
    endloop
  endfacet
  facet normal 0 0 1
    outer loop
      vertex -0.196209 2.99358 11
      vertex -0.196209 -2.99358 11
      vertex 0 -3 11
    endloop
  endfacet
  facet normal -0 0 1
    outer loop
      vertex -0.391578 2.97433 11
      vertex -0.196209 -2.99358 11
      vertex -0.196209 2.99358 11
    endloop
  endfacet
  facet normal 0 0 1
    outer loop
      vertex -0.391578 2.97433 11
      vertex -0.391578 -2.97433 11
      vertex -0.196209 -2.99358 11
    endloop
  endfacet
  facet normal -0 0 1
    outer loop
      vertex -0.585271 2.94236 11
      vertex -0.391578 -2.97433 11
      vertex -0.391578 2.97433 11
    endloop
  endfacet
  facet normal 0 0 1
    outer loop
      vertex -0.585271 2.94236 11
      vertex -0.585271 -2.94236 11
      vertex -0.391578 -2.97433 11
    endloop
  endfacet
  facet normal -0 0 1
    outer loop
      vertex -0.776457 2.89778 11
      vertex -0.585271 -2.94236 11
      vertex -0.585271 2.94236 11
    endloop
  endfacet
  facet normal 0 0 1
    outer loop
      vertex -0.776457 2.89778 11
      vertex -0.776457 -2.89778 11
      vertex -0.585271 -2.94236 11
    endloop
  endfacet
  facet normal -0 0 1
    outer loop
      vertex -0.964318 2.84079 11
      vertex -0.776457 -2.89778 11
      vertex -0.776457 2.89778 11
    endloop
  endfacet
  facet normal 0 0 1
    outer loop
      vertex -0.964318 2.84079 11
      vertex -0.964318 -2.84079 11
      vertex -0.776457 -2.89778 11
    endloop
  endfacet
  facet normal -0 0 1
    outer loop
      vertex -1.14805 2.77164 11
      vertex -0.964318 -2.84079 11
      vertex -0.964318 2.84079 11
    endloop
  endfacet
  facet normal 0 0 1
    outer loop
      vertex -1.14805 2.77164 11
      vertex -1.14805 -2.77164 11
      vertex -0.964318 -2.84079 11
    endloop
  endfacet
  facet normal -0 0 1
    outer loop
      vertex -1.32687 2.69062 11
      vertex -1.14805 -2.77164 11
      vertex -1.14805 2.77164 11
    endloop
  endfacet
  facet normal 0 0 1
    outer loop
      vertex -1.32687 2.69062 11
      vertex -1.32687 -2.69062 11
      vertex -1.14805 -2.77164 11
    endloop
  endfacet
  facet normal -0 0 1
    outer loop
      vertex -1.5 2.59808 11
      vertex -1.32687 -2.69062 11
      vertex -1.32687 2.69062 11
    endloop
  endfacet
  facet normal 0 0 1
    outer loop
      vertex -1.5 2.59808 11
      vertex -1.5 -2.59808 11
      vertex -1.32687 -2.69062 11
    endloop
  endfacet
  facet normal -0 0 1
    outer loop
      vertex -1.66671 2.49441 11
      vertex -1.5 -2.59808 11
      vertex -1.5 2.59808 11
    endloop
  endfacet
  facet normal 0 0 1
    outer loop
      vertex -1.66671 2.49441 11
      vertex -1.66671 -2.49441 11
      vertex -1.5 -2.59808 11
    endloop
  endfacet
  facet normal -0 0 1
    outer loop
      vertex -1.82628 2.38006 11
      vertex -1.66671 -2.49441 11
      vertex -1.66671 2.49441 11
    endloop
  endfacet
  facet normal 0 0 1
    outer loop
      vertex -1.82628 2.38006 11
      vertex -1.82628 -2.38006 11
      vertex -1.66671 -2.49441 11
    endloop
  endfacet
  facet normal -0 0 1
    outer loop
      vertex -1.97804 2.25552 11
      vertex -1.82628 -2.38006 11
      vertex -1.82628 2.38006 11
    endloop
  endfacet
  facet normal 0 0 1
    outer loop
      vertex -1.97804 2.25552 11
      vertex -1.97804 -2.25552 11
      vertex -1.82628 -2.38006 11
    endloop
  endfacet
  facet normal -0 0 1
    outer loop
      vertex -2.12132 2.12132 11
      vertex -1.97804 -2.25552 11
      vertex -1.97804 2.25552 11
    endloop
  endfacet
  facet normal 0 0 1
    outer loop
      vertex -2.12132 2.12132 11
      vertex -2.12132 -2.12132 11
      vertex -1.97804 -2.25552 11
    endloop
  endfacet
  facet normal -0 0 1
    outer loop
      vertex -2.25552 1.97804 11
      vertex -2.12132 -2.12132 11
      vertex -2.12132 2.12132 11
    endloop
  endfacet
  facet normal 0 0 1
    outer loop
      vertex -2.25552 1.97804 11
      vertex -2.25552 -1.97804 11
      vertex -2.12132 -2.12132 11
    endloop
  endfacet
  facet normal -0 0 1
    outer loop
      vertex -2.38006 1.82628 11
      vertex -2.25552 -1.97804 11
      vertex -2.25552 1.97804 11
    endloop
  endfacet
  facet normal 0 0 1
    outer loop
      vertex -2.38006 1.82628 11
      vertex -2.38006 -1.82628 11
      vertex -2.25552 -1.97804 11
    endloop
  endfacet
  facet normal -0 0 1
    outer loop
      vertex -2.49441 1.66671 11
      vertex -2.38006 -1.82628 11
      vertex -2.38006 1.82628 11
    endloop
  endfacet
  facet normal 0 0 1
    outer loop
      vertex -2.49441 1.66671 11
      vertex -2.49441 -1.66671 11
      vertex -2.38006 -1.82628 11
    endloop
  endfacet
  facet normal -0 0 1
    outer loop
      vertex -2.59808 1.5 11
      vertex -2.49441 -1.66671 11
      vertex -2.49441 1.66671 11
    endloop
  endfacet
  facet normal 0 0 1
    outer loop
      vertex -2.59808 1.5 11
      vertex -2.59808 -1.5 11
      vertex -2.49441 -1.66671 11
    endloop
  endfacet
  facet normal -0 0 1
    outer loop
      vertex -2.69062 1.32687 11
      vertex -2.59808 -1.5 11
      vertex -2.59808 1.5 11
    endloop
  endfacet
  facet normal 0 0 1
    outer loop
      vertex -2.69062 1.32687 11
      vertex -2.69062 -1.32687 11
      vertex -2.59808 -1.5 11
    endloop
  endfacet
  facet normal -0 0 1
    outer loop
      vertex -2.77164 1.14805 11
      vertex -2.69062 -1.32687 11
      vertex -2.69062 1.32687 11
    endloop
  endfacet
  facet normal 0 0 1
    outer loop
      vertex -2.77164 1.14805 11
      vertex -2.77164 -1.14805 11
      vertex -2.69062 -1.32687 11
    endloop
  endfacet
  facet normal -0 0 1
    outer loop
      vertex -2.84079 0.964318 11
      vertex -2.77164 -1.14805 11
      vertex -2.77164 1.14805 11
    endloop
  endfacet
  facet normal 0 0 1
    outer loop
      vertex -2.84079 0.964318 11
      vertex -2.84079 -0.964318 11
      vertex -2.77164 -1.14805 11
    endloop
  endfacet
  facet normal -0 0 1
    outer loop
      vertex -2.89778 0.776457 11
      vertex -2.84079 -0.964318 11
      vertex -2.84079 0.964318 11
    endloop
  endfacet
  facet normal 0 0 1
    outer loop
      vertex -2.89778 0.776457 11
      vertex -2.89778 -0.776457 11
      vertex -2.84079 -0.964318 11
    endloop
  endfacet
  facet normal -0 0 1
    outer loop
      vertex -2.94236 0.585271 11
      vertex -2.89778 -0.776457 11
      vertex -2.89778 0.776457 11
    endloop
  endfacet
  facet normal 0 0 1
    outer loop
      vertex -2.94236 0.585271 11
      vertex -2.94236 -0.585271 11
      vertex -2.89778 -0.776457 11
    endloop
  endfacet
  facet normal -0 0 1
    outer loop
      vertex -2.97433 0.391578 11
      vertex -2.94236 -0.585271 11
      vertex -2.94236 0.585271 11
    endloop
  endfacet
  facet normal 0 0 1
    outer loop
      vertex -2.97433 0.391578 11
      vertex -2.97433 -0.391578 11
      vertex -2.94236 -0.585271 11
    endloop
  endfacet
  facet normal -0 0 1
    outer loop
      vertex -2.99358 0.196209 11
      vertex -2.97433 -0.391578 11
      vertex -2.97433 0.391578 11
    endloop
  endfacet
  facet normal 0 0 1
    outer loop
      vertex -2.99358 0.196209 11
      vertex -2.99358 -0.196209 11
      vertex -2.97433 -0.391578 11
    endloop
  endfacet
  facet normal 0 -0 1
    outer loop
      vertex -2.99358 -0.196209 11
      vertex -2.99358 0.196209 11
      vertex -3 0 11
    endloop
  endfacet
  facet normal -0.956936 0.290299 0
    outer loop
      vertex -2.89778 0.776457 4
      vertex -2.84079 0.964318 11
      vertex -2.84079 0.964318 4
    endloop
  endfacet
  facet normal -0.956936 0.290299 0
    outer loop
      vertex -2.84079 0.964318 11
      vertex -2.89778 0.776457 4
      vertex -2.89778 0.776457 11
    endloop
  endfacet
  facet normal -0.881921 0.471397 0
    outer loop
      vertex -2.69062 1.32687 4
      vertex -2.59808 1.5 11
      vertex -2.59808 1.5 4
    endloop
  endfacet
  facet normal -0.881921 0.471397 0
    outer loop
      vertex -2.59808 1.5 11
      vertex -2.69062 1.32687 4
      vertex -2.69062 1.32687 11
    endloop
  endfacet
  facet normal -0.290299 0.956936 0
    outer loop
      vertex -0.776457 2.89778 4
      vertex -0.964318 2.84079 11
      vertex -0.776457 2.89778 11
    endloop
  endfacet
  facet normal -0.290299 0.956936 0
    outer loop
      vertex -0.964318 2.84079 11
      vertex -0.776457 2.89778 4
      vertex -0.964318 2.84079 4
    endloop
  endfacet
  facet normal -0.0327027 0.999465 0
    outer loop
      vertex 0 3 4
      vertex -0.196209 2.99358 11
      vertex 0 3 11
    endloop
  endfacet
  facet normal -0.0327027 0.999465 0
    outer loop
      vertex -0.196209 2.99358 11
      vertex 0 3 4
      vertex -0.196209 2.99358 4
    endloop
  endfacet
  facet normal -0.412697 0.910868 0
    outer loop
      vertex -1.14805 2.77164 4
      vertex -1.32687 2.69062 11
      vertex -1.14805 2.77164 11
    endloop
  endfacet
  facet normal -0.412697 0.910868 0
    outer loop
      vertex -1.32687 2.69062 11
      vertex -1.14805 2.77164 4
      vertex -1.32687 2.69062 4
    endloop
  endfacet
  facet normal -0.634374 0.773026 0
    outer loop
      vertex -1.82628 2.38006 4
      vertex -1.97804 2.25552 11
      vertex -1.82628 2.38006 11
    endloop
  endfacet
  facet normal -0.634374 0.773026 0
    outer loop
      vertex -1.97804 2.25552 11
      vertex -1.82628 2.38006 4
      vertex -1.97804 2.25552 4
    endloop
  endfacet
  facet normal -0.58249 0.812838 0
    outer loop
      vertex -1.66671 2.49441 4
      vertex -1.82628 2.38006 11
      vertex -1.66671 2.49441 11
    endloop
  endfacet
  facet normal -0.58249 0.812838 0
    outer loop
      vertex -1.82628 2.38006 11
      vertex -1.66671 2.49441 4
      vertex -1.82628 2.38006 4
    endloop
  endfacet
  facet normal 0.0327027 -0.999465 0
    outer loop
      vertex 0 -3 4
      vertex 0.196209 -2.99358 11
      vertex 0 -3 11
    endloop
  endfacet
  facet normal 0.0327027 -0.999465 0
    outer loop
      vertex 0.196209 -2.99358 11
      vertex 0 -3 4
      vertex 0.196209 -2.99358 4
    endloop
  endfacet
  facet normal 0.986651 -0.162852 0
    outer loop
      vertex 2.94236 -0.585271 11
      vertex 2.97433 -0.391578 4
      vertex 2.97433 -0.391578 11
    endloop
  endfacet
  facet normal 0.986651 -0.162852 0
    outer loop
      vertex 2.97433 -0.391578 4
      vertex 2.94236 -0.585271 11
      vertex 2.94236 -0.585271 4
    endloop
  endfacet
  facet normal 0.956936 -0.290299 0
    outer loop
      vertex 2.84079 -0.964318 11
      vertex 2.89778 -0.776457 4
      vertex 2.89778 -0.776457 11
    endloop
  endfacet
  facet normal 0.956936 -0.290299 0
    outer loop
      vertex 2.89778 -0.776457 4
      vertex 2.84079 -0.964318 11
      vertex 2.84079 -0.964318 4
    endloop
  endfacet
  facet normal 0.162852 -0.986651 0
    outer loop
      vertex 0.391578 -2.97433 4
      vertex 0.585271 -2.94236 11
      vertex 0.391578 -2.97433 11
    endloop
  endfacet
  facet normal 0.162852 -0.986651 0
    outer loop
      vertex 0.585271 -2.94236 11
      vertex 0.391578 -2.97433 4
      vertex 0.585271 -2.94236 4
    endloop
  endfacet
  facet normal 0.352242 -0.935909 0
    outer loop
      vertex 0.964318 -2.84079 4
      vertex 1.14805 -2.77164 11
      vertex 0.964318 -2.84079 11
    endloop
  endfacet
  facet normal 0.352242 -0.935909 0
    outer loop
      vertex 1.14805 -2.77164 11
      vertex 0.964318 -2.84079 4
      vertex 1.14805 -2.77164 4
    endloop
  endfacet
  facet normal 0.227084 -0.973875 0
    outer loop
      vertex 0.585271 -2.94236 4
      vertex 0.776457 -2.89778 11
      vertex 0.585271 -2.94236 11
    endloop
  endfacet
  facet normal 0.227084 -0.973875 0
    outer loop
      vertex 0.776457 -2.89778 11
      vertex 0.585271 -2.94236 4
      vertex 0.776457 -2.89778 4
    endloop
  endfacet
  facet normal 0.683602 -0.729855 0
    outer loop
      vertex 1.97804 -2.25552 4
      vertex 2.12132 -2.12132 11
      vertex 1.97804 -2.25552 11
    endloop
  endfacet
  facet normal 0.683602 -0.729855 0
    outer loop
      vertex 2.12132 -2.12132 11
      vertex 1.97804 -2.25552 4
      vertex 2.12132 -2.12132 4
    endloop
  endfacet
  facet normal 0.528079 -0.849195 0
    outer loop
      vertex 1.5 -2.59808 4
      vertex 1.66671 -2.49441 11
      vertex 1.5 -2.59808 11
    endloop
  endfacet
  facet normal 0.528079 -0.849195 0
    outer loop
      vertex 1.66671 -2.49441 11
      vertex 1.5 -2.59808 4
      vertex 1.66671 -2.49441 4
    endloop
  endfacet
  facet normal 0.58249 -0.812838 0
    outer loop
      vertex 1.66671 -2.49441 4
      vertex 1.82628 -2.38006 11
      vertex 1.66671 -2.49441 11
    endloop
  endfacet
  facet normal 0.58249 -0.812838 0
    outer loop
      vertex 1.82628 -2.38006 11
      vertex 1.66671 -2.49441 4
      vertex 1.82628 -2.38006 4
    endloop
  endfacet
  facet normal 0.910868 -0.412697 0
    outer loop
      vertex 2.69062 -1.32687 11
      vertex 2.77164 -1.14805 4
      vertex 2.77164 -1.14805 11
    endloop
  endfacet
  facet normal 0.910868 -0.412697 0
    outer loop
      vertex 2.77164 -1.14805 4
      vertex 2.69062 -1.32687 11
      vertex 2.69062 -1.32687 4
    endloop
  endfacet
  facet normal 0.881921 -0.471397 0
    outer loop
      vertex 2.59808 -1.5 11
      vertex 2.69062 -1.32687 4
      vertex 2.69062 -1.32687 11
    endloop
  endfacet
  facet normal 0.881921 -0.471397 0
    outer loop
      vertex 2.69062 -1.32687 4
      vertex 2.59808 -1.5 11
      vertex 2.59808 -1.5 4
    endloop
  endfacet
  facet normal 0.935909 -0.352242 0
    outer loop
      vertex 2.77164 -1.14805 11
      vertex 2.84079 -0.964318 4
      vertex 2.84079 -0.964318 11
    endloop
  endfacet
  facet normal 0.935909 -0.352242 0
    outer loop
      vertex 2.84079 -0.964318 4
      vertex 2.77164 -1.14805 11
      vertex 2.77164 -1.14805 4
    endloop
  endfacet
  facet normal 0.849195 -0.528079 0
    outer loop
      vertex 2.49441 -1.66671 11
      vertex 2.59808 -1.5 4
      vertex 2.59808 -1.5 11
    endloop
  endfacet
  facet normal 0.849195 -0.528079 0
    outer loop
      vertex 2.59808 -1.5 4
      vertex 2.49441 -1.66671 11
      vertex 2.49441 -1.66671 4
    endloop
  endfacet
  facet normal -0.0980567 -0.995181 0
    outer loop
      vertex -0.391578 -2.97433 4
      vertex -0.196209 -2.99358 11
      vertex -0.391578 -2.97433 11
    endloop
  endfacet
  facet normal -0.0980567 -0.995181 -0
    outer loop
      vertex -0.196209 -2.99358 11
      vertex -0.391578 -2.97433 4
      vertex -0.196209 -2.99358 4
    endloop
  endfacet
  facet normal -0.290299 -0.956936 0
    outer loop
      vertex -0.964318 -2.84079 4
      vertex -0.776457 -2.89778 11
      vertex -0.964318 -2.84079 11
    endloop
  endfacet
  facet normal -0.290299 -0.956936 -0
    outer loop
      vertex -0.776457 -2.89778 11
      vertex -0.964318 -2.84079 4
      vertex -0.776457 -2.89778 4
    endloop
  endfacet
  facet normal -0.471397 -0.881921 0
    outer loop
      vertex -1.5 -2.59808 4
      vertex -1.32687 -2.69062 11
      vertex -1.5 -2.59808 11
    endloop
  endfacet
  facet normal -0.471397 -0.881921 -0
    outer loop
      vertex -1.32687 -2.69062 11
      vertex -1.5 -2.59808 4
      vertex -1.32687 -2.69062 4
    endloop
  endfacet
  facet normal -0.634374 -0.773026 0
    outer loop
      vertex -1.97804 -2.25552 4
      vertex -1.82628 -2.38006 11
      vertex -1.97804 -2.25552 11
    endloop
  endfacet
  facet normal -0.634374 -0.773026 -0
    outer loop
      vertex -1.82628 -2.38006 11
      vertex -1.97804 -2.25552 4
      vertex -1.82628 -2.38006 4
    endloop
  endfacet
  facet normal -0.58249 -0.812838 0
    outer loop
      vertex -1.82628 -2.38006 4
      vertex -1.66671 -2.49441 11
      vertex -1.82628 -2.38006 11
    endloop
  endfacet
  facet normal -0.58249 -0.812838 -0
    outer loop
      vertex -1.66671 -2.49441 11
      vertex -1.82628 -2.38006 4
      vertex -1.66671 -2.49441 4
    endloop
  endfacet
  facet normal -0.973875 -0.227084 0
    outer loop
      vertex -2.89778 -0.776457 4
      vertex -2.94236 -0.585271 11
      vertex -2.94236 -0.585271 4
    endloop
  endfacet
  facet normal -0.973875 -0.227084 0
    outer loop
      vertex -2.94236 -0.585271 11
      vertex -2.89778 -0.776457 4
      vertex -2.89778 -0.776457 11
    endloop
  endfacet
  facet normal -0.986651 -0.162852 0
    outer loop
      vertex -2.94236 -0.585271 4
      vertex -2.97433 -0.391578 11
      vertex -2.97433 -0.391578 4
    endloop
  endfacet
  facet normal -0.986651 -0.162852 0
    outer loop
      vertex -2.97433 -0.391578 11
      vertex -2.94236 -0.585271 4
      vertex -2.94236 -0.585271 11
    endloop
  endfacet
  facet normal -0.995181 -0.0980567 0
    outer loop
      vertex -2.97433 -0.391578 4
      vertex -2.99358 -0.196209 11
      vertex -2.99358 -0.196209 4
    endloop
  endfacet
  facet normal -0.995181 -0.0980567 0
    outer loop
      vertex -2.99358 -0.196209 11
      vertex -2.97433 -0.391578 4
      vertex -2.97433 -0.391578 11
    endloop
  endfacet
  facet normal -0.910868 -0.412697 0
    outer loop
      vertex -2.69062 -1.32687 4
      vertex -2.77164 -1.14805 11
      vertex -2.77164 -1.14805 4
    endloop
  endfacet
  facet normal -0.910868 -0.412697 0
    outer loop
      vertex -2.77164 -1.14805 11
      vertex -2.69062 -1.32687 4
      vertex -2.69062 -1.32687 11
    endloop
  endfacet
  facet normal -0.849195 -0.528079 0
    outer loop
      vertex -2.49441 -1.66671 4
      vertex -2.59808 -1.5 11
      vertex -2.59808 -1.5 4
    endloop
  endfacet
  facet normal -0.849195 -0.528079 0
    outer loop
      vertex -2.59808 -1.5 11
      vertex -2.49441 -1.66671 4
      vertex -2.49441 -1.66671 11
    endloop
  endfacet
  facet normal -0.881921 -0.471397 0
    outer loop
      vertex -2.59808 -1.5 4
      vertex -2.69062 -1.32687 11
      vertex -2.69062 -1.32687 4
    endloop
  endfacet
  facet normal -0.881921 -0.471397 0
    outer loop
      vertex -2.69062 -1.32687 11
      vertex -2.59808 -1.5 4
      vertex -2.59808 -1.5 11
    endloop
  endfacet
  facet normal -0.812838 -0.58249 0
    outer loop
      vertex -2.38006 -1.82628 4
      vertex -2.49441 -1.66671 11
      vertex -2.49441 -1.66671 4
    endloop
  endfacet
  facet normal -0.812838 -0.58249 0
    outer loop
      vertex -2.49441 -1.66671 11
      vertex -2.38006 -1.82628 4
      vertex -2.38006 -1.82628 11
    endloop
  endfacet
  facet normal -0.773026 -0.634374 0
    outer loop
      vertex -2.25552 -1.97804 4
      vertex -2.38006 -1.82628 11
      vertex -2.38006 -1.82628 4
    endloop
  endfacet
  facet normal -0.773026 -0.634374 0
    outer loop
      vertex -2.38006 -1.82628 11
      vertex -2.25552 -1.97804 4
      vertex -2.25552 -1.97804 11
    endloop
  endfacet
  facet normal 0.849195 0.528079 0
    outer loop
      vertex 2.59808 1.5 11
      vertex 2.49441 1.66671 4
      vertex 2.49441 1.66671 11
    endloop
  endfacet
  facet normal 0.849195 0.528079 0
    outer loop
      vertex 2.49441 1.66671 4
      vertex 2.59808 1.5 11
      vertex 2.59808 1.5 4
    endloop
  endfacet
  facet normal -0.773026 0.634374 0
    outer loop
      vertex -2.38006 1.82628 4
      vertex -2.25552 1.97804 11
      vertex -2.25552 1.97804 4
    endloop
  endfacet
  facet normal -0.773026 0.634374 0
    outer loop
      vertex -2.25552 1.97804 11
      vertex -2.38006 1.82628 4
      vertex -2.38006 1.82628 11
    endloop
  endfacet
  facet normal -0.227084 0.973875 0
    outer loop
      vertex -0.585271 2.94236 4
      vertex -0.776457 2.89778 11
      vertex -0.585271 2.94236 11
    endloop
  endfacet
  facet normal -0.227084 0.973875 0
    outer loop
      vertex -0.776457 2.89778 11
      vertex -0.585271 2.94236 4
      vertex -0.776457 2.89778 4
    endloop
  endfacet
  facet normal 0.973875 -0.227084 0
    outer loop
      vertex 2.89778 -0.776457 11
      vertex 2.94236 -0.585271 4
      vertex 2.94236 -0.585271 11
    endloop
  endfacet
  facet normal 0.973875 -0.227084 0
    outer loop
      vertex 2.94236 -0.585271 4
      vertex 2.89778 -0.776457 11
      vertex 2.89778 -0.776457 4
    endloop
  endfacet
  facet normal 0.0980567 -0.995181 0
    outer loop
      vertex 0.196209 -2.99358 4
      vertex 0.391578 -2.97433 11
      vertex 0.196209 -2.99358 11
    endloop
  endfacet
  facet normal 0.0980567 -0.995181 0
    outer loop
      vertex 0.391578 -2.97433 11
      vertex 0.196209 -2.99358 4
      vertex 0.391578 -2.97433 4
    endloop
  endfacet
  facet normal 0.412697 -0.910868 0
    outer loop
      vertex 1.14805 -2.77164 4
      vertex 1.32687 -2.69062 11
      vertex 1.14805 -2.77164 11
    endloop
  endfacet
  facet normal 0.412697 -0.910868 0
    outer loop
      vertex 1.32687 -2.69062 11
      vertex 1.14805 -2.77164 4
      vertex 1.32687 -2.69062 4
    endloop
  endfacet
  facet normal 0.290299 -0.956936 0
    outer loop
      vertex 0.776457 -2.89778 4
      vertex 0.964318 -2.84079 11
      vertex 0.776457 -2.89778 11
    endloop
  endfacet
  facet normal 0.290299 -0.956936 0
    outer loop
      vertex 0.964318 -2.84079 11
      vertex 0.776457 -2.89778 4
      vertex 0.964318 -2.84079 4
    endloop
  endfacet
  facet normal 0.729855 -0.683602 0
    outer loop
      vertex 2.12132 -2.12132 11
      vertex 2.25552 -1.97804 4
      vertex 2.25552 -1.97804 11
    endloop
  endfacet
  facet normal 0.729855 -0.683602 0
    outer loop
      vertex 2.25552 -1.97804 4
      vertex 2.12132 -2.12132 11
      vertex 2.12132 -2.12132 4
    endloop
  endfacet
  facet normal 0.812838 -0.58249 0
    outer loop
      vertex 2.38006 -1.82628 11
      vertex 2.49441 -1.66671 4
      vertex 2.49441 -1.66671 11
    endloop
  endfacet
  facet normal 0.812838 -0.58249 0
    outer loop
      vertex 2.49441 -1.66671 4
      vertex 2.38006 -1.82628 11
      vertex 2.38006 -1.82628 4
    endloop
  endfacet
  facet normal -0.227084 -0.973875 0
    outer loop
      vertex -0.776457 -2.89778 4
      vertex -0.585271 -2.94236 11
      vertex -0.776457 -2.89778 11
    endloop
  endfacet
  facet normal -0.227084 -0.973875 -0
    outer loop
      vertex -0.585271 -2.94236 11
      vertex -0.776457 -2.89778 4
      vertex -0.585271 -2.94236 4
    endloop
  endfacet
  facet normal -0.956936 -0.290299 0
    outer loop
      vertex -2.84079 -0.964318 4
      vertex -2.89778 -0.776457 11
      vertex -2.89778 -0.776457 4
    endloop
  endfacet
  facet normal -0.956936 -0.290299 0
    outer loop
      vertex -2.89778 -0.776457 11
      vertex -2.84079 -0.964318 4
      vertex -2.84079 -0.964318 11
    endloop
  endfacet
  facet normal 0.999465 -0.0327027 0
    outer loop
      vertex 2.99358 -0.196209 11
      vertex 3 0 4
      vertex 3 0 11
    endloop
  endfacet
  facet normal 0.999465 -0.0327027 0
    outer loop
      vertex 3 0 4
      vertex 2.99358 -0.196209 11
      vertex 2.99358 -0.196209 4
    endloop
  endfacet
endsolid OpenSCAD_Model
